2026-06-02 09:42:53 [self-0001-1-city] Connected
2026-06-02 09:42:53 [self-0001-1-city] Room: https://bot.generals.io/games/TillTestRoom123_self_20260602_094252_0001
2026-06-02 09:42:53 [self-0001-1-city] Reserve ab sichtbarem Turn: 232
2026-06-02 09:42:53 [self-0001-1-city] City-Fokus ab sichtbarem Turn: 56
2026-06-02 09:42:53 [self-0001-1-city] General-Angriff ab sichtbarem Turn: 166
2026-06-02 09:42:53 [self-0001-1-city] Connected
2026-06-02 09:42:53 [self-0001-1-city] Connected
2026-06-02 09:42:53 [self-0001-1-city] Room: https://bot.generals.io/games/TillTestRoom123_self_20260602_094252_0001
2026-06-02 09:42:53 [self-0001-1-city] Room: https://bot.generals.io/games/TillTestRoom123_self_20260602_094252_0001
2026-06-02 09:42:53 [self-0001-1-city] Reserve ab sichtbarem Turn: 140
2026-06-02 09:42:53 [self-0001-1-city] Reserve ab sichtbarem Turn: 111
2026-06-02 09:42:53 [self-0001-1-city] City-Fokus ab sichtbarem Turn: 30
2026-06-02 09:42:53 [self-0001-1-city] City-Fokus ab sichtbarem Turn: 35
2026-06-02 09:42:53 [self-0001-1-city] General-Angriff ab sichtbarem Turn: 130
2026-06-02 09:42:53 [self-0001-1-city] General-Angriff ab sichtbarem Turn: 215
2026-06-02 09:42:54 [self-0001-1-city] SET_USERNAME: ['error_set_username', 'You already have a username! Only Supporters can change usernames.']
2026-06-02 09:42:54 [self-0001-1-city] SET_USERNAME: ['error_set_username', 'You already have a username! Only Supporters can change usernames.']
2026-06-02 09:42:54 [self-0001-1-city] SET_USERNAME: ['error_set_username', 'You already have a username! Only Supporters can change usernames.']
2026-06-02 09:42:54 [self-0001-1-city] JOIN_PRIVATE: ['chat_message', 'chat_custom_queue_TillTestRoom123_self_20260602_094252_0001', {'text': 'T1LL4_Self_02 joined the custom lobby.'}]
2026-06-02 09:42:54 [self-0001-1-city] EVENT: ['queue_update', {'playerIndices': [0], 'playerColors': [0], 'lobbyIndex': 0, 'isForcing': False, 'numPlayers': 1, 'numForce': [], 'playerCap': 16, 'teamSize': 1, 'teams': [1], 'usernames': ['T1LL4_Self_02'], 'options': {'map': None, 'modifiers': []}, 'owner': 0, 'bans': [], 'kicks': []}]
2026-06-02 09:42:54 [self-0001-1-city] EVENT: ['chat_message', 'chat_custom_queue_TillTestRoom123_self_20260602_094252_0001', {'text': 'T1LL4_Self_02 is the lobby owner.', 'multiText': ['T1LL4_Self_02', ' is the lobby owner.'], 'multiColors': [0, None]}]
2026-06-02 09:42:54 [self-0001-1-city] EVENT: ['chat_message', 'chat_custom_queue_TillTestRoom123_self_20260602_094252_0001', {'text': 'T1LL4_Self_01 joined the custom lobby.'}]
2026-06-02 09:42:54 [self-0001-1-city] EVENT: ['queue_update', {'playerIndices': [0], 'playerColors': [0], 'lobbyIndex': 0, 'isForcing': False, 'numPlayers': 1, 'numForce': [], 'playerCap': 16, 'teamSize': 1, 'teams': [1], 'usernames': ['T1LL4_Self_02'], 'options': {'map': None, 'modifiers': []}, 'owner': 0, 'bans': [], 'kicks': []}]
2026-06-02 09:42:54 [self-0001-1-city] EVENT: ['notify', 'T1LL4_Self_01 joined the custom game', 'There are now 1 players in the lobby.']
2026-06-02 09:42:54 [self-0001-1-city] EVENT: ['queue_update', {'playerIndices': [0, 1], 'playerColors': [0, 1], 'lobbyIndex': 0, 'isForcing': False, 'numPlayers': 2, 'numForce': [], 'playerCap': 16, 'teamSize': 1, 'teams': [1, 2], 'usernames': ['T1LL4_Self_02', 'T1LL4_Self_01'], 'options': {'map': None, 'modifiers': []}, 'owner': 0, 'bans': [], 'kicks': []}]
2026-06-02 09:42:54 [self-0001-1-city] EVENT: ['chat_message', 'chat_custom_queue_TillTestRoom123_self_20260602_094252_0001', {'text': 'T1LL4_Self_01 joined the custom lobby.'}]
2026-06-02 09:42:54 [self-0001-1-city] EVENT: ['queue_update', {'playerIndices': [0, 1], 'playerColors': [0, 1], 'lobbyIndex': 0, 'isForcing': False, 'numPlayers': 2, 'numForce': [], 'playerCap': 16, 'teamSize': 1, 'teams': [1, 2], 'usernames': ['T1LL4_Self_02', 'T1LL4_Self_01'], 'options': {'map': None, 'modifiers': []}, 'owner': 0, 'bans': [], 'kicks': []}]
2026-06-02 09:42:54 [self-0001-1-city] EVENT: ['notify', 'T1LL4_Self_01 joined the custom game', 'There are now 2 players in the lobby.']
2026-06-02 09:42:54 [self-0001-1-city] EVENT: ['chat_message', 'chat_custom_queue_TillTestRoom123_self_20260602_094252_0001', {'text': 'T1LL4_Self_01 joined the custom lobby.'}]
2026-06-02 09:42:54 [self-0001-1-city] EVENT: ['queue_update', {'playerIndices': [0, 1], 'playerColors': [0, 1], 'lobbyIndex': 0, 'isForcing': False, 'numPlayers': 2, 'numForce': [], 'playerCap': 16, 'teamSize': 1, 'teams': [1, 2], 'usernames': ['T1LL4_Self_02', 'T1LL4_Self_01'], 'options': {'map': None, 'modifiers': []}, 'owner': 0, 'bans': [], 'kicks': []}]
2026-06-02 09:42:54 [self-0001-1-city] EVENT: ['notify', 'T1LL4_Self_01 joined the custom game', 'There are now 2 players in the lobby.']
2026-06-02 09:42:54 [self-0001-1-city] EVENT: ['chat_message', 'chat_custom_queue_TillTestRoom123_self_20260602_094252_0001', {'text': 'T1LL4_Self_02 joined the custom lobby.'}]
2026-06-02 09:42:54 [self-0001-1-city] JOIN_PRIVATE: ['chat_message', 'chat_custom_queue_TillTestRoom123_self_20260602_094252_0001', {'text': 'T1LL4_Self_02 joined the custom lobby.'}]
2026-06-02 09:42:54 [self-0001-1-city] JOIN_PRIVATE: ['chat_message', 'chat_custom_queue_TillTestRoom123_self_20260602_094252_0001', {'text': 'T1LL4_Self_02 joined the custom lobby.'}]
2026-06-02 09:42:54 [self-0001-1-city] EVENT: ['error_user_id']
2026-06-02 09:42:54 [self-0001-1-city] EVENT: ['chat_message', 'chat_custom_queue_TillTestRoom123_self_20260602_094252_0001', {'text': 'T1LL4_Self_02 joined the custom lobby.'}]
2026-06-02 09:42:54 [self-0001-1-city] EVENT: ['chat_message', 'chat_custom_queue_TillTestRoom123_self_20260602_094252_0001', {'text': 'T1LL4_Self_02 joined the custom lobby.'}]
2026-06-02 09:42:54 [self-0001-1-city] EVENT: ['error_user_id']
2026-06-02 09:42:54 [self-0001-1-city] EVENT: ['queue_update', {'playerIndices': [0, 1], 'playerColors': [0, 1], 'lobbyIndex': 0, 'isForcing': False, 'numPlayers': 2, 'numForce': [], 'playerCap': 16, 'teamSize': 1, 'teams': [1, 2], 'usernames': ['T1LL4_Self_02', 'T1LL4_Self_01'], 'options': {'map': None, 'modifiers': []}, 'owner': 0, 'bans': [], 'kicks': []}]
2026-06-02 09:42:54 [self-0001-1-city] EVENT: ['notify', 'T1LL4_Self_02 joined the custom game', 'There are now 2 players in the lobby.']
2026-06-02 09:42:54 [self-0001-1-city] EVENT: ['chat_message', 'chat_custom_queue_TillTestRoom123_self_20260602_094252_0001', {'text': 'T1LL4_Self_02 joined the custom lobby.'}]
2026-06-02 09:42:54 [self-0001-1-city] EVENT: ['queue_update', {'playerIndices': [0, 1], 'playerColors': [0, 1], 'lobbyIndex': 0, 'isForcing': False, 'numPlayers': 2, 'numForce': [], 'playerCap': 16, 'teamSize': 1, 'teams': [1, 2], 'usernames': ['T1LL4_Self_02', 'T1LL4_Self_01'], 'options': {'map': None, 'modifiers': []}, 'owner': 0, 'bans': [], 'kicks': []}]
2026-06-02 09:42:54 [self-0001-1-city] EVENT: ['notify', 'T1LL4_Self_02 joined the custom game', 'There are now 2 players in the lobby.']
2026-06-02 09:42:54 [self-0001-1-city] EVENT: ['queue_update', {'playerIndices': [0, 1], 'playerColors': [0, 1], 'lobbyIndex': 0, 'isForcing': True, 'numPlayers': 2, 'numForce': [0], 'playerCap': 16, 'teamSize': 1, 'teams': [1, 2], 'usernames': ['T1LL4_Self_02', 'T1LL4_Self_01'], 'options': {'map': None, 'modifiers': []}, 'owner': 0, 'bans': [], 'kicks': []}]
2026-06-02 09:42:54 [self-0001-1-city] EVENT: ['pre_game_start']
2026-06-02 09:42:56 [self-0001-1-city] EVENT: ['game_start', {'playerIndex': 0, 'playerColors': [0, 1], 'replay_id': 'HQpH2L14h', 'chat_room': 'game_1780386174891dV85PXMP1qYFb-ezAAZi', 'usernames': ['T1LL4_Self_02', 'T1LL4_Self_01'], 'teams': [1, 2], 'game_type': 'custom', 'swamps': [], 'lights': [], 'options': {'map': None, 'width': None, 'height': None, 'game_speed': None, 'modifiers': [], 'mountain_density': None, 'city_density': None, 'lookout_density': None, 'observatory_density': None, 'swamp_density': None, 'desert_density': None, 'max_players': None, 'city_fairness': None, 'spawn_fairness': None, 'defeat_spectate': None, 'spectate_chat': None, 'public': None, 'chatRecordingDisabled': None, 'eventId': None}, 'queue_chat': None}, None]
2026-06-02 09:42:56 [self-0001-1-city] GAME START!
2026-06-02 09:42:56 [self-0001-1-city] My player index: 0
2026-06-02 09:42:56 [self-0001-1-city] Replay: https://bot.generals.io/replays/HQpH2L14h
2026-06-02 09:42:56 [self-0001-1-city] Enemy general guess: 370 Confidence: 0.39 Grund: rotated spawn, distance 18 near expected 22, unseen tile, far from center bei eigener Position 28 Map: 19x21
2026-06-02 09:42:56 [self-0001-1-city] My general index: 28
2026-06-02 09:42:56 [self-0001-1-city] Enemy general index: None
2026-06-02 09:42:56 [self-0001-1-city] Visible enemy tiles: 0
2026-06-02 09:42:56 [self-0001-1-city] Tiles: 1 / 1
2026-06-02 09:42:56 [self-0001-1-city] Map: 19 x 21 Turn: 1
2026-06-02 09:42:56 [self-0001-1-city] Route planned: Target = 370 Mode = strategy city-free reachable tiles = 291 Fallback-Tiles = 291
2026-06-02 09:42:56 [self-0001-1-city] Waiting until turn 10: turn 1, general has 1 units
2026-06-02 09:42:56 [self-0001-1-city] EVENT: ['chat_message', 'game_1780386174891dV85PXMP1qYFb-ezAAZi', {'text': ' Chat is being recorded.'}]
2026-06-02 09:42:57 [self-0001-1-city] My general index: 28
2026-06-02 09:42:57 [self-0001-1-city] Enemy general index: None
2026-06-02 09:42:57 [self-0001-1-city] Visible enemy tiles: 0
2026-06-02 09:42:57 [self-0001-1-city] Tiles: 1 / 1
2026-06-02 09:42:57 [self-0001-1-city] Map: 19 x 21 Turn: 2
2026-06-02 09:42:57 [self-0001-1-city] Route planned: Target = 370 Mode = strategy city-free reachable tiles = 291 Fallback-Tiles = 291
2026-06-02 09:42:57 [self-0001-1-city] Waiting until turn 10: turn 1, general has 2 units
2026-06-02 09:42:57 [self-0001-1-city] My general index: 28
2026-06-02 09:42:57 [self-0001-1-city] Enemy general index: None
2026-06-02 09:42:57 [self-0001-1-city] Visible enemy tiles: 0
2026-06-02 09:42:57 [self-0001-1-city] Tiles: 1 / 1
2026-06-02 09:42:57 [self-0001-1-city] Map: 19 x 21 Turn: 3
2026-06-02 09:42:57 [self-0001-1-city] Route planned: Target = 370 Mode = strategy city-free reachable tiles = 291 Fallback-Tiles = 291
2026-06-02 09:42:57 [self-0001-1-city] Waiting until turn 10: turn 2, general has 2 units
2026-06-02 09:42:58 [self-0001-1-city] My general index: 28
2026-06-02 09:42:58 [self-0001-1-city] Enemy general index: None
2026-06-02 09:42:58 [self-0001-1-city] Visible enemy tiles: 0
2026-06-02 09:42:58 [self-0001-1-city] Tiles: 1 / 1
2026-06-02 09:42:58 [self-0001-1-city] Map: 19 x 21 Turn: 4
2026-06-02 09:42:58 [self-0001-1-city] Route planned: Target = 370 Mode = strategy city-free reachable tiles = 291 Fallback-Tiles = 291
2026-06-02 09:42:58 [self-0001-1-city] Waiting until turn 10: turn 2, general has 3 units
2026-06-02 09:42:58 [self-0001-1-city] My general index: 28
2026-06-02 09:42:58 [self-0001-1-city] Enemy general index: None
2026-06-02 09:42:58 [self-0001-1-city] Visible enemy tiles: 0
2026-06-02 09:42:58 [self-0001-1-city] Tiles: 1 / 1
2026-06-02 09:42:58 [self-0001-1-city] Map: 19 x 21 Turn: 5
2026-06-02 09:42:58 [self-0001-1-city] Route planned: Target = 370 Mode = strategy city-free reachable tiles = 291 Fallback-Tiles = 291
2026-06-02 09:42:58 [self-0001-1-city] Waiting until turn 10: turn 3, general has 3 units
2026-06-02 09:42:59 [self-0001-1-city] My general index: 28
2026-06-02 09:42:59 [self-0001-1-city] Enemy general index: None
2026-06-02 09:42:59 [self-0001-1-city] Visible enemy tiles: 0
2026-06-02 09:42:59 [self-0001-1-city] Tiles: 1 / 1
2026-06-02 09:42:59 [self-0001-1-city] Map: 19 x 21 Turn: 6
2026-06-02 09:42:59 [self-0001-1-city] Route planned: Target = 370 Mode = strategy city-free reachable tiles = 291 Fallback-Tiles = 291
2026-06-02 09:42:59 [self-0001-1-city] Waiting until turn 10: turn 3, general has 4 units
2026-06-02 09:42:59 [self-0001-1-city] My general index: 28
2026-06-02 09:42:59 [self-0001-1-city] Enemy general index: None
2026-06-02 09:42:59 [self-0001-1-city] Visible enemy tiles: 0
2026-06-02 09:42:59 [self-0001-1-city] Tiles: 1 / 1
2026-06-02 09:42:59 [self-0001-1-city] Map: 19 x 21 Turn: 7
2026-06-02 09:42:59 [self-0001-1-city] Route planned: Target = 370 Mode = strategy city-free reachable tiles = 291 Fallback-Tiles = 291
2026-06-02 09:42:59 [self-0001-1-city] Waiting until turn 10: turn 4, general has 4 units
2026-06-02 09:43:00 [self-0001-1-city] My general index: 28
2026-06-02 09:43:00 [self-0001-1-city] Enemy general index: None
2026-06-02 09:43:00 [self-0001-1-city] Visible enemy tiles: 0
2026-06-02 09:43:00 [self-0001-1-city] Tiles: 1 / 1
2026-06-02 09:43:00 [self-0001-1-city] Map: 19 x 21 Turn: 8
2026-06-02 09:43:00 [self-0001-1-city] Route planned: Target = 370 Mode = strategy city-free reachable tiles = 291 Fallback-Tiles = 291
2026-06-02 09:43:00 [self-0001-1-city] Waiting until turn 10: turn 4, general has 5 units
2026-06-02 09:43:00 [self-0001-1-city] My general index: 28
2026-06-02 09:43:00 [self-0001-1-city] Enemy general index: None
2026-06-02 09:43:00 [self-0001-1-city] Visible enemy tiles: 0
2026-06-02 09:43:00 [self-0001-1-city] Tiles: 1 / 1
2026-06-02 09:43:00 [self-0001-1-city] Map: 19 x 21 Turn: 9
2026-06-02 09:43:00 [self-0001-1-city] Route planned: Target = 370 Mode = strategy city-free reachable tiles = 291 Fallback-Tiles = 291
2026-06-02 09:43:00 [self-0001-1-city] Waiting until turn 10: turn 5, general has 5 units
2026-06-02 09:43:01 [self-0001-1-city] My general index: 28
2026-06-02 09:43:01 [self-0001-1-city] Enemy general index: None
2026-06-02 09:43:01 [self-0001-1-city] Visible enemy tiles: 0
2026-06-02 09:43:01 [self-0001-1-city] Tiles: 1 / 1
2026-06-02 09:43:01 [self-0001-1-city] Map: 19 x 21 Turn: 10
2026-06-02 09:43:01 [self-0001-1-city] Route planned: Target = 370 Mode = strategy city-free reachable tiles = 291 Fallback-Tiles = 291
2026-06-02 09:43:01 [self-0001-1-city] Waiting until turn 10: turn 5, general has 6 units
2026-06-02 09:43:01 [self-0001-1-city] My general index: 28
2026-06-02 09:43:01 [self-0001-1-city] Enemy general index: None
2026-06-02 09:43:01 [self-0001-1-city] Visible enemy tiles: 0
2026-06-02 09:43:01 [self-0001-1-city] Tiles: 1 / 1
2026-06-02 09:43:01 [self-0001-1-city] Map: 19 x 21 Turn: 11
2026-06-02 09:43:01 [self-0001-1-city] Route planned: Target = 370 Mode = strategy city-free reachable tiles = 291 Fallback-Tiles = 291
2026-06-02 09:43:01 [self-0001-1-city] Waiting until turn 10: turn 6, general has 6 units
2026-06-02 09:43:02 [self-0001-1-city] My general index: 28
2026-06-02 09:43:02 [self-0001-1-city] Enemy general index: None
2026-06-02 09:43:02 [self-0001-1-city] Visible enemy tiles: 0
2026-06-02 09:43:02 [self-0001-1-city] Tiles: 1 / 1
2026-06-02 09:43:02 [self-0001-1-city] Map: 19 x 21 Turn: 12
2026-06-02 09:43:02 [self-0001-1-city] Route planned: Target = 370 Mode = strategy city-free reachable tiles = 291 Fallback-Tiles = 291
2026-06-02 09:43:02 [self-0001-1-city] Waiting until turn 10: turn 6, general has 7 units
2026-06-02 09:43:02 [self-0001-1-city] My general index: 28
2026-06-02 09:43:02 [self-0001-1-city] Enemy general index: None
2026-06-02 09:43:02 [self-0001-1-city] Visible enemy tiles: 0
2026-06-02 09:43:02 [self-0001-1-city] Tiles: 1 / 1
2026-06-02 09:43:02 [self-0001-1-city] Map: 19 x 21 Turn: 13
2026-06-02 09:43:02 [self-0001-1-city] Route planned: Target = 370 Mode = strategy city-free reachable tiles = 291 Fallback-Tiles = 291
2026-06-02 09:43:02 [self-0001-1-city] Waiting until turn 10: turn 7, general has 7 units
2026-06-02 09:43:03 [self-0001-1-city] My general index: 28
2026-06-02 09:43:03 [self-0001-1-city] Enemy general index: None
2026-06-02 09:43:03 [self-0001-1-city] Visible enemy tiles: 0
2026-06-02 09:43:03 [self-0001-1-city] Tiles: 1 / 1
2026-06-02 09:43:03 [self-0001-1-city] Map: 19 x 21 Turn: 14
2026-06-02 09:43:03 [self-0001-1-city] Route planned: Target = 370 Mode = strategy city-free reachable tiles = 291 Fallback-Tiles = 291
2026-06-02 09:43:03 [self-0001-1-city] Waiting until turn 10: turn 7, general has 8 units
2026-06-02 09:43:03 [self-0001-1-city] My general index: 28
2026-06-02 09:43:03 [self-0001-1-city] Enemy general index: None
2026-06-02 09:43:03 [self-0001-1-city] Visible enemy tiles: 0
2026-06-02 09:43:03 [self-0001-1-city] Tiles: 1 / 1
2026-06-02 09:43:03 [self-0001-1-city] Map: 19 x 21 Turn: 15
2026-06-02 09:43:03 [self-0001-1-city] Route planned: Target = 370 Mode = strategy city-free reachable tiles = 291 Fallback-Tiles = 291
2026-06-02 09:43:03 [self-0001-1-city] Waiting until turn 10: turn 8, general has 8 units
2026-06-02 09:43:04 [self-0001-1-city] My general index: 28
2026-06-02 09:43:04 [self-0001-1-city] Enemy general index: None
2026-06-02 09:43:04 [self-0001-1-city] Visible enemy tiles: 0
2026-06-02 09:43:04 [self-0001-1-city] Tiles: 1 / 1
2026-06-02 09:43:04 [self-0001-1-city] Map: 19 x 21 Turn: 16
2026-06-02 09:43:04 [self-0001-1-city] Route planned: Target = 370 Mode = strategy city-free reachable tiles = 291 Fallback-Tiles = 291
2026-06-02 09:43:04 [self-0001-1-city] Waiting until turn 10: turn 8, general has 9 units
2026-06-02 09:43:04 [self-0001-1-city] My general index: 28
2026-06-02 09:43:04 [self-0001-1-city] Enemy general index: None
2026-06-02 09:43:04 [self-0001-1-city] Visible enemy tiles: 0
2026-06-02 09:43:04 [self-0001-1-city] Tiles: 1 / 1
2026-06-02 09:43:04 [self-0001-1-city] Map: 19 x 21 Turn: 17
2026-06-02 09:43:04 [self-0001-1-city] Route planned: Target = 370 Mode = strategy city-free reachable tiles = 291 Fallback-Tiles = 291
2026-06-02 09:43:04 [self-0001-1-city] Waiting until turn 10: turn 9, general has 9 units
2026-06-02 09:43:05 [self-0001-1-city] My general index: 28
2026-06-02 09:43:05 [self-0001-1-city] Enemy general index: None
2026-06-02 09:43:05 [self-0001-1-city] Visible enemy tiles: 0
2026-06-02 09:43:05 [self-0001-1-city] Tiles: 1 / 1
2026-06-02 09:43:05 [self-0001-1-city] Map: 19 x 21 Turn: 18
2026-06-02 09:43:05 [self-0001-1-city] Route planned: Target = 370 Mode = strategy city-free reachable tiles = 291 Fallback-Tiles = 291
2026-06-02 09:43:05 [self-0001-1-city] Waiting until turn 10: turn 9, general has 10 units
2026-06-02 09:43:05 [self-0001-1-city] My general index: 28
2026-06-02 09:43:05 [self-0001-1-city] Enemy general index: None
2026-06-02 09:43:05 [self-0001-1-city] Visible enemy tiles: 0
2026-06-02 09:43:05 [self-0001-1-city] Tiles: 1 / 1
2026-06-02 09:43:05 [self-0001-1-city] Map: 19 x 21 Turn: 19
2026-06-02 09:43:05 [self-0001-1-city] Route planned: Target = 370 Mode = strategy city-free reachable tiles = 291 Fallback-Tiles = 291
2026-06-02 09:43:05 [self-0001-1-city] Move #1: 28 -> 47 | Army: 10 | Target-Terrain: -1 | Target: 370 | Half: False
2026-06-02 09:43:06 [self-0001-1-city] My general index: 28
2026-06-02 09:43:06 [self-0001-1-city] Enemy general index: None
2026-06-02 09:43:06 [self-0001-1-city] Visible enemy tiles: 0
2026-06-02 09:43:06 [self-0001-1-city] Tiles: 2 / 2
2026-06-02 09:43:06 [self-0001-1-city] Map: 19 x 21 Turn: 20
2026-06-02 09:43:06 [self-0001-1-city] Route planned: Target = 370 Mode = strategy city-free reachable tiles = 291 Fallback-Tiles = 291
2026-06-02 09:43:06 [self-0001-1-city] Priority agent: flow +6000 base = 43269 final = 49269
2026-06-02 09:43:06 [self-0001-1-city] Move #2: 47 -> 66 | Army: 9 | Target-Terrain: -1 | Target: 370 | Half: False
2026-06-02 09:43:06 [self-0001-1-city] My general index: 28
2026-06-02 09:43:06 [self-0001-1-city] Enemy general index: None
2026-06-02 09:43:06 [self-0001-1-city] Visible enemy tiles: 0
2026-06-02 09:43:06 [self-0001-1-city] Tiles: 3 / 3
2026-06-02 09:43:06 [self-0001-1-city] Map: 19 x 21 Turn: 21
2026-06-02 09:43:06 [self-0001-1-city] Route planned: Target = 370 Mode = strategy city-free reachable tiles = 291 Fallback-Tiles = 291
2026-06-02 09:43:06 [self-0001-1-city] Priority agent: flow +6000 base = 43358 final = 49358
2026-06-02 09:43:06 [self-0001-1-city] Move #3: 66 -> 85 | Army: 8 | Target-Terrain: -1 | Target: 370 | Half: False
2026-06-02 09:43:07 [self-0001-1-city] My general index: 28
2026-06-02 09:43:07 [self-0001-1-city] Enemy general index: None
2026-06-02 09:43:07 [self-0001-1-city] Visible enemy tiles: 0
2026-06-02 09:43:07 [self-0001-1-city] Tiles: 4 / 4
2026-06-02 09:43:07 [self-0001-1-city] Map: 19 x 21 Turn: 22
2026-06-02 09:43:07 [self-0001-1-city] Route planned: Target = 370 Mode = strategy city-free reachable tiles = 291 Fallback-Tiles = 291
2026-06-02 09:43:07 [self-0001-1-city] Priority agent: flow +6000 base = 43147 final = 49147
2026-06-02 09:43:07 [self-0001-1-city] Move #4: 85 -> 104 | Army: 7 | Target-Terrain: -1 | Target: 370 | Half: False
2026-06-02 09:43:07 [self-0001-1-city] My general index: 28
2026-06-02 09:43:07 [self-0001-1-city] Enemy general index: None
2026-06-02 09:43:07 [self-0001-1-city] Visible enemy tiles: 0
2026-06-02 09:43:07 [self-0001-1-city] Tiles: 5 / 5
2026-06-02 09:43:07 [self-0001-1-city] Map: 19 x 21 Turn: 23
2026-06-02 09:43:07 [self-0001-1-city] Route planned: Target = 370 Mode = strategy city-free reachable tiles = 291 Fallback-Tiles = 291
2026-06-02 09:43:07 [self-0001-1-city] Priority agent: flow +6000 base = 43236 final = 49236
2026-06-02 09:43:07 [self-0001-1-city] Move #5: 104 -> 123 | Army: 6 | Target-Terrain: -1 | Target: 370 | Half: False
2026-06-02 09:43:08 [self-0001-1-city] My general index: 28
2026-06-02 09:43:08 [self-0001-1-city] Enemy general index: None
2026-06-02 09:43:08 [self-0001-1-city] Visible enemy tiles: 0
2026-06-02 09:43:08 [self-0001-1-city] Tiles: 6 / 6
2026-06-02 09:43:08 [self-0001-1-city] Map: 19 x 21 Turn: 24
2026-06-02 09:43:08 [self-0001-1-city] Route planned: Target = 370 Mode = strategy city-free reachable tiles = 291 Fallback-Tiles = 291
2026-06-02 09:43:08 [self-0001-1-city] Priority agent: flow +6000 base = 43625 final = 49625
2026-06-02 09:43:08 [self-0001-1-city] Move #6: 123 -> 142 | Army: 5 | Target-Terrain: -1 | Target: 370 | Half: False
2026-06-02 09:43:08 [self-0001-1-city] My general index: 28
2026-06-02 09:43:08 [self-0001-1-city] Enemy general index: None
2026-06-02 09:43:08 [self-0001-1-city] Visible enemy tiles: 0
2026-06-02 09:43:08 [self-0001-1-city] Tiles: 7 / 7
2026-06-02 09:43:08 [self-0001-1-city] Map: 19 x 21 Turn: 25
2026-06-02 09:43:08 [self-0001-1-city] Route planned: Target = 370 Mode = strategy city-free reachable tiles = 291 Fallback-Tiles = 291
2026-06-02 09:43:08 [self-0001-1-city] Priority agent: flow +6000 base = 52964 final = 58964
2026-06-02 09:43:08 [self-0001-1-city] Move #7: 142 -> 161 | Army: 4 | Target-Terrain: -1 | Target: 370 | Half: False
2026-06-02 09:43:09 [self-0001-1-city] My general index: 28
2026-06-02 09:43:09 [self-0001-1-city] Enemy general index: None
2026-06-02 09:43:09 [self-0001-1-city] Visible enemy tiles: 0
2026-06-02 09:43:09 [self-0001-1-city] Tiles: 8 / 8
2026-06-02 09:43:09 [self-0001-1-city] Map: 19 x 21 Turn: 26
2026-06-02 09:43:09 [self-0001-1-city] Route planned: Target = 370 Mode = strategy city-free reachable tiles = 291 Fallback-Tiles = 291
2026-06-02 09:43:09 [self-0001-1-city] Priority agent: flow +6000 base = 52753 final = 58753
2026-06-02 09:43:09 [self-0001-1-city] Move #8: 161 -> 180 | Army: 3 | Target-Terrain: -1 | Target: 370 | Half: False
2026-06-02 09:43:09 [self-0001-1-city] My general index: 28
2026-06-02 09:43:09 [self-0001-1-city] Enemy general index: None
2026-06-02 09:43:09 [self-0001-1-city] Visible enemy tiles: 0
2026-06-02 09:43:09 [self-0001-1-city] Tiles: 9 / 9
2026-06-02 09:43:09 [self-0001-1-city] Map: 19 x 21 Turn: 27
2026-06-02 09:43:09 [self-0001-1-city] Route planned: Target = 370 Mode = strategy city-free reachable tiles = 291 Fallback-Tiles = 291
2026-06-02 09:43:09 [self-0001-1-city] Priority agent: flow +6000 base = 50942 final = 56942
2026-06-02 09:43:09 [self-0001-1-city] Move #9: 180 -> 199 | Army: 2 | Target-Terrain: -1 | Target: 370 | Half: False
2026-06-02 09:43:10 [self-0001-1-city] My general index: 28
2026-06-02 09:43:10 [self-0001-1-city] Enemy general index: None
2026-06-02 09:43:10 [self-0001-1-city] Visible enemy tiles: 0
2026-06-02 09:43:10 [self-0001-1-city] Tiles: 10 / 10
2026-06-02 09:43:10 [self-0001-1-city] Map: 19 x 21 Turn: 28
2026-06-02 09:43:10 [self-0001-1-city] Route planned: Target = 370 Mode = strategy city-free reachable tiles = 291 Fallback-Tiles = 291
2026-06-02 09:43:10 [self-0001-1-city] Move #10: 28 -> 27 | Army: 6 | Target-Terrain: -1 | Target: 370 | Half: False
2026-06-02 09:43:10 [self-0001-1-city] My general index: 28
2026-06-02 09:43:10 [self-0001-1-city] Enemy general index: None
2026-06-02 09:43:10 [self-0001-1-city] Visible enemy tiles: 0
2026-06-02 09:43:10 [self-0001-1-city] Tiles: 11 / 11
2026-06-02 09:43:10 [self-0001-1-city] Map: 19 x 21 Turn: 29
2026-06-02 09:43:10 [self-0001-1-city] Route planned: Target = 370 Mode = strategy city-free reachable tiles = 291 Fallback-Tiles = 291
2026-06-02 09:43:10 [self-0001-1-city] Priority agent: flow +6000 base = 52035 final = 58035
2026-06-02 09:43:10 [self-0001-1-city] Move #11: 27 -> 46 | Army: 5 | Target-Terrain: -1 | Target: 370 | Half: False
2026-06-02 09:43:11 [self-0001-1-city] My general index: 28
2026-06-02 09:43:11 [self-0001-1-city] Enemy general index: None
2026-06-02 09:43:11 [self-0001-1-city] Visible enemy tiles: 0
2026-06-02 09:43:11 [self-0001-1-city] Tiles: 12 / 12
2026-06-02 09:43:11 [self-0001-1-city] Map: 19 x 21 Turn: 30
2026-06-02 09:43:11 [self-0001-1-city] Route planned: Target = 370 Mode = strategy city-free reachable tiles = 291 Fallback-Tiles = 291
2026-06-02 09:43:11 [self-0001-1-city] Priority agent: flow +6000 base = 52124 final = 58124
2026-06-02 09:43:11 [self-0001-1-city] Move #12: 46 -> 65 | Army: 4 | Target-Terrain: -1 | Target: 370 | Half: False
2026-06-02 09:43:11 [self-0001-1-city] My general index: 28
2026-06-02 09:43:11 [self-0001-1-city] Enemy general index: None
2026-06-02 09:43:11 [self-0001-1-city] Visible enemy tiles: 0
2026-06-02 09:43:11 [self-0001-1-city] Tiles: 13 / 13
2026-06-02 09:43:11 [self-0001-1-city] Map: 19 x 21 Turn: 31
2026-06-02 09:43:11 [self-0001-1-city] Route planned: Target = 370 Mode = strategy city-free reachable tiles = 291 Fallback-Tiles = 291
2026-06-02 09:43:11 [self-0001-1-city] Priority agent: flow +6000 base = 52213 final = 58213
2026-06-02 09:43:11 [self-0001-1-city] Move #13: 65 -> 84 | Army: 3 | Target-Terrain: -1 | Target: 370 | Half: False
2026-06-02 09:43:12 [self-0001-1-city] My general index: 28
2026-06-02 09:43:12 [self-0001-1-city] Enemy general index: None
2026-06-02 09:43:12 [self-0001-1-city] Visible enemy tiles: 0
2026-06-02 09:43:12 [self-0001-1-city] Tiles: 14 / 14
2026-06-02 09:43:12 [self-0001-1-city] Map: 19 x 21 Turn: 32
2026-06-02 09:43:12 [self-0001-1-city] Route planned: Target = 370 Mode = strategy city-free reachable tiles = 291 Fallback-Tiles = 291
2026-06-02 09:43:12 [self-0001-1-city] Priority agent: flow +6000 base = 50102 final = 56102
2026-06-02 09:43:12 [self-0001-1-city] Move #14: 84 -> 103 | Army: 2 | Target-Terrain: -1 | Target: 370 | Half: False
2026-06-02 09:43:12 [self-0001-1-city] My general index: 28
2026-06-02 09:43:12 [self-0001-1-city] Enemy general index: None
2026-06-02 09:43:12 [self-0001-1-city] Visible enemy tiles: 0
2026-06-02 09:43:12 [self-0001-1-city] Tiles: 15 / 15
2026-06-02 09:43:12 [self-0001-1-city] Map: 19 x 21 Turn: 33
2026-06-02 09:43:12 [self-0001-1-city] Route planned: Target = 370 Mode = strategy city-free reachable tiles = 291 Fallback-Tiles = 291
2026-06-02 09:43:12 [self-0001-1-city] Priority agent: edge reuse -18000 base = 29723 final = 11723
2026-06-02 09:43:12 [self-0001-1-city] Move #15: 28 -> 47 | Army: 3 | Target-Terrain: 0 | Target: 370 | Half: False
2026-06-02 09:43:13 [self-0001-1-city] My general index: 28
2026-06-02 09:43:13 [self-0001-1-city] Enemy general index: None
2026-06-02 09:43:13 [self-0001-1-city] Visible enemy tiles: 0
2026-06-02 09:43:13 [self-0001-1-city] Tiles: 15 / 15
2026-06-02 09:43:13 [self-0001-1-city] Map: 19 x 21 Turn: 34
2026-06-02 09:43:13 [self-0001-1-city] Reinforcement waypoint: 161 final target = 370 turns until reinforcement = 16
2026-06-02 09:43:13 [self-0001-1-city] Route planned: Target = 161 Mode = reinforcement_waypoint city-free reachable tiles = 291 Fallback-Tiles = 291
2026-06-02 09:43:13 [self-0001-1-city] Priority agent: flow +6000 base = 22273 final = 28273
2026-06-02 09:43:13 [self-0001-1-city] Move #16: 47 -> 48 | Army: 3 | Target-Terrain: -1 | Target: 161 | Half: False
2026-06-02 09:43:13 [self-0001-1-city] My general index: 28
2026-06-02 09:43:13 [self-0001-1-city] Enemy general index: None
2026-06-02 09:43:13 [self-0001-1-city] Visible enemy tiles: 0
2026-06-02 09:43:13 [self-0001-1-city] Tiles: 16 / 15
2026-06-02 09:43:13 [self-0001-1-city] Map: 19 x 21 Turn: 35
2026-06-02 09:43:13 [self-0001-1-city] Reinforcement waypoint: 123 final target = 370 turns until reinforcement = 15
2026-06-02 09:43:13 [self-0001-1-city] Route planned: Target = 123 Mode = reinforcement_waypoint city-free reachable tiles = 291 Fallback-Tiles = 291
2026-06-02 09:43:13 [self-0001-1-city] Priority agent: flow +6000 base = 59342 final = 65342
2026-06-02 09:43:13 [self-0001-1-city] Move #17: 48 -> 67 | Army: 2 | Target-Terrain: -1 | Target: 123 | Half: False
2026-06-02 09:43:14 [self-0001-1-city] My general index: 28
2026-06-02 09:43:14 [self-0001-1-city] Enemy general index: None
2026-06-02 09:43:14 [self-0001-1-city] Visible enemy tiles: 0
2026-06-02 09:43:14 [self-0001-1-city] Tiles: 17 / 15
2026-06-02 09:43:14 [self-0001-1-city] Map: 19 x 21 Turn: 36
2026-06-02 09:43:14 [self-0001-1-city] Reinforcement waypoint: 104 final target = 370 turns until reinforcement = 14
2026-06-02 09:43:14 [self-0001-1-city] Route planned: Target = 104 Mode = reinforcement_waypoint city-free reachable tiles = 291 Fallback-Tiles = 291
2026-06-02 09:43:14 [self-0001-1-city] Priority agent: edge reuse -18000 base = 37983 final = 19983
2026-06-02 09:43:14 [self-0001-1-city] Move #18: 28 -> 47 | Army: 3 | Target-Terrain: 0 | Target: 104 | Half: False
2026-06-02 09:43:14 [self-0001-1-city] My general index: 28
2026-06-02 09:43:14 [self-0001-1-city] Enemy general index: None
2026-06-02 09:43:14 [self-0001-1-city] Visible enemy tiles: 0
2026-06-02 09:43:14 [self-0001-1-city] Tiles: 17 / 15
2026-06-02 09:43:14 [self-0001-1-city] Map: 19 x 21 Turn: 37
2026-06-02 09:43:14 [self-0001-1-city] Reinforcement waypoint: 104 final target = 370 turns until reinforcement = 13
2026-06-02 09:43:14 [self-0001-1-city] Route planned: Target = 104 Mode = reinforcement_waypoint city-free reachable tiles = 291 Fallback-Tiles = 291
2026-06-02 09:43:14 [self-0001-1-city] Priority agent: fresh target pullback -12000, flow +6000 base = 40273 final = 34273
2026-06-02 09:43:14 [self-0001-1-city] Move #19: 47 -> 66 | Army: 3 | Target-Terrain: 0 | Target: 104 | Half: False
2026-06-02 09:43:15 [self-0001-1-city] My general index: 28
2026-06-02 09:43:15 [self-0001-1-city] Enemy general index: None
2026-06-02 09:43:15 [self-0001-1-city] Visible enemy tiles: 0
2026-06-02 09:43:15 [self-0001-1-city] Tiles: 17 / 16
2026-06-02 09:43:15 [self-0001-1-city] Map: 19 x 21 Turn: 38
2026-06-02 09:43:15 [self-0001-1-city] Reinforcement waypoint: 104 final target = 370 turns until reinforcement = 12
2026-06-02 09:43:15 [self-0001-1-city] Route planned: Target = 104 Mode = reinforcement_waypoint city-free reachable tiles = 291 Fallback-Tiles = 291
2026-06-02 09:43:15 [self-0001-1-city] Priority agent: fresh target pullback -12000, flow +6000 base = 40363 final = 34363
2026-06-02 09:43:15 [self-0001-1-city] Move #20: 66 -> 85 | Army: 3 | Target-Terrain: 0 | Target: 104 | Half: False
2026-06-02 09:43:15 [self-0001-1-city] My general index: 28
2026-06-02 09:43:15 [self-0001-1-city] Enemy general index: None
2026-06-02 09:43:15 [self-0001-1-city] Visible enemy tiles: 0
2026-06-02 09:43:15 [self-0001-1-city] Tiles: 17 / 16
2026-06-02 09:43:15 [self-0001-1-city] Map: 19 x 21 Turn: 39
2026-06-02 09:43:15 [self-0001-1-city] Reinforcement waypoint: 104 final target = 370 turns until reinforcement = 11
2026-06-02 09:43:15 [self-0001-1-city] Route planned: Target = 104 Mode = reinforcement_waypoint city-free reachable tiles = 291 Fallback-Tiles = 291
2026-06-02 09:43:15 [self-0001-1-city] Priority agent: fresh target pullback -12000, flow +6000 base = 40453 final = 34453
2026-06-02 09:43:15 [self-0001-1-city] Move #21: 85 -> 104 | Army: 3 | Target-Terrain: 0 | Target: 104 | Half: False
2026-06-02 09:43:16 [self-0001-1-city] My general index: 28
2026-06-02 09:43:16 [self-0001-1-city] Enemy general index: None
2026-06-02 09:43:16 [self-0001-1-city] Visible enemy tiles: 0
2026-06-02 09:43:16 [self-0001-1-city] Tiles: 17 / 17
2026-06-02 09:43:16 [self-0001-1-city] Map: 19 x 21 Turn: 40
2026-06-02 09:43:16 [self-0001-1-city] Reinforcement waypoint: 123 final target = 370 turns until reinforcement = 10
2026-06-02 09:43:16 [self-0001-1-city] Route planned: Target = 123 Mode = reinforcement_waypoint city-free reachable tiles = 291 Fallback-Tiles = 291
2026-06-02 09:43:16 [self-0001-1-city] Priority agent: fresh target pullback -12000, flow +6000 base = 40453 final = 34453
2026-06-02 09:43:16 [self-0001-1-city] Move #22: 104 -> 123 | Army: 3 | Target-Terrain: 0 | Target: 123 | Half: False
2026-06-02 09:43:16 [self-0001-1-city] My general index: 28
2026-06-02 09:43:16 [self-0001-1-city] Enemy general index: None
2026-06-02 09:43:16 [self-0001-1-city] Visible enemy tiles: 0
2026-06-02 09:43:16 [self-0001-1-city] Tiles: 17 / 17
2026-06-02 09:43:16 [self-0001-1-city] Map: 19 x 21 Turn: 41
2026-06-02 09:43:16 [self-0001-1-city] Reinforcement waypoint: 142 final target = 370 turns until reinforcement = 9
2026-06-02 09:43:16 [self-0001-1-city] Route planned: Target = 142 Mode = reinforcement_waypoint city-free reachable tiles = 291 Fallback-Tiles = 291
2026-06-02 09:43:16 [self-0001-1-city] Priority agent: fresh target pullback -12000, flow +6000 base = 40453 final = 34453
2026-06-02 09:43:16 [self-0001-1-city] Move #23: 123 -> 142 | Army: 3 | Target-Terrain: 0 | Target: 142 | Half: False
2026-06-02 09:43:17 [self-0001-1-city] My general index: 28
2026-06-02 09:43:17 [self-0001-1-city] Enemy general index: None
2026-06-02 09:43:17 [self-0001-1-city] Visible enemy tiles: 0
2026-06-02 09:43:17 [self-0001-1-city] Tiles: 17 / 17
2026-06-02 09:43:17 [self-0001-1-city] Map: 19 x 21 Turn: 42
2026-06-02 09:43:17 [self-0001-1-city] Reinforcement waypoint: 161 final target = 370 turns until reinforcement = 8
2026-06-02 09:43:17 [self-0001-1-city] Route planned: Target = 161 Mode = reinforcement_waypoint city-free reachable tiles = 291 Fallback-Tiles = 291
2026-06-02 09:43:17 [self-0001-1-city] Priority agent: fresh target pullback -12000, flow +6000 base = 40453 final = 34453
2026-06-02 09:43:17 [self-0001-1-city] Move #24: 142 -> 161 | Army: 3 | Target-Terrain: 0 | Target: 161 | Half: False
2026-06-02 09:43:17 [self-0001-1-city] My general index: 28
2026-06-02 09:43:17 [self-0001-1-city] Enemy general index: None
2026-06-02 09:43:17 [self-0001-1-city] Visible enemy tiles: 0
2026-06-02 09:43:17 [self-0001-1-city] Tiles: 17 / 18
2026-06-02 09:43:17 [self-0001-1-city] Map: 19 x 21 Turn: 43
2026-06-02 09:43:17 [self-0001-1-city] Reinforcement waypoint: 180 final target = 370 turns until reinforcement = 7
2026-06-02 09:43:17 [self-0001-1-city] Route planned: Target = 180 Mode = reinforcement_waypoint city-free reachable tiles = 291 Fallback-Tiles = 291
2026-06-02 09:43:17 [self-0001-1-city] Priority agent: fresh target pullback -12000, flow +6000 base = 40453 final = 34453
2026-06-02 09:43:17 [self-0001-1-city] Move #25: 161 -> 180 | Army: 3 | Target-Terrain: 0 | Target: 180 | Half: False
2026-06-02 09:43:18 [self-0001-1-city] My general index: 28
2026-06-02 09:43:18 [self-0001-1-city] Enemy general index: None
2026-06-02 09:43:18 [self-0001-1-city] Visible enemy tiles: 0
2026-06-02 09:43:18 [self-0001-1-city] Tiles: 17 / 18
2026-06-02 09:43:18 [self-0001-1-city] Map: 19 x 21 Turn: 44
2026-06-02 09:43:18 [self-0001-1-city] Reinforcement waypoint: 199 final target = 370 turns until reinforcement = 6
2026-06-02 09:43:18 [self-0001-1-city] Route planned: Target = 199 Mode = reinforcement_waypoint city-free reachable tiles = 291 Fallback-Tiles = 291
2026-06-02 09:43:18 [self-0001-1-city] Priority agent: fresh target pullback -12000, flow +6000 base = 40453 final = 34453
2026-06-02 09:43:18 [self-0001-1-city] Move #26: 180 -> 199 | Army: 3 | Target-Terrain: 0 | Target: 199 | Half: False
2026-06-02 09:43:18 [self-0001-1-city] My general index: 28
2026-06-02 09:43:18 [self-0001-1-city] Enemy general index: None
2026-06-02 09:43:18 [self-0001-1-city] Visible enemy tiles: 0
2026-06-02 09:43:18 [self-0001-1-city] Tiles: 17 / 18
2026-06-02 09:43:18 [self-0001-1-city] Map: 19 x 21 Turn: 45
2026-06-02 09:43:18 [self-0001-1-city] Reinforcement waypoint: 218 final target = 370 turns until reinforcement = 5
2026-06-02 09:43:18 [self-0001-1-city] Route planned: Target = 218 Mode = reinforcement_waypoint city-free reachable tiles = 291 Fallback-Tiles = 291
2026-06-02 09:43:18 [self-0001-1-city] Priority agent: flow +6000 base = 63203 final = 69203
2026-06-02 09:43:18 [self-0001-1-city] Move #27: 199 -> 218 | Army: 3 | Target-Terrain: -1 | Target: 218 | Half: False
2026-06-02 09:43:19 [self-0001-1-city] My general index: 28
2026-06-02 09:43:19 [self-0001-1-city] Enemy general index: None
2026-06-02 09:43:19 [self-0001-1-city] Visible enemy tiles: 1
2026-06-02 09:43:19 [self-0001-1-city] Tiles: 18 / 18
2026-06-02 09:43:19 [self-0001-1-city] Map: 19 x 21 Turn: 46
2026-06-02 09:43:19 [self-0001-1-city] Reinforcement waypoint: 237 final target = 370 turns until reinforcement = 4
2026-06-02 09:43:19 [self-0001-1-city] Route planned: Target = 237 Mode = reinforcement_waypoint city-free reachable tiles = 291 Fallback-Tiles = 291
2026-06-02 09:43:19 [self-0001-1-city] Priority agent: flow +6000 base = 51752 final = 57752
2026-06-02 09:43:19 [self-0001-1-city] Move #28: 218 -> 237 | Army: 2 | Target-Terrain: -1 | Target: 237 | Half: False
2026-06-02 09:43:19 [self-0001-1-city] Coach: balanced tiles 19/18 army 24/24 cities 0/0 enemy_city_suspect False bias {'expansion_bias': 0.1, 'city_bias': 0.8, 'attack_bias': 0.1, 'defense_bias': 0.0, 'route_bias': 0.5}
2026-06-02 09:43:19 [self-0001-1-city] My general index: 28
2026-06-02 09:43:19 [self-0001-1-city] Enemy general index: None
2026-06-02 09:43:19 [self-0001-1-city] Visible enemy tiles: 3
2026-06-02 09:43:19 [self-0001-1-city] Tiles: 19 / 18
2026-06-02 09:43:19 [self-0001-1-city] Map: 19 x 21 Turn: 47
2026-06-02 09:43:19 [self-0001-1-city] Reinforcement waypoint: 47 final target = 370 turns until reinforcement = 3
2026-06-02 09:43:19 [self-0001-1-city] Route planned: Target = 47 Mode = reinforcement_waypoint city-free reachable tiles = 291 Fallback-Tiles = 291
2026-06-02 09:43:19 [self-0001-1-city] No move found: blocked tiles = 2 ignored cities = 0 own movable tiles = 1
2026-06-02 09:43:20 [self-0001-1-city] My general index: 28
2026-06-02 09:43:20 [self-0001-1-city] Enemy general index: None
2026-06-02 09:43:20 [self-0001-1-city] Visible enemy tiles: 3
2026-06-02 09:43:20 [self-0001-1-city] Tiles: 19 / 18
2026-06-02 09:43:20 [self-0001-1-city] Map: 19 x 21 Turn: 48
2026-06-02 09:43:20 [self-0001-1-city] Reinforcement waypoint: 47 final target = 370 turns until reinforcement = 2
2026-06-02 09:43:20 [self-0001-1-city] Route planned: Target = 47 Mode = reinforcement_waypoint city-free reachable tiles = 291 Fallback-Tiles = 291
2026-06-02 09:43:20 [self-0001-1-city] No move found: blocked tiles = 2 ignored cities = 0 own movable tiles = 1
2026-06-02 09:43:20 [self-0001-1-city] My general index: 28
2026-06-02 09:43:20 [self-0001-1-city] Enemy general index: None
2026-06-02 09:43:20 [self-0001-1-city] Visible enemy tiles: 3
2026-06-02 09:43:20 [self-0001-1-city] Tiles: 19 / 18
2026-06-02 09:43:20 [self-0001-1-city] Map: 19 x 21 Turn: 49
2026-06-02 09:43:20 [self-0001-1-city] Reinforcement waypoint: 47 final target = 370 turns until reinforcement = 1
2026-06-02 09:43:20 [self-0001-1-city] Route planned: Target = 47 Mode = reinforcement_waypoint city-free reachable tiles = 291 Fallback-Tiles = 291
2026-06-02 09:43:20 [self-0001-1-city] No move found: blocked tiles = 2 ignored cities = 0 own movable tiles = 1
2026-06-02 09:43:21 [self-0001-1-city] My general index: 28
2026-06-02 09:43:21 [self-0001-1-city] Enemy general index: None
2026-06-02 09:43:21 [self-0001-1-city] Visible enemy tiles: 3
2026-06-02 09:43:21 [self-0001-1-city] Tiles: 19 / 18
2026-06-02 09:43:21 [self-0001-1-city] Map: 19 x 21 Turn: 50
2026-06-02 09:43:21 [self-0001-1-city] Route planned: Target = 370 Mode = reinforcement_waypoint city-free reachable tiles = 291 Fallback-Tiles = 291
2026-06-02 09:43:21 [self-0001-1-city] Move #29: 103 -> 122 | Army: 2 | Target-Terrain: -1 | Target: 370 | Half: False
2026-06-02 09:43:21 [self-0001-1-city] My general index: 28
2026-06-02 09:43:21 [self-0001-1-city] Enemy general index: None
2026-06-02 09:43:21 [self-0001-1-city] Visible enemy tiles: 4
2026-06-02 09:43:21 [self-0001-1-city] Tiles: 20 / 19
2026-06-02 09:43:21 [self-0001-1-city] Map: 19 x 21 Turn: 51
2026-06-02 09:43:21 [self-0001-1-city] Route planned: Target = 370 Mode = reinforcement_waypoint city-free reachable tiles = 291 Fallback-Tiles = 291
2026-06-02 09:43:21 [self-0001-1-city] Move #30: 67 -> 86 | Army: 2 | Target-Terrain: -1 | Target: 370 | Half: False
2026-06-02 09:43:22 [self-0001-1-city] My general index: 28
2026-06-02 09:43:22 [self-0001-1-city] Enemy general index: None
2026-06-02 09:43:22 [self-0001-1-city] Visible enemy tiles: 5
2026-06-02 09:43:22 [self-0001-1-city] Tiles: 21 / 20
2026-06-02 09:43:22 [self-0001-1-city] Map: 19 x 21 Turn: 52
2026-06-02 09:43:22 [self-0001-1-city] Route planned: Target = 370 Mode = reinforcement_waypoint city-free reachable tiles = 291 Fallback-Tiles = 291
2026-06-02 09:43:22 [self-0001-1-city] Move #31: 84 -> 85 | Army: 2 | Target-Terrain: 0 | Target: 370 | Half: False
2026-06-02 09:43:22 [self-0001-1-city] My general index: 28
2026-06-02 09:43:22 [self-0001-1-city] Enemy general index: None
2026-06-02 09:43:22 [self-0001-1-city] Visible enemy tiles: 5
2026-06-02 09:43:22 [self-0001-1-city] Tiles: 21 / 21
2026-06-02 09:43:22 [self-0001-1-city] Map: 19 x 21 Turn: 53
2026-06-02 09:43:22 [self-0001-1-city] Route planned: Target = 370 Mode = reinforcement_waypoint city-free reachable tiles = 291 Fallback-Tiles = 291
2026-06-02 09:43:22 [self-0001-1-city] Move #32: 65 -> 66 | Army: 2 | Target-Terrain: 0 | Target: 370 | Half: False
2026-06-02 09:43:23 [self-0001-1-city] My general index: 28
2026-06-02 09:43:23 [self-0001-1-city] Enemy general index: None
2026-06-02 09:43:23 [self-0001-1-city] Visible enemy tiles: 5
2026-06-02 09:43:23 [self-0001-1-city] Tiles: 21 / 22
2026-06-02 09:43:23 [self-0001-1-city] Map: 19 x 21 Turn: 54
2026-06-02 09:43:23 [self-0001-1-city] Route planned: Target = 370 Mode = reinforcement_waypoint city-free reachable tiles = 291 Fallback-Tiles = 291
2026-06-02 09:43:23 [self-0001-1-city] Move #33: 28 -> 47 | Army: 11 | Target-Terrain: 0 | Target: 370 | Half: False
2026-06-02 09:43:23 [self-0001-1-city] My general index: 28
2026-06-02 09:43:23 [self-0001-1-city] Enemy general index: None
2026-06-02 09:43:23 [self-0001-1-city] Visible enemy tiles: 5
2026-06-02 09:43:23 [self-0001-1-city] Tiles: 21 / 23
2026-06-02 09:43:23 [self-0001-1-city] Map: 19 x 21 Turn: 55
2026-06-02 09:43:23 [self-0001-1-city] Route planned: Target = 370 Mode = reinforcement_waypoint city-free reachable tiles = 291 Fallback-Tiles = 291
2026-06-02 09:43:23 [self-0001-1-city] Priority agent: fresh target pullback -12000, flow +6000 base = 36222 final = 30222
2026-06-02 09:43:23 [self-0001-1-city] Move #34: 47 -> 66 | Army: 12 | Target-Terrain: 0 | Target: 370 | Half: False
2026-06-02 09:43:24 [self-0001-1-city] My general index: 28
2026-06-02 09:43:24 [self-0001-1-city] Enemy general index: None
2026-06-02 09:43:24 [self-0001-1-city] Visible enemy tiles: 5
2026-06-02 09:43:24 [self-0001-1-city] Tiles: 21 / 24
2026-06-02 09:43:24 [self-0001-1-city] Map: 19 x 21 Turn: 56
2026-06-02 09:43:24 [self-0001-1-city] Route planned: Target = 370 Mode = reinforcement_waypoint city-free reachable tiles = 291 Fallback-Tiles = 291
2026-06-02 09:43:24 [self-0001-1-city] Priority agent: fresh target pullback -12000, flow +6000 base = 36314 final = 30314
2026-06-02 09:43:24 [self-0001-1-city] Move #35: 66 -> 85 | Army: 14 | Target-Terrain: 0 | Target: 370 | Half: False
2026-06-02 09:43:24 [self-0001-1-city] My general index: 28
2026-06-02 09:43:24 [self-0001-1-city] Enemy general index: None
2026-06-02 09:43:24 [self-0001-1-city] Visible enemy tiles: 5
2026-06-02 09:43:24 [self-0001-1-city] Tiles: 21 / 25
2026-06-02 09:43:24 [self-0001-1-city] Map: 19 x 21 Turn: 57
2026-06-02 09:43:24 [self-0001-1-city] Route planned: Target = 370 Mode = reinforcement_waypoint city-free reachable tiles = 291 Fallback-Tiles = 291
2026-06-02 09:43:24 [self-0001-1-city] Move #36: 46 -> 47 | Army: 2 | Target-Terrain: 0 | Target: 370 | Half: False
2026-06-02 09:43:25 [self-0001-1-city] My general index: 28
2026-06-02 09:43:25 [self-0001-1-city] Enemy general index: None
2026-06-02 09:43:25 [self-0001-1-city] Visible enemy tiles: 5
2026-06-02 09:43:25 [self-0001-1-city] Tiles: 21 / 25
2026-06-02 09:43:25 [self-0001-1-city] Map: 19 x 21 Turn: 58
2026-06-02 09:43:25 [self-0001-1-city] Route planned: Target = 370 Mode = reinforcement_waypoint city-free reachable tiles = 291 Fallback-Tiles = 291
2026-06-02 09:43:25 [self-0001-1-city] Move #37: 104 -> 123 | Army: 2 | Target-Terrain: 0 | Target: 370 | Half: False
2026-06-02 09:43:25 [self-0001-1-city] My general index: 28
2026-06-02 09:43:25 [self-0001-1-city] Enemy general index: None
2026-06-02 09:43:25 [self-0001-1-city] Visible enemy tiles: 5
2026-06-02 09:43:25 [self-0001-1-city] Tiles: 21 / 25
2026-06-02 09:43:25 [self-0001-1-city] Map: 19 x 21 Turn: 59
2026-06-02 09:43:25 [self-0001-1-city] Route planned: Target = 370 Mode = reinforcement_waypoint city-free reachable tiles = 291 Fallback-Tiles = 291
2026-06-02 09:43:25 [self-0001-1-city] Move #38: 48 -> 67 | Army: 2 | Target-Terrain: 0 | Target: 370 | Half: False
2026-06-02 09:43:26 [self-0001-1-city] My general index: 28
2026-06-02 09:43:26 [self-0001-1-city] Enemy general index: None
2026-06-02 09:43:26 [self-0001-1-city] Visible enemy tiles: 5
2026-06-02 09:43:26 [self-0001-1-city] Tiles: 21 / 25
2026-06-02 09:43:26 [self-0001-1-city] Map: 19 x 21 Turn: 60
2026-06-02 09:43:26 [self-0001-1-city] Route planned: Target = 370 Mode = reinforcement_waypoint city-free reachable tiles = 291 Fallback-Tiles = 291
2026-06-02 09:43:26 [self-0001-1-city] Move #39: 142 -> 161 | Army: 2 | Target-Terrain: 0 | Target: 370 | Half: False
2026-06-02 09:43:26 [self-0001-1-city] My general index: 28
2026-06-02 09:43:26 [self-0001-1-city] Enemy general index: None
2026-06-02 09:43:26 [self-0001-1-city] Visible enemy tiles: 5
2026-06-02 09:43:26 [self-0001-1-city] Tiles: 21 / 25
2026-06-02 09:43:26 [self-0001-1-city] Map: 19 x 21 Turn: 61
2026-06-02 09:43:26 [self-0001-1-city] Route planned: Target = 370 Mode = reinforcement_waypoint city-free reachable tiles = 291 Fallback-Tiles = 291
2026-06-02 09:43:26 [self-0001-1-city] Move #40: 85 -> 104 | Army: 16 | Target-Terrain: 0 | Target: 370 | Half: False
2026-06-02 09:43:27 [self-0001-1-city] My general index: 28
2026-06-02 09:43:27 [self-0001-1-city] Enemy general index: None
2026-06-02 09:43:27 [self-0001-1-city] Visible enemy tiles: 5
2026-06-02 09:43:27 [self-0001-1-city] Tiles: 21 / 25
2026-06-02 09:43:27 [self-0001-1-city] Map: 19 x 21 Turn: 62
2026-06-02 09:43:27 [self-0001-1-city] Route planned: Target = 370 Mode = reinforcement_waypoint city-free reachable tiles = 291 Fallback-Tiles = 291
2026-06-02 09:43:27 [self-0001-1-city] Move #41: 180 -> 199 | Army: 2 | Target-Terrain: 0 | Target: 370 | Half: False
2026-06-02 09:43:27 [self-0001-1-city] My general index: 28
2026-06-02 09:43:27 [self-0001-1-city] Enemy general index: None
2026-06-02 09:43:27 [self-0001-1-city] Visible enemy tiles: 5
2026-06-02 09:43:27 [self-0001-1-city] Tiles: 21 / 25
2026-06-02 09:43:27 [self-0001-1-city] Map: 19 x 21 Turn: 63
2026-06-02 09:43:27 [self-0001-1-city] Route planned: Target = 370 Mode = reinforcement_waypoint city-free reachable tiles = 291 Fallback-Tiles = 291
2026-06-02 09:43:27 [self-0001-1-city] Move #42: 123 -> 142 | Army: 3 | Target-Terrain: 0 | Target: 370 | Half: False
2026-06-02 09:43:28 [self-0001-1-city] My general index: 28
2026-06-02 09:43:28 [self-0001-1-city] Enemy general index: None
2026-06-02 09:43:28 [self-0001-1-city] Visible enemy tiles: 5
2026-06-02 09:43:28 [self-0001-1-city] Tiles: 21 / 25
2026-06-02 09:43:28 [self-0001-1-city] Map: 19 x 21 Turn: 64
2026-06-02 09:43:28 [self-0001-1-city] Route planned: Target = 370 Mode = reinforcement_waypoint city-free reachable tiles = 291 Fallback-Tiles = 291
2026-06-02 09:43:28 [self-0001-1-city] Move #43: 218 -> 237 | Army: 2 | Target-Terrain: 0 | Target: 370 | Half: False
2026-06-02 09:43:28 [self-0001-1-city] My general index: 28
2026-06-02 09:43:28 [self-0001-1-city] Enemy general index: None
2026-06-02 09:43:28 [self-0001-1-city] Visible enemy tiles: 5
2026-06-02 09:43:28 [self-0001-1-city] Tiles: 21 / 25
2026-06-02 09:43:28 [self-0001-1-city] Map: 19 x 21 Turn: 65
2026-06-02 09:43:28 [self-0001-1-city] Route planned: Target = 370 Mode = reinforcement_waypoint city-free reachable tiles = 291 Fallback-Tiles = 291
2026-06-02 09:43:28 [self-0001-1-city] Priority agent: flow +6000 base = 40433 final = 46433
2026-06-02 09:43:28 [self-0001-1-city] Move #44: 237 -> 236 | Army: 3 | Target-Terrain: 1 | Target: 370 | Half: False
2026-06-02 09:43:29 [self-0001-1-city] My general index: 28
2026-06-02 09:43:29 [self-0001-1-city] Enemy general index: None
2026-06-02 09:43:29 [self-0001-1-city] Visible enemy tiles: 5
2026-06-02 09:43:29 [self-0001-1-city] Tiles: 22 / 24
2026-06-02 09:43:29 [self-0001-1-city] Map: 19 x 21 Turn: 66
2026-06-02 09:43:29 [self-0001-1-city] Route planned: Target = 370 Mode = reinforcement_waypoint city-free reachable tiles = 291 Fallback-Tiles = 292
2026-06-02 09:43:29 [self-0001-1-city] Move #45: 161 -> 180 | Army: 3 | Target-Terrain: 0 | Target: 370 | Half: False
2026-06-02 09:43:29 [self-0001-1-city] My general index: 28
2026-06-02 09:43:29 [self-0001-1-city] Enemy general index: None
2026-06-02 09:43:29 [self-0001-1-city] Visible enemy tiles: 5
2026-06-02 09:43:29 [self-0001-1-city] Tiles: 21 / 25
2026-06-02 09:43:29 [self-0001-1-city] Map: 19 x 21 Turn: 67
2026-06-02 09:43:29 [self-0001-1-city] Route planned: Target = 370 Mode = reinforcement_waypoint city-free reachable tiles = 291 Fallback-Tiles = 291
2026-06-02 09:43:29 [self-0001-1-city] Move #46: 199 -> 218 | Army: 3 | Target-Terrain: 0 | Target: 370 | Half: False
2026-06-02 09:43:30 [self-0001-1-city] My general index: 28
2026-06-02 09:43:30 [self-0001-1-city] Enemy general index: None
2026-06-02 09:43:30 [self-0001-1-city] Visible enemy tiles: 5
2026-06-02 09:43:30 [self-0001-1-city] Tiles: 21 / 25
2026-06-02 09:43:30 [self-0001-1-city] Map: 19 x 21 Turn: 68
2026-06-02 09:43:30 [self-0001-1-city] Route planned: Target = 370 Mode = reinforcement_waypoint city-free reachable tiles = 291 Fallback-Tiles = 291
2026-06-02 09:43:30 [self-0001-1-city] Priority agent: flow +6000 base = 40093 final = 46093
2026-06-02 09:43:30 [self-0001-1-city] Move #47: 218 -> 217 | Army: 3 | Target-Terrain: 1 | Target: 370 | Half: False
2026-06-02 09:43:30 [self-0001-1-city] My general index: 28
2026-06-02 09:43:30 [self-0001-1-city] Enemy general index: None
2026-06-02 09:43:30 [self-0001-1-city] Visible enemy tiles: 5
2026-06-02 09:43:30 [self-0001-1-city] Tiles: 22 / 25
2026-06-02 09:43:30 [self-0001-1-city] Map: 19 x 21 Turn: 69
2026-06-02 09:43:30 [self-0001-1-city] Route planned: Target = 370 Mode = reinforcement_waypoint city-free reachable tiles = 291 Fallback-Tiles = 292
2026-06-02 09:43:30 [self-0001-1-city] Move #48: 67 -> 86 | Army: 2 | Target-Terrain: 0 | Target: 370 | Half: False
2026-06-02 09:43:31 [self-0001-1-city] My general index: 28
2026-06-02 09:43:31 [self-0001-1-city] Enemy general index: None
2026-06-02 09:43:31 [self-0001-1-city] Visible enemy tiles: 5
2026-06-02 09:43:31 [self-0001-1-city] Tiles: 22 / 25
2026-06-02 09:43:31 [self-0001-1-city] Map: 19 x 21 Turn: 70
2026-06-02 09:43:31 [self-0001-1-city] Route planned: Target = 370 Mode = reinforcement_waypoint city-free reachable tiles = 291 Fallback-Tiles = 292
2026-06-02 09:43:31 [self-0001-1-city] Move #49: 47 -> 66 | Army: 2 | Target-Terrain: 0 | Target: 370 | Half: False
2026-06-02 09:43:31 [self-0001-1-city] My general index: 28
2026-06-02 09:43:31 [self-0001-1-city] Enemy general index: None
2026-06-02 09:43:31 [self-0001-1-city] Visible enemy tiles: 5
2026-06-02 09:43:31 [self-0001-1-city] Tiles: 22 / 25
2026-06-02 09:43:31 [self-0001-1-city] Map: 19 x 21 Turn: 71
2026-06-02 09:43:31 [self-0001-1-city] Route planned: Target = 370 Mode = reinforcement_waypoint city-free reachable tiles = 291 Fallback-Tiles = 292
2026-06-02 09:43:31 [self-0001-1-city] Move #50: 28 -> 47 | Army: 9 | Target-Terrain: 0 | Target: 370 | Half: False
2026-06-02 09:43:32 [self-0001-1-city] My general index: 28
2026-06-02 09:43:32 [self-0001-1-city] Enemy general index: None
2026-06-02 09:43:32 [self-0001-1-city] Visible enemy tiles: 5
2026-06-02 09:43:32 [self-0001-1-city] Tiles: 22 / 25
2026-06-02 09:43:32 [self-0001-1-city] Map: 19 x 21 Turn: 72
2026-06-02 09:43:32 [self-0001-1-city] Route planned: Target = 370 Mode = reinforcement_waypoint city-free reachable tiles = 291 Fallback-Tiles = 292
2026-06-02 09:43:32 [self-0001-1-city] Move #51: 27 -> 28 | Army: 2 | Target-Terrain: 0 | Target: 370 | Half: False
2026-06-02 09:43:32 [self-0001-1-city] My general index: 28
2026-06-02 09:43:32 [self-0001-1-city] Enemy general index: None
2026-06-02 09:43:32 [self-0001-1-city] Visible enemy tiles: 5
2026-06-02 09:43:32 [self-0001-1-city] Tiles: 22 / 25
2026-06-02 09:43:32 [self-0001-1-city] Map: 19 x 21 Turn: 73
2026-06-02 09:43:32 [self-0001-1-city] Route planned: Target = 236 Mode = strategy city-free reachable tiles = 291 Fallback-Tiles = 292
2026-06-02 09:43:32 [self-0001-1-city] Move #52: 180 -> 179 | Army: 3 | Target-Terrain: -1 | Target: 236 | Half: False
2026-06-02 09:43:33 [self-0001-1-city] My general index: 28
2026-06-02 09:43:33 [self-0001-1-city] Enemy general index: None
2026-06-02 09:43:33 [self-0001-1-city] Visible enemy tiles: 5
2026-06-02 09:43:33 [self-0001-1-city] Tiles: 23 / 25
2026-06-02 09:43:33 [self-0001-1-city] Map: 19 x 21 Turn: 74
2026-06-02 09:43:33 [self-0001-1-city] Route planned: Target = 236 Mode = strategy city-free reachable tiles = 291 Fallback-Tiles = 292
2026-06-02 09:43:33 [self-0001-1-city] Priority agent: flow +6000 base = 43472 final = 49472
2026-06-02 09:43:33 [self-0001-1-city] Move #53: 179 -> 198 | Army: 2 | Target-Terrain: -1 | Target: 236 | Half: False
2026-06-02 09:43:33 [self-0001-1-city] My general index: 28
2026-06-02 09:43:33 [self-0001-1-city] Enemy general index: None
2026-06-02 09:43:33 [self-0001-1-city] Visible enemy tiles: 5
2026-06-02 09:43:33 [self-0001-1-city] Tiles: 24 / 25
2026-06-02 09:43:33 [self-0001-1-city] Map: 19 x 21 Turn: 75
2026-06-02 09:43:33 [self-0001-1-city] Route planned: Target = 236 Mode = strategy city-free reachable tiles = 291 Fallback-Tiles = 292
2026-06-02 09:43:33 [self-0001-1-city] Move #54: 142 -> 141 | Army: 3 | Target-Terrain: -1 | Target: 236 | Half: False
2026-06-02 09:43:34 [self-0001-1-city] My general index: 28
2026-06-02 09:43:34 [self-0001-1-city] Enemy general index: None
2026-06-02 09:43:34 [self-0001-1-city] Visible enemy tiles: 5
2026-06-02 09:43:34 [self-0001-1-city] Tiles: 25 / 25
2026-06-02 09:43:34 [self-0001-1-city] Map: 19 x 21 Turn: 76
2026-06-02 09:43:34 [self-0001-1-city] Route planned: Target = 236 Mode = strategy city-free reachable tiles = 291 Fallback-Tiles = 292
2026-06-02 09:43:34 [self-0001-1-city] Priority agent: flow +6000 base = 42492 final = 48492
2026-06-02 09:43:34 [self-0001-1-city] Move #55: 141 -> 160 | Army: 2 | Target-Terrain: -1 | Target: 236 | Half: False
2026-06-02 09:43:34 [self-0001-1-city] My general index: 28
2026-06-02 09:43:34 [self-0001-1-city] Enemy general index: None
2026-06-02 09:43:34 [self-0001-1-city] Visible enemy tiles: 5
2026-06-02 09:43:34 [self-0001-1-city] Tiles: 26 / 25
2026-06-02 09:43:34 [self-0001-1-city] Map: 19 x 21 Turn: 77
2026-06-02 09:43:34 [self-0001-1-city] Route planned: Target = 236 Mode = strategy city-free reachable tiles = 291 Fallback-Tiles = 292
2026-06-02 09:43:34 [self-0001-1-city] Move #56: 104 -> 123 | Army: 16 | Target-Terrain: 0 | Target: 236 | Half: False
2026-06-02 09:43:35 [self-0001-1-city] My general index: 28
2026-06-02 09:43:35 [self-0001-1-city] Enemy general index: None
2026-06-02 09:43:35 [self-0001-1-city] Visible enemy tiles: 5
2026-06-02 09:43:35 [self-0001-1-city] Tiles: 26 / 25
2026-06-02 09:43:35 [self-0001-1-city] Map: 19 x 21 Turn: 78
2026-06-02 09:43:35 [self-0001-1-city] Route planned: Target = 236 Mode = strategy city-free reachable tiles = 291 Fallback-Tiles = 292
2026-06-02 09:43:35 [self-0001-1-city] Move #57: 66 -> 85 | Army: 2 | Target-Terrain: 0 | Target: 236 | Half: False
2026-06-02 09:43:35 [self-0001-1-city] My general index: 28
2026-06-02 09:43:35 [self-0001-1-city] Enemy general index: None
2026-06-02 09:43:35 [self-0001-1-city] Visible enemy tiles: 5
2026-06-02 09:43:35 [self-0001-1-city] Tiles: 26 / 25
2026-06-02 09:43:35 [self-0001-1-city] Map: 19 x 21 Turn: 79
2026-06-02 09:43:35 [self-0001-1-city] Route planned: Target = 236 Mode = strategy city-free reachable tiles = 291 Fallback-Tiles = 292
2026-06-02 09:43:35 [self-0001-1-city] Move #58: 86 -> 85 | Army: 2 | Target-Terrain: 0 | Target: 236 | Half: False
2026-06-02 09:43:36 [self-0001-1-city] My general index: 28
2026-06-02 09:43:36 [self-0001-1-city] Enemy general index: None
2026-06-02 09:43:36 [self-0001-1-city] Visible enemy tiles: 5
2026-06-02 09:43:36 [self-0001-1-city] Tiles: 26 / 25
2026-06-02 09:43:36 [self-0001-1-city] Map: 19 x 21 Turn: 80
2026-06-02 09:43:36 [self-0001-1-city] Route planned: Target = 236 Mode = strategy city-free reachable tiles = 291 Fallback-Tiles = 292
2026-06-02 09:43:36 [self-0001-1-city] Move #59: 47 -> 46 | Army: 9 | Target-Terrain: 0 | Target: 236 | Half: False
2026-06-02 09:43:36 [self-0001-1-city] My general index: 28
2026-06-02 09:43:36 [self-0001-1-city] Enemy general index: None
2026-06-02 09:43:36 [self-0001-1-city] Visible enemy tiles: 3
2026-06-02 09:43:36 [self-0001-1-city] Tiles: 25 / 26
2026-06-02 09:43:36 [self-0001-1-city] Map: 19 x 21 Turn: 81
2026-06-02 09:43:36 [self-0001-1-city] Route planned: Target = 237 Mode = strategy city-free reachable tiles = 291 Fallback-Tiles = 292
2026-06-02 09:43:36 [self-0001-1-city] Priority agent: fresh target pullback -12000, flow +6000 base = 32559 final = 26559
2026-06-02 09:43:36 [self-0001-1-city] Move #60: 46 -> 65 | Army: 9 | Target-Terrain: 0 | Target: 237 | Half: False
2026-06-02 09:43:37 [self-0001-1-city] My general index: 28
2026-06-02 09:43:37 [self-0001-1-city] Enemy general index: None
2026-06-02 09:43:37 [self-0001-1-city] Visible enemy tiles: 3
2026-06-02 09:43:37 [self-0001-1-city] Tiles: 24 / 27
2026-06-02 09:43:37 [self-0001-1-city] Map: 19 x 21 Turn: 82
2026-06-02 09:43:37 [self-0001-1-city] Route planned: Target = 237 Mode = strategy city-free reachable tiles = 291 Fallback-Tiles = 292
2026-06-02 09:43:37 [self-0001-1-city] Move #61: 123 -> 142 | Army: 16 | Target-Terrain: 0 | Target: 237 | Half: False
2026-06-02 09:43:37 [self-0001-1-city] My general index: 28
2026-06-02 09:43:37 [self-0001-1-city] Enemy general index: None
2026-06-02 09:43:37 [self-0001-1-city] Visible enemy tiles: 4
2026-06-02 09:43:37 [self-0001-1-city] Tiles: 23 / 28
2026-06-02 09:43:37 [self-0001-1-city] Map: 19 x 21 Turn: 83
2026-06-02 09:43:37 [self-0001-1-city] Route planned: Target = 237 Mode = strategy city-free reachable tiles = 291 Fallback-Tiles = 292
2026-06-02 09:43:37 [self-0001-1-city] Priority agent: fresh target pullback -12000, flow +6000 base = 37306 final = 31306
2026-06-02 09:43:37 [self-0001-1-city] Move #62: 142 -> 161 | Army: 16 | Target-Terrain: 0 | Target: 237 | Half: False
2026-06-02 09:43:38 [self-0001-1-city] My general index: 28
2026-06-02 09:43:38 [self-0001-1-city] Enemy general index: None
2026-06-02 09:43:38 [self-0001-1-city] Visible enemy tiles: 5
2026-06-02 09:43:38 [self-0001-1-city] Tiles: 22 / 29
2026-06-02 09:43:38 [self-0001-1-city] Map: 19 x 21 Turn: 84
2026-06-02 09:43:38 [self-0001-1-city] Route planned: Target = 142 Mode = defense city-free reachable tiles = 291 Fallback-Tiles = 292
2026-06-02 09:43:38 [self-0001-1-city] Priority agent: reverse -35000, edge reuse -9000 base = 208866 final = 164866
2026-06-02 09:43:38 [self-0001-1-city] Move #63: 161 -> 142 | Army: 16 | Target-Terrain: 0 | Target: 142 | Half: False
2026-06-02 09:43:38 [self-0001-1-city] My general index: 28
2026-06-02 09:43:38 [self-0001-1-city] Enemy general index: None
2026-06-02 09:43:38 [self-0001-1-city] Visible enemy tiles: 6
2026-06-02 09:43:38 [self-0001-1-city] Tiles: 21 / 30
2026-06-02 09:43:38 [self-0001-1-city] Map: 19 x 21 Turn: 85
2026-06-02 09:43:38 [self-0001-1-city] Route planned: Target = 142 Mode = defense city-free reachable tiles = 291 Fallback-Tiles = 292
2026-06-02 09:43:38 [self-0001-1-city] Move #64: 85 -> 104 | Army: 3 | Target-Terrain: 0 | Target: 142 | Half: False
2026-06-02 09:43:39 [self-0001-1-city] My general index: 28
2026-06-02 09:43:39 [self-0001-1-city] Enemy general index: None
2026-06-02 09:43:39 [self-0001-1-city] Visible enemy tiles: 7
2026-06-02 09:43:39 [self-0001-1-city] Tiles: 20 / 31
2026-06-02 09:43:39 [self-0001-1-city] Map: 19 x 21 Turn: 86
2026-06-02 09:43:39 [self-0001-1-city] Route planned: Target = 142 Mode = defense city-free reachable tiles = 291 Fallback-Tiles = 292
2026-06-02 09:43:39 [self-0001-1-city] Priority agent: edge reuse -9000, flow +6000 base = 125063 final = 122063
2026-06-02 09:43:39 [self-0001-1-city] Move #65: 104 -> 123 | Army: 3 | Target-Terrain: 0 | Target: 142 | Half: False
2026-06-02 09:43:39 [self-0001-1-city] My general index: 28
2026-06-02 09:43:39 [self-0001-1-city] Enemy general index: None
2026-06-02 09:43:39 [self-0001-1-city] Visible enemy tiles: 2
2026-06-02 09:43:39 [self-0001-1-city] Tiles: 19 / 32
2026-06-02 09:43:39 [self-0001-1-city] Map: 19 x 21 Turn: 87
2026-06-02 09:43:39 [self-0001-1-city] Route planned: Target = 142 Mode = defense city-free reachable tiles = 291 Fallback-Tiles = 291
2026-06-02 09:43:39 [self-0001-1-city] Priority agent: edge reuse -9000, flow +6000 base = 215553 final = 212553
2026-06-02 09:43:39 [self-0001-1-city] Move #66: 123 -> 142 | Army: 3 | Target-Terrain: 0 | Target: 142 | Half: False
2026-06-02 09:43:40 [self-0001-1-city] My general index: 28
2026-06-02 09:43:40 [self-0001-1-city] Enemy general index: None
2026-06-02 09:43:40 [self-0001-1-city] Visible enemy tiles: 2
2026-06-02 09:43:40 [self-0001-1-city] Tiles: 19 / 32
2026-06-02 09:43:40 [self-0001-1-city] Map: 19 x 21 Turn: 88
2026-06-02 09:43:40 [self-0001-1-city] Route planned: Target = 142 Mode = defense city-free reachable tiles = 291 Fallback-Tiles = 291
2026-06-02 09:43:40 [self-0001-1-city] Move #67: 65 -> 66 | Army: 9 | Target-Terrain: 0 | Target: 142 | Half: False
2026-06-02 09:43:40 [self-0001-1-city] My general index: 28
2026-06-02 09:43:40 [self-0001-1-city] Enemy general index: None
2026-06-02 09:43:40 [self-0001-1-city] Visible enemy tiles: 2
2026-06-02 09:43:40 [self-0001-1-city] Tiles: 19 / 32
2026-06-02 09:43:40 [self-0001-1-city] Map: 19 x 21 Turn: 89
2026-06-02 09:43:40 [self-0001-1-city] Route planned: Target = 142 Mode = defense city-free reachable tiles = 291 Fallback-Tiles = 291
2026-06-02 09:43:40 [self-0001-1-city] Move #68: 28 -> 47 | Army: 11 | Target-Terrain: 0 | Target: 142 | Half: False
2026-06-02 09:43:41 [self-0001-1-city] My general index: 28
2026-06-02 09:43:41 [self-0001-1-city] Enemy general index: None
2026-06-02 09:43:41 [self-0001-1-city] Visible enemy tiles: 2
2026-06-02 09:43:41 [self-0001-1-city] Tiles: 19 / 32
2026-06-02 09:43:41 [self-0001-1-city] Map: 19 x 21 Turn: 90
2026-06-02 09:43:41 [self-0001-1-city] Route planned: Target = 142 Mode = defense city-free reachable tiles = 291 Fallback-Tiles = 291
2026-06-02 09:43:41 [self-0001-1-city] Priority agent: flow +6000 base = 125401 final = 131401
2026-06-02 09:43:41 [self-0001-1-city] Move #69: 47 -> 66 | Army: 11 | Target-Terrain: 0 | Target: 142 | Half: False
2026-06-02 09:43:41 [self-0001-1-city] My general index: 28
2026-06-02 09:43:41 [self-0001-1-city] Enemy general index: None
2026-06-02 09:43:41 [self-0001-1-city] Visible enemy tiles: 2
2026-06-02 09:43:41 [self-0001-1-city] Tiles: 19 / 32
2026-06-02 09:43:41 [self-0001-1-city] Map: 19 x 21 Turn: 91
2026-06-02 09:43:41 [self-0001-1-city] Route planned: Target = 142 Mode = defense city-free reachable tiles = 291 Fallback-Tiles = 291
2026-06-02 09:43:41 [self-0001-1-city] Priority agent: edge reuse -9000 base = 121302 final = 112302
2026-06-02 09:43:41 [self-0001-1-city] Move #70: 28 -> 47 | Army: 2 | Target-Terrain: 0 | Target: 142 | Half: False
2026-06-02 09:43:42 [self-0001-1-city] My general index: 28
2026-06-02 09:43:42 [self-0001-1-city] Enemy general index: None
2026-06-02 09:43:42 [self-0001-1-city] Visible enemy tiles: 2
2026-06-02 09:43:42 [self-0001-1-city] Tiles: 19 / 32
2026-06-02 09:43:42 [self-0001-1-city] Map: 19 x 21 Turn: 92
2026-06-02 09:43:42 [self-0001-1-city] Route planned: Target = 142 Mode = defense city-free reachable tiles = 291 Fallback-Tiles = 291
2026-06-02 09:43:42 [self-0001-1-city] Priority agent: edge reuse -9000, flow +6000 base = 109392 final = 106392
2026-06-02 09:43:42 [self-0001-1-city] Move #71: 47 -> 66 | Army: 2 | Target-Terrain: 0 | Target: 142 | Half: False
2026-06-02 09:43:42 [self-0001-1-city] My general index: 28
2026-06-02 09:43:42 [self-0001-1-city] Enemy general index: None
2026-06-02 09:43:42 [self-0001-1-city] Visible enemy tiles: 2
2026-06-02 09:43:42 [self-0001-1-city] Tiles: 19 / 32
2026-06-02 09:43:42 [self-0001-1-city] Map: 19 x 21 Turn: 93
2026-06-02 09:43:42 [self-0001-1-city] Route planned: Target = 142 Mode = defense city-free reachable tiles = 291 Fallback-Tiles = 291
2026-06-02 09:43:42 [self-0001-1-city] Priority agent: flow +6000 base = 125500 final = 131500
2026-06-02 09:43:42 [self-0001-1-city] Move #72: 66 -> 85 | Army: 20 | Target-Terrain: 0 | Target: 142 | Half: False
2026-06-02 09:43:43 [self-0001-1-city] My general index: 28
2026-06-02 09:43:43 [self-0001-1-city] Enemy general index: None
2026-06-02 09:43:43 [self-0001-1-city] Visible enemy tiles: 2
2026-06-02 09:43:43 [self-0001-1-city] Tiles: 19 / 32
2026-06-02 09:43:43 [self-0001-1-city] Map: 19 x 21 Turn: 94
2026-06-02 09:43:43 [self-0001-1-city] Route planned: Target = 142 Mode = defense city-free reachable tiles = 291 Fallback-Tiles = 291
2026-06-02 09:43:43 [self-0001-1-city] Priority agent: edge reuse -9000, flow +6000 base = 125590 final = 122590
2026-06-02 09:43:43 [self-0001-1-city] Move #73: 85 -> 104 | Army: 20 | Target-Terrain: 0 | Target: 142 | Half: False
2026-06-02 09:43:43 [self-0001-1-city] My general index: 28
2026-06-02 09:43:43 [self-0001-1-city] Enemy general index: None
2026-06-02 09:43:43 [self-0001-1-city] Visible enemy tiles: 2
2026-06-02 09:43:43 [self-0001-1-city] Tiles: 19 / 32
2026-06-02 09:43:43 [self-0001-1-city] Map: 19 x 21 Turn: 95
2026-06-02 09:43:43 [self-0001-1-city] Route planned: Target = 142 Mode = defense city-free reachable tiles = 291 Fallback-Tiles = 291
2026-06-02 09:43:43 [self-0001-1-city] Priority agent: edge reuse -9000, flow +6000 base = 126880 final = 123880
2026-06-02 09:43:43 [self-0001-1-city] Move #74: 104 -> 123 | Army: 20 | Target-Terrain: 0 | Target: 142 | Half: False
2026-06-02 09:43:44 [self-0001-1-city] My general index: 28
2026-06-02 09:43:44 [self-0001-1-city] Enemy general index: None
2026-06-02 09:43:44 [self-0001-1-city] Visible enemy tiles: 2
2026-06-02 09:43:44 [self-0001-1-city] Tiles: 19 / 32
2026-06-02 09:43:44 [self-0001-1-city] Map: 19 x 21 Turn: 96
2026-06-02 09:43:44 [self-0001-1-city] Route planned: Target = 142 Mode = defense city-free reachable tiles = 291 Fallback-Tiles = 291
2026-06-02 09:43:44 [self-0001-1-city] Priority agent: edge reuse -18000, flow +6000 base = 202370 final = 190370
2026-06-02 09:43:44 [self-0001-1-city] Move #75: 123 -> 142 | Army: 20 | Target-Terrain: 0 | Target: 142 | Half: False
2026-06-02 09:43:44 [self-0001-1-city] Coach: catch_up_expand tiles 19/32 army 58/57 cities 0/0 enemy_city_suspect False bias {'expansion_bias': 1.3, 'city_bias': 0.8, 'attack_bias': 0.1, 'defense_bias': 0.0, 'route_bias': 0.7}
2026-06-02 09:43:44 [self-0001-1-city] My general index: 28
2026-06-02 09:43:44 [self-0001-1-city] Enemy general index: None
2026-06-02 09:43:44 [self-0001-1-city] Visible enemy tiles: 2
2026-06-02 09:43:44 [self-0001-1-city] Tiles: 19 / 32
2026-06-02 09:43:44 [self-0001-1-city] Map: 19 x 21 Turn: 97
2026-06-02 09:43:44 [self-0001-1-city] Reinforcement waypoint: 161 final target = 237 turns until reinforcement = 3
2026-06-02 09:43:44 [self-0001-1-city] Route planned: Target = 161 Mode = reinforcement_waypoint city-free reachable tiles = 291 Fallback-Tiles = 291
2026-06-02 09:43:44 [self-0001-1-city] Priority agent: flow +6000 base = 33007 final = 39007
2026-06-02 09:43:44 [self-0001-1-city] Move #76: 142 -> 143 | Army: 37 | Target-Terrain: -1 | Target: 161 | Half: False
2026-06-02 09:43:45 [self-0001-1-city] My general index: 28
2026-06-02 09:43:45 [self-0001-1-city] Enemy general index: None
2026-06-02 09:43:45 [self-0001-1-city] Visible enemy tiles: 2
2026-06-02 09:43:45 [self-0001-1-city] Tiles: 20 / 32
2026-06-02 09:43:45 [self-0001-1-city] Map: 19 x 21 Turn: 98
2026-06-02 09:43:45 [self-0001-1-city] Route planned: Target = 142 Mode = defense city-free reachable tiles = 291 Fallback-Tiles = 291
2026-06-02 09:43:45 [self-0001-1-city] Priority agent: reverse -35000, edge reuse -9000 base = 197386 final = 153386
2026-06-02 09:43:45 [self-0001-1-city] Move #77: 143 -> 142 | Army: 36 | Target-Terrain: 0 | Target: 142 | Half: False
2026-06-02 09:43:45 [self-0001-1-city] My general index: 28
2026-06-02 09:43:45 [self-0001-1-city] Enemy general index: None
2026-06-02 09:43:45 [self-0001-1-city] Visible enemy tiles: 2
2026-06-02 09:43:45 [self-0001-1-city] Tiles: 20 / 32
2026-06-02 09:43:45 [self-0001-1-city] Map: 19 x 21 Turn: 99
2026-06-02 09:43:45 [self-0001-1-city] Reinforcement waypoint: 161 final target = 237 turns until reinforcement = 1
2026-06-02 09:43:45 [self-0001-1-city] Route planned: Target = 161 Mode = reinforcement_waypoint city-free reachable tiles = 291 Fallback-Tiles = 291
2026-06-02 09:43:45 [self-0001-1-city] Priority agent: fresh target pullback -12000, flow +6000 base = 42786 final = 36786
2026-06-02 09:43:45 [self-0001-1-city] Move #78: 142 -> 161 | Army: 36 | Target-Terrain: 0 | Target: 161 | Half: False
2026-06-02 09:43:46 [self-0001-1-city] My general index: 28
2026-06-02 09:43:46 [self-0001-1-city] Enemy general index: None
2026-06-02 09:43:46 [self-0001-1-city] Visible enemy tiles: 2
2026-06-02 09:43:46 [self-0001-1-city] Tiles: 20 / 32
2026-06-02 09:43:46 [self-0001-1-city] Map: 19 x 21 Turn: 100
2026-06-02 09:43:46 [self-0001-1-city] Route planned: Target = 142 Mode = defense city-free reachable tiles = 291 Fallback-Tiles = 291
2026-06-02 09:43:46 [self-0001-1-city] Move #79: 141 -> 142 | Army: 2 | Target-Terrain: 0 | Target: 142 | Half: False
2026-06-02 09:43:46 [self-0001-1-city] My general index: 28
2026-06-02 09:43:46 [self-0001-1-city] Enemy general index: None
2026-06-02 09:43:46 [self-0001-1-city] Visible enemy tiles: 2
2026-06-02 09:43:46 [self-0001-1-city] Tiles: 20 / 33
2026-06-02 09:43:46 [self-0001-1-city] Map: 19 x 21 Turn: 101
2026-06-02 09:43:46 [self-0001-1-city] Route planned: Target = 142 Mode = defense city-free reachable tiles = 291 Fallback-Tiles = 291
2026-06-02 09:43:46 [self-0001-1-city] Priority agent: edge reuse -9000 base = 194287 final = 185287
2026-06-02 09:43:46 [self-0001-1-city] Move #80: 161 -> 142 | Army: 37 | Target-Terrain: 0 | Target: 142 | Half: False
2026-06-02 09:43:47 [self-0001-1-city] My general index: 28
2026-06-02 09:43:47 [self-0001-1-city] Enemy general index: None
2026-06-02 09:43:47 [self-0001-1-city] Visible enemy tiles: 2
2026-06-02 09:43:47 [self-0001-1-city] Tiles: 20 / 34
2026-06-02 09:43:47 [self-0001-1-city] Map: 19 x 21 Turn: 102
2026-06-02 09:43:47 [self-0001-1-city] Route planned: Target = 237 Mode = defense city-free reachable tiles = 291 Fallback-Tiles = 291
2026-06-02 09:43:47 [self-0001-1-city] Move #81: 143 -> 162 | Army: 2 | Target-Terrain: -1 | Target: 237 | Half: False
2026-06-02 09:43:47 [self-0001-1-city] My general index: 28
2026-06-02 09:43:47 [self-0001-1-city] Enemy general index: None
2026-06-02 09:43:47 [self-0001-1-city] Visible enemy tiles: 2
2026-06-02 09:43:47 [self-0001-1-city] Tiles: 21 / 35
2026-06-02 09:43:47 [self-0001-1-city] Map: 19 x 21 Turn: 103
2026-06-02 09:43:47 [self-0001-1-city] Route planned: Target = 237 Mode = defense city-free reachable tiles = 291 Fallback-Tiles = 291
2026-06-02 09:43:47 [self-0001-1-city] Move #82: 122 -> 121 | Army: 2 | Target-Terrain: -1 | Target: 237 | Half: False
2026-06-02 09:43:48 [self-0001-1-city] My general index: 28
2026-06-02 09:43:48 [self-0001-1-city] Enemy general index: None
2026-06-02 09:43:48 [self-0001-1-city] Visible enemy tiles: 2
2026-06-02 09:43:48 [self-0001-1-city] Tiles: 22 / 36
2026-06-02 09:43:48 [self-0001-1-city] Map: 19 x 21 Turn: 104
2026-06-02 09:43:48 [self-0001-1-city] Route planned: Target = 237 Mode = defense city-free reachable tiles = 291 Fallback-Tiles = 292
2026-06-02 09:43:48 [self-0001-1-city] Move #83: 84 -> 83 | Army: 2 | Target-Terrain: -1 | Target: 237 | Half: False
2026-06-02 09:43:48 [self-0001-1-city] My general index: 28
2026-06-02 09:43:48 [self-0001-1-city] Enemy general index: None
2026-06-02 09:43:48 [self-0001-1-city] Visible enemy tiles: 2
2026-06-02 09:43:48 [self-0001-1-city] Tiles: 23 / 37
2026-06-02 09:43:48 [self-0001-1-city] Map: 19 x 21 Turn: 105
2026-06-02 09:43:48 [self-0001-1-city] Route planned: Target = 237 Mode = defense city-free reachable tiles = 291 Fallback-Tiles = 292
2026-06-02 09:43:48 [self-0001-1-city] Move #84: 65 -> 64 | Army: 2 | Target-Terrain: -1 | Target: 237 | Half: False
2026-06-02 09:43:49 [self-0001-1-city] My general index: 28
2026-06-02 09:43:49 [self-0001-1-city] Enemy general index: None
2026-06-02 09:43:49 [self-0001-1-city] Visible enemy tiles: 2
2026-06-02 09:43:49 [self-0001-1-city] Tiles: 24 / 38
2026-06-02 09:43:49 [self-0001-1-city] Map: 19 x 21 Turn: 106
2026-06-02 09:43:49 [self-0001-1-city] Route planned: Target = 237 Mode = defense city-free reachable tiles = 291 Fallback-Tiles = 292
2026-06-02 09:43:49 [self-0001-1-city] Move #85: 28 -> 47 | Army: 10 | Target-Terrain: 0 | Target: 237 | Half: False
2026-06-02 09:43:49 [self-0001-1-city] My general index: 28
2026-06-02 09:43:49 [self-0001-1-city] Enemy general index: None
2026-06-02 09:43:49 [self-0001-1-city] Visible enemy tiles: 2
2026-06-02 09:43:49 [self-0001-1-city] Tiles: 24 / 38
2026-06-02 09:43:49 [self-0001-1-city] Map: 19 x 21 Turn: 107
2026-06-02 09:43:49 [self-0001-1-city] Route planned: Target = 237 Mode = defense city-free reachable tiles = 291 Fallback-Tiles = 292
2026-06-02 09:43:49 [self-0001-1-city] Priority agent: fresh target pullback -12000, flow +6000 base = 41651 final = 35651
2026-06-02 09:43:49 [self-0001-1-city] Move #86: 47 -> 66 | Army: 11 | Target-Terrain: 0 | Target: 237 | Half: False
2026-06-02 09:43:50 [self-0001-1-city] My general index: 28
2026-06-02 09:43:50 [self-0001-1-city] Enemy general index: None
2026-06-02 09:43:50 [self-0001-1-city] Visible enemy tiles: 2
2026-06-02 09:43:50 [self-0001-1-city] Tiles: 24 / 38
2026-06-02 09:43:50 [self-0001-1-city] Map: 19 x 21 Turn: 108
2026-06-02 09:43:50 [self-0001-1-city] Route planned: Target = 237 Mode = defense city-free reachable tiles = 291 Fallback-Tiles = 292
2026-06-02 09:43:50 [self-0001-1-city] Priority agent: fresh target pullback -12000, flow +6000 base = 41742 final = 35742
2026-06-02 09:43:50 [self-0001-1-city] Move #87: 66 -> 85 | Army: 12 | Target-Terrain: 0 | Target: 237 | Half: False
2026-06-02 09:43:50 [self-0001-1-city] My general index: 28
2026-06-02 09:43:50 [self-0001-1-city] Enemy general index: None
2026-06-02 09:43:50 [self-0001-1-city] Visible enemy tiles: 2
2026-06-02 09:43:50 [self-0001-1-city] Tiles: 24 / 38
2026-06-02 09:43:50 [self-0001-1-city] Map: 19 x 21 Turn: 109
2026-06-02 09:43:50 [self-0001-1-city] Route planned: Target = 237 Mode = defense city-free reachable tiles = 291 Fallback-Tiles = 292
2026-06-02 09:43:50 [self-0001-1-city] Move #88: 86 -> 85 | Army: 2 | Target-Terrain: 0 | Target: 237 | Half: False
2026-06-02 09:43:51 [self-0001-1-city] My general index: 28
2026-06-02 09:43:51 [self-0001-1-city] Enemy general index: None
2026-06-02 09:43:51 [self-0001-1-city] Visible enemy tiles: 2
2026-06-02 09:43:51 [self-0001-1-city] Tiles: 24 / 38
2026-06-02 09:43:51 [self-0001-1-city] Map: 19 x 21 Turn: 110
2026-06-02 09:43:51 [self-0001-1-city] Route planned: Target = 237 Mode = defense city-free reachable tiles = 291 Fallback-Tiles = 292
2026-06-02 09:43:51 [self-0001-1-city] Move #89: 67 -> 86 | Army: 2 | Target-Terrain: 0 | Target: 237 | Half: False
2026-06-02 09:43:51 [self-0001-1-city] My general index: 28
2026-06-02 09:43:51 [self-0001-1-city] Enemy general index: None
2026-06-02 09:43:51 [self-0001-1-city] Visible enemy tiles: 2
2026-06-02 09:43:51 [self-0001-1-city] Tiles: 24 / 38
2026-06-02 09:43:51 [self-0001-1-city] Map: 19 x 21 Turn: 111
2026-06-02 09:43:51 [self-0001-1-city] Route planned: Target = 237 Mode = defense city-free reachable tiles = 291 Fallback-Tiles = 292
2026-06-02 09:43:51 [self-0001-1-city] Move #90: 46 -> 65 | Army: 2 | Target-Terrain: 0 | Target: 237 | Half: False
2026-06-02 09:43:52 [self-0001-1-city] My general index: 28
2026-06-02 09:43:52 [self-0001-1-city] Enemy general index: None
2026-06-02 09:43:52 [self-0001-1-city] Visible enemy tiles: 2
2026-06-02 09:43:52 [self-0001-1-city] Tiles: 24 / 38
2026-06-02 09:43:52 [self-0001-1-city] Map: 19 x 21 Turn: 112
2026-06-02 09:43:52 [self-0001-1-city] Route planned: Target = 237 Mode = defense city-free reachable tiles = 291 Fallback-Tiles = 292
2026-06-02 09:43:52 [self-0001-1-city] Move #91: 48 -> 67 | Army: 2 | Target-Terrain: 0 | Target: 237 | Half: False
2026-06-02 09:43:52 [self-0001-1-city] My general index: 28
2026-06-02 09:43:52 [self-0001-1-city] Enemy general index: None
2026-06-02 09:43:52 [self-0001-1-city] Visible enemy tiles: 2
2026-06-02 09:43:52 [self-0001-1-city] Tiles: 24 / 38
2026-06-02 09:43:52 [self-0001-1-city] Map: 19 x 21 Turn: 113
2026-06-02 09:43:52 [self-0001-1-city] Route planned: Target = 237 Mode = defense city-free reachable tiles = 291 Fallback-Tiles = 292
2026-06-02 09:43:52 [self-0001-1-city] Move #92: 27 -> 46 | Army: 2 | Target-Terrain: 0 | Target: 237 | Half: False
2026-06-02 09:43:53 [self-0001-1-city] My general index: 28
2026-06-02 09:43:53 [self-0001-1-city] Enemy general index: None
2026-06-02 09:43:53 [self-0001-1-city] Visible enemy tiles: 2
2026-06-02 09:43:53 [self-0001-1-city] Tiles: 24 / 38
2026-06-02 09:43:53 [self-0001-1-city] Map: 19 x 21 Turn: 114
2026-06-02 09:43:53 [self-0001-1-city] Route planned: Target = 237 Mode = defense city-free reachable tiles = 291 Fallback-Tiles = 292
2026-06-02 09:43:53 [self-0001-1-city] Move #93: 85 -> 104 | Army: 14 | Target-Terrain: 0 | Target: 237 | Half: False
2026-06-02 09:43:53 [self-0001-1-city] My general index: 28
2026-06-02 09:43:53 [self-0001-1-city] Enemy general index: None
2026-06-02 09:43:53 [self-0001-1-city] Visible enemy tiles: 2
2026-06-02 09:43:53 [self-0001-1-city] Tiles: 24 / 38
2026-06-02 09:43:53 [self-0001-1-city] Map: 19 x 21 Turn: 115
2026-06-02 09:43:53 [self-0001-1-city] Route planned: Target = 237 Mode = defense city-free reachable tiles = 291 Fallback-Tiles = 292
2026-06-02 09:43:53 [self-0001-1-city] Move #94: 160 -> 161 | Army: 2 | Target-Terrain: 0 | Target: 237 | Half: False
2026-06-02 09:43:54 [self-0001-1-city] My general index: 28
2026-06-02 09:43:54 [self-0001-1-city] Enemy general index: None
2026-06-02 09:43:54 [self-0001-1-city] Visible enemy tiles: 2
2026-06-02 09:43:54 [self-0001-1-city] Tiles: 24 / 38
2026-06-02 09:43:54 [self-0001-1-city] Map: 19 x 21 Turn: 116
2026-06-02 09:43:54 [self-0001-1-city] Route planned: Target = 237 Mode = defense city-free reachable tiles = 291 Fallback-Tiles = 292
2026-06-02 09:43:54 [self-0001-1-city] Move #95: 65 -> 84 | Army: 2 | Target-Terrain: 0 | Target: 237 | Half: False
2026-06-02 09:43:54 [self-0001-1-city] My general index: 28
2026-06-02 09:43:54 [self-0001-1-city] Enemy general index: None
2026-06-02 09:43:54 [self-0001-1-city] Visible enemy tiles: 2
2026-06-02 09:43:54 [self-0001-1-city] Tiles: 24 / 39
2026-06-02 09:43:54 [self-0001-1-city] Map: 19 x 21 Turn: 117
2026-06-02 09:43:54 [self-0001-1-city] Route planned: Target = 237 Mode = defense city-free reachable tiles = 291 Fallback-Tiles = 292
2026-06-02 09:43:54 [self-0001-1-city] Move #96: 67 -> 66 | Army: 2 | Target-Terrain: 0 | Target: 237 | Half: False
2026-06-02 09:43:55 [self-0001-1-city] My general index: 28
2026-06-02 09:43:55 [self-0001-1-city] Enemy general index: None
2026-06-02 09:43:55 [self-0001-1-city] Visible enemy tiles: 2
2026-06-02 09:43:55 [self-0001-1-city] Tiles: 24 / 39
2026-06-02 09:43:55 [self-0001-1-city] Map: 19 x 21 Turn: 118
2026-06-02 09:43:55 [self-0001-1-city] Route planned: Target = 237 Mode = defense city-free reachable tiles = 291 Fallback-Tiles = 292
2026-06-02 09:43:55 [self-0001-1-city] Move #97: 142 -> 161 | Army: 39 | Target-Terrain: 0 | Target: 237 | Half: False
2026-06-02 09:43:55 [self-0001-1-city] My general index: 28
2026-06-02 09:43:55 [self-0001-1-city] Enemy general index: None
2026-06-02 09:43:55 [self-0001-1-city] Visible enemy tiles: 2
2026-06-02 09:43:55 [self-0001-1-city] Tiles: 24 / 39
2026-06-02 09:43:55 [self-0001-1-city] Map: 19 x 21 Turn: 119
2026-06-02 09:43:55 [self-0001-1-city] Route planned: Target = 142 Mode = defense city-free reachable tiles = 291 Fallback-Tiles = 292
2026-06-02 09:43:55 [self-0001-1-city] Move #98: 123 -> 142 | Army: 2 | Target-Terrain: 0 | Target: 142 | Half: False
2026-06-02 09:43:56 [self-0001-1-city] My general index: 28
2026-06-02 09:43:56 [self-0001-1-city] Enemy general index: None
2026-06-02 09:43:56 [self-0001-1-city] Visible enemy tiles: 2
2026-06-02 09:43:56 [self-0001-1-city] Tiles: 24 / 39
2026-06-02 09:43:56 [self-0001-1-city] Map: 19 x 21 Turn: 120
2026-06-02 09:43:56 [self-0001-1-city] Route planned: Target = 142 Mode = defense city-free reachable tiles = 291 Fallback-Tiles = 292
2026-06-02 09:43:56 [self-0001-1-city] Priority agent: edge reuse -9000 base = 210590 final = 201590
2026-06-02 09:43:56 [self-0001-1-city] Move #99: 161 -> 142 | Army: 40 | Target-Terrain: 0 | Target: 142 | Half: False
2026-06-02 09:43:56 [self-0001-1-city] My general index: 28
2026-06-02 09:43:56 [self-0001-1-city] Enemy general index: None
2026-06-02 09:43:56 [self-0001-1-city] Visible enemy tiles: 2
2026-06-02 09:43:56 [self-0001-1-city] Tiles: 24 / 39
2026-06-02 09:43:56 [self-0001-1-city] Map: 19 x 21 Turn: 121
2026-06-02 09:43:56 [self-0001-1-city] Route planned: Target = 237 Mode = defense city-free reachable tiles = 291 Fallback-Tiles = 292
2026-06-02 09:43:56 [self-0001-1-city] Move #100: 84 -> 103 | Army: 2 | Target-Terrain: 0 | Target: 237 | Half: False
2026-06-02 09:43:57 [self-0001-1-city] My general index: 28
2026-06-02 09:43:57 [self-0001-1-city] Enemy general index: None
2026-06-02 09:43:57 [self-0001-1-city] Visible enemy tiles: 2
2026-06-02 09:43:57 [self-0001-1-city] Tiles: 24 / 40
2026-06-02 09:43:57 [self-0001-1-city] Map: 19 x 21 Turn: 122
2026-06-02 09:43:57 [self-0001-1-city] Route planned: Target = 237 Mode = defense city-free reachable tiles = 291 Fallback-Tiles = 292
2026-06-02 09:43:57 [self-0001-1-city] Priority agent: flow +6000 base = 32793 final = 38793
2026-06-02 09:43:57 [self-0001-1-city] Move #101: 103 -> 102 | Army: 3 | Target-Terrain: -1 | Target: 237 | Half: False
2026-06-02 09:43:57 [self-0001-1-city] My general index: 28
2026-06-02 09:43:57 [self-0001-1-city] Enemy general index: None
2026-06-02 09:43:57 [self-0001-1-city] Visible enemy tiles: 2
2026-06-02 09:43:57 [self-0001-1-city] Tiles: 25 / 40
2026-06-02 09:43:57 [self-0001-1-city] Map: 19 x 21 Turn: 123
2026-06-02 09:43:57 [self-0001-1-city] Route planned: Target = 237 Mode = defense city-free reachable tiles = 291 Fallback-Tiles = 292
2026-06-02 09:43:57 [self-0001-1-city] Move #102: 66 -> 85 | Army: 2 | Target-Terrain: 0 | Target: 237 | Half: False
2026-06-02 09:43:58 [self-0001-1-city] My general index: 28
2026-06-02 09:43:58 [self-0001-1-city] Enemy general index: None
2026-06-02 09:43:58 [self-0001-1-city] Visible enemy tiles: 2
2026-06-02 09:43:58 [self-0001-1-city] Tiles: 25 / 40
2026-06-02 09:43:58 [self-0001-1-city] Map: 19 x 21 Turn: 124
2026-06-02 09:43:58 [self-0001-1-city] Route planned: Target = 237 Mode = defense city-free reachable tiles = 291 Fallback-Tiles = 292
2026-06-02 09:43:58 [self-0001-1-city] Move #103: 86 -> 85 | Army: 2 | Target-Terrain: 0 | Target: 237 | Half: False
2026-06-02 09:43:58 [self-0001-1-city] My general index: 28
2026-06-02 09:43:58 [self-0001-1-city] Enemy general index: None
2026-06-02 09:43:58 [self-0001-1-city] Visible enemy tiles: 2
2026-06-02 09:43:58 [self-0001-1-city] Tiles: 25 / 40
2026-06-02 09:43:58 [self-0001-1-city] Map: 19 x 21 Turn: 125
2026-06-02 09:43:58 [self-0001-1-city] Route planned: Target = 237 Mode = defense city-free reachable tiles = 291 Fallback-Tiles = 292
2026-06-02 09:43:58 [self-0001-1-city] Move #104: 104 -> 123 | Army: 15 | Target-Terrain: 0 | Target: 237 | Half: False
2026-06-02 09:43:59 [self-0001-1-city] My general index: 28
2026-06-02 09:43:59 [self-0001-1-city] Enemy general index: None
2026-06-02 09:43:59 [self-0001-1-city] Visible enemy tiles: 2
2026-06-02 09:43:59 [self-0001-1-city] Tiles: 25 / 40
2026-06-02 09:43:59 [self-0001-1-city] Map: 19 x 21 Turn: 126
2026-06-02 09:43:59 [self-0001-1-city] Route planned: Target = 237 Mode = defense city-free reachable tiles = 291 Fallback-Tiles = 292
2026-06-02 09:43:59 [self-0001-1-city] Move #105: 46 -> 65 | Army: 2 | Target-Terrain: 0 | Target: 237 | Half: False
2026-06-02 09:43:59 [self-0001-1-city] My general index: 28
2026-06-02 09:43:59 [self-0001-1-city] Enemy general index: None
2026-06-02 09:43:59 [self-0001-1-city] Visible enemy tiles: 2
2026-06-02 09:43:59 [self-0001-1-city] Tiles: 25 / 40
2026-06-02 09:43:59 [self-0001-1-city] Map: 19 x 21 Turn: 127
2026-06-02 09:43:59 [self-0001-1-city] Route planned: Target = 237 Mode = defense city-free reachable tiles = 291 Fallback-Tiles = 292
2026-06-02 09:43:59 [self-0001-1-city] Move #106: 102 -> 121 | Army: 2 | Target-Terrain: 0 | Target: 237 | Half: False
2026-06-02 09:44:00 [self-0001-1-city] My general index: 28
2026-06-02 09:44:00 [self-0001-1-city] Enemy general index: None
2026-06-02 09:44:00 [self-0001-1-city] Visible enemy tiles: 2
2026-06-02 09:44:00 [self-0001-1-city] Tiles: 25 / 40
2026-06-02 09:44:00 [self-0001-1-city] Map: 19 x 21 Turn: 128
2026-06-02 09:44:00 [self-0001-1-city] Route planned: Target = 237 Mode = defense city-free reachable tiles = 291 Fallback-Tiles = 292
2026-06-02 09:44:00 [self-0001-1-city] Priority agent: flow +6000 base = 58722 final = 64722
2026-06-02 09:44:00 [self-0001-1-city] Move #107: 121 -> 140 | Army: 2 | Target-Terrain: -1 | Target: 237 | Half: False
2026-06-02 09:44:00 [self-0001-1-city] My general index: 28
2026-06-02 09:44:00 [self-0001-1-city] Enemy general index: None
2026-06-02 09:44:00 [self-0001-1-city] Visible enemy tiles: 3
2026-06-02 09:44:00 [self-0001-1-city] Tiles: 25 / 41
2026-06-02 09:44:00 [self-0001-1-city] Map: 19 x 21 Turn: 129
2026-06-02 09:44:00 [self-0001-1-city] Route planned: Target = 122 Mode = defense city-free reachable tiles = 291 Fallback-Tiles = 292
2026-06-02 09:44:00 [self-0001-1-city] Move #108: 123 -> 122 | Army: 15 | Target-Terrain: 0 | Target: 122 | Half: False
2026-06-02 09:44:01 [self-0001-1-city] My general index: 28
2026-06-02 09:44:01 [self-0001-1-city] Enemy general index: None
2026-06-02 09:44:01 [self-0001-1-city] Visible enemy tiles: 3
2026-06-02 09:44:01 [self-0001-1-city] Tiles: 24 / 42
2026-06-02 09:44:01 [self-0001-1-city] Map: 19 x 21 Turn: 130
2026-06-02 09:44:01 [self-0001-1-city] Route planned: Target = 122 Mode = defense city-free reachable tiles = 291 Fallback-Tiles = 292
2026-06-02 09:44:01 [self-0001-1-city] Move #109: 142 -> 141 | Army: 41 | Target-Terrain: 0 | Target: 122 | Half: False
2026-06-02 09:44:01 [self-0001-1-city] My general index: 28
2026-06-02 09:44:01 [self-0001-1-city] Enemy general index: None
2026-06-02 09:44:01 [self-0001-1-city] Visible enemy tiles: 3
2026-06-02 09:44:01 [self-0001-1-city] Tiles: 23 / 43
2026-06-02 09:44:01 [self-0001-1-city] Map: 19 x 21 Turn: 131
2026-06-02 09:44:01 [self-0001-1-city] Route planned: Target = 142 Mode = defense city-free reachable tiles = 291 Fallback-Tiles = 292
2026-06-02 09:44:01 [self-0001-1-city] Priority agent: reverse -35000, edge reuse -9000 base = 197391 final = 153391
2026-06-02 09:44:01 [self-0001-1-city] Move #110: 141 -> 142 | Army: 41 | Target-Terrain: 0 | Target: 142 | Half: False
2026-06-02 09:44:02 [self-0001-1-city] My general index: 28
2026-06-02 09:44:02 [self-0001-1-city] Enemy general index: None
2026-06-02 09:44:02 [self-0001-1-city] Visible enemy tiles: 4
2026-06-02 09:44:02 [self-0001-1-city] Tiles: 22 / 44
2026-06-02 09:44:02 [self-0001-1-city] Map: 19 x 21 Turn: 132
2026-06-02 09:44:02 [self-0001-1-city] Route planned: Target = 122 Mode = defense city-free reachable tiles = 291 Fallback-Tiles = 292
2026-06-02 09:44:02 [self-0001-1-city] Priority agent: edge reuse -9000, flow +6000 base = 131201 final = 128201
2026-06-02 09:44:02 [self-0001-1-city] Move #111: 142 -> 123 | Army: 41 | Target-Terrain: 0 | Target: 122 | Half: False
2026-06-02 09:44:02 [self-0001-1-city] My general index: 28
2026-06-02 09:44:02 [self-0001-1-city] Enemy general index: None
2026-06-02 09:44:02 [self-0001-1-city] Visible enemy tiles: 4
2026-06-02 09:44:02 [self-0001-1-city] Tiles: 22 / 44
2026-06-02 09:44:02 [self-0001-1-city] Map: 19 x 21 Turn: 133
2026-06-02 09:44:02 [self-0001-1-city] Route planned: Target = 142 Mode = defense city-free reachable tiles = 291 Fallback-Tiles = 292
2026-06-02 09:44:02 [self-0001-1-city] Priority agent: reverse -35000, edge reuse -18000 base = 182391 final = 129391
2026-06-02 09:44:02 [self-0001-1-city] Move #112: 123 -> 142 | Army: 41 | Target-Terrain: 0 | Target: 142 | Half: False
2026-06-02 09:44:03 [self-0001-1-city] My general index: 28
2026-06-02 09:44:03 [self-0001-1-city] Enemy general index: None
2026-06-02 09:44:03 [self-0001-1-city] Visible enemy tiles: 4
2026-06-02 09:44:03 [self-0001-1-city] Tiles: 22 / 44
2026-06-02 09:44:03 [self-0001-1-city] Map: 19 x 21 Turn: 134
2026-06-02 09:44:03 [self-0001-1-city] Route planned: Target = 122 Mode = defense city-free reachable tiles = 291 Fallback-Tiles = 292
2026-06-02 09:44:03 [self-0001-1-city] Move #113: 85 -> 104 | Army: 3 | Target-Terrain: 0 | Target: 122 | Half: False
2026-06-02 09:44:03 [self-0001-1-city] My general index: 28
2026-06-02 09:44:03 [self-0001-1-city] Enemy general index: None
2026-06-02 09:44:03 [self-0001-1-city] Visible enemy tiles: 4
2026-06-02 09:44:03 [self-0001-1-city] Tiles: 22 / 44
2026-06-02 09:44:03 [self-0001-1-city] Map: 19 x 21 Turn: 135
2026-06-02 09:44:03 [self-0001-1-city] Route planned: Target = 122 Mode = defense city-free reachable tiles = 291 Fallback-Tiles = 292
2026-06-02 09:44:03 [self-0001-1-city] Priority agent: flow +6000 base = 129363 final = 135363
2026-06-02 09:44:03 [self-0001-1-city] Move #114: 104 -> 103 | Army: 3 | Target-Terrain: 0 | Target: 122 | Half: False
2026-06-02 09:44:04 [self-0001-1-city] My general index: 28
2026-06-02 09:44:04 [self-0001-1-city] Enemy general index: None
2026-06-02 09:44:04 [self-0001-1-city] Visible enemy tiles: 4
2026-06-02 09:44:04 [self-0001-1-city] Tiles: 22 / 44
2026-06-02 09:44:04 [self-0001-1-city] Map: 19 x 21 Turn: 136
2026-06-02 09:44:04 [self-0001-1-city] Route planned: Target = 122 Mode = defense city-free reachable tiles = 291 Fallback-Tiles = 292
2026-06-02 09:44:04 [self-0001-1-city] Priority agent: flow +6000 base = 226353 final = 232353
2026-06-02 09:44:04 [self-0001-1-city] Move #115: 103 -> 122 | Army: 3 | Target-Terrain: 0 | Target: 122 | Half: False
2026-06-02 09:44:04 [self-0001-1-city] My general index: 28
2026-06-02 09:44:04 [self-0001-1-city] Enemy general index: None
2026-06-02 09:44:04 [self-0001-1-city] Visible enemy tiles: 4
2026-06-02 09:44:04 [self-0001-1-city] Tiles: 22 / 44
2026-06-02 09:44:04 [self-0001-1-city] Map: 19 x 21 Turn: 137
2026-06-02 09:44:04 [self-0001-1-city] Route planned: Target = 122 Mode = defense city-free reachable tiles = 291 Fallback-Tiles = 292
2026-06-02 09:44:04 [self-0001-1-city] Move #116: 65 -> 84 | Army: 2 | Target-Terrain: 0 | Target: 122 | Half: False
2026-06-02 09:44:05 [self-0001-1-city] My general index: 28
2026-06-02 09:44:05 [self-0001-1-city] Enemy general index: None
2026-06-02 09:44:05 [self-0001-1-city] Visible enemy tiles: 4
2026-06-02 09:44:05 [self-0001-1-city] Tiles: 22 / 44
2026-06-02 09:44:05 [self-0001-1-city] Map: 19 x 21 Turn: 138
2026-06-02 09:44:05 [self-0001-1-city] Route planned: Target = 122 Mode = defense city-free reachable tiles = 291 Fallback-Tiles = 292
2026-06-02 09:44:05 [self-0001-1-city] Priority agent: flow +6000 base = 127162 final = 133162
2026-06-02 09:44:05 [self-0001-1-city] Move #117: 84 -> 103 | Army: 2 | Target-Terrain: 0 | Target: 122 | Half: False
2026-06-02 09:44:05 [self-0001-1-city] My general index: 28
2026-06-02 09:44:05 [self-0001-1-city] Enemy general index: None
2026-06-02 09:44:05 [self-0001-1-city] Visible enemy tiles: 4
2026-06-02 09:44:05 [self-0001-1-city] Tiles: 22 / 44
2026-06-02 09:44:05 [self-0001-1-city] Map: 19 x 21 Turn: 139
2026-06-02 09:44:05 [self-0001-1-city] Route planned: Target = 122 Mode = defense city-free reachable tiles = 291 Fallback-Tiles = 292
2026-06-02 09:44:05 [self-0001-1-city] Priority agent: edge reuse -9000, flow +6000 base = 212152 final = 209152
2026-06-02 09:44:05 [self-0001-1-city] Move #118: 103 -> 122 | Army: 2 | Target-Terrain: 0 | Target: 122 | Half: False
2026-06-02 09:44:06 [self-0001-1-city] My general index: 28
2026-06-02 09:44:06 [self-0001-1-city] Enemy general index: None
2026-06-02 09:44:06 [self-0001-1-city] Visible enemy tiles: 4
2026-06-02 09:44:06 [self-0001-1-city] Tiles: 22 / 44
2026-06-02 09:44:06 [self-0001-1-city] Map: 19 x 21 Turn: 140
2026-06-02 09:44:06 [self-0001-1-city] Route planned: Target = 122 Mode = defense city-free reachable tiles = 291 Fallback-Tiles = 292
2026-06-02 09:44:06 [self-0001-1-city] Priority agent: edge reuse -18000 base = 115493 final = 97493
2026-06-02 09:44:06 [self-0001-1-city] Move #119: 142 -> 141 | Army: 33 | Target-Terrain: 0 | Target: 122 | Half: False
2026-06-02 09:44:06 [self-0001-1-city] My general index: 28
2026-06-02 09:44:06 [self-0001-1-city] Enemy general index: None
2026-06-02 09:44:06 [self-0001-1-city] Visible enemy tiles: 4
2026-06-02 09:44:06 [self-0001-1-city] Tiles: 22 / 45
2026-06-02 09:44:06 [self-0001-1-city] Map: 19 x 21 Turn: 141
2026-06-02 09:44:06 [self-0001-1-city] Route planned: Target = 142 Mode = defense city-free reachable tiles = 291 Fallback-Tiles = 292
2026-06-02 09:44:06 [self-0001-1-city] Priority agent: reverse -35000, edge reuse -27000 base = 182383 final = 120383
2026-06-02 09:44:06 [self-0001-1-city] Move #120: 141 -> 142 | Army: 33 | Target-Terrain: 0 | Target: 142 | Half: False
2026-06-02 09:44:07 [self-0001-1-city] My general index: 28
2026-06-02 09:44:07 [self-0001-1-city] Enemy general index: None
2026-06-02 09:44:07 [self-0001-1-city] Visible enemy tiles: 4
2026-06-02 09:44:07 [self-0001-1-city] Tiles: 22 / 45
2026-06-02 09:44:07 [self-0001-1-city] Map: 19 x 21 Turn: 142
2026-06-02 09:44:07 [self-0001-1-city] Route planned: Target = 122 Mode = defense city-free reachable tiles = 291 Fallback-Tiles = 292
2026-06-02 09:44:07 [self-0001-1-city] Priority agent: edge reuse -18000, flow +6000 base = 116193 final = 104193
2026-06-02 09:44:07 [self-0001-1-city] Move #121: 142 -> 123 | Army: 33 | Target-Terrain: 0 | Target: 122 | Half: False
2026-06-02 09:44:07 [self-0001-1-city] My general index: 28
2026-06-02 09:44:07 [self-0001-1-city] Enemy general index: None
2026-06-02 09:44:07 [self-0001-1-city] Visible enemy tiles: 4
2026-06-02 09:44:07 [self-0001-1-city] Tiles: 22 / 45
2026-06-02 09:44:07 [self-0001-1-city] Map: 19 x 21 Turn: 143
2026-06-02 09:44:07 [self-0001-1-city] Route planned: Target = 142 Mode = defense city-free reachable tiles = 291 Fallback-Tiles = 292
2026-06-02 09:44:07 [self-0001-1-city] Priority agent: reverse -35000, edge reuse -27000 base = 182383 final = 120383
2026-06-02 09:44:07 [self-0001-1-city] Move #122: 123 -> 142 | Army: 33 | Target-Terrain: 0 | Target: 142 | Half: False
2026-06-02 09:44:08 [self-0001-1-city] My general index: 28
2026-06-02 09:44:08 [self-0001-1-city] Enemy general index: None
2026-06-02 09:44:08 [self-0001-1-city] Visible enemy tiles: 4
2026-06-02 09:44:08 [self-0001-1-city] Tiles: 22 / 45
2026-06-02 09:44:08 [self-0001-1-city] Map: 19 x 21 Turn: 144
2026-06-02 09:44:08 [self-0001-1-city] Route planned: Target = 122 Mode = defense city-free reachable tiles = 291 Fallback-Tiles = 292
2026-06-02 09:44:08 [self-0001-1-city] Priority agent: edge reuse -36000, flow +6000 base = 86593 final = 56593
2026-06-02 09:44:08 [self-0001-1-city] Move #123: 142 -> 141 | Army: 33 | Target-Terrain: 0 | Target: 122 | Half: False
2026-06-02 09:44:08 [self-0001-1-city] My general index: 28
2026-06-02 09:44:08 [self-0001-1-city] Enemy general index: None
2026-06-02 09:44:08 [self-0001-1-city] Visible enemy tiles: 4
2026-06-02 09:44:08 [self-0001-1-city] Tiles: 22 / 45
2026-06-02 09:44:08 [self-0001-1-city] Map: 19 x 21 Turn: 145
2026-06-02 09:44:08 [self-0001-1-city] Route planned: Target = 122 Mode = defense city-free reachable tiles = 291 Fallback-Tiles = 292
2026-06-02 09:44:08 [self-0001-1-city] Priority agent: flow +6000 base = 220483 final = 226483
2026-06-02 09:44:08 [self-0001-1-city] Move #124: 141 -> 122 | Army: 33 | Target-Terrain: 0 | Target: 122 | Half: False
2026-06-02 09:44:09 [self-0001-1-city] My general index: 28
2026-06-02 09:44:09 [self-0001-1-city] Enemy general index: None
2026-06-02 09:44:09 [self-0001-1-city] Visible enemy tiles: 4
2026-06-02 09:44:09 [self-0001-1-city] Tiles: 22 / 45
2026-06-02 09:44:09 [self-0001-1-city] Map: 19 x 21 Turn: 146
2026-06-02 09:44:09 [self-0001-1-city] Reinforcement waypoint: 123 final target = 237 turns until reinforcement = 4
2026-06-02 09:44:09 [self-0001-1-city] Route planned: Target = 123 Mode = reinforcement_waypoint city-free reachable tiles = 291 Fallback-Tiles = 292
2026-06-02 09:44:09 [self-0001-1-city] No move found: blocked tiles = 0 ignored cities = 0 own movable tiles = 1
2026-06-02 09:44:09 [self-0001-1-city] Coach: catch_up_expand tiles 22/45 army 91/102 cities 0/0 enemy_city_suspect False bias {'expansion_bias': 1.3, 'city_bias': 0.8, 'attack_bias': 0.1, 'defense_bias': 0.0, 'route_bias': 0.7}
2026-06-02 09:44:09 [self-0001-1-city] My general index: 28
2026-06-02 09:44:09 [self-0001-1-city] Enemy general index: None
2026-06-02 09:44:09 [self-0001-1-city] Visible enemy tiles: 4
2026-06-02 09:44:09 [self-0001-1-city] Tiles: 22 / 45
2026-06-02 09:44:09 [self-0001-1-city] Map: 19 x 21 Turn: 147
2026-06-02 09:44:09 [self-0001-1-city] Reinforcement waypoint: 123 final target = 237 turns until reinforcement = 3
2026-06-02 09:44:09 [self-0001-1-city] Route planned: Target = 123 Mode = reinforcement_waypoint city-free reachable tiles = 291 Fallback-Tiles = 292
2026-06-02 09:44:09 [self-0001-1-city] No move found: blocked tiles = 0 ignored cities = 0 own movable tiles = 1
2026-06-02 09:44:10 [self-0001-1-city] My general index: 28
2026-06-02 09:44:10 [self-0001-1-city] Enemy general index: None
2026-06-02 09:44:10 [self-0001-1-city] Visible enemy tiles: 4
2026-06-02 09:44:10 [self-0001-1-city] Tiles: 22 / 45
2026-06-02 09:44:10 [self-0001-1-city] Map: 19 x 21 Turn: 148
2026-06-02 09:44:10 [self-0001-1-city] Reinforcement waypoint: 123 final target = 237 turns until reinforcement = 2
2026-06-02 09:44:10 [self-0001-1-city] Route planned: Target = 123 Mode = reinforcement_waypoint city-free reachable tiles = 291 Fallback-Tiles = 292
2026-06-02 09:44:10 [self-0001-1-city] No move found: blocked tiles = 0 ignored cities = 0 own movable tiles = 1
2026-06-02 09:44:10 [self-0001-1-city] My general index: 28
2026-06-02 09:44:10 [self-0001-1-city] Enemy general index: None
2026-06-02 09:44:10 [self-0001-1-city] Visible enemy tiles: 4
2026-06-02 09:44:10 [self-0001-1-city] Tiles: 22 / 45
2026-06-02 09:44:10 [self-0001-1-city] Map: 19 x 21 Turn: 149
2026-06-02 09:44:10 [self-0001-1-city] Reinforcement waypoint: 123 final target = 237 turns until reinforcement = 1
2026-06-02 09:44:10 [self-0001-1-city] Route planned: Target = 123 Mode = reinforcement_waypoint city-free reachable tiles = 291 Fallback-Tiles = 292
2026-06-02 09:44:10 [self-0001-1-city] No move found: blocked tiles = 0 ignored cities = 0 own movable tiles = 1
2026-06-02 09:44:11 [self-0001-1-city] My general index: 28
2026-06-02 09:44:11 [self-0001-1-city] Enemy general index: None
2026-06-02 09:44:11 [self-0001-1-city] Visible enemy tiles: 4
2026-06-02 09:44:11 [self-0001-1-city] Tiles: 22 / 45
2026-06-02 09:44:11 [self-0001-1-city] Map: 19 x 21 Turn: 150
2026-06-02 09:44:11 [self-0001-1-city] Route planned: Target = 237 Mode = reinforcement_waypoint city-free reachable tiles = 291 Fallback-Tiles = 292
2026-06-02 09:44:11 [self-0001-1-city] Move #125: 66 -> 85 | Army: 2 | Target-Terrain: 0 | Target: 237 | Half: False
2026-06-02 09:44:11 [self-0001-1-city] My general index: 28
2026-06-02 09:44:11 [self-0001-1-city] Enemy general index: None
2026-06-02 09:44:11 [self-0001-1-city] Visible enemy tiles: 4
2026-06-02 09:44:11 [self-0001-1-city] Tiles: 22 / 46
2026-06-02 09:44:11 [self-0001-1-city] Map: 19 x 21 Turn: 151
2026-06-02 09:44:11 [self-0001-1-city] Route planned: Target = 237 Mode = reinforcement_waypoint city-free reachable tiles = 291 Fallback-Tiles = 292
2026-06-02 09:44:11 [self-0001-1-city] Move #126: 83 -> 82 | Army: 2 | Target-Terrain: -1 | Target: 237 | Half: False
2026-06-02 09:44:12 [self-0001-1-city] My general index: 28
2026-06-02 09:44:12 [self-0001-1-city] Enemy general index: None
2026-06-02 09:44:12 [self-0001-1-city] Visible enemy tiles: 4
2026-06-02 09:44:12 [self-0001-1-city] Tiles: 23 / 47
2026-06-02 09:44:12 [self-0001-1-city] Map: 19 x 21 Turn: 152
2026-06-02 09:44:12 [self-0001-1-city] Route planned: Target = 237 Mode = reinforcement_waypoint city-free reachable tiles = 291 Fallback-Tiles = 293
2026-06-02 09:44:12 [self-0001-1-city] Move #127: 140 -> 139 | Army: 2 | Target-Terrain: -1 | Target: 237 | Half: False
2026-06-02 09:44:12 [self-0001-1-city] My general index: 28
2026-06-02 09:44:12 [self-0001-1-city] Enemy general index: None
2026-06-02 09:44:12 [self-0001-1-city] Visible enemy tiles: 4
2026-06-02 09:44:12 [self-0001-1-city] Tiles: 24 / 48
2026-06-02 09:44:12 [self-0001-1-city] Map: 19 x 21 Turn: 153
2026-06-02 09:44:12 [self-0001-1-city] Route planned: Target = 161 Mode = strategy city-free reachable tiles = 291 Fallback-Tiles = 293
2026-06-02 09:44:12 [self-0001-1-city] Move #128: 46 -> 45 | Army: 2 | Target-Terrain: -1 | Target: 161 | Half: False
2026-06-02 09:44:13 [self-0001-1-city] My general index: 28
2026-06-02 09:44:13 [self-0001-1-city] Enemy general index: None
2026-06-02 09:44:13 [self-0001-1-city] Visible enemy tiles: 4
2026-06-02 09:44:13 [self-0001-1-city] Tiles: 25 / 49
2026-06-02 09:44:13 [self-0001-1-city] Map: 19 x 21 Turn: 154
2026-06-02 09:44:13 [self-0001-1-city] Route planned: Target = 161 Mode = strategy city-free reachable tiles = 291 Fallback-Tiles = 293
2026-06-02 09:44:13 [self-0001-1-city] Move #129: 64 -> 63 | Army: 2 | Target-Terrain: -1 | Target: 161 | Half: False
2026-06-02 09:44:13 [self-0001-1-city] My general index: 28
2026-06-02 09:44:13 [self-0001-1-city] Enemy general index: None
2026-06-02 09:44:13 [self-0001-1-city] Visible enemy tiles: 4
2026-06-02 09:44:13 [self-0001-1-city] Tiles: 26 / 50
2026-06-02 09:44:13 [self-0001-1-city] Map: 19 x 21 Turn: 155
2026-06-02 09:44:13 [self-0001-1-city] Route planned: Target = 161 Mode = strategy city-free reachable tiles = 291 Fallback-Tiles = 293
2026-06-02 09:44:13 [self-0001-1-city] Move #130: 85 -> 104 | Army: 3 | Target-Terrain: 0 | Target: 161 | Half: False
2026-06-02 09:44:14 [self-0001-1-city] My general index: 28
2026-06-02 09:44:14 [self-0001-1-city] Enemy general index: None
2026-06-02 09:44:14 [self-0001-1-city] Visible enemy tiles: 4
2026-06-02 09:44:14 [self-0001-1-city] Tiles: 26 / 50
2026-06-02 09:44:14 [self-0001-1-city] Map: 19 x 21 Turn: 156
2026-06-02 09:44:14 [self-0001-1-city] Route planned: Target = 161 Mode = strategy city-free reachable tiles = 291 Fallback-Tiles = 293
2026-06-02 09:44:14 [self-0001-1-city] Move #131: 86 -> 85 | Army: 2 | Target-Terrain: 0 | Target: 161 | Half: False
2026-06-02 09:44:14 [self-0001-1-city] My general index: 28
2026-06-02 09:44:14 [self-0001-1-city] Enemy general index: None
2026-06-02 09:44:14 [self-0001-1-city] Visible enemy tiles: 4
2026-06-02 09:44:14 [self-0001-1-city] Tiles: 26 / 50
2026-06-02 09:44:14 [self-0001-1-city] Map: 19 x 21 Turn: 157
2026-06-02 09:44:14 [self-0001-1-city] Route planned: Target = 161 Mode = strategy city-free reachable tiles = 291 Fallback-Tiles = 293
2026-06-02 09:44:14 [self-0001-1-city] Move #132: 84 -> 103 | Army: 2 | Target-Terrain: 0 | Target: 161 | Half: False
2026-06-02 09:44:15 [self-0001-1-city] My general index: 28
2026-06-02 09:44:15 [self-0001-1-city] Enemy general index: None
2026-06-02 09:44:15 [self-0001-1-city] Visible enemy tiles: 4
2026-06-02 09:44:15 [self-0001-1-city] Tiles: 26 / 50
2026-06-02 09:44:15 [self-0001-1-city] Map: 19 x 21 Turn: 158
2026-06-02 09:44:15 [self-0001-1-city] Route planned: Target = 161 Mode = strategy city-free reachable tiles = 291 Fallback-Tiles = 293
2026-06-02 09:44:15 [self-0001-1-city] Move #133: 47 -> 66 | Army: 2 | Target-Terrain: 0 | Target: 161 | Half: False
2026-06-02 09:44:15 [self-0001-1-city] My general index: 28
2026-06-02 09:44:15 [self-0001-1-city] Enemy general index: None
2026-06-02 09:44:15 [self-0001-1-city] Visible enemy tiles: 4
2026-06-02 09:44:15 [self-0001-1-city] Tiles: 26 / 50
2026-06-02 09:44:15 [self-0001-1-city] Map: 19 x 21 Turn: 159
2026-06-02 09:44:15 [self-0001-1-city] Route planned: Target = 161 Mode = strategy city-free reachable tiles = 291 Fallback-Tiles = 293
2026-06-02 09:44:15 [self-0001-1-city] Move #134: 65 -> 84 | Army: 2 | Target-Terrain: 0 | Target: 161 | Half: False
2026-06-02 09:44:16 [self-0001-1-city] My general index: 28
2026-06-02 09:44:16 [self-0001-1-city] Enemy general index: None
2026-06-02 09:44:16 [self-0001-1-city] Visible enemy tiles: 4
2026-06-02 09:44:16 [self-0001-1-city] Tiles: 26 / 50
2026-06-02 09:44:16 [self-0001-1-city] Map: 19 x 21 Turn: 160
2026-06-02 09:44:16 [self-0001-1-city] Route planned: Target = 161 Mode = strategy city-free reachable tiles = 291 Fallback-Tiles = 293
2026-06-02 09:44:16 [self-0001-1-city] Move #135: 67 -> 86 | Army: 2 | Target-Terrain: 0 | Target: 161 | Half: False
2026-06-02 09:44:16 [self-0001-1-city] My general index: 28
2026-06-02 09:44:16 [self-0001-1-city] Enemy general index: None
2026-06-02 09:44:16 [self-0001-1-city] Visible enemy tiles: 4
2026-06-02 09:44:16 [self-0001-1-city] Tiles: 26 / 50
2026-06-02 09:44:16 [self-0001-1-city] Map: 19 x 21 Turn: 161
2026-06-02 09:44:16 [self-0001-1-city] Route planned: Target = 161 Mode = strategy city-free reachable tiles = 291 Fallback-Tiles = 293
2026-06-02 09:44:16 [self-0001-1-city] Move #136: 48 -> 67 | Army: 2 | Target-Terrain: 0 | Target: 161 | Half: False
2026-06-02 09:44:17 [self-0001-1-city] My general index: 28
2026-06-02 09:44:17 [self-0001-1-city] Enemy general index: None
2026-06-02 09:44:17 [self-0001-1-city] Visible enemy tiles: 4
2026-06-02 09:44:17 [self-0001-1-city] Tiles: 26 / 50
2026-06-02 09:44:17 [self-0001-1-city] Map: 19 x 21 Turn: 162
2026-06-02 09:44:17 [self-0001-1-city] Route planned: Target = 161 Mode = strategy city-free reachable tiles = 291 Fallback-Tiles = 293
2026-06-02 09:44:17 [self-0001-1-city] Move #137: 27 -> 46 | Army: 2 | Target-Terrain: 0 | Target: 161 | Half: False
2026-06-02 09:44:17 [self-0001-1-city] My general index: 28
2026-06-02 09:44:17 [self-0001-1-city] Enemy general index: None
2026-06-02 09:44:17 [self-0001-1-city] Visible enemy tiles: 4
2026-06-02 09:44:17 [self-0001-1-city] Tiles: 26 / 50
2026-06-02 09:44:17 [self-0001-1-city] Map: 19 x 21 Turn: 163
2026-06-02 09:44:17 [self-0001-1-city] Route planned: Target = 161 Mode = strategy city-free reachable tiles = 291 Fallback-Tiles = 293
2026-06-02 09:44:17 [self-0001-1-city] Move #138: 122 -> 123 | Army: 51 | Target-Terrain: 0 | Target: 161 | Half: False
2026-06-02 09:44:18 [self-0001-1-city] My general index: 28
2026-06-02 09:44:18 [self-0001-1-city] Enemy general index: None
2026-06-02 09:44:18 [self-0001-1-city] Visible enemy tiles: 4
2026-06-02 09:44:18 [self-0001-1-city] Tiles: 26 / 50
2026-06-02 09:44:18 [self-0001-1-city] Map: 19 x 21 Turn: 164
2026-06-02 09:44:18 [self-0001-1-city] Route planned: Target = 122 Mode = defense city-free reachable tiles = 291 Fallback-Tiles = 293
2026-06-02 09:44:18 [self-0001-1-city] Move #139: 141 -> 122 | Army: 2 | Target-Terrain: 0 | Target: 122 | Half: False
2026-06-02 09:44:18 [self-0001-1-city] My general index: 28
2026-06-02 09:44:18 [self-0001-1-city] Enemy general index: None
2026-06-02 09:44:18 [self-0001-1-city] Visible enemy tiles: 4
2026-06-02 09:44:18 [self-0001-1-city] Tiles: 26 / 51
2026-06-02 09:44:18 [self-0001-1-city] Map: 19 x 21 Turn: 165
2026-06-02 09:44:18 [self-0001-1-city] Route planned: Target = 122 Mode = defense city-free reachable tiles = 291 Fallback-Tiles = 293
2026-06-02 09:44:18 [self-0001-1-city] Move #140: 103 -> 122 | Army: 3 | Target-Terrain: 0 | Target: 122 | Half: False
2026-06-02 09:44:19 [self-0001-1-city] My general index: 28
2026-06-02 09:44:19 [self-0001-1-city] Enemy general index: None
2026-06-02 09:44:19 [self-0001-1-city] Visible enemy tiles: 4
2026-06-02 09:44:19 [self-0001-1-city] Tiles: 26 / 51
2026-06-02 09:44:19 [self-0001-1-city] Map: 19 x 21 Turn: 166
2026-06-02 09:44:19 [self-0001-1-city] Route planned: Target = 122 Mode = defense city-free reachable tiles = 291 Fallback-Tiles = 293
2026-06-02 09:44:19 [self-0001-1-city] Move #141: 121 -> 122 | Army: 2 | Target-Terrain: 0 | Target: 122 | Half: False
2026-06-02 09:44:19 [self-0001-1-city] My general index: 28
2026-06-02 09:44:19 [self-0001-1-city] Enemy general index: None
2026-06-02 09:44:19 [self-0001-1-city] Visible enemy tiles: 4
2026-06-02 09:44:19 [self-0001-1-city] Tiles: 26 / 51
2026-06-02 09:44:19 [self-0001-1-city] Map: 19 x 21 Turn: 167
2026-06-02 09:44:19 [self-0001-1-city] Route planned: Target = 122 Mode = defense city-free reachable tiles = 291 Fallback-Tiles = 293
2026-06-02 09:44:19 [self-0001-1-city] Priority agent: edge reuse -9000 base = 197402 final = 188402
2026-06-02 09:44:19 [self-0001-1-city] Move #142: 123 -> 122 | Army: 52 | Target-Terrain: 0 | Target: 122 | Half: False
2026-06-02 09:44:20 [self-0001-1-city] My general index: 28
2026-06-02 09:44:20 [self-0001-1-city] Enemy general index: None
2026-06-02 09:44:20 [self-0001-1-city] Visible enemy tiles: 4
2026-06-02 09:44:20 [self-0001-1-city] Tiles: 26 / 51
2026-06-02 09:44:20 [self-0001-1-city] Map: 19 x 21 Turn: 168
2026-06-02 09:44:20 [self-0001-1-city] Route planned: Target = 161 Mode = strategy city-free reachable tiles = 291 Fallback-Tiles = 293
2026-06-02 09:44:20 [self-0001-1-city] Move #143: 66 -> 85 | Army: 2 | Target-Terrain: 0 | Target: 161 | Half: False
2026-06-02 09:44:20 [self-0001-1-city] My general index: 28
2026-06-02 09:44:20 [self-0001-1-city] Enemy general index: None
2026-06-02 09:44:20 [self-0001-1-city] Visible enemy tiles: 4
2026-06-02 09:44:20 [self-0001-1-city] Tiles: 26 / 51
2026-06-02 09:44:20 [self-0001-1-city] Map: 19 x 21 Turn: 169
2026-06-02 09:44:20 [self-0001-1-city] Route planned: Target = 161 Mode = strategy city-free reachable tiles = 291 Fallback-Tiles = 293
2026-06-02 09:44:20 [self-0001-1-city] Move #144: 67 -> 66 | Army: 2 | Target-Terrain: 0 | Target: 161 | Half: False
2026-06-02 09:44:21 [self-0001-1-city] My general index: 28
2026-06-02 09:44:21 [self-0001-1-city] Enemy general index: None
2026-06-02 09:44:21 [self-0001-1-city] Visible enemy tiles: 4
2026-06-02 09:44:21 [self-0001-1-city] Tiles: 26 / 51
2026-06-02 09:44:21 [self-0001-1-city] Map: 19 x 21 Turn: 170
2026-06-02 09:44:21 [self-0001-1-city] Route planned: Target = 161 Mode = strategy city-free reachable tiles = 291 Fallback-Tiles = 293
2026-06-02 09:44:21 [self-0001-1-city] Move #145: 46 -> 65 | Army: 2 | Target-Terrain: 0 | Target: 161 | Half: False
2026-06-02 09:44:21 [self-0001-1-city] My general index: 28
2026-06-02 09:44:21 [self-0001-1-city] Enemy general index: None
2026-06-02 09:44:21 [self-0001-1-city] Visible enemy tiles: 4
2026-06-02 09:44:21 [self-0001-1-city] Tiles: 26 / 51
2026-06-02 09:44:21 [self-0001-1-city] Map: 19 x 21 Turn: 171
2026-06-02 09:44:21 [self-0001-1-city] Route planned: Target = 161 Mode = strategy city-free reachable tiles = 291 Fallback-Tiles = 293
2026-06-02 09:44:21 [self-0001-1-city] Move #146: 86 -> 85 | Army: 2 | Target-Terrain: 0 | Target: 161 | Half: False
2026-06-02 09:44:22 [self-0001-1-city] My general index: 28
2026-06-02 09:44:22 [self-0001-1-city] Enemy general index: None
2026-06-02 09:44:22 [self-0001-1-city] Visible enemy tiles: 4
2026-06-02 09:44:22 [self-0001-1-city] Tiles: 26 / 51
2026-06-02 09:44:22 [self-0001-1-city] Map: 19 x 21 Turn: 172
2026-06-02 09:44:22 [self-0001-1-city] Route planned: Target = 161 Mode = strategy city-free reachable tiles = 291 Fallback-Tiles = 293
2026-06-02 09:44:22 [self-0001-1-city] Move #147: 84 -> 103 | Army: 2 | Target-Terrain: 0 | Target: 161 | Half: False
2026-06-02 09:44:22 [self-0001-1-city] My general index: 28
2026-06-02 09:44:22 [self-0001-1-city] Enemy general index: None
2026-06-02 09:44:22 [self-0001-1-city] Visible enemy tiles: 4
2026-06-02 09:44:22 [self-0001-1-city] Tiles: 26 / 51
2026-06-02 09:44:22 [self-0001-1-city] Map: 19 x 21 Turn: 173
2026-06-02 09:44:22 [self-0001-1-city] Route planned: Target = 161 Mode = strategy city-free reachable tiles = 291 Fallback-Tiles = 293
2026-06-02 09:44:22 [self-0001-1-city] Move #148: 104 -> 123 | Army: 4 | Target-Terrain: 0 | Target: 161 | Half: False
2026-06-02 09:44:23 [self-0001-1-city] My general index: 28
2026-06-02 09:44:23 [self-0001-1-city] Enemy general index: None
2026-06-02 09:44:23 [self-0001-1-city] Visible enemy tiles: 4
2026-06-02 09:44:23 [self-0001-1-city] Tiles: 26 / 51
2026-06-02 09:44:23 [self-0001-1-city] Map: 19 x 21 Turn: 174
2026-06-02 09:44:23 [self-0001-1-city] Route planned: Target = 161 Mode = strategy city-free reachable tiles = 291 Fallback-Tiles = 293
2026-06-02 09:44:23 [self-0001-1-city] Move #149: 102 -> 103 | Army: 2 | Target-Terrain: 0 | Target: 161 | Half: False
2026-06-02 09:44:23 [self-0001-1-city] My general index: 28
2026-06-02 09:44:23 [self-0001-1-city] Enemy general index: None
2026-06-02 09:44:23 [self-0001-1-city] Visible enemy tiles: 4
2026-06-02 09:44:23 [self-0001-1-city] Tiles: 26 / 51
2026-06-02 09:44:23 [self-0001-1-city] Map: 19 x 21 Turn: 175
2026-06-02 09:44:23 [self-0001-1-city] Route planned: Target = 161 Mode = strategy city-free reachable tiles = 291 Fallback-Tiles = 293
2026-06-02 09:44:23 [self-0001-1-city] Move #150: 65 -> 84 | Army: 2 | Target-Terrain: 0 | Target: 161 | Half: False
2026-06-02 09:44:24 [self-0001-1-city] My general index: 28
2026-06-02 09:44:24 [self-0001-1-city] Enemy general index: None
2026-06-02 09:44:24 [self-0001-1-city] Visible enemy tiles: 4
2026-06-02 09:44:24 [self-0001-1-city] Tiles: 26 / 51
2026-06-02 09:44:24 [self-0001-1-city] Map: 19 x 21 Turn: 176
2026-06-02 09:44:24 [self-0001-1-city] Route planned: Target = 161 Mode = strategy city-free reachable tiles = 291 Fallback-Tiles = 293
2026-06-02 09:44:24 [self-0001-1-city] Move #151: 85 -> 104 | Army: 4 | Target-Terrain: 0 | Target: 161 | Half: False
2026-06-02 09:44:24 [self-0001-1-city] My general index: 28
2026-06-02 09:44:24 [self-0001-1-city] Enemy general index: None
2026-06-02 09:44:24 [self-0001-1-city] Visible enemy tiles: 4
2026-06-02 09:44:24 [self-0001-1-city] Tiles: 26 / 51
2026-06-02 09:44:24 [self-0001-1-city] Map: 19 x 21 Turn: 177
2026-06-02 09:44:24 [self-0001-1-city] Route planned: Target = 161 Mode = strategy city-free reachable tiles = 291 Fallback-Tiles = 293
2026-06-02 09:44:24 [self-0001-1-city] Priority agent: fresh target pullback -12000 base = 31664 final = 19664
2026-06-02 09:44:24 [self-0001-1-city] Move #152: 123 -> 142 | Army: 4 | Target-Terrain: 0 | Target: 161 | Half: False
2026-06-02 09:44:25 [self-0001-1-city] My general index: 28
2026-06-02 09:44:25 [self-0001-1-city] Enemy general index: None
2026-06-02 09:44:25 [self-0001-1-city] Visible enemy tiles: 4
2026-06-02 09:44:25 [self-0001-1-city] Tiles: 26 / 51
2026-06-02 09:44:25 [self-0001-1-city] Map: 19 x 21 Turn: 178
2026-06-02 09:44:25 [self-0001-1-city] Route planned: Target = 161 Mode = strategy city-free reachable tiles = 291 Fallback-Tiles = 293
2026-06-02 09:44:25 [self-0001-1-city] Priority agent: flow +6000 base = 82405 final = 88405
2026-06-02 09:44:25 [self-0001-1-city] Move #153: 142 -> 161 | Army: 5 | Target-Terrain: 1 | Target: 161 | Half: False
2026-06-02 09:44:25 [self-0001-1-city] My general index: 28
2026-06-02 09:44:25 [self-0001-1-city] Enemy general index: None
2026-06-02 09:44:25 [self-0001-1-city] Visible enemy tiles: 5
2026-06-02 09:44:25 [self-0001-1-city] Tiles: 27 / 50
2026-06-02 09:44:25 [self-0001-1-city] Map: 19 x 21 Turn: 179
2026-06-02 09:44:25 [self-0001-1-city] Route planned: Target = 180 Mode = strategy city-free reachable tiles = 291 Fallback-Tiles = 293
2026-06-02 09:44:25 [self-0001-1-city] Move #154: 122 -> 141 | Army: 56 | Target-Terrain: 0 | Target: 180 | Half: False
2026-06-02 09:44:26 [self-0001-1-city] My general index: 28
2026-06-02 09:44:26 [self-0001-1-city] Enemy general index: None
2026-06-02 09:44:26 [self-0001-1-city] Visible enemy tiles: 4
2026-06-02 09:44:26 [self-0001-1-city] Tiles: 26 / 51
2026-06-02 09:44:26 [self-0001-1-city] Map: 19 x 21 Turn: 180
2026-06-02 09:44:26 [self-0001-1-city] Route planned: Target = 122 Mode = defense city-free reachable tiles = 291 Fallback-Tiles = 293
2026-06-02 09:44:26 [self-0001-1-city] Move #155: 103 -> 122 | Army: 3 | Target-Terrain: 0 | Target: 122 | Half: False
2026-06-02 09:44:26 [self-0001-1-city] My general index: 28
2026-06-02 09:44:26 [self-0001-1-city] Enemy general index: None
2026-06-02 09:44:26 [self-0001-1-city] Visible enemy tiles: 4
2026-06-02 09:44:26 [self-0001-1-city] Tiles: 26 / 51
2026-06-02 09:44:26 [self-0001-1-city] Map: 19 x 21 Turn: 181
2026-06-02 09:44:26 [self-0001-1-city] Route planned: Target = 122 Mode = defense city-free reachable tiles = 291 Fallback-Tiles = 293
2026-06-02 09:44:26 [self-0001-1-city] Priority agent: edge reuse -9000 base = 197406 final = 188406
2026-06-02 09:44:26 [self-0001-1-city] Move #156: 141 -> 122 | Army: 56 | Target-Terrain: 0 | Target: 122 | Half: False
2026-06-02 09:44:27 [self-0001-1-city] My general index: 28
2026-06-02 09:44:27 [self-0001-1-city] Enemy general index: None
2026-06-02 09:44:27 [self-0001-1-city] Visible enemy tiles: 4
2026-06-02 09:44:27 [self-0001-1-city] Tiles: 26 / 51
2026-06-02 09:44:27 [self-0001-1-city] Map: 19 x 21 Turn: 182
2026-06-02 09:44:27 [self-0001-1-city] Route planned: Target = 180 Mode = defense city-free reachable tiles = 291 Fallback-Tiles = 293
2026-06-02 09:44:27 [self-0001-1-city] Priority agent: fresh target pullback -12000, flow +6000 base = 35538 final = 29538
2026-06-02 09:44:27 [self-0001-1-city] Move #157: 122 -> 123 | Army: 58 | Target-Terrain: 0 | Target: 180 | Half: False
2026-06-02 09:44:27 [self-0001-1-city] My general index: 28
2026-06-02 09:44:27 [self-0001-1-city] Enemy general index: None
2026-06-02 09:44:27 [self-0001-1-city] Visible enemy tiles: 4
2026-06-02 09:44:27 [self-0001-1-city] Tiles: 26 / 51
2026-06-02 09:44:27 [self-0001-1-city] Map: 19 x 21 Turn: 183
2026-06-02 09:44:27 [self-0001-1-city] Route planned: Target = 122 Mode = defense city-free reachable tiles = 291 Fallback-Tiles = 293
2026-06-02 09:44:27 [self-0001-1-city] Priority agent: reverse -35000, edge reuse -9000 base = 200508 final = 156508
2026-06-02 09:44:27 [self-0001-1-city] Move #158: 123 -> 122 | Army: 58 | Target-Terrain: 0 | Target: 122 | Half: False
2026-06-02 09:44:28 [self-0001-1-city] My general index: 28
2026-06-02 09:44:28 [self-0001-1-city] Enemy general index: None
2026-06-02 09:44:28 [self-0001-1-city] Visible enemy tiles: 4
2026-06-02 09:44:28 [self-0001-1-city] Tiles: 26 / 51
2026-06-02 09:44:28 [self-0001-1-city] Map: 19 x 21 Turn: 184
2026-06-02 09:44:28 [self-0001-1-city] Reinforcement waypoint: 180 final target = 180 turns until reinforcement = 16
2026-06-02 09:44:28 [self-0001-1-city] Route planned: Target = 180 Mode = reinforcement_waypoint city-free reachable tiles = 291 Fallback-Tiles = 293
2026-06-02 09:44:28 [self-0001-1-city] Move #159: 66 -> 85 | Army: 2 | Target-Terrain: 0 | Target: 180 | Half: False
2026-06-02 09:44:28 [self-0001-1-city] My general index: 28
2026-06-02 09:44:28 [self-0001-1-city] Enemy general index: None
2026-06-02 09:44:28 [self-0001-1-city] Visible enemy tiles: 4
2026-06-02 09:44:28 [self-0001-1-city] Tiles: 26 / 51
2026-06-02 09:44:28 [self-0001-1-city] Map: 19 x 21 Turn: 185
2026-06-02 09:44:28 [self-0001-1-city] Reinforcement waypoint: 180 final target = 180 turns until reinforcement = 15
2026-06-02 09:44:28 [self-0001-1-city] Route planned: Target = 180 Mode = reinforcement_waypoint city-free reachable tiles = 291 Fallback-Tiles = 293
2026-06-02 09:44:28 [self-0001-1-city] Priority agent: edge reuse -18000, fresh target pullback -12000, flow +6000 base = 42692 final = 18692
2026-06-02 09:44:28 [self-0001-1-city] Move #160: 85 -> 104 | Army: 2 | Target-Terrain: 0 | Target: 180 | Half: False
2026-06-02 09:44:29 [self-0001-1-city] My general index: 28
2026-06-02 09:44:29 [self-0001-1-city] Enemy general index: None
2026-06-02 09:44:29 [self-0001-1-city] Visible enemy tiles: 4
2026-06-02 09:44:29 [self-0001-1-city] Tiles: 26 / 51
2026-06-02 09:44:29 [self-0001-1-city] Map: 19 x 21 Turn: 186
2026-06-02 09:44:29 [self-0001-1-city] Reinforcement waypoint: 180 final target = 180 turns until reinforcement = 14
2026-06-02 09:44:29 [self-0001-1-city] Route planned: Target = 180 Mode = reinforcement_waypoint city-free reachable tiles = 291 Fallback-Tiles = 293
2026-06-02 09:44:29 [self-0001-1-city] Move #161: 84 -> 85 | Army: 2 | Target-Terrain: 0 | Target: 180 | Half: False
2026-06-02 09:44:29 [self-0001-1-city] My general index: 28
2026-06-02 09:44:29 [self-0001-1-city] Enemy general index: None
2026-06-02 09:44:29 [self-0001-1-city] Visible enemy tiles: 4
2026-06-02 09:44:29 [self-0001-1-city] Tiles: 26 / 51
2026-06-02 09:44:29 [self-0001-1-city] Map: 19 x 21 Turn: 187
2026-06-02 09:44:29 [self-0001-1-city] Reinforcement waypoint: 161 final target = 180 turns until reinforcement = 13
2026-06-02 09:44:29 [self-0001-1-city] Route planned: Target = 161 Mode = reinforcement_waypoint city-free reachable tiles = 291 Fallback-Tiles = 293
2026-06-02 09:44:29 [self-0001-1-city] No move found: blocked tiles = 1 ignored cities = 0 own movable tiles = 3
2026-06-02 09:44:30 [self-0001-1-city] My general index: 28
2026-06-02 09:44:30 [self-0001-1-city] Enemy general index: None
2026-06-02 09:44:30 [self-0001-1-city] Visible enemy tiles: 4
2026-06-02 09:44:30 [self-0001-1-city] Tiles: 26 / 51
2026-06-02 09:44:30 [self-0001-1-city] Map: 19 x 21 Turn: 188
2026-06-02 09:44:30 [self-0001-1-city] Reinforcement waypoint: 142 final target = 180 turns until reinforcement = 12
2026-06-02 09:44:30 [self-0001-1-city] Route planned: Target = 142 Mode = reinforcement_waypoint city-free reachable tiles = 291 Fallback-Tiles = 293
2026-06-02 09:44:30 [self-0001-1-city] No move found: blocked tiles = 1 ignored cities = 0 own movable tiles = 3
2026-06-02 09:44:30 [self-0001-1-city] My general index: 28
2026-06-02 09:44:30 [self-0001-1-city] Enemy general index: None
2026-06-02 09:44:30 [self-0001-1-city] Visible enemy tiles: 4
2026-06-02 09:44:30 [self-0001-1-city] Tiles: 26 / 51
2026-06-02 09:44:30 [self-0001-1-city] Map: 19 x 21 Turn: 189
2026-06-02 09:44:30 [self-0001-1-city] Reinforcement waypoint: 123 final target = 180 turns until reinforcement = 11
2026-06-02 09:44:30 [self-0001-1-city] Route planned: Target = 123 Mode = reinforcement_waypoint city-free reachable tiles = 291 Fallback-Tiles = 293
2026-06-02 09:44:30 [self-0001-1-city] No move found: blocked tiles = 1 ignored cities = 0 own movable tiles = 3
2026-06-02 09:44:31 [self-0001-1-city] My general index: 28
2026-06-02 09:44:31 [self-0001-1-city] Enemy general index: None
2026-06-02 09:44:31 [self-0001-1-city] Visible enemy tiles: 4
2026-06-02 09:44:31 [self-0001-1-city] Tiles: 26 / 51
2026-06-02 09:44:31 [self-0001-1-city] Map: 19 x 21 Turn: 190
2026-06-02 09:44:31 [self-0001-1-city] Reinforcement waypoint: 123 final target = 180 turns until reinforcement = 10
2026-06-02 09:44:31 [self-0001-1-city] Route planned: Target = 123 Mode = reinforcement_waypoint city-free reachable tiles = 291 Fallback-Tiles = 293
2026-06-02 09:44:31 [self-0001-1-city] No move found: blocked tiles = 1 ignored cities = 0 own movable tiles = 3
2026-06-02 09:44:31 [self-0001-1-city] My general index: 28
2026-06-02 09:44:31 [self-0001-1-city] Enemy general index: None
2026-06-02 09:44:31 [self-0001-1-city] Visible enemy tiles: 4
2026-06-02 09:44:31 [self-0001-1-city] Tiles: 26 / 51
2026-06-02 09:44:31 [self-0001-1-city] Map: 19 x 21 Turn: 191
2026-06-02 09:44:31 [self-0001-1-city] Reinforcement waypoint: 123 final target = 180 turns until reinforcement = 9
2026-06-02 09:44:31 [self-0001-1-city] Route planned: Target = 123 Mode = reinforcement_waypoint city-free reachable tiles = 291 Fallback-Tiles = 293
2026-06-02 09:44:31 [self-0001-1-city] No move found: blocked tiles = 1 ignored cities = 0 own movable tiles = 3
2026-06-02 09:44:32 [self-0001-1-city] My general index: 28
2026-06-02 09:44:32 [self-0001-1-city] Enemy general index: None
2026-06-02 09:44:32 [self-0001-1-city] Visible enemy tiles: 4
2026-06-02 09:44:32 [self-0001-1-city] Tiles: 26 / 51
2026-06-02 09:44:32 [self-0001-1-city] Map: 19 x 21 Turn: 192
2026-06-02 09:44:32 [self-0001-1-city] Reinforcement waypoint: 123 final target = 180 turns until reinforcement = 8
2026-06-02 09:44:32 [self-0001-1-city] Route planned: Target = 123 Mode = reinforcement_waypoint city-free reachable tiles = 291 Fallback-Tiles = 293
2026-06-02 09:44:32 [self-0001-1-city] No move found: blocked tiles = 1 ignored cities = 0 own movable tiles = 3
2026-06-02 09:44:32 [self-0001-1-city] My general index: 28
2026-06-02 09:44:32 [self-0001-1-city] Enemy general index: None
2026-06-02 09:44:32 [self-0001-1-city] Visible enemy tiles: 4
2026-06-02 09:44:32 [self-0001-1-city] Tiles: 26 / 51
2026-06-02 09:44:32 [self-0001-1-city] Map: 19 x 21 Turn: 193
2026-06-02 09:44:32 [self-0001-1-city] Reinforcement waypoint: 123 final target = 180 turns until reinforcement = 7
2026-06-02 09:44:32 [self-0001-1-city] Route planned: Target = 123 Mode = reinforcement_waypoint city-free reachable tiles = 291 Fallback-Tiles = 293
2026-06-02 09:44:32 [self-0001-1-city] No move found: blocked tiles = 1 ignored cities = 0 own movable tiles = 3
2026-06-02 09:44:33 [self-0001-1-city] My general index: 28
2026-06-02 09:44:33 [self-0001-1-city] Enemy general index: None
2026-06-02 09:44:33 [self-0001-1-city] Visible enemy tiles: 4
2026-06-02 09:44:33 [self-0001-1-city] Tiles: 26 / 51
2026-06-02 09:44:33 [self-0001-1-city] Map: 19 x 21 Turn: 194
2026-06-02 09:44:33 [self-0001-1-city] Reinforcement waypoint: 123 final target = 180 turns until reinforcement = 6
2026-06-02 09:44:33 [self-0001-1-city] Route planned: Target = 123 Mode = reinforcement_waypoint city-free reachable tiles = 291 Fallback-Tiles = 293
2026-06-02 09:44:33 [self-0001-1-city] No move found: blocked tiles = 1 ignored cities = 0 own movable tiles = 3
2026-06-02 09:44:33 [self-0001-1-city] My general index: 28
2026-06-02 09:44:33 [self-0001-1-city] Enemy general index: None
2026-06-02 09:44:33 [self-0001-1-city] Visible enemy tiles: 4
2026-06-02 09:44:33 [self-0001-1-city] Tiles: 26 / 51
2026-06-02 09:44:33 [self-0001-1-city] Map: 19 x 21 Turn: 195
2026-06-02 09:44:33 [self-0001-1-city] Reinforcement waypoint: 123 final target = 180 turns until reinforcement = 5
2026-06-02 09:44:33 [self-0001-1-city] Route planned: Target = 123 Mode = reinforcement_waypoint city-free reachable tiles = 291 Fallback-Tiles = 293
2026-06-02 09:44:34 [self-0001-1-city] No move found: blocked tiles = 1 ignored cities = 0 own movable tiles = 3
2026-06-02 09:44:34 [self-0001-1-city] My general index: 28
2026-06-02 09:44:34 [self-0001-1-city] Enemy general index: None
2026-06-02 09:44:34 [self-0001-1-city] Visible enemy tiles: 4
2026-06-02 09:44:34 [self-0001-1-city] Tiles: 26 / 51
2026-06-02 09:44:34 [self-0001-1-city] Map: 19 x 21 Turn: 196
2026-06-02 09:44:34 [self-0001-1-city] Reinforcement waypoint: 123 final target = 180 turns until reinforcement = 4
2026-06-02 09:44:34 [self-0001-1-city] Route planned: Target = 123 Mode = reinforcement_waypoint city-free reachable tiles = 291 Fallback-Tiles = 293
2026-06-02 09:44:34 [self-0001-1-city] No move found: blocked tiles = 1 ignored cities = 0 own movable tiles = 3
2026-06-02 09:44:34 [self-0001-1-city] Coach: catch_up_expand tiles 26/51 army 134/168 cities 0/0 enemy_city_suspect False bias {'expansion_bias': 1.3, 'city_bias': 0.8, 'attack_bias': 0.1, 'defense_bias': 0.0, 'route_bias': 0.7}
2026-06-02 09:44:34 [self-0001-1-city] My general index: 28
2026-06-02 09:44:34 [self-0001-1-city] Enemy general index: None
2026-06-02 09:44:34 [self-0001-1-city] Visible enemy tiles: 4
2026-06-02 09:44:34 [self-0001-1-city] Tiles: 26 / 51
2026-06-02 09:44:34 [self-0001-1-city] Map: 19 x 21 Turn: 197
2026-06-02 09:44:35 [self-0001-1-city] Reinforcement waypoint: 123 final target = 180 turns until reinforcement = 3
2026-06-02 09:44:35 [self-0001-1-city] Route planned: Target = 123 Mode = reinforcement_waypoint city-free reachable tiles = 291 Fallback-Tiles = 293
2026-06-02 09:44:35 [self-0001-1-city] No move found: blocked tiles = 1 ignored cities = 0 own movable tiles = 3
2026-06-02 09:44:35 [self-0001-1-city] My general index: 28
2026-06-02 09:44:35 [self-0001-1-city] Enemy general index: None
2026-06-02 09:44:35 [self-0001-1-city] Visible enemy tiles: 4
2026-06-02 09:44:35 [self-0001-1-city] Tiles: 26 / 51
2026-06-02 09:44:35 [self-0001-1-city] Map: 19 x 21 Turn: 198
2026-06-02 09:44:35 [self-0001-1-city] Reinforcement waypoint: 123 final target = 180 turns until reinforcement = 2
2026-06-02 09:44:35 [self-0001-1-city] Route planned: Target = 123 Mode = reinforcement_waypoint city-free reachable tiles = 291 Fallback-Tiles = 293
2026-06-02 09:44:35 [self-0001-1-city] No move found: blocked tiles = 1 ignored cities = 0 own movable tiles = 3
2026-06-02 09:44:35 [self-0001-1-city] My general index: 28
2026-06-02 09:44:35 [self-0001-1-city] Enemy general index: None
2026-06-02 09:44:35 [self-0001-1-city] Visible enemy tiles: 4
2026-06-02 09:44:35 [self-0001-1-city] Tiles: 26 / 51
2026-06-02 09:44:35 [self-0001-1-city] Map: 19 x 21 Turn: 199
2026-06-02 09:44:36 [self-0001-1-city] Reinforcement waypoint: 123 final target = 180 turns until reinforcement = 1
2026-06-02 09:44:36 [self-0001-1-city] Route planned: Target = 123 Mode = reinforcement_waypoint city-free reachable tiles = 291 Fallback-Tiles = 293
2026-06-02 09:44:36 [self-0001-1-city] No move found: blocked tiles = 1 ignored cities = 0 own movable tiles = 3
2026-06-02 09:44:36 [self-0001-1-city] My general index: 28
2026-06-02 09:44:36 [self-0001-1-city] Enemy general index: None
2026-06-02 09:44:36 [self-0001-1-city] Visible enemy tiles: 4
2026-06-02 09:44:36 [self-0001-1-city] Tiles: 26 / 51
2026-06-02 09:44:36 [self-0001-1-city] Map: 19 x 21 Turn: 200
2026-06-02 09:44:36 [self-0001-1-city] Route planned: Target = 180 Mode = reinforcement_waypoint city-free reachable tiles = 291 Fallback-Tiles = 293
2026-06-02 09:44:36 [self-0001-1-city] Move #162: 84 -> 103 | Army: 2 | Target-Terrain: 0 | Target: 180 | Half: False
2026-06-02 09:44:36 [self-0001-1-city] My general index: 28
2026-06-02 09:44:36 [self-0001-1-city] Enemy general index: None
2026-06-02 09:44:36 [self-0001-1-city] Visible enemy tiles: 4
2026-06-02 09:44:37 [self-0001-1-city] Tiles: 26 / 52
2026-06-02 09:44:37 [self-0001-1-city] Map: 19 x 21 Turn: 201
2026-06-02 09:44:37 [self-0001-1-city] Route planned: Target = 180 Mode = reinforcement_waypoint city-free reachable tiles = 291 Fallback-Tiles = 293
2026-06-02 09:44:37 [self-0001-1-city] Move #163: 47 -> 66 | Army: 2 | Target-Terrain: 0 | Target: 180 | Half: False
2026-06-02 09:44:37 [self-0001-1-city] My general index: 28
2026-06-02 09:44:37 [self-0001-1-city] Enemy general index: None
2026-06-02 09:44:37 [self-0001-1-city] Visible enemy tiles: 4
2026-06-02 09:44:37 [self-0001-1-city] Tiles: 26 / 53
2026-06-02 09:44:37 [self-0001-1-city] Map: 19 x 21 Turn: 202
2026-06-02 09:44:37 [self-0001-1-city] Route planned: Target = 180 Mode = reinforcement_waypoint city-free reachable tiles = 291 Fallback-Tiles = 293
2026-06-02 09:44:37 [self-0001-1-city] Move #164: 67 -> 86 | Army: 2 | Target-Terrain: 0 | Target: 180 | Half: False
2026-06-02 09:44:38 [self-0001-1-city] My general index: 28
2026-06-02 09:44:38 [self-0001-1-city] Enemy general index: None
2026-06-02 09:44:38 [self-0001-1-city] Visible enemy tiles: 4
2026-06-02 09:44:38 [self-0001-1-city] Tiles: 26 / 54
2026-06-02 09:44:38 [self-0001-1-city] Map: 19 x 21 Turn: 203
2026-06-02 09:44:38 [self-0001-1-city] Route planned: Target = 180 Mode = reinforcement_waypoint city-free reachable tiles = 291 Fallback-Tiles = 293
2026-06-02 09:44:38 [self-0001-1-city] Move #165: 65 -> 84 | Army: 2 | Target-Terrain: 0 | Target: 180 | Half: False
2026-06-02 09:44:38 [self-0001-1-city] My general index: 28
2026-06-02 09:44:38 [self-0001-1-city] Enemy general index: None
2026-06-02 09:44:38 [self-0001-1-city] Visible enemy tiles: 4
2026-06-02 09:44:38 [self-0001-1-city] Tiles: 26 / 54
2026-06-02 09:44:38 [self-0001-1-city] Map: 19 x 21 Turn: 204
2026-06-02 09:44:38 [self-0001-1-city] Route planned: Target = 180 Mode = reinforcement_waypoint city-free reachable tiles = 291 Fallback-Tiles = 293
2026-06-02 09:44:38 [self-0001-1-city] Move #166: 83 -> 102 | Army: 2 | Target-Terrain: 0 | Target: 180 | Half: False
2026-06-02 09:44:39 [self-0001-1-city] My general index: 28
2026-06-02 09:44:39 [self-0001-1-city] Enemy general index: None
2026-06-02 09:44:39 [self-0001-1-city] Visible enemy tiles: 4
2026-06-02 09:44:39 [self-0001-1-city] Tiles: 26 / 54
2026-06-02 09:44:39 [self-0001-1-city] Map: 19 x 21 Turn: 205
2026-06-02 09:44:39 [self-0001-1-city] Route planned: Target = 180 Mode = reinforcement_waypoint city-free reachable tiles = 291 Fallback-Tiles = 293
2026-06-02 09:44:39 [self-0001-1-city] Move #167: 46 -> 65 | Army: 2 | Target-Terrain: 0 | Target: 180 | Half: False
2026-06-02 09:44:39 [self-0001-1-city] My general index: 28
2026-06-02 09:44:39 [self-0001-1-city] Enemy general index: None
2026-06-02 09:44:39 [self-0001-1-city] Visible enemy tiles: 4
2026-06-02 09:44:39 [self-0001-1-city] Tiles: 26 / 54
2026-06-02 09:44:39 [self-0001-1-city] Map: 19 x 21 Turn: 206
2026-06-02 09:44:39 [self-0001-1-city] Route planned: Target = 180 Mode = reinforcement_waypoint city-free reachable tiles = 291 Fallback-Tiles = 293
2026-06-02 09:44:39 [self-0001-1-city] Move #168: 48 -> 67 | Army: 2 | Target-Terrain: 0 | Target: 180 | Half: False
2026-06-02 09:44:40 [self-0001-1-city] My general index: 28
2026-06-02 09:44:40 [self-0001-1-city] Enemy general index: None
2026-06-02 09:44:40 [self-0001-1-city] Visible enemy tiles: 4
2026-06-02 09:44:40 [self-0001-1-city] Tiles: 26 / 54
2026-06-02 09:44:40 [self-0001-1-city] Map: 19 x 21 Turn: 207
2026-06-02 09:44:40 [self-0001-1-city] Route planned: Target = 180 Mode = reinforcement_waypoint city-free reachable tiles = 291 Fallback-Tiles = 293
2026-06-02 09:44:40 [self-0001-1-city] Move #169: 64 -> 83 | Army: 2 | Target-Terrain: 0 | Target: 180 | Half: False
2026-06-02 09:44:40 [self-0001-1-city] My general index: 28
2026-06-02 09:44:40 [self-0001-1-city] Enemy general index: None
2026-06-02 09:44:40 [self-0001-1-city] Visible enemy tiles: 4
2026-06-02 09:44:40 [self-0001-1-city] Tiles: 26 / 54
2026-06-02 09:44:40 [self-0001-1-city] Map: 19 x 21 Turn: 208
2026-06-02 09:44:40 [self-0001-1-city] Route planned: Target = 180 Mode = reinforcement_waypoint city-free reachable tiles = 291 Fallback-Tiles = 293
2026-06-02 09:44:40 [self-0001-1-city] Move #170: 27 -> 46 | Army: 2 | Target-Terrain: 0 | Target: 180 | Half: False
2026-06-02 09:44:41 [self-0001-1-city] My general index: 28
2026-06-02 09:44:41 [self-0001-1-city] Enemy general index: None
2026-06-02 09:44:41 [self-0001-1-city] Visible enemy tiles: 4
2026-06-02 09:44:41 [self-0001-1-city] Tiles: 26 / 54
2026-06-02 09:44:41 [self-0001-1-city] Map: 19 x 21 Turn: 209
2026-06-02 09:44:41 [self-0001-1-city] Route planned: Target = 180 Mode = reinforcement_waypoint city-free reachable tiles = 291 Fallback-Tiles = 293
2026-06-02 09:44:41 [self-0001-1-city] Move #171: 45 -> 64 | Army: 2 | Target-Terrain: 0 | Target: 180 | Half: False
2026-06-02 09:44:41 [self-0001-1-city] My general index: 28
2026-06-02 09:44:41 [self-0001-1-city] Enemy general index: None
2026-06-02 09:44:41 [self-0001-1-city] Visible enemy tiles: 4
2026-06-02 09:44:41 [self-0001-1-city] Tiles: 26 / 54
2026-06-02 09:44:41 [self-0001-1-city] Map: 19 x 21 Turn: 210
2026-06-02 09:44:41 [self-0001-1-city] Route planned: Target = 180 Mode = reinforcement_waypoint city-free reachable tiles = 291 Fallback-Tiles = 293
2026-06-02 09:44:41 [self-0001-1-city] Move #172: 63 -> 82 | Army: 2 | Target-Terrain: 0 | Target: 180 | Half: False
2026-06-02 09:44:42 [self-0001-1-city] My general index: 28
2026-06-02 09:44:42 [self-0001-1-city] Enemy general index: None
2026-06-02 09:44:42 [self-0001-1-city] Visible enemy tiles: 4
2026-06-02 09:44:42 [self-0001-1-city] Tiles: 26 / 54
2026-06-02 09:44:42 [self-0001-1-city] Map: 19 x 21 Turn: 211
2026-06-02 09:44:42 [self-0001-1-city] Route planned: Target = 180 Mode = reinforcement_waypoint city-free reachable tiles = 291 Fallback-Tiles = 293
2026-06-02 09:44:42 [self-0001-1-city] Move #173: 67 -> 66 | Army: 2 | Target-Terrain: 0 | Target: 180 | Half: False
2026-06-02 09:44:42 [self-0001-1-city] My general index: 28
2026-06-02 09:44:42 [self-0001-1-city] Enemy general index: None
2026-06-02 09:44:42 [self-0001-1-city] Visible enemy tiles: 4
2026-06-02 09:44:42 [self-0001-1-city] Tiles: 26 / 54
2026-06-02 09:44:42 [self-0001-1-city] Map: 19 x 21 Turn: 212
2026-06-02 09:44:42 [self-0001-1-city] Route planned: Target = 180 Mode = reinforcement_waypoint city-free reachable tiles = 291 Fallback-Tiles = 293
2026-06-02 09:44:42 [self-0001-1-city] Move #174: 86 -> 85 | Army: 3 | Target-Terrain: 0 | Target: 180 | Half: False
2026-06-02 09:44:43 [self-0001-1-city] My general index: 28
2026-06-02 09:44:43 [self-0001-1-city] Enemy general index: None
2026-06-02 09:44:43 [self-0001-1-city] Visible enemy tiles: 4
2026-06-02 09:44:43 [self-0001-1-city] Tiles: 26 / 54
2026-06-02 09:44:43 [self-0001-1-city] Map: 19 x 21 Turn: 213
2026-06-02 09:44:43 [self-0001-1-city] Route planned: Target = 180 Mode = reinforcement_waypoint city-free reachable tiles = 291 Fallback-Tiles = 293
2026-06-02 09:44:43 [self-0001-1-city] Move #175: 122 -> 123 | Army: 59 | Target-Terrain: 0 | Target: 180 | Half: False
2026-06-02 09:44:43 [self-0001-1-city] My general index: 28
2026-06-02 09:44:43 [self-0001-1-city] Enemy general index: None
2026-06-02 09:44:43 [self-0001-1-city] Visible enemy tiles: 5
2026-06-02 09:44:43 [self-0001-1-city] Tiles: 26 / 55
2026-06-02 09:44:43 [self-0001-1-city] Map: 19 x 21 Turn: 214
2026-06-02 09:44:43 [self-0001-1-city] Route planned: Target = 180 Mode = reinforcement_waypoint city-free reachable tiles = 291 Fallback-Tiles = 293
2026-06-02 09:44:43 [self-0001-1-city] Move #176: 141 -> 142 | Army: 2 | Target-Terrain: 0 | Target: 180 | Half: False
2026-06-02 09:44:44 [self-0001-1-city] My general index: 28
2026-06-02 09:44:44 [self-0001-1-city] Enemy general index: None
2026-06-02 09:44:44 [self-0001-1-city] Visible enemy tiles: 5
2026-06-02 09:44:44 [self-0001-1-city] Tiles: 26 / 55
2026-06-02 09:44:44 [self-0001-1-city] Map: 19 x 21 Turn: 215
2026-06-02 09:44:44 [self-0001-1-city] Route planned: Target = 180 Mode = reinforcement_waypoint city-free reachable tiles = 291 Fallback-Tiles = 293
2026-06-02 09:44:44 [self-0001-1-city] Move #177: 84 -> 103 | Army: 2 | Target-Terrain: 0 | Target: 180 | Half: False
2026-06-02 09:44:44 [self-0001-1-city] My general index: 28
2026-06-02 09:44:44 [self-0001-1-city] Enemy general index: None
2026-06-02 09:44:44 [self-0001-1-city] Visible enemy tiles: 6
2026-06-02 09:44:44 [self-0001-1-city] Tiles: 25 / 56
2026-06-02 09:44:44 [self-0001-1-city] Map: 19 x 21 Turn: 216
2026-06-02 09:44:44 [self-0001-1-city] Route planned: Target = 180 Mode = reinforcement_waypoint city-free reachable tiles = 291 Fallback-Tiles = 293
2026-06-02 09:44:44 [self-0001-1-city] Move #178: 66 -> 85 | Army: 4 | Target-Terrain: 0 | Target: 180 | Half: False
2026-06-02 09:44:45 [self-0001-1-city] My general index: 28
2026-06-02 09:44:45 [self-0001-1-city] Enemy general index: None
2026-06-02 09:44:45 [self-0001-1-city] Visible enemy tiles: 6
2026-06-02 09:44:45 [self-0001-1-city] Tiles: 25 / 56
2026-06-02 09:44:45 [self-0001-1-city] Map: 19 x 21 Turn: 217
2026-06-02 09:44:45 [self-0001-1-city] Route planned: Target = 180 Mode = reinforcement_waypoint city-free reachable tiles = 291 Fallback-Tiles = 293
2026-06-02 09:44:45 [self-0001-1-city] Priority agent: fresh target pullback -12000, flow +6000 base = 36898 final = 30898
2026-06-02 09:44:45 [self-0001-1-city] Move #179: 85 -> 104 | Army: 8 | Target-Terrain: 0 | Target: 180 | Half: False
2026-06-02 09:44:45 [self-0001-1-city] My general index: 28
2026-06-02 09:44:45 [self-0001-1-city] Enemy general index: None
2026-06-02 09:44:45 [self-0001-1-city] Visible enemy tiles: 6
2026-06-02 09:44:45 [self-0001-1-city] Tiles: 25 / 56
2026-06-02 09:44:45 [self-0001-1-city] Map: 19 x 21 Turn: 218
2026-06-02 09:44:45 [self-0001-1-city] Route planned: Target = 180 Mode = reinforcement_waypoint city-free reachable tiles = 291 Fallback-Tiles = 293
2026-06-02 09:44:45 [self-0001-1-city] Move #180: 65 -> 84 | Army: 2 | Target-Terrain: 0 | Target: 180 | Half: False
2026-06-02 09:44:46 [self-0001-1-city] My general index: 28
2026-06-02 09:44:46 [self-0001-1-city] Enemy general index: None
2026-06-02 09:44:46 [self-0001-1-city] Visible enemy tiles: 6
2026-06-02 09:44:46 [self-0001-1-city] Tiles: 25 / 56
2026-06-02 09:44:46 [self-0001-1-city] Map: 19 x 21 Turn: 219
2026-06-02 09:44:46 [self-0001-1-city] Route planned: Target = 180 Mode = reinforcement_waypoint city-free reachable tiles = 291 Fallback-Tiles = 293
2026-06-02 09:44:46 [self-0001-1-city] Move #181: 83 -> 102 | Army: 2 | Target-Terrain: 0 | Target: 180 | Half: False
2026-06-02 09:44:46 [self-0001-1-city] My general index: 28
2026-06-02 09:44:46 [self-0001-1-city] Enemy general index: None
2026-06-02 09:44:46 [self-0001-1-city] Visible enemy tiles: 6
2026-06-02 09:44:46 [self-0001-1-city] Tiles: 25 / 56
2026-06-02 09:44:46 [self-0001-1-city] Map: 19 x 21 Turn: 220
2026-06-02 09:44:46 [self-0001-1-city] Route planned: Target = 180 Mode = reinforcement_waypoint city-free reachable tiles = 291 Fallback-Tiles = 293
2026-06-02 09:44:46 [self-0001-1-city] Move #182: 46 -> 65 | Army: 2 | Target-Terrain: 0 | Target: 180 | Half: False
2026-06-02 09:44:47 [self-0001-1-city] My general index: 28
2026-06-02 09:44:47 [self-0001-1-city] Enemy general index: None
2026-06-02 09:44:47 [self-0001-1-city] Visible enemy tiles: 6
2026-06-02 09:44:47 [self-0001-1-city] Tiles: 25 / 56
2026-06-02 09:44:47 [self-0001-1-city] Map: 19 x 21 Turn: 221
2026-06-02 09:44:47 [self-0001-1-city] Route planned: Target = 180 Mode = reinforcement_waypoint city-free reachable tiles = 291 Fallback-Tiles = 293
2026-06-02 09:44:47 [self-0001-1-city] Move #183: 123 -> 142 | Army: 60 | Target-Terrain: 0 | Target: 180 | Half: False
2026-06-02 09:44:47 [self-0001-1-city] My general index: 28
2026-06-02 09:44:47 [self-0001-1-city] Enemy general index: None
2026-06-02 09:44:47 [self-0001-1-city] Visible enemy tiles: 6
2026-06-02 09:44:47 [self-0001-1-city] Tiles: 25 / 56
2026-06-02 09:44:47 [self-0001-1-city] Map: 19 x 21 Turn: 222
2026-06-02 09:44:47 [self-0001-1-city] Route planned: Target = 180 Mode = reinforcement_waypoint city-free reachable tiles = 291 Fallback-Tiles = 293
2026-06-02 09:44:47 [self-0001-1-city] Priority agent: flow +6000 base = 73722 final = 79722
2026-06-02 09:44:47 [self-0001-1-city] Move #184: 142 -> 161 | Army: 62 | Target-Terrain: 1 | Target: 180 | Half: False
2026-06-02 09:44:48 [self-0001-1-city] My general index: 28
2026-06-02 09:44:48 [self-0001-1-city] Enemy general index: None
2026-06-02 09:44:48 [self-0001-1-city] Visible enemy tiles: 7
2026-06-02 09:44:48 [self-0001-1-city] Tiles: 26 / 55
2026-06-02 09:44:48 [self-0001-1-city] Map: 19 x 21 Turn: 223
2026-06-02 09:44:48 [self-0001-1-city] Route planned: Target = 180 Mode = strategy city-free reachable tiles = 291 Fallback-Tiles = 293
2026-06-02 09:44:48 [self-0001-1-city] Priority agent: flow +6000 base = 73758 final = 79758
2026-06-02 09:44:48 [self-0001-1-city] Move #185: 161 -> 180 | Army: 58 | Target-Terrain: 1 | Target: 180 | Half: False
2026-06-02 09:44:48 [self-0001-1-city] My general index: 28
2026-06-02 09:44:48 [self-0001-1-city] Enemy general index: None
2026-06-02 09:44:48 [self-0001-1-city] Visible enemy tiles: 10
2026-06-02 09:44:48 [self-0001-1-city] Tiles: 26 / 55
2026-06-02 09:44:48 [self-0001-1-city] Map: 19 x 21 Turn: 224
2026-06-02 09:44:48 [self-0001-1-city] Route planned: Target = 199 Mode = strategy city-free reachable tiles = 291 Fallback-Tiles = 293
2026-06-02 09:44:48 [self-0001-1-city] Priority agent: flow +6000 base = 74055 final = 80055
2026-06-02 09:44:48 [self-0001-1-city] Move #186: 180 -> 199 | Army: 55 | Target-Terrain: 1 | Target: 199 | Half: False
2026-06-02 09:44:49 [self-0001-1-city] My general index: 28
2026-06-02 09:44:49 [self-0001-1-city] Enemy general index: None
2026-06-02 09:44:49 [self-0001-1-city] Visible enemy tiles: 12
2026-06-02 09:44:49 [self-0001-1-city] Tiles: 27 / 54
2026-06-02 09:44:49 [self-0001-1-city] Map: 19 x 21 Turn: 225
2026-06-02 09:44:49 [self-0001-1-city] Route planned: Target = 198 Mode = strategy city-free reachable tiles = 291 Fallback-Tiles = 293
2026-06-02 09:44:49 [self-0001-1-city] Priority agent: flow +6000 base = 78349 final = 84349
2026-06-02 09:44:49 [self-0001-1-city] Move #187: 199 -> 198 | Army: 49 | Target-Terrain: 1 | Target: 198 | Half: False
2026-06-02 09:44:49 [self-0001-1-city] My general index: 28
2026-06-02 09:44:49 [self-0001-1-city] Enemy general index: None
2026-06-02 09:44:49 [self-0001-1-city] Visible enemy tiles: 11
2026-06-02 09:44:49 [self-0001-1-city] Tiles: 28 / 54
2026-06-02 09:44:49 [self-0001-1-city] Map: 19 x 21 Turn: 226
2026-06-02 09:44:49 [self-0001-1-city] Route planned: Target = 200 Mode = strategy city-free reachable tiles = 291 Fallback-Tiles = 294
2026-06-02 09:44:49 [self-0001-1-city] Priority agent: flow +6000 base = 55775 final = 61775
2026-06-02 09:44:49 [self-0001-1-city] Move #188: 198 -> 217 | Army: 45 | Target-Terrain: 1 | Target: 200 | Half: False
2026-06-02 09:44:50 [self-0001-1-city] My general index: 28
2026-06-02 09:44:50 [self-0001-1-city] Enemy general index: None
2026-06-02 09:44:50 [self-0001-1-city] Visible enemy tiles: 12
2026-06-02 09:44:50 [self-0001-1-city] Tiles: 28 / 54
2026-06-02 09:44:50 [self-0001-1-city] Map: 19 x 21 Turn: 227
2026-06-02 09:44:50 [self-0001-1-city] Route planned: Target = 200 Mode = strategy city-free reachable tiles = 291 Fallback-Tiles = 294
2026-06-02 09:44:50 [self-0001-1-city] Priority agent: flow +6000 base = 83558 final = 89558
2026-06-02 09:44:50 [self-0001-1-city] Move #189: 217 -> 218 | Army: 38 | Target-Terrain: 1 | Target: 200 | Half: False
2026-06-02 09:44:50 [self-0001-1-city] My general index: 28
2026-06-02 09:44:50 [self-0001-1-city] Enemy general index: None
2026-06-02 09:44:50 [self-0001-1-city] Visible enemy tiles: 14
2026-06-02 09:44:50 [self-0001-1-city] Tiles: 28 / 54
2026-06-02 09:44:50 [self-0001-1-city] Map: 19 x 21 Turn: 228
2026-06-02 09:44:50 [self-0001-1-city] Route planned: Target = 142 Mode = defense city-free reachable tiles = 291 Fallback-Tiles = 294
2026-06-02 09:44:50 [self-0001-1-city] Priority agent: flow +6000 base = 160666 final = 166666
2026-06-02 09:44:50 [self-0001-1-city] Move #190: 218 -> 199 | Army: 36 | Target-Terrain: 1 | Target: 142 | Half: False
2026-06-02 09:44:51 [self-0001-1-city] My general index: 28
2026-06-02 09:44:51 [self-0001-1-city] Enemy general index: None
2026-06-02 09:44:51 [self-0001-1-city] Visible enemy tiles: 14
2026-06-02 09:44:51 [self-0001-1-city] Tiles: 28 / 54
2026-06-02 09:44:51 [self-0001-1-city] Map: 19 x 21 Turn: 229
2026-06-02 09:44:51 [self-0001-1-city] Route planned: Target = 142 Mode = defense city-free reachable tiles = 291 Fallback-Tiles = 294
2026-06-02 09:44:51 [self-0001-1-city] Priority agent: edge reuse -9000, flow +6000 base = 144304 final = 141304
2026-06-02 09:44:51 [self-0001-1-city] Move #191: 199 -> 180 | Army: 34 | Target-Terrain: 1 | Target: 142 | Half: False
2026-06-02 09:44:51 [self-0001-1-city] My general index: 28
2026-06-02 09:44:51 [self-0001-1-city] Enemy general index: None
2026-06-02 09:44:51 [self-0001-1-city] Visible enemy tiles: 13
2026-06-02 09:44:51 [self-0001-1-city] Tiles: 29 / 53
2026-06-02 09:44:51 [self-0001-1-city] Map: 19 x 21 Turn: 230
2026-06-02 09:44:51 [self-0001-1-city] Route planned: Target = 142 Mode = defense city-free reachable tiles = 291 Fallback-Tiles = 294
2026-06-02 09:44:51 [self-0001-1-city] Move #192: 84 -> 103 | Army: 2 | Target-Terrain: 0 | Target: 142 | Half: False
2026-06-02 09:44:52 [self-0001-1-city] My general index: 28
2026-06-02 09:44:52 [self-0001-1-city] Enemy general index: None
2026-06-02 09:44:52 [self-0001-1-city] Visible enemy tiles: 13
2026-06-02 09:44:52 [self-0001-1-city] Tiles: 29 / 53
2026-06-02 09:44:52 [self-0001-1-city] Map: 19 x 21 Turn: 231
2026-06-02 09:44:52 [self-0001-1-city] Route planned: Target = 142 Mode = defense city-free reachable tiles = 291 Fallback-Tiles = 294
2026-06-02 09:44:52 [self-0001-1-city] Priority agent: flow +6000 base = 123775 final = 129775
2026-06-02 09:44:52 [self-0001-1-city] Move #193: 103 -> 104 | Army: 5 | Target-Terrain: 0 | Target: 142 | Half: False
2026-06-02 09:44:52 [self-0001-1-city] My general index: 28
2026-06-02 09:44:52 [self-0001-1-city] Enemy general index: None
2026-06-02 09:44:52 [self-0001-1-city] Visible enemy tiles: 13
2026-06-02 09:44:52 [self-0001-1-city] Tiles: 29 / 53
2026-06-02 09:44:52 [self-0001-1-city] Map: 19 x 21 Turn: 232
2026-06-02 09:44:52 [self-0001-1-city] Route planned: Target = 142 Mode = defense city-free reachable tiles = 291 Fallback-Tiles = 294
2026-06-02 09:44:52 [self-0001-1-city] Priority agent: flow +6000 base = 126877 final = 132877
2026-06-02 09:44:52 [self-0001-1-city] Move #194: 104 -> 123 | Army: 17 | Target-Terrain: 0 | Target: 142 | Half: False
2026-06-02 09:44:53 [self-0001-1-city] My general index: 28
2026-06-02 09:44:53 [self-0001-1-city] Enemy general index: None
2026-06-02 09:44:53 [self-0001-1-city] Visible enemy tiles: 13
2026-06-02 09:44:53 [self-0001-1-city] Tiles: 29 / 53
2026-06-02 09:44:53 [self-0001-1-city] Map: 19 x 21 Turn: 233
2026-06-02 09:44:53 [self-0001-1-city] Route planned: Target = 142 Mode = defense city-free reachable tiles = 291 Fallback-Tiles = 294
2026-06-02 09:44:53 [self-0001-1-city] Priority agent: edge reuse -9000, flow +6000 base = 265267 final = 262267
2026-06-02 09:44:53 [self-0001-1-city] Move #195: 123 -> 142 | Army: 17 | Target-Terrain: 1 | Target: 142 | Half: False
2026-06-02 09:44:53 [self-0001-1-city] My general index: 28
2026-06-02 09:44:53 [self-0001-1-city] Enemy general index: None
2026-06-02 09:44:53 [self-0001-1-city] Visible enemy tiles: 12
2026-06-02 09:44:53 [self-0001-1-city] Tiles: 30 / 52
2026-06-02 09:44:53 [self-0001-1-city] Map: 19 x 21 Turn: 234
2026-06-02 09:44:53 [self-0001-1-city] Route planned: Target = 142 Mode = defense city-free reachable tiles = 291 Fallback-Tiles = 294
2026-06-02 09:44:53 [self-0001-1-city] Move #196: 65 -> 84 | Army: 2 | Target-Terrain: 0 | Target: 142 | Half: False
2026-06-02 09:44:54 [self-0001-1-city] My general index: 28
2026-06-02 09:44:54 [self-0001-1-city] Enemy general index: None
2026-06-02 09:44:54 [self-0001-1-city] Visible enemy tiles: 12
2026-06-02 09:44:54 [self-0001-1-city] Tiles: 30 / 52
2026-06-02 09:44:54 [self-0001-1-city] Map: 19 x 21 Turn: 235
2026-06-02 09:44:54 [self-0001-1-city] Route planned: Target = 142 Mode = defense city-free reachable tiles = 291 Fallback-Tiles = 294
2026-06-02 09:44:54 [self-0001-1-city] Priority agent: flow +6000 base = 121482 final = 127482
2026-06-02 09:44:54 [self-0001-1-city] Move #197: 84 -> 85 | Army: 2 | Target-Terrain: 0 | Target: 142 | Half: False
2026-06-02 09:44:54 [self-0001-1-city] No server events for 120 seconds; stopping bot.
2026-06-02 09:44:54 [self-0001-1-city] No server events for 120 seconds; stopping bot.
2026-06-02 09:44:54 [self-0001-1-city] My general index: 28
2026-06-02 09:44:54 [self-0001-1-city] Enemy general index: None
2026-06-02 09:44:54 [self-0001-1-city] Visible enemy tiles: 12
2026-06-02 09:44:54 [self-0001-1-city] Tiles: 30 / 52
2026-06-02 09:44:54 [self-0001-1-city] Map: 19 x 21 Turn: 236
2026-06-02 09:44:54 [self-0001-1-city] Route planned: Target = 142 Mode = defense city-free reachable tiles = 291 Fallback-Tiles = 294
2026-06-02 09:44:54 [self-0001-1-city] Move #198: 28 -> 47 | Army: 68 | Target-Terrain: 0 | Target: 142 | Half: True
2026-06-02 09:44:54 [self-0001-1-city] Disconnected
2026-06-02 09:44:54 [self-0001-1-city] Disconnected
2026-06-02 09:44:55 [self-0001-1-city] My general index: 28
2026-06-02 09:44:55 [self-0001-1-city] Enemy general index: None
2026-06-02 09:44:55 [self-0001-1-city] Visible enemy tiles: 12
2026-06-02 09:44:55 [self-0001-1-city] Tiles: 30 / 52
2026-06-02 09:44:55 [self-0001-1-city] Map: 19 x 21 Turn: 237
2026-06-02 09:44:55 [self-0001-1-city] Route planned: Target = 142 Mode = defense city-free reachable tiles = 291 Fallback-Tiles = 294
2026-06-02 09:44:55 [self-0001-1-city] Move #199: 85 -> 104 | Army: 2 | Target-Terrain: 0 | Target: 142 | Half: False
2026-06-02 09:44:55 [self-0001-1-city] My general index: 28
2026-06-02 09:44:55 [self-0001-1-city] Enemy general index: None
2026-06-02 09:44:55 [self-0001-1-city] Visible enemy tiles: 12
2026-06-02 09:44:55 [self-0001-1-city] Tiles: 30 / 52
2026-06-02 09:44:55 [self-0001-1-city] Map: 19 x 21 Turn: 238
2026-06-02 09:44:55 [self-0001-1-city] Route planned: Target = 142 Mode = defense city-free reachable tiles = 291 Fallback-Tiles = 294
2026-06-02 09:44:55 [self-0001-1-city] Move #200: 180 -> 161 | Army: 27 | Target-Terrain: 0 | Target: 142 | Half: False
2026-06-02 09:44:56 [self-0001-1-city] My general index: 28
2026-06-02 09:44:56 [self-0001-1-city] Enemy general index: None
2026-06-02 09:44:56 [self-0001-1-city] Visible enemy tiles: 12
2026-06-02 09:44:56 [self-0001-1-city] Tiles: 30 / 52
2026-06-02 09:44:56 [self-0001-1-city] Map: 19 x 21 Turn: 239
2026-06-02 09:44:56 [self-0001-1-city] Route planned: Target = 142 Mode = defense city-free reachable tiles = 291 Fallback-Tiles = 294
2026-06-02 09:44:56 [self-0001-1-city] Move #201: 47 -> 66 | Army: 35 | Target-Terrain: 0 | Target: 142 | Half: False
2026-06-02 09:44:56 [self-0001-1-city] My general index: 28
2026-06-02 09:44:56 [self-0001-1-city] Enemy general index: None
2026-06-02 09:44:56 [self-0001-1-city] Visible enemy tiles: 12
2026-06-02 09:44:56 [self-0001-1-city] Tiles: 30 / 52
2026-06-02 09:44:56 [self-0001-1-city] Map: 19 x 21 Turn: 240
2026-06-02 09:44:56 [self-0001-1-city] Route planned: Target = 142 Mode = defense city-free reachable tiles = 291 Fallback-Tiles = 294
2026-06-02 09:44:56 [self-0001-1-city] Move #202: 161 -> 142 | Army: 27 | Target-Terrain: 0 | Target: 142 | Half: False
2026-06-02 09:44:57 [self-0001-1-city] My general index: 28
2026-06-02 09:44:57 [self-0001-1-city] Enemy general index: None
2026-06-02 09:44:57 [self-0001-1-city] Visible enemy tiles: 12
2026-06-02 09:44:57 [self-0001-1-city] Tiles: 30 / 52
2026-06-02 09:44:57 [self-0001-1-city] Map: 19 x 21 Turn: 241
2026-06-02 09:44:57 [self-0001-1-city] Route planned: Target = 142 Mode = defense city-free reachable tiles = 291 Fallback-Tiles = 294
2026-06-02 09:44:57 [self-0001-1-city] Priority agent: edge reuse -9000 base = 214277 final = 205277
2026-06-02 09:44:57 [self-0001-1-city] Move #203: 161 -> 142 | Army: 27 | Target-Terrain: 0 | Target: 142 | Half: False
2026-06-02 09:44:57 [self-0001-1-city] My general index: 28
2026-06-02 09:44:57 [self-0001-1-city] Enemy general index: None
2026-06-02 09:44:57 [self-0001-1-city] Visible enemy tiles: 12
2026-06-02 09:44:57 [self-0001-1-city] Tiles: 30 / 52
2026-06-02 09:44:57 [self-0001-1-city] Map: 19 x 21 Turn: 242
2026-06-02 09:44:57 [self-0001-1-city] Reinforcement waypoint: 141 final target = 198 turns until reinforcement = 8
2026-06-02 09:44:57 [self-0001-1-city] Route planned: Target = 141 Mode = reinforcement_waypoint city-free reachable tiles = 291 Fallback-Tiles = 294
2026-06-02 09:44:57 [self-0001-1-city] Priority agent: flow +6000 base = 106941 final = 112941
2026-06-02 09:44:57 [self-0001-1-city] Move #204: 142 -> 141 | Army: 41 | Target-Terrain: 1 | Target: 141 | Half: False
2026-06-02 09:44:58 [self-0001-1-city] My general index: 28
2026-06-02 09:44:58 [self-0001-1-city] Enemy general index: None
2026-06-02 09:44:58 [self-0001-1-city] Visible enemy tiles: 11
2026-06-02 09:44:58 [self-0001-1-city] Tiles: 31 / 51
2026-06-02 09:44:58 [self-0001-1-city] Map: 19 x 21 Turn: 243
2026-06-02 09:44:58 [self-0001-1-city] Route planned: Target = 142 Mode = defense city-free reachable tiles = 291 Fallback-Tiles = 294
2026-06-02 09:44:58 [self-0001-1-city] Priority agent: reverse -35000, edge reuse -9000 base = 197389 final = 153389
2026-06-02 09:44:58 [self-0001-1-city] Move #205: 141 -> 142 | Army: 39 | Target-Terrain: 0 | Target: 142 | Half: False
2026-06-02 09:44:58 [self-0001-1-city] My general index: 28
2026-06-02 09:44:58 [self-0001-1-city] Enemy general index: None
2026-06-02 09:44:58 [self-0001-1-city] Visible enemy tiles: 11
2026-06-02 09:44:58 [self-0001-1-city] Tiles: 31 / 51
2026-06-02 09:44:58 [self-0001-1-city] Map: 19 x 21 Turn: 244
2026-06-02 09:44:58 [self-0001-1-city] Reinforcement waypoint: 161 final target = 198 turns until reinforcement = 6
2026-06-02 09:44:58 [self-0001-1-city] Route planned: Target = 161 Mode = reinforcement_waypoint city-free reachable tiles = 291 Fallback-Tiles = 294
2026-06-02 09:44:58 [self-0001-1-city] Priority agent: flow +6000 base = 63509 final = 69509
2026-06-02 09:44:58 [self-0001-1-city] Move #206: 142 -> 143 | Army: 39 | Target-Terrain: 1 | Target: 161 | Half: False
2026-06-02 09:44:59 [self-0001-1-city] My general index: 28
2026-06-02 09:44:59 [self-0001-1-city] Enemy general index: None
2026-06-02 09:44:59 [self-0001-1-city] Visible enemy tiles: 10
2026-06-02 09:44:59 [self-0001-1-city] Tiles: 32 / 50
2026-06-02 09:44:59 [self-0001-1-city] Map: 19 x 21 Turn: 245
2026-06-02 09:44:59 [self-0001-1-city] Route planned: Target = 142 Mode = defense city-free reachable tiles = 291 Fallback-Tiles = 294
2026-06-02 09:44:59 [self-0001-1-city] Priority agent: reverse -35000, edge reuse -9000 base = 201687 final = 157687
2026-06-02 09:44:59 [self-0001-1-city] Move #207: 143 -> 142 | Army: 37 | Target-Terrain: 0 | Target: 142 | Half: False
2026-06-02 09:44:59 [self-0001-1-city] My general index: 28
2026-06-02 09:44:59 [self-0001-1-city] Enemy general index: None
2026-06-02 09:44:59 [self-0001-1-city] Visible enemy tiles: 10
2026-06-02 09:44:59 [self-0001-1-city] Tiles: 32 / 50
2026-06-02 09:44:59 [self-0001-1-city] Map: 19 x 21 Turn: 246
2026-06-02 09:44:59 [self-0001-1-city] Reinforcement waypoint: 161 final target = 198 turns until reinforcement = 4
2026-06-02 09:44:59 [self-0001-1-city] Route planned: Target = 161 Mode = reinforcement_waypoint city-free reachable tiles = 291 Fallback-Tiles = 294
2026-06-02 09:44:59 [self-0001-1-city] Move #208: 66 -> 85 | Army: 35 | Target-Terrain: 0 | Target: 161 | Half: False
2026-06-02 09:45:00 [self-0001-1-city] Coach: catch_up_expand tiles 32/50 army 150/178 cities 0/0 enemy_city_suspect False bias {'expansion_bias': 1.3, 'city_bias': 0.8, 'attack_bias': 0.1, 'defense_bias': 0.0, 'route_bias': 0.7}
2026-06-02 09:45:00 [self-0001-1-city] My general index: 28
2026-06-02 09:45:00 [self-0001-1-city] Enemy general index: None
2026-06-02 09:45:00 [self-0001-1-city] Visible enemy tiles: 10
2026-06-02 09:45:00 [self-0001-1-city] Tiles: 32 / 50
2026-06-02 09:45:00 [self-0001-1-city] Map: 19 x 21 Turn: 247
2026-06-02 09:45:00 [self-0001-1-city] Reinforcement waypoint: 161 final target = 198 turns until reinforcement = 3
2026-06-02 09:45:00 [self-0001-1-city] Route planned: Target = 161 Mode = reinforcement_waypoint city-free reachable tiles = 291 Fallback-Tiles = 294
2026-06-02 09:45:00 [self-0001-1-city] Move #209: 64 -> 83 | Army: 2 | Target-Terrain: 0 | Target: 161 | Half: False
2026-06-02 09:45:00 [self-0001-1-city] My general index: 28
2026-06-02 09:45:00 [self-0001-1-city] Enemy general index: None
2026-06-02 09:45:00 [self-0001-1-city] Visible enemy tiles: 10
2026-06-02 09:45:00 [self-0001-1-city] Tiles: 32 / 50
2026-06-02 09:45:00 [self-0001-1-city] Map: 19 x 21 Turn: 248
2026-06-02 09:45:00 [self-0001-1-city] Reinforcement waypoint: 161 final target = 198 turns until reinforcement = 2
2026-06-02 09:45:00 [self-0001-1-city] Route planned: Target = 161 Mode = reinforcement_waypoint city-free reachable tiles = 291 Fallback-Tiles = 294
2026-06-02 09:45:00 [self-0001-1-city] Move #210: 104 -> 123 | Army: 2 | Target-Terrain: 0 | Target: 161 | Half: False
2026-06-02 09:45:01 [self-0001-1-city] My general index: 28
2026-06-02 09:45:01 [self-0001-1-city] Enemy general index: None
2026-06-02 09:45:01 [self-0001-1-city] Visible enemy tiles: 10
2026-06-02 09:45:01 [self-0001-1-city] Tiles: 32 / 50
2026-06-02 09:45:01 [self-0001-1-city] Map: 19 x 21 Turn: 249
2026-06-02 09:45:01 [self-0001-1-city] Reinforcement waypoint: 161 final target = 198 turns until reinforcement = 1
2026-06-02 09:45:01 [self-0001-1-city] Route planned: Target = 161 Mode = reinforcement_waypoint city-free reachable tiles = 291 Fallback-Tiles = 294
2026-06-02 09:45:01 [self-0001-1-city] Move #211: 140 -> 141 | Army: 2 | Target-Terrain: 0 | Target: 161 | Half: False
2026-06-02 09:45:01 [self-0001-1-city] My general index: 28
2026-06-02 09:45:01 [self-0001-1-city] Enemy general index: None
2026-06-02 09:45:01 [self-0001-1-city] Visible enemy tiles: 10
2026-06-02 09:45:01 [self-0001-1-city] Tiles: 32 / 50
2026-06-02 09:45:01 [self-0001-1-city] Map: 19 x 21 Turn: 250
2026-06-02 09:45:01 [self-0001-1-city] Route planned: Target = 198 Mode = strategy city-free reachable tiles = 291 Fallback-Tiles = 294
2026-06-02 09:45:01 [self-0001-1-city] Move #212: 180 -> 199 | Army: 2 | Target-Terrain: 0 | Target: 198 | Half: False
2026-06-02 09:45:02 [self-0001-1-city] My general index: 28
2026-06-02 09:45:02 [self-0001-1-city] Enemy general index: None
2026-06-02 09:45:02 [self-0001-1-city] Visible enemy tiles: 10
2026-06-02 09:45:02 [self-0001-1-city] Tiles: 32 / 51
2026-06-02 09:45:02 [self-0001-1-city] Map: 19 x 21 Turn: 251
2026-06-02 09:45:02 [self-0001-1-city] Route planned: Target = 198 Mode = strategy city-free reachable tiles = 291 Fallback-Tiles = 294
2026-06-02 09:45:02 [self-0001-1-city] Move #213: 85 -> 84 | Army: 36 | Target-Terrain: 0 | Target: 198 | Half: False
2026-06-02 09:45:02 [self-0001-1-city] My general index: 28
2026-06-02 09:45:02 [self-0001-1-city] Enemy general index: None
2026-06-02 09:45:02 [self-0001-1-city] Visible enemy tiles: 10
2026-06-02 09:45:02 [self-0001-1-city] Tiles: 32 / 51
2026-06-02 09:45:02 [self-0001-1-city] Map: 19 x 21 Turn: 252
2026-06-02 09:45:02 [self-0001-1-city] Route planned: Target = 198 Mode = strategy city-free reachable tiles = 291 Fallback-Tiles = 294
2026-06-02 09:45:02 [self-0001-1-city] Priority agent: fresh target pullback -12000, flow +6000 base = 42037 final = 36037
2026-06-02 09:45:02 [self-0001-1-city] Move #214: 84 -> 103 | Army: 37 | Target-Terrain: 0 | Target: 198 | Half: False
2026-06-02 09:45:03 [self-0001-1-city] My general index: 28
2026-06-02 09:45:03 [self-0001-1-city] Enemy general index: None
2026-06-02 09:45:03 [self-0001-1-city] Visible enemy tiles: 10
2026-06-02 09:45:03 [self-0001-1-city] Tiles: 32 / 51
2026-06-02 09:45:03 [self-0001-1-city] Map: 19 x 21 Turn: 253
2026-06-02 09:45:03 [self-0001-1-city] Route planned: Target = 198 Mode = strategy city-free reachable tiles = 291 Fallback-Tiles = 294
2026-06-02 09:45:03 [self-0001-1-city] Move #215: 218 -> 217 | Army: 2 | Target-Terrain: 0 | Target: 198 | Half: False
2026-06-02 09:45:03 [self-0001-1-city] My general index: 28
2026-06-02 09:45:03 [self-0001-1-city] Enemy general index: None
2026-06-02 09:45:03 [self-0001-1-city] Visible enemy tiles: 10
2026-06-02 09:45:03 [self-0001-1-city] Tiles: 32 / 51
2026-06-02 09:45:03 [self-0001-1-city] Map: 19 x 21 Turn: 254
2026-06-02 09:45:03 [self-0001-1-city] Route planned: Target = 198 Mode = strategy city-free reachable tiles = 291 Fallback-Tiles = 294
2026-06-02 09:45:03 [self-0001-1-city] Move #216: 161 -> 180 | Army: 2 | Target-Terrain: 0 | Target: 198 | Half: False
2026-06-02 09:45:04 [self-0001-1-city] My general index: 28
2026-06-02 09:45:04 [self-0001-1-city] Enemy general index: None
2026-06-02 09:45:04 [self-0001-1-city] Visible enemy tiles: 10
2026-06-02 09:45:04 [self-0001-1-city] Tiles: 32 / 51
2026-06-02 09:45:04 [self-0001-1-city] Map: 19 x 21 Turn: 255
2026-06-02 09:45:04 [self-0001-1-city] Route planned: Target = 198 Mode = strategy city-free reachable tiles = 291 Fallback-Tiles = 294
2026-06-02 09:45:04 [self-0001-1-city] Move #217: 123 -> 122 | Army: 3 | Target-Terrain: 0 | Target: 198 | Half: False
2026-06-02 09:45:04 [self-0001-1-city] My general index: 28
2026-06-02 09:45:04 [self-0001-1-city] Enemy general index: None
2026-06-02 09:45:04 [self-0001-1-city] Visible enemy tiles: 10
2026-06-02 09:45:04 [self-0001-1-city] Tiles: 32 / 51
2026-06-02 09:45:04 [self-0001-1-city] Map: 19 x 21 Turn: 256
2026-06-02 09:45:04 [self-0001-1-city] Route planned: Target = 198 Mode = strategy city-free reachable tiles = 291 Fallback-Tiles = 294
2026-06-02 09:45:04 [self-0001-1-city] Move #218: 141 -> 160 | Army: 3 | Target-Terrain: 1 | Target: 198 | Half: False
2026-06-02 09:45:05 [self-0001-1-city] My general index: 28
2026-06-02 09:45:05 [self-0001-1-city] Enemy general index: None
2026-06-02 09:45:05 [self-0001-1-city] Visible enemy tiles: 10
2026-06-02 09:45:05 [self-0001-1-city] Tiles: 33 / 50
2026-06-02 09:45:05 [self-0001-1-city] Map: 19 x 21 Turn: 257
2026-06-02 09:45:05 [self-0001-1-city] Route planned: Target = 198 Mode = strategy city-free reachable tiles = 291 Fallback-Tiles = 294
2026-06-02 09:45:05 [self-0001-1-city] Move #219: 104 -> 103 | Army: 2 | Target-Terrain: 0 | Target: 198 | Half: False
2026-06-02 09:45:05 [self-0001-1-city] My general index: 28
2026-06-02 09:45:05 [self-0001-1-city] Enemy general index: None
2026-06-02 09:45:05 [self-0001-1-city] Visible enemy tiles: 10
2026-06-02 09:45:05 [self-0001-1-city] Tiles: 32 / 51
2026-06-02 09:45:05 [self-0001-1-city] Map: 19 x 21 Turn: 258
2026-06-02 09:45:05 [self-0001-1-city] Route planned: Target = 198 Mode = strategy city-free reachable tiles = 291 Fallback-Tiles = 294
2026-06-02 09:45:05 [self-0001-1-city] Move #220: 199 -> 218 | Army: 3 | Target-Terrain: 1 | Target: 198 | Half: False
2026-06-02 09:45:06 [self-0001-1-city] My general index: 28
2026-06-02 09:45:06 [self-0001-1-city] Enemy general index: None
2026-06-02 09:45:06 [self-0001-1-city] Visible enemy tiles: 10
2026-06-02 09:45:06 [self-0001-1-city] Tiles: 33 / 50
2026-06-02 09:45:06 [self-0001-1-city] Map: 19 x 21 Turn: 259
2026-06-02 09:45:06 [self-0001-1-city] Route planned: Target = 198 Mode = strategy city-free reachable tiles = 291 Fallback-Tiles = 294
2026-06-02 09:45:06 [self-0001-1-city] Move #221: 142 -> 141 | Army: 38 | Target-Terrain: 0 | Target: 198 | Half: False
2026-06-02 09:45:06 [self-0001-1-city] My general index: 28
2026-06-02 09:45:06 [self-0001-1-city] Enemy general index: None
2026-06-02 09:45:06 [self-0001-1-city] Visible enemy tiles: 11
2026-06-02 09:45:06 [self-0001-1-city] Tiles: 32 / 51
2026-06-02 09:45:06 [self-0001-1-city] Map: 19 x 21 Turn: 260
2026-06-02 09:45:06 [self-0001-1-city] Route planned: Target = 142 Mode = defense city-free reachable tiles = 291 Fallback-Tiles = 294
2026-06-02 09:45:06 [self-0001-1-city] Move #222: 143 -> 142 | Army: 2 | Target-Terrain: 0 | Target: 142 | Half: False
2026-06-02 09:45:07 [self-0001-1-city] My general index: 28
2026-06-02 09:45:07 [self-0001-1-city] Enemy general index: None
2026-06-02 09:45:07 [self-0001-1-city] Visible enemy tiles: 11
2026-06-02 09:45:07 [self-0001-1-city] Tiles: 32 / 51
2026-06-02 09:45:07 [self-0001-1-city] Map: 19 x 21 Turn: 261
2026-06-02 09:45:07 [self-0001-1-city] Route planned: Target = 142 Mode = defense city-free reachable tiles = 291 Fallback-Tiles = 294
2026-06-02 09:45:07 [self-0001-1-city] Priority agent: edge reuse -9000 base = 206288 final = 197288
2026-06-02 09:45:07 [self-0001-1-city] Move #223: 141 -> 142 | Army: 38 | Target-Terrain: 0 | Target: 142 | Half: False
2026-06-02 09:45:07 [self-0001-1-city] My general index: 28
2026-06-02 09:45:07 [self-0001-1-city] Enemy general index: None
2026-06-02 09:45:07 [self-0001-1-city] Visible enemy tiles: 11
2026-06-02 09:45:07 [self-0001-1-city] Tiles: 32 / 51
2026-06-02 09:45:07 [self-0001-1-city] Map: 19 x 21 Turn: 262
2026-06-02 09:45:07 [self-0001-1-city] Route planned: Target = 199 Mode = strategy city-free reachable tiles = 291 Fallback-Tiles = 294
2026-06-02 09:45:07 [self-0001-1-city] Move #224: 217 -> 198 | Army: 3 | Target-Terrain: 1 | Target: 199 | Half: False
2026-06-02 09:45:08 [self-0001-1-city] My general index: 28
2026-06-02 09:45:08 [self-0001-1-city] Enemy general index: None
2026-06-02 09:45:08 [self-0001-1-city] Visible enemy tiles: 10
2026-06-02 09:45:08 [self-0001-1-city] Tiles: 33 / 50
2026-06-02 09:45:08 [self-0001-1-city] Map: 19 x 21 Turn: 263
2026-06-02 09:45:08 [self-0001-1-city] Route planned: Target = 199 Mode = strategy city-free reachable tiles = 291 Fallback-Tiles = 294
2026-06-02 09:45:08 [self-0001-1-city] Move #225: 66 -> 85 | Army: 2 | Target-Terrain: 0 | Target: 199 | Half: False
2026-06-02 09:45:08 [self-0001-1-city] My general index: 28
2026-06-02 09:45:08 [self-0001-1-city] Enemy general index: None
2026-06-02 09:45:08 [self-0001-1-city] Visible enemy tiles: 10
2026-06-02 09:45:08 [self-0001-1-city] Tiles: 33 / 50
2026-06-02 09:45:08 [self-0001-1-city] Map: 19 x 21 Turn: 264
2026-06-02 09:45:08 [self-0001-1-city] Route planned: Target = 199 Mode = strategy city-free reachable tiles = 291 Fallback-Tiles = 294
2026-06-02 09:45:08 [self-0001-1-city] Move #226: 86 -> 85 | Army: 2 | Target-Terrain: 0 | Target: 199 | Half: False
2026-06-02 09:45:09 [self-0001-1-city] My general index: 28
2026-06-02 09:45:09 [self-0001-1-city] Enemy general index: None
2026-06-02 09:45:09 [self-0001-1-city] Visible enemy tiles: 10
2026-06-02 09:45:09 [self-0001-1-city] Tiles: 33 / 50
2026-06-02 09:45:09 [self-0001-1-city] Map: 19 x 21 Turn: 265
2026-06-02 09:45:09 [self-0001-1-city] Route planned: Target = 199 Mode = strategy city-free reachable tiles = 291 Fallback-Tiles = 294
2026-06-02 09:45:09 [self-0001-1-city] Move #227: 83 -> 102 | Army: 3 | Target-Terrain: 0 | Target: 199 | Half: False
2026-06-02 09:45:09 [self-0001-1-city] My general index: 28
2026-06-02 09:45:09 [self-0001-1-city] Enemy general index: None
2026-06-02 09:45:09 [self-0001-1-city] Visible enemy tiles: 10
2026-06-02 09:45:09 [self-0001-1-city] Tiles: 33 / 50
2026-06-02 09:45:09 [self-0001-1-city] Map: 19 x 21 Turn: 266
2026-06-02 09:45:09 [self-0001-1-city] Route planned: Target = 199 Mode = strategy city-free reachable tiles = 291 Fallback-Tiles = 294
2026-06-02 09:45:09 [self-0001-1-city] Move #228: 47 -> 66 | Army: 2 | Target-Terrain: 0 | Target: 199 | Half: False
2026-06-02 09:45:10 [self-0001-1-city] My general index: 28
2026-06-02 09:45:10 [self-0001-1-city] Enemy general index: None
2026-06-02 09:45:10 [self-0001-1-city] Visible enemy tiles: 10
2026-06-02 09:45:10 [self-0001-1-city] Tiles: 33 / 50
2026-06-02 09:45:10 [self-0001-1-city] Map: 19 x 21 Turn: 267
2026-06-02 09:45:10 [self-0001-1-city] Route planned: Target = 199 Mode = strategy city-free reachable tiles = 291 Fallback-Tiles = 294
2026-06-02 09:45:10 [self-0001-1-city] Move #229: 65 -> 84 | Army: 2 | Target-Terrain: 0 | Target: 199 | Half: False
2026-06-02 09:45:10 [self-0001-1-city] My general index: 28
2026-06-02 09:45:10 [self-0001-1-city] Enemy general index: None
2026-06-02 09:45:10 [self-0001-1-city] Visible enemy tiles: 10
2026-06-02 09:45:10 [self-0001-1-city] Tiles: 33 / 50
2026-06-02 09:45:10 [self-0001-1-city] Map: 19 x 21 Turn: 268
2026-06-02 09:45:10 [self-0001-1-city] Route planned: Target = 199 Mode = strategy city-free reachable tiles = 291 Fallback-Tiles = 294
2026-06-02 09:45:10 [self-0001-1-city] Move #230: 67 -> 86 | Army: 2 | Target-Terrain: 0 | Target: 199 | Half: False
2026-06-02 09:45:11 [self-0001-1-city] My general index: 28
2026-06-02 09:45:11 [self-0001-1-city] Enemy general index: None
2026-06-02 09:45:11 [self-0001-1-city] Visible enemy tiles: 10
2026-06-02 09:45:11 [self-0001-1-city] Tiles: 33 / 50
2026-06-02 09:45:11 [self-0001-1-city] Map: 19 x 21 Turn: 269
2026-06-02 09:45:11 [self-0001-1-city] Route planned: Target = 199 Mode = strategy city-free reachable tiles = 291 Fallback-Tiles = 294
2026-06-02 09:45:11 [self-0001-1-city] Move #231: 85 -> 104 | Army: 3 | Target-Terrain: 0 | Target: 199 | Half: False
2026-06-02 09:45:11 [self-0001-1-city] My general index: 28
2026-06-02 09:45:11 [self-0001-1-city] Enemy general index: None
2026-06-02 09:45:11 [self-0001-1-city] Visible enemy tiles: 10
2026-06-02 09:45:11 [self-0001-1-city] Tiles: 33 / 50
2026-06-02 09:45:11 [self-0001-1-city] Map: 19 x 21 Turn: 270
2026-06-02 09:45:11 [self-0001-1-city] Route planned: Target = 199 Mode = strategy city-free reachable tiles = 291 Fallback-Tiles = 294
2026-06-02 09:45:11 [self-0001-1-city] Move #232: 46 -> 65 | Army: 2 | Target-Terrain: 0 | Target: 199 | Half: False
2026-06-02 09:45:12 [self-0001-1-city] My general index: 28
2026-06-02 09:45:12 [self-0001-1-city] Enemy general index: None
2026-06-02 09:45:12 [self-0001-1-city] Visible enemy tiles: 10
2026-06-02 09:45:12 [self-0001-1-city] Tiles: 33 / 50
2026-06-02 09:45:12 [self-0001-1-city] Map: 19 x 21 Turn: 271
2026-06-02 09:45:12 [self-0001-1-city] Route planned: Target = 199 Mode = strategy city-free reachable tiles = 291 Fallback-Tiles = 294
2026-06-02 09:45:12 [self-0001-1-city] Move #233: 48 -> 67 | Army: 2 | Target-Terrain: 0 | Target: 199 | Half: False
2026-06-02 09:45:12 [self-0001-1-city] My general index: 28
2026-06-02 09:45:12 [self-0001-1-city] Enemy general index: None
2026-06-02 09:45:12 [self-0001-1-city] Visible enemy tiles: 10
2026-06-02 09:45:12 [self-0001-1-city] Tiles: 33 / 50
2026-06-02 09:45:12 [self-0001-1-city] Map: 19 x 21 Turn: 272
2026-06-02 09:45:12 [self-0001-1-city] Route planned: Target = 199 Mode = strategy city-free reachable tiles = 291 Fallback-Tiles = 294
2026-06-02 09:45:12 [self-0001-1-city] Move #234: 84 -> 103 | Army: 2 | Target-Terrain: 0 | Target: 199 | Half: False
2026-06-02 09:45:13 [self-0001-1-city] My general index: 28
2026-06-02 09:45:13 [self-0001-1-city] Enemy general index: None
2026-06-02 09:45:13 [self-0001-1-city] Visible enemy tiles: 10
2026-06-02 09:45:13 [self-0001-1-city] Tiles: 33 / 50
2026-06-02 09:45:13 [self-0001-1-city] Map: 19 x 21 Turn: 273
2026-06-02 09:45:13 [self-0001-1-city] Route planned: Target = 199 Mode = strategy city-free reachable tiles = 291 Fallback-Tiles = 294
2026-06-02 09:45:13 [self-0001-1-city] Move #235: 64 -> 83 | Army: 2 | Target-Terrain: 0 | Target: 199 | Half: False
2026-06-02 09:45:13 [self-0001-1-city] My general index: 28
2026-06-02 09:45:13 [self-0001-1-city] Enemy general index: None
2026-06-02 09:45:13 [self-0001-1-city] Visible enemy tiles: 10
2026-06-02 09:45:13 [self-0001-1-city] Tiles: 33 / 50
2026-06-02 09:45:13 [self-0001-1-city] Map: 19 x 21 Turn: 274
2026-06-02 09:45:13 [self-0001-1-city] Route planned: Target = 199 Mode = strategy city-free reachable tiles = 291 Fallback-Tiles = 294
2026-06-02 09:45:13 [self-0001-1-city] Move #236: 27 -> 46 | Army: 2 | Target-Terrain: 0 | Target: 199 | Half: False
2026-06-02 09:45:14 [self-0001-1-city] My general index: 28
2026-06-02 09:45:14 [self-0001-1-city] Enemy general index: None
2026-06-02 09:45:14 [self-0001-1-city] Visible enemy tiles: 10
2026-06-02 09:45:14 [self-0001-1-city] Tiles: 33 / 50
2026-06-02 09:45:14 [self-0001-1-city] Map: 19 x 21 Turn: 275
2026-06-02 09:45:14 [self-0001-1-city] Route planned: Target = 199 Mode = strategy city-free reachable tiles = 291 Fallback-Tiles = 294
2026-06-02 09:45:14 [self-0001-1-city] Move #237: 45 -> 64 | Army: 2 | Target-Terrain: 0 | Target: 199 | Half: False
2026-06-02 09:45:14 [self-0001-1-city] My general index: 28
2026-06-02 09:45:14 [self-0001-1-city] Enemy general index: None
2026-06-02 09:45:14 [self-0001-1-city] Visible enemy tiles: 10
2026-06-02 09:45:14 [self-0001-1-city] Tiles: 33 / 50
2026-06-02 09:45:14 [self-0001-1-city] Map: 19 x 21 Turn: 276
2026-06-02 09:45:14 [self-0001-1-city] Route planned: Target = 199 Mode = strategy city-free reachable tiles = 291 Fallback-Tiles = 294
2026-06-02 09:45:14 [self-0001-1-city] Move #238: 67 -> 66 | Army: 2 | Target-Terrain: 0 | Target: 199 | Half: False
2026-06-02 09:45:15 [self-0001-1-city] My general index: 28
2026-06-02 09:45:15 [self-0001-1-city] Enemy general index: None
2026-06-02 09:45:15 [self-0001-1-city] Visible enemy tiles: 10
2026-06-02 09:45:15 [self-0001-1-city] Tiles: 33 / 50
2026-06-02 09:45:15 [self-0001-1-city] Map: 19 x 21 Turn: 277
2026-06-02 09:45:15 [self-0001-1-city] Route planned: Target = 199 Mode = strategy city-free reachable tiles = 291 Fallback-Tiles = 294
2026-06-02 09:45:15 [self-0001-1-city] Move #239: 63 -> 82 | Army: 2 | Target-Terrain: 0 | Target: 199 | Half: False
2026-06-02 09:45:15 [self-0001-1-city] My general index: 28
2026-06-02 09:45:15 [self-0001-1-city] Enemy general index: None
2026-06-02 09:45:15 [self-0001-1-city] Visible enemy tiles: 10
2026-06-02 09:45:15 [self-0001-1-city] Tiles: 33 / 50
2026-06-02 09:45:15 [self-0001-1-city] Map: 19 x 21 Turn: 278
2026-06-02 09:45:15 [self-0001-1-city] Route planned: Target = 199 Mode = strategy city-free reachable tiles = 291 Fallback-Tiles = 294
2026-06-02 09:45:15 [self-0001-1-city] Priority agent: flow +6000 base = 29005 final = 35005
2026-06-02 09:45:15 [self-0001-1-city] Move #240: 82 -> 81 | Army: 5 | Target-Terrain: -1 | Target: 199 | Half: False
2026-06-02 09:45:16 [self-0001-1-city] My general index: 28
2026-06-02 09:45:16 [self-0001-1-city] Enemy general index: None
2026-06-02 09:45:16 [self-0001-1-city] Visible enemy tiles: 10
2026-06-02 09:45:16 [self-0001-1-city] Tiles: 34 / 50
2026-06-02 09:45:16 [self-0001-1-city] Map: 19 x 21 Turn: 279
2026-06-02 09:45:16 [self-0001-1-city] Route planned: Target = 199 Mode = strategy city-free reachable tiles = 291 Fallback-Tiles = 294
2026-06-02 09:45:16 [self-0001-1-city] Move #241: 86 -> 85 | Army: 2 | Target-Terrain: 0 | Target: 199 | Half: False
2026-06-02 09:45:16 [self-0001-1-city] My general index: 28
2026-06-02 09:45:16 [self-0001-1-city] Enemy general index: None
2026-06-02 09:45:16 [self-0001-1-city] Visible enemy tiles: 10
2026-06-02 09:45:16 [self-0001-1-city] Tiles: 34 / 50
2026-06-02 09:45:16 [self-0001-1-city] Map: 19 x 21 Turn: 280
2026-06-02 09:45:16 [self-0001-1-city] Route planned: Target = 199 Mode = strategy city-free reachable tiles = 291 Fallback-Tiles = 294
2026-06-02 09:45:16 [self-0001-1-city] Move #242: 83 -> 102 | Army: 2 | Target-Terrain: 0 | Target: 199 | Half: False
2026-06-02 09:45:17 [self-0001-1-city] My general index: 28
2026-06-02 09:45:17 [self-0001-1-city] Enemy general index: None
2026-06-02 09:45:17 [self-0001-1-city] Visible enemy tiles: 10
2026-06-02 09:45:17 [self-0001-1-city] Tiles: 34 / 50
2026-06-02 09:45:17 [self-0001-1-city] Map: 19 x 21 Turn: 281
2026-06-02 09:45:17 [self-0001-1-city] Route planned: Target = 199 Mode = strategy city-free reachable tiles = 291 Fallback-Tiles = 294
2026-06-02 09:45:17 [self-0001-1-city] Move #243: 66 -> 85 | Army: 3 | Target-Terrain: 0 | Target: 199 | Half: False
2026-06-02 09:45:17 [self-0001-1-city] My general index: 28
2026-06-02 09:45:17 [self-0001-1-city] Enemy general index: None
2026-06-02 09:45:17 [self-0001-1-city] Visible enemy tiles: 10
2026-06-02 09:45:17 [self-0001-1-city] Tiles: 34 / 51
2026-06-02 09:45:17 [self-0001-1-city] Map: 19 x 21 Turn: 282
2026-06-02 09:45:17 [self-0001-1-city] Route planned: Target = 199 Mode = strategy city-free reachable tiles = 291 Fallback-Tiles = 294
2026-06-02 09:45:17 [self-0001-1-city] Move #244: 65 -> 84 | Army: 2 | Target-Terrain: 0 | Target: 199 | Half: False
2026-06-02 09:45:18 [self-0001-1-city] My general index: 28
2026-06-02 09:45:18 [self-0001-1-city] Enemy general index: None
2026-06-02 09:45:18 [self-0001-1-city] Visible enemy tiles: 10
2026-06-02 09:45:18 [self-0001-1-city] Tiles: 34 / 51
2026-06-02 09:45:18 [self-0001-1-city] Map: 19 x 21 Turn: 283
2026-06-02 09:45:18 [self-0001-1-city] Route planned: Target = 199 Mode = strategy city-free reachable tiles = 291 Fallback-Tiles = 294
2026-06-02 09:45:18 [self-0001-1-city] Move #245: 142 -> 161 | Army: 39 | Target-Terrain: 0 | Target: 199 | Half: False
2026-06-02 09:45:18 [self-0001-1-city] My general index: 28
2026-06-02 09:45:18 [self-0001-1-city] Enemy general index: None
2026-06-02 09:45:18 [self-0001-1-city] Visible enemy tiles: 11
2026-06-02 09:45:18 [self-0001-1-city] Tiles: 33 / 52
2026-06-02 09:45:18 [self-0001-1-city] Map: 19 x 21 Turn: 284
2026-06-02 09:45:18 [self-0001-1-city] Route planned: Target = 142 Mode = defense city-free reachable tiles = 291 Fallback-Tiles = 294
2026-06-02 09:45:18 [self-0001-1-city] Priority agent: reverse -35000, edge reuse -9000 base = 209389 final = 165389
2026-06-02 09:45:18 [self-0001-1-city] Move #246: 161 -> 142 | Army: 39 | Target-Terrain: 0 | Target: 142 | Half: False
2026-06-02 09:45:19 [self-0001-1-city] My general index: 28
2026-06-02 09:45:19 [self-0001-1-city] Enemy general index: None
2026-06-02 09:45:19 [self-0001-1-city] Visible enemy tiles: 12
2026-06-02 09:45:19 [self-0001-1-city] Tiles: 32 / 53
2026-06-02 09:45:19 [self-0001-1-city] Map: 19 x 21 Turn: 285
2026-06-02 09:45:19 [self-0001-1-city] Reinforcement waypoint: 199 final target = 199 turns until reinforcement = 15
2026-06-02 09:45:19 [self-0001-1-city] Route planned: Target = 199 Mode = reinforcement_waypoint city-free reachable tiles = 291 Fallback-Tiles = 293
2026-06-02 09:45:19 [self-0001-1-city] Move #247: 46 -> 65 | Army: 2 | Target-Terrain: 0 | Target: 199 | Half: False
2026-06-02 09:45:19 [self-0001-1-city] My general index: 28
2026-06-02 09:45:19 [self-0001-1-city] Enemy general index: None
2026-06-02 09:45:19 [self-0001-1-city] Visible enemy tiles: 12
2026-06-02 09:45:19 [self-0001-1-city] Tiles: 32 / 53
2026-06-02 09:45:19 [self-0001-1-city] Map: 19 x 21 Turn: 286
2026-06-02 09:45:19 [self-0001-1-city] Reinforcement waypoint: 199 final target = 199 turns until reinforcement = 14
2026-06-02 09:45:19 [self-0001-1-city] Route planned: Target = 199 Mode = reinforcement_waypoint city-free reachable tiles = 291 Fallback-Tiles = 293
2026-06-02 09:45:19 [self-0001-1-city] Move #248: 85 -> 104 | Army: 4 | Target-Terrain: 0 | Target: 199 | Half: False
2026-06-02 09:45:20 [self-0001-1-city] My general index: 28
2026-06-02 09:45:20 [self-0001-1-city] Enemy general index: None
2026-06-02 09:45:20 [self-0001-1-city] Visible enemy tiles: 12
2026-06-02 09:45:20 [self-0001-1-city] Tiles: 32 / 53
2026-06-02 09:45:20 [self-0001-1-city] Map: 19 x 21 Turn: 287
2026-06-02 09:45:20 [self-0001-1-city] Reinforcement waypoint: 199 final target = 199 turns until reinforcement = 13
2026-06-02 09:45:20 [self-0001-1-city] Route planned: Target = 199 Mode = reinforcement_waypoint city-free reachable tiles = 291 Fallback-Tiles = 293
2026-06-02 09:45:20 [self-0001-1-city] Move #249: 84 -> 103 | Army: 2 | Target-Terrain: 0 | Target: 199 | Half: False
2026-06-02 09:45:20 [self-0001-1-city] My general index: 28
2026-06-02 09:45:20 [self-0001-1-city] Enemy general index: None
2026-06-02 09:45:20 [self-0001-1-city] Visible enemy tiles: 12
2026-06-02 09:45:20 [self-0001-1-city] Tiles: 32 / 53
2026-06-02 09:45:20 [self-0001-1-city] Map: 19 x 21 Turn: 288
2026-06-02 09:45:20 [self-0001-1-city] Reinforcement waypoint: 199 final target = 199 turns until reinforcement = 12
2026-06-02 09:45:20 [self-0001-1-city] Route planned: Target = 199 Mode = reinforcement_waypoint city-free reachable tiles = 291 Fallback-Tiles = 293
2026-06-02 09:45:20 [self-0001-1-city] Move #250: 28 -> 47 | Army: 61 | Target-Terrain: 0 | Target: 199 | Half: True
2026-06-02 09:45:21 [self-0001-1-city] My general index: 28
2026-06-02 09:45:21 [self-0001-1-city] Enemy general index: None
2026-06-02 09:45:21 [self-0001-1-city] Visible enemy tiles: 7
2026-06-02 09:45:21 [self-0001-1-city] Tiles: 31 / 54
2026-06-02 09:45:21 [self-0001-1-city] Map: 19 x 21 Turn: 289
2026-06-02 09:45:21 [self-0001-1-city] Reinforcement waypoint: 199 final target = 199 turns until reinforcement = 11
2026-06-02 09:45:21 [self-0001-1-city] Route planned: Target = 199 Mode = reinforcement_waypoint city-free reachable tiles = 291 Fallback-Tiles = 293
2026-06-02 09:45:21 [self-0001-1-city] Move #251: 64 -> 83 | Army: 2 | Target-Terrain: 0 | Target: 199 | Half: False
2026-06-02 09:45:21 [self-0001-1-city] My general index: 28
2026-06-02 09:45:21 [self-0001-1-city] Enemy general index: None
2026-06-02 09:45:21 [self-0001-1-city] Visible enemy tiles: 7
2026-06-02 09:45:21 [self-0001-1-city] Tiles: 31 / 54
2026-06-02 09:45:21 [self-0001-1-city] Map: 19 x 21 Turn: 290
2026-06-02 09:45:21 [self-0001-1-city] Reinforcement waypoint: 199 final target = 199 turns until reinforcement = 10
2026-06-02 09:45:21 [self-0001-1-city] Route planned: Target = 199 Mode = reinforcement_waypoint city-free reachable tiles = 291 Fallback-Tiles = 293
2026-06-02 09:45:21 [self-0001-1-city] Move #252: 122 -> 123 | Army: 4 | Target-Terrain: 0 | Target: 199 | Half: False
2026-06-02 09:45:22 [self-0001-1-city] My general index: 28
2026-06-02 09:45:22 [self-0001-1-city] Enemy general index: None
2026-06-02 09:45:22 [self-0001-1-city] Visible enemy tiles: 7
2026-06-02 09:45:22 [self-0001-1-city] Tiles: 31 / 54
2026-06-02 09:45:22 [self-0001-1-city] Map: 19 x 21 Turn: 291
2026-06-02 09:45:22 [self-0001-1-city] Reinforcement waypoint: 199 final target = 199 turns until reinforcement = 9
2026-06-02 09:45:22 [self-0001-1-city] Route planned: Target = 199 Mode = reinforcement_waypoint city-free reachable tiles = 291 Fallback-Tiles = 293
2026-06-02 09:45:22 [self-0001-1-city] Move #253: 104 -> 123 | Army: 6 | Target-Terrain: 0 | Target: 199 | Half: False
2026-06-02 09:45:22 [self-0001-1-city] My general index: 28
2026-06-02 09:45:22 [self-0001-1-city] Enemy general index: None
2026-06-02 09:45:22 [self-0001-1-city] Visible enemy tiles: 7
2026-06-02 09:45:22 [self-0001-1-city] Tiles: 31 / 54
2026-06-02 09:45:22 [self-0001-1-city] Map: 19 x 21 Turn: 292
2026-06-02 09:45:22 [self-0001-1-city] Reinforcement waypoint: 199 final target = 199 turns until reinforcement = 8
2026-06-02 09:45:22 [self-0001-1-city] Route planned: Target = 199 Mode = reinforcement_waypoint city-free reachable tiles = 291 Fallback-Tiles = 293
2026-06-02 09:45:22 [self-0001-1-city] Move #254: 103 -> 104 | Army: 41 | Target-Terrain: 0 | Target: 199 | Half: False
2026-06-02 09:45:23 [self-0001-1-city] My general index: 28
2026-06-02 09:45:23 [self-0001-1-city] Enemy general index: None
2026-06-02 09:45:23 [self-0001-1-city] Visible enemy tiles: 7
2026-06-02 09:45:23 [self-0001-1-city] Tiles: 31 / 54
2026-06-02 09:45:23 [self-0001-1-city] Map: 19 x 21 Turn: 293
2026-06-02 09:45:23 [self-0001-1-city] Reinforcement waypoint: 199 final target = 199 turns until reinforcement = 7
2026-06-02 09:45:23 [self-0001-1-city] Route planned: Target = 199 Mode = reinforcement_waypoint city-free reachable tiles = 291 Fallback-Tiles = 293
2026-06-02 09:45:23 [self-0001-1-city] Move #255: 47 -> 66 | Army: 31 | Target-Terrain: 0 | Target: 199 | Half: False
2026-06-02 09:45:23 [self-0001-1-city] My general index: 28
2026-06-02 09:45:23 [self-0001-1-city] Enemy general index: None
2026-06-02 09:45:23 [self-0001-1-city] Visible enemy tiles: 7
2026-06-02 09:45:23 [self-0001-1-city] Tiles: 31 / 54
2026-06-02 09:45:23 [self-0001-1-city] Map: 19 x 21 Turn: 294
2026-06-02 09:45:23 [self-0001-1-city] Reinforcement waypoint: 199 final target = 199 turns until reinforcement = 6
2026-06-02 09:45:23 [self-0001-1-city] Route planned: Target = 199 Mode = reinforcement_waypoint city-free reachable tiles = 291 Fallback-Tiles = 293
2026-06-02 09:45:23 [self-0001-1-city] Move #256: 140 -> 141 | Army: 2 | Target-Terrain: 0 | Target: 199 | Half: False
2026-06-02 09:45:24 [self-0001-1-city] My general index: 28
2026-06-02 09:45:24 [self-0001-1-city] Enemy general index: None
2026-06-02 09:45:24 [self-0001-1-city] Visible enemy tiles: 7
2026-06-02 09:45:24 [self-0001-1-city] Tiles: 31 / 54
2026-06-02 09:45:24 [self-0001-1-city] Map: 19 x 21 Turn: 295
2026-06-02 09:45:24 [self-0001-1-city] Reinforcement waypoint: 199 final target = 199 turns until reinforcement = 5
2026-06-02 09:45:24 [self-0001-1-city] Route planned: Target = 199 Mode = reinforcement_waypoint city-free reachable tiles = 291 Fallback-Tiles = 293
2026-06-02 09:45:24 [self-0001-1-city] Move #257: 83 -> 102 | Army: 2 | Target-Terrain: 0 | Target: 199 | Half: False
2026-06-02 09:45:24 [self-0001-1-city] My general index: 28
2026-06-02 09:45:24 [self-0001-1-city] Enemy general index: None
2026-06-02 09:45:24 [self-0001-1-city] Visible enemy tiles: 7
2026-06-02 09:45:24 [self-0001-1-city] Tiles: 31 / 54
2026-06-02 09:45:24 [self-0001-1-city] Map: 19 x 21 Turn: 296
2026-06-02 09:45:24 [self-0001-1-city] Reinforcement waypoint: 199 final target = 199 turns until reinforcement = 4
2026-06-02 09:45:24 [self-0001-1-city] Route planned: Target = 199 Mode = reinforcement_waypoint city-free reachable tiles = 291 Fallback-Tiles = 293
2026-06-02 09:45:24 [self-0001-1-city] Move #258: 123 -> 142 | Army: 9 | Target-Terrain: 0 | Target: 199 | Half: False
2026-06-02 09:45:25 [self-0001-1-city] Coach: catch_up_expand tiles 31/54 army 199/233 cities 0/0 enemy_city_suspect False bias {'expansion_bias': 1.3, 'city_bias': 0.8, 'attack_bias': 0.1, 'defense_bias': 0.0, 'route_bias': 0.7}
2026-06-02 09:45:25 [self-0001-1-city] My general index: 28
2026-06-02 09:45:25 [self-0001-1-city] Enemy general index: None
2026-06-02 09:45:25 [self-0001-1-city] Visible enemy tiles: 7
2026-06-02 09:45:25 [self-0001-1-city] Tiles: 31 / 54
2026-06-02 09:45:25 [self-0001-1-city] Map: 19 x 21 Turn: 297
2026-06-02 09:45:25 [self-0001-1-city] Reinforcement waypoint: 199 final target = 199 turns until reinforcement = 3
2026-06-02 09:45:25 [self-0001-1-city] Route planned: Target = 199 Mode = reinforcement_waypoint city-free reachable tiles = 291 Fallback-Tiles = 293
2026-06-02 09:45:25 [self-0001-1-city] Move #259: 65 -> 84 | Army: 2 | Target-Terrain: 0 | Target: 199 | Half: False
2026-06-02 09:45:25 [self-0001-1-city] My general index: 28
2026-06-02 09:45:25 [self-0001-1-city] Enemy general index: None
2026-06-02 09:45:25 [self-0001-1-city] Visible enemy tiles: 7
2026-06-02 09:45:25 [self-0001-1-city] Tiles: 31 / 54
2026-06-02 09:45:25 [self-0001-1-city] Map: 19 x 21 Turn: 298
2026-06-02 09:45:25 [self-0001-1-city] Reinforcement waypoint: 199 final target = 199 turns until reinforcement = 2
2026-06-02 09:45:25 [self-0001-1-city] Route planned: Target = 199 Mode = reinforcement_waypoint city-free reachable tiles = 291 Fallback-Tiles = 293
2026-06-02 09:45:25 [self-0001-1-city] Move #260: 66 -> 85 | Army: 31 | Target-Terrain: 0 | Target: 199 | Half: False
2026-06-02 09:45:26 [self-0001-1-city] My general index: 28
2026-06-02 09:45:26 [self-0001-1-city] Enemy general index: None
2026-06-02 09:45:26 [self-0001-1-city] Visible enemy tiles: 7
2026-06-02 09:45:26 [self-0001-1-city] Tiles: 31 / 54
2026-06-02 09:45:26 [self-0001-1-city] Map: 19 x 21 Turn: 299
2026-06-02 09:45:26 [self-0001-1-city] Reinforcement waypoint: 199 final target = 199 turns until reinforcement = 1
2026-06-02 09:45:26 [self-0001-1-city] Route planned: Target = 199 Mode = reinforcement_waypoint city-free reachable tiles = 291 Fallback-Tiles = 293
2026-06-02 09:45:26 [self-0001-1-city] Move #261: 141 -> 142 | Army: 2 | Target-Terrain: 0 | Target: 199 | Half: False
2026-06-02 09:45:26 [self-0001-1-city] My general index: 28
2026-06-02 09:45:26 [self-0001-1-city] Enemy general index: None
2026-06-02 09:45:26 [self-0001-1-city] Visible enemy tiles: 7
2026-06-02 09:45:26 [self-0001-1-city] Tiles: 31 / 54
2026-06-02 09:45:26 [self-0001-1-city] Map: 19 x 21 Turn: 300
2026-06-02 09:45:26 [self-0001-1-city] Route planned: Target = 199 Mode = strategy city-free reachable tiles = 291 Fallback-Tiles = 293
2026-06-02 09:45:26 [self-0001-1-city] Move #262: 86 -> 85 | Army: 2 | Target-Terrain: 0 | Target: 199 | Half: False
2026-06-02 09:45:27 [self-0001-1-city] My general index: 28
2026-06-02 09:45:27 [self-0001-1-city] Enemy general index: None
2026-06-02 09:45:27 [self-0001-1-city] Visible enemy tiles: 7
2026-06-02 09:45:27 [self-0001-1-city] Tiles: 31 / 54
2026-06-02 09:45:27 [self-0001-1-city] Map: 19 x 21 Turn: 301
2026-06-02 09:45:27 [self-0001-1-city] Route planned: Target = 199 Mode = strategy city-free reachable tiles = 291 Fallback-Tiles = 293
2026-06-02 09:45:27 [self-0001-1-city] Priority agent: fresh target pullback -12000, flow +6000 base = 42033 final = 36033
2026-06-02 09:45:27 [self-0001-1-city] Move #263: 85 -> 104 | Army: 33 | Target-Terrain: 0 | Target: 199 | Half: False
2026-06-02 09:45:27 [self-0001-1-city] My general index: 28
2026-06-02 09:45:27 [self-0001-1-city] Enemy general index: None
2026-06-02 09:45:27 [self-0001-1-city] Visible enemy tiles: 7
2026-06-02 09:45:27 [self-0001-1-city] Tiles: 31 / 54
2026-06-02 09:45:27 [self-0001-1-city] Map: 19 x 21 Turn: 302
2026-06-02 09:45:27 [self-0001-1-city] Route planned: Target = 199 Mode = strategy city-free reachable tiles = 291 Fallback-Tiles = 293
2026-06-02 09:45:27 [self-0001-1-city] Move #264: 84 -> 103 | Army: 3 | Target-Terrain: 0 | Target: 199 | Half: False
2026-06-02 09:45:28 [self-0001-1-city] My general index: 28
2026-06-02 09:45:28 [self-0001-1-city] Enemy general index: None
2026-06-02 09:45:28 [self-0001-1-city] Visible enemy tiles: 7
2026-06-02 09:45:28 [self-0001-1-city] Tiles: 31 / 54
2026-06-02 09:45:28 [self-0001-1-city] Map: 19 x 21 Turn: 303
2026-06-02 09:45:28 [self-0001-1-city] Route planned: Target = 199 Mode = strategy city-free reachable tiles = 291 Fallback-Tiles = 293
2026-06-02 09:45:28 [self-0001-1-city] Move #265: 67 -> 86 | Army: 2 | Target-Terrain: 0 | Target: 199 | Half: False
2026-06-02 09:45:28 [self-0001-1-city] My general index: 28
2026-06-02 09:45:28 [self-0001-1-city] Enemy general index: None
2026-06-02 09:45:28 [self-0001-1-city] Visible enemy tiles: 7
2026-06-02 09:45:28 [self-0001-1-city] Tiles: 31 / 54
2026-06-02 09:45:28 [self-0001-1-city] Map: 19 x 21 Turn: 304
2026-06-02 09:45:28 [self-0001-1-city] Route planned: Target = 199 Mode = strategy city-free reachable tiles = 291 Fallback-Tiles = 293
2026-06-02 09:45:28 [self-0001-1-city] Priority agent: flow +6000 base = 31632 final = 37632
2026-06-02 09:45:28 [self-0001-1-city] Move #266: 86 -> 87 | Army: 2 | Target-Terrain: -1 | Target: 199 | Half: False
2026-06-02 09:45:29 [self-0001-1-city] My general index: 28
2026-06-02 09:45:29 [self-0001-1-city] Enemy general index: None
2026-06-02 09:45:29 [self-0001-1-city] Visible enemy tiles: 7
2026-06-02 09:45:29 [self-0001-1-city] Tiles: 32 / 54
2026-06-02 09:45:29 [self-0001-1-city] Map: 19 x 21 Turn: 305
2026-06-02 09:45:29 [self-0001-1-city] Route planned: Target = 199 Mode = strategy city-free reachable tiles = 291 Fallback-Tiles = 293
2026-06-02 09:45:29 [self-0001-1-city] Move #267: 27 -> 26 | Army: 2 | Target-Terrain: -1 | Target: 199 | Half: False
2026-06-02 09:45:29 [self-0001-1-city] My general index: 28
2026-06-02 09:45:29 [self-0001-1-city] Enemy general index: None
2026-06-02 09:45:29 [self-0001-1-city] Visible enemy tiles: 7
2026-06-02 09:45:29 [self-0001-1-city] Tiles: 33 / 54
2026-06-02 09:45:29 [self-0001-1-city] Map: 19 x 21 Turn: 306
2026-06-02 09:45:29 [self-0001-1-city] Route planned: Target = 199 Mode = strategy city-free reachable tiles = 291 Fallback-Tiles = 293
2026-06-02 09:45:29 [self-0001-1-city] Move #268: 46 -> 65 | Army: 2 | Target-Terrain: 0 | Target: 199 | Half: False
2026-06-02 09:45:30 [self-0001-1-city] My general index: 28
2026-06-02 09:45:30 [self-0001-1-city] Enemy general index: None
2026-06-02 09:45:30 [self-0001-1-city] Visible enemy tiles: 7
2026-06-02 09:45:30 [self-0001-1-city] Tiles: 33 / 54
2026-06-02 09:45:30 [self-0001-1-city] Map: 19 x 21 Turn: 307
2026-06-02 09:45:30 [self-0001-1-city] Route planned: Target = 199 Mode = strategy city-free reachable tiles = 291 Fallback-Tiles = 293
2026-06-02 09:45:30 [self-0001-1-city] Move #269: 48 -> 67 | Army: 2 | Target-Terrain: 0 | Target: 199 | Half: False
2026-06-02 09:45:30 [self-0001-1-city] My general index: 28
2026-06-02 09:45:30 [self-0001-1-city] Enemy general index: None
2026-06-02 09:45:30 [self-0001-1-city] Visible enemy tiles: 7
2026-06-02 09:45:30 [self-0001-1-city] Tiles: 33 / 54
2026-06-02 09:45:30 [self-0001-1-city] Map: 19 x 21 Turn: 308
2026-06-02 09:45:30 [self-0001-1-city] Route planned: Target = 199 Mode = strategy city-free reachable tiles = 291 Fallback-Tiles = 293
2026-06-02 09:45:30 [self-0001-1-city] Move #270: 47 -> 66 | Army: 2 | Target-Terrain: 0 | Target: 199 | Half: False
2026-06-02 09:45:31 [self-0001-1-city] My general index: 28
2026-06-02 09:45:31 [self-0001-1-city] Enemy general index: None
2026-06-02 09:45:31 [self-0001-1-city] Visible enemy tiles: 7
2026-06-02 09:45:31 [self-0001-1-city] Tiles: 33 / 54
2026-06-02 09:45:31 [self-0001-1-city] Map: 19 x 21 Turn: 309
2026-06-02 09:45:31 [self-0001-1-city] Route planned: Target = 199 Mode = strategy city-free reachable tiles = 291 Fallback-Tiles = 293
2026-06-02 09:45:31 [self-0001-1-city] Move #271: 64 -> 83 | Army: 2 | Target-Terrain: 0 | Target: 199 | Half: False
2026-06-02 09:45:31 [self-0001-1-city] My general index: 28
2026-06-02 09:45:31 [self-0001-1-city] Enemy general index: None
2026-06-02 09:45:31 [self-0001-1-city] Visible enemy tiles: 7
2026-06-02 09:45:31 [self-0001-1-city] Tiles: 33 / 54
2026-06-02 09:45:31 [self-0001-1-city] Map: 19 x 21 Turn: 310
2026-06-02 09:45:31 [self-0001-1-city] Route planned: Target = 199 Mode = strategy city-free reachable tiles = 291 Fallback-Tiles = 293
2026-06-02 09:45:31 [self-0001-1-city] Move #272: 45 -> 64 | Army: 2 | Target-Terrain: 0 | Target: 199 | Half: False
2026-06-02 09:45:32 [self-0001-1-city] My general index: 28
2026-06-02 09:45:32 [self-0001-1-city] Enemy general index: None
2026-06-02 09:45:32 [self-0001-1-city] Visible enemy tiles: 7
2026-06-02 09:45:32 [self-0001-1-city] Tiles: 33 / 54
2026-06-02 09:45:32 [self-0001-1-city] Map: 19 x 21 Turn: 311
2026-06-02 09:45:32 [self-0001-1-city] Route planned: Target = 199 Mode = strategy city-free reachable tiles = 291 Fallback-Tiles = 293
2026-06-02 09:45:32 [self-0001-1-city] Move #273: 143 -> 142 | Army: 2 | Target-Terrain: 0 | Target: 199 | Half: False
2026-06-02 09:45:32 [self-0001-1-city] My general index: 28
2026-06-02 09:45:32 [self-0001-1-city] Enemy general index: None
2026-06-02 09:45:32 [self-0001-1-city] Visible enemy tiles: 7
2026-06-02 09:45:32 [self-0001-1-city] Tiles: 33 / 54
2026-06-02 09:45:32 [self-0001-1-city] Map: 19 x 21 Turn: 312
2026-06-02 09:45:32 [self-0001-1-city] Route planned: Target = 199 Mode = strategy city-free reachable tiles = 291 Fallback-Tiles = 293
2026-06-02 09:45:32 [self-0001-1-city] Move #274: 65 -> 84 | Army: 3 | Target-Terrain: 0 | Target: 199 | Half: False
2026-06-02 09:45:33 [self-0001-1-city] My general index: 28
2026-06-02 09:45:33 [self-0001-1-city] Enemy general index: None
2026-06-02 09:45:33 [self-0001-1-city] Visible enemy tiles: 7
2026-06-02 09:45:33 [self-0001-1-city] Tiles: 33 / 54
2026-06-02 09:45:33 [self-0001-1-city] Map: 19 x 21 Turn: 313
2026-06-02 09:45:33 [self-0001-1-city] Route planned: Target = 199 Mode = strategy city-free reachable tiles = 291 Fallback-Tiles = 293
2026-06-02 09:45:33 [self-0001-1-city] Move #275: 66 -> 85 | Army: 3 | Target-Terrain: 0 | Target: 199 | Half: False
2026-06-02 09:45:33 [self-0001-1-city] My general index: 28
2026-06-02 09:45:33 [self-0001-1-city] Enemy general index: None
2026-06-02 09:45:33 [self-0001-1-city] Visible enemy tiles: 7
2026-06-02 09:45:33 [self-0001-1-city] Tiles: 33 / 54
2026-06-02 09:45:33 [self-0001-1-city] Map: 19 x 21 Turn: 314
2026-06-02 09:45:33 [self-0001-1-city] Route planned: Target = 199 Mode = strategy city-free reachable tiles = 291 Fallback-Tiles = 293
2026-06-02 09:45:33 [self-0001-1-city] Move #276: 83 -> 102 | Army: 3 | Target-Terrain: 0 | Target: 199 | Half: False
2026-06-02 09:45:34 [self-0001-1-city] My general index: 28
2026-06-02 09:45:34 [self-0001-1-city] Enemy general index: None
2026-06-02 09:45:34 [self-0001-1-city] Visible enemy tiles: 7
2026-06-02 09:45:34 [self-0001-1-city] Tiles: 33 / 54
2026-06-02 09:45:34 [self-0001-1-city] Map: 19 x 21 Turn: 315
2026-06-02 09:45:34 [self-0001-1-city] Route planned: Target = 199 Mode = strategy city-free reachable tiles = 291 Fallback-Tiles = 293
2026-06-02 09:45:34 [self-0001-1-city] Move #277: 67 -> 66 | Army: 2 | Target-Terrain: 0 | Target: 199 | Half: False
2026-06-02 09:45:34 [self-0001-1-city] My general index: 28
2026-06-02 09:45:34 [self-0001-1-city] Enemy general index: None
2026-06-02 09:45:34 [self-0001-1-city] Visible enemy tiles: 7
2026-06-02 09:45:34 [self-0001-1-city] Tiles: 33 / 54
2026-06-02 09:45:34 [self-0001-1-city] Map: 19 x 21 Turn: 316
2026-06-02 09:45:34 [self-0001-1-city] Route planned: Target = 199 Mode = strategy city-free reachable tiles = 291 Fallback-Tiles = 293
2026-06-02 09:45:34 [self-0001-1-city] Move #278: 63 -> 82 | Army: 2 | Target-Terrain: 0 | Target: 199 | Half: False
2026-06-02 09:45:35 [self-0001-1-city] My general index: 28
2026-06-02 09:45:35 [self-0001-1-city] Enemy general index: None
2026-06-02 09:45:35 [self-0001-1-city] Visible enemy tiles: 7
2026-06-02 09:45:35 [self-0001-1-city] Tiles: 33 / 54
2026-06-02 09:45:35 [self-0001-1-city] Map: 19 x 21 Turn: 317
2026-06-02 09:45:35 [self-0001-1-city] Route planned: Target = 199 Mode = strategy city-free reachable tiles = 291 Fallback-Tiles = 293
2026-06-02 09:45:35 [self-0001-1-city] Move #279: 84 -> 103 | Army: 3 | Target-Terrain: 0 | Target: 199 | Half: False
2026-06-02 09:45:35 [self-0001-1-city] My general index: 28
2026-06-02 09:45:35 [self-0001-1-city] Enemy general index: None
2026-06-02 09:45:35 [self-0001-1-city] Visible enemy tiles: 7
2026-06-02 09:45:35 [self-0001-1-city] Tiles: 33 / 54
2026-06-02 09:45:35 [self-0001-1-city] Map: 19 x 21 Turn: 318
2026-06-02 09:45:35 [self-0001-1-city] Route planned: Target = 199 Mode = strategy city-free reachable tiles = 291 Fallback-Tiles = 293
2026-06-02 09:45:35 [self-0001-1-city] Move #280: 85 -> 104 | Army: 3 | Target-Terrain: 0 | Target: 199 | Half: False
2026-06-02 09:45:36 [self-0001-1-city] My general index: 28
2026-06-02 09:45:36 [self-0001-1-city] Enemy general index: None
2026-06-02 09:45:36 [self-0001-1-city] Visible enemy tiles: 7
2026-06-02 09:45:36 [self-0001-1-city] Tiles: 33 / 54
2026-06-02 09:45:36 [self-0001-1-city] Map: 19 x 21 Turn: 319
2026-06-02 09:45:36 [self-0001-1-city] Route planned: Target = 199 Mode = strategy city-free reachable tiles = 291 Fallback-Tiles = 293
2026-06-02 09:45:36 [self-0001-1-city] Move #281: 142 -> 161 | Army: 50 | Target-Terrain: 0 | Target: 199 | Half: False
2026-06-02 09:45:36 [self-0001-1-city] My general index: 28
2026-06-02 09:45:36 [self-0001-1-city] Enemy general index: None
2026-06-02 09:45:36 [self-0001-1-city] Visible enemy tiles: 7
2026-06-02 09:45:36 [self-0001-1-city] Tiles: 33 / 54
2026-06-02 09:45:36 [self-0001-1-city] Map: 19 x 21 Turn: 320
2026-06-02 09:45:36 [self-0001-1-city] Route planned: Target = 199 Mode = strategy city-free reachable tiles = 291 Fallback-Tiles = 293
2026-06-02 09:45:36 [self-0001-1-city] Priority agent: flow +6000 base = 41381 final = 47381
2026-06-02 09:45:36 [self-0001-1-city] Move #282: 161 -> 162 | Army: 51 | Target-Terrain: 1 | Target: 199 | Half: False
2026-06-02 09:45:37 [self-0001-1-city] My general index: 28
2026-06-02 09:45:37 [self-0001-1-city] Enemy general index: None
2026-06-02 09:45:37 [self-0001-1-city] Visible enemy tiles: 6
2026-06-02 09:45:37 [self-0001-1-city] Tiles: 34 / 53
2026-06-02 09:45:37 [self-0001-1-city] Map: 19 x 21 Turn: 321
2026-06-02 09:45:37 [self-0001-1-city] Route planned: Target = 199 Mode = strategy city-free reachable tiles = 291 Fallback-Tiles = 293
2026-06-02 09:45:37 [self-0001-1-city] Move #283: 102 -> 103 | Army: 12 | Target-Terrain: 0 | Target: 199 | Half: False
2026-06-02 09:45:37 [self-0001-1-city] My general index: 28
2026-06-02 09:45:37 [self-0001-1-city] Enemy general index: None
2026-06-02 09:45:37 [self-0001-1-city] Visible enemy tiles: 6
2026-06-02 09:45:37 [self-0001-1-city] Tiles: 34 / 53
2026-06-02 09:45:37 [self-0001-1-city] Map: 19 x 21 Turn: 322
2026-06-02 09:45:37 [self-0001-1-city] Route planned: Target = 199 Mode = strategy city-free reachable tiles = 291 Fallback-Tiles = 293
2026-06-02 09:45:37 [self-0001-1-city] Move #284: 160 -> 161 | Army: 2 | Target-Terrain: 0 | Target: 199 | Half: False
2026-06-02 09:45:38 [self-0001-1-city] My general index: 28
2026-06-02 09:45:38 [self-0001-1-city] Enemy general index: None
2026-06-02 09:45:38 [self-0001-1-city] Visible enemy tiles: 6
2026-06-02 09:45:38 [self-0001-1-city] Tiles: 34 / 53
2026-06-02 09:45:38 [self-0001-1-city] Map: 19 x 21 Turn: 323
2026-06-02 09:45:38 [self-0001-1-city] Route planned: Target = 199 Mode = strategy city-free reachable tiles = 291 Fallback-Tiles = 293
2026-06-02 09:45:38 [self-0001-1-city] Move #285: 104 -> 123 | Army: 76 | Target-Terrain: 0 | Target: 199 | Half: False
2026-06-02 09:45:38 [self-0001-1-city] My general index: 28
2026-06-02 09:45:38 [self-0001-1-city] Enemy general index: None
2026-06-02 09:45:38 [self-0001-1-city] Visible enemy tiles: 6
2026-06-02 09:45:38 [self-0001-1-city] Tiles: 34 / 53
2026-06-02 09:45:38 [self-0001-1-city] Map: 19 x 21 Turn: 324
2026-06-02 09:45:38 [self-0001-1-city] Route planned: Target = 199 Mode = strategy city-free reachable tiles = 291 Fallback-Tiles = 293
2026-06-02 09:45:38 [self-0001-1-city] Move #286: 64 -> 83 | Army: 2 | Target-Terrain: 0 | Target: 199 | Half: False
2026-06-02 09:45:39 [self-0001-1-city] My general index: 28
2026-06-02 09:45:39 [self-0001-1-city] Enemy general index: None
2026-06-02 09:45:39 [self-0001-1-city] Visible enemy tiles: 6
2026-06-02 09:45:39 [self-0001-1-city] Tiles: 34 / 53
2026-06-02 09:45:39 [self-0001-1-city] Map: 19 x 21 Turn: 325
2026-06-02 09:45:39 [self-0001-1-city] Route planned: Target = 199 Mode = strategy city-free reachable tiles = 291 Fallback-Tiles = 293
2026-06-02 09:45:39 [self-0001-1-city] Move #287: 141 -> 142 | Army: 2 | Target-Terrain: 0 | Target: 199 | Half: False
2026-06-02 09:45:39 [self-0001-1-city] My general index: 28
2026-06-02 09:45:39 [self-0001-1-city] Enemy general index: None
2026-06-02 09:45:39 [self-0001-1-city] Visible enemy tiles: 6
2026-06-02 09:45:39 [self-0001-1-city] Tiles: 34 / 53
2026-06-02 09:45:39 [self-0001-1-city] Map: 19 x 21 Turn: 326
2026-06-02 09:45:39 [self-0001-1-city] Route planned: Target = 199 Mode = strategy city-free reachable tiles = 291 Fallback-Tiles = 293
2026-06-02 09:45:39 [self-0001-1-city] Move #288: 103 -> 104 | Army: 17 | Target-Terrain: 0 | Target: 199 | Half: False
2026-06-02 09:45:40 [self-0001-1-city] My general index: 28
2026-06-02 09:45:40 [self-0001-1-city] Enemy general index: None
2026-06-02 09:45:40 [self-0001-1-city] Visible enemy tiles: 6
2026-06-02 09:45:40 [self-0001-1-city] Tiles: 34 / 53
2026-06-02 09:45:40 [self-0001-1-city] Map: 19 x 21 Turn: 327
2026-06-02 09:45:40 [self-0001-1-city] Route planned: Target = 199 Mode = strategy city-free reachable tiles = 291 Fallback-Tiles = 293
2026-06-02 09:45:40 [self-0001-1-city] Move #289: 161 -> 180 | Army: 2 | Target-Terrain: 0 | Target: 199 | Half: False
2026-06-02 09:45:40 [self-0001-1-city] My general index: 28
2026-06-02 09:45:40 [self-0001-1-city] Enemy general index: None
2026-06-02 09:45:40 [self-0001-1-city] Visible enemy tiles: 6
2026-06-02 09:45:40 [self-0001-1-city] Tiles: 34 / 53
2026-06-02 09:45:40 [self-0001-1-city] Map: 19 x 21 Turn: 328
2026-06-02 09:45:40 [self-0001-1-city] Route planned: Target = 199 Mode = strategy city-free reachable tiles = 291 Fallback-Tiles = 293
2026-06-02 09:45:40 [self-0001-1-city] Move #290: 66 -> 85 | Army: 2 | Target-Terrain: 0 | Target: 199 | Half: False
2026-06-02 09:45:41 [self-0001-1-city] My general index: 28
2026-06-02 09:45:41 [self-0001-1-city] Enemy general index: None
2026-06-02 09:45:41 [self-0001-1-city] Visible enemy tiles: 6
2026-06-02 09:45:41 [self-0001-1-city] Tiles: 34 / 53
2026-06-02 09:45:41 [self-0001-1-city] Map: 19 x 21 Turn: 329
2026-06-02 09:45:41 [self-0001-1-city] Route planned: Target = 199 Mode = strategy city-free reachable tiles = 291 Fallback-Tiles = 293
2026-06-02 09:45:41 [self-0001-1-city] Move #291: 83 -> 102 | Army: 2 | Target-Terrain: 0 | Target: 199 | Half: False
2026-06-02 09:45:41 [self-0001-1-city] My general index: 28
2026-06-02 09:45:41 [self-0001-1-city] Enemy general index: None
2026-06-02 09:45:41 [self-0001-1-city] Visible enemy tiles: 6
2026-06-02 09:45:41 [self-0001-1-city] Tiles: 34 / 53
2026-06-02 09:45:41 [self-0001-1-city] Map: 19 x 21 Turn: 330
2026-06-02 09:45:41 [self-0001-1-city] Route planned: Target = 199 Mode = strategy city-free reachable tiles = 291 Fallback-Tiles = 293
2026-06-02 09:45:41 [self-0001-1-city] Move #292: 123 -> 142 | Army: 77 | Target-Terrain: 0 | Target: 199 | Half: False
2026-06-02 09:45:42 [self-0001-1-city] My general index: 28
2026-06-02 09:45:42 [self-0001-1-city] Enemy general index: None
2026-06-02 09:45:42 [self-0001-1-city] Visible enemy tiles: 6
2026-06-02 09:45:42 [self-0001-1-city] Tiles: 34 / 53
2026-06-02 09:45:42 [self-0001-1-city] Map: 19 x 21 Turn: 331
2026-06-02 09:45:42 [self-0001-1-city] Route planned: Target = 199 Mode = strategy city-free reachable tiles = 291 Fallback-Tiles = 293
2026-06-02 09:45:42 [self-0001-1-city] Move #293: 122 -> 123 | Army: 2 | Target-Terrain: 0 | Target: 199 | Half: False
2026-06-02 09:45:42 [self-0001-1-city] My general index: 28
2026-06-02 09:45:42 [self-0001-1-city] Enemy general index: None
2026-06-02 09:45:42 [self-0001-1-city] Visible enemy tiles: 6
2026-06-02 09:45:42 [self-0001-1-city] Tiles: 34 / 53
2026-06-02 09:45:42 [self-0001-1-city] Map: 19 x 21 Turn: 332
2026-06-02 09:45:42 [self-0001-1-city] Route planned: Target = 199 Mode = strategy city-free reachable tiles = 291 Fallback-Tiles = 293
2026-06-02 09:45:42 [self-0001-1-city] Move #294: 140 -> 141 | Army: 2 | Target-Terrain: 0 | Target: 199 | Half: False
2026-06-02 09:45:43 [self-0001-1-city] My general index: 28
2026-06-02 09:45:43 [self-0001-1-city] Enemy general index: None
2026-06-02 09:45:43 [self-0001-1-city] Visible enemy tiles: 6
2026-06-02 09:45:43 [self-0001-1-city] Tiles: 34 / 53
2026-06-02 09:45:43 [self-0001-1-city] Map: 19 x 21 Turn: 333
2026-06-02 09:45:43 [self-0001-1-city] Route planned: Target = 199 Mode = strategy city-free reachable tiles = 291 Fallback-Tiles = 293
2026-06-02 09:45:43 [self-0001-1-city] Move #295: 85 -> 104 | Army: 2 | Target-Terrain: 0 | Target: 199 | Half: False
2026-06-02 09:45:43 [self-0001-1-city] My general index: 28
2026-06-02 09:45:43 [self-0001-1-city] Enemy general index: None
2026-06-02 09:45:43 [self-0001-1-city] Visible enemy tiles: 6
2026-06-02 09:45:43 [self-0001-1-city] Tiles: 34 / 53
2026-06-02 09:45:43 [self-0001-1-city] Map: 19 x 21 Turn: 334
2026-06-02 09:45:43 [self-0001-1-city] Reinforcement waypoint: 199 final target = 199 turns until reinforcement = 16
2026-06-02 09:45:43 [self-0001-1-city] Route planned: Target = 199 Mode = reinforcement_waypoint city-free reachable tiles = 291 Fallback-Tiles = 293
2026-06-02 09:45:43 [self-0001-1-city] Move #296: 121 -> 122 | Army: 4 | Target-Terrain: 0 | Target: 199 | Half: False
2026-06-02 09:45:44 [self-0001-1-city] My general index: 28
2026-06-02 09:45:44 [self-0001-1-city] Enemy general index: None
2026-06-02 09:45:44 [self-0001-1-city] Visible enemy tiles: 6
2026-06-02 09:45:44 [self-0001-1-city] Tiles: 34 / 53
2026-06-02 09:45:44 [self-0001-1-city] Map: 19 x 21 Turn: 335
2026-06-02 09:45:44 [self-0001-1-city] Reinforcement waypoint: 199 final target = 199 turns until reinforcement = 15
2026-06-02 09:45:44 [self-0001-1-city] Route planned: Target = 199 Mode = reinforcement_waypoint city-free reachable tiles = 291 Fallback-Tiles = 293
2026-06-02 09:45:44 [self-0001-1-city] Move #297: 162 -> 161 | Army: 47 | Target-Terrain: 0 | Target: 199 | Half: False
2026-06-02 09:45:44 [self-0001-1-city] My general index: 28
2026-06-02 09:45:44 [self-0001-1-city] Enemy general index: None
2026-06-02 09:45:44 [self-0001-1-city] Visible enemy tiles: 6
2026-06-02 09:45:44 [self-0001-1-city] Tiles: 34 / 53
2026-06-02 09:45:44 [self-0001-1-city] Map: 19 x 21 Turn: 336
2026-06-02 09:45:44 [self-0001-1-city] Reinforcement waypoint: 199 final target = 199 turns until reinforcement = 14
2026-06-02 09:45:44 [self-0001-1-city] Route planned: Target = 199 Mode = reinforcement_waypoint city-free reachable tiles = 291 Fallback-Tiles = 293
2026-06-02 09:45:44 [self-0001-1-city] Move #298: 139 -> 140 | Army: 4 | Target-Terrain: 0 | Target: 199 | Half: False
2026-06-02 09:45:45 [self-0001-1-city] My general index: 28
2026-06-02 09:45:45 [self-0001-1-city] Enemy general index: None
2026-06-02 09:45:45 [self-0001-1-city] Visible enemy tiles: 6
2026-06-02 09:45:45 [self-0001-1-city] Tiles: 34 / 53
2026-06-02 09:45:45 [self-0001-1-city] Map: 19 x 21 Turn: 337
2026-06-02 09:45:45 [self-0001-1-city] Reinforcement waypoint: 199 final target = 199 turns until reinforcement = 13
2026-06-02 09:45:45 [self-0001-1-city] Route planned: Target = 199 Mode = reinforcement_waypoint city-free reachable tiles = 291 Fallback-Tiles = 293
2026-06-02 09:45:45 [self-0001-1-city] Move #299: 142 -> 161 | Army: 78 | Target-Terrain: 0 | Target: 199 | Half: False
2026-06-02 09:45:45 [self-0001-1-city] My general index: 28
2026-06-02 09:45:45 [self-0001-1-city] Enemy general index: None
2026-06-02 09:45:45 [self-0001-1-city] Visible enemy tiles: 4
2026-06-02 09:45:45 [self-0001-1-city] Tiles: 33 / 54
2026-06-02 09:45:45 [self-0001-1-city] Map: 19 x 21 Turn: 338
2026-06-02 09:45:45 [self-0001-1-city] Reinforcement waypoint: 199 final target = 199 turns until reinforcement = 12
2026-06-02 09:45:45 [self-0001-1-city] Route planned: Target = 199 Mode = reinforcement_waypoint city-free reachable tiles = 291 Fallback-Tiles = 293
2026-06-02 09:45:45 [self-0001-1-city] Priority agent: edge reuse -9000, flow +6000 base = 80440 final = 77440
2026-06-02 09:45:45 [self-0001-1-city] Move #300: 161 -> 180 | Army: 124 | Target-Terrain: 1 | Target: 199 | Half: False
2026-06-02 09:45:46 [self-0001-1-city] My general index: 28
2026-06-02 09:45:46 [self-0001-1-city] Enemy general index: None
2026-06-02 09:45:46 [self-0001-1-city] Visible enemy tiles: 6
2026-06-02 09:45:46 [self-0001-1-city] Tiles: 34 / 54
2026-06-02 09:45:46 [self-0001-1-city] Map: 19 x 21 Turn: 339
2026-06-02 09:45:46 [self-0001-1-city] Reinforcement waypoint: 199 final target = 199 turns until reinforcement = 11
2026-06-02 09:45:46 [self-0001-1-city] Route planned: Target = 199 Mode = reinforcement_waypoint city-free reachable tiles = 291 Fallback-Tiles = 293
2026-06-02 09:45:46 [self-0001-1-city] Priority agent: flow +6000 base = 81080 final = 87080
2026-06-02 09:45:46 [self-0001-1-city] Move #301: 180 -> 199 | Army: 91 | Target-Terrain: 1 | Target: 199 | Half: False
2026-06-02 09:45:46 [self-0001-1-city] My general index: 28
2026-06-02 09:45:46 [self-0001-1-city] Enemy general index: None
2026-06-02 09:45:46 [self-0001-1-city] Visible enemy tiles: 8
2026-06-02 09:45:46 [self-0001-1-city] Tiles: 35 / 53
2026-06-02 09:45:46 [self-0001-1-city] Map: 19 x 21 Turn: 340
2026-06-02 09:45:46 [self-0001-1-city] Reinforcement waypoint: 198 final target = 198 turns until reinforcement = 10
2026-06-02 09:45:46 [self-0001-1-city] Route planned: Target = 198 Mode = reinforcement_waypoint city-free reachable tiles = 291 Fallback-Tiles = 293
2026-06-02 09:45:46 [self-0001-1-city] Priority agent: flow +6000 base = 97380 final = 103380
2026-06-02 09:45:46 [self-0001-1-city] Move #302: 199 -> 198 | Army: 86 | Target-Terrain: 1 | Target: 198 | Half: False
2026-06-02 09:45:47 [self-0001-1-city] My general index: 28
2026-06-02 09:45:47 [self-0001-1-city] Enemy general index: None
2026-06-02 09:45:47 [self-0001-1-city] Visible enemy tiles: 8
2026-06-02 09:45:47 [self-0001-1-city] Tiles: 36 / 53
2026-06-02 09:45:47 [self-0001-1-city] Map: 19 x 21 Turn: 341
2026-06-02 09:45:47 [self-0001-1-city] Reinforcement waypoint: 199 final target = 200 turns until reinforcement = 9
2026-06-02 09:45:47 [self-0001-1-city] Route planned: Target = 199 Mode = reinforcement_waypoint city-free reachable tiles = 291 Fallback-Tiles = 294
2026-06-02 09:45:47 [self-0001-1-city] Priority agent: flow +6000 base = 58950 final = 64950
2026-06-02 09:45:47 [self-0001-1-city] Move #303: 198 -> 217 | Army: 84 | Target-Terrain: 1 | Target: 199 | Half: False
2026-06-02 09:45:47 [self-0001-1-city] My general index: 28
2026-06-02 09:45:47 [self-0001-1-city] Enemy general index: None
2026-06-02 09:45:47 [self-0001-1-city] Visible enemy tiles: 9
2026-06-02 09:45:47 [self-0001-1-city] Tiles: 36 / 53
2026-06-02 09:45:47 [self-0001-1-city] Map: 19 x 21 Turn: 342
2026-06-02 09:45:47 [self-0001-1-city] Reinforcement waypoint: 218 final target = 200 turns until reinforcement = 8
2026-06-02 09:45:47 [self-0001-1-city] Route planned: Target = 218 Mode = reinforcement_waypoint city-free reachable tiles = 291 Fallback-Tiles = 294
2026-06-02 09:45:47 [self-0001-1-city] Priority agent: flow +6000 base = 93079 final = 99079
2026-06-02 09:45:47 [self-0001-1-city] Move #304: 217 -> 218 | Army: 79 | Target-Terrain: 1 | Target: 218 | Half: False
2026-06-02 09:45:48 [self-0001-1-city] My general index: 28
2026-06-02 09:45:48 [self-0001-1-city] Enemy general index: None
2026-06-02 09:45:48 [self-0001-1-city] Visible enemy tiles: 11
2026-06-02 09:45:48 [self-0001-1-city] Tiles: 36 / 53
2026-06-02 09:45:48 [self-0001-1-city] Map: 19 x 21 Turn: 343
2026-06-02 09:45:48 [self-0001-1-city] Route planned: Target = 142 Mode = defense city-free reachable tiles = 291 Fallback-Tiles = 294
2026-06-02 09:45:48 [self-0001-1-city] Move #305: 141 -> 142 | Army: 2 | Target-Terrain: 0 | Target: 142 | Half: False
2026-06-02 09:45:48 [self-0001-1-city] My general index: 28
2026-06-02 09:45:48 [self-0001-1-city] Enemy general index: None
2026-06-02 09:45:48 [self-0001-1-city] Visible enemy tiles: 12
2026-06-02 09:45:48 [self-0001-1-city] Tiles: 35 / 54
2026-06-02 09:45:48 [self-0001-1-city] Map: 19 x 21 Turn: 344
2026-06-02 09:45:48 [self-0001-1-city] Route planned: Target = 142 Mode = defense city-free reachable tiles = 291 Fallback-Tiles = 294
2026-06-02 09:45:48 [self-0001-1-city] Priority agent: edge reuse -9000 base = 226752 final = 217752
2026-06-02 09:45:48 [self-0001-1-city] Move #306: 123 -> 142 | Army: 2 | Target-Terrain: 0 | Target: 142 | Half: False
2026-06-02 09:45:49 [self-0001-1-city] My general index: 28
2026-06-02 09:45:49 [self-0001-1-city] Enemy general index: None
2026-06-02 09:45:49 [self-0001-1-city] Visible enemy tiles: 12
2026-06-02 09:45:49 [self-0001-1-city] Tiles: 34 / 55
2026-06-02 09:45:49 [self-0001-1-city] Map: 19 x 21 Turn: 345
2026-06-02 09:45:49 [self-0001-1-city] Route planned: Target = 142 Mode = defense city-free reachable tiles = 291 Fallback-Tiles = 293
2026-06-02 09:45:49 [self-0001-1-city] Move #307: 218 -> 199 | Army: 77 | Target-Terrain: 1 | Target: 142 | Half: False
2026-06-02 09:45:49 [self-0001-1-city] My general index: 28
2026-06-02 09:45:49 [self-0001-1-city] Enemy general index: None
2026-06-02 09:45:49 [self-0001-1-city] Visible enemy tiles: 12
2026-06-02 09:45:49 [self-0001-1-city] Tiles: 34 / 55
2026-06-02 09:45:49 [self-0001-1-city] Map: 19 x 21 Turn: 346
2026-06-02 09:45:49 [self-0001-1-city] Route planned: Target = 123 Mode = defense city-free reachable tiles = 291 Fallback-Tiles = 293
2026-06-02 09:45:49 [self-0001-1-city] Move #308: 104 -> 123 | Army: 18 | Target-Terrain: 0 | Target: 123 | Half: False
2026-06-02 09:45:50 [self-0001-1-city] Coach: stabilize tiles 33/56 army 199/306 cities 0/0 enemy_city_suspect False bias {'expansion_bias': 0.1, 'city_bias': 0.8, 'attack_bias': -0.30000000000000004, 'defense_bias': 1.2, 'route_bias': 0.3}
2026-06-02 09:45:50 [self-0001-1-city] My general index: 28
2026-06-02 09:45:50 [self-0001-1-city] Enemy general index: None
2026-06-02 09:45:50 [self-0001-1-city] Visible enemy tiles: 10
2026-06-02 09:45:50 [self-0001-1-city] Tiles: 33 / 56
2026-06-02 09:45:50 [self-0001-1-city] Map: 19 x 21 Turn: 347
2026-06-02 09:45:50 [self-0001-1-city] Route planned: Target = 123 Mode = defense city-free reachable tiles = 291 Fallback-Tiles = 293
2026-06-02 09:45:50 [self-0001-1-city] Move #309: 122 -> 123 | Army: 4 | Target-Terrain: 0 | Target: 123 | Half: False
2026-06-02 09:45:50 [self-0001-1-city] My general index: 28
2026-06-02 09:45:50 [self-0001-1-city] Enemy general index: None
2026-06-02 09:45:50 [self-0001-1-city] Visible enemy tiles: 10
2026-06-02 09:45:50 [self-0001-1-city] Tiles: 32 / 57
2026-06-02 09:45:50 [self-0001-1-city] Map: 19 x 21 Turn: 348
2026-06-02 09:45:50 [self-0001-1-city] Route planned: Target = 123 Mode = defense city-free reachable tiles = 291 Fallback-Tiles = 293
2026-06-02 09:45:50 [self-0001-1-city] Priority agent: edge reuse -9000 base = 211053 final = 202053
2026-06-02 09:45:50 [self-0001-1-city] Move #310: 142 -> 123 | Army: 3 | Target-Terrain: 0 | Target: 123 | Half: False
2026-06-02 09:45:51 [self-0001-1-city] My general index: 28
2026-06-02 09:45:51 [self-0001-1-city] Enemy general index: None
2026-06-02 09:45:51 [self-0001-1-city] Visible enemy tiles: 11
2026-06-02 09:45:51 [self-0001-1-city] Tiles: 31 / 58
2026-06-02 09:45:51 [self-0001-1-city] Map: 19 x 21 Turn: 349
2026-06-02 09:45:51 [self-0001-1-city] Route planned: Target = 123 Mode = defense city-free reachable tiles = 291 Fallback-Tiles = 293
2026-06-02 09:45:51 [self-0001-1-city] Priority agent: edge reuse -9000 base = 172705 final = 163705
2026-06-02 09:45:51 [self-0001-1-city] Move #311: 199 -> 180 | Army: 75 | Target-Terrain: 1 | Target: 123 | Half: False
2026-06-02 09:45:51 [self-0001-1-city] My general index: 28
2026-06-02 09:45:51 [self-0001-1-city] Enemy general index: None
2026-06-02 09:45:51 [self-0001-1-city] Visible enemy tiles: 11
2026-06-02 09:45:51 [self-0001-1-city] Tiles: 31 / 58
2026-06-02 09:45:51 [self-0001-1-city] Map: 19 x 21 Turn: 350
2026-06-02 09:45:51 [self-0001-1-city] Route planned: Target = 123 Mode = defense city-free reachable tiles = 291 Fallback-Tiles = 293
2026-06-02 09:45:51 [self-0001-1-city] Priority agent: edge reuse -9000 base = 226752 final = 217752
2026-06-02 09:45:51 [self-0001-1-city] Move #312: 104 -> 123 | Army: 2 | Target-Terrain: 0 | Target: 123 | Half: False
2026-06-02 09:45:52 [self-0001-1-city] My general index: 28
2026-06-02 09:45:52 [self-0001-1-city] Enemy general index: None
2026-06-02 09:45:52 [self-0001-1-city] Visible enemy tiles: 9
2026-06-02 09:45:52 [self-0001-1-city] Tiles: 30 / 59
2026-06-02 09:45:52 [self-0001-1-city] Map: 19 x 21 Turn: 351
2026-06-02 09:45:52 [self-0001-1-city] Route planned: Target = 123 Mode = defense city-free reachable tiles = 291 Fallback-Tiles = 293
2026-06-02 09:45:52 [self-0001-1-city] Priority agent: edge reuse -9000 base = 226752 final = 217752
2026-06-02 09:45:52 [self-0001-1-city] Move #313: 122 -> 123 | Army: 2 | Target-Terrain: 0 | Target: 123 | Half: False
2026-06-02 09:45:52 [self-0001-1-city] My general index: 28
2026-06-02 09:45:52 [self-0001-1-city] Enemy general index: None
2026-06-02 09:45:52 [self-0001-1-city] Visible enemy tiles: 9
2026-06-02 09:45:52 [self-0001-1-city] Tiles: 30 / 60
2026-06-02 09:45:52 [self-0001-1-city] Map: 19 x 21 Turn: 352
2026-06-02 09:45:52 [self-0001-1-city] Route planned: Target = 123 Mode = defense city-free reachable tiles = 291 Fallback-Tiles = 293
2026-06-02 09:45:52 [self-0001-1-city] Move #314: 140 -> 141 | Army: 5 | Target-Terrain: 1 | Target: 123 | Half: False
2026-06-02 09:45:53 [self-0001-1-city] My general index: 28
2026-06-02 09:45:53 [self-0001-1-city] Enemy general index: None
2026-06-02 09:45:53 [self-0001-1-city] Visible enemy tiles: 8
2026-06-02 09:45:53 [self-0001-1-city] Tiles: 31 / 59
2026-06-02 09:45:53 [self-0001-1-city] Map: 19 x 21 Turn: 353
2026-06-02 09:45:53 [self-0001-1-city] Route planned: Target = 123 Mode = defense city-free reachable tiles = 291 Fallback-Tiles = 293
2026-06-02 09:45:53 [self-0001-1-city] Move #315: 180 -> 161 | Army: 74 | Target-Terrain: 1 | Target: 123 | Half: False
2026-06-02 09:45:53 [self-0001-1-city] My general index: 28
2026-06-02 09:45:53 [self-0001-1-city] Enemy general index: None
2026-06-02 09:45:53 [self-0001-1-city] Visible enemy tiles: 7
2026-06-02 09:45:53 [self-0001-1-city] Tiles: 32 / 58
2026-06-02 09:45:53 [self-0001-1-city] Map: 19 x 21 Turn: 354
2026-06-02 09:45:53 [self-0001-1-city] Route planned: Target = 123 Mode = defense city-free reachable tiles = 291 Fallback-Tiles = 293
2026-06-02 09:45:53 [self-0001-1-city] Priority agent: flow +6000 base = 167481 final = 173481
2026-06-02 09:45:53 [self-0001-1-city] Move #316: 161 -> 142 | Army: 71 | Target-Terrain: 1 | Target: 123 | Half: False
2026-06-02 09:45:54 [self-0001-1-city] My general index: 28
2026-06-02 09:45:54 [self-0001-1-city] Enemy general index: None
2026-06-02 09:45:54 [self-0001-1-city] Visible enemy tiles: 6
2026-06-02 09:45:54 [self-0001-1-city] Tiles: 33 / 57
2026-06-02 09:45:54 [self-0001-1-city] Map: 19 x 21 Turn: 355
2026-06-02 09:45:54 [self-0001-1-city] Route planned: Target = 123 Mode = defense city-free reachable tiles = 291 Fallback-Tiles = 293
2026-06-02 09:45:54 [self-0001-1-city] Priority agent: edge reuse -18000, flow +6000 base = 220115 final = 208115
2026-06-02 09:45:54 [self-0001-1-city] Move #317: 142 -> 123 | Army: 65 | Target-Terrain: 0 | Target: 123 | Half: False
2026-06-02 09:45:54 [self-0001-1-city] My general index: 28
2026-06-02 09:45:54 [self-0001-1-city] Enemy general index: None
2026-06-02 09:45:54 [self-0001-1-city] Visible enemy tiles: 6
2026-06-02 09:45:54 [self-0001-1-city] Tiles: 33 / 57
2026-06-02 09:45:54 [self-0001-1-city] Map: 19 x 21 Turn: 356
2026-06-02 09:45:54 [self-0001-1-city] Route planned: Target = 103 Mode = defense city-free reachable tiles = 291 Fallback-Tiles = 293
2026-06-02 09:45:54 [self-0001-1-city] Move #318: 84 -> 103 | Army: 2 | Target-Terrain: 0 | Target: 103 | Half: False
2026-06-02 09:45:55 [self-0001-1-city] My general index: 28
2026-06-02 09:45:55 [self-0001-1-city] Enemy general index: None
2026-06-02 09:45:55 [self-0001-1-city] Visible enemy tiles: 6
2026-06-02 09:45:55 [self-0001-1-city] Tiles: 33 / 57
2026-06-02 09:45:55 [self-0001-1-city] Map: 19 x 21 Turn: 357
2026-06-02 09:45:55 [self-0001-1-city] Route planned: Target = 103 Mode = defense city-free reachable tiles = 291 Fallback-Tiles = 293
2026-06-02 09:45:55 [self-0001-1-city] Move #319: 102 -> 103 | Army: 3 | Target-Terrain: 0 | Target: 103 | Half: False
2026-06-02 09:45:55 [self-0001-1-city] My general index: 28
2026-06-02 09:45:55 [self-0001-1-city] Enemy general index: None
2026-06-02 09:45:55 [self-0001-1-city] Visible enemy tiles: 6
2026-06-02 09:45:55 [self-0001-1-city] Tiles: 33 / 57
2026-06-02 09:45:55 [self-0001-1-city] Map: 19 x 21 Turn: 358
2026-06-02 09:45:55 [self-0001-1-city] Route planned: Target = 103 Mode = defense city-free reachable tiles = 291 Fallback-Tiles = 293
2026-06-02 09:45:55 [self-0001-1-city] Move #320: 162 -> 161 | Army: 2 | Target-Terrain: 0 | Target: 103 | Half: False
2026-06-02 09:45:56 [self-0001-1-city] My general index: 28
2026-06-02 09:45:56 [self-0001-1-city] Enemy general index: None
2026-06-02 09:45:56 [self-0001-1-city] Visible enemy tiles: 6
2026-06-02 09:45:56 [self-0001-1-city] Tiles: 33 / 57
2026-06-02 09:45:56 [self-0001-1-city] Map: 19 x 21 Turn: 359
2026-06-02 09:45:56 [self-0001-1-city] Route planned: Target = 103 Mode = defense city-free reachable tiles = 291 Fallback-Tiles = 293
2026-06-02 09:45:56 [self-0001-1-city] Move #321: 143 -> 142 | Army: 2 | Target-Terrain: 0 | Target: 103 | Half: False
2026-06-02 09:45:56 [self-0001-1-city] My general index: 28
2026-06-02 09:45:56 [self-0001-1-city] Enemy general index: None
2026-06-02 09:45:56 [self-0001-1-city] Visible enemy tiles: 6
2026-06-02 09:45:56 [self-0001-1-city] Tiles: 33 / 57
2026-06-02 09:45:56 [self-0001-1-city] Map: 19 x 21 Turn: 360
2026-06-02 09:45:56 [self-0001-1-city] Route planned: Target = 103 Mode = defense city-free reachable tiles = 291 Fallback-Tiles = 293
2026-06-02 09:45:56 [self-0001-1-city] Priority agent: flow +6000 base = 142872 final = 148872
2026-06-02 09:45:56 [self-0001-1-city] Move #322: 142 -> 141 | Army: 2 | Target-Terrain: 0 | Target: 103 | Half: False
2026-06-02 09:45:57 [self-0001-1-city] My general index: 28
2026-06-02 09:45:57 [self-0001-1-city] Enemy general index: None
2026-06-02 09:45:57 [self-0001-1-city] Visible enemy tiles: 4
2026-06-02 09:45:57 [self-0001-1-city] Tiles: 32 / 58
2026-06-02 09:45:57 [self-0001-1-city] Map: 19 x 21 Turn: 361
2026-06-02 09:45:57 [self-0001-1-city] Route planned: Target = 103 Mode = defense city-free reachable tiles = 291 Fallback-Tiles = 293
2026-06-02 09:45:57 [self-0001-1-city] Priority agent: flow +6000 base = 146363 final = 152363
2026-06-02 09:45:57 [self-0001-1-city] Move #323: 141 -> 122 | Army: 3 | Target-Terrain: 0 | Target: 103 | Half: False
2026-06-02 09:45:57 [self-0001-1-city] My general index: 28
2026-06-02 09:45:57 [self-0001-1-city] Enemy general index: None
2026-06-02 09:45:57 [self-0001-1-city] Visible enemy tiles: 5
2026-06-02 09:45:57 [self-0001-1-city] Tiles: 32 / 59
2026-06-02 09:45:57 [self-0001-1-city] Map: 19 x 21 Turn: 362
2026-06-02 09:45:57 [self-0001-1-city] Route planned: Target = 103 Mode = defense city-free reachable tiles = 291 Fallback-Tiles = 293
2026-06-02 09:45:57 [self-0001-1-city] Priority agent: flow +6000 base = 232053 final = 238053
2026-06-02 09:45:57 [self-0001-1-city] Move #324: 122 -> 103 | Army: 3 | Target-Terrain: 0 | Target: 103 | Half: False
2026-06-02 09:45:58 [self-0001-1-city] My general index: 28
2026-06-02 09:45:58 [self-0001-1-city] Enemy general index: None
2026-06-02 09:45:58 [self-0001-1-city] Visible enemy tiles: 5
2026-06-02 09:45:58 [self-0001-1-city] Tiles: 32 / 59
2026-06-02 09:45:58 [self-0001-1-city] Map: 19 x 21 Turn: 363
2026-06-02 09:45:58 [self-0001-1-city] Route planned: Target = 103 Mode = defense city-free reachable tiles = 291 Fallback-Tiles = 293
2026-06-02 09:45:58 [self-0001-1-city] Move #325: 65 -> 84 | Army: 2 | Target-Terrain: 0 | Target: 103 | Half: False
2026-06-02 09:45:58 [self-0001-1-city] My general index: 28
2026-06-02 09:45:58 [self-0001-1-city] Enemy general index: None
2026-06-02 09:45:58 [self-0001-1-city] Visible enemy tiles: 5
2026-06-02 09:45:58 [self-0001-1-city] Tiles: 32 / 59
2026-06-02 09:45:58 [self-0001-1-city] Map: 19 x 21 Turn: 364
2026-06-02 09:45:58 [self-0001-1-city] Route planned: Target = 103 Mode = defense city-free reachable tiles = 291 Fallback-Tiles = 293
2026-06-02 09:45:58 [self-0001-1-city] Priority agent: edge reuse -9000, flow +6000 base = 229852 final = 226852
2026-06-02 09:45:58 [self-0001-1-city] Move #326: 84 -> 103 | Army: 2 | Target-Terrain: 0 | Target: 103 | Half: False
2026-06-02 09:45:59 [self-0001-1-city] My general index: 28
2026-06-02 09:45:59 [self-0001-1-city] Enemy general index: None
2026-06-02 09:45:59 [self-0001-1-city] Visible enemy tiles: 5
2026-06-02 09:45:59 [self-0001-1-city] Tiles: 32 / 59
2026-06-02 09:45:59 [self-0001-1-city] Map: 19 x 21 Turn: 365
2026-06-02 09:45:59 [self-0001-1-city] Route planned: Target = 103 Mode = defense city-free reachable tiles = 291 Fallback-Tiles = 293
2026-06-02 09:45:59 [self-0001-1-city] Move #327: 123 -> 104 | Army: 90 | Target-Terrain: 0 | Target: 103 | Half: False
2026-06-02 09:45:59 [self-0001-1-city] My general index: 28
2026-06-02 09:45:59 [self-0001-1-city] Enemy general index: None
2026-06-02 09:45:59 [self-0001-1-city] Visible enemy tiles: 5
2026-06-02 09:45:59 [self-0001-1-city] Tiles: 32 / 59
2026-06-02 09:45:59 [self-0001-1-city] Map: 19 x 21 Turn: 366
2026-06-02 09:45:59 [self-0001-1-city] Route planned: Target = 123 Mode = defense city-free reachable tiles = 291 Fallback-Tiles = 293
2026-06-02 09:45:59 [self-0001-1-city] Priority agent: reverse -35000, edge reuse -9000 base = 222830 final = 178830
2026-06-02 09:45:59 [self-0001-1-city] Move #328: 104 -> 123 | Army: 90 | Target-Terrain: 0 | Target: 123 | Half: False
2026-06-02 09:46:00 [self-0001-1-city] My general index: 28
2026-06-02 09:46:00 [self-0001-1-city] Enemy general index: None
2026-06-02 09:46:00 [self-0001-1-city] Visible enemy tiles: 5
2026-06-02 09:46:00 [self-0001-1-city] Tiles: 32 / 59
2026-06-02 09:46:00 [self-0001-1-city] Map: 19 x 21 Turn: 367
2026-06-02 09:46:00 [self-0001-1-city] Route planned: Target = 103 Mode = defense city-free reachable tiles = 291 Fallback-Tiles = 293
2026-06-02 09:46:00 [self-0001-1-city] Priority agent: flow +6000 base = 148240 final = 154240
2026-06-02 09:46:00 [self-0001-1-city] Move #329: 123 -> 122 | Army: 90 | Target-Terrain: 0 | Target: 103 | Half: False
2026-06-02 09:46:00 [self-0001-1-city] My general index: 28
2026-06-02 09:46:00 [self-0001-1-city] Enemy general index: None
2026-06-02 09:46:00 [self-0001-1-city] Visible enemy tiles: 5
2026-06-02 09:46:00 [self-0001-1-city] Tiles: 32 / 59
2026-06-02 09:46:00 [self-0001-1-city] Map: 19 x 21 Turn: 368
2026-06-02 09:46:00 [self-0001-1-city] Route planned: Target = 123 Mode = defense city-free reachable tiles = 291 Fallback-Tiles = 293
2026-06-02 09:46:00 [self-0001-1-city] Priority agent: reverse -35000, edge reuse -9000 base = 210830 final = 166830
2026-06-02 09:46:00 [self-0001-1-city] Move #330: 122 -> 123 | Army: 90 | Target-Terrain: 0 | Target: 123 | Half: False
2026-06-02 09:46:01 [self-0001-1-city] My general index: 28
2026-06-02 09:46:01 [self-0001-1-city] Enemy general index: None
2026-06-02 09:46:01 [self-0001-1-city] Visible enemy tiles: 5
2026-06-02 09:46:01 [self-0001-1-city] Tiles: 32 / 59
2026-06-02 09:46:01 [self-0001-1-city] Map: 19 x 21 Turn: 369
2026-06-02 09:46:01 [self-0001-1-city] Route planned: Target = 103 Mode = defense city-free reachable tiles = 291 Fallback-Tiles = 293
2026-06-02 09:46:01 [self-0001-1-city] Move #331: 161 -> 142 | Army: 2 | Target-Terrain: 0 | Target: 103 | Half: False
2026-06-02 09:46:01 [self-0001-1-city] My general index: 28
2026-06-02 09:46:01 [self-0001-1-city] Enemy general index: None
2026-06-02 09:46:01 [self-0001-1-city] Visible enemy tiles: 5
2026-06-02 09:46:01 [self-0001-1-city] Tiles: 32 / 59
2026-06-02 09:46:01 [self-0001-1-city] Map: 19 x 21 Turn: 370
2026-06-02 09:46:01 [self-0001-1-city] Route planned: Target = 103 Mode = defense city-free reachable tiles = 291 Fallback-Tiles = 293
2026-06-02 09:46:01 [self-0001-1-city] Move #332: 85 -> 104 | Army: 2 | Target-Terrain: 0 | Target: 103 | Half: False
2026-06-02 09:46:02 [self-0001-1-city] My general index: 28
2026-06-02 09:46:02 [self-0001-1-city] Enemy general index: None
2026-06-02 09:46:02 [self-0001-1-city] Visible enemy tiles: 5
2026-06-02 09:46:02 [self-0001-1-city] Tiles: 32 / 59
2026-06-02 09:46:02 [self-0001-1-city] Map: 19 x 21 Turn: 371
2026-06-02 09:46:02 [self-0001-1-city] Route planned: Target = 103 Mode = defense city-free reachable tiles = 291 Fallback-Tiles = 293
2026-06-02 09:46:02 [self-0001-1-city] Priority agent: flow +6000 base = 229852 final = 235852
2026-06-02 09:46:02 [self-0001-1-city] Move #333: 104 -> 103 | Army: 2 | Target-Terrain: 0 | Target: 103 | Half: False
2026-06-02 09:46:02 [self-0001-1-city] My general index: 28
2026-06-02 09:46:02 [self-0001-1-city] Enemy general index: None
2026-06-02 09:46:02 [self-0001-1-city] Visible enemy tiles: 5
2026-06-02 09:46:02 [self-0001-1-city] Tiles: 32 / 59
2026-06-02 09:46:02 [self-0001-1-city] Map: 19 x 21 Turn: 372
2026-06-02 09:46:02 [self-0001-1-city] Route planned: Target = 103 Mode = defense city-free reachable tiles = 291 Fallback-Tiles = 293
2026-06-02 09:46:02 [self-0001-1-city] Move #334: 83 -> 102 | Army: 2 | Target-Terrain: 0 | Target: 103 | Half: False
2026-06-02 09:46:03 [self-0001-1-city] My general index: 28
2026-06-02 09:46:03 [self-0001-1-city] Enemy general index: None
2026-06-02 09:46:03 [self-0001-1-city] Visible enemy tiles: 5
2026-06-02 09:46:03 [self-0001-1-city] Tiles: 32 / 59
2026-06-02 09:46:03 [self-0001-1-city] Map: 19 x 21 Turn: 373
2026-06-02 09:46:03 [self-0001-1-city] Route planned: Target = 103 Mode = defense city-free reachable tiles = 291 Fallback-Tiles = 293
2026-06-02 09:46:03 [self-0001-1-city] Priority agent: flow +6000 base = 225552 final = 231552
2026-06-02 09:46:03 [self-0001-1-city] Move #335: 102 -> 103 | Army: 2 | Target-Terrain: 0 | Target: 103 | Half: False
2026-06-02 09:46:03 [self-0001-1-city] My general index: 28
2026-06-02 09:46:03 [self-0001-1-city] Enemy general index: None
2026-06-02 09:46:03 [self-0001-1-city] Visible enemy tiles: 5
2026-06-02 09:46:03 [self-0001-1-city] Tiles: 32 / 59
2026-06-02 09:46:03 [self-0001-1-city] Map: 19 x 21 Turn: 374
2026-06-02 09:46:03 [self-0001-1-city] Route planned: Target = 103 Mode = defense city-free reachable tiles = 291 Fallback-Tiles = 293
2026-06-02 09:46:03 [self-0001-1-city] Move #336: 121 -> 102 | Army: 2 | Target-Terrain: 0 | Target: 103 | Half: False
2026-06-02 09:46:04 [self-0001-1-city] My general index: 28
2026-06-02 09:46:04 [self-0001-1-city] Enemy general index: None
2026-06-02 09:46:04 [self-0001-1-city] Visible enemy tiles: 5
2026-06-02 09:46:04 [self-0001-1-city] Tiles: 32 / 59
2026-06-02 09:46:04 [self-0001-1-city] Map: 19 x 21 Turn: 375
2026-06-02 09:46:04 [self-0001-1-city] Route planned: Target = 103 Mode = defense city-free reachable tiles = 291 Fallback-Tiles = 293
2026-06-02 09:46:04 [self-0001-1-city] Priority agent: edge reuse -9000, flow +6000 base = 225552 final = 222552
2026-06-02 09:46:04 [self-0001-1-city] Move #337: 102 -> 103 | Army: 2 | Target-Terrain: 0 | Target: 103 | Half: False
2026-06-02 09:46:04 [self-0001-1-city] My general index: 28
2026-06-02 09:46:04 [self-0001-1-city] Enemy general index: None
2026-06-02 09:46:04 [self-0001-1-city] Visible enemy tiles: 5
2026-06-02 09:46:04 [self-0001-1-city] Tiles: 32 / 59
2026-06-02 09:46:04 [self-0001-1-city] Map: 19 x 21 Turn: 376
2026-06-02 09:46:04 [self-0001-1-city] Route planned: Target = 103 Mode = defense city-free reachable tiles = 291 Fallback-Tiles = 293
2026-06-02 09:46:04 [self-0001-1-city] Move #338: 142 -> 141 | Army: 2 | Target-Terrain: 0 | Target: 103 | Half: False
2026-06-02 09:46:05 [self-0001-1-city] My general index: 28
2026-06-02 09:46:05 [self-0001-1-city] Enemy general index: None
2026-06-02 09:46:05 [self-0001-1-city] Visible enemy tiles: 5
2026-06-02 09:46:05 [self-0001-1-city] Tiles: 32 / 59
2026-06-02 09:46:05 [self-0001-1-city] Map: 19 x 21 Turn: 377
2026-06-02 09:46:05 [self-0001-1-city] Route planned: Target = 103 Mode = defense city-free reachable tiles = 291 Fallback-Tiles = 293
2026-06-02 09:46:05 [self-0001-1-city] Priority agent: flow +6000 base = 144162 final = 150162
2026-06-02 09:46:05 [self-0001-1-city] Move #339: 141 -> 122 | Army: 2 | Target-Terrain: 0 | Target: 103 | Half: False
2026-06-02 09:46:05 [self-0001-1-city] My general index: 28
2026-06-02 09:46:05 [self-0001-1-city] Enemy general index: None
2026-06-02 09:46:05 [self-0001-1-city] Visible enemy tiles: 5
2026-06-02 09:46:05 [self-0001-1-city] Tiles: 32 / 59
2026-06-02 09:46:05 [self-0001-1-city] Map: 19 x 21 Turn: 378
2026-06-02 09:46:05 [self-0001-1-city] Route planned: Target = 103 Mode = defense city-free reachable tiles = 291 Fallback-Tiles = 293
2026-06-02 09:46:05 [self-0001-1-city] Priority agent: flow +6000 base = 229852 final = 235852
2026-06-02 09:46:05 [self-0001-1-city] Move #340: 122 -> 103 | Army: 2 | Target-Terrain: 0 | Target: 103 | Half: False
2026-06-02 09:46:06 [self-0001-1-city] My general index: 28
2026-06-02 09:46:06 [self-0001-1-city] Enemy general index: None
2026-06-02 09:46:06 [self-0001-1-city] Visible enemy tiles: 5
2026-06-02 09:46:06 [self-0001-1-city] Tiles: 32 / 59
2026-06-02 09:46:06 [self-0001-1-city] Map: 19 x 21 Turn: 379
2026-06-02 09:46:06 [self-0001-1-city] Route planned: Target = 103 Mode = defense city-free reachable tiles = 291 Fallback-Tiles = 293
2026-06-02 09:46:06 [self-0001-1-city] Move #341: 46 -> 65 | Army: 2 | Target-Terrain: 0 | Target: 103 | Half: False
2026-06-02 09:46:06 [self-0001-1-city] My general index: 28
2026-06-02 09:46:06 [self-0001-1-city] Enemy general index: None
2026-06-02 09:46:06 [self-0001-1-city] Visible enemy tiles: 5
2026-06-02 09:46:06 [self-0001-1-city] Tiles: 32 / 59
2026-06-02 09:46:06 [self-0001-1-city] Map: 19 x 21 Turn: 380
2026-06-02 09:46:06 [self-0001-1-city] Route planned: Target = 103 Mode = defense city-free reachable tiles = 291 Fallback-Tiles = 293
2026-06-02 09:46:06 [self-0001-1-city] Priority agent: flow +6000 base = 140562 final = 146562
2026-06-02 09:46:06 [self-0001-1-city] Move #342: 65 -> 84 | Army: 2 | Target-Terrain: 0 | Target: 103 | Half: False
2026-06-02 09:46:07 [self-0001-1-city] My general index: 28
2026-06-02 09:46:07 [self-0001-1-city] Enemy general index: None
2026-06-02 09:46:07 [self-0001-1-city] Visible enemy tiles: 5
2026-06-02 09:46:07 [self-0001-1-city] Tiles: 32 / 59
2026-06-02 09:46:07 [self-0001-1-city] Map: 19 x 21 Turn: 381
2026-06-02 09:46:07 [self-0001-1-city] Route planned: Target = 103 Mode = defense city-free reachable tiles = 291 Fallback-Tiles = 293
2026-06-02 09:46:07 [self-0001-1-city] Priority agent: flow +6000 base = 229852 final = 235852
2026-06-02 09:46:07 [self-0001-1-city] Move #343: 84 -> 103 | Army: 2 | Target-Terrain: 0 | Target: 103 | Half: False
2026-06-02 09:46:07 [self-0001-1-city] My general index: 28
2026-06-02 09:46:07 [self-0001-1-city] Enemy general index: None
2026-06-02 09:46:07 [self-0001-1-city] Visible enemy tiles: 5
2026-06-02 09:46:07 [self-0001-1-city] Tiles: 32 / 59
2026-06-02 09:46:07 [self-0001-1-city] Map: 19 x 21 Turn: 382
2026-06-02 09:46:07 [self-0001-1-city] Route planned: Target = 103 Mode = defense city-free reachable tiles = 291 Fallback-Tiles = 293
2026-06-02 09:46:07 [self-0001-1-city] Move #344: 123 -> 104 | Army: 90 | Target-Terrain: 0 | Target: 103 | Half: False
2026-06-02 09:46:08 [self-0001-1-city] My general index: 28
2026-06-02 09:46:08 [self-0001-1-city] Enemy general index: None
2026-06-02 09:46:08 [self-0001-1-city] Visible enemy tiles: 5
2026-06-02 09:46:08 [self-0001-1-city] Tiles: 32 / 59
2026-06-02 09:46:08 [self-0001-1-city] Map: 19 x 21 Turn: 383
2026-06-02 09:46:08 [self-0001-1-city] Route planned: Target = 123 Mode = defense city-free reachable tiles = 291 Fallback-Tiles = 293
2026-06-02 09:46:08 [self-0001-1-city] Priority agent: reverse -35000, edge reuse -9000 base = 222830 final = 178830
2026-06-02 09:46:08 [self-0001-1-city] Move #345: 104 -> 123 | Army: 90 | Target-Terrain: 0 | Target: 123 | Half: False
2026-06-02 09:46:08 [self-0001-1-city] My general index: 28
2026-06-02 09:46:08 [self-0001-1-city] Enemy general index: None
2026-06-02 09:46:08 [self-0001-1-city] Visible enemy tiles: 5
2026-06-02 09:46:08 [self-0001-1-city] Tiles: 32 / 59
2026-06-02 09:46:08 [self-0001-1-city] Map: 19 x 21 Turn: 384
2026-06-02 09:46:08 [self-0001-1-city] Route planned: Target = 103 Mode = defense city-free reachable tiles = 291 Fallback-Tiles = 293
2026-06-02 09:46:08 [self-0001-1-city] Priority agent: flow +6000 base = 150640 final = 156640
2026-06-02 09:46:08 [self-0001-1-city] Move #346: 123 -> 122 | Army: 90 | Target-Terrain: 0 | Target: 103 | Half: False
2026-06-02 09:46:09 [self-0001-1-city] My general index: 28
2026-06-02 09:46:09 [self-0001-1-city] Enemy general index: None
2026-06-02 09:46:09 [self-0001-1-city] Visible enemy tiles: 5
2026-06-02 09:46:09 [self-0001-1-city] Tiles: 31 / 60
2026-06-02 09:46:09 [self-0001-1-city] Map: 19 x 21 Turn: 385
2026-06-02 09:46:09 [self-0001-1-city] Route planned: Target = 103 Mode = defense city-free reachable tiles = 291 Fallback-Tiles = 293
2026-06-02 09:46:09 [self-0001-1-city] Priority agent: edge reuse -9000, flow +6000 base = 235130 final = 232130
2026-06-02 09:46:09 [self-0001-1-city] Move #347: 122 -> 103 | Army: 90 | Target-Terrain: 0 | Target: 103 | Half: False
2026-06-02 09:46:09 [self-0001-1-city] My general index: 28
2026-06-02 09:46:09 [self-0001-1-city] Enemy general index: None
2026-06-02 09:46:09 [self-0001-1-city] Visible enemy tiles: 6
2026-06-02 09:46:09 [self-0001-1-city] Tiles: 30 / 61
2026-06-02 09:46:09 [self-0001-1-city] Map: 19 x 21 Turn: 386
2026-06-02 09:46:09 [self-0001-1-city] Route planned: Target = 104 Mode = defense city-free reachable tiles = 291 Fallback-Tiles = 293
2026-06-02 09:46:09 [self-0001-1-city] Priority agent: flow +6000 base = 242830 final = 248830
2026-06-02 09:46:09 [self-0001-1-city] Move #348: 103 -> 104 | Army: 102 | Target-Terrain: 0 | Target: 104 | Half: False
2026-06-02 09:46:10 [self-0001-1-city] My general index: 28
2026-06-02 09:46:10 [self-0001-1-city] Enemy general index: None
2026-06-02 09:46:10 [self-0001-1-city] Visible enemy tiles: 7
2026-06-02 09:46:10 [self-0001-1-city] Tiles: 29 / 62
2026-06-02 09:46:10 [self-0001-1-city] Map: 19 x 21 Turn: 387
2026-06-02 09:46:10 [self-0001-1-city] Route planned: Target = 123 Mode = defense city-free reachable tiles = 291 Fallback-Tiles = 293
2026-06-02 09:46:10 [self-0001-1-city] Priority agent: edge reuse -18000, flow +6000 base = 211430 final = 199430
2026-06-02 09:46:10 [self-0001-1-city] Move #349: 104 -> 123 | Army: 102 | Target-Terrain: 0 | Target: 123 | Half: False
2026-06-02 09:46:10 [self-0001-1-city] My general index: 28
2026-06-02 09:46:10 [self-0001-1-city] Enemy general index: None
2026-06-02 09:46:10 [self-0001-1-city] Visible enemy tiles: 6
2026-06-02 09:46:10 [self-0001-1-city] Tiles: 28 / 63
2026-06-02 09:46:10 [self-0001-1-city] Map: 19 x 21 Turn: 388
2026-06-02 09:46:10 [self-0001-1-city] Route planned: Target = 104 Mode = defense city-free reachable tiles = 291 Fallback-Tiles = 293
2026-06-02 09:46:10 [self-0001-1-city] Move #350: 66 -> 85 | Army: 2 | Target-Terrain: 0 | Target: 104 | Half: False
2026-06-02 09:46:11 [self-0001-1-city] My general index: 28
2026-06-02 09:46:11 [self-0001-1-city] Enemy general index: None
2026-06-02 09:46:11 [self-0001-1-city] Visible enemy tiles: 6
2026-06-02 09:46:11 [self-0001-1-city] Tiles: 28 / 63
2026-06-02 09:46:11 [self-0001-1-city] Map: 19 x 21 Turn: 389
2026-06-02 09:46:11 [self-0001-1-city] Route planned: Target = 104 Mode = defense city-free reachable tiles = 291 Fallback-Tiles = 293
2026-06-02 09:46:11 [self-0001-1-city] Priority agent: flow +6000 base = 231052 final = 237052
2026-06-02 09:46:11 [self-0001-1-city] Move #351: 85 -> 104 | Army: 2 | Target-Terrain: 0 | Target: 104 | Half: False
2026-06-02 09:46:11 [self-0001-1-city] My general index: 28
2026-06-02 09:46:11 [self-0001-1-city] Enemy general index: None
2026-06-02 09:46:11 [self-0001-1-city] Visible enemy tiles: 6
2026-06-02 09:46:11 [self-0001-1-city] Tiles: 28 / 63
2026-06-02 09:46:11 [self-0001-1-city] Map: 19 x 21 Turn: 390
2026-06-02 09:46:11 [self-0001-1-city] Route planned: Target = 104 Mode = defense city-free reachable tiles = 291 Fallback-Tiles = 293
2026-06-02 09:46:11 [self-0001-1-city] Priority agent: edge reuse -27000 base = 197030 final = 170030
2026-06-02 09:46:11 [self-0001-1-city] Move #352: 123 -> 104 | Army: 102 | Target-Terrain: 0 | Target: 104 | Half: False
2026-06-02 09:46:12 [self-0001-1-city] My general index: 28
2026-06-02 09:46:12 [self-0001-1-city] Enemy general index: None
2026-06-02 09:46:12 [self-0001-1-city] Visible enemy tiles: 6
2026-06-02 09:46:12 [self-0001-1-city] Tiles: 28 / 63
2026-06-02 09:46:12 [self-0001-1-city] Map: 19 x 21 Turn: 391
2026-06-02 09:46:12 [self-0001-1-city] Route planned: Target = 123 Mode = defense city-free reachable tiles = 291 Fallback-Tiles = 293
2026-06-02 09:46:12 [self-0001-1-city] Move #353: 86 -> 85 | Army: 2 | Target-Terrain: 0 | Target: 123 | Half: False
2026-06-02 09:46:12 [self-0001-1-city] My general index: 28
2026-06-02 09:46:12 [self-0001-1-city] Enemy general index: None
2026-06-02 09:46:12 [self-0001-1-city] Visible enemy tiles: 6
2026-06-02 09:46:12 [self-0001-1-city] Tiles: 28 / 63
2026-06-02 09:46:12 [self-0001-1-city] Map: 19 x 21 Turn: 392
2026-06-02 09:46:12 [self-0001-1-city] Route planned: Target = 123 Mode = defense city-free reachable tiles = 291 Fallback-Tiles = 293
2026-06-02 09:46:12 [self-0001-1-city] Priority agent: edge reuse -36000 base = 196330 final = 160330
2026-06-02 09:46:12 [self-0001-1-city] Move #354: 104 -> 123 | Army: 103 | Target-Terrain: 0 | Target: 123 | Half: False
2026-06-02 09:46:13 [self-0001-1-city] My general index: 28
2026-06-02 09:46:13 [self-0001-1-city] Enemy general index: None
2026-06-02 09:46:13 [self-0001-1-city] Visible enemy tiles: 6
2026-06-02 09:46:13 [self-0001-1-city] Tiles: 28 / 63
2026-06-02 09:46:13 [self-0001-1-city] Map: 19 x 21 Turn: 393
2026-06-02 09:46:13 [self-0001-1-city] Route planned: Target = 104 Mode = defense city-free reachable tiles = 291 Fallback-Tiles = 293
2026-06-02 09:46:13 [self-0001-1-city] Priority agent: edge reuse -9000 base = 231052 final = 222052
2026-06-02 09:46:13 [self-0001-1-city] Move #355: 85 -> 104 | Army: 2 | Target-Terrain: 0 | Target: 104 | Half: False
2026-06-02 09:46:13 [self-0001-1-city] My general index: 28
2026-06-02 09:46:13 [self-0001-1-city] Enemy general index: None
2026-06-02 09:46:13 [self-0001-1-city] Visible enemy tiles: 6
2026-06-02 09:46:13 [self-0001-1-city] Tiles: 28 / 63
2026-06-02 09:46:13 [self-0001-1-city] Map: 19 x 21 Turn: 394
2026-06-02 09:46:13 [self-0001-1-city] Route planned: Target = 104 Mode = defense city-free reachable tiles = 291 Fallback-Tiles = 293
2026-06-02 09:46:13 [self-0001-1-city] Priority agent: edge reuse -45000 base = 197030 final = 152030
2026-06-02 09:46:13 [self-0001-1-city] Move #356: 123 -> 104 | Army: 103 | Target-Terrain: 0 | Target: 104 | Half: False
2026-06-02 09:46:14 [self-0001-1-city] My general index: 28
2026-06-02 09:46:14 [self-0001-1-city] Enemy general index: None
2026-06-02 09:46:14 [self-0001-1-city] Visible enemy tiles: 6
2026-06-02 09:46:14 [self-0001-1-city] Tiles: 28 / 63
2026-06-02 09:46:14 [self-0001-1-city] Map: 19 x 21 Turn: 395
2026-06-02 09:46:14 [self-0001-1-city] Route planned: Target = 123 Mode = defense city-free reachable tiles = 291 Fallback-Tiles = 293
2026-06-02 09:46:14 [self-0001-1-city] Move #357: 47 -> 66 | Army: 2 | Target-Terrain: 0 | Target: 123 | Half: False
2026-06-02 09:46:14 [self-0001-1-city] My general index: 28
2026-06-02 09:46:14 [self-0001-1-city] Enemy general index: None
2026-06-02 09:46:14 [self-0001-1-city] Visible enemy tiles: 6
2026-06-02 09:46:14 [self-0001-1-city] Tiles: 28 / 63
2026-06-02 09:46:14 [self-0001-1-city] Map: 19 x 21 Turn: 396
2026-06-02 09:46:14 [self-0001-1-city] Route planned: Target = 123 Mode = defense city-free reachable tiles = 291 Fallback-Tiles = 293
2026-06-02 09:46:14 [self-0001-1-city] Priority agent: edge reuse -54000 base = 196330 final = 142330
2026-06-02 09:46:14 [self-0001-1-city] Move #358: 104 -> 123 | Army: 104 | Target-Terrain: 0 | Target: 123 | Half: False
2026-06-02 09:46:15 [self-0001-1-city] Coach: stabilize tiles 28/63 army 235/419 cities 0/0 enemy_city_suspect False bias {'expansion_bias': 0.1, 'city_bias': 0.8, 'attack_bias': -0.30000000000000004, 'defense_bias': 1.2, 'route_bias': 0.3}
2026-06-02 09:46:15 [self-0001-1-city] My general index: 28
2026-06-02 09:46:15 [self-0001-1-city] Enemy general index: None
2026-06-02 09:46:15 [self-0001-1-city] Visible enemy tiles: 6
2026-06-02 09:46:15 [self-0001-1-city] Tiles: 28 / 63
2026-06-02 09:46:15 [self-0001-1-city] Map: 19 x 21 Turn: 397
2026-06-02 09:46:15 [self-0001-1-city] Route planned: Target = 104 Mode = defense city-free reachable tiles = 291 Fallback-Tiles = 293
2026-06-02 09:46:15 [self-0001-1-city] Move #359: 67 -> 86 | Army: 2 | Target-Terrain: 0 | Target: 104 | Half: False
2026-06-02 09:46:15 [self-0001-1-city] My general index: 28
2026-06-02 09:46:15 [self-0001-1-city] Enemy general index: None
2026-06-02 09:46:15 [self-0001-1-city] Visible enemy tiles: 6
2026-06-02 09:46:15 [self-0001-1-city] Tiles: 28 / 63
2026-06-02 09:46:15 [self-0001-1-city] Map: 19 x 21 Turn: 398
2026-06-02 09:46:15 [self-0001-1-city] Route planned: Target = 104 Mode = defense city-free reachable tiles = 291 Fallback-Tiles = 293
2026-06-02 09:46:15 [self-0001-1-city] Priority agent: edge reuse -45000 base = 197030 final = 152030
2026-06-02 09:46:15 [self-0001-1-city] Move #360: 123 -> 104 | Army: 104 | Target-Terrain: 0 | Target: 104 | Half: False
2026-06-02 09:46:16 [self-0001-1-city] My general index: 28
2026-06-02 09:46:16 [self-0001-1-city] Enemy general index: None
2026-06-02 09:46:16 [self-0001-1-city] Visible enemy tiles: 6
2026-06-02 09:46:16 [self-0001-1-city] Tiles: 28 / 63
2026-06-02 09:46:16 [self-0001-1-city] Map: 19 x 21 Turn: 399
2026-06-02 09:46:16 [self-0001-1-city] Route planned: Target = 123 Mode = defense city-free reachable tiles = 291 Fallback-Tiles = 293
2026-06-02 09:46:16 [self-0001-1-city] Move #361: 87 -> 86 | Army: 2 | Target-Terrain: 0 | Target: 123 | Half: False
2026-06-02 09:46:16 [self-0001-1-city] My general index: 28
2026-06-02 09:46:16 [self-0001-1-city] Enemy general index: None
2026-06-02 09:46:16 [self-0001-1-city] Visible enemy tiles: 6
2026-06-02 09:46:16 [self-0001-1-city] Tiles: 28 / 63
2026-06-02 09:46:16 [self-0001-1-city] Map: 19 x 21 Turn: 400
2026-06-02 09:46:16 [self-0001-1-city] Route planned: Target = 123 Mode = defense city-free reachable tiles = 291 Fallback-Tiles = 293
2026-06-02 09:46:16 [self-0001-1-city] Move #362: 122 -> 123 | Army: 2 | Target-Terrain: 0 | Target: 123 | Half: False
2026-06-02 09:46:17 [self-0001-1-city] My general index: 28
2026-06-02 09:46:17 [self-0001-1-city] Enemy general index: None
2026-06-02 09:46:17 [self-0001-1-city] Visible enemy tiles: 6
2026-06-02 09:46:17 [self-0001-1-city] Tiles: 28 / 63
2026-06-02 09:46:17 [self-0001-1-city] Map: 19 x 21 Turn: 401
2026-06-02 09:46:17 [self-0001-1-city] Route planned: Target = 123 Mode = defense city-free reachable tiles = 291 Fallback-Tiles = 293
2026-06-02 09:46:17 [self-0001-1-city] Move #363: 141 -> 122 | Army: 2 | Target-Terrain: 0 | Target: 123 | Half: False
2026-06-02 09:46:17 [self-0001-1-city] My general index: 28
2026-06-02 09:46:17 [self-0001-1-city] Enemy general index: None
2026-06-02 09:46:17 [self-0001-1-city] Visible enemy tiles: 6
2026-06-02 09:46:17 [self-0001-1-city] Tiles: 28 / 63
2026-06-02 09:46:17 [self-0001-1-city] Map: 19 x 21 Turn: 402
2026-06-02 09:46:17 [self-0001-1-city] Route planned: Target = 123 Mode = defense city-free reachable tiles = 291 Fallback-Tiles = 293
2026-06-02 09:46:17 [self-0001-1-city] Priority agent: edge reuse -9000, flow +6000 base = 230352 final = 227352
2026-06-02 09:46:17 [self-0001-1-city] Move #364: 122 -> 123 | Army: 2 | Target-Terrain: 0 | Target: 123 | Half: False
2026-06-02 09:46:18 [self-0001-1-city] My general index: 28
2026-06-02 09:46:18 [self-0001-1-city] Enemy general index: None
2026-06-02 09:46:18 [self-0001-1-city] Visible enemy tiles: 6
2026-06-02 09:46:18 [self-0001-1-city] Tiles: 27 / 64
2026-06-02 09:46:18 [self-0001-1-city] Map: 19 x 21 Turn: 403
2026-06-02 09:46:18 [self-0001-1-city] Route planned: Target = 123 Mode = defense city-free reachable tiles = 291 Fallback-Tiles = 293
2026-06-02 09:46:18 [self-0001-1-city] Priority agent: edge reuse -45000 base = 196330 final = 151330
2026-06-02 09:46:18 [self-0001-1-city] Move #365: 104 -> 123 | Army: 105 | Target-Terrain: 0 | Target: 123 | Half: False
2026-06-02 09:46:18 [self-0001-1-city] My general index: 28
2026-06-02 09:46:18 [self-0001-1-city] Enemy general index: None
2026-06-02 09:46:18 [self-0001-1-city] Visible enemy tiles: 6
2026-06-02 09:46:18 [self-0001-1-city] Tiles: 27 / 64
2026-06-02 09:46:18 [self-0001-1-city] Map: 19 x 21 Turn: 404
2026-06-02 09:46:18 [self-0001-1-city] Route planned: Target = 104 Mode = defense city-free reachable tiles = 291 Fallback-Tiles = 293
2026-06-02 09:46:18 [self-0001-1-city] Move #366: 103 -> 104 | Army: 2 | Target-Terrain: 0 | Target: 104 | Half: False
2026-06-02 09:46:19 [self-0001-1-city] My general index: 28
2026-06-02 09:46:19 [self-0001-1-city] Enemy general index: None
2026-06-02 09:46:19 [self-0001-1-city] Visible enemy tiles: 6
2026-06-02 09:46:19 [self-0001-1-city] Tiles: 27 / 64
2026-06-02 09:46:19 [self-0001-1-city] Map: 19 x 21 Turn: 405
2026-06-02 09:46:19 [self-0001-1-city] Route planned: Target = 104 Mode = defense city-free reachable tiles = 291 Fallback-Tiles = 293
2026-06-02 09:46:19 [self-0001-1-city] Priority agent: edge reuse -9000 base = 231052 final = 222052
2026-06-02 09:46:19 [self-0001-1-city] Move #367: 85 -> 104 | Army: 2 | Target-Terrain: 0 | Target: 104 | Half: False
2026-06-02 09:46:19 [self-0001-1-city] My general index: 28
2026-06-02 09:46:19 [self-0001-1-city] Enemy general index: None
2026-06-02 09:46:19 [self-0001-1-city] Visible enemy tiles: 6
2026-06-02 09:46:19 [self-0001-1-city] Tiles: 27 / 64
2026-06-02 09:46:19 [self-0001-1-city] Map: 19 x 21 Turn: 406
2026-06-02 09:46:19 [self-0001-1-city] Route planned: Target = 104 Mode = defense city-free reachable tiles = 291 Fallback-Tiles = 293
2026-06-02 09:46:19 [self-0001-1-city] Priority agent: edge reuse -45000 base = 197030 final = 152030
2026-06-02 09:46:19 [self-0001-1-city] Move #368: 123 -> 104 | Army: 108 | Target-Terrain: 0 | Target: 104 | Half: False
2026-06-02 09:46:20 [self-0001-1-city] My general index: 28
2026-06-02 09:46:20 [self-0001-1-city] Enemy general index: None
2026-06-02 09:46:20 [self-0001-1-city] Visible enemy tiles: 6
2026-06-02 09:46:20 [self-0001-1-city] Tiles: 27 / 64
2026-06-02 09:46:20 [self-0001-1-city] Map: 19 x 21 Turn: 407
2026-06-02 09:46:20 [self-0001-1-city] Route planned: Target = 123 Mode = defense city-free reachable tiles = 291 Fallback-Tiles = 293
2026-06-02 09:46:20 [self-0001-1-city] Move #369: 84 -> 103 | Army: 2 | Target-Terrain: 0 | Target: 123 | Half: False
2026-06-02 09:46:20 [self-0001-1-city] My general index: 28
2026-06-02 09:46:20 [self-0001-1-city] Enemy general index: None
2026-06-02 09:46:20 [self-0001-1-city] Visible enemy tiles: 6
2026-06-02 09:46:20 [self-0001-1-city] Tiles: 27 / 64
2026-06-02 09:46:20 [self-0001-1-city] Map: 19 x 21 Turn: 408
2026-06-02 09:46:20 [self-0001-1-city] Route planned: Target = 123 Mode = defense city-free reachable tiles = 291 Fallback-Tiles = 293
2026-06-02 09:46:20 [self-0001-1-city] Priority agent: edge reuse -45000 base = 196330 final = 151330
2026-06-02 09:46:20 [self-0001-1-city] Move #370: 104 -> 123 | Army: 110 | Target-Terrain: 0 | Target: 123 | Half: False
2026-06-02 09:46:21 [self-0001-1-city] My general index: 28
2026-06-02 09:46:21 [self-0001-1-city] Enemy general index: None
2026-06-02 09:46:21 [self-0001-1-city] Visible enemy tiles: 6
2026-06-02 09:46:21 [self-0001-1-city] Tiles: 27 / 64
2026-06-02 09:46:21 [self-0001-1-city] Map: 19 x 21 Turn: 409
2026-06-02 09:46:21 [self-0001-1-city] Route planned: Target = 104 Mode = defense city-free reachable tiles = 291 Fallback-Tiles = 293
2026-06-02 09:46:21 [self-0001-1-city] Priority agent: edge reuse -9000 base = 226752 final = 217752
2026-06-02 09:46:21 [self-0001-1-city] Move #371: 103 -> 104 | Army: 2 | Target-Terrain: 0 | Target: 104 | Half: False
2026-06-02 09:46:21 [self-0001-1-city] My general index: 28
2026-06-02 09:46:21 [self-0001-1-city] Enemy general index: None
2026-06-02 09:46:21 [self-0001-1-city] Visible enemy tiles: 6
2026-06-02 09:46:21 [self-0001-1-city] Tiles: 27 / 64
2026-06-02 09:46:21 [self-0001-1-city] Map: 19 x 21 Turn: 410
2026-06-02 09:46:21 [self-0001-1-city] Route planned: Target = 104 Mode = defense city-free reachable tiles = 291 Fallback-Tiles = 293
2026-06-02 09:46:21 [self-0001-1-city] Priority agent: edge reuse -45000 base = 197030 final = 152030
2026-06-02 09:46:21 [self-0001-1-city] Move #372: 123 -> 104 | Army: 110 | Target-Terrain: 0 | Target: 104 | Half: False
2026-06-02 09:46:22 [self-0001-1-city] My general index: 28
2026-06-02 09:46:22 [self-0001-1-city] Enemy general index: None
2026-06-02 09:46:22 [self-0001-1-city] Visible enemy tiles: 6
2026-06-02 09:46:22 [self-0001-1-city] Tiles: 27 / 64
2026-06-02 09:46:22 [self-0001-1-city] Map: 19 x 21 Turn: 411
2026-06-02 09:46:22 [self-0001-1-city] Route planned: Target = 123 Mode = defense city-free reachable tiles = 291 Fallback-Tiles = 293
2026-06-02 09:46:22 [self-0001-1-city] Move #373: 121 -> 122 | Army: 2 | Target-Terrain: 0 | Target: 123 | Half: False
2026-06-02 09:46:22 [self-0001-1-city] My general index: 28
2026-06-02 09:46:22 [self-0001-1-city] Enemy general index: None
2026-06-02 09:46:22 [self-0001-1-city] Visible enemy tiles: 6
2026-06-02 09:46:22 [self-0001-1-city] Tiles: 27 / 64
2026-06-02 09:46:22 [self-0001-1-city] Map: 19 x 21 Turn: 412
2026-06-02 09:46:22 [self-0001-1-city] Route planned: Target = 123 Mode = defense city-free reachable tiles = 291 Fallback-Tiles = 293
2026-06-02 09:46:22 [self-0001-1-city] Priority agent: edge reuse -18000, flow +6000 base = 215352 final = 203352
2026-06-02 09:46:22 [self-0001-1-city] Move #374: 122 -> 123 | Army: 2 | Target-Terrain: 0 | Target: 123 | Half: False
2026-06-02 09:46:23 [self-0001-1-city] My general index: 28
2026-06-02 09:46:23 [self-0001-1-city] Enemy general index: None
2026-06-02 09:46:23 [self-0001-1-city] Visible enemy tiles: 6
2026-06-02 09:46:23 [self-0001-1-city] Tiles: 27 / 64
2026-06-02 09:46:23 [self-0001-1-city] Map: 19 x 21 Turn: 413
2026-06-02 09:46:23 [self-0001-1-city] Route planned: Target = 123 Mode = defense city-free reachable tiles = 291 Fallback-Tiles = 293
2026-06-02 09:46:23 [self-0001-1-city] Priority agent: edge reuse -36000 base = 196330 final = 160330
2026-06-02 09:46:23 [self-0001-1-city] Move #375: 104 -> 123 | Army: 111 | Target-Terrain: 0 | Target: 123 | Half: False
2026-06-02 09:46:23 [self-0001-1-city] My general index: 28
2026-06-02 09:46:23 [self-0001-1-city] Enemy general index: None
2026-06-02 09:46:23 [self-0001-1-city] Visible enemy tiles: 6
2026-06-02 09:46:23 [self-0001-1-city] Tiles: 27 / 64
2026-06-02 09:46:23 [self-0001-1-city] Map: 19 x 21 Turn: 414
2026-06-02 09:46:23 [self-0001-1-city] Route planned: Target = 104 Mode = defense city-free reachable tiles = 291 Fallback-Tiles = 293
2026-06-02 09:46:23 [self-0001-1-city] Move #376: 86 -> 85 | Army: 4 | Target-Terrain: 0 | Target: 104 | Half: False
2026-06-02 09:46:24 [self-0001-1-city] My general index: 28
2026-06-02 09:46:24 [self-0001-1-city] Enemy general index: None
2026-06-02 09:46:24 [self-0001-1-city] Visible enemy tiles: 6
2026-06-02 09:46:24 [self-0001-1-city] Tiles: 27 / 64
2026-06-02 09:46:24 [self-0001-1-city] Map: 19 x 21 Turn: 415
2026-06-02 09:46:24 [self-0001-1-city] Route planned: Target = 104 Mode = defense city-free reachable tiles = 291 Fallback-Tiles = 293
2026-06-02 09:46:24 [self-0001-1-city] Priority agent: edge reuse -9000, flow +6000 base = 233254 final = 230254
2026-06-02 09:46:24 [self-0001-1-city] Move #377: 85 -> 104 | Army: 4 | Target-Terrain: 0 | Target: 104 | Half: False
2026-06-02 09:46:24 [self-0001-1-city] My general index: 28
2026-06-02 09:46:24 [self-0001-1-city] Enemy general index: None
2026-06-02 09:46:24 [self-0001-1-city] Visible enemy tiles: 6
2026-06-02 09:46:24 [self-0001-1-city] Tiles: 27 / 64
2026-06-02 09:46:24 [self-0001-1-city] Map: 19 x 21 Turn: 416
2026-06-02 09:46:24 [self-0001-1-city] Route planned: Target = 104 Mode = defense city-free reachable tiles = 291 Fallback-Tiles = 293
2026-06-02 09:46:24 [self-0001-1-city] Priority agent: edge reuse -45000 base = 197030 final = 152030
2026-06-02 09:46:24 [self-0001-1-city] Move #378: 123 -> 104 | Army: 112 | Target-Terrain: 0 | Target: 104 | Half: False
2026-06-02 09:46:25 [self-0001-1-city] My general index: 28
2026-06-02 09:46:25 [self-0001-1-city] Enemy general index: None
2026-06-02 09:46:25 [self-0001-1-city] Visible enemy tiles: 6
2026-06-02 09:46:25 [self-0001-1-city] Tiles: 27 / 64
2026-06-02 09:46:25 [self-0001-1-city] Map: 19 x 21 Turn: 417
2026-06-02 09:46:25 [self-0001-1-city] Route planned: Target = 123 Mode = defense city-free reachable tiles = 291 Fallback-Tiles = 293
2026-06-02 09:46:25 [self-0001-1-city] Move #379: 66 -> 85 | Army: 3 | Target-Terrain: 0 | Target: 123 | Half: False
2026-06-02 09:46:25 [self-0001-1-city] My general index: 28
2026-06-02 09:46:25 [self-0001-1-city] Enemy general index: None
2026-06-02 09:46:25 [self-0001-1-city] Visible enemy tiles: 6
2026-06-02 09:46:25 [self-0001-1-city] Tiles: 27 / 64
2026-06-02 09:46:25 [self-0001-1-city] Map: 19 x 21 Turn: 418
2026-06-02 09:46:25 [self-0001-1-city] Route planned: Target = 123 Mode = defense city-free reachable tiles = 291 Fallback-Tiles = 293
2026-06-02 09:46:25 [self-0001-1-city] Priority agent: edge reuse -45000 base = 196330 final = 151330
2026-06-02 09:46:25 [self-0001-1-city] Move #380: 104 -> 123 | Army: 115 | Target-Terrain: 0 | Target: 123 | Half: False
2026-06-02 09:46:26 [self-0001-1-city] My general index: 28
2026-06-02 09:46:26 [self-0001-1-city] Enemy general index: None
2026-06-02 09:46:26 [self-0001-1-city] Visible enemy tiles: 6
2026-06-02 09:46:26 [self-0001-1-city] Tiles: 27 / 64
2026-06-02 09:46:26 [self-0001-1-city] Map: 19 x 21 Turn: 419
2026-06-02 09:46:26 [self-0001-1-city] Route planned: Target = 104 Mode = defense city-free reachable tiles = 291 Fallback-Tiles = 293
2026-06-02 09:46:26 [self-0001-1-city] Priority agent: edge reuse -18000 base = 216053 final = 198053
2026-06-02 09:46:26 [self-0001-1-city] Move #381: 85 -> 104 | Army: 3 | Target-Terrain: 0 | Target: 104 | Half: False
2026-06-02 09:46:26 [self-0001-1-city] My general index: 28
2026-06-02 09:46:26 [self-0001-1-city] Enemy general index: None
2026-06-02 09:46:26 [self-0001-1-city] Visible enemy tiles: 6
2026-06-02 09:46:26 [self-0001-1-city] Tiles: 27 / 64
2026-06-02 09:46:26 [self-0001-1-city] Map: 19 x 21 Turn: 420
2026-06-02 09:46:26 [self-0001-1-city] Route planned: Target = 104 Mode = defense city-free reachable tiles = 291 Fallback-Tiles = 293
2026-06-02 09:46:26 [self-0001-1-city] Priority agent: edge reuse -54000 base = 197030 final = 143030
2026-06-02 09:46:26 [self-0001-1-city] Move #382: 123 -> 104 | Army: 115 | Target-Terrain: 0 | Target: 104 | Half: False
2026-06-02 09:46:27 [self-0001-1-city] My general index: 28
2026-06-02 09:46:27 [self-0001-1-city] Enemy general index: None
2026-06-02 09:46:27 [self-0001-1-city] Visible enemy tiles: 6
2026-06-02 09:46:27 [self-0001-1-city] Tiles: 27 / 64
2026-06-02 09:46:27 [self-0001-1-city] Map: 19 x 21 Turn: 421
2026-06-02 09:46:27 [self-0001-1-city] Route planned: Target = 123 Mode = defense city-free reachable tiles = 291 Fallback-Tiles = 293
2026-06-02 09:46:27 [self-0001-1-city] Move #383: 140 -> 121 | Army: 2 | Target-Terrain: 0 | Target: 123 | Half: False
2026-06-02 09:46:27 [self-0001-1-city] My general index: 28
2026-06-02 09:46:27 [self-0001-1-city] Enemy general index: None
2026-06-02 09:46:27 [self-0001-1-city] Visible enemy tiles: 6
2026-06-02 09:46:27 [self-0001-1-city] Tiles: 27 / 64
2026-06-02 09:46:27 [self-0001-1-city] Map: 19 x 21 Turn: 422
2026-06-02 09:46:27 [self-0001-1-city] Route planned: Target = 123 Mode = defense city-free reachable tiles = 291 Fallback-Tiles = 293
2026-06-02 09:46:27 [self-0001-1-city] Priority agent: edge reuse -54000 base = 196330 final = 142330
2026-06-02 09:46:27 [self-0001-1-city] Move #384: 104 -> 123 | Army: 117 | Target-Terrain: 0 | Target: 123 | Half: False
2026-06-02 09:46:28 [self-0001-1-city] My general index: 28
2026-06-02 09:46:28 [self-0001-1-city] Enemy general index: None
2026-06-02 09:46:28 [self-0001-1-city] Visible enemy tiles: 6
2026-06-02 09:46:28 [self-0001-1-city] Tiles: 27 / 64
2026-06-02 09:46:28 [self-0001-1-city] Map: 19 x 21 Turn: 423
2026-06-02 09:46:28 [self-0001-1-city] Route planned: Target = 104 Mode = defense city-free reachable tiles = 291 Fallback-Tiles = 293
2026-06-02 09:46:28 [self-0001-1-city] Move #385: 47 -> 66 | Army: 2 | Target-Terrain: 0 | Target: 104 | Half: False
2026-06-02 09:46:28 [self-0001-1-city] My general index: 28
2026-06-02 09:46:28 [self-0001-1-city] Enemy general index: None
2026-06-02 09:46:28 [self-0001-1-city] Visible enemy tiles: 6
2026-06-02 09:46:28 [self-0001-1-city] Tiles: 27 / 64
2026-06-02 09:46:28 [self-0001-1-city] Map: 19 x 21 Turn: 424
2026-06-02 09:46:28 [self-0001-1-city] Route planned: Target = 104 Mode = defense city-free reachable tiles = 291 Fallback-Tiles = 293
2026-06-02 09:46:28 [self-0001-1-city] Priority agent: edge reuse -54000 base = 197030 final = 143030
2026-06-02 09:46:28 [self-0001-1-city] Move #386: 123 -> 104 | Army: 117 | Target-Terrain: 0 | Target: 104 | Half: False
2026-06-02 09:46:29 [self-0001-1-city] My general index: 28
2026-06-02 09:46:29 [self-0001-1-city] Enemy general index: None
2026-06-02 09:46:29 [self-0001-1-city] Visible enemy tiles: 6
2026-06-02 09:46:29 [self-0001-1-city] Tiles: 27 / 64
2026-06-02 09:46:29 [self-0001-1-city] Map: 19 x 21 Turn: 425
2026-06-02 09:46:29 [self-0001-1-city] Route planned: Target = 123 Mode = defense city-free reachable tiles = 291 Fallback-Tiles = 293
2026-06-02 09:46:29 [self-0001-1-city] Move #387: 65 -> 84 | Army: 2 | Target-Terrain: 0 | Target: 123 | Half: False
2026-06-02 09:46:29 [self-0001-1-city] My general index: 28
2026-06-02 09:46:29 [self-0001-1-city] Enemy general index: None
2026-06-02 09:46:29 [self-0001-1-city] Visible enemy tiles: 6
2026-06-02 09:46:29 [self-0001-1-city] Tiles: 27 / 64
2026-06-02 09:46:29 [self-0001-1-city] Map: 19 x 21 Turn: 426
2026-06-02 09:46:29 [self-0001-1-city] Route planned: Target = 123 Mode = defense city-free reachable tiles = 291 Fallback-Tiles = 293
2026-06-02 09:46:29 [self-0001-1-city] Priority agent: flow +6000 base = 142872 final = 148872
2026-06-02 09:46:29 [self-0001-1-city] Move #388: 84 -> 103 | Army: 2 | Target-Terrain: 0 | Target: 123 | Half: False
2026-06-02 09:46:30 [self-0001-1-city] My general index: 28
2026-06-02 09:46:30 [self-0001-1-city] Enemy general index: None
2026-06-02 09:46:30 [self-0001-1-city] Visible enemy tiles: 6
2026-06-02 09:46:30 [self-0001-1-city] Tiles: 27 / 64
2026-06-02 09:46:30 [self-0001-1-city] Map: 19 x 21 Turn: 427
2026-06-02 09:46:30 [self-0001-1-city] Route planned: Target = 123 Mode = defense city-free reachable tiles = 291 Fallback-Tiles = 293
2026-06-02 09:46:30 [self-0001-1-city] Priority agent: flow +6000 base = 142262 final = 148262
2026-06-02 09:46:30 [self-0001-1-city] Move #389: 103 -> 122 | Army: 2 | Target-Terrain: 0 | Target: 123 | Half: False
2026-06-02 09:46:30 [self-0001-1-city] My general index: 28
2026-06-02 09:46:30 [self-0001-1-city] Enemy general index: None
2026-06-02 09:46:30 [self-0001-1-city] Visible enemy tiles: 6
2026-06-02 09:46:30 [self-0001-1-city] Tiles: 27 / 64
2026-06-02 09:46:30 [self-0001-1-city] Map: 19 x 21 Turn: 428
2026-06-02 09:46:30 [self-0001-1-city] Route planned: Target = 123 Mode = defense city-free reachable tiles = 291 Fallback-Tiles = 293
2026-06-02 09:46:30 [self-0001-1-city] Priority agent: flow +6000 base = 230352 final = 236352
2026-06-02 09:46:30 [self-0001-1-city] Move #390: 122 -> 123 | Army: 2 | Target-Terrain: 0 | Target: 123 | Half: False
2026-06-02 09:46:31 [self-0001-1-city] My general index: 28
2026-06-02 09:46:31 [self-0001-1-city] Enemy general index: None
2026-06-02 09:46:31 [self-0001-1-city] Visible enemy tiles: 6
2026-06-02 09:46:31 [self-0001-1-city] Tiles: 27 / 64
2026-06-02 09:46:31 [self-0001-1-city] Map: 19 x 21 Turn: 429
2026-06-02 09:46:31 [self-0001-1-city] Route planned: Target = 123 Mode = defense city-free reachable tiles = 291 Fallback-Tiles = 293
2026-06-02 09:46:31 [self-0001-1-city] Priority agent: edge reuse -45000 base = 196330 final = 151330
2026-06-02 09:46:31 [self-0001-1-city] Move #391: 104 -> 123 | Army: 117 | Target-Terrain: 0 | Target: 123 | Half: False
2026-06-02 09:46:31 [self-0001-1-city] My general index: 28
2026-06-02 09:46:31 [self-0001-1-city] Enemy general index: None
2026-06-02 09:46:31 [self-0001-1-city] Visible enemy tiles: 6
2026-06-02 09:46:31 [self-0001-1-city] Tiles: 27 / 64
2026-06-02 09:46:31 [self-0001-1-city] Map: 19 x 21 Turn: 430
2026-06-02 09:46:31 [self-0001-1-city] Route planned: Target = 104 Mode = defense city-free reachable tiles = 291 Fallback-Tiles = 293
2026-06-02 09:46:31 [self-0001-1-city] Move #392: 121 -> 122 | Army: 2 | Target-Terrain: 0 | Target: 104 | Half: False
2026-06-02 09:46:32 [self-0001-1-city] My general index: 28
2026-06-02 09:46:32 [self-0001-1-city] Enemy general index: None
2026-06-02 09:46:32 [self-0001-1-city] Visible enemy tiles: 6
2026-06-02 09:46:32 [self-0001-1-city] Tiles: 27 / 64
2026-06-02 09:46:32 [self-0001-1-city] Map: 19 x 21 Turn: 431
2026-06-02 09:46:32 [self-0001-1-city] Route planned: Target = 104 Mode = defense city-free reachable tiles = 291 Fallback-Tiles = 293
2026-06-02 09:46:32 [self-0001-1-city] Priority agent: edge reuse -45000 base = 197030 final = 152030
2026-06-02 09:46:32 [self-0001-1-city] Move #393: 123 -> 104 | Army: 118 | Target-Terrain: 0 | Target: 104 | Half: False
2026-06-02 09:46:32 [self-0001-1-city] My general index: 28
2026-06-02 09:46:32 [self-0001-1-city] Enemy general index: None
2026-06-02 09:46:32 [self-0001-1-city] Visible enemy tiles: 6
2026-06-02 09:46:32 [self-0001-1-city] Tiles: 27 / 64
2026-06-02 09:46:32 [self-0001-1-city] Map: 19 x 21 Turn: 432
2026-06-02 09:46:32 [self-0001-1-city] Route planned: Target = 123 Mode = defense city-free reachable tiles = 291 Fallback-Tiles = 293
2026-06-02 09:46:32 [self-0001-1-city] Priority agent: edge reuse -9000 base = 230352 final = 221352
2026-06-02 09:46:32 [self-0001-1-city] Move #394: 122 -> 123 | Army: 2 | Target-Terrain: 0 | Target: 123 | Half: False
2026-06-02 09:46:33 [self-0001-1-city] My general index: 28
2026-06-02 09:46:33 [self-0001-1-city] Enemy general index: None
2026-06-02 09:46:33 [self-0001-1-city] Visible enemy tiles: 6
2026-06-02 09:46:33 [self-0001-1-city] Tiles: 27 / 64
2026-06-02 09:46:33 [self-0001-1-city] Map: 19 x 21 Turn: 433
2026-06-02 09:46:33 [self-0001-1-city] Route planned: Target = 123 Mode = defense city-free reachable tiles = 291 Fallback-Tiles = 293
2026-06-02 09:46:33 [self-0001-1-city] Priority agent: edge reuse -45000 base = 196330 final = 151330
2026-06-02 09:46:33 [self-0001-1-city] Move #395: 104 -> 123 | Army: 118 | Target-Terrain: 0 | Target: 123 | Half: False
2026-06-02 09:46:33 [self-0001-1-city] My general index: 28
2026-06-02 09:46:33 [self-0001-1-city] Enemy general index: None
2026-06-02 09:46:33 [self-0001-1-city] Visible enemy tiles: 6
2026-06-02 09:46:33 [self-0001-1-city] Tiles: 27 / 64
2026-06-02 09:46:33 [self-0001-1-city] Map: 19 x 21 Turn: 434
2026-06-02 09:46:33 [self-0001-1-city] Route planned: Target = 104 Mode = defense city-free reachable tiles = 291 Fallback-Tiles = 293
2026-06-02 09:46:33 [self-0001-1-city] Move #396: 66 -> 85 | Army: 2 | Target-Terrain: 0 | Target: 104 | Half: False
2026-06-02 09:46:34 [self-0001-1-city] My general index: 28
2026-06-02 09:46:34 [self-0001-1-city] Enemy general index: None
2026-06-02 09:46:34 [self-0001-1-city] Visible enemy tiles: 6
2026-06-02 09:46:34 [self-0001-1-city] Tiles: 27 / 64
2026-06-02 09:46:34 [self-0001-1-city] Map: 19 x 21 Turn: 435
2026-06-02 09:46:34 [self-0001-1-city] Route planned: Target = 104 Mode = defense city-free reachable tiles = 291 Fallback-Tiles = 293
2026-06-02 09:46:34 [self-0001-1-city] Priority agent: flow +6000 base = 231052 final = 237052
2026-06-02 09:46:34 [self-0001-1-city] Move #397: 85 -> 104 | Army: 2 | Target-Terrain: 0 | Target: 104 | Half: False
2026-06-02 09:46:34 [self-0001-1-city] My general index: 28
2026-06-02 09:46:34 [self-0001-1-city] Enemy general index: None
2026-06-02 09:46:34 [self-0001-1-city] Visible enemy tiles: 6
2026-06-02 09:46:34 [self-0001-1-city] Tiles: 27 / 64
2026-06-02 09:46:34 [self-0001-1-city] Map: 19 x 21 Turn: 436
2026-06-02 09:46:34 [self-0001-1-city] Route planned: Target = 104 Mode = defense city-free reachable tiles = 291 Fallback-Tiles = 293
2026-06-02 09:46:34 [self-0001-1-city] Priority agent: edge reuse -45000 base = 197030 final = 152030
2026-06-02 09:46:34 [self-0001-1-city] Move #398: 123 -> 104 | Army: 119 | Target-Terrain: 0 | Target: 104 | Half: False
2026-06-02 09:46:35 [self-0001-1-city] My general index: 28
2026-06-02 09:46:35 [self-0001-1-city] Enemy general index: None
2026-06-02 09:46:35 [self-0001-1-city] Visible enemy tiles: 6
2026-06-02 09:46:35 [self-0001-1-city] Tiles: 27 / 64
2026-06-02 09:46:35 [self-0001-1-city] Map: 19 x 21 Turn: 437
2026-06-02 09:46:35 [self-0001-1-city] Route planned: Target = 123 Mode = defense city-free reachable tiles = 291 Fallback-Tiles = 293
2026-06-02 09:46:35 [self-0001-1-city] Move #399: 67 -> 86 | Army: 2 | Target-Terrain: 0 | Target: 123 | Half: False
2026-06-02 09:46:35 [self-0001-1-city] My general index: 28
2026-06-02 09:46:35 [self-0001-1-city] Enemy general index: None
2026-06-02 09:46:35 [self-0001-1-city] Visible enemy tiles: 6
2026-06-02 09:46:35 [self-0001-1-city] Tiles: 27 / 64
2026-06-02 09:46:35 [self-0001-1-city] Map: 19 x 21 Turn: 438
2026-06-02 09:46:35 [self-0001-1-city] Route planned: Target = 123 Mode = defense city-free reachable tiles = 291 Fallback-Tiles = 293
2026-06-02 09:46:35 [self-0001-1-city] Priority agent: edge reuse -45000 base = 196330 final = 151330
2026-06-02 09:46:35 [self-0001-1-city] Move #400: 104 -> 123 | Army: 120 | Target-Terrain: 0 | Target: 123 | Half: False
2026-06-02 09:46:36 [self-0001-1-city] My general index: 28
2026-06-02 09:46:36 [self-0001-1-city] Enemy general index: None
2026-06-02 09:46:36 [self-0001-1-city] Visible enemy tiles: 6
2026-06-02 09:46:36 [self-0001-1-city] Tiles: 27 / 64
2026-06-02 09:46:36 [self-0001-1-city] Map: 19 x 21 Turn: 439
2026-06-02 09:46:36 [self-0001-1-city] Route planned: Target = 104 Mode = defense city-free reachable tiles = 291 Fallback-Tiles = 293
2026-06-02 09:46:36 [self-0001-1-city] Move #401: 86 -> 85 | Army: 2 | Target-Terrain: 0 | Target: 104 | Half: False
2026-06-02 09:46:36 [self-0001-1-city] My general index: 28
2026-06-02 09:46:36 [self-0001-1-city] Enemy general index: None
2026-06-02 09:46:36 [self-0001-1-city] Visible enemy tiles: 6
2026-06-02 09:46:36 [self-0001-1-city] Tiles: 27 / 64
2026-06-02 09:46:36 [self-0001-1-city] Map: 19 x 21 Turn: 440
2026-06-02 09:46:36 [self-0001-1-city] Route planned: Target = 104 Mode = defense city-free reachable tiles = 291 Fallback-Tiles = 293
2026-06-02 09:46:36 [self-0001-1-city] Priority agent: edge reuse -9000, flow +6000 base = 231052 final = 228052
2026-06-02 09:46:36 [self-0001-1-city] Move #402: 85 -> 104 | Army: 2 | Target-Terrain: 0 | Target: 104 | Half: False
2026-06-02 09:46:37 [self-0001-1-city] My general index: 28
2026-06-02 09:46:37 [self-0001-1-city] Enemy general index: None
2026-06-02 09:46:37 [self-0001-1-city] Visible enemy tiles: 6
2026-06-02 09:46:37 [self-0001-1-city] Tiles: 27 / 64
2026-06-02 09:46:37 [self-0001-1-city] Map: 19 x 21 Turn: 441
2026-06-02 09:46:37 [self-0001-1-city] Route planned: Target = 104 Mode = defense city-free reachable tiles = 291 Fallback-Tiles = 293
2026-06-02 09:46:37 [self-0001-1-city] Priority agent: edge reuse -45000 base = 197030 final = 152030
2026-06-02 09:46:37 [self-0001-1-city] Move #403: 123 -> 104 | Army: 120 | Target-Terrain: 0 | Target: 104 | Half: False
2026-06-02 09:46:37 [self-0001-1-city] My general index: 28
2026-06-02 09:46:37 [self-0001-1-city] Enemy general index: None
2026-06-02 09:46:37 [self-0001-1-city] Visible enemy tiles: 6
2026-06-02 09:46:37 [self-0001-1-city] Tiles: 27 / 64
2026-06-02 09:46:37 [self-0001-1-city] Map: 19 x 21 Turn: 442
2026-06-02 09:46:37 [self-0001-1-city] Route planned: Target = 123 Mode = defense city-free reachable tiles = 291 Fallback-Tiles = 293
2026-06-02 09:46:37 [self-0001-1-city] Move #404: 83 -> 102 | Army: 2 | Target-Terrain: 0 | Target: 123 | Half: False
2026-06-02 09:46:38 [self-0001-1-city] My general index: 28
2026-06-02 09:46:38 [self-0001-1-city] Enemy general index: None
2026-06-02 09:46:38 [self-0001-1-city] Visible enemy tiles: 6
2026-06-02 09:46:38 [self-0001-1-city] Tiles: 27 / 64
2026-06-02 09:46:38 [self-0001-1-city] Map: 19 x 21 Turn: 443
2026-06-02 09:46:38 [self-0001-1-city] Route planned: Target = 123 Mode = defense city-free reachable tiles = 291 Fallback-Tiles = 293
2026-06-02 09:46:38 [self-0001-1-city] Priority agent: flow +6000 base = 140773 final = 146773
2026-06-02 09:46:38 [self-0001-1-city] Move #405: 102 -> 103 | Army: 3 | Target-Terrain: 0 | Target: 123 | Half: False
2026-06-02 09:46:38 [self-0001-1-city] My general index: 28
2026-06-02 09:46:38 [self-0001-1-city] Enemy general index: None
2026-06-02 09:46:38 [self-0001-1-city] Visible enemy tiles: 6
2026-06-02 09:46:38 [self-0001-1-city] Tiles: 27 / 64
2026-06-02 09:46:38 [self-0001-1-city] Map: 19 x 21 Turn: 444
2026-06-02 09:46:38 [self-0001-1-city] Route planned: Target = 123 Mode = defense city-free reachable tiles = 291 Fallback-Tiles = 293
2026-06-02 09:46:38 [self-0001-1-city] Priority agent: edge reuse -45000 base = 196330 final = 151330
2026-06-02 09:46:38 [self-0001-1-city] Move #406: 104 -> 123 | Army: 121 | Target-Terrain: 0 | Target: 123 | Half: False
2026-06-02 09:46:39 [self-0001-1-city] My general index: 28
2026-06-02 09:46:39 [self-0001-1-city] Enemy general index: None
2026-06-02 09:46:39 [self-0001-1-city] Visible enemy tiles: 6
2026-06-02 09:46:39 [self-0001-1-city] Tiles: 27 / 64
2026-06-02 09:46:39 [self-0001-1-city] Map: 19 x 21 Turn: 445
2026-06-02 09:46:39 [self-0001-1-city] Route planned: Target = 104 Mode = defense city-free reachable tiles = 291 Fallback-Tiles = 293
2026-06-02 09:46:39 [self-0001-1-city] Move #407: 103 -> 104 | Army: 3 | Target-Terrain: 0 | Target: 104 | Half: False
2026-06-02 09:46:39 [self-0001-1-city] My general index: 28
2026-06-02 09:46:39 [self-0001-1-city] Enemy general index: None
2026-06-02 09:46:39 [self-0001-1-city] Visible enemy tiles: 6
2026-06-02 09:46:39 [self-0001-1-city] Tiles: 27 / 64
2026-06-02 09:46:39 [self-0001-1-city] Map: 19 x 21 Turn: 446
2026-06-02 09:46:39 [self-0001-1-city] Route planned: Target = 104 Mode = defense city-free reachable tiles = 291 Fallback-Tiles = 293
2026-06-02 09:46:39 [self-0001-1-city] Priority agent: edge reuse -45000 base = 197030 final = 152030
2026-06-02 09:46:39 [self-0001-1-city] Move #408: 123 -> 104 | Army: 121 | Target-Terrain: 0 | Target: 104 | Half: False
2026-06-02 09:46:40 [self-0001-1-city] Coach: stabilize tiles 27/64 army 287/556 cities 0/0 enemy_city_suspect False bias {'expansion_bias': 0.1, 'city_bias': 0.8, 'attack_bias': -0.30000000000000004, 'defense_bias': 1.2, 'route_bias': 0.3}
2026-06-02 09:46:40 [self-0001-1-city] My general index: 28
2026-06-02 09:46:40 [self-0001-1-city] Enemy general index: None
2026-06-02 09:46:40 [self-0001-1-city] Visible enemy tiles: 6
2026-06-02 09:46:40 [self-0001-1-city] Tiles: 27 / 64
2026-06-02 09:46:40 [self-0001-1-city] Map: 19 x 21 Turn: 447
2026-06-02 09:46:40 [self-0001-1-city] Reinforcement waypoint: 123 final target = 142 turns until reinforcement = 3
2026-06-02 09:46:40 [self-0001-1-city] Route planned: Target = 123 Mode = reinforcement_waypoint city-free reachable tiles = 291 Fallback-Tiles = 293
2026-06-02 09:46:40 [self-0001-1-city] Move #409: 87 -> 86 | Army: 2 | Target-Terrain: 0 | Target: 123 | Half: False
2026-06-02 09:46:40 [self-0001-1-city] My general index: 28
2026-06-02 09:46:40 [self-0001-1-city] Enemy general index: None
2026-06-02 09:46:40 [self-0001-1-city] Visible enemy tiles: 6
2026-06-02 09:46:40 [self-0001-1-city] Tiles: 27 / 64
2026-06-02 09:46:40 [self-0001-1-city] Map: 19 x 21 Turn: 448
2026-06-02 09:46:40 [self-0001-1-city] Reinforcement waypoint: 123 final target = 142 turns until reinforcement = 2
2026-06-02 09:46:40 [self-0001-1-city] Route planned: Target = 123 Mode = reinforcement_waypoint city-free reachable tiles = 291 Fallback-Tiles = 293
2026-06-02 09:46:40 [self-0001-1-city] Move #410: 28 -> 47 | Army: 114 | Target-Terrain: 0 | Target: 123 | Half: True
2026-06-02 09:46:41 [self-0001-1-city] My general index: 28
2026-06-02 09:46:41 [self-0001-1-city] Enemy general index: None
2026-06-02 09:46:41 [self-0001-1-city] Visible enemy tiles: 6
2026-06-02 09:46:41 [self-0001-1-city] Tiles: 27 / 64
2026-06-02 09:46:41 [self-0001-1-city] Map: 19 x 21 Turn: 449
2026-06-02 09:46:41 [self-0001-1-city] Reinforcement waypoint: 123 final target = 142 turns until reinforcement = 1
2026-06-02 09:46:41 [self-0001-1-city] Route planned: Target = 123 Mode = reinforcement_waypoint city-free reachable tiles = 291 Fallback-Tiles = 293
2026-06-02 09:46:41 [self-0001-1-city] Move #411: 48 -> 67 | Army: 3 | Target-Terrain: 0 | Target: 123 | Half: False
2026-06-02 09:46:41 [self-0001-1-city] My general index: 28
2026-06-02 09:46:41 [self-0001-1-city] Enemy general index: None
2026-06-02 09:46:41 [self-0001-1-city] Visible enemy tiles: 6
2026-06-02 09:46:41 [self-0001-1-city] Tiles: 27 / 64
2026-06-02 09:46:41 [self-0001-1-city] Map: 19 x 21 Turn: 450
2026-06-02 09:46:41 [self-0001-1-city] Route planned: Target = 142 Mode = strategy city-free reachable tiles = 291 Fallback-Tiles = 293
2026-06-02 09:46:41 [self-0001-1-city] Move #412: 66 -> 85 | Army: 2 | Target-Terrain: 0 | Target: 142 | Half: False
2026-06-02 09:46:42 [self-0001-1-city] My general index: 28
2026-06-02 09:46:42 [self-0001-1-city] Enemy general index: None
2026-06-02 09:46:42 [self-0001-1-city] Visible enemy tiles: 6
2026-06-02 09:46:42 [self-0001-1-city] Tiles: 27 / 64
2026-06-02 09:46:42 [self-0001-1-city] Map: 19 x 21 Turn: 451
2026-06-02 09:46:42 [self-0001-1-city] Route planned: Target = 142 Mode = strategy city-free reachable tiles = 291 Fallback-Tiles = 293
2026-06-02 09:46:42 [self-0001-1-city] Move #413: 84 -> 103 | Army: 2 | Target-Terrain: 0 | Target: 142 | Half: False
2026-06-02 09:46:42 [self-0001-1-city] My general index: 28
2026-06-02 09:46:42 [self-0001-1-city] Enemy general index: None
2026-06-02 09:46:42 [self-0001-1-city] Visible enemy tiles: 6
2026-06-02 09:46:42 [self-0001-1-city] Tiles: 27 / 64
2026-06-02 09:46:42 [self-0001-1-city] Map: 19 x 21 Turn: 452
2026-06-02 09:46:42 [self-0001-1-city] Route planned: Target = 142 Mode = strategy city-free reachable tiles = 291 Fallback-Tiles = 293
2026-06-02 09:46:42 [self-0001-1-city] Move #414: 65 -> 84 | Army: 2 | Target-Terrain: 0 | Target: 142 | Half: False
2026-06-02 09:46:43 [self-0001-1-city] My general index: 28
2026-06-02 09:46:43 [self-0001-1-city] Enemy general index: None
2026-06-02 09:46:43 [self-0001-1-city] Visible enemy tiles: 6
2026-06-02 09:46:43 [self-0001-1-city] Tiles: 27 / 64
2026-06-02 09:46:43 [self-0001-1-city] Map: 19 x 21 Turn: 453
2026-06-02 09:46:43 [self-0001-1-city] Route planned: Target = 142 Mode = strategy city-free reachable tiles = 291 Fallback-Tiles = 293
2026-06-02 09:46:43 [self-0001-1-city] Move #415: 47 -> 66 | Army: 59 | Target-Terrain: 0 | Target: 142 | Half: False
2026-06-02 09:46:43 [self-0001-1-city] My general index: 28
2026-06-02 09:46:43 [self-0001-1-city] Enemy general index: None
2026-06-02 09:46:43 [self-0001-1-city] Visible enemy tiles: 6
2026-06-02 09:46:43 [self-0001-1-city] Tiles: 27 / 64
2026-06-02 09:46:43 [self-0001-1-city] Map: 19 x 21 Turn: 454
2026-06-02 09:46:43 [self-0001-1-city] Route planned: Target = 142 Mode = strategy city-free reachable tiles = 291 Fallback-Tiles = 293
2026-06-02 09:46:43 [self-0001-1-city] Move #416: 86 -> 85 | Army: 3 | Target-Terrain: 0 | Target: 142 | Half: False
2026-06-02 09:46:44 [self-0001-1-city] My general index: 28
2026-06-02 09:46:44 [self-0001-1-city] Enemy general index: None
2026-06-02 09:46:44 [self-0001-1-city] Visible enemy tiles: 6
2026-06-02 09:46:44 [self-0001-1-city] Tiles: 27 / 64
2026-06-02 09:46:44 [self-0001-1-city] Map: 19 x 21 Turn: 455
2026-06-02 09:46:44 [self-0001-1-city] Route planned: Target = 142 Mode = strategy city-free reachable tiles = 291 Fallback-Tiles = 293
2026-06-02 09:46:44 [self-0001-1-city] Move #417: 67 -> 86 | Army: 4 | Target-Terrain: 0 | Target: 142 | Half: False
2026-06-02 09:46:44 [self-0001-1-city] My general index: 28
2026-06-02 09:46:44 [self-0001-1-city] Enemy general index: None
2026-06-02 09:46:44 [self-0001-1-city] Visible enemy tiles: 6
2026-06-02 09:46:44 [self-0001-1-city] Tiles: 27 / 64
2026-06-02 09:46:44 [self-0001-1-city] Map: 19 x 21 Turn: 456
2026-06-02 09:46:44 [self-0001-1-city] Route planned: Target = 142 Mode = strategy city-free reachable tiles = 291 Fallback-Tiles = 293
2026-06-02 09:46:44 [self-0001-1-city] Move #418: 64 -> 83 | Army: 4 | Target-Terrain: 0 | Target: 142 | Half: False
2026-06-02 09:46:45 [self-0001-1-city] My general index: 28
2026-06-02 09:46:45 [self-0001-1-city] Enemy general index: None
2026-06-02 09:46:45 [self-0001-1-city] Visible enemy tiles: 6
2026-06-02 09:46:45 [self-0001-1-city] Tiles: 27 / 64
2026-06-02 09:46:45 [self-0001-1-city] Map: 19 x 21 Turn: 457
2026-06-02 09:46:45 [self-0001-1-city] Route planned: Target = 142 Mode = strategy city-free reachable tiles = 291 Fallback-Tiles = 293
2026-06-02 09:46:45 [self-0001-1-city] Move #419: 46 -> 65 | Army: 3 | Target-Terrain: 0 | Target: 142 | Half: False
2026-06-02 09:46:45 [self-0001-1-city] My general index: 28
2026-06-02 09:46:45 [self-0001-1-city] Enemy general index: None
2026-06-02 09:46:45 [self-0001-1-city] Visible enemy tiles: 5
2026-06-02 09:46:45 [self-0001-1-city] Tiles: 26 / 65
2026-06-02 09:46:45 [self-0001-1-city] Map: 19 x 21 Turn: 458
2026-06-02 09:46:45 [self-0001-1-city] Route planned: Target = 142 Mode = strategy city-free reachable tiles = 291 Fallback-Tiles = 293
2026-06-02 09:46:45 [self-0001-1-city] Move #420: 48 -> 47 | Army: 2 | Target-Terrain: 0 | Target: 142 | Half: False
2026-06-02 09:46:46 [self-0001-1-city] My general index: 28
2026-06-02 09:46:46 [self-0001-1-city] Enemy general index: None
2026-06-02 09:46:46 [self-0001-1-city] Visible enemy tiles: 5
2026-06-02 09:46:46 [self-0001-1-city] Tiles: 26 / 66
2026-06-02 09:46:46 [self-0001-1-city] Map: 19 x 21 Turn: 459
2026-06-02 09:46:46 [self-0001-1-city] Route planned: Target = 142 Mode = strategy city-free reachable tiles = 291 Fallback-Tiles = 293
2026-06-02 09:46:46 [self-0001-1-city] Move #421: 27 -> 46 | Army: 4 | Target-Terrain: 0 | Target: 142 | Half: False
2026-06-02 09:46:46 [self-0001-1-city] My general index: 28
2026-06-02 09:46:46 [self-0001-1-city] Enemy general index: None
2026-06-02 09:46:46 [self-0001-1-city] Visible enemy tiles: 5
2026-06-02 09:46:46 [self-0001-1-city] Tiles: 26 / 67
2026-06-02 09:46:46 [self-0001-1-city] Map: 19 x 21 Turn: 460
2026-06-02 09:46:46 [self-0001-1-city] Route planned: Target = 142 Mode = strategy city-free reachable tiles = 291 Fallback-Tiles = 293
2026-06-02 09:46:46 [self-0001-1-city] Move #422: 85 -> 104 | Army: 5 | Target-Terrain: 0 | Target: 142 | Half: False
2026-06-02 09:46:47 [self-0001-1-city] My general index: 28
2026-06-02 09:46:47 [self-0001-1-city] Enemy general index: None
2026-06-02 09:46:47 [self-0001-1-city] Visible enemy tiles: 5
2026-06-02 09:46:47 [self-0001-1-city] Tiles: 26 / 67
2026-06-02 09:46:47 [self-0001-1-city] Map: 19 x 21 Turn: 461
2026-06-02 09:46:47 [self-0001-1-city] Route planned: Target = 142 Mode = strategy city-free reachable tiles = 291 Fallback-Tiles = 293
2026-06-02 09:46:47 [self-0001-1-city] Move #423: 83 -> 102 | Army: 5 | Target-Terrain: 0 | Target: 142 | Half: False
2026-06-02 09:46:47 [self-0001-1-city] My general index: 28
2026-06-02 09:46:47 [self-0001-1-city] Enemy general index: None
2026-06-02 09:46:47 [self-0001-1-city] Visible enemy tiles: 5
2026-06-02 09:46:47 [self-0001-1-city] Tiles: 26 / 67
2026-06-02 09:46:47 [self-0001-1-city] Map: 19 x 21 Turn: 462
2026-06-02 09:46:47 [self-0001-1-city] Route planned: Target = 142 Mode = strategy city-free reachable tiles = 291 Fallback-Tiles = 293
2026-06-02 09:46:47 [self-0001-1-city] Move #424: 87 -> 86 | Army: 2 | Target-Terrain: 0 | Target: 142 | Half: False
2026-06-02 09:46:48 [self-0001-1-city] My general index: 28
2026-06-02 09:46:48 [self-0001-1-city] Enemy general index: None
2026-06-02 09:46:48 [self-0001-1-city] Visible enemy tiles: 5
2026-06-02 09:46:48 [self-0001-1-city] Tiles: 26 / 67
2026-06-02 09:46:48 [self-0001-1-city] Map: 19 x 21 Turn: 463
2026-06-02 09:46:48 [self-0001-1-city] Route planned: Target = 142 Mode = strategy city-free reachable tiles = 291 Fallback-Tiles = 293
2026-06-02 09:46:48 [self-0001-1-city] Move #425: 28 -> 47 | Army: 65 | Target-Terrain: 0 | Target: 142 | Half: True
2026-06-02 09:46:48 [self-0001-1-city] My general index: 28
2026-06-02 09:46:48 [self-0001-1-city] Enemy general index: None
2026-06-02 09:46:48 [self-0001-1-city] Visible enemy tiles: 5
2026-06-02 09:46:48 [self-0001-1-city] Tiles: 26 / 67
2026-06-02 09:46:48 [self-0001-1-city] Map: 19 x 21 Turn: 464
2026-06-02 09:46:48 [self-0001-1-city] Route planned: Target = 142 Mode = strategy city-free reachable tiles = 291 Fallback-Tiles = 293
2026-06-02 09:46:48 [self-0001-1-city] Move #426: 45 -> 64 | Army: 4 | Target-Terrain: 0 | Target: 142 | Half: False
2026-06-02 09:46:49 [self-0001-1-city] My general index: 28
2026-06-02 09:46:49 [self-0001-1-city] Enemy general index: None
2026-06-02 09:46:49 [self-0001-1-city] Visible enemy tiles: 5
2026-06-02 09:46:49 [self-0001-1-city] Tiles: 26 / 67
2026-06-02 09:46:49 [self-0001-1-city] Map: 19 x 21 Turn: 465
2026-06-02 09:46:49 [self-0001-1-city] Route planned: Target = 142 Mode = strategy city-free reachable tiles = 291 Fallback-Tiles = 293
2026-06-02 09:46:49 [self-0001-1-city] Move #427: 66 -> 85 | Army: 59 | Target-Terrain: 0 | Target: 142 | Half: False
2026-06-02 09:46:49 [self-0001-1-city] My general index: 28
2026-06-02 09:46:49 [self-0001-1-city] Enemy general index: None
2026-06-02 09:46:49 [self-0001-1-city] Visible enemy tiles: 5
2026-06-02 09:46:49 [self-0001-1-city] Tiles: 26 / 67
2026-06-02 09:46:49 [self-0001-1-city] Map: 19 x 21 Turn: 466
2026-06-02 09:46:49 [self-0001-1-city] Route planned: Target = 142 Mode = strategy city-free reachable tiles = 291 Fallback-Tiles = 293
2026-06-02 09:46:49 [self-0001-1-city] Move #428: 84 -> 103 | Army: 2 | Target-Terrain: 0 | Target: 142 | Half: False
2026-06-02 09:46:50 [self-0001-1-city] My general index: 28
2026-06-02 09:46:50 [self-0001-1-city] Enemy general index: None
2026-06-02 09:46:50 [self-0001-1-city] Visible enemy tiles: 5
2026-06-02 09:46:50 [self-0001-1-city] Tiles: 26 / 67
2026-06-02 09:46:50 [self-0001-1-city] Map: 19 x 21 Turn: 467
2026-06-02 09:46:50 [self-0001-1-city] Route planned: Target = 142 Mode = strategy city-free reachable tiles = 291 Fallback-Tiles = 293
2026-06-02 09:46:50 [self-0001-1-city] Move #429: 65 -> 84 | Army: 3 | Target-Terrain: 0 | Target: 142 | Half: False
2026-06-02 09:46:50 [self-0001-1-city] My general index: 28
2026-06-02 09:46:50 [self-0001-1-city] Enemy general index: None
2026-06-02 09:46:50 [self-0001-1-city] Visible enemy tiles: 5
2026-06-02 09:46:50 [self-0001-1-city] Tiles: 26 / 67
2026-06-02 09:46:50 [self-0001-1-city] Map: 19 x 21 Turn: 468
2026-06-02 09:46:50 [self-0001-1-city] Route planned: Target = 142 Mode = strategy city-free reachable tiles = 291 Fallback-Tiles = 293
2026-06-02 09:46:50 [self-0001-1-city] Move #430: 47 -> 66 | Army: 34 | Target-Terrain: 0 | Target: 142 | Half: False
2026-06-02 09:46:51 [self-0001-1-city] My general index: 28
2026-06-02 09:46:51 [self-0001-1-city] Enemy general index: None
2026-06-02 09:46:51 [self-0001-1-city] Visible enemy tiles: 5
2026-06-02 09:46:51 [self-0001-1-city] Tiles: 26 / 67
2026-06-02 09:46:51 [self-0001-1-city] Map: 19 x 21 Turn: 469
2026-06-02 09:46:51 [self-0001-1-city] Route planned: Target = 142 Mode = strategy city-free reachable tiles = 291 Fallback-Tiles = 293
2026-06-02 09:46:51 [self-0001-1-city] Move #431: 86 -> 85 | Army: 5 | Target-Terrain: 0 | Target: 142 | Half: False
2026-06-02 09:46:51 [self-0001-1-city] My general index: 28
2026-06-02 09:46:51 [self-0001-1-city] Enemy general index: None
2026-06-02 09:46:51 [self-0001-1-city] Visible enemy tiles: 5
2026-06-02 09:46:51 [self-0001-1-city] Tiles: 26 / 68
2026-06-02 09:46:51 [self-0001-1-city] Map: 19 x 21 Turn: 470
2026-06-02 09:46:51 [self-0001-1-city] Route planned: Target = 142 Mode = strategy city-free reachable tiles = 291 Fallback-Tiles = 293
2026-06-02 09:46:51 [self-0001-1-city] Move #432: 63 -> 82 | Army: 4 | Target-Terrain: 0 | Target: 142 | Half: False
2026-06-02 09:46:52 [self-0001-1-city] My general index: 28
2026-06-02 09:46:52 [self-0001-1-city] Enemy general index: None
2026-06-02 09:46:52 [self-0001-1-city] Visible enemy tiles: 5
2026-06-02 09:46:52 [self-0001-1-city] Tiles: 26 / 69
2026-06-02 09:46:52 [self-0001-1-city] Map: 19 x 21 Turn: 471
2026-06-02 09:46:52 [self-0001-1-city] Route planned: Target = 142 Mode = strategy city-free reachable tiles = 291 Fallback-Tiles = 293
2026-06-02 09:46:52 [self-0001-1-city] Move #433: 64 -> 83 | Army: 4 | Target-Terrain: 0 | Target: 142 | Half: False
2026-06-02 09:46:52 [self-0001-1-city] My general index: 28
2026-06-02 09:46:52 [self-0001-1-city] Enemy general index: None
2026-06-02 09:46:52 [self-0001-1-city] Visible enemy tiles: 5
2026-06-02 09:46:52 [self-0001-1-city] Tiles: 26 / 70
2026-06-02 09:46:52 [self-0001-1-city] Map: 19 x 21 Turn: 472
2026-06-02 09:46:52 [self-0001-1-city] Route planned: Target = 142 Mode = strategy city-free reachable tiles = 291 Fallback-Tiles = 293
2026-06-02 09:46:52 [self-0001-1-city] Move #434: 46 -> 65 | Army: 4 | Target-Terrain: 0 | Target: 142 | Half: False
2026-06-02 09:46:53 [self-0001-1-city] My general index: 28
2026-06-02 09:46:53 [self-0001-1-city] Enemy general index: None
2026-06-02 09:46:53 [self-0001-1-city] Visible enemy tiles: 5
2026-06-02 09:46:53 [self-0001-1-city] Tiles: 26 / 71
2026-06-02 09:46:53 [self-0001-1-city] Map: 19 x 21 Turn: 473
2026-06-02 09:46:53 [self-0001-1-city] Route planned: Target = 142 Mode = strategy city-free reachable tiles = 291 Fallback-Tiles = 293
2026-06-02 09:46:53 [self-0001-1-city] Move #435: 26 -> 45 | Army: 4 | Target-Terrain: 0 | Target: 142 | Half: False
2026-06-02 09:46:53 [self-0001-1-city] My general index: 28
2026-06-02 09:46:53 [self-0001-1-city] Enemy general index: None
2026-06-02 09:46:53 [self-0001-1-city] Visible enemy tiles: 5
2026-06-02 09:46:53 [self-0001-1-city] Tiles: 26 / 71
2026-06-02 09:46:53 [self-0001-1-city] Map: 19 x 21 Turn: 474
2026-06-02 09:46:53 [self-0001-1-city] Route planned: Target = 142 Mode = strategy city-free reachable tiles = 291 Fallback-Tiles = 293
2026-06-02 09:46:53 [self-0001-1-city] Move #436: 104 -> 123 | Army: 128 | Target-Terrain: 0 | Target: 142 | Half: False
2026-06-02 09:46:54 [self-0001-1-city] My general index: 28
2026-06-02 09:46:54 [self-0001-1-city] Enemy general index: None
2026-06-02 09:46:54 [self-0001-1-city] Visible enemy tiles: 5
2026-06-02 09:46:54 [self-0001-1-city] Tiles: 26 / 72
2026-06-02 09:46:54 [self-0001-1-city] Map: 19 x 21 Turn: 475
2026-06-02 09:46:54 [self-0001-1-city] Route planned: Target = 142 Mode = strategy city-free reachable tiles = 291 Fallback-Tiles = 293
2026-06-02 09:46:54 [self-0001-1-city] Priority agent: flow +6000 base = 74080 final = 80080
2026-06-02 09:46:54 [self-0001-1-city] Move #437: 123 -> 142 | Army: 129 | Target-Terrain: 1 | Target: 142 | Half: False
2026-06-02 09:46:54 [self-0001-1-city] My general index: 28
2026-06-02 09:46:54 [self-0001-1-city] Enemy general index: None
2026-06-02 09:46:54 [self-0001-1-city] Visible enemy tiles: 6
2026-06-02 09:46:54 [self-0001-1-city] Tiles: 27 / 72
2026-06-02 09:46:54 [self-0001-1-city] Map: 19 x 21 Turn: 476
2026-06-02 09:46:54 [self-0001-1-city] Route planned: Target = 161 Mode = strategy city-free reachable tiles = 291 Fallback-Tiles = 293
2026-06-02 09:46:54 [self-0001-1-city] Priority agent: flow +6000 base = 74080 final = 80080
2026-06-02 09:46:54 [self-0001-1-city] Move #438: 142 -> 161 | Army: 125 | Target-Terrain: 1 | Target: 161 | Half: False
2026-06-02 09:46:55 [self-0001-1-city] My general index: 28
2026-06-02 09:46:55 [self-0001-1-city] Enemy general index: None
2026-06-02 09:46:55 [self-0001-1-city] Visible enemy tiles: 7
2026-06-02 09:46:55 [self-0001-1-city] Tiles: 28 / 72
2026-06-02 09:46:55 [self-0001-1-city] Map: 19 x 21 Turn: 477
2026-06-02 09:46:55 [self-0001-1-city] Route planned: Target = 180 Mode = strategy city-free reachable tiles = 291 Fallback-Tiles = 293
2026-06-02 09:46:55 [self-0001-1-city] Priority agent: flow +6000 base = 73780 final = 79780
2026-06-02 09:46:55 [self-0001-1-city] Move #439: 161 -> 180 | Army: 123 | Target-Terrain: 1 | Target: 180 | Half: False
2026-06-02 09:46:55 [self-0001-1-city] My general index: 28
2026-06-02 09:46:55 [self-0001-1-city] Enemy general index: None
2026-06-02 09:46:55 [self-0001-1-city] Visible enemy tiles: 9
2026-06-02 09:46:55 [self-0001-1-city] Tiles: 29 / 72
2026-06-02 09:46:55 [self-0001-1-city] Map: 19 x 21 Turn: 478
2026-06-02 09:46:55 [self-0001-1-city] Route planned: Target = 199 Mode = strategy city-free reachable tiles = 291 Fallback-Tiles = 293
2026-06-02 09:46:55 [self-0001-1-city] Priority agent: flow +6000 base = 74080 final = 80080
2026-06-02 09:46:55 [self-0001-1-city] Move #440: 180 -> 199 | Army: 121 | Target-Terrain: 1 | Target: 199 | Half: False
2026-06-02 09:46:56 [self-0001-1-city] My general index: 28
2026-06-02 09:46:56 [self-0001-1-city] Enemy general index: None
2026-06-02 09:46:56 [self-0001-1-city] Visible enemy tiles: 12
2026-06-02 09:46:56 [self-0001-1-city] Tiles: 29 / 72
2026-06-02 09:46:56 [self-0001-1-city] Map: 19 x 21 Turn: 479
2026-06-02 09:46:56 [self-0001-1-city] Route planned: Target = 198 Mode = strategy city-free reachable tiles = 291 Fallback-Tiles = 293
2026-06-02 09:46:56 [self-0001-1-city] Priority agent: flow +6000 base = 78380 final = 84380
2026-06-02 09:46:56 [self-0001-1-city] Move #441: 199 -> 198 | Army: 119 | Target-Terrain: 1 | Target: 198 | Half: False
2026-06-02 09:46:56 [self-0001-1-city] My general index: 28
2026-06-02 09:46:56 [self-0001-1-city] Enemy general index: None
2026-06-02 09:46:56 [self-0001-1-city] Visible enemy tiles: 15
2026-06-02 09:46:56 [self-0001-1-city] Tiles: 29 / 72
2026-06-02 09:46:56 [self-0001-1-city] Map: 19 x 21 Turn: 480
2026-06-02 09:46:56 [self-0001-1-city] Route planned: Target = 180 Mode = strategy city-free reachable tiles = 291 Fallback-Tiles = 294
2026-06-02 09:46:56 [self-0001-1-city] Priority agent: flow +6000 base = 73740 final = 79740
2026-06-02 09:46:56 [self-0001-1-city] Move #442: 198 -> 179 | Army: 114 | Target-Terrain: 1 | Target: 180 | Half: False
2026-06-02 09:46:57 [self-0001-1-city] My general index: 28
2026-06-02 09:46:57 [self-0001-1-city] Enemy general index: None
2026-06-02 09:46:57 [self-0001-1-city] Visible enemy tiles: 13
2026-06-02 09:46:57 [self-0001-1-city] Tiles: 29 / 72
2026-06-02 09:46:57 [self-0001-1-city] Map: 19 x 21 Turn: 481
2026-06-02 09:46:57 [self-0001-1-city] Route planned: Target = 199 Mode = strategy city-free reachable tiles = 291 Fallback-Tiles = 294
2026-06-02 09:46:57 [self-0001-1-city] Priority agent: flow +6000 base = 73440 final = 79440
2026-06-02 09:46:57 [self-0001-1-city] Move #443: 179 -> 180 | Army: 112 | Target-Terrain: 1 | Target: 199 | Half: False
2026-06-02 09:46:57 [self-0001-1-city] My general index: 28
2026-06-02 09:46:57 [self-0001-1-city] Enemy general index: None
2026-06-02 09:46:57 [self-0001-1-city] Visible enemy tiles: 11
2026-06-02 09:46:57 [self-0001-1-city] Tiles: 29 / 72
2026-06-02 09:46:57 [self-0001-1-city] Map: 19 x 21 Turn: 482
2026-06-02 09:46:57 [self-0001-1-city] Route planned: Target = 199 Mode = strategy city-free reachable tiles = 291 Fallback-Tiles = 293
2026-06-02 09:46:57 [self-0001-1-city] Priority agent: edge reuse -9000, flow +6000 base = 74080 final = 71080
2026-06-02 09:46:57 [self-0001-1-city] Move #444: 180 -> 199 | Army: 110 | Target-Terrain: 1 | Target: 199 | Half: False
2026-06-02 09:46:58 [self-0001-1-city] My general index: 28
2026-06-02 09:46:58 [self-0001-1-city] Enemy general index: None
2026-06-02 09:46:58 [self-0001-1-city] Visible enemy tiles: 13
2026-06-02 09:46:58 [self-0001-1-city] Tiles: 30 / 72
2026-06-02 09:46:58 [self-0001-1-city] Map: 19 x 21 Turn: 483
2026-06-02 09:46:58 [self-0001-1-city] Route planned: Target = 198 Mode = strategy city-free reachable tiles = 291 Fallback-Tiles = 293
2026-06-02 09:46:58 [self-0001-1-city] Priority agent: edge reuse -9000, flow +6000 base = 78080 final = 75080
2026-06-02 09:46:58 [self-0001-1-city] Move #445: 199 -> 198 | Army: 94 | Target-Terrain: 1 | Target: 198 | Half: False
2026-06-02 09:46:58 [self-0001-1-city] My general index: 28
2026-06-02 09:46:58 [self-0001-1-city] Enemy general index: None
2026-06-02 09:46:58 [self-0001-1-city] Visible enemy tiles: 13
2026-06-02 09:46:58 [self-0001-1-city] Tiles: 31 / 71
2026-06-02 09:46:58 [self-0001-1-city] Map: 19 x 21 Turn: 484
2026-06-02 09:46:58 [self-0001-1-city] Reinforcement waypoint: 200 final target = 200 turns until reinforcement = 16
2026-06-02 09:46:58 [self-0001-1-city] Route planned: Target = 200 Mode = reinforcement_waypoint city-free reachable tiles = 291 Fallback-Tiles = 294
2026-06-02 09:46:58 [self-0001-1-city] Priority agent: flow +6000 base = 46610 final = 52610
2026-06-02 09:46:58 [self-0001-1-city] Move #446: 198 -> 217 | Army: 83 | Target-Terrain: 1 | Target: 200 | Half: False
2026-06-02 09:46:59 [self-0001-1-city] My general index: 28
2026-06-02 09:46:59 [self-0001-1-city] Enemy general index: None
2026-06-02 09:46:59 [self-0001-1-city] Visible enemy tiles: 14
2026-06-02 09:46:59 [self-0001-1-city] Tiles: 32 / 71
2026-06-02 09:46:59 [self-0001-1-city] Map: 19 x 21 Turn: 485
2026-06-02 09:46:59 [self-0001-1-city] Reinforcement waypoint: 200 final target = 200 turns until reinforcement = 15
2026-06-02 09:46:59 [self-0001-1-city] Route planned: Target = 200 Mode = reinforcement_waypoint city-free reachable tiles = 291 Fallback-Tiles = 294
2026-06-02 09:46:59 [self-0001-1-city] Priority agent: flow +6000 base = 80094 final = 86094
2026-06-02 09:46:59 [self-0001-1-city] Move #447: 217 -> 218 | Army: 74 | Target-Terrain: 1 | Target: 200 | Half: False
2026-06-02 09:46:59 [self-0001-1-city] My general index: 28
2026-06-02 09:46:59 [self-0001-1-city] Enemy general index: None
2026-06-02 09:46:59 [self-0001-1-city] Visible enemy tiles: 13
2026-06-02 09:46:59 [self-0001-1-city] Tiles: 31 / 72
2026-06-02 09:46:59 [self-0001-1-city] Map: 19 x 21 Turn: 486
2026-06-02 09:46:59 [self-0001-1-city] Reinforcement waypoint: 180 final target = 200 turns until reinforcement = 14
2026-06-02 09:46:59 [self-0001-1-city] Route planned: Target = 180 Mode = reinforcement_waypoint city-free reachable tiles = 291 Fallback-Tiles = 294
2026-06-02 09:46:59 [self-0001-1-city] Move #448: 85 -> 104 | Army: 63 | Target-Terrain: 0 | Target: 180 | Half: False
2026-06-02 09:47:00 [self-0001-1-city] My general index: 28
2026-06-02 09:47:00 [self-0001-1-city] Enemy general index: None
2026-06-02 09:47:00 [self-0001-1-city] Visible enemy tiles: 13
2026-06-02 09:47:00 [self-0001-1-city] Tiles: 30 / 73
2026-06-02 09:47:00 [self-0001-1-city] Map: 19 x 21 Turn: 487
2026-06-02 09:47:00 [self-0001-1-city] Reinforcement waypoint: 179 final target = 198 turns until reinforcement = 13
2026-06-02 09:47:00 [self-0001-1-city] Route planned: Target = 179 Mode = reinforcement_waypoint city-free reachable tiles = 291 Fallback-Tiles = 293
2026-06-02 09:47:00 [self-0001-1-city] Move #449: 66 -> 85 | Army: 34 | Target-Terrain: 0 | Target: 179 | Half: False
2026-06-02 09:47:00 [self-0001-1-city] My general index: 28
2026-06-02 09:47:00 [self-0001-1-city] Enemy general index: None
2026-06-02 09:47:00 [self-0001-1-city] Visible enemy tiles: 11
2026-06-02 09:47:00 [self-0001-1-city] Tiles: 29 / 74
2026-06-02 09:47:00 [self-0001-1-city] Map: 19 x 21 Turn: 488
2026-06-02 09:47:00 [self-0001-1-city] Reinforcement waypoint: 142 final target = 199 turns until reinforcement = 12
2026-06-02 09:47:00 [self-0001-1-city] Route planned: Target = 142 Mode = reinforcement_waypoint city-free reachable tiles = 291 Fallback-Tiles = 293
2026-06-02 09:47:00 [self-0001-1-city] Move #450: 84 -> 103 | Army: 3 | Target-Terrain: 0 | Target: 142 | Half: False
2026-06-02 09:47:01 [self-0001-1-city] My general index: 28
2026-06-02 09:47:01 [self-0001-1-city] Enemy general index: None
2026-06-02 09:47:01 [self-0001-1-city] Visible enemy tiles: 11
2026-06-02 09:47:01 [self-0001-1-city] Tiles: 28 / 75
2026-06-02 09:47:01 [self-0001-1-city] Map: 19 x 21 Turn: 489
2026-06-02 09:47:01 [self-0001-1-city] Route planned: Target = 142 Mode = defense city-free reachable tiles = 291 Fallback-Tiles = 293
2026-06-02 09:47:01 [self-0001-1-city] Priority agent: flow +6000 base = 137176 final = 143176
2026-06-02 09:47:01 [self-0001-1-city] Move #451: 103 -> 104 | Army: 6 | Target-Terrain: 0 | Target: 142 | Half: False
2026-06-02 09:47:01 [self-0001-1-city] My general index: 28
2026-06-02 09:47:01 [self-0001-1-city] Enemy general index: None
2026-06-02 09:47:01 [self-0001-1-city] Visible enemy tiles: 11
2026-06-02 09:47:01 [self-0001-1-city] Tiles: 28 / 76
2026-06-02 09:47:01 [self-0001-1-city] Map: 19 x 21 Turn: 490
2026-06-02 09:47:01 [self-0001-1-city] Route planned: Target = 142 Mode = defense city-free reachable tiles = 291 Fallback-Tiles = 293
2026-06-02 09:47:01 [self-0001-1-city] Priority agent: flow +6000 base = 140328 final = 146328
2026-06-02 09:47:01 [self-0001-1-city] Move #452: 104 -> 123 | Army: 68 | Target-Terrain: 0 | Target: 142 | Half: False
2026-06-02 09:47:02 [self-0001-1-city] My general index: 28
2026-06-02 09:47:02 [self-0001-1-city] Enemy general index: None
2026-06-02 09:47:02 [self-0001-1-city] Visible enemy tiles: 11
2026-06-02 09:47:02 [self-0001-1-city] Tiles: 28 / 77
2026-06-02 09:47:02 [self-0001-1-city] Map: 19 x 21 Turn: 491
2026-06-02 09:47:02 [self-0001-1-city] Route planned: Target = 142 Mode = defense city-free reachable tiles = 291 Fallback-Tiles = 293
2026-06-02 09:47:02 [self-0001-1-city] Priority agent: flow +6000 base = 242818 final = 248818
2026-06-02 09:47:02 [self-0001-1-city] Move #453: 123 -> 142 | Army: 68 | Target-Terrain: 0 | Target: 142 | Half: False
2026-06-02 09:47:02 [self-0001-1-city] My general index: 28
2026-06-02 09:47:02 [self-0001-1-city] Enemy general index: None
2026-06-02 09:47:02 [self-0001-1-city] Visible enemy tiles: 11
2026-06-02 09:47:02 [self-0001-1-city] Tiles: 28 / 78
2026-06-02 09:47:02 [self-0001-1-city] Map: 19 x 21 Turn: 492
2026-06-02 09:47:02 [self-0001-1-city] Reinforcement waypoint: 161 final target = 199 turns until reinforcement = 8
2026-06-02 09:47:02 [self-0001-1-city] Route planned: Target = 161 Mode = reinforcement_waypoint city-free reachable tiles = 291 Fallback-Tiles = 293
2026-06-02 09:47:02 [self-0001-1-city] Priority agent: flow +6000 base = 93068 final = 99068
2026-06-02 09:47:02 [self-0001-1-city] Move #454: 142 -> 161 | Army: 68 | Target-Terrain: 1 | Target: 161 | Half: False
2026-06-02 09:47:03 [self-0001-1-city] My general index: 28
2026-06-02 09:47:03 [self-0001-1-city] Enemy general index: None
2026-06-02 09:47:03 [self-0001-1-city] Visible enemy tiles: 10
2026-06-02 09:47:03 [self-0001-1-city] Tiles: 29 / 78
2026-06-02 09:47:03 [self-0001-1-city] Map: 19 x 21 Turn: 493
2026-06-02 09:47:03 [self-0001-1-city] Route planned: Target = 142 Mode = defense city-free reachable tiles = 291 Fallback-Tiles = 293
2026-06-02 09:47:03 [self-0001-1-city] Priority agent: reverse -35000, edge reuse -9000 base = 227116 final = 183116
2026-06-02 09:47:03 [self-0001-1-city] Move #455: 161 -> 142 | Army: 66 | Target-Terrain: 0 | Target: 142 | Half: False
2026-06-02 09:47:03 [self-0001-1-city] My general index: 28
2026-06-02 09:47:03 [self-0001-1-city] Enemy general index: None
2026-06-02 09:47:03 [self-0001-1-city] Visible enemy tiles: 10
2026-06-02 09:47:03 [self-0001-1-city] Tiles: 29 / 79
2026-06-02 09:47:03 [self-0001-1-city] Map: 19 x 21 Turn: 494
2026-06-02 09:47:03 [self-0001-1-city] Reinforcement waypoint: 161 final target = 199 turns until reinforcement = 6
2026-06-02 09:47:03 [self-0001-1-city] Route planned: Target = 161 Mode = reinforcement_waypoint city-free reachable tiles = 291 Fallback-Tiles = 293
2026-06-02 09:47:03 [self-0001-1-city] Priority agent: flow +6000 base = 58336 final = 64336
2026-06-02 09:47:03 [self-0001-1-city] Move #456: 142 -> 141 | Army: 66 | Target-Terrain: 1 | Target: 161 | Half: False
2026-06-02 09:47:04 [self-0001-1-city] My general index: 28
2026-06-02 09:47:04 [self-0001-1-city] Enemy general index: None
2026-06-02 09:47:04 [self-0001-1-city] Visible enemy tiles: 10
2026-06-02 09:47:04 [self-0001-1-city] Tiles: 29 / 79
2026-06-02 09:47:04 [self-0001-1-city] Map: 19 x 21 Turn: 495
2026-06-02 09:47:04 [self-0001-1-city] Route planned: Target = 123 Mode = defense city-free reachable tiles = 291 Fallback-Tiles = 293
2026-06-02 09:47:04 [self-0001-1-city] Move #457: 122 -> 123 | Army: 2 | Target-Terrain: 0 | Target: 123 | Half: False
2026-06-02 09:47:04 [self-0001-1-city] My general index: 28
2026-06-02 09:47:04 [self-0001-1-city] Enemy general index: None
2026-06-02 09:47:04 [self-0001-1-city] Visible enemy tiles: 10
2026-06-02 09:47:04 [self-0001-1-city] Tiles: 28 / 80
2026-06-02 09:47:04 [self-0001-1-city] Map: 19 x 21 Turn: 496
2026-06-02 09:47:04 [self-0001-1-city] Route planned: Target = 104 Mode = defense city-free reachable tiles = 291 Fallback-Tiles = 293
2026-06-02 09:47:04 [self-0001-1-city] Priority agent: edge reuse -9000 base = 231984 final = 222984
2026-06-02 09:47:04 [self-0001-1-city] Move #458: 85 -> 104 | Army: 34 | Target-Terrain: 0 | Target: 104 | Half: False
2026-06-02 09:47:05 [self-0001-1-city] Coach: stabilize tiles 27/81 army 202/530 cities 0/0 enemy_city_suspect False bias {'expansion_bias': 0.1, 'city_bias': 0.8, 'attack_bias': -0.30000000000000004, 'defense_bias': 1.2, 'route_bias': 0.3}
2026-06-02 09:47:05 [self-0001-1-city] My general index: 28
2026-06-02 09:47:05 [self-0001-1-city] Enemy general index: None
2026-06-02 09:47:05 [self-0001-1-city] Visible enemy tiles: 10
2026-06-02 09:47:05 [self-0001-1-city] Tiles: 27 / 81
2026-06-02 09:47:05 [self-0001-1-city] Map: 19 x 21 Turn: 497
2026-06-02 09:47:05 [self-0001-1-city] Route planned: Target = 85 Mode = defense city-free reachable tiles = 291 Fallback-Tiles = 293
2026-06-02 09:47:05 [self-0001-1-city] Priority agent: reverse -35000, edge reuse -18000 base = 207784 final = 154784
2026-06-02 09:47:05 [self-0001-1-city] Move #459: 104 -> 85 | Army: 34 | Target-Terrain: 0 | Target: 85 | Half: False
2026-06-02 09:47:05 [self-0001-1-city] My general index: 28
2026-06-02 09:47:05 [self-0001-1-city] Enemy general index: None
2026-06-02 09:47:05 [self-0001-1-city] Visible enemy tiles: 11
2026-06-02 09:47:05 [self-0001-1-city] Tiles: 26 / 82
2026-06-02 09:47:05 [self-0001-1-city] Map: 19 x 21 Turn: 498
2026-06-02 09:47:05 [self-0001-1-city] Route planned: Target = 104 Mode = defense city-free reachable tiles = 291 Fallback-Tiles = 293
2026-06-02 09:47:05 [self-0001-1-city] Move #460: 141 -> 122 | Army: 63 | Target-Terrain: 1 | Target: 104 | Half: False
2026-06-02 09:47:06 [self-0001-1-city] My general index: 28
2026-06-02 09:47:06 [self-0001-1-city] Enemy general index: None
2026-06-02 09:47:06 [self-0001-1-city] Visible enemy tiles: 10
2026-06-02 09:47:06 [self-0001-1-city] Tiles: 27 / 81
2026-06-02 09:47:06 [self-0001-1-city] Map: 19 x 21 Turn: 499
2026-06-02 09:47:06 [self-0001-1-city] Route planned: Target = 104 Mode = defense city-free reachable tiles = 291 Fallback-Tiles = 293
2026-06-02 09:47:06 [self-0001-1-city] Priority agent: edge reuse -27000 base = 200584 final = 173584
2026-06-02 09:47:06 [self-0001-1-city] Move #461: 85 -> 104 | Army: 34 | Target-Terrain: 0 | Target: 104 | Half: False
2026-06-02 09:47:06 [self-0001-1-city] My general index: 28
2026-06-02 09:47:06 [self-0001-1-city] Enemy general index: None
2026-06-02 09:47:06 [self-0001-1-city] Visible enemy tiles: 10
2026-06-02 09:47:06 [self-0001-1-city] Tiles: 27 / 82
2026-06-02 09:47:06 [self-0001-1-city] Map: 19 x 21 Turn: 500
2026-06-02 09:47:06 [self-0001-1-city] Route planned: Target = 85 Mode = defense city-free reachable tiles = 291 Fallback-Tiles = 293
2026-06-02 09:47:06 [self-0001-1-city] Move #462: 86 -> 85 | Army: 2 | Target-Terrain: 0 | Target: 85 | Half: False
2026-06-02 09:47:07 [self-0001-1-city] My general index: 28
2026-06-02 09:47:07 [self-0001-1-city] Enemy general index: None
2026-06-02 09:47:07 [self-0001-1-city] Visible enemy tiles: 10
2026-06-02 09:47:07 [self-0001-1-city] Tiles: 27 / 83
2026-06-02 09:47:07 [self-0001-1-city] Map: 19 x 21 Turn: 501
2026-06-02 09:47:07 [self-0001-1-city] Route planned: Target = 85 Mode = defense city-free reachable tiles = 291 Fallback-Tiles = 293
2026-06-02 09:47:07 [self-0001-1-city] Move #463: 84 -> 85 | Army: 2 | Target-Terrain: 0 | Target: 85 | Half: False
2026-06-02 09:47:07 [self-0001-1-city] My general index: 28
2026-06-02 09:47:07 [self-0001-1-city] Enemy general index: None
2026-06-02 09:47:07 [self-0001-1-city] Visible enemy tiles: 10
2026-06-02 09:47:07 [self-0001-1-city] Tiles: 27 / 84
2026-06-02 09:47:07 [self-0001-1-city] Map: 19 x 21 Turn: 502
2026-06-02 09:47:07 [self-0001-1-city] Route planned: Target = 85 Mode = defense city-free reachable tiles = 291 Fallback-Tiles = 293
2026-06-02 09:47:07 [self-0001-1-city] Move #464: 66 -> 85 | Army: 2 | Target-Terrain: 0 | Target: 85 | Half: False
2026-06-02 09:47:08 [self-0001-1-city] My general index: 28
2026-06-02 09:47:08 [self-0001-1-city] Enemy general index: None
2026-06-02 09:47:08 [self-0001-1-city] Visible enemy tiles: 10
2026-06-02 09:47:08 [self-0001-1-city] Tiles: 27 / 85
2026-06-02 09:47:08 [self-0001-1-city] Map: 19 x 21 Turn: 503
2026-06-02 09:47:08 [self-0001-1-city] Route planned: Target = 85 Mode = defense city-free reachable tiles = 291 Fallback-Tiles = 293
2026-06-02 09:47:08 [self-0001-1-city] Priority agent: edge reuse -27000 base = 192685 final = 165685
2026-06-02 09:47:08 [self-0001-1-city] Move #465: 104 -> 85 | Army: 35 | Target-Terrain: 0 | Target: 85 | Half: False
2026-06-02 09:47:08 [self-0001-1-city] My general index: 28
2026-06-02 09:47:08 [self-0001-1-city] Enemy general index: None
2026-06-02 09:47:08 [self-0001-1-city] Visible enemy tiles: 10
2026-06-02 09:47:08 [self-0001-1-city] Tiles: 27 / 86
2026-06-02 09:47:08 [self-0001-1-city] Map: 19 x 21 Turn: 504
2026-06-02 09:47:08 [self-0001-1-city] Route planned: Target = 104 Mode = defense city-free reachable tiles = 291 Fallback-Tiles = 293
2026-06-02 09:47:08 [self-0001-1-city] Move #466: 103 -> 104 | Army: 2 | Target-Terrain: 0 | Target: 104 | Half: False
2026-06-02 09:47:09 [self-0001-1-city] My general index: 28
2026-06-02 09:47:09 [self-0001-1-city] Enemy general index: None
2026-06-02 09:47:09 [self-0001-1-city] Visible enemy tiles: 10
2026-06-02 09:47:09 [self-0001-1-city] Tiles: 27 / 87
2026-06-02 09:47:09 [self-0001-1-city] Map: 19 x 21 Turn: 505
2026-06-02 09:47:09 [self-0001-1-city] Route planned: Target = 104 Mode = defense city-free reachable tiles = 291 Fallback-Tiles = 293
2026-06-02 09:47:09 [self-0001-1-city] Priority agent: edge reuse -36000 base = 200589 final = 164589
2026-06-02 09:47:09 [self-0001-1-city] Move #467: 85 -> 104 | Army: 39 | Target-Terrain: 0 | Target: 104 | Half: False
2026-06-02 09:47:09 [self-0001-1-city] My general index: 28
2026-06-02 09:47:09 [self-0001-1-city] Enemy general index: None
2026-06-02 09:47:09 [self-0001-1-city] Visible enemy tiles: 10
2026-06-02 09:47:09 [self-0001-1-city] Tiles: 27 / 88
2026-06-02 09:47:09 [self-0001-1-city] Map: 19 x 21 Turn: 506
2026-06-02 09:47:09 [self-0001-1-city] Route planned: Target = 85 Mode = defense city-free reachable tiles = 291 Fallback-Tiles = 293
2026-06-02 09:47:09 [self-0001-1-city] Priority agent: edge reuse -9000 base = 172014 final = 163014
2026-06-02 09:47:09 [self-0001-1-city] Move #468: 122 -> 123 | Army: 44 | Target-Terrain: 1 | Target: 85 | Half: False
2026-06-02 09:47:10 [self-0001-1-city] My general index: 28
2026-06-02 09:47:10 [self-0001-1-city] Enemy general index: None
2026-06-02 09:47:10 [self-0001-1-city] Visible enemy tiles: 10
2026-06-02 09:47:10 [self-0001-1-city] Tiles: 28 / 88
2026-06-02 09:47:10 [self-0001-1-city] Map: 19 x 21 Turn: 507
2026-06-02 09:47:10 [self-0001-1-city] Route planned: Target = 85 Mode = defense city-free reachable tiles = 291 Fallback-Tiles = 293
2026-06-02 09:47:10 [self-0001-1-city] Priority agent: edge reuse -45000 base = 192690 final = 147690
2026-06-02 09:47:10 [self-0001-1-city] Move #469: 104 -> 85 | Army: 40 | Target-Terrain: 0 | Target: 85 | Half: False
2026-06-02 09:47:10 [self-0001-1-city] My general index: 28
2026-06-02 09:47:10 [self-0001-1-city] Enemy general index: None
2026-06-02 09:47:10 [self-0001-1-city] Visible enemy tiles: 10
2026-06-02 09:47:10 [self-0001-1-city] Tiles: 28 / 89
2026-06-02 09:47:10 [self-0001-1-city] Map: 19 x 21 Turn: 508
2026-06-02 09:47:10 [self-0001-1-city] Route planned: Target = 104 Mode = defense city-free reachable tiles = 291 Fallback-Tiles = 293
2026-06-02 09:47:10 [self-0001-1-city] Move #470: 123 -> 104 | Army: 41 | Target-Terrain: 0 | Target: 104 | Half: False
2026-06-02 09:47:11 [self-0001-1-city] My general index: 28
2026-06-02 09:47:11 [self-0001-1-city] Enemy general index: None
2026-06-02 09:47:11 [self-0001-1-city] Visible enemy tiles: 10
2026-06-02 09:47:11 [self-0001-1-city] Tiles: 28 / 90
2026-06-02 09:47:11 [self-0001-1-city] Map: 19 x 21 Turn: 509
2026-06-02 09:47:11 [self-0001-1-city] Route planned: Target = 123 Mode = defense city-free reachable tiles = 291 Fallback-Tiles = 293
2026-06-02 09:47:11 [self-0001-1-city] Priority agent: reverse -35000, edge reuse -9000 base = 214391 final = 170391
2026-06-02 09:47:11 [self-0001-1-city] Move #471: 104 -> 123 | Army: 41 | Target-Terrain: 0 | Target: 123 | Half: False
2026-06-02 09:47:11 [self-0001-1-city] My general index: 28
2026-06-02 09:47:11 [self-0001-1-city] Enemy general index: None
2026-06-02 09:47:11 [self-0001-1-city] Visible enemy tiles: 10
2026-06-02 09:47:11 [self-0001-1-city] Tiles: 28 / 91
2026-06-02 09:47:11 [self-0001-1-city] Map: 19 x 21 Turn: 510
2026-06-02 09:47:11 [self-0001-1-city] Route planned: Target = 104 Mode = defense city-free reachable tiles = 291 Fallback-Tiles = 293
2026-06-02 09:47:11 [self-0001-1-city] Priority agent: reverse -35000, edge reuse -18000 base = 203691 final = 150691
2026-06-02 09:47:11 [self-0001-1-city] Move #472: 123 -> 104 | Army: 41 | Target-Terrain: 0 | Target: 104 | Half: False
2026-06-02 09:47:12 [self-0001-1-city] My general index: 28
2026-06-02 09:47:12 [self-0001-1-city] Enemy general index: None
2026-06-02 09:47:12 [self-0001-1-city] Visible enemy tiles: 10
2026-06-02 09:47:12 [self-0001-1-city] Tiles: 28 / 92
2026-06-02 09:47:12 [self-0001-1-city] Map: 19 x 21 Turn: 511
2026-06-02 09:47:12 [self-0001-1-city] Route planned: Target = 123 Mode = defense city-free reachable tiles = 291 Fallback-Tiles = 293
2026-06-02 09:47:12 [self-0001-1-city] Move #473: 140 -> 121 | Army: 3 | Target-Terrain: 0 | Target: 123 | Half: False
2026-06-02 09:47:12 [self-0001-1-city] My general index: 28
2026-06-02 09:47:12 [self-0001-1-city] Enemy general index: None
2026-06-02 09:47:12 [self-0001-1-city] Visible enemy tiles: 10
2026-06-02 09:47:12 [self-0001-1-city] Tiles: 28 / 92
2026-06-02 09:47:12 [self-0001-1-city] Map: 19 x 21 Turn: 512
2026-06-02 09:47:12 [self-0001-1-city] Route planned: Target = 123 Mode = defense city-free reachable tiles = 291 Fallback-Tiles = 293
2026-06-02 09:47:12 [self-0001-1-city] Priority agent: edge reuse -27000 base = 196291 final = 169291
2026-06-02 09:47:12 [self-0001-1-city] Move #474: 104 -> 123 | Army: 41 | Target-Terrain: 0 | Target: 123 | Half: False
2026-06-02 09:47:13 [self-0001-1-city] My general index: 28
2026-06-02 09:47:13 [self-0001-1-city] Enemy general index: None
2026-06-02 09:47:13 [self-0001-1-city] Visible enemy tiles: 10
2026-06-02 09:47:13 [self-0001-1-city] Tiles: 28 / 92
2026-06-02 09:47:13 [self-0001-1-city] Map: 19 x 21 Turn: 513
2026-06-02 09:47:13 [self-0001-1-city] Route planned: Target = 104 Mode = defense city-free reachable tiles = 291 Fallback-Tiles = 293
2026-06-02 09:47:13 [self-0001-1-city] Priority agent: edge reuse -36000 base = 200590 final = 164590
2026-06-02 09:47:13 [self-0001-1-city] Move #475: 85 -> 104 | Army: 40 | Target-Terrain: 0 | Target: 104 | Half: False
2026-06-02 09:47:13 [self-0001-1-city] My general index: 28
2026-06-02 09:47:13 [self-0001-1-city] Enemy general index: None
2026-06-02 09:47:13 [self-0001-1-city] Visible enemy tiles: 10
2026-06-02 09:47:13 [self-0001-1-city] Tiles: 28 / 92
2026-06-02 09:47:13 [self-0001-1-city] Map: 19 x 21 Turn: 514
2026-06-02 09:47:13 [self-0001-1-city] Route planned: Target = 85 Mode = defense city-free reachable tiles = 291 Fallback-Tiles = 293
2026-06-02 09:47:13 [self-0001-1-city] Move #476: 47 -> 66 | Army: 2 | Target-Terrain: 0 | Target: 85 | Half: False
2026-06-02 09:47:14 [self-0001-1-city] My general index: 28
2026-06-02 09:47:14 [self-0001-1-city] Enemy general index: None
2026-06-02 09:47:14 [self-0001-1-city] Visible enemy tiles: 10
2026-06-02 09:47:14 [self-0001-1-city] Tiles: 28 / 92
2026-06-02 09:47:14 [self-0001-1-city] Map: 19 x 21 Turn: 515
2026-06-02 09:47:14 [self-0001-1-city] Route planned: Target = 85 Mode = defense city-free reachable tiles = 291 Fallback-Tiles = 293
2026-06-02 09:47:14 [self-0001-1-city] Priority agent: edge reuse -9000, flow +6000 base = 231052 final = 228052
2026-06-02 09:47:14 [self-0001-1-city] Move #477: 66 -> 85 | Army: 2 | Target-Terrain: 0 | Target: 85 | Half: False
2026-06-02 09:47:14 [self-0001-1-city] My general index: 28
2026-06-02 09:47:14 [self-0001-1-city] Enemy general index: None
2026-06-02 09:47:14 [self-0001-1-city] Visible enemy tiles: 10
2026-06-02 09:47:14 [self-0001-1-city] Tiles: 28 / 92
2026-06-02 09:47:14 [self-0001-1-city] Map: 19 x 21 Turn: 516
2026-06-02 09:47:14 [self-0001-1-city] Route planned: Target = 85 Mode = defense city-free reachable tiles = 291 Fallback-Tiles = 293
2026-06-02 09:47:14 [self-0001-1-city] Priority agent: edge reuse -36000 base = 192690 final = 156690
2026-06-02 09:47:14 [self-0001-1-city] Move #478: 104 -> 85 | Army: 40 | Target-Terrain: 0 | Target: 85 | Half: False
2026-06-02 09:47:15 [self-0001-1-city] My general index: 28
2026-06-02 09:47:15 [self-0001-1-city] Enemy general index: None
2026-06-02 09:47:15 [self-0001-1-city] Visible enemy tiles: 10
2026-06-02 09:47:15 [self-0001-1-city] Tiles: 28 / 92
2026-06-02 09:47:15 [self-0001-1-city] Map: 19 x 21 Turn: 517
2026-06-02 09:47:15 [self-0001-1-city] Route planned: Target = 104 Mode = defense city-free reachable tiles = 291 Fallback-Tiles = 293
2026-06-02 09:47:15 [self-0001-1-city] Priority agent: edge reuse -36000 base = 200591 final = 164591
2026-06-02 09:47:15 [self-0001-1-city] Move #479: 123 -> 104 | Army: 41 | Target-Terrain: 0 | Target: 104 | Half: False
2026-06-02 09:47:15 [self-0001-1-city] My general index: 28
2026-06-02 09:47:15 [self-0001-1-city] Enemy general index: None
2026-06-02 09:47:15 [self-0001-1-city] Visible enemy tiles: 10
2026-06-02 09:47:15 [self-0001-1-city] Tiles: 28 / 92
2026-06-02 09:47:15 [self-0001-1-city] Map: 19 x 21 Turn: 518
2026-06-02 09:47:15 [self-0001-1-city] Route planned: Target = 123 Mode = defense city-free reachable tiles = 291 Fallback-Tiles = 293
2026-06-02 09:47:15 [self-0001-1-city] Move #480: 67 -> 66 | Army: 2 | Target-Terrain: 0 | Target: 123 | Half: False
2026-06-02 09:47:16 [self-0001-1-city] My general index: 28
2026-06-02 09:47:16 [self-0001-1-city] Enemy general index: None
2026-06-02 09:47:16 [self-0001-1-city] Visible enemy tiles: 10
2026-06-02 09:47:16 [self-0001-1-city] Tiles: 28 / 92
2026-06-02 09:47:16 [self-0001-1-city] Map: 19 x 21 Turn: 519
2026-06-02 09:47:16 [self-0001-1-city] Route planned: Target = 123 Mode = defense city-free reachable tiles = 291 Fallback-Tiles = 293
2026-06-02 09:47:16 [self-0001-1-city] Priority agent: edge reuse -45000 base = 196291 final = 151291
2026-06-02 09:47:16 [self-0001-1-city] Move #481: 104 -> 123 | Army: 41 | Target-Terrain: 0 | Target: 123 | Half: False
2026-06-02 09:47:16 [self-0001-1-city] My general index: 28
2026-06-02 09:47:16 [self-0001-1-city] Enemy general index: None
2026-06-02 09:47:16 [self-0001-1-city] Visible enemy tiles: 10
2026-06-02 09:47:16 [self-0001-1-city] Tiles: 28 / 92
2026-06-02 09:47:16 [self-0001-1-city] Map: 19 x 21 Turn: 520
2026-06-02 09:47:16 [self-0001-1-city] Route planned: Target = 104 Mode = defense city-free reachable tiles = 291 Fallback-Tiles = 293
2026-06-02 09:47:16 [self-0001-1-city] Priority agent: edge reuse -27000 base = 200591 final = 173591
2026-06-02 09:47:16 [self-0001-1-city] Move #482: 85 -> 104 | Army: 41 | Target-Terrain: 0 | Target: 104 | Half: False
2026-06-02 09:47:17 [self-0001-1-city] My general index: 28
2026-06-02 09:47:17 [self-0001-1-city] Enemy general index: None
2026-06-02 09:47:17 [self-0001-1-city] Visible enemy tiles: 10
2026-06-02 09:47:17 [self-0001-1-city] Tiles: 28 / 92
2026-06-02 09:47:17 [self-0001-1-city] Map: 19 x 21 Turn: 521
2026-06-02 09:47:17 [self-0001-1-city] Route planned: Target = 85 Mode = defense city-free reachable tiles = 291 Fallback-Tiles = 293
2026-06-02 09:47:17 [self-0001-1-city] Priority agent: edge reuse -9000 base = 231052 final = 222052
2026-06-02 09:47:17 [self-0001-1-city] Move #483: 66 -> 85 | Army: 2 | Target-Terrain: 0 | Target: 85 | Half: False
2026-06-02 09:47:17 [self-0001-1-city] My general index: 28
2026-06-02 09:47:17 [self-0001-1-city] Enemy general index: None
2026-06-02 09:47:17 [self-0001-1-city] Visible enemy tiles: 5
2026-06-02 09:47:17 [self-0001-1-city] Tiles: 27 / 93
2026-06-02 09:47:17 [self-0001-1-city] Map: 19 x 21 Turn: 522
2026-06-02 09:47:17 [self-0001-1-city] Route planned: Target = 85 Mode = defense city-free reachable tiles = 291 Fallback-Tiles = 293
2026-06-02 09:47:17 [self-0001-1-city] Priority agent: edge reuse -27000 base = 192691 final = 165691
2026-06-02 09:47:17 [self-0001-1-city] Move #484: 104 -> 85 | Army: 41 | Target-Terrain: 0 | Target: 85 | Half: False
2026-06-02 09:47:18 [self-0001-1-city] My general index: 28
2026-06-02 09:47:18 [self-0001-1-city] Enemy general index: None
2026-06-02 09:47:18 [self-0001-1-city] Visible enemy tiles: 5
2026-06-02 09:47:18 [self-0001-1-city] Tiles: 27 / 93
2026-06-02 09:47:18 [self-0001-1-city] Map: 19 x 21 Turn: 523
2026-06-02 09:47:18 [self-0001-1-city] Route planned: Target = 104 Mode = defense city-free reachable tiles = 291 Fallback-Tiles = 293
2026-06-02 09:47:18 [self-0001-1-city] Priority agent: edge reuse -45000 base = 200591 final = 155591
2026-06-02 09:47:18 [self-0001-1-city] Move #485: 123 -> 104 | Army: 41 | Target-Terrain: 0 | Target: 104 | Half: False
2026-06-02 09:47:18 [self-0001-1-city] My general index: 28
2026-06-02 09:47:18 [self-0001-1-city] Enemy general index: None
2026-06-02 09:47:18 [self-0001-1-city] Visible enemy tiles: 5
2026-06-02 09:47:18 [self-0001-1-city] Tiles: 27 / 93
2026-06-02 09:47:18 [self-0001-1-city] Map: 19 x 21 Turn: 524
2026-06-02 09:47:18 [self-0001-1-city] Route planned: Target = 123 Mode = defense city-free reachable tiles = 291 Fallback-Tiles = 293
2026-06-02 09:47:18 [self-0001-1-city] Move #486: 141 -> 122 | Army: 2 | Target-Terrain: 0 | Target: 123 | Half: False
2026-06-02 09:47:19 [self-0001-1-city] My general index: 28
2026-06-02 09:47:19 [self-0001-1-city] Enemy general index: None
2026-06-02 09:47:19 [self-0001-1-city] Visible enemy tiles: 5
2026-06-02 09:47:19 [self-0001-1-city] Tiles: 27 / 93
2026-06-02 09:47:19 [self-0001-1-city] Map: 19 x 21 Turn: 525
2026-06-02 09:47:19 [self-0001-1-city] Route planned: Target = 123 Mode = defense city-free reachable tiles = 291 Fallback-Tiles = 293
2026-06-02 09:47:19 [self-0001-1-city] Priority agent: flow +6000 base = 230352 final = 236352
2026-06-02 09:47:19 [self-0001-1-city] Move #487: 122 -> 123 | Army: 2 | Target-Terrain: 0 | Target: 123 | Half: False
2026-06-02 09:47:19 [self-0001-1-city] My general index: 28
2026-06-02 09:47:19 [self-0001-1-city] Enemy general index: None
2026-06-02 09:47:19 [self-0001-1-city] Visible enemy tiles: 5
2026-06-02 09:47:19 [self-0001-1-city] Tiles: 27 / 93
2026-06-02 09:47:19 [self-0001-1-city] Map: 19 x 21 Turn: 526
2026-06-02 09:47:19 [self-0001-1-city] Route planned: Target = 123 Mode = defense city-free reachable tiles = 291 Fallback-Tiles = 293
2026-06-02 09:47:19 [self-0001-1-city] Priority agent: edge reuse -36000 base = 196291 final = 160291
2026-06-02 09:47:19 [self-0001-1-city] Move #488: 104 -> 123 | Army: 41 | Target-Terrain: 0 | Target: 123 | Half: False
2026-06-02 09:47:20 [self-0001-1-city] My general index: 28
2026-06-02 09:47:20 [self-0001-1-city] Enemy general index: None
2026-06-02 09:47:20 [self-0001-1-city] Visible enemy tiles: 5
2026-06-02 09:47:20 [self-0001-1-city] Tiles: 27 / 93
2026-06-02 09:47:20 [self-0001-1-city] Map: 19 x 21 Turn: 527
2026-06-02 09:47:20 [self-0001-1-city] Route planned: Target = 104 Mode = defense city-free reachable tiles = 291 Fallback-Tiles = 293
2026-06-02 09:47:20 [self-0001-1-city] Priority agent: edge reuse -36000 base = 200592 final = 164592
2026-06-02 09:47:20 [self-0001-1-city] Move #489: 85 -> 104 | Army: 42 | Target-Terrain: 0 | Target: 104 | Half: False
2026-06-02 09:47:20 [self-0001-1-city] My general index: 28
2026-06-02 09:47:20 [self-0001-1-city] Enemy general index: None
2026-06-02 09:47:20 [self-0001-1-city] Visible enemy tiles: 5
2026-06-02 09:47:20 [self-0001-1-city] Tiles: 27 / 93
2026-06-02 09:47:20 [self-0001-1-city] Map: 19 x 21 Turn: 528
2026-06-02 09:47:20 [self-0001-1-city] Route planned: Target = 85 Mode = defense city-free reachable tiles = 291 Fallback-Tiles = 293
2026-06-02 09:47:20 [self-0001-1-city] Move #490: 65 -> 84 | Army: 5 | Target-Terrain: 0 | Target: 85 | Half: False
2026-06-02 09:47:21 [self-0001-1-city] My general index: 28
2026-06-02 09:47:21 [self-0001-1-city] Enemy general index: None
2026-06-02 09:47:21 [self-0001-1-city] Visible enemy tiles: 5
2026-06-02 09:47:21 [self-0001-1-city] Tiles: 27 / 93
2026-06-02 09:47:21 [self-0001-1-city] Map: 19 x 21 Turn: 529
2026-06-02 09:47:21 [self-0001-1-city] Route planned: Target = 85 Mode = defense city-free reachable tiles = 291 Fallback-Tiles = 293
2026-06-02 09:47:21 [self-0001-1-city] Priority agent: flow +6000 base = 228955 final = 234955
2026-06-02 09:47:21 [self-0001-1-city] Move #491: 84 -> 85 | Army: 5 | Target-Terrain: 0 | Target: 85 | Half: False
2026-06-02 09:47:21 [self-0001-1-city] My general index: 28
2026-06-02 09:47:21 [self-0001-1-city] Enemy general index: None
2026-06-02 09:47:21 [self-0001-1-city] Visible enemy tiles: 5
2026-06-02 09:47:21 [self-0001-1-city] Tiles: 27 / 93
2026-06-02 09:47:21 [self-0001-1-city] Map: 19 x 21 Turn: 530
2026-06-02 09:47:21 [self-0001-1-city] Route planned: Target = 85 Mode = defense city-free reachable tiles = 291 Fallback-Tiles = 293
2026-06-02 09:47:21 [self-0001-1-city] Priority agent: edge reuse -36000 base = 192692 final = 156692
2026-06-02 09:47:21 [self-0001-1-city] Move #492: 104 -> 85 | Army: 42 | Target-Terrain: 0 | Target: 85 | Half: False
2026-06-02 09:47:22 [self-0001-1-city] My general index: 28
2026-06-02 09:47:22 [self-0001-1-city] Enemy general index: None
2026-06-02 09:47:22 [self-0001-1-city] Visible enemy tiles: 5
2026-06-02 09:47:22 [self-0001-1-city] Tiles: 27 / 93
2026-06-02 09:47:22 [self-0001-1-city] Map: 19 x 21 Turn: 531
2026-06-02 09:47:22 [self-0001-1-city] Route planned: Target = 104 Mode = defense city-free reachable tiles = 291 Fallback-Tiles = 293
2026-06-02 09:47:22 [self-0001-1-city] Priority agent: edge reuse -36000 base = 200592 final = 164592
2026-06-02 09:47:22 [self-0001-1-city] Move #493: 123 -> 104 | Army: 42 | Target-Terrain: 0 | Target: 104 | Half: False
2026-06-02 09:47:22 [self-0001-1-city] My general index: 28
2026-06-02 09:47:22 [self-0001-1-city] Enemy general index: None
2026-06-02 09:47:22 [self-0001-1-city] Visible enemy tiles: 5
2026-06-02 09:47:22 [self-0001-1-city] Tiles: 27 / 93
2026-06-02 09:47:22 [self-0001-1-city] Map: 19 x 21 Turn: 532
2026-06-02 09:47:22 [self-0001-1-city] Route planned: Target = 123 Mode = defense city-free reachable tiles = 291 Fallback-Tiles = 293
2026-06-02 09:47:22 [self-0001-1-city] Move #494: 83 -> 102 | Army: 5 | Target-Terrain: 0 | Target: 123 | Half: False
2026-06-02 09:47:23 [self-0001-1-city] My general index: 28
2026-06-02 09:47:23 [self-0001-1-city] Enemy general index: None
2026-06-02 09:47:23 [self-0001-1-city] Visible enemy tiles: 5
2026-06-02 09:47:23 [self-0001-1-city] Tiles: 27 / 93
2026-06-02 09:47:23 [self-0001-1-city] Map: 19 x 21 Turn: 533
2026-06-02 09:47:23 [self-0001-1-city] Route planned: Target = 123 Mode = defense city-free reachable tiles = 291 Fallback-Tiles = 293
2026-06-02 09:47:23 [self-0001-1-city] Priority agent: edge reuse -36000 base = 196292 final = 160292
2026-06-02 09:47:23 [self-0001-1-city] Move #495: 104 -> 123 | Army: 42 | Target-Terrain: 0 | Target: 123 | Half: False
2026-06-02 09:47:23 [self-0001-1-city] My general index: 28
2026-06-02 09:47:23 [self-0001-1-city] Enemy general index: None
2026-06-02 09:47:23 [self-0001-1-city] Visible enemy tiles: 5
2026-06-02 09:47:23 [self-0001-1-city] Tiles: 27 / 93
2026-06-02 09:47:23 [self-0001-1-city] Map: 19 x 21 Turn: 534
2026-06-02 09:47:23 [self-0001-1-city] Route planned: Target = 104 Mode = defense city-free reachable tiles = 291 Fallback-Tiles = 293
2026-06-02 09:47:23 [self-0001-1-city] Priority agent: edge reuse -36000 base = 200596 final = 164596
2026-06-02 09:47:23 [self-0001-1-city] Move #496: 85 -> 104 | Army: 46 | Target-Terrain: 0 | Target: 104 | Half: False
2026-06-02 09:47:24 [self-0001-1-city] My general index: 28
2026-06-02 09:47:24 [self-0001-1-city] Enemy general index: None
2026-06-02 09:47:24 [self-0001-1-city] Visible enemy tiles: 5
2026-06-02 09:47:24 [self-0001-1-city] Tiles: 27 / 93
2026-06-02 09:47:24 [self-0001-1-city] Map: 19 x 21 Turn: 535
2026-06-02 09:47:24 [self-0001-1-city] Route planned: Target = 85 Mode = defense city-free reachable tiles = 291 Fallback-Tiles = 293
2026-06-02 09:47:24 [self-0001-1-city] Move #497: 87 -> 86 | Army: 2 | Target-Terrain: 0 | Target: 85 | Half: False
2026-06-02 09:47:24 [self-0001-1-city] My general index: 28
2026-06-02 09:47:24 [self-0001-1-city] Enemy general index: None
2026-06-02 09:47:24 [self-0001-1-city] Visible enemy tiles: 5
2026-06-02 09:47:24 [self-0001-1-city] Tiles: 27 / 93
2026-06-02 09:47:24 [self-0001-1-city] Map: 19 x 21 Turn: 536
2026-06-02 09:47:24 [self-0001-1-city] Route planned: Target = 85 Mode = defense city-free reachable tiles = 291 Fallback-Tiles = 293
2026-06-02 09:47:24 [self-0001-1-city] Priority agent: flow +6000 base = 231052 final = 237052
2026-06-02 09:47:24 [self-0001-1-city] Move #498: 86 -> 85 | Army: 2 | Target-Terrain: 0 | Target: 85 | Half: False
2026-06-02 09:47:25 [self-0001-1-city] My general index: 28
2026-06-02 09:47:25 [self-0001-1-city] Enemy general index: None
2026-06-02 09:47:25 [self-0001-1-city] Visible enemy tiles: 5
2026-06-02 09:47:25 [self-0001-1-city] Tiles: 27 / 93
2026-06-02 09:47:25 [self-0001-1-city] Map: 19 x 21 Turn: 537
2026-06-02 09:47:25 [self-0001-1-city] Route planned: Target = 85 Mode = defense city-free reachable tiles = 291 Fallback-Tiles = 293
2026-06-02 09:47:25 [self-0001-1-city] Priority agent: edge reuse -27000 base = 192696 final = 165696
2026-06-02 09:47:25 [self-0001-1-city] Move #499: 104 -> 85 | Army: 46 | Target-Terrain: 0 | Target: 85 | Half: False
2026-06-02 09:47:25 [self-0001-1-city] My general index: 28
2026-06-02 09:47:25 [self-0001-1-city] Enemy general index: None
2026-06-02 09:47:25 [self-0001-1-city] Visible enemy tiles: 5
2026-06-02 09:47:25 [self-0001-1-city] Tiles: 27 / 93
2026-06-02 09:47:25 [self-0001-1-city] Map: 19 x 21 Turn: 538
2026-06-02 09:47:25 [self-0001-1-city] Route planned: Target = 104 Mode = defense city-free reachable tiles = 291 Fallback-Tiles = 293
2026-06-02 09:47:25 [self-0001-1-city] Priority agent: edge reuse -27000 base = 200592 final = 173592
2026-06-02 09:47:25 [self-0001-1-city] Move #500: 123 -> 104 | Army: 42 | Target-Terrain: 0 | Target: 104 | Half: False
2026-06-02 09:47:26 [self-0001-1-city] My general index: 28
2026-06-02 09:47:26 [self-0001-1-city] Enemy general index: None
2026-06-02 09:47:26 [self-0001-1-city] Visible enemy tiles: 5
2026-06-02 09:47:26 [self-0001-1-city] Tiles: 27 / 93
2026-06-02 09:47:26 [self-0001-1-city] Map: 19 x 21 Turn: 539
2026-06-02 09:47:26 [self-0001-1-city] Route planned: Target = 123 Mode = defense city-free reachable tiles = 291 Fallback-Tiles = 293
2026-06-02 09:47:26 [self-0001-1-city] Move #501: 28 -> 47 | Army: 72 | Target-Terrain: 0 | Target: 123 | Half: True
2026-06-02 09:47:26 [self-0001-1-city] My general index: 28
2026-06-02 09:47:26 [self-0001-1-city] Enemy general index: None
2026-06-02 09:47:26 [self-0001-1-city] Visible enemy tiles: 5
2026-06-02 09:47:26 [self-0001-1-city] Tiles: 27 / 94
2026-06-02 09:47:26 [self-0001-1-city] Map: 19 x 21 Turn: 540
2026-06-02 09:47:26 [self-0001-1-city] Route planned: Target = 123 Mode = defense city-free reachable tiles = 291 Fallback-Tiles = 293
2026-06-02 09:47:26 [self-0001-1-city] Priority agent: edge reuse -36000 base = 196292 final = 160292
2026-06-02 09:47:26 [self-0001-1-city] Move #502: 104 -> 123 | Army: 42 | Target-Terrain: 0 | Target: 123 | Half: False
2026-06-02 09:47:27 [self-0001-1-city] My general index: 28
2026-06-02 09:47:27 [self-0001-1-city] Enemy general index: None
2026-06-02 09:47:27 [self-0001-1-city] Visible enemy tiles: 5
2026-06-02 09:47:27 [self-0001-1-city] Tiles: 27 / 94
2026-06-02 09:47:27 [self-0001-1-city] Map: 19 x 21 Turn: 541
2026-06-02 09:47:27 [self-0001-1-city] Route planned: Target = 104 Mode = defense city-free reachable tiles = 291 Fallback-Tiles = 293
2026-06-02 09:47:27 [self-0001-1-city] Priority agent: edge reuse -36000 base = 200597 final = 164597
2026-06-02 09:47:27 [self-0001-1-city] Move #503: 85 -> 104 | Army: 47 | Target-Terrain: 0 | Target: 104 | Half: False
2026-06-02 09:47:27 [self-0001-1-city] My general index: 28
2026-06-02 09:47:27 [self-0001-1-city] Enemy general index: None
2026-06-02 09:47:27 [self-0001-1-city] Visible enemy tiles: 5
2026-06-02 09:47:27 [self-0001-1-city] Tiles: 27 / 94
2026-06-02 09:47:27 [self-0001-1-city] Map: 19 x 21 Turn: 542
2026-06-02 09:47:27 [self-0001-1-city] Route planned: Target = 85 Mode = defense city-free reachable tiles = 291 Fallback-Tiles = 293
2026-06-02 09:47:27 [self-0001-1-city] Move #504: 47 -> 66 | Army: 37 | Target-Terrain: 0 | Target: 85 | Half: False
2026-06-02 09:47:28 [self-0001-1-city] My general index: 28
2026-06-02 09:47:28 [self-0001-1-city] Enemy general index: None
2026-06-02 09:47:28 [self-0001-1-city] Visible enemy tiles: 5
2026-06-02 09:47:28 [self-0001-1-city] Tiles: 27 / 94
2026-06-02 09:47:28 [self-0001-1-city] Map: 19 x 21 Turn: 543
2026-06-02 09:47:28 [self-0001-1-city] Route planned: Target = 85 Mode = defense city-free reachable tiles = 291 Fallback-Tiles = 293
2026-06-02 09:47:28 [self-0001-1-city] Priority agent: flow +6000 base = 235087 final = 241087
2026-06-02 09:47:28 [self-0001-1-city] Move #505: 66 -> 85 | Army: 37 | Target-Terrain: 0 | Target: 85 | Half: False
2026-06-02 09:47:28 [self-0001-1-city] My general index: 28
2026-06-02 09:47:28 [self-0001-1-city] Enemy general index: None
2026-06-02 09:47:28 [self-0001-1-city] Visible enemy tiles: 5
2026-06-02 09:47:28 [self-0001-1-city] Tiles: 27 / 94
2026-06-02 09:47:28 [self-0001-1-city] Map: 19 x 21 Turn: 544
2026-06-02 09:47:28 [self-0001-1-city] Route planned: Target = 142 Mode = defense city-free reachable tiles = 291 Fallback-Tiles = 293
2026-06-02 09:47:28 [self-0001-1-city] Move #506: 123 -> 142 | Army: 42 | Target-Terrain: 1 | Target: 142 | Half: False
2026-06-02 09:47:29 [self-0001-1-city] My general index: 28
2026-06-02 09:47:29 [self-0001-1-city] Enemy general index: None
2026-06-02 09:47:29 [self-0001-1-city] Visible enemy tiles: 5
2026-06-02 09:47:29 [self-0001-1-city] Tiles: 28 / 93
2026-06-02 09:47:29 [self-0001-1-city] Map: 19 x 21 Turn: 545
2026-06-02 09:47:29 [self-0001-1-city] Route planned: Target = 123 Mode = defense city-free reachable tiles = 291 Fallback-Tiles = 293
2026-06-02 09:47:29 [self-0001-1-city] Priority agent: reverse -35000, edge reuse -9000 base = 218689 final = 174689
2026-06-02 09:47:29 [self-0001-1-city] Move #507: 142 -> 123 | Army: 39 | Target-Terrain: 0 | Target: 123 | Half: False
2026-06-02 09:47:29 [self-0001-1-city] My general index: 28
2026-06-02 09:47:29 [self-0001-1-city] Enemy general index: None
2026-06-02 09:47:29 [self-0001-1-city] Visible enemy tiles: 5
2026-06-02 09:47:29 [self-0001-1-city] Tiles: 28 / 94
2026-06-02 09:47:29 [self-0001-1-city] Map: 19 x 21 Turn: 546
2026-06-02 09:47:29 [self-0001-1-city] Route planned: Target = 142 Mode = defense city-free reachable tiles = 291 Fallback-Tiles = 293
2026-06-02 09:47:29 [self-0001-1-city] Priority agent: reverse -35000, edge reuse -18000 base = 211389 final = 158389
2026-06-02 09:47:29 [self-0001-1-city] Move #508: 123 -> 142 | Army: 39 | Target-Terrain: 0 | Target: 142 | Half: False
2026-06-02 09:47:30 [self-0001-1-city] Coach: stabilize tiles 28/94 army 228/686 cities 0/0 enemy_city_suspect False bias {'expansion_bias': 0.1, 'city_bias': 0.8, 'attack_bias': -0.30000000000000004, 'defense_bias': 1.2, 'route_bias': 0.3}
2026-06-02 09:47:30 [self-0001-1-city] My general index: 28
2026-06-02 09:47:30 [self-0001-1-city] Enemy general index: None
2026-06-02 09:47:30 [self-0001-1-city] Visible enemy tiles: 5
2026-06-02 09:47:30 [self-0001-1-city] Tiles: 28 / 94
2026-06-02 09:47:30 [self-0001-1-city] Map: 19 x 21 Turn: 547
2026-06-02 09:47:30 [self-0001-1-city] Route planned: Target = 123 Mode = defense city-free reachable tiles = 291 Fallback-Tiles = 293
2026-06-02 09:47:30 [self-0001-1-city] Priority agent: edge reuse -27000 base = 216297 final = 189297
2026-06-02 09:47:30 [self-0001-1-city] Move #509: 104 -> 123 | Army: 47 | Target-Terrain: 0 | Target: 123 | Half: False
2026-06-02 09:47:30 [self-0001-1-city] My general index: 28
2026-06-02 09:47:30 [self-0001-1-city] Enemy general index: None
2026-06-02 09:47:30 [self-0001-1-city] Visible enemy tiles: 5
2026-06-02 09:47:30 [self-0001-1-city] Tiles: 28 / 94
2026-06-02 09:47:30 [self-0001-1-city] Map: 19 x 21 Turn: 548
2026-06-02 09:47:30 [self-0001-1-city] Route planned: Target = 104 Mode = defense city-free reachable tiles = 291 Fallback-Tiles = 293
2026-06-02 09:47:30 [self-0001-1-city] Priority agent: edge reuse -27000 base = 220587 final = 193587
2026-06-02 09:47:30 [self-0001-1-city] Move #510: 85 -> 104 | Army: 37 | Target-Terrain: 0 | Target: 104 | Half: False
2026-06-02 09:47:31 [self-0001-1-city] My general index: 28
2026-06-02 09:47:31 [self-0001-1-city] Enemy general index: None
2026-06-02 09:47:31 [self-0001-1-city] Visible enemy tiles: 5
2026-06-02 09:47:31 [self-0001-1-city] Tiles: 28 / 94
2026-06-02 09:47:31 [self-0001-1-city] Map: 19 x 21 Turn: 549
2026-06-02 09:47:31 [self-0001-1-city] Route planned: Target = 85 Mode = defense city-free reachable tiles = 291 Fallback-Tiles = 293
2026-06-02 09:47:31 [self-0001-1-city] Move #511: 46 -> 65 | Army: 2 | Target-Terrain: 0 | Target: 85 | Half: False
2026-06-02 09:47:31 [self-0001-1-city] My general index: 28
2026-06-02 09:47:31 [self-0001-1-city] Enemy general index: None
2026-06-02 09:47:31 [self-0001-1-city] Visible enemy tiles: 5
2026-06-02 09:47:31 [self-0001-1-city] Tiles: 28 / 94
2026-06-02 09:47:31 [self-0001-1-city] Map: 19 x 21 Turn: 550
2026-06-02 09:47:31 [self-0001-1-city] Route planned: Target = 85 Mode = defense city-free reachable tiles = 291 Fallback-Tiles = 293
2026-06-02 09:47:31 [self-0001-1-city] Move #512: 84 -> 85 | Army: 2 | Target-Terrain: 0 | Target: 85 | Half: False
2026-06-02 09:47:32 [self-0001-1-city] My general index: 28
2026-06-02 09:47:32 [self-0001-1-city] Enemy general index: None
2026-06-02 09:47:32 [self-0001-1-city] Visible enemy tiles: 5
2026-06-02 09:47:32 [self-0001-1-city] Tiles: 28 / 95
2026-06-02 09:47:32 [self-0001-1-city] Map: 19 x 21 Turn: 551
2026-06-02 09:47:32 [self-0001-1-city] Route planned: Target = 85 Mode = defense city-free reachable tiles = 291 Fallback-Tiles = 293
2026-06-02 09:47:32 [self-0001-1-city] Move #513: 86 -> 85 | Army: 2 | Target-Terrain: 0 | Target: 85 | Half: False
2026-06-02 09:47:32 [self-0001-1-city] My general index: 28
2026-06-02 09:47:32 [self-0001-1-city] Enemy general index: None
2026-06-02 09:47:32 [self-0001-1-city] Visible enemy tiles: 5
2026-06-02 09:47:32 [self-0001-1-city] Tiles: 28 / 96
2026-06-02 09:47:32 [self-0001-1-city] Map: 19 x 21 Turn: 552
2026-06-02 09:47:32 [self-0001-1-city] Route planned: Target = 85 Mode = defense city-free reachable tiles = 291 Fallback-Tiles = 293
2026-06-02 09:47:32 [self-0001-1-city] Priority agent: edge reuse -9000 base = 231052 final = 222052
2026-06-02 09:47:32 [self-0001-1-city] Move #514: 66 -> 85 | Army: 2 | Target-Terrain: 0 | Target: 85 | Half: False
2026-06-02 09:47:33 [self-0001-1-city] My general index: 28
2026-06-02 09:47:33 [self-0001-1-city] Enemy general index: None
2026-06-02 09:47:33 [self-0001-1-city] Visible enemy tiles: 5
2026-06-02 09:47:33 [self-0001-1-city] Tiles: 28 / 97
2026-06-02 09:47:33 [self-0001-1-city] Map: 19 x 21 Turn: 553
2026-06-02 09:47:33 [self-0001-1-city] Route planned: Target = 85 Mode = defense city-free reachable tiles = 291 Fallback-Tiles = 293
2026-06-02 09:47:33 [self-0001-1-city] Priority agent: edge reuse -18000 base = 192688 final = 174688
2026-06-02 09:47:33 [self-0001-1-city] Move #515: 104 -> 85 | Army: 38 | Target-Terrain: 0 | Target: 85 | Half: False
2026-06-02 09:47:33 [self-0001-1-city] My general index: 28
2026-06-02 09:47:33 [self-0001-1-city] Enemy general index: None
2026-06-02 09:47:33 [self-0001-1-city] Visible enemy tiles: 5
2026-06-02 09:47:33 [self-0001-1-city] Tiles: 28 / 98
2026-06-02 09:47:33 [self-0001-1-city] Map: 19 x 21 Turn: 554
2026-06-02 09:47:33 [self-0001-1-city] Route planned: Target = 104 Mode = defense city-free reachable tiles = 291 Fallback-Tiles = 293
2026-06-02 09:47:33 [self-0001-1-city] Move #516: 103 -> 104 | Army: 2 | Target-Terrain: 0 | Target: 104 | Half: False
2026-06-02 09:47:34 [self-0001-1-city] My general index: 28
2026-06-02 09:47:34 [self-0001-1-city] Enemy general index: None
2026-06-02 09:47:34 [self-0001-1-city] Visible enemy tiles: 5
2026-06-02 09:47:34 [self-0001-1-city] Tiles: 28 / 99
2026-06-02 09:47:34 [self-0001-1-city] Map: 19 x 21 Turn: 555
2026-06-02 09:47:34 [self-0001-1-city] Route planned: Target = 104 Mode = defense city-free reachable tiles = 291 Fallback-Tiles = 293
2026-06-02 09:47:34 [self-0001-1-city] Priority agent: edge reuse -9000 base = 215598 final = 206598
2026-06-02 09:47:34 [self-0001-1-city] Move #517: 123 -> 104 | Army: 48 | Target-Terrain: 0 | Target: 104 | Half: False
2026-06-02 09:47:34 [self-0001-1-city] My general index: 28
2026-06-02 09:47:34 [self-0001-1-city] Enemy general index: None
2026-06-02 09:47:34 [self-0001-1-city] Visible enemy tiles: 5
2026-06-02 09:47:34 [self-0001-1-city] Tiles: 28 / 100
2026-06-02 09:47:34 [self-0001-1-city] Map: 19 x 21 Turn: 556
2026-06-02 09:47:34 [self-0001-1-city] Route planned: Target = 123 Mode = defense city-free reachable tiles = 291 Fallback-Tiles = 293
2026-06-02 09:47:34 [self-0001-1-city] Move #518: 122 -> 123 | Army: 2 | Target-Terrain: 0 | Target: 123 | Half: False
2026-06-02 09:47:35 [self-0001-1-city] My general index: 28
2026-06-02 09:47:35 [self-0001-1-city] Enemy general index: None
2026-06-02 09:47:35 [self-0001-1-city] Visible enemy tiles: 5
2026-06-02 09:47:35 [self-0001-1-city] Tiles: 28 / 101
2026-06-02 09:47:35 [self-0001-1-city] Map: 19 x 21 Turn: 557
2026-06-02 09:47:35 [self-0001-1-city] Route planned: Target = 199 Mode = defense city-free reachable tiles = 291 Fallback-Tiles = 293
2026-06-02 09:47:35 [self-0001-1-city] Move #519: 142 -> 161 | Army: 40 | Target-Terrain: 1 | Target: 199 | Half: False
2026-06-02 09:47:35 [self-0001-1-city] My general index: 28
2026-06-02 09:47:35 [self-0001-1-city] Enemy general index: None
2026-06-02 09:47:35 [self-0001-1-city] Visible enemy tiles: 6
2026-06-02 09:47:35 [self-0001-1-city] Tiles: 29 / 100
2026-06-02 09:47:35 [self-0001-1-city] Map: 19 x 21 Turn: 558
2026-06-02 09:47:35 [self-0001-1-city] Route planned: Target = 199 Mode = defense city-free reachable tiles = 291 Fallback-Tiles = 293
2026-06-02 09:47:35 [self-0001-1-city] Priority agent: flow +6000 base = 45966 final = 51966
2026-06-02 09:47:35 [self-0001-1-city] Move #520: 161 -> 160 | Army: 36 | Target-Terrain: 1 | Target: 199 | Half: False
2026-06-02 09:47:36 [self-0001-1-city] My general index: 28
2026-06-02 09:47:36 [self-0001-1-city] Enemy general index: None
2026-06-02 09:47:36 [self-0001-1-city] Visible enemy tiles: 7
2026-06-02 09:47:36 [self-0001-1-city] Tiles: 29 / 100
2026-06-02 09:47:36 [self-0001-1-city] Map: 19 x 21 Turn: 559
2026-06-02 09:47:36 [self-0001-1-city] Route planned: Target = 180 Mode = strategy city-free reachable tiles = 291 Fallback-Tiles = 293
2026-06-02 09:47:36 [self-0001-1-city] Priority agent: flow +6000 base = 73692 final = 79692
2026-06-02 09:47:36 [self-0001-1-city] Move #521: 160 -> 179 | Army: 32 | Target-Terrain: 1 | Target: 180 | Half: False
2026-06-02 09:47:36 [self-0001-1-city] My general index: 28
2026-06-02 09:47:36 [self-0001-1-city] Enemy general index: None
2026-06-02 09:47:36 [self-0001-1-city] Visible enemy tiles: 9
2026-06-02 09:47:36 [self-0001-1-city] Tiles: 29 / 100
2026-06-02 09:47:36 [self-0001-1-city] Map: 19 x 21 Turn: 560
2026-06-02 09:47:36 [self-0001-1-city] Route planned: Target = 199 Mode = strategy city-free reachable tiles = 291 Fallback-Tiles = 293
2026-06-02 09:47:36 [self-0001-1-city] Priority agent: flow +6000 base = 46259 final = 52259
2026-06-02 09:47:36 [self-0001-1-city] Move #522: 179 -> 178 | Army: 29 | Target-Terrain: 1 | Target: 199 | Half: False
2026-06-02 09:47:37 [self-0001-1-city] My general index: 28
2026-06-02 09:47:37 [self-0001-1-city] Enemy general index: None
2026-06-02 09:47:37 [self-0001-1-city] Visible enemy tiles: 7
2026-06-02 09:47:37 [self-0001-1-city] Tiles: 28 / 101
2026-06-02 09:47:37 [self-0001-1-city] Map: 19 x 21 Turn: 561
2026-06-02 09:47:37 [self-0001-1-city] Route planned: Target = 199 Mode = strategy city-free reachable tiles = 291 Fallback-Tiles = 293
2026-06-02 09:47:37 [self-0001-1-city] Move #523: 65 -> 84 | Army: 3 | Target-Terrain: 0 | Target: 199 | Half: False
2026-06-02 09:47:37 [self-0001-1-city] My general index: 28
2026-06-02 09:47:37 [self-0001-1-city] Enemy general index: None
2026-06-02 09:47:37 [self-0001-1-city] Visible enemy tiles: 5
2026-06-02 09:47:37 [self-0001-1-city] Tiles: 27 / 102
2026-06-02 09:47:37 [self-0001-1-city] Map: 19 x 21 Turn: 562
2026-06-02 09:47:37 [self-0001-1-city] Route planned: Target = 199 Mode = strategy city-free reachable tiles = 291 Fallback-Tiles = 293
2026-06-02 09:47:37 [self-0001-1-city] Move #524: 47 -> 66 | Army: 2 | Target-Terrain: 0 | Target: 199 | Half: False
2026-06-02 09:47:38 [self-0001-1-city] My general index: 28
2026-06-02 09:47:38 [self-0001-1-city] Enemy general index: None
2026-06-02 09:47:38 [self-0001-1-city] Visible enemy tiles: 5
2026-06-02 09:47:38 [self-0001-1-city] Tiles: 26 / 103
2026-06-02 09:47:38 [self-0001-1-city] Map: 19 x 21 Turn: 563
2026-06-02 09:47:38 [self-0001-1-city] Route planned: Target = 103 Mode = defense city-free reachable tiles = 291 Fallback-Tiles = 293
2026-06-02 09:47:38 [self-0001-1-city] Move #525: 84 -> 103 | Army: 3 | Target-Terrain: 0 | Target: 103 | Half: False
2026-06-02 09:47:38 [self-0001-1-city] My general index: 28
2026-06-02 09:47:38 [self-0001-1-city] Enemy general index: None
2026-06-02 09:47:38 [self-0001-1-city] Visible enemy tiles: 6
2026-06-02 09:47:38 [self-0001-1-city] Tiles: 25 / 104
2026-06-02 09:47:38 [self-0001-1-city] Map: 19 x 21 Turn: 564
2026-06-02 09:47:38 [self-0001-1-city] Route planned: Target = 84 Mode = defense city-free reachable tiles = 291 Fallback-Tiles = 293
2026-06-02 09:47:38 [self-0001-1-city] Move #526: 83 -> 84 | Army: 2 | Target-Terrain: 0 | Target: 84 | Half: False
2026-06-02 09:47:39 [self-0001-1-city] My general index: 28
2026-06-02 09:47:39 [self-0001-1-city] Enemy general index: None
2026-06-02 09:47:39 [self-0001-1-city] Visible enemy tiles: 5
2026-06-02 09:47:39 [self-0001-1-city] Tiles: 24 / 105
2026-06-02 09:47:39 [self-0001-1-city] Map: 19 x 21 Turn: 565
2026-06-02 09:47:39 [self-0001-1-city] Route planned: Target = 84 Mode = defense city-free reachable tiles = 291 Fallback-Tiles = 293
2026-06-02 09:47:39 [self-0001-1-city] Move #527: 85 -> 84 | Army: 42 | Target-Terrain: 0 | Target: 84 | Half: False
2026-06-02 09:47:39 [self-0001-1-city] My general index: 28
2026-06-02 09:47:39 [self-0001-1-city] Enemy general index: None
2026-06-02 09:47:39 [self-0001-1-city] Visible enemy tiles: 5
2026-06-02 09:47:39 [self-0001-1-city] Tiles: 24 / 106
2026-06-02 09:47:39 [self-0001-1-city] Map: 19 x 21 Turn: 566
2026-06-02 09:47:39 [self-0001-1-city] Route planned: Target = 103 Mode = defense city-free reachable tiles = 291 Fallback-Tiles = 293
2026-06-02 09:47:39 [self-0001-1-city] Priority agent: edge reuse -9000, flow +6000 base = 249493 final = 246493
2026-06-02 09:47:39 [self-0001-1-city] Move #528: 84 -> 103 | Army: 43 | Target-Terrain: 0 | Target: 103 | Half: False
2026-06-02 09:47:40 [self-0001-1-city] My general index: 28
2026-06-02 09:47:40 [self-0001-1-city] Enemy general index: None
2026-06-02 09:47:40 [self-0001-1-city] Visible enemy tiles: 5
2026-06-02 09:47:40 [self-0001-1-city] Tiles: 24 / 107
2026-06-02 09:47:40 [self-0001-1-city] Map: 19 x 21 Turn: 567
2026-06-02 09:47:40 [self-0001-1-city] Route planned: Target = 84 Mode = defense city-free reachable tiles = 291 Fallback-Tiles = 293
2026-06-02 09:47:40 [self-0001-1-city] Move #529: 121 -> 122 | Army: 6 | Target-Terrain: 1 | Target: 84 | Half: False
2026-06-02 09:47:40 [self-0001-1-city] My general index: 28
2026-06-02 09:47:40 [self-0001-1-city] Enemy general index: None
2026-06-02 09:47:40 [self-0001-1-city] Visible enemy tiles: 5
2026-06-02 09:47:40 [self-0001-1-city] Tiles: 25 / 107
2026-06-02 09:47:40 [self-0001-1-city] Map: 19 x 21 Turn: 568
2026-06-02 09:47:40 [self-0001-1-city] Route planned: Target = 84 Mode = defense city-free reachable tiles = 291 Fallback-Tiles = 293
2026-06-02 09:47:40 [self-0001-1-city] Priority agent: edge reuse -18000 base = 192695 final = 174695
2026-06-02 09:47:40 [self-0001-1-city] Move #530: 103 -> 84 | Army: 45 | Target-Terrain: 0 | Target: 84 | Half: False
2026-06-02 09:47:41 [self-0001-1-city] My general index: 28
2026-06-02 09:47:41 [self-0001-1-city] Enemy general index: None
2026-06-02 09:47:41 [self-0001-1-city] Visible enemy tiles: 5
2026-06-02 09:47:41 [self-0001-1-city] Tiles: 25 / 108
2026-06-02 09:47:41 [self-0001-1-city] Map: 19 x 21 Turn: 569
2026-06-02 09:47:41 [self-0001-1-city] Route planned: Target = 103 Mode = defense city-free reachable tiles = 291 Fallback-Tiles = 293
2026-06-02 09:47:41 [self-0001-1-city] Move #531: 104 -> 103 | Army: 49 | Target-Terrain: 0 | Target: 103 | Half: False
2026-06-02 09:47:41 [self-0001-1-city] My general index: 28
2026-06-02 09:47:41 [self-0001-1-city] Enemy general index: None
2026-06-02 09:47:41 [self-0001-1-city] Visible enemy tiles: 5
2026-06-02 09:47:41 [self-0001-1-city] Tiles: 25 / 109
2026-06-02 09:47:41 [self-0001-1-city] Map: 19 x 21 Turn: 570
2026-06-02 09:47:41 [self-0001-1-city] Route planned: Target = 122 Mode = defense city-free reachable tiles = 291 Fallback-Tiles = 293
2026-06-02 09:47:41 [self-0001-1-city] Priority agent: flow +6000 base = 242799 final = 248799
2026-06-02 09:47:41 [self-0001-1-city] Move #532: 103 -> 122 | Army: 49 | Target-Terrain: 0 | Target: 122 | Half: False
2026-06-02 09:47:42 [self-0001-1-city] My general index: 28
2026-06-02 09:47:42 [self-0001-1-city] Enemy general index: None
2026-06-02 09:47:42 [self-0001-1-city] Visible enemy tiles: 6
2026-06-02 09:47:42 [self-0001-1-city] Tiles: 24 / 110
2026-06-02 09:47:42 [self-0001-1-city] Map: 19 x 21 Turn: 571
2026-06-02 09:47:42 [self-0001-1-city] Route planned: Target = 66 Mode = defense city-free reachable tiles = 291 Fallback-Tiles = 293
2026-06-02 09:47:42 [self-0001-1-city] Move #533: 67 -> 66 | Army: 2 | Target-Terrain: 0 | Target: 66 | Half: False
2026-06-02 09:47:42 [self-0001-1-city] My general index: 28
2026-06-02 09:47:42 [self-0001-1-city] Enemy general index: None
2026-06-02 09:47:42 [self-0001-1-city] Visible enemy tiles: 7
2026-06-02 09:47:42 [self-0001-1-city] Tiles: 23 / 111
2026-06-02 09:47:42 [self-0001-1-city] Map: 19 x 21 Turn: 572
2026-06-02 09:47:42 [self-0001-1-city] Route planned: Target = 47 Mode = defense city-free reachable tiles = 291 Fallback-Tiles = 293
2026-06-02 09:47:42 [self-0001-1-city] Move #534: 48 -> 47 | Army: 3 | Target-Terrain: 0 | Target: 47 | Half: False
2026-06-02 09:47:43 [self-0001-1-city] My general index: 28
2026-06-02 09:47:43 [self-0001-1-city] Enemy general index: None
2026-06-02 09:47:43 [self-0001-1-city] Visible enemy tiles: 8
2026-06-02 09:47:43 [self-0001-1-city] Tiles: 22 / 112
2026-06-02 09:47:43 [self-0001-1-city] Map: 19 x 21 Turn: 573
2026-06-02 09:47:43 [self-0001-1-city] Route planned: Target = 47 Mode = defense city-free reachable tiles = 291 Fallback-Tiles = 293
2026-06-02 09:47:43 [self-0001-1-city] Move #535: 46 -> 47 | Army: 2 | Target-Terrain: 0 | Target: 47 | Half: False
2026-06-02 09:47:43 [self-0001-1-city] My general index: 28
2026-06-02 09:47:43 [self-0001-1-city] Enemy general index: None
2026-06-02 09:47:43 [self-0001-1-city] Visible enemy tiles: 8
2026-06-02 09:47:43 [self-0001-1-city] Tiles: 22 / 113
2026-06-02 09:47:43 [self-0001-1-city] Map: 19 x 21 Turn: 574
2026-06-02 09:47:43 [self-0001-1-city] Route planned: Target = 47 Mode = defense city-free reachable tiles = 291 Fallback-Tiles = 293
2026-06-02 09:47:43 [self-0001-1-city] Priority agent: edge reuse -9000 base = 226753 final = 217753
2026-06-02 09:47:43 [self-0001-1-city] Move #536: 66 -> 47 | Army: 3 | Target-Terrain: 0 | Target: 47 | Half: False
2026-06-02 09:47:44 [self-0001-1-city] My general index: 28
2026-06-02 09:47:44 [self-0001-1-city] Enemy general index: None
2026-06-02 09:47:44 [self-0001-1-city] Visible enemy tiles: 8
2026-06-02 09:47:44 [self-0001-1-city] Tiles: 22 / 113
2026-06-02 09:47:44 [self-0001-1-city] Map: 19 x 21 Turn: 575
2026-06-02 09:47:44 [self-0001-1-city] Route planned: Target = 47 Mode = defense city-free reachable tiles = 291 Fallback-Tiles = 293
2026-06-02 09:47:44 [self-0001-1-city] Move #537: 122 -> 123 | Army: 52 | Target-Terrain: 1 | Target: 47 | Half: False
2026-06-02 09:47:44 [self-0001-1-city] My general index: 28
2026-06-02 09:47:44 [self-0001-1-city] Enemy general index: None
2026-06-02 09:47:44 [self-0001-1-city] Visible enemy tiles: 8
2026-06-02 09:47:44 [self-0001-1-city] Tiles: 23 / 112
2026-06-02 09:47:44 [self-0001-1-city] Map: 19 x 21 Turn: 576
2026-06-02 09:47:44 [self-0001-1-city] Route planned: Target = 47 Mode = defense city-free reachable tiles = 291 Fallback-Tiles = 293
2026-06-02 09:47:44 [self-0001-1-city] Priority agent: flow +6000 base = 171880 final = 177880
2026-06-02 09:47:44 [self-0001-1-city] Move #538: 123 -> 104 | Army: 50 | Target-Terrain: 1 | Target: 47 | Half: False
2026-06-02 09:47:45 [self-0001-1-city] My general index: 28
2026-06-02 09:47:45 [self-0001-1-city] Enemy general index: None
2026-06-02 09:47:45 [self-0001-1-city] Visible enemy tiles: 7
2026-06-02 09:47:45 [self-0001-1-city] Tiles: 24 / 111
2026-06-02 09:47:45 [self-0001-1-city] Map: 19 x 21 Turn: 577
2026-06-02 09:47:45 [self-0001-1-city] Route planned: Target = 47 Mode = defense city-free reachable tiles = 291 Fallback-Tiles = 293
2026-06-02 09:47:45 [self-0001-1-city] Priority agent: flow +6000 base = 171518 final = 177518
2026-06-02 09:47:45 [self-0001-1-city] Move #539: 104 -> 85 | Army: 48 | Target-Terrain: 1 | Target: 47 | Half: False
2026-06-02 09:47:45 [self-0001-1-city] My general index: 28
2026-06-02 09:47:45 [self-0001-1-city] Enemy general index: None
2026-06-02 09:47:45 [self-0001-1-city] Visible enemy tiles: 6
2026-06-02 09:47:45 [self-0001-1-city] Tiles: 25 / 110
2026-06-02 09:47:45 [self-0001-1-city] Map: 19 x 21 Turn: 578
2026-06-02 09:47:45 [self-0001-1-city] Route planned: Target = 47 Mode = defense city-free reachable tiles = 291 Fallback-Tiles = 293
2026-06-02 09:47:45 [self-0001-1-city] Priority agent: flow +6000 base = 145106 final = 151106
2026-06-02 09:47:45 [self-0001-1-city] Move #540: 85 -> 66 | Army: 46 | Target-Terrain: 0 | Target: 47 | Half: False
2026-06-02 09:47:46 [self-0001-1-city] My general index: 28
2026-06-02 09:47:46 [self-0001-1-city] Enemy general index: None
2026-06-02 09:47:46 [self-0001-1-city] Visible enemy tiles: 6
2026-06-02 09:47:46 [self-0001-1-city] Tiles: 25 / 110
2026-06-02 09:47:46 [self-0001-1-city] Map: 19 x 21 Turn: 579
2026-06-02 09:47:46 [self-0001-1-city] Route planned: Target = 47 Mode = defense city-free reachable tiles = 291 Fallback-Tiles = 293
2026-06-02 09:47:46 [self-0001-1-city] Priority agent: edge reuse -9000, flow +6000 base = 230796 final = 227796
2026-06-02 09:47:46 [self-0001-1-city] Move #541: 66 -> 47 | Army: 46 | Target-Terrain: 0 | Target: 47 | Half: False
2026-06-02 09:47:46 [self-0001-1-city] My general index: 28
2026-06-02 09:47:46 [self-0001-1-city] Enemy general index: None
2026-06-02 09:47:46 [self-0001-1-city] Visible enemy tiles: 6
2026-06-02 09:47:46 [self-0001-1-city] Tiles: 25 / 110
2026-06-02 09:47:46 [self-0001-1-city] Map: 19 x 21 Turn: 580
2026-06-02 09:47:46 [self-0001-1-city] Route planned: Target = 66 Mode = defense city-free reachable tiles = 291 Fallback-Tiles = 293
2026-06-02 09:47:46 [self-0001-1-city] Priority agent: reverse -35000, edge reuse -18000 base = 202501 final = 149501
2026-06-02 09:47:46 [self-0001-1-city] Move #542: 47 -> 66 | Army: 51 | Target-Terrain: 0 | Target: 66 | Half: False
2026-06-02 09:47:47 [self-0001-1-city] My general index: 28
2026-06-02 09:47:47 [self-0001-1-city] Enemy general index: None
2026-06-02 09:47:47 [self-0001-1-city] Visible enemy tiles: 6
2026-06-02 09:47:47 [self-0001-1-city] Tiles: 25 / 110
2026-06-02 09:47:47 [self-0001-1-city] Map: 19 x 21 Turn: 581
2026-06-02 09:47:47 [self-0001-1-city] Route planned: Target = 47 Mode = defense city-free reachable tiles = 291 Fallback-Tiles = 293
2026-06-02 09:47:47 [self-0001-1-city] Move #543: 87 -> 68 | Army: 2 | Target-Terrain: -1 | Target: 47 | Half: False
2026-06-02 09:47:47 [self-0001-1-city] My general index: 28
2026-06-02 09:47:47 [self-0001-1-city] Enemy general index: None
2026-06-02 09:47:47 [self-0001-1-city] Visible enemy tiles: 6
2026-06-02 09:47:47 [self-0001-1-city] Tiles: 26 / 110
2026-06-02 09:47:47 [self-0001-1-city] Map: 19 x 21 Turn: 582
2026-06-02 09:47:47 [self-0001-1-city] Route planned: Target = 47 Mode = defense city-free reachable tiles = 291 Fallback-Tiles = 293
2026-06-02 09:47:47 [self-0001-1-city] Priority agent: edge reuse -27000 base = 192701 final = 165701
2026-06-02 09:47:47 [self-0001-1-city] Move #544: 66 -> 47 | Army: 51 | Target-Terrain: 0 | Target: 47 | Half: False
2026-06-02 09:47:48 [self-0001-1-city] My general index: 28
2026-06-02 09:47:48 [self-0001-1-city] Enemy general index: None
2026-06-02 09:47:48 [self-0001-1-city] Visible enemy tiles: 6
2026-06-02 09:47:48 [self-0001-1-city] Tiles: 26 / 110
2026-06-02 09:47:48 [self-0001-1-city] Map: 19 x 21 Turn: 583
2026-06-02 09:47:48 [self-0001-1-city] Route planned: Target = 66 Mode = defense city-free reachable tiles = 291 Fallback-Tiles = 293
2026-06-02 09:47:48 [self-0001-1-city] Move #545: 81 -> 62 | Army: 10 | Target-Terrain: -1 | Target: 66 | Half: False
2026-06-02 09:47:48 [self-0001-1-city] My general index: 28
2026-06-02 09:47:48 [self-0001-1-city] Enemy general index: None
2026-06-02 09:47:48 [self-0001-1-city] Visible enemy tiles: 6
2026-06-02 09:47:48 [self-0001-1-city] Tiles: 27 / 110
2026-06-02 09:47:48 [self-0001-1-city] Map: 19 x 21 Turn: 584
2026-06-02 09:47:48 [self-0001-1-city] Route planned: Target = 66 Mode = defense city-free reachable tiles = 291 Fallback-Tiles = 293
2026-06-02 09:47:48 [self-0001-1-city] Priority agent: edge reuse -36000 base = 199401 final = 163401
2026-06-02 09:47:48 [self-0001-1-city] Move #546: 47 -> 66 | Army: 51 | Target-Terrain: 0 | Target: 66 | Half: False
2026-06-02 09:47:49 [self-0001-1-city] My general index: 28
2026-06-02 09:47:49 [self-0001-1-city] Enemy general index: None
2026-06-02 09:47:49 [self-0001-1-city] Visible enemy tiles: 6
2026-06-02 09:47:49 [self-0001-1-city] Tiles: 27 / 110
2026-06-02 09:47:49 [self-0001-1-city] Map: 19 x 21 Turn: 585
2026-06-02 09:47:49 [self-0001-1-city] Route planned: Target = 47 Mode = defense city-free reachable tiles = 291 Fallback-Tiles = 293
2026-06-02 09:47:49 [self-0001-1-city] Move #547: 102 -> 103 | Army: 12 | Target-Terrain: 0 | Target: 47 | Half: False
2026-06-02 09:47:49 [self-0001-1-city] My general index: 28
2026-06-02 09:47:49 [self-0001-1-city] Enemy general index: None
2026-06-02 09:47:49 [self-0001-1-city] Visible enemy tiles: 6
2026-06-02 09:47:49 [self-0001-1-city] Tiles: 27 / 110
2026-06-02 09:47:49 [self-0001-1-city] Map: 19 x 21 Turn: 586
2026-06-02 09:47:49 [self-0001-1-city] Route planned: Target = 47 Mode = defense city-free reachable tiles = 291 Fallback-Tiles = 293
2026-06-02 09:47:49 [self-0001-1-city] Move #548: 28 -> 47 | Army: 61 | Target-Terrain: 0 | Target: 47 | Half: True
2026-06-02 09:47:50 [self-0001-1-city] My general index: 28
2026-06-02 09:47:50 [self-0001-1-city] Enemy general index: None
2026-06-02 09:47:50 [self-0001-1-city] Visible enemy tiles: 6
2026-06-02 09:47:50 [self-0001-1-city] Tiles: 27 / 110
2026-06-02 09:47:50 [self-0001-1-city] Map: 19 x 21 Turn: 587
2026-06-02 09:47:50 [self-0001-1-city] Route planned: Target = 85 Mode = defense city-free reachable tiles = 291 Fallback-Tiles = 293
2026-06-02 09:47:50 [self-0001-1-city] Move #549: 84 -> 85 | Army: 45 | Target-Terrain: 0 | Target: 85 | Half: False
2026-06-02 09:47:50 [self-0001-1-city] My general index: 28
2026-06-02 09:47:50 [self-0001-1-city] Enemy general index: None
2026-06-02 09:47:50 [self-0001-1-city] Visible enemy tiles: 6
2026-06-02 09:47:50 [self-0001-1-city] Tiles: 27 / 110
2026-06-02 09:47:50 [self-0001-1-city] Map: 19 x 21 Turn: 588
2026-06-02 09:47:50 [self-0001-1-city] Route planned: Target = 84 Mode = defense city-free reachable tiles = 291 Fallback-Tiles = 293
2026-06-02 09:47:50 [self-0001-1-city] Move #550: 103 -> 84 | Army: 12 | Target-Terrain: 0 | Target: 84 | Half: False
2026-06-02 09:47:51 [self-0001-1-city] My general index: 28
2026-06-02 09:47:51 [self-0001-1-city] Enemy general index: None
2026-06-02 09:47:51 [self-0001-1-city] Visible enemy tiles: 6
2026-06-02 09:47:51 [self-0001-1-city] Tiles: 27 / 110
2026-06-02 09:47:51 [self-0001-1-city] Map: 19 x 21 Turn: 589
2026-06-02 09:47:51 [self-0001-1-city] Route planned: Target = 84 Mode = defense city-free reachable tiles = 291 Fallback-Tiles = 293
2026-06-02 09:47:51 [self-0001-1-city] Priority agent: edge reuse -9000 base = 223995 final = 214995
2026-06-02 09:47:51 [self-0001-1-city] Move #551: 85 -> 84 | Army: 45 | Target-Terrain: 0 | Target: 84 | Half: False
2026-06-02 09:47:51 [self-0001-1-city] My general index: 28
2026-06-02 09:47:51 [self-0001-1-city] Enemy general index: None
2026-06-02 09:47:51 [self-0001-1-city] Visible enemy tiles: 6
2026-06-02 09:47:51 [self-0001-1-city] Tiles: 27 / 110
2026-06-02 09:47:51 [self-0001-1-city] Map: 19 x 21 Turn: 590
2026-06-02 09:47:51 [self-0001-1-city] Route planned: Target = 85 Mode = defense city-free reachable tiles = 291 Fallback-Tiles = 293
2026-06-02 09:47:51 [self-0001-1-city] Priority agent: edge reuse -9000 base = 232001 final = 223001
2026-06-02 09:47:51 [self-0001-1-city] Move #552: 66 -> 85 | Army: 51 | Target-Terrain: 0 | Target: 85 | Half: False
2026-06-02 09:47:52 [self-0001-1-city] My general index: 28
2026-06-02 09:47:52 [self-0001-1-city] Enemy general index: None
2026-06-02 09:47:52 [self-0001-1-city] Visible enemy tiles: 6
2026-06-02 09:47:52 [self-0001-1-city] Tiles: 27 / 110
2026-06-02 09:47:52 [self-0001-1-city] Map: 19 x 21 Turn: 591
2026-06-02 09:47:52 [self-0001-1-city] Route planned: Target = 66 Mode = defense city-free reachable tiles = 291 Fallback-Tiles = 293
2026-06-02 09:47:52 [self-0001-1-city] Priority agent: edge reuse -36000 base = 219381 final = 183381
2026-06-02 09:47:52 [self-0001-1-city] Move #553: 47 -> 66 | Army: 31 | Target-Terrain: 0 | Target: 66 | Half: False
2026-06-02 09:47:52 [self-0001-1-city] My general index: 28
2026-06-02 09:47:52 [self-0001-1-city] Enemy general index: None
2026-06-02 09:47:52 [self-0001-1-city] Visible enemy tiles: 6
2026-06-02 09:47:52 [self-0001-1-city] Tiles: 27 / 110
2026-06-02 09:47:52 [self-0001-1-city] Map: 19 x 21 Turn: 592
2026-06-02 09:47:52 [self-0001-1-city] Route planned: Target = 47 Mode = defense city-free reachable tiles = 291 Fallback-Tiles = 293
2026-06-02 09:47:52 [self-0001-1-city] Move #554: 27 -> 46 | Army: 3 | Target-Terrain: 0 | Target: 47 | Half: False
2026-06-02 09:47:53 [self-0001-1-city] My general index: 28
2026-06-02 09:47:53 [self-0001-1-city] Enemy general index: None
2026-06-02 09:47:53 [self-0001-1-city] Visible enemy tiles: 6
2026-06-02 09:47:53 [self-0001-1-city] Tiles: 27 / 111
2026-06-02 09:47:53 [self-0001-1-city] Map: 19 x 21 Turn: 593
2026-06-02 09:47:53 [self-0001-1-city] Route planned: Target = 47 Mode = defense city-free reachable tiles = 291 Fallback-Tiles = 293
2026-06-02 09:47:53 [self-0001-1-city] Priority agent: flow +6000 base = 228953 final = 234953
2026-06-02 09:47:53 [self-0001-1-city] Move #555: 46 -> 47 | Army: 3 | Target-Terrain: 0 | Target: 47 | Half: False
2026-06-02 09:47:53 [self-0001-1-city] My general index: 28
2026-06-02 09:47:53 [self-0001-1-city] Enemy general index: None
2026-06-02 09:47:53 [self-0001-1-city] Visible enemy tiles: 6
2026-06-02 09:47:53 [self-0001-1-city] Tiles: 27 / 111
2026-06-02 09:47:53 [self-0001-1-city] Map: 19 x 21 Turn: 594
2026-06-02 09:47:53 [self-0001-1-city] Route planned: Target = 47 Mode = defense city-free reachable tiles = 291 Fallback-Tiles = 293
2026-06-02 09:47:53 [self-0001-1-city] Priority agent: edge reuse -36000 base = 192681 final = 156681
2026-06-02 09:47:53 [self-0001-1-city] Move #556: 66 -> 47 | Army: 31 | Target-Terrain: 0 | Target: 47 | Half: False
2026-06-02 09:47:54 [self-0001-1-city] My general index: 28
2026-06-02 09:47:54 [self-0001-1-city] Enemy general index: None
2026-06-02 09:47:54 [self-0001-1-city] Visible enemy tiles: 6
2026-06-02 09:47:54 [self-0001-1-city] Tiles: 27 / 111
2026-06-02 09:47:54 [self-0001-1-city] Map: 19 x 21 Turn: 595
2026-06-02 09:47:54 [self-0001-1-city] Route planned: Target = 66 Mode = defense city-free reachable tiles = 291 Fallback-Tiles = 293
2026-06-02 09:47:54 [self-0001-1-city] Priority agent: edge reuse -9000 base = 210101 final = 201101
2026-06-02 09:47:54 [self-0001-1-city] Move #557: 85 -> 66 | Army: 51 | Target-Terrain: 0 | Target: 66 | Half: False
2026-06-02 09:47:54 [self-0001-1-city] My general index: 28
2026-06-02 09:47:54 [self-0001-1-city] Enemy general index: None
2026-06-02 09:47:54 [self-0001-1-city] Visible enemy tiles: 6
2026-06-02 09:47:54 [self-0001-1-city] Tiles: 27 / 111
2026-06-02 09:47:54 [self-0001-1-city] Map: 19 x 21 Turn: 596
2026-06-02 09:47:54 [self-0001-1-city] Route planned: Target = 85 Mode = defense city-free reachable tiles = 291 Fallback-Tiles = 293
2026-06-02 09:47:54 [self-0001-1-city] Priority agent: edge reuse -18000 base = 192706 final = 174706
2026-06-02 09:47:54 [self-0001-1-city] Move #558: 84 -> 85 | Army: 56 | Target-Terrain: 0 | Target: 85 | Half: False
2026-06-02 09:47:55 [self-0001-1-city] Coach: stabilize tiles 27/111 army 229/795 cities 0/0 enemy_city_suspect False bias {'expansion_bias': 0.1, 'city_bias': 0.8, 'attack_bias': -0.30000000000000004, 'defense_bias': 1.2, 'route_bias': 0.3}
2026-06-02 09:47:55 [self-0001-1-city] My general index: 28
2026-06-02 09:47:55 [self-0001-1-city] Enemy general index: None
2026-06-02 09:47:55 [self-0001-1-city] Visible enemy tiles: 6
2026-06-02 09:47:55 [self-0001-1-city] Tiles: 27 / 111
2026-06-02 09:47:55 [self-0001-1-city] Map: 19 x 21 Turn: 597
2026-06-02 09:47:55 [self-0001-1-city] Route planned: Target = 84 Mode = defense city-free reachable tiles = 291 Fallback-Tiles = 293
2026-06-02 09:47:55 [self-0001-1-city] Move #559: 66 -> 65 | Army: 51 | Target-Terrain: 0 | Target: 84 | Half: False
2026-06-02 09:47:55 [self-0001-1-city] My general index: 28
2026-06-02 09:47:55 [self-0001-1-city] Enemy general index: None
2026-06-02 09:47:55 [self-0001-1-city] Visible enemy tiles: 6
2026-06-02 09:47:55 [self-0001-1-city] Tiles: 27 / 111
2026-06-02 09:47:55 [self-0001-1-city] Map: 19 x 21 Turn: 598
2026-06-02 09:47:55 [self-0001-1-city] Route planned: Target = 66 Mode = defense city-free reachable tiles = 291 Fallback-Tiles = 293
2026-06-02 09:47:55 [self-0001-1-city] Priority agent: edge reuse -18000 base = 195106 final = 177106
2026-06-02 09:47:55 [self-0001-1-city] Move #560: 85 -> 66 | Army: 56 | Target-Terrain: 0 | Target: 66 | Half: False
2026-06-02 09:47:56 [self-0001-1-city] My general index: 28
2026-06-02 09:47:56 [self-0001-1-city] Enemy general index: None
2026-06-02 09:47:56 [self-0001-1-city] Visible enemy tiles: 6
2026-06-02 09:47:56 [self-0001-1-city] Tiles: 27 / 111
2026-06-02 09:47:56 [self-0001-1-city] Map: 19 x 21 Turn: 599
2026-06-02 09:47:56 [self-0001-1-city] Route planned: Target = 85 Mode = defense city-free reachable tiles = 291 Fallback-Tiles = 293
2026-06-02 09:47:56 [self-0001-1-city] Move #561: 64 -> 83 | Army: 3 | Target-Terrain: 0 | Target: 85 | Half: False
2026-06-02 09:47:56 [self-0001-1-city] My general index: 28
2026-06-02 09:47:56 [self-0001-1-city] Enemy general index: None
2026-06-02 09:47:56 [self-0001-1-city] Visible enemy tiles: 6
2026-06-02 09:47:56 [self-0001-1-city] Tiles: 27 / 111
2026-06-02 09:47:56 [self-0001-1-city] Map: 19 x 21 Turn: 600
2026-06-02 09:47:56 [self-0001-1-city] Route planned: Target = 85 Mode = defense city-free reachable tiles = 291 Fallback-Tiles = 293
2026-06-02 09:47:56 [self-0001-1-city] Move #562: 104 -> 85 | Army: 2 | Target-Terrain: 0 | Target: 85 | Half: False
2026-06-02 09:47:57 [self-0001-1-city] My general index: 28
2026-06-02 09:47:57 [self-0001-1-city] Enemy general index: None
2026-06-02 09:47:57 [self-0001-1-city] Visible enemy tiles: 6
2026-06-02 09:47:57 [self-0001-1-city] Tiles: 27 / 112
2026-06-02 09:47:57 [self-0001-1-city] Map: 19 x 21 Turn: 601
2026-06-02 09:47:57 [self-0001-1-city] Route planned: Target = 85 Mode = defense city-free reachable tiles = 291 Fallback-Tiles = 293
2026-06-02 09:47:57 [self-0001-1-city] Priority agent: edge reuse -27000 base = 211752 final = 184752
2026-06-02 09:47:57 [self-0001-1-city] Move #563: 84 -> 85 | Army: 2 | Target-Terrain: 0 | Target: 85 | Half: False
2026-06-02 09:47:57 [self-0001-1-city] My general index: 28
2026-06-02 09:47:57 [self-0001-1-city] Enemy general index: None
2026-06-02 09:47:57 [self-0001-1-city] Visible enemy tiles: 6
2026-06-02 09:47:57 [self-0001-1-city] Tiles: 27 / 113
2026-06-02 09:47:57 [self-0001-1-city] Map: 19 x 21 Turn: 602
2026-06-02 09:47:57 [self-0001-1-city] Route planned: Target = 85 Mode = defense city-free reachable tiles = 291 Fallback-Tiles = 293
2026-06-02 09:47:57 [self-0001-1-city] Priority agent: edge reuse -27000 base = 197007 final = 170007
2026-06-02 09:47:57 [self-0001-1-city] Move #564: 66 -> 85 | Army: 57 | Target-Terrain: 0 | Target: 85 | Half: False
2026-06-02 09:47:58 [self-0001-1-city] My general index: 28
2026-06-02 09:47:58 [self-0001-1-city] Enemy general index: None
2026-06-02 09:47:58 [self-0001-1-city] Visible enemy tiles: 6
2026-06-02 09:47:58 [self-0001-1-city] Tiles: 27 / 114
2026-06-02 09:47:58 [self-0001-1-city] Map: 19 x 21 Turn: 603
2026-06-02 09:47:58 [self-0001-1-city] Route planned: Target = 66 Mode = defense city-free reachable tiles = 291 Fallback-Tiles = 293
2026-06-02 09:47:58 [self-0001-1-city] Move #565: 67 -> 66 | Army: 2 | Target-Terrain: 0 | Target: 66 | Half: False
2026-06-02 09:47:58 [self-0001-1-city] My general index: 28
2026-06-02 09:47:58 [self-0001-1-city] Enemy general index: None
2026-06-02 09:47:58 [self-0001-1-city] Visible enemy tiles: 6
2026-06-02 09:47:58 [self-0001-1-city] Tiles: 27 / 115
2026-06-02 09:47:58 [self-0001-1-city] Map: 19 x 21 Turn: 604
2026-06-02 09:47:58 [self-0001-1-city] Route planned: Target = 66 Mode = defense city-free reachable tiles = 291 Fallback-Tiles = 293
2026-06-02 09:47:58 [self-0001-1-city] Priority agent: edge reuse -18000 base = 219384 final = 201384
2026-06-02 09:47:58 [self-0001-1-city] Move #566: 47 -> 66 | Army: 34 | Target-Terrain: 0 | Target: 66 | Half: False
2026-06-02 09:47:59 [self-0001-1-city] My general index: 28
2026-06-02 09:47:59 [self-0001-1-city] Enemy general index: None
2026-06-02 09:47:59 [self-0001-1-city] Visible enemy tiles: 7
2026-06-02 09:47:59 [self-0001-1-city] Tiles: 26 / 116
2026-06-02 09:47:59 [self-0001-1-city] Map: 19 x 21 Turn: 605
2026-06-02 09:47:59 [self-0001-1-city] Route planned: Target = 47 Mode = defense city-free reachable tiles = 291 Fallback-Tiles = 293
2026-06-02 09:47:59 [self-0001-1-city] Move #567: 48 -> 47 | Army: 2 | Target-Terrain: 0 | Target: 47 | Half: False
2026-06-02 09:47:59 [self-0001-1-city] My general index: 28
2026-06-02 09:47:59 [self-0001-1-city] Enemy general index: None
2026-06-02 09:47:59 [self-0001-1-city] Visible enemy tiles: 7
2026-06-02 09:47:59 [self-0001-1-city] Tiles: 26 / 117
2026-06-02 09:47:59 [self-0001-1-city] Map: 19 x 21 Turn: 606
2026-06-02 09:47:59 [self-0001-1-city] Route planned: Target = 47 Mode = defense city-free reachable tiles = 291 Fallback-Tiles = 293
2026-06-02 09:47:59 [self-0001-1-city] Priority agent: edge reuse -9000 base = 226752 final = 217752
2026-06-02 09:47:59 [self-0001-1-city] Move #568: 46 -> 47 | Army: 2 | Target-Terrain: 0 | Target: 47 | Half: False
2026-06-02 09:48:00 [self-0001-1-city] My general index: 28
2026-06-02 09:48:00 [self-0001-1-city] Enemy general index: None
2026-06-02 09:48:00 [self-0001-1-city] Visible enemy tiles: 7
2026-06-02 09:48:00 [self-0001-1-city] Tiles: 26 / 118
2026-06-02 09:48:00 [self-0001-1-city] Map: 19 x 21 Turn: 607
2026-06-02 09:48:00 [self-0001-1-city] Route planned: Target = 47 Mode = defense city-free reachable tiles = 291 Fallback-Tiles = 293
2026-06-02 09:48:00 [self-0001-1-city] Priority agent: edge reuse -18000 base = 192685 final = 174685
2026-06-02 09:48:00 [self-0001-1-city] Move #569: 66 -> 47 | Army: 35 | Target-Terrain: 0 | Target: 47 | Half: False
2026-06-02 09:48:00 [self-0001-1-city] My general index: 28
2026-06-02 09:48:00 [self-0001-1-city] Enemy general index: None
2026-06-02 09:48:00 [self-0001-1-city] Visible enemy tiles: 7
2026-06-02 09:48:00 [self-0001-1-city] Tiles: 26 / 118
2026-06-02 09:48:00 [self-0001-1-city] Map: 19 x 21 Turn: 608
2026-06-02 09:48:00 [self-0001-1-city] Route planned: Target = 66 Mode = defense city-free reachable tiles = 291 Fallback-Tiles = 293
2026-06-02 09:48:00 [self-0001-1-city] Priority agent: edge reuse -9000 base = 230102 final = 221102
2026-06-02 09:48:00 [self-0001-1-city] Move #570: 65 -> 66 | Army: 52 | Target-Terrain: 0 | Target: 66 | Half: False
2026-06-02 09:48:01 [self-0001-1-city] My general index: 28
2026-06-02 09:48:01 [self-0001-1-city] Enemy general index: None
2026-06-02 09:48:01 [self-0001-1-city] Visible enemy tiles: 7
2026-06-02 09:48:01 [self-0001-1-city] Tiles: 26 / 118
2026-06-02 09:48:01 [self-0001-1-city] Map: 19 x 21 Turn: 609
2026-06-02 09:48:01 [self-0001-1-city] Route planned: Target = 84 Mode = defense city-free reachable tiles = 291 Fallback-Tiles = 293
2026-06-02 09:48:01 [self-0001-1-city] Move #571: 83 -> 84 | Army: 4 | Target-Terrain: 0 | Target: 84 | Half: False
2026-06-02 09:48:01 [self-0001-1-city] My general index: 28
2026-06-02 09:48:01 [self-0001-1-city] Enemy general index: None
2026-06-02 09:48:01 [self-0001-1-city] Visible enemy tiles: 7
2026-06-02 09:48:01 [self-0001-1-city] Tiles: 26 / 118
2026-06-02 09:48:01 [self-0001-1-city] Map: 19 x 21 Turn: 610
2026-06-02 09:48:01 [self-0001-1-city] Route planned: Target = 84 Mode = defense city-free reachable tiles = 291 Fallback-Tiles = 293
2026-06-02 09:48:01 [self-0001-1-city] Move #572: 103 -> 84 | Army: 2 | Target-Terrain: 0 | Target: 84 | Half: False
2026-06-02 09:48:02 [self-0001-1-city] My general index: 28
2026-06-02 09:48:02 [self-0001-1-city] Enemy general index: None
2026-06-02 09:48:02 [self-0001-1-city] Visible enemy tiles: 7
2026-06-02 09:48:02 [self-0001-1-city] Tiles: 26 / 118
2026-06-02 09:48:02 [self-0001-1-city] Map: 19 x 21 Turn: 611
2026-06-02 09:48:02 [self-0001-1-city] Route planned: Target = 84 Mode = defense city-free reachable tiles = 291 Fallback-Tiles = 293
2026-06-02 09:48:02 [self-0001-1-city] Priority agent: edge reuse -9000 base = 232010 final = 223010
2026-06-02 09:48:02 [self-0001-1-city] Move #573: 85 -> 84 | Army: 60 | Target-Terrain: 0 | Target: 84 | Half: False
2026-06-02 09:48:02 [self-0001-1-city] My general index: 28
2026-06-02 09:48:02 [self-0001-1-city] Enemy general index: None
2026-06-02 09:48:02 [self-0001-1-city] Visible enemy tiles: 7
2026-06-02 09:48:02 [self-0001-1-city] Tiles: 26 / 118
2026-06-02 09:48:02 [self-0001-1-city] Map: 19 x 21 Turn: 612
2026-06-02 09:48:02 [self-0001-1-city] Route planned: Target = 85 Mode = defense city-free reachable tiles = 291 Fallback-Tiles = 293
2026-06-02 09:48:02 [self-0001-1-city] Priority agent: edge reuse -18000 base = 217002 final = 199002
2026-06-02 09:48:02 [self-0001-1-city] Move #574: 66 -> 85 | Army: 52 | Target-Terrain: 0 | Target: 85 | Half: False
2026-06-02 09:48:03 [self-0001-1-city] My general index: 28
2026-06-02 09:48:03 [self-0001-1-city] Enemy general index: None
2026-06-02 09:48:03 [self-0001-1-city] Visible enemy tiles: 7
2026-06-02 09:48:03 [self-0001-1-city] Tiles: 26 / 118
2026-06-02 09:48:03 [self-0001-1-city] Map: 19 x 21 Turn: 613
2026-06-02 09:48:03 [self-0001-1-city] Route planned: Target = 66 Mode = defense city-free reachable tiles = 291 Fallback-Tiles = 293
2026-06-02 09:48:03 [self-0001-1-city] Priority agent: edge reuse -18000 base = 199387 final = 181387
2026-06-02 09:48:03 [self-0001-1-city] Move #575: 47 -> 66 | Army: 37 | Target-Terrain: 0 | Target: 66 | Half: False
2026-06-02 09:48:03 [self-0001-1-city] My general index: 28
2026-06-02 09:48:03 [self-0001-1-city] Enemy general index: None
2026-06-02 09:48:03 [self-0001-1-city] Visible enemy tiles: 7
2026-06-02 09:48:03 [self-0001-1-city] Tiles: 26 / 118
2026-06-02 09:48:03 [self-0001-1-city] Map: 19 x 21 Turn: 614
2026-06-02 09:48:03 [self-0001-1-city] Route planned: Target = 47 Mode = defense city-free reachable tiles = 291 Fallback-Tiles = 293
2026-06-02 09:48:03 [self-0001-1-city] Move #576: 68 -> 49 | Army: 2 | Target-Terrain: -1 | Target: 47 | Half: False
2026-06-02 09:48:04 [self-0001-1-city] My general index: 28
2026-06-02 09:48:04 [self-0001-1-city] Enemy general index: None
2026-06-02 09:48:04 [self-0001-1-city] Visible enemy tiles: 7
2026-06-02 09:48:04 [self-0001-1-city] Tiles: 27 / 118
2026-06-02 09:48:04 [self-0001-1-city] Map: 19 x 21 Turn: 615
2026-06-02 09:48:04 [self-0001-1-city] Route planned: Target = 47 Mode = defense city-free reachable tiles = 291 Fallback-Tiles = 293
2026-06-02 09:48:04 [self-0001-1-city] Priority agent: edge reuse -27000 base = 192687 final = 165687
2026-06-02 09:48:04 [self-0001-1-city] Move #577: 66 -> 47 | Army: 37 | Target-Terrain: 0 | Target: 47 | Half: False
2026-06-02 09:48:04 [self-0001-1-city] My general index: 28
2026-06-02 09:48:04 [self-0001-1-city] Enemy general index: None
2026-06-02 09:48:04 [self-0001-1-city] Visible enemy tiles: 7
2026-06-02 09:48:04 [self-0001-1-city] Tiles: 27 / 118
2026-06-02 09:48:04 [self-0001-1-city] Map: 19 x 21 Turn: 616
2026-06-02 09:48:04 [self-0001-1-city] Route planned: Target = 66 Mode = defense city-free reachable tiles = 291 Fallback-Tiles = 293
2026-06-02 09:48:04 [self-0001-1-city] Priority agent: edge reuse -18000 base = 195102 final = 177102
2026-06-02 09:48:04 [self-0001-1-city] Move #578: 85 -> 66 | Army: 52 | Target-Terrain: 0 | Target: 66 | Half: False
2026-06-02 09:48:05 [self-0001-1-city] My general index: 28
2026-06-02 09:48:05 [self-0001-1-city] Enemy general index: None
2026-06-02 09:48:05 [self-0001-1-city] Visible enemy tiles: 7
2026-06-02 09:48:05 [self-0001-1-city] Tiles: 27 / 118
2026-06-02 09:48:05 [self-0001-1-city] Map: 19 x 21 Turn: 617
2026-06-02 09:48:05 [self-0001-1-city] Route planned: Target = 85 Mode = defense city-free reachable tiles = 291 Fallback-Tiles = 293
2026-06-02 09:48:05 [self-0001-1-city] Priority agent: edge reuse -9000 base = 219714 final = 210714
2026-06-02 09:48:05 [self-0001-1-city] Move #579: 84 -> 85 | Army: 64 | Target-Terrain: 0 | Target: 85 | Half: False
2026-06-02 09:48:05 [self-0001-1-city] My general index: 28
2026-06-02 09:48:05 [self-0001-1-city] Enemy general index: None
2026-06-02 09:48:05 [self-0001-1-city] Visible enemy tiles: 7
2026-06-02 09:48:05 [self-0001-1-city] Tiles: 27 / 118
2026-06-02 09:48:05 [self-0001-1-city] Map: 19 x 21 Turn: 618
2026-06-02 09:48:05 [self-0001-1-city] Route planned: Target = 84 Mode = defense city-free reachable tiles = 291 Fallback-Tiles = 293
2026-06-02 09:48:05 [self-0001-1-city] Priority agent: reverse -35000, edge reuse -18000 base = 200114 final = 147114
2026-06-02 09:48:05 [self-0001-1-city] Move #580: 85 -> 84 | Army: 64 | Target-Terrain: 0 | Target: 84 | Half: False
2026-06-02 09:48:06 [self-0001-1-city] My general index: 28
2026-06-02 09:48:06 [self-0001-1-city] Enemy general index: None
2026-06-02 09:48:06 [self-0001-1-city] Visible enemy tiles: 7
2026-06-02 09:48:06 [self-0001-1-city] Tiles: 27 / 118
2026-06-02 09:48:06 [self-0001-1-city] Map: 19 x 21 Turn: 619
2026-06-02 09:48:06 [self-0001-1-city] Route planned: Target = 85 Mode = defense city-free reachable tiles = 291 Fallback-Tiles = 293
2026-06-02 09:48:06 [self-0001-1-city] Priority agent: edge reuse -18000 base = 197002 final = 179002
2026-06-02 09:48:06 [self-0001-1-city] Move #581: 66 -> 85 | Army: 52 | Target-Terrain: 0 | Target: 85 | Half: False
2026-06-02 09:48:06 [self-0001-1-city] My general index: 28
2026-06-02 09:48:06 [self-0001-1-city] Enemy general index: None
2026-06-02 09:48:06 [self-0001-1-city] Visible enemy tiles: 7
2026-06-02 09:48:06 [self-0001-1-city] Tiles: 27 / 118
2026-06-02 09:48:06 [self-0001-1-city] Map: 19 x 21 Turn: 620
2026-06-02 09:48:06 [self-0001-1-city] Route planned: Target = 66 Mode = defense city-free reachable tiles = 291 Fallback-Tiles = 293
2026-06-02 09:48:06 [self-0001-1-city] Priority agent: edge reuse -27000 base = 199387 final = 172387
2026-06-02 09:48:06 [self-0001-1-city] Move #582: 47 -> 66 | Army: 37 | Target-Terrain: 0 | Target: 66 | Half: False
2026-06-02 09:48:07 [self-0001-1-city] My general index: 28
2026-06-02 09:48:07 [self-0001-1-city] Enemy general index: None
2026-06-02 09:48:07 [self-0001-1-city] Visible enemy tiles: 7
2026-06-02 09:48:07 [self-0001-1-city] Tiles: 27 / 118
2026-06-02 09:48:07 [self-0001-1-city] Map: 19 x 21 Turn: 621
2026-06-02 09:48:07 [self-0001-1-city] Route planned: Target = 47 Mode = defense city-free reachable tiles = 291 Fallback-Tiles = 293
2026-06-02 09:48:07 [self-0001-1-city] Move #583: 122 -> 103 | Army: 2 | Target-Terrain: 0 | Target: 47 | Half: False
2026-06-02 09:48:07 [self-0001-1-city] My general index: 28
2026-06-02 09:48:07 [self-0001-1-city] Enemy general index: None
2026-06-02 09:48:07 [self-0001-1-city] Visible enemy tiles: 7
2026-06-02 09:48:07 [self-0001-1-city] Tiles: 27 / 118
2026-06-02 09:48:07 [self-0001-1-city] Map: 19 x 21 Turn: 622
2026-06-02 09:48:07 [self-0001-1-city] Route planned: Target = 47 Mode = defense city-free reachable tiles = 291 Fallback-Tiles = 293
2026-06-02 09:48:07 [self-0001-1-city] Priority agent: edge reuse -27000 base = 204687 final = 177687
2026-06-02 09:48:07 [self-0001-1-city] Move #584: 66 -> 47 | Army: 37 | Target-Terrain: 0 | Target: 47 | Half: False
2026-06-02 09:48:08 [self-0001-1-city] My general index: 28
2026-06-02 09:48:08 [self-0001-1-city] Enemy general index: None
2026-06-02 09:48:08 [self-0001-1-city] Visible enemy tiles: 7
2026-06-02 09:48:08 [self-0001-1-city] Tiles: 27 / 118
2026-06-02 09:48:08 [self-0001-1-city] Map: 19 x 21 Turn: 623
2026-06-02 09:48:08 [self-0001-1-city] Route planned: Target = 66 Mode = defense city-free reachable tiles = 291 Fallback-Tiles = 293
2026-06-02 09:48:08 [self-0001-1-city] Priority agent: edge reuse -27000 base = 195102 final = 168102
2026-06-02 09:48:08 [self-0001-1-city] Move #585: 85 -> 66 | Army: 52 | Target-Terrain: 0 | Target: 66 | Half: False
2026-06-02 09:48:08 [self-0001-1-city] My general index: 28
2026-06-02 09:48:08 [self-0001-1-city] Enemy general index: None
2026-06-02 09:48:08 [self-0001-1-city] Visible enemy tiles: 7
2026-06-02 09:48:08 [self-0001-1-city] Tiles: 27 / 118
2026-06-02 09:48:08 [self-0001-1-city] Map: 19 x 21 Turn: 624
2026-06-02 09:48:08 [self-0001-1-city] Route planned: Target = 85 Mode = defense city-free reachable tiles = 291 Fallback-Tiles = 293
2026-06-02 09:48:08 [self-0001-1-city] Priority agent: edge reuse -27000 base = 192714 final = 165714
2026-06-02 09:48:08 [self-0001-1-city] Move #586: 84 -> 85 | Army: 64 | Target-Terrain: 0 | Target: 85 | Half: False
2026-06-02 09:48:09 [self-0001-1-city] My general index: 28
2026-06-02 09:48:09 [self-0001-1-city] Enemy general index: None
2026-06-02 09:48:09 [self-0001-1-city] Visible enemy tiles: 7
2026-06-02 09:48:09 [self-0001-1-city] Tiles: 27 / 118
2026-06-02 09:48:09 [self-0001-1-city] Map: 19 x 21 Turn: 625
2026-06-02 09:48:09 [self-0001-1-city] Route planned: Target = 87 Mode = defense city-free reachable tiles = 291 Fallback-Tiles = 293
2026-06-02 09:48:09 [self-0001-1-city] Priority agent: flow +6000 base = 168274 final = 174274
2026-06-02 09:48:09 [self-0001-1-city] Move #587: 85 -> 86 | Army: 64 | Target-Terrain: 1 | Target: 87 | Half: False
2026-06-02 09:48:09 [self-0001-1-city] My general index: 28
2026-06-02 09:48:09 [self-0001-1-city] Enemy general index: None
2026-06-02 09:48:09 [self-0001-1-city] Visible enemy tiles: 6
2026-06-02 09:48:09 [self-0001-1-city] Tiles: 28 / 117
2026-06-02 09:48:09 [self-0001-1-city] Map: 19 x 21 Turn: 626
2026-06-02 09:48:09 [self-0001-1-city] Route planned: Target = 85 Mode = defense city-free reachable tiles = 291 Fallback-Tiles = 293
2026-06-02 09:48:09 [self-0001-1-city] Priority agent: reverse -35000, edge reuse -9000 base = 215112 final = 171112
2026-06-02 09:48:09 [self-0001-1-city] Move #588: 86 -> 85 | Army: 62 | Target-Terrain: 0 | Target: 85 | Half: False
2026-06-02 09:48:10 [self-0001-1-city] My general index: 28
2026-06-02 09:48:10 [self-0001-1-city] Enemy general index: None
2026-06-02 09:48:10 [self-0001-1-city] Visible enemy tiles: 6
2026-06-02 09:48:10 [self-0001-1-city] Tiles: 28 / 117
2026-06-02 09:48:10 [self-0001-1-city] Map: 19 x 21 Turn: 627
2026-06-02 09:48:10 [self-0001-1-city] Route planned: Target = 87 Mode = defense city-free reachable tiles = 291 Fallback-Tiles = 293
2026-06-02 09:48:10 [self-0001-1-city] Move #589: 66 -> 67 | Army: 52 | Target-Terrain: 1 | Target: 87 | Half: False
2026-06-02 09:48:10 [self-0001-1-city] My general index: 28
2026-06-02 09:48:10 [self-0001-1-city] Enemy general index: None
2026-06-02 09:48:10 [self-0001-1-city] Visible enemy tiles: 5
2026-06-02 09:48:10 [self-0001-1-city] Tiles: 29 / 116
2026-06-02 09:48:10 [self-0001-1-city] Map: 19 x 21 Turn: 628
2026-06-02 09:48:10 [self-0001-1-city] Route planned: Target = 66 Mode = defense city-free reachable tiles = 291 Fallback-Tiles = 293
2026-06-02 09:48:10 [self-0001-1-city] Priority agent: edge reuse -27000 base = 215112 final = 188112
2026-06-02 09:48:10 [self-0001-1-city] Move #590: 85 -> 66 | Army: 62 | Target-Terrain: 0 | Target: 66 | Half: False
2026-06-02 09:48:11 [self-0001-1-city] My general index: 28
2026-06-02 09:48:11 [self-0001-1-city] Enemy general index: None
2026-06-02 09:48:11 [self-0001-1-city] Visible enemy tiles: 5
2026-06-02 09:48:11 [self-0001-1-city] Tiles: 29 / 116
2026-06-02 09:48:11 [self-0001-1-city] Map: 19 x 21 Turn: 629
2026-06-02 09:48:11 [self-0001-1-city] Route planned: Target = 85 Mode = defense city-free reachable tiles = 291 Fallback-Tiles = 293
2026-06-02 09:48:11 [self-0001-1-city] Move #591: 67 -> 86 | Army: 50 | Target-Terrain: 0 | Target: 85 | Half: False
2026-06-02 09:48:11 [self-0001-1-city] My general index: 28
2026-06-02 09:48:11 [self-0001-1-city] Enemy general index: None
2026-06-02 09:48:11 [self-0001-1-city] Visible enemy tiles: 5
2026-06-02 09:48:11 [self-0001-1-city] Tiles: 29 / 116
2026-06-02 09:48:11 [self-0001-1-city] Map: 19 x 21 Turn: 630
2026-06-02 09:48:11 [self-0001-1-city] Route planned: Target = 85 Mode = defense city-free reachable tiles = 291 Fallback-Tiles = 293
2026-06-02 09:48:11 [self-0001-1-city] Priority agent: edge reuse -18000, flow +6000 base = 200100 final = 188100
2026-06-02 09:48:11 [self-0001-1-city] Move #592: 86 -> 85 | Army: 50 | Target-Terrain: 0 | Target: 85 | Half: False
2026-06-02 09:48:12 [self-0001-1-city] My general index: 28
2026-06-02 09:48:12 [self-0001-1-city] Enemy general index: None
2026-06-02 09:48:12 [self-0001-1-city] Visible enemy tiles: 5
2026-06-02 09:48:12 [self-0001-1-city] Tiles: 29 / 116
2026-06-02 09:48:12 [self-0001-1-city] Map: 19 x 21 Turn: 631
2026-06-02 09:48:12 [self-0001-1-city] Route planned: Target = 87 Mode = defense city-free reachable tiles = 291 Fallback-Tiles = 293
2026-06-02 09:48:12 [self-0001-1-city] Move #593: 123 -> 104 | Army: 2 | Target-Terrain: 0 | Target: 87 | Half: False
2026-06-02 09:48:12 [self-0001-1-city] My general index: 28
2026-06-02 09:48:12 [self-0001-1-city] Enemy general index: None
2026-06-02 09:48:12 [self-0001-1-city] Visible enemy tiles: 5
2026-06-02 09:48:12 [self-0001-1-city] Tiles: 29 / 117
2026-06-02 09:48:12 [self-0001-1-city] Map: 19 x 21 Turn: 632
2026-06-02 09:48:12 [self-0001-1-city] Route planned: Target = 87 Mode = defense city-free reachable tiles = 291 Fallback-Tiles = 293
2026-06-02 09:48:12 [self-0001-1-city] Move #594: 64 -> 83 | Army: 2 | Target-Terrain: 0 | Target: 87 | Half: False
2026-06-02 09:48:13 [self-0001-1-city] My general index: 28
2026-06-02 09:48:13 [self-0001-1-city] Enemy general index: None
2026-06-02 09:48:13 [self-0001-1-city] Visible enemy tiles: 5
2026-06-02 09:48:13 [self-0001-1-city] Tiles: 29 / 117
2026-06-02 09:48:13 [self-0001-1-city] Map: 19 x 21 Turn: 633
2026-06-02 09:48:13 [self-0001-1-city] Route planned: Target = 87 Mode = defense city-free reachable tiles = 291 Fallback-Tiles = 293
2026-06-02 09:48:13 [self-0001-1-city] Priority agent: flow +6000 base = 134882 final = 140882
2026-06-02 09:48:13 [self-0001-1-city] Move #595: 83 -> 84 | Army: 2 | Target-Terrain: 0 | Target: 87 | Half: False
2026-06-02 09:48:13 [self-0001-1-city] My general index: 28
2026-06-02 09:48:13 [self-0001-1-city] Enemy general index: None
2026-06-02 09:48:13 [self-0001-1-city] Visible enemy tiles: 5
2026-06-02 09:48:13 [self-0001-1-city] Tiles: 29 / 117
2026-06-02 09:48:13 [self-0001-1-city] Map: 19 x 21 Turn: 634
2026-06-02 09:48:13 [self-0001-1-city] Reinforcement waypoint: 142 final target = 142 turns until reinforcement = 16
2026-06-02 09:48:13 [self-0001-1-city] Route planned: Target = 142 Mode = reinforcement_waypoint city-free reachable tiles = 291 Fallback-Tiles = 293
2026-06-02 09:48:13 [self-0001-1-city] Move #596: 45 -> 64 | Army: 7 | Target-Terrain: 0 | Target: 142 | Half: False
2026-06-02 09:48:14 [self-0001-1-city] My general index: 28
2026-06-02 09:48:14 [self-0001-1-city] Enemy general index: None
2026-06-02 09:48:14 [self-0001-1-city] Visible enemy tiles: 5
2026-06-02 09:48:14 [self-0001-1-city] Tiles: 29 / 117
2026-06-02 09:48:14 [self-0001-1-city] Map: 19 x 21 Turn: 635
2026-06-02 09:48:14 [self-0001-1-city] Reinforcement waypoint: 142 final target = 142 turns until reinforcement = 15
2026-06-02 09:48:14 [self-0001-1-city] Route planned: Target = 142 Mode = reinforcement_waypoint city-free reachable tiles = 291 Fallback-Tiles = 293
2026-06-02 09:48:14 [self-0001-1-city] Move #597: 85 -> 104 | Army: 50 | Target-Terrain: 0 | Target: 142 | Half: False
2026-06-02 09:48:14 [self-0001-1-city] My general index: 28
2026-06-02 09:48:14 [self-0001-1-city] Enemy general index: None
2026-06-02 09:48:14 [self-0001-1-city] Visible enemy tiles: 5
2026-06-02 09:48:14 [self-0001-1-city] Tiles: 29 / 117
2026-06-02 09:48:14 [self-0001-1-city] Map: 19 x 21 Turn: 636
2026-06-02 09:48:14 [self-0001-1-city] Reinforcement waypoint: 142 final target = 142 turns until reinforcement = 14
2026-06-02 09:48:14 [self-0001-1-city] Route planned: Target = 142 Mode = reinforcement_waypoint city-free reachable tiles = 291 Fallback-Tiles = 293
2026-06-02 09:48:14 [self-0001-1-city] Move #598: 62 -> 81 | Army: 10 | Target-Terrain: 0 | Target: 142 | Half: False
2026-06-02 09:48:15 [self-0001-1-city] My general index: 28
2026-06-02 09:48:15 [self-0001-1-city] Enemy general index: None
2026-06-02 09:48:15 [self-0001-1-city] Visible enemy tiles: 5
2026-06-02 09:48:15 [self-0001-1-city] Tiles: 29 / 117
2026-06-02 09:48:15 [self-0001-1-city] Map: 19 x 21 Turn: 637
2026-06-02 09:48:15 [self-0001-1-city] Reinforcement waypoint: 142 final target = 142 turns until reinforcement = 13
2026-06-02 09:48:15 [self-0001-1-city] Route planned: Target = 142 Mode = reinforcement_waypoint city-free reachable tiles = 291 Fallback-Tiles = 293
2026-06-02 09:48:15 [self-0001-1-city] Move #599: 63 -> 82 | Army: 4 | Target-Terrain: 0 | Target: 142 | Half: False
2026-06-02 09:48:15 [self-0001-1-city] My general index: 28
2026-06-02 09:48:15 [self-0001-1-city] Enemy general index: None
2026-06-02 09:48:15 [self-0001-1-city] Visible enemy tiles: 5
2026-06-02 09:48:15 [self-0001-1-city] Tiles: 29 / 117
2026-06-02 09:48:15 [self-0001-1-city] Map: 19 x 21 Turn: 638
2026-06-02 09:48:15 [self-0001-1-city] Reinforcement waypoint: 142 final target = 142 turns until reinforcement = 12
2026-06-02 09:48:15 [self-0001-1-city] Route planned: Target = 142 Mode = reinforcement_waypoint city-free reachable tiles = 291 Fallback-Tiles = 293
2026-06-02 09:48:15 [self-0001-1-city] Move #600: 47 -> 66 | Army: 37 | Target-Terrain: 0 | Target: 142 | Half: False
2026-06-02 09:48:16 [self-0001-1-city] My general index: 28
2026-06-02 09:48:16 [self-0001-1-city] Enemy general index: None
2026-06-02 09:48:16 [self-0001-1-city] Visible enemy tiles: 5
2026-06-02 09:48:16 [self-0001-1-city] Tiles: 29 / 117
2026-06-02 09:48:16 [self-0001-1-city] Map: 19 x 21 Turn: 639
2026-06-02 09:48:16 [self-0001-1-city] Reinforcement waypoint: 123 final target = 142 turns until reinforcement = 11
2026-06-02 09:48:16 [self-0001-1-city] Route planned: Target = 123 Mode = reinforcement_waypoint city-free reachable tiles = 291 Fallback-Tiles = 293
2026-06-02 09:48:16 [self-0001-1-city] Move #601: 140 -> 121 | Army: 3 | Target-Terrain: 0 | Target: 123 | Half: False
2026-06-02 09:48:16 [self-0001-1-city] My general index: 28
2026-06-02 09:48:16 [self-0001-1-city] Enemy general index: None
2026-06-02 09:48:16 [self-0001-1-city] Visible enemy tiles: 5
2026-06-02 09:48:16 [self-0001-1-city] Tiles: 29 / 117
2026-06-02 09:48:16 [self-0001-1-city] Map: 19 x 21 Turn: 640
2026-06-02 09:48:16 [self-0001-1-city] Reinforcement waypoint: 123 final target = 142 turns until reinforcement = 10
2026-06-02 09:48:16 [self-0001-1-city] Route planned: Target = 123 Mode = reinforcement_waypoint city-free reachable tiles = 291 Fallback-Tiles = 293
2026-06-02 09:48:16 [self-0001-1-city] Move #602: 84 -> 103 | Army: 2 | Target-Terrain: 0 | Target: 123 | Half: False
2026-06-02 09:48:17 [self-0001-1-city] My general index: 28
2026-06-02 09:48:17 [self-0001-1-city] Enemy general index: None
2026-06-02 09:48:17 [self-0001-1-city] Visible enemy tiles: 5
2026-06-02 09:48:17 [self-0001-1-city] Tiles: 28 / 118
2026-06-02 09:48:17 [self-0001-1-city] Map: 19 x 21 Turn: 641
2026-06-02 09:48:17 [self-0001-1-city] Route planned: Target = 142 Mode = defense city-free reachable tiles = 291 Fallback-Tiles = 293
2026-06-02 09:48:17 [self-0001-1-city] Priority agent: flow +6000 base = 137173 final = 143173
2026-06-02 09:48:17 [self-0001-1-city] Move #603: 103 -> 122 | Army: 3 | Target-Terrain: 0 | Target: 142 | Half: False
2026-06-02 09:48:17 [self-0001-1-city] My general index: 28
2026-06-02 09:48:17 [self-0001-1-city] Enemy general index: None
2026-06-02 09:48:17 [self-0001-1-city] Visible enemy tiles: 5
2026-06-02 09:48:17 [self-0001-1-city] Tiles: 28 / 118
2026-06-02 09:48:17 [self-0001-1-city] Map: 19 x 21 Turn: 642
2026-06-02 09:48:17 [self-0001-1-city] Route planned: Target = 142 Mode = defense city-free reachable tiles = 291 Fallback-Tiles = 293
2026-06-02 09:48:17 [self-0001-1-city] Priority agent: flow +6000 base = 137263 final = 143263
2026-06-02 09:48:17 [self-0001-1-city] Move #604: 122 -> 123 | Army: 3 | Target-Terrain: 0 | Target: 142 | Half: False
2026-06-02 09:48:18 [self-0001-1-city] My general index: 28
2026-06-02 09:48:18 [self-0001-1-city] Enemy general index: None
2026-06-02 09:48:18 [self-0001-1-city] Visible enemy tiles: 5
2026-06-02 09:48:18 [self-0001-1-city] Tiles: 28 / 118
2026-06-02 09:48:18 [self-0001-1-city] Map: 19 x 21 Turn: 643
2026-06-02 09:48:18 [self-0001-1-city] Route planned: Target = 142 Mode = defense city-free reachable tiles = 291 Fallback-Tiles = 293
2026-06-02 09:48:18 [self-0001-1-city] Move #605: 66 -> 85 | Army: 98 | Target-Terrain: 0 | Target: 142 | Half: False
2026-06-02 09:48:18 [self-0001-1-city] My general index: 28
2026-06-02 09:48:18 [self-0001-1-city] Enemy general index: None
2026-06-02 09:48:18 [self-0001-1-city] Visible enemy tiles: 5
2026-06-02 09:48:18 [self-0001-1-city] Tiles: 28 / 118
2026-06-02 09:48:18 [self-0001-1-city] Map: 19 x 21 Turn: 644
2026-06-02 09:48:18 [self-0001-1-city] Route planned: Target = 142 Mode = defense city-free reachable tiles = 291 Fallback-Tiles = 293
2026-06-02 09:48:18 [self-0001-1-city] Move #606: 87 -> 86 | Army: 2 | Target-Terrain: 0 | Target: 142 | Half: False
2026-06-02 09:48:19 [self-0001-1-city] My general index: 28
2026-06-02 09:48:19 [self-0001-1-city] Enemy general index: None
2026-06-02 09:48:19 [self-0001-1-city] Visible enemy tiles: 5
2026-06-02 09:48:19 [self-0001-1-city] Tiles: 28 / 118
2026-06-02 09:48:19 [self-0001-1-city] Map: 19 x 21 Turn: 645
2026-06-02 09:48:19 [self-0001-1-city] Route planned: Target = 142 Mode = defense city-free reachable tiles = 291 Fallback-Tiles = 293
2026-06-02 09:48:19 [self-0001-1-city] Priority agent: flow +6000 base = 139182 final = 145182
2026-06-02 09:48:19 [self-0001-1-city] Move #607: 86 -> 85 | Army: 2 | Target-Terrain: 0 | Target: 142 | Half: False
2026-06-02 09:48:19 [self-0001-1-city] My general index: 28
2026-06-02 09:48:19 [self-0001-1-city] Enemy general index: None
2026-06-02 09:48:19 [self-0001-1-city] Visible enemy tiles: 5
2026-06-02 09:48:19 [self-0001-1-city] Tiles: 28 / 118
2026-06-02 09:48:19 [self-0001-1-city] Map: 19 x 21 Turn: 646
2026-06-02 09:48:19 [self-0001-1-city] Route planned: Target = 142 Mode = defense city-free reachable tiles = 291 Fallback-Tiles = 293
2026-06-02 09:48:19 [self-0001-1-city] Priority agent: edge reuse -9000, flow +6000 base = 143350 final = 140350
2026-06-02 09:48:19 [self-0001-1-city] Move #608: 85 -> 104 | Army: 99 | Target-Terrain: 0 | Target: 142 | Half: False
2026-06-02 09:48:20 [self-0001-1-city] Coach: stabilize tiles 28/118 army 277/1027 cities 0/0 enemy_city_suspect False bias {'expansion_bias': 0.1, 'city_bias': 0.8, 'attack_bias': -0.30000000000000004, 'defense_bias': 1.2, 'route_bias': 0.3}
2026-06-02 09:48:20 [self-0001-1-city] My general index: 28
2026-06-02 09:48:20 [self-0001-1-city] Enemy general index: None
2026-06-02 09:48:20 [self-0001-1-city] Visible enemy tiles: 5
2026-06-02 09:48:20 [self-0001-1-city] Tiles: 28 / 118
2026-06-02 09:48:20 [self-0001-1-city] Map: 19 x 21 Turn: 647
2026-06-02 09:48:20 [self-0001-1-city] Route planned: Target = 142 Mode = defense city-free reachable tiles = 291 Fallback-Tiles = 293
2026-06-02 09:48:20 [self-0001-1-city] Priority agent: flow +6000 base = 139140 final = 145140
2026-06-02 09:48:20 [self-0001-1-city] Move #609: 104 -> 123 | Army: 149 | Target-Terrain: 0 | Target: 142 | Half: False
2026-06-02 09:48:20 [self-0001-1-city] My general index: 28
2026-06-02 09:48:20 [self-0001-1-city] Enemy general index: None
2026-06-02 09:48:20 [self-0001-1-city] Visible enemy tiles: 5
2026-06-02 09:48:20 [self-0001-1-city] Tiles: 28 / 118
2026-06-02 09:48:20 [self-0001-1-city] Map: 19 x 21 Turn: 648
2026-06-02 09:48:20 [self-0001-1-city] Route planned: Target = 142 Mode = defense city-free reachable tiles = 291 Fallback-Tiles = 293
2026-06-02 09:48:20 [self-0001-1-city] Priority agent: flow +6000 base = 271630 final = 277630
2026-06-02 09:48:20 [self-0001-1-city] Move #610: 123 -> 142 | Army: 151 | Target-Terrain: 1 | Target: 142 | Half: False
2026-06-02 09:48:21 [self-0001-1-city] My general index: 28
2026-06-02 09:48:21 [self-0001-1-city] Enemy general index: None
2026-06-02 09:48:21 [self-0001-1-city] Visible enemy tiles: 7
2026-06-02 09:48:21 [self-0001-1-city] Tiles: 29 / 117
2026-06-02 09:48:21 [self-0001-1-city] Map: 19 x 21 Turn: 649
2026-06-02 09:48:21 [self-0001-1-city] Reinforcement waypoint: 161 final target = 161 turns until reinforcement = 1
2026-06-02 09:48:21 [self-0001-1-city] Route planned: Target = 161 Mode = reinforcement_waypoint city-free reachable tiles = 291 Fallback-Tiles = 293
2026-06-02 09:48:21 [self-0001-1-city] Priority agent: flow +6000 base = 93080 final = 99080
2026-06-02 09:48:21 [self-0001-1-city] Move #611: 142 -> 161 | Army: 148 | Target-Terrain: 1 | Target: 161 | Half: False
2026-06-02 09:48:21 [self-0001-1-city] My general index: 28
2026-06-02 09:48:21 [self-0001-1-city] Enemy general index: None
2026-06-02 09:48:21 [self-0001-1-city] Visible enemy tiles: 8
2026-06-02 09:48:21 [self-0001-1-city] Tiles: 30 / 116
2026-06-02 09:48:21 [self-0001-1-city] Map: 19 x 21 Turn: 650
2026-06-02 09:48:21 [self-0001-1-city] Route planned: Target = 142 Mode = defense city-free reachable tiles = 291 Fallback-Tiles = 293
2026-06-02 09:48:21 [self-0001-1-city] Priority agent: edge reuse -9000, flow +3000 base = 237552 final = 231552
2026-06-02 09:48:21 [self-0001-1-city] Move #612: 123 -> 142 | Army: 2 | Target-Terrain: 0 | Target: 142 | Half: False
2026-06-02 09:48:22 [self-0001-1-city] My general index: 28
2026-06-02 09:48:22 [self-0001-1-city] Enemy general index: None
2026-06-02 09:48:22 [self-0001-1-city] Visible enemy tiles: 8
2026-06-02 09:48:22 [self-0001-1-city] Tiles: 30 / 117
2026-06-02 09:48:22 [self-0001-1-city] Map: 19 x 21 Turn: 651
2026-06-02 09:48:22 [self-0001-1-city] Route planned: Target = 142 Mode = defense city-free reachable tiles = 291 Fallback-Tiles = 293
2026-06-02 09:48:22 [self-0001-1-city] Priority agent: edge reuse -9000 base = 210830 final = 201830
2026-06-02 09:48:22 [self-0001-1-city] Move #613: 161 -> 142 | Army: 146 | Target-Terrain: 0 | Target: 142 | Half: False
2026-06-02 09:48:22 [self-0001-1-city] My general index: 28
2026-06-02 09:48:22 [self-0001-1-city] Enemy general index: None
2026-06-02 09:48:22 [self-0001-1-city] Visible enemy tiles: 8
2026-06-02 09:48:22 [self-0001-1-city] Tiles: 30 / 118
2026-06-02 09:48:22 [self-0001-1-city] Map: 19 x 21 Turn: 652
2026-06-02 09:48:22 [self-0001-1-city] Route planned: Target = 180 Mode = strategy city-free reachable tiles = 291 Fallback-Tiles = 293
2026-06-02 09:48:22 [self-0001-1-city] Priority agent: edge reuse -9000 base = 68345 final = 59345
2026-06-02 09:48:22 [self-0001-1-city] Move #614: 121 -> 140 | Army: 5 | Target-Terrain: 1 | Target: 180 | Half: False
2026-06-02 09:48:23 [self-0001-1-city] My general index: 28
2026-06-02 09:48:23 [self-0001-1-city] Enemy general index: None
2026-06-02 09:48:23 [self-0001-1-city] Visible enemy tiles: 6
2026-06-02 09:48:23 [self-0001-1-city] Tiles: 30 / 118
2026-06-02 09:48:23 [self-0001-1-city] Map: 19 x 21 Turn: 653
2026-06-02 09:48:23 [self-0001-1-city] Route planned: Target = 180 Mode = strategy city-free reachable tiles = 291 Fallback-Tiles = 293
2026-06-02 09:48:23 [self-0001-1-city] Move #615: 142 -> 141 | Army: 148 | Target-Terrain: 1 | Target: 180 | Half: False
2026-06-02 09:48:23 [self-0001-1-city] My general index: 28
2026-06-02 09:48:23 [self-0001-1-city] Enemy general index: None
2026-06-02 09:48:23 [self-0001-1-city] Visible enemy tiles: 5
2026-06-02 09:48:23 [self-0001-1-city] Tiles: 31 / 117
2026-06-02 09:48:23 [self-0001-1-city] Map: 19 x 21 Turn: 654
2026-06-02 09:48:23 [self-0001-1-city] Route planned: Target = 142 Mode = defense city-free reachable tiles = 291 Fallback-Tiles = 293
2026-06-02 09:48:23 [self-0001-1-city] Priority agent: reverse -35000, edge reuse -9000 base = 209630 final = 165630
2026-06-02 09:48:23 [self-0001-1-city] Move #616: 141 -> 142 | Army: 144 | Target-Terrain: 0 | Target: 142 | Half: False
2026-06-02 09:48:24 [self-0001-1-city] My general index: 28
2026-06-02 09:48:24 [self-0001-1-city] Enemy general index: None
2026-06-02 09:48:24 [self-0001-1-city] Visible enemy tiles: 5
2026-06-02 09:48:24 [self-0001-1-city] Tiles: 31 / 117
2026-06-02 09:48:24 [self-0001-1-city] Map: 19 x 21 Turn: 655
2026-06-02 09:48:24 [self-0001-1-city] Route planned: Target = 180 Mode = defense city-free reachable tiles = 291 Fallback-Tiles = 293
2026-06-02 09:48:24 [self-0001-1-city] Priority agent: flow +6000 base = 42010 final = 48010
2026-06-02 09:48:24 [self-0001-1-city] Move #617: 142 -> 143 | Army: 142 | Target-Terrain: 1 | Target: 180 | Half: False
2026-06-02 09:48:24 [self-0001-1-city] My general index: 28
2026-06-02 09:48:24 [self-0001-1-city] Enemy general index: None
2026-06-02 09:48:24 [self-0001-1-city] Visible enemy tiles: 5
2026-06-02 09:48:24 [self-0001-1-city] Tiles: 31 / 117
2026-06-02 09:48:24 [self-0001-1-city] Map: 19 x 21 Turn: 656
2026-06-02 09:48:24 [self-0001-1-city] Route planned: Target = 142 Mode = defense city-free reachable tiles = 291 Fallback-Tiles = 293
2026-06-02 09:48:24 [self-0001-1-city] Priority agent: reverse -35000, edge reuse -9000 base = 213930 final = 169930
2026-06-02 09:48:24 [self-0001-1-city] Move #618: 143 -> 142 | Army: 140 | Target-Terrain: 0 | Target: 142 | Half: False
2026-06-02 09:48:25 [self-0001-1-city] My general index: 28
2026-06-02 09:48:25 [self-0001-1-city] Enemy general index: None
2026-06-02 09:48:25 [self-0001-1-city] Visible enemy tiles: 5
2026-06-02 09:48:25 [self-0001-1-city] Tiles: 31 / 118
2026-06-02 09:48:25 [self-0001-1-city] Map: 19 x 21 Turn: 657
2026-06-02 09:48:25 [self-0001-1-city] Route planned: Target = 180 Mode = defense city-free reachable tiles = 291 Fallback-Tiles = 293
2026-06-02 09:48:25 [self-0001-1-city] Move #619: 84 -> 103 | Army: 2 | Target-Terrain: 0 | Target: 180 | Half: False
2026-06-02 09:48:25 [self-0001-1-city] My general index: 28
2026-06-02 09:48:25 [self-0001-1-city] Enemy general index: None
2026-06-02 09:48:25 [self-0001-1-city] Visible enemy tiles: 5
2026-06-02 09:48:25 [self-0001-1-city] Tiles: 31 / 119
2026-06-02 09:48:25 [self-0001-1-city] Map: 19 x 21 Turn: 658
2026-06-02 09:48:25 [self-0001-1-city] Route planned: Target = 180 Mode = defense city-free reachable tiles = 291 Fallback-Tiles = 293
2026-06-02 09:48:25 [self-0001-1-city] Move #620: 66 -> 85 | Army: 2 | Target-Terrain: 0 | Target: 180 | Half: False
2026-06-02 09:48:26 [self-0001-1-city] My general index: 28
2026-06-02 09:48:26 [self-0001-1-city] Enemy general index: None
2026-06-02 09:48:26 [self-0001-1-city] Visible enemy tiles: 5
2026-06-02 09:48:26 [self-0001-1-city] Tiles: 31 / 120
2026-06-02 09:48:26 [self-0001-1-city] Map: 19 x 21 Turn: 659
2026-06-02 09:48:26 [self-0001-1-city] Route planned: Target = 180 Mode = defense city-free reachable tiles = 291 Fallback-Tiles = 293
2026-06-02 09:48:26 [self-0001-1-city] Move #621: 28 -> 47 | Army: 69 | Target-Terrain: 0 | Target: 180 | Half: True
2026-06-02 09:48:26 [self-0001-1-city] My general index: 28
2026-06-02 09:48:26 [self-0001-1-city] Enemy general index: None
2026-06-02 09:48:26 [self-0001-1-city] Visible enemy tiles: 5
2026-06-02 09:48:26 [self-0001-1-city] Tiles: 31 / 120
2026-06-02 09:48:26 [self-0001-1-city] Map: 19 x 21 Turn: 660
2026-06-02 09:48:26 [self-0001-1-city] Route planned: Target = 180 Mode = defense city-free reachable tiles = 291 Fallback-Tiles = 293
2026-06-02 09:48:26 [self-0001-1-city] Priority agent: edge reuse -18000 base = 55640 final = 37640
2026-06-02 09:48:26 [self-0001-1-city] Move #622: 142 -> 161 | Army: 140 | Target-Terrain: 1 | Target: 180 | Half: False
2026-06-02 09:48:27 [self-0001-1-city] My general index: 28
2026-06-02 09:48:27 [self-0001-1-city] Enemy general index: None
2026-06-02 09:48:27 [self-0001-1-city] Visible enemy tiles: 6
2026-06-02 09:48:27 [self-0001-1-city] Tiles: 32 / 120
2026-06-02 09:48:27 [self-0001-1-city] Map: 19 x 21 Turn: 661
2026-06-02 09:48:27 [self-0001-1-city] Route planned: Target = 142 Mode = defense city-free reachable tiles = 291 Fallback-Tiles = 293
2026-06-02 09:48:27 [self-0001-1-city] Move #623: 47 -> 66 | Army: 36 | Target-Terrain: 0 | Target: 142 | Half: False
2026-06-02 09:48:27 [self-0001-1-city] My general index: 28
2026-06-02 09:48:27 [self-0001-1-city] Enemy general index: None
2026-06-02 09:48:27 [self-0001-1-city] Visible enemy tiles: 6
2026-06-02 09:48:27 [self-0001-1-city] Tiles: 32 / 120
2026-06-02 09:48:27 [self-0001-1-city] Map: 19 x 21 Turn: 662
2026-06-02 09:48:27 [self-0001-1-city] Route planned: Target = 142 Mode = defense city-free reachable tiles = 291 Fallback-Tiles = 293
2026-06-02 09:48:27 [self-0001-1-city] Priority agent: edge reuse -27000 base = 195830 final = 168830
2026-06-02 09:48:27 [self-0001-1-city] Move #624: 161 -> 142 | Army: 138 | Target-Terrain: 0 | Target: 142 | Half: False
2026-06-02 09:48:28 [self-0001-1-city] My general index: 28
2026-06-02 09:48:28 [self-0001-1-city] Enemy general index: None
2026-06-02 09:48:28 [self-0001-1-city] Visible enemy tiles: 6
2026-06-02 09:48:28 [self-0001-1-city] Tiles: 32 / 121
2026-06-02 09:48:28 [self-0001-1-city] Map: 19 x 21 Turn: 663
2026-06-02 09:48:28 [self-0001-1-city] Route planned: Target = 180 Mode = strategy city-free reachable tiles = 291 Fallback-Tiles = 293
2026-06-02 09:48:28 [self-0001-1-city] Move #625: 85 -> 104 | Army: 3 | Target-Terrain: 0 | Target: 180 | Half: False
2026-06-02 09:48:28 [self-0001-1-city] My general index: 28
2026-06-02 09:48:28 [self-0001-1-city] Enemy general index: None
2026-06-02 09:48:28 [self-0001-1-city] Visible enemy tiles: 5
2026-06-02 09:48:28 [self-0001-1-city] Tiles: 31 / 122
2026-06-02 09:48:28 [self-0001-1-city] Map: 19 x 21 Turn: 664
2026-06-02 09:48:28 [self-0001-1-city] Route planned: Target = 180 Mode = strategy city-free reachable tiles = 291 Fallback-Tiles = 293
2026-06-02 09:48:28 [self-0001-1-city] Move #626: 86 -> 85 | Army: 2 | Target-Terrain: 0 | Target: 180 | Half: False
2026-06-02 09:48:29 [self-0001-1-city] My general index: 28
2026-06-02 09:48:29 [self-0001-1-city] Enemy general index: None
2026-06-02 09:48:29 [self-0001-1-city] Visible enemy tiles: 5
2026-06-02 09:48:29 [self-0001-1-city] Tiles: 31 / 122
2026-06-02 09:48:29 [self-0001-1-city] Map: 19 x 21 Turn: 665
2026-06-02 09:48:29 [self-0001-1-city] Route planned: Target = 180 Mode = strategy city-free reachable tiles = 291 Fallback-Tiles = 293
2026-06-02 09:48:29 [self-0001-1-city] Move #627: 65 -> 84 | Army: 2 | Target-Terrain: 0 | Target: 180 | Half: False
2026-06-02 09:48:29 [self-0001-1-city] My general index: 28
2026-06-02 09:48:29 [self-0001-1-city] Enemy general index: None
2026-06-02 09:48:29 [self-0001-1-city] Visible enemy tiles: 5
2026-06-02 09:48:29 [self-0001-1-city] Tiles: 31 / 122
2026-06-02 09:48:29 [self-0001-1-city] Map: 19 x 21 Turn: 666
2026-06-02 09:48:29 [self-0001-1-city] Route planned: Target = 180 Mode = strategy city-free reachable tiles = 291 Fallback-Tiles = 293
2026-06-02 09:48:29 [self-0001-1-city] Move #628: 67 -> 86 | Army: 2 | Target-Terrain: 0 | Target: 180 | Half: False
2026-06-02 09:48:30 [self-0001-1-city] My general index: 28
2026-06-02 09:48:30 [self-0001-1-city] Enemy general index: None
2026-06-02 09:48:30 [self-0001-1-city] Visible enemy tiles: 5
2026-06-02 09:48:30 [self-0001-1-city] Tiles: 31 / 122
2026-06-02 09:48:30 [self-0001-1-city] Map: 19 x 21 Turn: 667
2026-06-02 09:48:30 [self-0001-1-city] Route planned: Target = 180 Mode = strategy city-free reachable tiles = 291 Fallback-Tiles = 293
2026-06-02 09:48:30 [self-0001-1-city] Move #629: 83 -> 102 | Army: 2 | Target-Terrain: 0 | Target: 180 | Half: False
2026-06-02 09:48:30 [self-0001-1-city] My general index: 28
2026-06-02 09:48:30 [self-0001-1-city] Enemy general index: None
2026-06-02 09:48:30 [self-0001-1-city] Visible enemy tiles: 5
2026-06-02 09:48:30 [self-0001-1-city] Tiles: 31 / 122
2026-06-02 09:48:30 [self-0001-1-city] Map: 19 x 21 Turn: 668
2026-06-02 09:48:30 [self-0001-1-city] Route planned: Target = 180 Mode = strategy city-free reachable tiles = 291 Fallback-Tiles = 293
2026-06-02 09:48:30 [self-0001-1-city] Move #630: 87 -> 86 | Army: 2 | Target-Terrain: 0 | Target: 180 | Half: False
2026-06-02 09:48:31 [self-0001-1-city] My general index: 28
2026-06-02 09:48:31 [self-0001-1-city] Enemy general index: None
2026-06-02 09:48:31 [self-0001-1-city] Visible enemy tiles: 6
2026-06-02 09:48:31 [self-0001-1-city] Tiles: 31 / 123
2026-06-02 09:48:31 [self-0001-1-city] Map: 19 x 21 Turn: 669
2026-06-02 09:48:31 [self-0001-1-city] Route planned: Target = 180 Mode = strategy city-free reachable tiles = 291 Fallback-Tiles = 293
2026-06-02 09:48:31 [self-0001-1-city] Move #631: 142 -> 141 | Army: 138 | Target-Terrain: 1 | Target: 180 | Half: False
2026-06-02 09:48:31 [self-0001-1-city] My general index: 28
2026-06-02 09:48:31 [self-0001-1-city] Enemy general index: None
2026-06-02 09:48:31 [self-0001-1-city] Visible enemy tiles: 5
2026-06-02 09:48:31 [self-0001-1-city] Tiles: 32 / 122
2026-06-02 09:48:31 [self-0001-1-city] Map: 19 x 21 Turn: 670
2026-06-02 09:48:31 [self-0001-1-city] Route planned: Target = 142 Mode = defense city-free reachable tiles = 291 Fallback-Tiles = 293
2026-06-02 09:48:31 [self-0001-1-city] Priority agent: reverse -35000, edge reuse -9000 base = 209630 final = 165630
2026-06-02 09:48:31 [self-0001-1-city] Move #632: 141 -> 142 | Army: 136 | Target-Terrain: 0 | Target: 142 | Half: False
2026-06-02 09:48:32 [self-0001-1-city] My general index: 28
2026-06-02 09:48:32 [self-0001-1-city] Enemy general index: None
2026-06-02 09:48:32 [self-0001-1-city] Visible enemy tiles: 5
2026-06-02 09:48:32 [self-0001-1-city] Tiles: 32 / 122
2026-06-02 09:48:32 [self-0001-1-city] Map: 19 x 21 Turn: 671
2026-06-02 09:48:32 [self-0001-1-city] Route planned: Target = 180 Mode = defense city-free reachable tiles = 291 Fallback-Tiles = 293
2026-06-02 09:48:32 [self-0001-1-city] Priority agent: edge reuse -18000, flow +6000 base = 58703 final = 46703
2026-06-02 09:48:32 [self-0001-1-city] Move #633: 142 -> 161 | Army: 43 | Target-Terrain: 1 | Target: 180 | Half: False
2026-06-02 09:48:32 [self-0001-1-city] My general index: 28
2026-06-02 09:48:32 [self-0001-1-city] Enemy general index: None
2026-06-02 09:48:32 [self-0001-1-city] Visible enemy tiles: 6
2026-06-02 09:48:32 [self-0001-1-city] Tiles: 33 / 121
2026-06-02 09:48:32 [self-0001-1-city] Map: 19 x 21 Turn: 672
2026-06-02 09:48:32 [self-0001-1-city] Route planned: Target = 142 Mode = defense city-free reachable tiles = 291 Fallback-Tiles = 293
2026-06-02 09:48:32 [self-0001-1-city] Move #634: 84 -> 103 | Army: 2 | Target-Terrain: 0 | Target: 142 | Half: False
2026-06-02 09:48:33 [self-0001-1-city] My general index: 28
2026-06-02 09:48:33 [self-0001-1-city] Enemy general index: None
2026-06-02 09:48:33 [self-0001-1-city] Visible enemy tiles: 6
2026-06-02 09:48:33 [self-0001-1-city] Tiles: 33 / 121
2026-06-02 09:48:33 [self-0001-1-city] Map: 19 x 21 Turn: 673
2026-06-02 09:48:33 [self-0001-1-city] Route planned: Target = 142 Mode = defense city-free reachable tiles = 291 Fallback-Tiles = 293
2026-06-02 09:48:33 [self-0001-1-city] Priority agent: edge reuse -27000 base = 195791 final = 168791
2026-06-02 09:48:33 [self-0001-1-city] Move #635: 161 -> 142 | Army: 41 | Target-Terrain: 0 | Target: 142 | Half: False
2026-06-02 09:48:33 [self-0001-1-city] My general index: 28
2026-06-02 09:48:33 [self-0001-1-city] Enemy general index: None
2026-06-02 09:48:33 [self-0001-1-city] Visible enemy tiles: 6
2026-06-02 09:48:33 [self-0001-1-city] Tiles: 33 / 122
2026-06-02 09:48:33 [self-0001-1-city] Map: 19 x 21 Turn: 674
2026-06-02 09:48:33 [self-0001-1-city] Route planned: Target = 180 Mode = strategy city-free reachable tiles = 291 Fallback-Tiles = 293
2026-06-02 09:48:33 [self-0001-1-city] Move #636: 66 -> 85 | Army: 36 | Target-Terrain: 0 | Target: 180 | Half: False
2026-06-02 09:48:34 [self-0001-1-city] My general index: 28
2026-06-02 09:48:34 [self-0001-1-city] Enemy general index: None
2026-06-02 09:48:34 [self-0001-1-city] Visible enemy tiles: 6
2026-06-02 09:48:34 [self-0001-1-city] Tiles: 33 / 122
2026-06-02 09:48:34 [self-0001-1-city] Map: 19 x 21 Turn: 675
2026-06-02 09:48:34 [self-0001-1-city] Route planned: Target = 180 Mode = strategy city-free reachable tiles = 291 Fallback-Tiles = 293
2026-06-02 09:48:34 [self-0001-1-city] Move #637: 64 -> 83 | Army: 8 | Target-Terrain: 0 | Target: 180 | Half: False
2026-06-02 09:48:34 [self-0001-1-city] My general index: 28
2026-06-02 09:48:34 [self-0001-1-city] Enemy general index: None
2026-06-02 09:48:34 [self-0001-1-city] Visible enemy tiles: 6
2026-06-02 09:48:34 [self-0001-1-city] Tiles: 33 / 122
2026-06-02 09:48:34 [self-0001-1-city] Map: 19 x 21 Turn: 676
2026-06-02 09:48:34 [self-0001-1-city] Route planned: Target = 180 Mode = strategy city-free reachable tiles = 291 Fallback-Tiles = 293
2026-06-02 09:48:34 [self-0001-1-city] Move #638: 46 -> 65 | Army: 2 | Target-Terrain: 0 | Target: 180 | Half: False
2026-06-02 09:48:35 [self-0001-1-city] My general index: 28
2026-06-02 09:48:35 [self-0001-1-city] Enemy general index: None
2026-06-02 09:48:35 [self-0001-1-city] Visible enemy tiles: 6
2026-06-02 09:48:35 [self-0001-1-city] Tiles: 33 / 122
2026-06-02 09:48:35 [self-0001-1-city] Map: 19 x 21 Turn: 677
2026-06-02 09:48:35 [self-0001-1-city] Route planned: Target = 180 Mode = strategy city-free reachable tiles = 291 Fallback-Tiles = 293
2026-06-02 09:48:35 [self-0001-1-city] Move #639: 48 -> 67 | Army: 2 | Target-Terrain: 0 | Target: 180 | Half: False
2026-06-02 09:48:35 [self-0001-1-city] My general index: 28
2026-06-02 09:48:35 [self-0001-1-city] Enemy general index: None
2026-06-02 09:48:35 [self-0001-1-city] Visible enemy tiles: 6
2026-06-02 09:48:35 [self-0001-1-city] Tiles: 33 / 122
2026-06-02 09:48:35 [self-0001-1-city] Map: 19 x 21 Turn: 678
2026-06-02 09:48:35 [self-0001-1-city] Route planned: Target = 180 Mode = strategy city-free reachable tiles = 291 Fallback-Tiles = 293
2026-06-02 09:48:35 [self-0001-1-city] Move #640: 68 -> 87 | Army: 2 | Target-Terrain: 0 | Target: 180 | Half: False
2026-06-02 09:48:36 [self-0001-1-city] My general index: 28
2026-06-02 09:48:36 [self-0001-1-city] Enemy general index: None
2026-06-02 09:48:36 [self-0001-1-city] Visible enemy tiles: 6
2026-06-02 09:48:36 [self-0001-1-city] Tiles: 33 / 122
2026-06-02 09:48:36 [self-0001-1-city] Map: 19 x 21 Turn: 679
2026-06-02 09:48:36 [self-0001-1-city] Route planned: Target = 180 Mode = strategy city-free reachable tiles = 291 Fallback-Tiles = 293
2026-06-02 09:48:36 [self-0001-1-city] Move #641: 85 -> 104 | Army: 37 | Target-Terrain: 0 | Target: 180 | Half: False
2026-06-02 09:48:36 [self-0001-1-city] My general index: 28
2026-06-02 09:48:36 [self-0001-1-city] Enemy general index: None
2026-06-02 09:48:36 [self-0001-1-city] Visible enemy tiles: 6
2026-06-02 09:48:36 [self-0001-1-city] Tiles: 33 / 122
2026-06-02 09:48:36 [self-0001-1-city] Map: 19 x 21 Turn: 680
2026-06-02 09:48:36 [self-0001-1-city] Route planned: Target = 180 Mode = strategy city-free reachable tiles = 291 Fallback-Tiles = 293
2026-06-02 09:48:36 [self-0001-1-city] Move #642: 86 -> 85 | Army: 3 | Target-Terrain: 0 | Target: 180 | Half: False
2026-06-02 09:48:37 [self-0001-1-city] My general index: 28
2026-06-02 09:48:37 [self-0001-1-city] Enemy general index: None
2026-06-02 09:48:37 [self-0001-1-city] Visible enemy tiles: 6
2026-06-02 09:48:37 [self-0001-1-city] Tiles: 33 / 122
2026-06-02 09:48:37 [self-0001-1-city] Map: 19 x 21 Turn: 681
2026-06-02 09:48:37 [self-0001-1-city] Route planned: Target = 180 Mode = strategy city-free reachable tiles = 291 Fallback-Tiles = 293
2026-06-02 09:48:37 [self-0001-1-city] Move #643: 65 -> 84 | Army: 2 | Target-Terrain: 0 | Target: 180 | Half: False
2026-06-02 09:48:37 [self-0001-1-city] My general index: 28
2026-06-02 09:48:37 [self-0001-1-city] Enemy general index: None
2026-06-02 09:48:37 [self-0001-1-city] Visible enemy tiles: 6
2026-06-02 09:48:37 [self-0001-1-city] Tiles: 33 / 122
2026-06-02 09:48:37 [self-0001-1-city] Map: 19 x 21 Turn: 682
2026-06-02 09:48:37 [self-0001-1-city] Route planned: Target = 180 Mode = strategy city-free reachable tiles = 291 Fallback-Tiles = 293
2026-06-02 09:48:37 [self-0001-1-city] Move #644: 83 -> 102 | Army: 8 | Target-Terrain: 0 | Target: 180 | Half: False
2026-06-02 09:48:38 [self-0001-1-city] My general index: 28
2026-06-02 09:48:38 [self-0001-1-city] Enemy general index: None
2026-06-02 09:48:38 [self-0001-1-city] Visible enemy tiles: 6
2026-06-02 09:48:38 [self-0001-1-city] Tiles: 33 / 122
2026-06-02 09:48:38 [self-0001-1-city] Map: 19 x 21 Turn: 683
2026-06-02 09:48:38 [self-0001-1-city] Route planned: Target = 180 Mode = strategy city-free reachable tiles = 291 Fallback-Tiles = 293
2026-06-02 09:48:38 [self-0001-1-city] Move #645: 67 -> 86 | Army: 2 | Target-Terrain: 0 | Target: 180 | Half: False
2026-06-02 09:48:38 [self-0001-1-city] My general index: 28
2026-06-02 09:48:38 [self-0001-1-city] Enemy general index: None
2026-06-02 09:48:38 [self-0001-1-city] Visible enemy tiles: 6
2026-06-02 09:48:38 [self-0001-1-city] Tiles: 33 / 122
2026-06-02 09:48:38 [self-0001-1-city] Map: 19 x 21 Turn: 684
2026-06-02 09:48:38 [self-0001-1-city] Reinforcement waypoint: 180 final target = 180 turns until reinforcement = 16
2026-06-02 09:48:38 [self-0001-1-city] Route planned: Target = 180 Mode = reinforcement_waypoint city-free reachable tiles = 291 Fallback-Tiles = 293
2026-06-02 09:48:38 [self-0001-1-city] Move #646: 87 -> 86 | Army: 2 | Target-Terrain: 0 | Target: 180 | Half: False
2026-06-02 09:48:39 [self-0001-1-city] My general index: 28
2026-06-02 09:48:39 [self-0001-1-city] Enemy general index: None
2026-06-02 09:48:39 [self-0001-1-city] Visible enemy tiles: 6
2026-06-02 09:48:39 [self-0001-1-city] Tiles: 33 / 122
2026-06-02 09:48:39 [self-0001-1-city] Map: 19 x 21 Turn: 685
2026-06-02 09:48:39 [self-0001-1-city] Reinforcement waypoint: 180 final target = 180 turns until reinforcement = 15
2026-06-02 09:48:39 [self-0001-1-city] Route planned: Target = 180 Mode = reinforcement_waypoint city-free reachable tiles = 291 Fallback-Tiles = 293
2026-06-02 09:48:39 [self-0001-1-city] Move #647: 27 -> 46 | Army: 3 | Target-Terrain: 0 | Target: 180 | Half: False
2026-06-02 09:48:39 [self-0001-1-city] My general index: 28
2026-06-02 09:48:39 [self-0001-1-city] Enemy general index: None
2026-06-02 09:48:39 [self-0001-1-city] Visible enemy tiles: 6
2026-06-02 09:48:39 [self-0001-1-city] Tiles: 33 / 122
2026-06-02 09:48:39 [self-0001-1-city] Map: 19 x 21 Turn: 686
2026-06-02 09:48:39 [self-0001-1-city] Reinforcement waypoint: 180 final target = 180 turns until reinforcement = 14
2026-06-02 09:48:39 [self-0001-1-city] Route planned: Target = 180 Mode = reinforcement_waypoint city-free reachable tiles = 291 Fallback-Tiles = 293
2026-06-02 09:48:39 [self-0001-1-city] Move #648: 45 -> 64 | Army: 2 | Target-Terrain: 0 | Target: 180 | Half: False
2026-06-02 09:48:40 [self-0001-1-city] My general index: 28
2026-06-02 09:48:40 [self-0001-1-city] Enemy general index: None
2026-06-02 09:48:40 [self-0001-1-city] Visible enemy tiles: 6
2026-06-02 09:48:40 [self-0001-1-city] Tiles: 33 / 122
2026-06-02 09:48:40 [self-0001-1-city] Map: 19 x 21 Turn: 687
2026-06-02 09:48:40 [self-0001-1-city] Reinforcement waypoint: 180 final target = 180 turns until reinforcement = 13
2026-06-02 09:48:40 [self-0001-1-city] Route planned: Target = 180 Mode = reinforcement_waypoint city-free reachable tiles = 291 Fallback-Tiles = 293
2026-06-02 09:48:40 [self-0001-1-city] Move #649: 84 -> 103 | Army: 2 | Target-Terrain: 0 | Target: 180 | Half: False
2026-06-02 09:48:40 [self-0001-1-city] My general index: 28
2026-06-02 09:48:40 [self-0001-1-city] Enemy general index: None
2026-06-02 09:48:40 [self-0001-1-city] Visible enemy tiles: 6
2026-06-02 09:48:40 [self-0001-1-city] Tiles: 33 / 122
2026-06-02 09:48:40 [self-0001-1-city] Map: 19 x 21 Turn: 688
2026-06-02 09:48:40 [self-0001-1-city] Reinforcement waypoint: 180 final target = 180 turns until reinforcement = 12
2026-06-02 09:48:40 [self-0001-1-city] Route planned: Target = 180 Mode = reinforcement_waypoint city-free reachable tiles = 291 Fallback-Tiles = 293
2026-06-02 09:48:40 [self-0001-1-city] Move #650: 49 -> 68 | Army: 2 | Target-Terrain: 0 | Target: 180 | Half: False
2026-06-02 09:48:41 [self-0001-1-city] My general index: 28
2026-06-02 09:48:41 [self-0001-1-city] Enemy general index: None
2026-06-02 09:48:41 [self-0001-1-city] Visible enemy tiles: 6
2026-06-02 09:48:41 [self-0001-1-city] Tiles: 33 / 122
2026-06-02 09:48:41 [self-0001-1-city] Map: 19 x 21 Turn: 689
2026-06-02 09:48:41 [self-0001-1-city] Reinforcement waypoint: 161 final target = 180 turns until reinforcement = 11
2026-06-02 09:48:41 [self-0001-1-city] Route planned: Target = 161 Mode = reinforcement_waypoint city-free reachable tiles = 291 Fallback-Tiles = 293
2026-06-02 09:48:41 [self-0001-1-city] Move #651: 63 -> 82 | Army: 2 | Target-Terrain: 0 | Target: 161 | Half: False
2026-06-02 09:48:41 [self-0001-1-city] My general index: 28
2026-06-02 09:48:41 [self-0001-1-city] Enemy general index: None
2026-06-02 09:48:41 [self-0001-1-city] Visible enemy tiles: 6
2026-06-02 09:48:41 [self-0001-1-city] Tiles: 33 / 122
2026-06-02 09:48:41 [self-0001-1-city] Map: 19 x 21 Turn: 690
2026-06-02 09:48:41 [self-0001-1-city] Reinforcement waypoint: 161 final target = 180 turns until reinforcement = 10
2026-06-02 09:48:41 [self-0001-1-city] Route planned: Target = 161 Mode = reinforcement_waypoint city-free reachable tiles = 291 Fallback-Tiles = 293
2026-06-02 09:48:41 [self-0001-1-city] Move #652: 26 -> 45 | Army: 5 | Target-Terrain: 0 | Target: 161 | Half: False
2026-06-02 09:48:42 [self-0001-1-city] My general index: 28
2026-06-02 09:48:42 [self-0001-1-city] Enemy general index: None
2026-06-02 09:48:42 [self-0001-1-city] Visible enemy tiles: 6
2026-06-02 09:48:42 [self-0001-1-city] Tiles: 33 / 122
2026-06-02 09:48:42 [self-0001-1-city] Map: 19 x 21 Turn: 691
2026-06-02 09:48:42 [self-0001-1-city] Reinforcement waypoint: 161 final target = 180 turns until reinforcement = 9
2026-06-02 09:48:42 [self-0001-1-city] Route planned: Target = 161 Mode = reinforcement_waypoint city-free reachable tiles = 291 Fallback-Tiles = 293
2026-06-02 09:48:42 [self-0001-1-city] Move #653: 46 -> 65 | Army: 3 | Target-Terrain: 0 | Target: 161 | Half: False
2026-06-02 09:48:42 [self-0001-1-city] My general index: 28
2026-06-02 09:48:42 [self-0001-1-city] Enemy general index: None
2026-06-02 09:48:42 [self-0001-1-city] Visible enemy tiles: 6
2026-06-02 09:48:42 [self-0001-1-city] Tiles: 33 / 122
2026-06-02 09:48:42 [self-0001-1-city] Map: 19 x 21 Turn: 692
2026-06-02 09:48:42 [self-0001-1-city] Reinforcement waypoint: 161 final target = 180 turns until reinforcement = 8
2026-06-02 09:48:42 [self-0001-1-city] Route planned: Target = 161 Mode = reinforcement_waypoint city-free reachable tiles = 291 Fallback-Tiles = 293
2026-06-02 09:48:42 [self-0001-1-city] Move #654: 64 -> 83 | Army: 2 | Target-Terrain: 0 | Target: 161 | Half: False
2026-06-02 09:48:43 [self-0001-1-city] My general index: 28
2026-06-02 09:48:43 [self-0001-1-city] Enemy general index: None
2026-06-02 09:48:43 [self-0001-1-city] Visible enemy tiles: 6
2026-06-02 09:48:43 [self-0001-1-city] Tiles: 33 / 122
2026-06-02 09:48:43 [self-0001-1-city] Map: 19 x 21 Turn: 693
2026-06-02 09:48:43 [self-0001-1-city] Reinforcement waypoint: 161 final target = 180 turns until reinforcement = 7
2026-06-02 09:48:43 [self-0001-1-city] Route planned: Target = 161 Mode = reinforcement_waypoint city-free reachable tiles = 291 Fallback-Tiles = 293
2026-06-02 09:48:43 [self-0001-1-city] Move #655: 68 -> 87 | Army: 2 | Target-Terrain: 0 | Target: 161 | Half: False
2026-06-02 09:48:43 [self-0001-1-city] My general index: 28
2026-06-02 09:48:43 [self-0001-1-city] Enemy general index: None
2026-06-02 09:48:43 [self-0001-1-city] Visible enemy tiles: 6
2026-06-02 09:48:43 [self-0001-1-city] Tiles: 33 / 122
2026-06-02 09:48:43 [self-0001-1-city] Map: 19 x 21 Turn: 694
2026-06-02 09:48:43 [self-0001-1-city] Reinforcement waypoint: 161 final target = 180 turns until reinforcement = 6
2026-06-02 09:48:43 [self-0001-1-city] Route planned: Target = 161 Mode = reinforcement_waypoint city-free reachable tiles = 291 Fallback-Tiles = 293
2026-06-02 09:48:43 [self-0001-1-city] Move #656: 85 -> 104 | Army: 3 | Target-Terrain: 0 | Target: 161 | Half: False
2026-06-02 09:48:44 [self-0001-1-city] My general index: 28
2026-06-02 09:48:44 [self-0001-1-city] Enemy general index: None
2026-06-02 09:48:44 [self-0001-1-city] Visible enemy tiles: 6
2026-06-02 09:48:44 [self-0001-1-city] Tiles: 33 / 122
2026-06-02 09:48:44 [self-0001-1-city] Map: 19 x 21 Turn: 695
2026-06-02 09:48:44 [self-0001-1-city] Reinforcement waypoint: 161 final target = 180 turns until reinforcement = 5
2026-06-02 09:48:44 [self-0001-1-city] Route planned: Target = 161 Mode = reinforcement_waypoint city-free reachable tiles = 291 Fallback-Tiles = 293
2026-06-02 09:48:44 [self-0001-1-city] Move #657: 86 -> 85 | Army: 3 | Target-Terrain: 0 | Target: 161 | Half: False
2026-06-02 09:48:44 [self-0001-1-city] My general index: 28
2026-06-02 09:48:44 [self-0001-1-city] Enemy general index: None
2026-06-02 09:48:44 [self-0001-1-city] Visible enemy tiles: 6
2026-06-02 09:48:44 [self-0001-1-city] Tiles: 33 / 122
2026-06-02 09:48:44 [self-0001-1-city] Map: 19 x 21 Turn: 696
2026-06-02 09:48:44 [self-0001-1-city] Reinforcement waypoint: 161 final target = 180 turns until reinforcement = 4
2026-06-02 09:48:44 [self-0001-1-city] Route planned: Target = 161 Mode = reinforcement_waypoint city-free reachable tiles = 291 Fallback-Tiles = 293
2026-06-02 09:48:44 [self-0001-1-city] Move #658: 65 -> 84 | Army: 3 | Target-Terrain: 0 | Target: 161 | Half: False
2026-06-02 09:48:45 [self-0001-1-city] Coach: stabilize tiles 33/122 army 220/1156 cities 0/0 enemy_city_suspect True bias {'expansion_bias': 0.1, 'city_bias': 0.8, 'attack_bias': -0.30000000000000004, 'defense_bias': 1.2, 'route_bias': 0.3}
2026-06-02 09:48:45 [self-0001-1-city] My general index: 28
2026-06-02 09:48:45 [self-0001-1-city] Enemy general index: None
2026-06-02 09:48:45 [self-0001-1-city] Visible enemy tiles: 6
2026-06-02 09:48:45 [self-0001-1-city] Tiles: 33 / 122
2026-06-02 09:48:45 [self-0001-1-city] Map: 19 x 21 Turn: 697
2026-06-02 09:48:45 [self-0001-1-city] Reinforcement waypoint: 161 final target = 180 turns until reinforcement = 3
2026-06-02 09:48:45 [self-0001-1-city] Route planned: Target = 161 Mode = reinforcement_waypoint city-free reachable tiles = 291 Fallback-Tiles = 293
2026-06-02 09:48:45 [self-0001-1-city] Move #659: 83 -> 102 | Army: 2 | Target-Terrain: 0 | Target: 161 | Half: False
2026-06-02 09:48:45 [self-0001-1-city] My general index: 28
2026-06-02 09:48:45 [self-0001-1-city] Enemy general index: None
2026-06-02 09:48:45 [self-0001-1-city] Visible enemy tiles: 6
2026-06-02 09:48:45 [self-0001-1-city] Tiles: 33 / 122
2026-06-02 09:48:45 [self-0001-1-city] Map: 19 x 21 Turn: 698
2026-06-02 09:48:45 [self-0001-1-city] Reinforcement waypoint: 161 final target = 180 turns until reinforcement = 2
2026-06-02 09:48:45 [self-0001-1-city] Route planned: Target = 161 Mode = reinforcement_waypoint city-free reachable tiles = 291 Fallback-Tiles = 293
2026-06-02 09:48:45 [self-0001-1-city] Move #660: 62 -> 81 | Army: 2 | Target-Terrain: 0 | Target: 161 | Half: False
2026-06-02 09:48:46 [self-0001-1-city] My general index: 28
2026-06-02 09:48:46 [self-0001-1-city] Enemy general index: None
2026-06-02 09:48:46 [self-0001-1-city] Visible enemy tiles: 6
2026-06-02 09:48:46 [self-0001-1-city] Tiles: 33 / 122
2026-06-02 09:48:46 [self-0001-1-city] Map: 19 x 21 Turn: 699
2026-06-02 09:48:46 [self-0001-1-city] Reinforcement waypoint: 161 final target = 180 turns until reinforcement = 1
2026-06-02 09:48:46 [self-0001-1-city] Route planned: Target = 161 Mode = reinforcement_waypoint city-free reachable tiles = 291 Fallback-Tiles = 293
2026-06-02 09:48:46 [self-0001-1-city] Move #661: 87 -> 86 | Army: 2 | Target-Terrain: 0 | Target: 161 | Half: False
2026-06-02 09:48:46 [self-0001-1-city] My general index: 28
2026-06-02 09:48:46 [self-0001-1-city] Enemy general index: None
2026-06-02 09:48:46 [self-0001-1-city] Visible enemy tiles: 6
2026-06-02 09:48:46 [self-0001-1-city] Tiles: 33 / 122
2026-06-02 09:48:46 [self-0001-1-city] Map: 19 x 21 Turn: 700
2026-06-02 09:48:46 [self-0001-1-city] Route planned: Target = 180 Mode = strategy city-free reachable tiles = 291 Fallback-Tiles = 293
2026-06-02 09:48:46 [self-0001-1-city] Move #662: 143 -> 142 | Army: 2 | Target-Terrain: 0 | Target: 180 | Half: False
2026-06-02 09:48:47 [self-0001-1-city] My general index: 28
2026-06-02 09:48:47 [self-0001-1-city] Enemy general index: None
2026-06-02 09:48:47 [self-0001-1-city] Visible enemy tiles: 6
2026-06-02 09:48:47 [self-0001-1-city] Tiles: 33 / 123
2026-06-02 09:48:47 [self-0001-1-city] Map: 19 x 21 Turn: 701
2026-06-02 09:48:47 [self-0001-1-city] Route planned: Target = 180 Mode = strategy city-free reachable tiles = 291 Fallback-Tiles = 293
2026-06-02 09:48:47 [self-0001-1-city] Move #663: 66 -> 85 | Army: 2 | Target-Terrain: 0 | Target: 180 | Half: False
2026-06-02 09:48:47 [self-0001-1-city] My general index: 28
2026-06-02 09:48:47 [self-0001-1-city] Enemy general index: None
2026-06-02 09:48:47 [self-0001-1-city] Visible enemy tiles: 6
2026-06-02 09:48:47 [self-0001-1-city] Tiles: 33 / 124
2026-06-02 09:48:47 [self-0001-1-city] Map: 19 x 21 Turn: 702
2026-06-02 09:48:47 [self-0001-1-city] Route planned: Target = 180 Mode = strategy city-free reachable tiles = 291 Fallback-Tiles = 293
2026-06-02 09:48:47 [self-0001-1-city] Move #664: 84 -> 103 | Army: 4 | Target-Terrain: 0 | Target: 180 | Half: False
2026-06-02 09:48:48 [self-0001-1-city] My general index: 28
2026-06-02 09:48:48 [self-0001-1-city] Enemy general index: None
2026-06-02 09:48:48 [self-0001-1-city] Visible enemy tiles: 6
2026-06-02 09:48:48 [self-0001-1-city] Tiles: 33 / 125
2026-06-02 09:48:48 [self-0001-1-city] Map: 19 x 21 Turn: 703
2026-06-02 09:48:48 [self-0001-1-city] Route planned: Target = 180 Mode = strategy city-free reachable tiles = 291 Fallback-Tiles = 293
2026-06-02 09:48:48 [self-0001-1-city] Move #665: 47 -> 66 | Army: 2 | Target-Terrain: 0 | Target: 180 | Half: False
2026-06-02 09:48:48 [self-0001-1-city] My general index: 28
2026-06-02 09:48:48 [self-0001-1-city] Enemy general index: None
2026-06-02 09:48:48 [self-0001-1-city] Visible enemy tiles: 7
2026-06-02 09:48:48 [self-0001-1-city] Tiles: 33 / 126
2026-06-02 09:48:48 [self-0001-1-city] Map: 19 x 21 Turn: 704
2026-06-02 09:48:48 [self-0001-1-city] Route planned: Target = 180 Mode = strategy city-free reachable tiles = 291 Fallback-Tiles = 293
2026-06-02 09:48:48 [self-0001-1-city] Move #666: 81 -> 80 | Army: 14 | Target-Terrain: 1 | Target: 180 | Half: False
2026-06-02 09:48:49 [self-0001-1-city] My general index: 28
2026-06-02 09:48:49 [self-0001-1-city] Enemy general index: None
2026-06-02 09:48:49 [self-0001-1-city] Visible enemy tiles: 9
2026-06-02 09:48:49 [self-0001-1-city] Tiles: 34 / 125
2026-06-02 09:48:49 [self-0001-1-city] Map: 19 x 21 Turn: 705
2026-06-02 09:48:49 [self-0001-1-city] Route planned: Target = 180 Mode = strategy city-free reachable tiles = 291 Fallback-Tiles = 293
2026-06-02 09:48:49 [self-0001-1-city] Priority agent: flow +6000 base = 37922 final = 43922
2026-06-02 09:48:49 [self-0001-1-city] Move #667: 80 -> 61 | Army: 12 | Target-Terrain: 1 | Target: 180 | Half: False
2026-06-02 09:48:49 [self-0001-1-city] My general index: 28
2026-06-02 09:48:49 [self-0001-1-city] Enemy general index: None
2026-06-02 09:48:49 [self-0001-1-city] Visible enemy tiles: 8
2026-06-02 09:48:49 [self-0001-1-city] Tiles: 35 / 124
2026-06-02 09:48:49 [self-0001-1-city] Map: 19 x 21 Turn: 706
2026-06-02 09:48:49 [self-0001-1-city] Route planned: Target = 180 Mode = strategy city-free reachable tiles = 291 Fallback-Tiles = 293
2026-06-02 09:48:49 [self-0001-1-city] Priority agent: flow +6000 base = 38129 final = 44129
2026-06-02 09:48:49 [self-0001-1-city] Move #668: 61 -> 60 | Army: 9 | Target-Terrain: 1 | Target: 180 | Half: False
2026-06-02 09:48:50 [self-0001-1-city] My general index: 28
2026-06-02 09:48:50 [self-0001-1-city] Enemy general index: None
2026-06-02 09:48:50 [self-0001-1-city] Visible enemy tiles: 7
2026-06-02 09:48:50 [self-0001-1-city] Tiles: 36 / 123
2026-06-02 09:48:50 [self-0001-1-city] Map: 19 x 21 Turn: 707
2026-06-02 09:48:50 [self-0001-1-city] Route planned: Target = 180 Mode = strategy city-free reachable tiles = 291 Fallback-Tiles = 294
2026-06-02 09:48:50 [self-0001-1-city] Priority agent: flow +6000 base = 72966 final = 78966
2026-06-02 09:48:50 [self-0001-1-city] Move #669: 60 -> 79 | Army: 6 | Target-Terrain: 1 | Target: 180 | Half: False
2026-06-02 09:48:50 [self-0001-1-city] My general index: 28
2026-06-02 09:48:50 [self-0001-1-city] Enemy general index: None
2026-06-02 09:48:50 [self-0001-1-city] Visible enemy tiles: 6
2026-06-02 09:48:50 [self-0001-1-city] Tiles: 37 / 122
2026-06-02 09:48:50 [self-0001-1-city] Map: 19 x 21 Turn: 708
2026-06-02 09:48:50 [self-0001-1-city] Route planned: Target = 180 Mode = strategy city-free reachable tiles = 291 Fallback-Tiles = 294
2026-06-02 09:48:50 [self-0001-1-city] Move #670: 28 -> 47 | Army: 61 | Target-Terrain: 0 | Target: 180 | Half: True
2026-06-02 09:48:51 [self-0001-1-city] My general index: 28
2026-06-02 09:48:51 [self-0001-1-city] Enemy general index: None
2026-06-02 09:48:51 [self-0001-1-city] Visible enemy tiles: 6
2026-06-02 09:48:51 [self-0001-1-city] Tiles: 37 / 122
2026-06-02 09:48:51 [self-0001-1-city] Map: 19 x 21 Turn: 709
2026-06-02 09:48:51 [self-0001-1-city] Route planned: Target = 180 Mode = strategy city-free reachable tiles = 291 Fallback-Tiles = 294
2026-06-02 09:48:51 [self-0001-1-city] Move #671: 85 -> 104 | Army: 5 | Target-Terrain: 0 | Target: 180 | Half: False
2026-06-02 09:48:51 [self-0001-1-city] My general index: 28
2026-06-02 09:48:51 [self-0001-1-city] Enemy general index: None
2026-06-02 09:48:51 [self-0001-1-city] Visible enemy tiles: 6
2026-06-02 09:48:51 [self-0001-1-city] Tiles: 37 / 122
2026-06-02 09:48:51 [self-0001-1-city] Map: 19 x 21 Turn: 710
2026-06-02 09:48:51 [self-0001-1-city] Route planned: Target = 180 Mode = strategy city-free reachable tiles = 291 Fallback-Tiles = 294
2026-06-02 09:48:51 [self-0001-1-city] Move #672: 86 -> 85 | Army: 3 | Target-Terrain: 0 | Target: 180 | Half: False
2026-06-02 09:48:52 [self-0001-1-city] My general index: 28
2026-06-02 09:48:52 [self-0001-1-city] Enemy general index: None
2026-06-02 09:48:52 [self-0001-1-city] Visible enemy tiles: 6
2026-06-02 09:48:52 [self-0001-1-city] Tiles: 37 / 122
2026-06-02 09:48:52 [self-0001-1-city] Map: 19 x 21 Turn: 711
2026-06-02 09:48:52 [self-0001-1-city] Route planned: Target = 180 Mode = strategy city-free reachable tiles = 291 Fallback-Tiles = 294
2026-06-02 09:48:52 [self-0001-1-city] Move #673: 65 -> 84 | Army: 2 | Target-Terrain: 0 | Target: 180 | Half: False
2026-06-02 09:48:52 [self-0001-1-city] My general index: 28
2026-06-02 09:48:52 [self-0001-1-city] Enemy general index: None
2026-06-02 09:48:52 [self-0001-1-city] Visible enemy tiles: 6
2026-06-02 09:48:52 [self-0001-1-city] Tiles: 37 / 122
2026-06-02 09:48:52 [self-0001-1-city] Map: 19 x 21 Turn: 712
2026-06-02 09:48:52 [self-0001-1-city] Route planned: Target = 180 Mode = strategy city-free reachable tiles = 291 Fallback-Tiles = 294
2026-06-02 09:48:52 [self-0001-1-city] Move #674: 67 -> 86 | Army: 2 | Target-Terrain: 0 | Target: 180 | Half: False
2026-06-02 09:48:53 [self-0001-1-city] My general index: 28
2026-06-02 09:48:53 [self-0001-1-city] Enemy general index: None
2026-06-02 09:48:53 [self-0001-1-city] Visible enemy tiles: 6
2026-06-02 09:48:53 [self-0001-1-city] Tiles: 37 / 122
2026-06-02 09:48:53 [self-0001-1-city] Map: 19 x 21 Turn: 713
2026-06-02 09:48:53 [self-0001-1-city] Route planned: Target = 180 Mode = strategy city-free reachable tiles = 291 Fallback-Tiles = 294
2026-06-02 09:48:53 [self-0001-1-city] Move #675: 83 -> 102 | Army: 2 | Target-Terrain: 0 | Target: 180 | Half: False
2026-06-02 09:48:53 [self-0001-1-city] My general index: 28
2026-06-02 09:48:53 [self-0001-1-city] Enemy general index: None
2026-06-02 09:48:53 [self-0001-1-city] Visible enemy tiles: 6
2026-06-02 09:48:53 [self-0001-1-city] Tiles: 37 / 122
2026-06-02 09:48:53 [self-0001-1-city] Map: 19 x 21 Turn: 714
2026-06-02 09:48:53 [self-0001-1-city] Route planned: Target = 180 Mode = strategy city-free reachable tiles = 291 Fallback-Tiles = 294
2026-06-02 09:48:53 [self-0001-1-city] Move #676: 87 -> 86 | Army: 2 | Target-Terrain: 0 | Target: 180 | Half: False
2026-06-02 09:48:54 [self-0001-1-city] My general index: 28
2026-06-02 09:48:54 [self-0001-1-city] Enemy general index: None
2026-06-02 09:48:54 [self-0001-1-city] Visible enemy tiles: 7
2026-06-02 09:48:54 [self-0001-1-city] Tiles: 36 / 123
2026-06-02 09:48:54 [self-0001-1-city] Map: 19 x 21 Turn: 715
2026-06-02 09:48:54 [self-0001-1-city] Route planned: Target = 180 Mode = strategy city-free reachable tiles = 291 Fallback-Tiles = 294
2026-06-02 09:48:54 [self-0001-1-city] Move #677: 46 -> 65 | Army: 2 | Target-Terrain: 0 | Target: 180 | Half: False
2026-06-02 09:48:54 [self-0001-1-city] My general index: 28
2026-06-02 09:48:54 [self-0001-1-city] Enemy general index: None
2026-06-02 09:48:54 [self-0001-1-city] Visible enemy tiles: 8
2026-06-02 09:48:54 [self-0001-1-city] Tiles: 35 / 124
2026-06-02 09:48:54 [self-0001-1-city] Map: 19 x 21 Turn: 716
2026-06-02 09:48:54 [self-0001-1-city] Route planned: Target = 22 Mode = defense city-free reachable tiles = 291 Fallback-Tiles = 293
2026-06-02 09:48:54 [self-0001-1-city] Move #678: 62 -> 43 | Army: 2 | Target-Terrain: -1 | Target: 22 | Half: False
2026-06-02 09:48:55 [self-0001-1-city] My general index: 28
2026-06-02 09:48:55 [self-0001-1-city] Enemy general index: None
2026-06-02 09:48:55 [self-0001-1-city] Visible enemy tiles: 9
2026-06-02 09:48:55 [self-0001-1-city] Tiles: 35 / 125
2026-06-02 09:48:55 [self-0001-1-city] Map: 19 x 21 Turn: 717
2026-06-02 09:48:55 [self-0001-1-city] Route planned: Target = 63 Mode = defense city-free reachable tiles = 291 Fallback-Tiles = 293
2026-06-02 09:48:55 [self-0001-1-city] Move #679: 64 -> 63 | Army: 2 | Target-Terrain: 0 | Target: 63 | Half: False
2026-06-02 09:48:55 [self-0001-1-city] My general index: 28
2026-06-02 09:48:55 [self-0001-1-city] Enemy general index: None
2026-06-02 09:48:55 [self-0001-1-city] Visible enemy tiles: 10
2026-06-02 09:48:55 [self-0001-1-city] Tiles: 34 / 126
2026-06-02 09:48:55 [self-0001-1-city] Map: 19 x 21 Turn: 718
2026-06-02 09:48:55 [self-0001-1-city] Route planned: Target = 64 Mode = defense city-free reachable tiles = 291 Fallback-Tiles = 293
2026-06-02 09:48:55 [self-0001-1-city] Move #680: 45 -> 64 | Army: 6 | Target-Terrain: 0 | Target: 64 | Half: False
2026-06-02 09:48:56 [self-0001-1-city] My general index: 28
2026-06-02 09:48:56 [self-0001-1-city] Enemy general index: None
2026-06-02 09:48:56 [self-0001-1-city] Visible enemy tiles: 11
2026-06-02 09:48:56 [self-0001-1-city] Tiles: 33 / 127
2026-06-02 09:48:56 [self-0001-1-city] Map: 19 x 21 Turn: 719
2026-06-02 09:48:56 [self-0001-1-city] Route planned: Target = 65 Mode = defense city-free reachable tiles = 291 Fallback-Tiles = 293
2026-06-02 09:48:56 [self-0001-1-city] Priority agent: flow +6000 base = 240956 final = 246956
2026-06-02 09:48:56 [self-0001-1-city] Move #681: 64 -> 65 | Army: 6 | Target-Terrain: 0 | Target: 65 | Half: False
2026-06-02 09:48:56 [self-0001-1-city] My general index: 28
2026-06-02 09:48:56 [self-0001-1-city] Enemy general index: None
2026-06-02 09:48:56 [self-0001-1-city] Visible enemy tiles: 11
2026-06-02 09:48:56 [self-0001-1-city] Tiles: 33 / 127
2026-06-02 09:48:56 [self-0001-1-city] Map: 19 x 21 Turn: 720
2026-06-02 09:48:56 [self-0001-1-city] Route planned: Target = 65 Mode = defense city-free reachable tiles = 291 Fallback-Tiles = 293
2026-06-02 09:48:56 [self-0001-1-city] Move #682: 66 -> 65 | Army: 2 | Target-Terrain: 0 | Target: 65 | Half: False
2026-06-02 09:48:57 [self-0001-1-city] My general index: 28
2026-06-02 09:48:57 [self-0001-1-city] Enemy general index: None
2026-06-02 09:48:57 [self-0001-1-city] Visible enemy tiles: 12
2026-06-02 09:48:57 [self-0001-1-city] Tiles: 32 / 128
2026-06-02 09:48:57 [self-0001-1-city] Map: 19 x 21 Turn: 721
2026-06-02 09:48:57 [self-0001-1-city] Route planned: Target = 66 Mode = defense city-free reachable tiles = 291 Fallback-Tiles = 293
2026-06-02 09:48:57 [self-0001-1-city] Move #683: 47 -> 66 | Army: 31 | Target-Terrain: 0 | Target: 66 | Half: False
2026-06-02 09:48:57 [self-0001-1-city] My general index: 28
2026-06-02 09:48:57 [self-0001-1-city] Enemy general index: None
2026-06-02 09:48:57 [self-0001-1-city] Visible enemy tiles: 12
2026-06-02 09:48:57 [self-0001-1-city] Tiles: 32 / 128
2026-06-02 09:48:57 [self-0001-1-city] Map: 19 x 21 Turn: 722
2026-06-02 09:48:57 [self-0001-1-city] Route planned: Target = 65 Mode = defense city-free reachable tiles = 291 Fallback-Tiles = 293
2026-06-02 09:48:57 [self-0001-1-city] Priority agent: edge reuse -9000, flow +6000 base = 238681 final = 235681
2026-06-02 09:48:57 [self-0001-1-city] Move #684: 66 -> 65 | Army: 31 | Target-Terrain: 0 | Target: 65 | Half: False
2026-06-02 09:48:58 [self-0001-1-city] My general index: 28
2026-06-02 09:48:58 [self-0001-1-city] Enemy general index: None
2026-06-02 09:48:58 [self-0001-1-city] Visible enemy tiles: 12
2026-06-02 09:48:58 [self-0001-1-city] Tiles: 32 / 128
2026-06-02 09:48:58 [self-0001-1-city] Map: 19 x 21 Turn: 723
2026-06-02 09:48:58 [self-0001-1-city] Route planned: Target = 66 Mode = defense city-free reachable tiles = 291 Fallback-Tiles = 293
2026-06-02 09:48:58 [self-0001-1-city] Move #685: 85 -> 66 | Army: 3 | Target-Terrain: 0 | Target: 66 | Half: False
2026-06-02 09:48:58 [self-0001-1-city] My general index: 28
2026-06-02 09:48:58 [self-0001-1-city] Enemy general index: None
2026-06-02 09:48:58 [self-0001-1-city] Visible enemy tiles: 12
2026-06-02 09:48:58 [self-0001-1-city] Tiles: 32 / 128
2026-06-02 09:48:58 [self-0001-1-city] Map: 19 x 21 Turn: 724
2026-06-02 09:48:58 [self-0001-1-city] Route planned: Target = 66 Mode = defense city-free reachable tiles = 291 Fallback-Tiles = 293
2026-06-02 09:48:58 [self-0001-1-city] Priority agent: edge reuse -18000 base = 192688 final = 174688
2026-06-02 09:48:58 [self-0001-1-city] Move #686: 65 -> 66 | Army: 38 | Target-Terrain: 0 | Target: 66 | Half: False
2026-06-02 09:48:59 [self-0001-1-city] My general index: 28
2026-06-02 09:48:59 [self-0001-1-city] Enemy general index: None
2026-06-02 09:48:59 [self-0001-1-city] Visible enemy tiles: 12
2026-06-02 09:48:59 [self-0001-1-city] Tiles: 32 / 128
2026-06-02 09:48:59 [self-0001-1-city] Map: 19 x 21 Turn: 725
2026-06-02 09:48:59 [self-0001-1-city] Route planned: Target = 65 Mode = defense city-free reachable tiles = 291 Fallback-Tiles = 293
2026-06-02 09:48:59 [self-0001-1-city] Priority agent: edge reuse -9000 base = 230352 final = 221352
2026-06-02 09:48:59 [self-0001-1-city] Move #687: 84 -> 65 | Army: 2 | Target-Terrain: 0 | Target: 65 | Half: False
2026-06-02 09:48:59 [self-0001-1-city] My general index: 28
2026-06-02 09:48:59 [self-0001-1-city] Enemy general index: None
2026-06-02 09:48:59 [self-0001-1-city] Visible enemy tiles: 12
2026-06-02 09:48:59 [self-0001-1-city] Tiles: 32 / 128
2026-06-02 09:48:59 [self-0001-1-city] Map: 19 x 21 Turn: 726
2026-06-02 09:48:59 [self-0001-1-city] Route planned: Target = 65 Mode = defense city-free reachable tiles = 291 Fallback-Tiles = 293
2026-06-02 09:48:59 [self-0001-1-city] Priority agent: edge reuse -27000 base = 200590 final = 173590
2026-06-02 09:48:59 [self-0001-1-city] Move #688: 66 -> 65 | Army: 40 | Target-Terrain: 0 | Target: 65 | Half: False
2026-06-02 09:49:00 [self-0001-1-city] My general index: 28
2026-06-02 09:49:00 [self-0001-1-city] Enemy general index: None
2026-06-02 09:49:00 [self-0001-1-city] Visible enemy tiles: 12
2026-06-02 09:49:00 [self-0001-1-city] Tiles: 32 / 128
2026-06-02 09:49:00 [self-0001-1-city] Map: 19 x 21 Turn: 727
2026-06-02 09:49:00 [self-0001-1-city] Route planned: Target = 66 Mode = defense city-free reachable tiles = 291 Fallback-Tiles = 293
2026-06-02 09:49:00 [self-0001-1-city] Move #689: 82 -> 63 | Army: 18 | Target-Terrain: 1 | Target: 66 | Half: False
2026-06-02 09:49:00 [self-0001-1-city] My general index: 28
2026-06-02 09:49:00 [self-0001-1-city] Enemy general index: None
2026-06-02 09:49:00 [self-0001-1-city] Visible enemy tiles: 11
2026-06-02 09:49:00 [self-0001-1-city] Tiles: 33 / 127
2026-06-02 09:49:00 [self-0001-1-city] Map: 19 x 21 Turn: 728
2026-06-02 09:49:00 [self-0001-1-city] Route planned: Target = 66 Mode = defense city-free reachable tiles = 291 Fallback-Tiles = 293
2026-06-02 09:49:00 [self-0001-1-city] Priority agent: edge reuse -9000, flow +6000 base = 174786 final = 171786
2026-06-02 09:49:00 [self-0001-1-city] Move #690: 63 -> 64 | Army: 16 | Target-Terrain: 1 | Target: 66 | Half: False
2026-06-02 09:49:01 [self-0001-1-city] My general index: 28
2026-06-02 09:49:01 [self-0001-1-city] Enemy general index: None
2026-06-02 09:49:01 [self-0001-1-city] Visible enemy tiles: 10
2026-06-02 09:49:01 [self-0001-1-city] Tiles: 34 / 126
2026-06-02 09:49:01 [self-0001-1-city] Map: 19 x 21 Turn: 729
2026-06-02 09:49:01 [self-0001-1-city] Route planned: Target = 66 Mode = defense city-free reachable tiles = 291 Fallback-Tiles = 293
2026-06-02 09:49:01 [self-0001-1-city] Priority agent: edge reuse -36000 base = 192691 final = 156691
2026-06-02 09:49:01 [self-0001-1-city] Move #691: 65 -> 66 | Army: 41 | Target-Terrain: 0 | Target: 66 | Half: False
2026-06-02 09:49:01 [self-0001-1-city] My general index: 28
2026-06-02 09:49:01 [self-0001-1-city] Enemy general index: None
2026-06-02 09:49:01 [self-0001-1-city] Visible enemy tiles: 10
2026-06-02 09:49:01 [self-0001-1-city] Tiles: 34 / 126
2026-06-02 09:49:01 [self-0001-1-city] Map: 19 x 21 Turn: 730
2026-06-02 09:49:01 [self-0001-1-city] Route planned: Target = 65 Mode = defense city-free reachable tiles = 291 Fallback-Tiles = 293
2026-06-02 09:49:01 [self-0001-1-city] Priority agent: edge reuse -9000 base = 230363 final = 221363
2026-06-02 09:49:01 [self-0001-1-city] Move #692: 64 -> 65 | Army: 13 | Target-Terrain: 0 | Target: 65 | Half: False
2026-06-02 09:49:02 [self-0001-1-city] My general index: 28
2026-06-02 09:49:02 [self-0001-1-city] Enemy general index: None
2026-06-02 09:49:02 [self-0001-1-city] Visible enemy tiles: 10
2026-06-02 09:49:02 [self-0001-1-city] Tiles: 34 / 126
2026-06-02 09:49:02 [self-0001-1-city] Map: 19 x 21 Turn: 731
2026-06-02 09:49:02 [self-0001-1-city] Route planned: Target = 65 Mode = defense city-free reachable tiles = 291 Fallback-Tiles = 293
2026-06-02 09:49:02 [self-0001-1-city] Priority agent: edge reuse -45000 base = 200591 final = 155591
2026-06-02 09:49:02 [self-0001-1-city] Move #693: 66 -> 65 | Army: 41 | Target-Terrain: 0 | Target: 65 | Half: False
2026-06-02 09:49:02 [self-0001-1-city] My general index: 28
2026-06-02 09:49:02 [self-0001-1-city] Enemy general index: None
2026-06-02 09:49:02 [self-0001-1-city] Visible enemy tiles: 10
2026-06-02 09:49:02 [self-0001-1-city] Tiles: 34 / 126
2026-06-02 09:49:02 [self-0001-1-city] Map: 19 x 21 Turn: 732
2026-06-02 09:49:02 [self-0001-1-city] Route planned: Target = 66 Mode = defense city-free reachable tiles = 291 Fallback-Tiles = 293
2026-06-02 09:49:02 [self-0001-1-city] Move #694: 48 -> 67 | Army: 2 | Target-Terrain: 0 | Target: 66 | Half: False
2026-06-02 09:49:03 [self-0001-1-city] My general index: 28
2026-06-02 09:49:03 [self-0001-1-city] Enemy general index: None
2026-06-02 09:49:03 [self-0001-1-city] Visible enemy tiles: 10
2026-06-02 09:49:03 [self-0001-1-city] Tiles: 34 / 126
2026-06-02 09:49:03 [self-0001-1-city] Map: 19 x 21 Turn: 733
2026-06-02 09:49:03 [self-0001-1-city] Route planned: Target = 66 Mode = defense city-free reachable tiles = 291 Fallback-Tiles = 293
2026-06-02 09:49:03 [self-0001-1-city] Priority agent: flow +6000 base = 231052 final = 237052
2026-06-02 09:49:03 [self-0001-1-city] Move #695: 67 -> 66 | Army: 2 | Target-Terrain: 0 | Target: 66 | Half: False
2026-06-02 09:49:03 [self-0001-1-city] My general index: 28
2026-06-02 09:49:03 [self-0001-1-city] Enemy general index: None
2026-06-02 09:49:03 [self-0001-1-city] Visible enemy tiles: 10
2026-06-02 09:49:03 [self-0001-1-city] Tiles: 34 / 126
2026-06-02 09:49:03 [self-0001-1-city] Map: 19 x 21 Turn: 734
2026-06-02 09:49:03 [self-0001-1-city] Route planned: Target = 66 Mode = defense city-free reachable tiles = 291 Fallback-Tiles = 293
2026-06-02 09:49:03 [self-0001-1-city] Move #696: 68 -> 67 | Army: 2 | Target-Terrain: 0 | Target: 66 | Half: False
2026-06-02 09:49:04 [self-0001-1-city] My general index: 28
2026-06-02 09:49:04 [self-0001-1-city] Enemy general index: None
2026-06-02 09:49:04 [self-0001-1-city] Visible enemy tiles: 10
2026-06-02 09:49:04 [self-0001-1-city] Tiles: 34 / 126
2026-06-02 09:49:04 [self-0001-1-city] Map: 19 x 21 Turn: 735
2026-06-02 09:49:04 [self-0001-1-city] Route planned: Target = 66 Mode = defense city-free reachable tiles = 291 Fallback-Tiles = 293
2026-06-02 09:49:04 [self-0001-1-city] Priority agent: edge reuse -9000, flow +6000 base = 231052 final = 228052
2026-06-02 09:49:04 [self-0001-1-city] Move #697: 67 -> 66 | Army: 2 | Target-Terrain: 0 | Target: 66 | Half: False
2026-06-02 09:49:04 [self-0001-1-city] My general index: 28
2026-06-02 09:49:04 [self-0001-1-city] Enemy general index: None
2026-06-02 09:49:04 [self-0001-1-city] Visible enemy tiles: 10
2026-06-02 09:49:04 [self-0001-1-city] Tiles: 34 / 126
2026-06-02 09:49:04 [self-0001-1-city] Map: 19 x 21 Turn: 736
2026-06-02 09:49:04 [self-0001-1-city] Route planned: Target = 66 Mode = defense city-free reachable tiles = 291 Fallback-Tiles = 293
2026-06-02 09:49:04 [self-0001-1-city] Priority agent: edge reuse -45000 base = 192703 final = 147703
2026-06-02 09:49:04 [self-0001-1-city] Move #698: 65 -> 66 | Army: 53 | Target-Terrain: 0 | Target: 66 | Half: False
2026-06-02 09:49:05 [self-0001-1-city] My general index: 28
2026-06-02 09:49:05 [self-0001-1-city] Enemy general index: None
2026-06-02 09:49:05 [self-0001-1-city] Visible enemy tiles: 10
2026-06-02 09:49:05 [self-0001-1-city] Tiles: 34 / 126
2026-06-02 09:49:05 [self-0001-1-city] Map: 19 x 21 Turn: 737
2026-06-02 09:49:05 [self-0001-1-city] Route planned: Target = 65 Mode = defense city-free reachable tiles = 291 Fallback-Tiles = 293
2026-06-02 09:49:05 [self-0001-1-city] Move #699: 104 -> 103 | Army: 47 | Target-Terrain: 0 | Target: 65 | Half: False
2026-06-02 09:49:05 [self-0001-1-city] My general index: 28
2026-06-02 09:49:05 [self-0001-1-city] Enemy general index: None
2026-06-02 09:49:05 [self-0001-1-city] Visible enemy tiles: 10
2026-06-02 09:49:05 [self-0001-1-city] Tiles: 34 / 126
2026-06-02 09:49:05 [self-0001-1-city] Map: 19 x 21 Turn: 738
2026-06-02 09:49:05 [self-0001-1-city] Route planned: Target = 65 Mode = defense city-free reachable tiles = 291 Fallback-Tiles = 293
2026-06-02 09:49:05 [self-0001-1-city] Priority agent: edge reuse -45000 base = 200605 final = 155605
2026-06-02 09:49:05 [self-0001-1-city] Move #700: 66 -> 65 | Army: 55 | Target-Terrain: 0 | Target: 65 | Half: False
2026-06-02 09:49:06 [self-0001-1-city] My general index: 28
2026-06-02 09:49:06 [self-0001-1-city] Enemy general index: None
2026-06-02 09:49:06 [self-0001-1-city] Visible enemy tiles: 10
2026-06-02 09:49:06 [self-0001-1-city] Tiles: 34 / 126
2026-06-02 09:49:06 [self-0001-1-city] Map: 19 x 21 Turn: 739
2026-06-02 09:49:06 [self-0001-1-city] Route planned: Target = 66 Mode = defense city-free reachable tiles = 291 Fallback-Tiles = 293
2026-06-02 09:49:06 [self-0001-1-city] Move #701: 142 -> 123 | Army: 43 | Target-Terrain: 0 | Target: 66 | Half: False
2026-06-02 09:49:06 [self-0001-1-city] My general index: 28
2026-06-02 09:49:06 [self-0001-1-city] Enemy general index: None
2026-06-02 09:49:06 [self-0001-1-city] Visible enemy tiles: 10
2026-06-02 09:49:06 [self-0001-1-city] Tiles: 34 / 126
2026-06-02 09:49:06 [self-0001-1-city] Map: 19 x 21 Turn: 740
2026-06-02 09:49:06 [self-0001-1-city] Route planned: Target = 66 Mode = defense city-free reachable tiles = 291 Fallback-Tiles = 293
2026-06-02 09:49:06 [self-0001-1-city] Priority agent: flow +6000 base = 143314 final = 149314
2026-06-02 09:49:06 [self-0001-1-city] Move #702: 123 -> 104 | Army: 44 | Target-Terrain: 0 | Target: 66 | Half: False
2026-06-02 09:49:07 [self-0001-1-city] My general index: 28
2026-06-02 09:49:07 [self-0001-1-city] Enemy general index: None
2026-06-02 09:49:07 [self-0001-1-city] Visible enemy tiles: 10
2026-06-02 09:49:07 [self-0001-1-city] Tiles: 34 / 126
2026-06-02 09:49:07 [self-0001-1-city] Map: 19 x 21 Turn: 741
2026-06-02 09:49:07 [self-0001-1-city] Route planned: Target = 66 Mode = defense city-free reachable tiles = 291 Fallback-Tiles = 293
2026-06-02 09:49:07 [self-0001-1-city] Priority agent: edge reuse -36000 base = 192705 final = 156705
2026-06-02 09:49:07 [self-0001-1-city] Move #703: 65 -> 66 | Army: 55 | Target-Terrain: 0 | Target: 66 | Half: False
2026-06-02 09:49:07 [self-0001-1-city] My general index: 28
2026-06-02 09:49:07 [self-0001-1-city] Enemy general index: None
2026-06-02 09:49:07 [self-0001-1-city] Visible enemy tiles: 10
2026-06-02 09:49:07 [self-0001-1-city] Tiles: 34 / 126
2026-06-02 09:49:07 [self-0001-1-city] Map: 19 x 21 Turn: 742
2026-06-02 09:49:07 [self-0001-1-city] Route planned: Target = 65 Mode = defense city-free reachable tiles = 291 Fallback-Tiles = 293
2026-06-02 09:49:07 [self-0001-1-city] Move #704: 27 -> 46 | Army: 2 | Target-Terrain: 0 | Target: 65 | Half: False
2026-06-02 09:49:08 [self-0001-1-city] My general index: 28
2026-06-02 09:49:08 [self-0001-1-city] Enemy general index: None
2026-06-02 09:49:08 [self-0001-1-city] Visible enemy tiles: 10
2026-06-02 09:49:08 [self-0001-1-city] Tiles: 34 / 126
2026-06-02 09:49:08 [self-0001-1-city] Map: 19 x 21 Turn: 743
2026-06-02 09:49:08 [self-0001-1-city] Route planned: Target = 65 Mode = defense city-free reachable tiles = 291 Fallback-Tiles = 293
2026-06-02 09:49:08 [self-0001-1-city] Priority agent: flow +6000 base = 234652 final = 240652
2026-06-02 09:49:08 [self-0001-1-city] Move #705: 46 -> 65 | Army: 2 | Target-Terrain: 0 | Target: 65 | Half: False
2026-06-02 09:49:08 [self-0001-1-city] My general index: 28
2026-06-02 09:49:08 [self-0001-1-city] Enemy general index: None
2026-06-02 09:49:08 [self-0001-1-city] Visible enemy tiles: 10
2026-06-02 09:49:08 [self-0001-1-city] Tiles: 34 / 126
2026-06-02 09:49:08 [self-0001-1-city] Map: 19 x 21 Turn: 744
2026-06-02 09:49:08 [self-0001-1-city] Route planned: Target = 65 Mode = defense city-free reachable tiles = 291 Fallback-Tiles = 293
2026-06-02 09:49:08 [self-0001-1-city] Priority agent: edge reuse -36000 base = 200605 final = 164605
2026-06-02 09:49:08 [self-0001-1-city] Move #706: 66 -> 65 | Army: 55 | Target-Terrain: 0 | Target: 65 | Half: False
2026-06-02 09:49:09 [self-0001-1-city] My general index: 28
2026-06-02 09:49:09 [self-0001-1-city] Enemy general index: None
2026-06-02 09:49:09 [self-0001-1-city] Visible enemy tiles: 10
2026-06-02 09:49:09 [self-0001-1-city] Tiles: 34 / 126
2026-06-02 09:49:09 [self-0001-1-city] Map: 19 x 21 Turn: 745
2026-06-02 09:49:09 [self-0001-1-city] Route planned: Target = 66 Mode = defense city-free reachable tiles = 291 Fallback-Tiles = 293
2026-06-02 09:49:09 [self-0001-1-city] Move #707: 86 -> 85 | Army: 3 | Target-Terrain: 0 | Target: 66 | Half: False
2026-06-02 09:49:09 [self-0001-1-city] My general index: 28
2026-06-02 09:49:09 [self-0001-1-city] Enemy general index: None
2026-06-02 09:49:09 [self-0001-1-city] Visible enemy tiles: 10
2026-06-02 09:49:09 [self-0001-1-city] Tiles: 34 / 126
2026-06-02 09:49:09 [self-0001-1-city] Map: 19 x 21 Turn: 746
2026-06-02 09:49:09 [self-0001-1-city] Route planned: Target = 66 Mode = defense city-free reachable tiles = 291 Fallback-Tiles = 293
2026-06-02 09:49:09 [self-0001-1-city] Priority agent: flow +6000 base = 228953 final = 234953
2026-06-02 09:49:09 [self-0001-1-city] Move #708: 85 -> 66 | Army: 3 | Target-Terrain: 0 | Target: 66 | Half: False
2026-06-02 09:49:10 [self-0001-1-city] Coach: stabilize tiles 34/126 army 258/1383 cities 0/0 enemy_city_suspect True bias {'expansion_bias': 0.1, 'city_bias': 0.8, 'attack_bias': -0.30000000000000004, 'defense_bias': 1.2, 'route_bias': 0.3}
2026-06-02 09:49:10 [self-0001-1-city] My general index: 28
2026-06-02 09:49:10 [self-0001-1-city] Enemy general index: None
2026-06-02 09:49:10 [self-0001-1-city] Visible enemy tiles: 10
2026-06-02 09:49:10 [self-0001-1-city] Tiles: 34 / 126
2026-06-02 09:49:10 [self-0001-1-city] Map: 19 x 21 Turn: 747
2026-06-02 09:49:10 [self-0001-1-city] Route planned: Target = 66 Mode = defense city-free reachable tiles = 291 Fallback-Tiles = 293
2026-06-02 09:49:10 [self-0001-1-city] Priority agent: edge reuse -36000 base = 192706 final = 156706
2026-06-02 09:49:10 [self-0001-1-city] Move #709: 65 -> 66 | Army: 56 | Target-Terrain: 0 | Target: 66 | Half: False
2026-06-02 09:49:10 [self-0001-1-city] My general index: 28
2026-06-02 09:49:10 [self-0001-1-city] Enemy general index: None
2026-06-02 09:49:10 [self-0001-1-city] Visible enemy tiles: 10
2026-06-02 09:49:10 [self-0001-1-city] Tiles: 34 / 126
2026-06-02 09:49:10 [self-0001-1-city] Map: 19 x 21 Turn: 748
2026-06-02 09:49:10 [self-0001-1-city] Route planned: Target = 65 Mode = defense city-free reachable tiles = 291 Fallback-Tiles = 293
2026-06-02 09:49:10 [self-0001-1-city] Move #710: 122 -> 103 | Army: 3 | Target-Terrain: 0 | Target: 65 | Half: False
2026-06-02 09:49:11 [self-0001-1-city] My general index: 28
2026-06-02 09:49:11 [self-0001-1-city] Enemy general index: None
2026-06-02 09:49:11 [self-0001-1-city] Visible enemy tiles: 10
2026-06-02 09:49:11 [self-0001-1-city] Tiles: 34 / 126
2026-06-02 09:49:11 [self-0001-1-city] Map: 19 x 21 Turn: 749
2026-06-02 09:49:11 [self-0001-1-city] Route planned: Target = 65 Mode = defense city-free reachable tiles = 291 Fallback-Tiles = 293
2026-06-02 09:49:11 [self-0001-1-city] Priority agent: edge reuse -45000 base = 200608 final = 155608
2026-06-02 09:49:11 [self-0001-1-city] Move #711: 66 -> 65 | Army: 58 | Target-Terrain: 0 | Target: 65 | Half: False
2026-06-02 09:49:11 [self-0001-1-city] My general index: 28
2026-06-02 09:49:11 [self-0001-1-city] Enemy general index: None
2026-06-02 09:49:11 [self-0001-1-city] Visible enemy tiles: 10
2026-06-02 09:49:11 [self-0001-1-city] Tiles: 34 / 126
2026-06-02 09:49:11 [self-0001-1-city] Map: 19 x 21 Turn: 750
2026-06-02 09:49:11 [self-0001-1-city] Route planned: Target = 66 Mode = defense city-free reachable tiles = 291 Fallback-Tiles = 293
2026-06-02 09:49:11 [self-0001-1-city] Move #712: 47 -> 66 | Army: 2 | Target-Terrain: 0 | Target: 66 | Half: False
2026-06-02 09:49:12 [self-0001-1-city] My general index: 28
2026-06-02 09:49:12 [self-0001-1-city] Enemy general index: None
2026-06-02 09:49:12 [self-0001-1-city] Visible enemy tiles: 10
2026-06-02 09:49:12 [self-0001-1-city] Tiles: 34 / 127
2026-06-02 09:49:12 [self-0001-1-city] Map: 19 x 21 Turn: 751
2026-06-02 09:49:12 [self-0001-1-city] Route planned: Target = 66 Mode = defense city-free reachable tiles = 291 Fallback-Tiles = 293
2026-06-02 09:49:12 [self-0001-1-city] Move #713: 67 -> 66 | Army: 2 | Target-Terrain: 0 | Target: 66 | Half: False
2026-06-02 09:49:12 [self-0001-1-city] My general index: 28
2026-06-02 09:49:12 [self-0001-1-city] Enemy general index: None
2026-06-02 09:49:12 [self-0001-1-city] Visible enemy tiles: 10
2026-06-02 09:49:12 [self-0001-1-city] Tiles: 34 / 127
2026-06-02 09:49:12 [self-0001-1-city] Map: 19 x 21 Turn: 752
2026-06-02 09:49:12 [self-0001-1-city] Route planned: Target = 66 Mode = defense city-free reachable tiles = 291 Fallback-Tiles = 293
2026-06-02 09:49:12 [self-0001-1-city] Priority agent: edge reuse -9000 base = 226752 final = 217752
2026-06-02 09:49:12 [self-0001-1-city] Move #714: 85 -> 66 | Army: 2 | Target-Terrain: 0 | Target: 66 | Half: False
2026-06-02 09:49:13 [self-0001-1-city] My general index: 28
2026-06-02 09:49:13 [self-0001-1-city] Enemy general index: None
2026-06-02 09:49:13 [self-0001-1-city] Visible enemy tiles: 10
2026-06-02 09:49:13 [self-0001-1-city] Tiles: 34 / 127
2026-06-02 09:49:13 [self-0001-1-city] Map: 19 x 21 Turn: 753
2026-06-02 09:49:13 [self-0001-1-city] Route planned: Target = 66 Mode = defense city-free reachable tiles = 291 Fallback-Tiles = 293
2026-06-02 09:49:13 [self-0001-1-city] Priority agent: edge reuse -36000 base = 192709 final = 156709
2026-06-02 09:49:13 [self-0001-1-city] Move #715: 65 -> 66 | Army: 59 | Target-Terrain: 0 | Target: 66 | Half: False
2026-06-02 09:49:13 [self-0001-1-city] My general index: 28
2026-06-02 09:49:13 [self-0001-1-city] Enemy general index: None
2026-06-02 09:49:13 [self-0001-1-city] Visible enemy tiles: 10
2026-06-02 09:49:13 [self-0001-1-city] Tiles: 34 / 127
2026-06-02 09:49:13 [self-0001-1-city] Map: 19 x 21 Turn: 754
2026-06-02 09:49:13 [self-0001-1-city] Route planned: Target = 65 Mode = defense city-free reachable tiles = 291 Fallback-Tiles = 293
2026-06-02 09:49:13 [self-0001-1-city] Move #716: 64 -> 65 | Army: 2 | Target-Terrain: 0 | Target: 65 | Half: False
2026-06-02 09:49:14 [self-0001-1-city] My general index: 28
2026-06-02 09:49:14 [self-0001-1-city] Enemy general index: None
2026-06-02 09:49:14 [self-0001-1-city] Visible enemy tiles: 10
2026-06-02 09:49:14 [self-0001-1-city] Tiles: 34 / 127
2026-06-02 09:49:14 [self-0001-1-city] Map: 19 x 21 Turn: 755
2026-06-02 09:49:14 [self-0001-1-city] Route planned: Target = 65 Mode = defense city-free reachable tiles = 291 Fallback-Tiles = 293
2026-06-02 09:49:14 [self-0001-1-city] Move #717: 84 -> 65 | Army: 2 | Target-Terrain: 0 | Target: 65 | Half: False
2026-06-02 09:49:14 [self-0001-1-city] My general index: 28
2026-06-02 09:49:14 [self-0001-1-city] Enemy general index: None
2026-06-02 09:49:14 [self-0001-1-city] Visible enemy tiles: 10
2026-06-02 09:49:14 [self-0001-1-city] Tiles: 34 / 127
2026-06-02 09:49:14 [self-0001-1-city] Map: 19 x 21 Turn: 756
2026-06-02 09:49:14 [self-0001-1-city] Route planned: Target = 65 Mode = defense city-free reachable tiles = 291 Fallback-Tiles = 293
2026-06-02 09:49:14 [self-0001-1-city] Priority agent: edge reuse -9000 base = 234652 final = 225652
2026-06-02 09:49:14 [self-0001-1-city] Move #718: 46 -> 65 | Army: 2 | Target-Terrain: 0 | Target: 65 | Half: False
2026-06-02 09:49:15 [self-0001-1-city] My general index: 28
2026-06-02 09:49:15 [self-0001-1-city] Enemy general index: None
2026-06-02 09:49:15 [self-0001-1-city] Visible enemy tiles: 10
2026-06-02 09:49:15 [self-0001-1-city] Tiles: 34 / 127
2026-06-02 09:49:15 [self-0001-1-city] Map: 19 x 21 Turn: 757
2026-06-02 09:49:15 [self-0001-1-city] Route planned: Target = 65 Mode = defense city-free reachable tiles = 291 Fallback-Tiles = 293
2026-06-02 09:49:15 [self-0001-1-city] Priority agent: edge reuse -36000 base = 200613 final = 164613
2026-06-02 09:49:15 [self-0001-1-city] Move #719: 66 -> 65 | Army: 63 | Target-Terrain: 0 | Target: 65 | Half: False
2026-06-02 09:49:15 [self-0001-1-city] My general index: 28
2026-06-02 09:49:15 [self-0001-1-city] Enemy general index: None
2026-06-02 09:49:15 [self-0001-1-city] Visible enemy tiles: 10
2026-06-02 09:49:15 [self-0001-1-city] Tiles: 34 / 127
2026-06-02 09:49:15 [self-0001-1-city] Map: 19 x 21 Turn: 758
2026-06-02 09:49:15 [self-0001-1-city] Route planned: Target = 66 Mode = defense city-free reachable tiles = 291 Fallback-Tiles = 293
2026-06-02 09:49:15 [self-0001-1-city] Move #720: 45 -> 64 | Army: 2 | Target-Terrain: 0 | Target: 66 | Half: False
2026-06-02 09:49:16 [self-0001-1-city] My general index: 28
2026-06-02 09:49:16 [self-0001-1-city] Enemy general index: None
2026-06-02 09:49:16 [self-0001-1-city] Visible enemy tiles: 10
2026-06-02 09:49:16 [self-0001-1-city] Tiles: 34 / 127
2026-06-02 09:49:16 [self-0001-1-city] Map: 19 x 21 Turn: 759
2026-06-02 09:49:16 [self-0001-1-city] Route planned: Target = 66 Mode = defense city-free reachable tiles = 291 Fallback-Tiles = 293
2026-06-02 09:49:16 [self-0001-1-city] Priority agent: edge reuse -36000 base = 192716 final = 156716
2026-06-02 09:49:16 [self-0001-1-city] Move #721: 65 -> 66 | Army: 66 | Target-Terrain: 0 | Target: 66 | Half: False
2026-06-02 09:49:16 [self-0001-1-city] My general index: 28
2026-06-02 09:49:16 [self-0001-1-city] Enemy general index: None
2026-06-02 09:49:16 [self-0001-1-city] Visible enemy tiles: 10
2026-06-02 09:49:16 [self-0001-1-city] Tiles: 34 / 127
2026-06-02 09:49:16 [self-0001-1-city] Map: 19 x 21 Turn: 760
2026-06-02 09:49:16 [self-0001-1-city] Route planned: Target = 65 Mode = defense city-free reachable tiles = 291 Fallback-Tiles = 293
2026-06-02 09:49:16 [self-0001-1-city] Priority agent: edge reuse -9000 base = 230352 final = 221352
2026-06-02 09:49:16 [self-0001-1-city] Move #722: 64 -> 65 | Army: 2 | Target-Terrain: 0 | Target: 65 | Half: False
2026-06-02 09:49:17 [self-0001-1-city] My general index: 28
2026-06-02 09:49:17 [self-0001-1-city] Enemy general index: None
2026-06-02 09:49:17 [self-0001-1-city] Visible enemy tiles: 10
2026-06-02 09:49:17 [self-0001-1-city] Tiles: 34 / 127
2026-06-02 09:49:17 [self-0001-1-city] Map: 19 x 21 Turn: 761
2026-06-02 09:49:17 [self-0001-1-city] Route planned: Target = 65 Mode = defense city-free reachable tiles = 291 Fallback-Tiles = 293
2026-06-02 09:49:17 [self-0001-1-city] Priority agent: edge reuse -45000 base = 200616 final = 155616
2026-06-02 09:49:17 [self-0001-1-city] Move #723: 66 -> 65 | Army: 66 | Target-Terrain: 0 | Target: 65 | Half: False
2026-06-02 09:49:17 [self-0001-1-city] My general index: 28
2026-06-02 09:49:17 [self-0001-1-city] Enemy general index: None
2026-06-02 09:49:17 [self-0001-1-city] Visible enemy tiles: 10
2026-06-02 09:49:17 [self-0001-1-city] Tiles: 34 / 127
2026-06-02 09:49:17 [self-0001-1-city] Map: 19 x 21 Turn: 762
2026-06-02 09:49:17 [self-0001-1-city] Route planned: Target = 66 Mode = defense city-free reachable tiles = 291 Fallback-Tiles = 293
2026-06-02 09:49:17 [self-0001-1-city] Move #724: 63 -> 64 | Army: 2 | Target-Terrain: 0 | Target: 66 | Half: False
2026-06-02 09:49:18 [self-0001-1-city] My general index: 28
2026-06-02 09:49:18 [self-0001-1-city] Enemy general index: None
2026-06-02 09:49:18 [self-0001-1-city] Visible enemy tiles: 10
2026-06-02 09:49:18 [self-0001-1-city] Tiles: 34 / 127
2026-06-02 09:49:18 [self-0001-1-city] Map: 19 x 21 Turn: 763
2026-06-02 09:49:18 [self-0001-1-city] Route planned: Target = 66 Mode = defense city-free reachable tiles = 291 Fallback-Tiles = 293
2026-06-02 09:49:18 [self-0001-1-city] Priority agent: edge reuse -45000 base = 192717 final = 147717
2026-06-02 09:49:18 [self-0001-1-city] Move #725: 65 -> 66 | Army: 67 | Target-Terrain: 0 | Target: 66 | Half: False
2026-06-02 09:49:18 [self-0001-1-city] My general index: 28
2026-06-02 09:49:18 [self-0001-1-city] Enemy general index: None
2026-06-02 09:49:18 [self-0001-1-city] Visible enemy tiles: 10
2026-06-02 09:49:18 [self-0001-1-city] Tiles: 34 / 127
2026-06-02 09:49:18 [self-0001-1-city] Map: 19 x 21 Turn: 764
2026-06-02 09:49:18 [self-0001-1-city] Route planned: Target = 65 Mode = defense city-free reachable tiles = 291 Fallback-Tiles = 293
2026-06-02 09:49:18 [self-0001-1-city] Priority agent: edge reuse -18000 base = 215352 final = 197352
2026-06-02 09:49:18 [self-0001-1-city] Move #726: 64 -> 65 | Army: 2 | Target-Terrain: 0 | Target: 65 | Half: False
2026-06-02 09:49:19 [self-0001-1-city] My general index: 28
2026-06-02 09:49:19 [self-0001-1-city] Enemy general index: None
2026-06-02 09:49:19 [self-0001-1-city] Visible enemy tiles: 10
2026-06-02 09:49:19 [self-0001-1-city] Tiles: 34 / 127
2026-06-02 09:49:19 [self-0001-1-city] Map: 19 x 21 Turn: 765
2026-06-02 09:49:19 [self-0001-1-city] Route planned: Target = 65 Mode = defense city-free reachable tiles = 291 Fallback-Tiles = 293
2026-06-02 09:49:19 [self-0001-1-city] Priority agent: edge reuse -45000 base = 200617 final = 155617
2026-06-02 09:49:19 [self-0001-1-city] Move #727: 66 -> 65 | Army: 67 | Target-Terrain: 0 | Target: 65 | Half: False
2026-06-02 09:49:19 [self-0001-1-city] My general index: 28
2026-06-02 09:49:19 [self-0001-1-city] Enemy general index: None
2026-06-02 09:49:19 [self-0001-1-city] Visible enemy tiles: 10
2026-06-02 09:49:19 [self-0001-1-city] Tiles: 34 / 127
2026-06-02 09:49:19 [self-0001-1-city] Map: 19 x 21 Turn: 766
2026-06-02 09:49:19 [self-0001-1-city] Route planned: Target = 66 Mode = defense city-free reachable tiles = 291 Fallback-Tiles = 293
2026-06-02 09:49:19 [self-0001-1-city] Move #728: 82 -> 63 | Army: 2 | Target-Terrain: 0 | Target: 66 | Half: False
2026-06-02 09:49:20 [self-0001-1-city] My general index: 28
2026-06-02 09:49:20 [self-0001-1-city] Enemy general index: None
2026-06-02 09:49:20 [self-0001-1-city] Visible enemy tiles: 10
2026-06-02 09:49:20 [self-0001-1-city] Tiles: 34 / 127
2026-06-02 09:49:20 [self-0001-1-city] Map: 19 x 21 Turn: 767
2026-06-02 09:49:20 [self-0001-1-city] Route planned: Target = 66 Mode = defense city-free reachable tiles = 291 Fallback-Tiles = 293
2026-06-02 09:49:20 [self-0001-1-city] Move #729: 48 -> 67 | Army: 2 | Target-Terrain: 0 | Target: 66 | Half: False
2026-06-02 09:49:20 [self-0001-1-city] My general index: 28
2026-06-02 09:49:20 [self-0001-1-city] Enemy general index: None
2026-06-02 09:49:20 [self-0001-1-city] Visible enemy tiles: 10
2026-06-02 09:49:20 [self-0001-1-city] Tiles: 34 / 127
2026-06-02 09:49:20 [self-0001-1-city] Map: 19 x 21 Turn: 768
2026-06-02 09:49:20 [self-0001-1-city] Route planned: Target = 66 Mode = defense city-free reachable tiles = 291 Fallback-Tiles = 293
2026-06-02 09:49:20 [self-0001-1-city] Priority agent: flow +6000 base = 231052 final = 237052
2026-06-02 09:49:20 [self-0001-1-city] Move #730: 67 -> 66 | Army: 2 | Target-Terrain: 0 | Target: 66 | Half: False
2026-06-02 09:49:21 [self-0001-1-city] My general index: 28
2026-06-02 09:49:21 [self-0001-1-city] Enemy general index: None
2026-06-02 09:49:21 [self-0001-1-city] Visible enemy tiles: 10
2026-06-02 09:49:21 [self-0001-1-city] Tiles: 34 / 127
2026-06-02 09:49:21 [self-0001-1-city] Map: 19 x 21 Turn: 769
2026-06-02 09:49:21 [self-0001-1-city] Route planned: Target = 66 Mode = defense city-free reachable tiles = 291 Fallback-Tiles = 293
2026-06-02 09:49:21 [self-0001-1-city] Priority agent: edge reuse -45000 base = 192718 final = 147718
2026-06-02 09:49:21 [self-0001-1-city] Move #731: 65 -> 66 | Army: 68 | Target-Terrain: 0 | Target: 66 | Half: False
2026-06-02 09:49:21 [self-0001-1-city] My general index: 28
2026-06-02 09:49:21 [self-0001-1-city] Enemy general index: None
2026-06-02 09:49:21 [self-0001-1-city] Visible enemy tiles: 10
2026-06-02 09:49:21 [self-0001-1-city] Tiles: 34 / 127
2026-06-02 09:49:21 [self-0001-1-city] Map: 19 x 21 Turn: 770
2026-06-02 09:49:21 [self-0001-1-city] Route planned: Target = 65 Mode = defense city-free reachable tiles = 291 Fallback-Tiles = 293
2026-06-02 09:49:21 [self-0001-1-city] Move #732: 68 -> 67 | Army: 2 | Target-Terrain: 0 | Target: 65 | Half: False
2026-06-02 09:49:22 [self-0001-1-city] My general index: 28
2026-06-02 09:49:22 [self-0001-1-city] Enemy general index: None
2026-06-02 09:49:22 [self-0001-1-city] Visible enemy tiles: 10
2026-06-02 09:49:22 [self-0001-1-city] Tiles: 34 / 127
2026-06-02 09:49:22 [self-0001-1-city] Map: 19 x 21 Turn: 771
2026-06-02 09:49:22 [self-0001-1-city] Route planned: Target = 65 Mode = defense city-free reachable tiles = 291 Fallback-Tiles = 293
2026-06-02 09:49:22 [self-0001-1-city] Priority agent: edge reuse -54000 base = 200619 final = 146619
2026-06-02 09:49:22 [self-0001-1-city] Move #733: 66 -> 65 | Army: 69 | Target-Terrain: 0 | Target: 65 | Half: False
2026-06-02 09:49:22 [self-0001-1-city] My general index: 28
2026-06-02 09:49:22 [self-0001-1-city] Enemy general index: None
2026-06-02 09:49:22 [self-0001-1-city] Visible enemy tiles: 10
2026-06-02 09:49:22 [self-0001-1-city] Tiles: 34 / 127
2026-06-02 09:49:22 [self-0001-1-city] Map: 19 x 21 Turn: 772
2026-06-02 09:49:22 [self-0001-1-city] Route planned: Target = 66 Mode = defense city-free reachable tiles = 291 Fallback-Tiles = 293
2026-06-02 09:49:22 [self-0001-1-city] Priority agent: edge reuse -9000 base = 231052 final = 222052
2026-06-02 09:49:22 [self-0001-1-city] Move #734: 67 -> 66 | Army: 2 | Target-Terrain: 0 | Target: 66 | Half: False
2026-06-02 09:49:23 [self-0001-1-city] My general index: 28
2026-06-02 09:49:23 [self-0001-1-city] Enemy general index: None
2026-06-02 09:49:23 [self-0001-1-city] Visible enemy tiles: 10
2026-06-02 09:49:23 [self-0001-1-city] Tiles: 34 / 127
2026-06-02 09:49:23 [self-0001-1-city] Map: 19 x 21 Turn: 773
2026-06-02 09:49:23 [self-0001-1-city] Route planned: Target = 66 Mode = defense city-free reachable tiles = 291 Fallback-Tiles = 293
2026-06-02 09:49:23 [self-0001-1-city] Move #735: 83 -> 64 | Army: 2 | Target-Terrain: 0 | Target: 66 | Half: False
2026-06-02 09:49:23 [self-0001-1-city] My general index: 28
2026-06-02 09:49:23 [self-0001-1-city] Enemy general index: None
2026-06-02 09:49:23 [self-0001-1-city] Visible enemy tiles: 10
2026-06-02 09:49:23 [self-0001-1-city] Tiles: 34 / 127
2026-06-02 09:49:23 [self-0001-1-city] Map: 19 x 21 Turn: 774
2026-06-02 09:49:23 [self-0001-1-city] Route planned: Target = 66 Mode = defense city-free reachable tiles = 291 Fallback-Tiles = 293
2026-06-02 09:49:23 [self-0001-1-city] Priority agent: edge reuse -45000 base = 192719 final = 147719
2026-06-02 09:49:23 [self-0001-1-city] Move #736: 65 -> 66 | Army: 69 | Target-Terrain: 0 | Target: 66 | Half: False
2026-06-02 09:49:24 [self-0001-1-city] My general index: 28
2026-06-02 09:49:24 [self-0001-1-city] Enemy general index: None
2026-06-02 09:49:24 [self-0001-1-city] Visible enemy tiles: 10
2026-06-02 09:49:24 [self-0001-1-city] Tiles: 34 / 127
2026-06-02 09:49:24 [self-0001-1-city] Map: 19 x 21 Turn: 775
2026-06-02 09:49:24 [self-0001-1-city] Route planned: Target = 65 Mode = defense city-free reachable tiles = 291 Fallback-Tiles = 293
2026-06-02 09:49:24 [self-0001-1-city] Priority agent: edge reuse -9000 base = 230352 final = 221352
2026-06-02 09:49:24 [self-0001-1-city] Move #737: 64 -> 65 | Army: 2 | Target-Terrain: 0 | Target: 65 | Half: False
2026-06-02 09:49:24 [self-0001-1-city] My general index: 28
2026-06-02 09:49:24 [self-0001-1-city] Enemy general index: None
2026-06-02 09:49:24 [self-0001-1-city] Visible enemy tiles: 10
2026-06-02 09:49:24 [self-0001-1-city] Tiles: 34 / 127
2026-06-02 09:49:24 [self-0001-1-city] Map: 19 x 21 Turn: 776
2026-06-02 09:49:24 [self-0001-1-city] Route planned: Target = 65 Mode = defense city-free reachable tiles = 291 Fallback-Tiles = 293
2026-06-02 09:49:24 [self-0001-1-city] Priority agent: edge reuse -45000 base = 200620 final = 155620
2026-06-02 09:49:24 [self-0001-1-city] Move #738: 66 -> 65 | Army: 70 | Target-Terrain: 0 | Target: 65 | Half: False
2026-06-02 09:49:25 [self-0001-1-city] My general index: 28
2026-06-02 09:49:25 [self-0001-1-city] Enemy general index: None
2026-06-02 09:49:25 [self-0001-1-city] Visible enemy tiles: 10
2026-06-02 09:49:25 [self-0001-1-city] Tiles: 34 / 127
2026-06-02 09:49:25 [self-0001-1-city] Map: 19 x 21 Turn: 777
2026-06-02 09:49:25 [self-0001-1-city] Route planned: Target = 66 Mode = defense city-free reachable tiles = 291 Fallback-Tiles = 293
2026-06-02 09:49:25 [self-0001-1-city] Move #739: 63 -> 64 | Army: 2 | Target-Terrain: 0 | Target: 66 | Half: False
2026-06-02 09:49:25 [self-0001-1-city] My general index: 28
2026-06-02 09:49:25 [self-0001-1-city] Enemy general index: None
2026-06-02 09:49:25 [self-0001-1-city] Visible enemy tiles: 10
2026-06-02 09:49:25 [self-0001-1-city] Tiles: 34 / 127
2026-06-02 09:49:25 [self-0001-1-city] Map: 19 x 21 Turn: 778
2026-06-02 09:49:25 [self-0001-1-city] Route planned: Target = 66 Mode = defense city-free reachable tiles = 291 Fallback-Tiles = 293
2026-06-02 09:49:25 [self-0001-1-city] Priority agent: edge reuse -45000 base = 192721 final = 147721
2026-06-02 09:49:25 [self-0001-1-city] Move #740: 65 -> 66 | Army: 71 | Target-Terrain: 0 | Target: 66 | Half: False
2026-06-02 09:49:26 [self-0001-1-city] My general index: 28
2026-06-02 09:49:26 [self-0001-1-city] Enemy general index: None
2026-06-02 09:49:26 [self-0001-1-city] Visible enemy tiles: 10
2026-06-02 09:49:26 [self-0001-1-city] Tiles: 34 / 127
2026-06-02 09:49:26 [self-0001-1-city] Map: 19 x 21 Turn: 779
2026-06-02 09:49:26 [self-0001-1-city] Route planned: Target = 65 Mode = defense city-free reachable tiles = 291 Fallback-Tiles = 293
2026-06-02 09:49:26 [self-0001-1-city] Priority agent: edge reuse -9000 base = 230352 final = 221352
2026-06-02 09:49:26 [self-0001-1-city] Move #741: 64 -> 65 | Army: 2 | Target-Terrain: 0 | Target: 65 | Half: False
2026-06-02 09:49:26 [self-0001-1-city] My general index: 28
2026-06-02 09:49:26 [self-0001-1-city] Enemy general index: None
2026-06-02 09:49:26 [self-0001-1-city] Visible enemy tiles: 10
2026-06-02 09:49:26 [self-0001-1-city] Tiles: 34 / 127
2026-06-02 09:49:26 [self-0001-1-city] Map: 19 x 21 Turn: 780
2026-06-02 09:49:26 [self-0001-1-city] Route planned: Target = 65 Mode = defense city-free reachable tiles = 291 Fallback-Tiles = 293
2026-06-02 09:49:26 [self-0001-1-city] Priority agent: edge reuse -45000 base = 200621 final = 155621
2026-06-02 09:49:26 [self-0001-1-city] Move #742: 66 -> 65 | Army: 71 | Target-Terrain: 0 | Target: 65 | Half: False
2026-06-02 09:49:27 [self-0001-1-city] My general index: 28
2026-06-02 09:49:27 [self-0001-1-city] Enemy general index: None
2026-06-02 09:49:27 [self-0001-1-city] Visible enemy tiles: 10
2026-06-02 09:49:27 [self-0001-1-city] Tiles: 34 / 127
2026-06-02 09:49:27 [self-0001-1-city] Map: 19 x 21 Turn: 781
2026-06-02 09:49:27 [self-0001-1-city] Route planned: Target = 66 Mode = defense city-free reachable tiles = 291 Fallback-Tiles = 293
2026-06-02 09:49:27 [self-0001-1-city] Move #743: 28 -> 47 | Army: 68 | Target-Terrain: 0 | Target: 66 | Half: True
2026-06-02 09:49:27 [self-0001-1-city] My general index: 28
2026-06-02 09:49:27 [self-0001-1-city] Enemy general index: None
2026-06-02 09:49:27 [self-0001-1-city] Visible enemy tiles: 10
2026-06-02 09:49:27 [self-0001-1-city] Tiles: 34 / 127
2026-06-02 09:49:27 [self-0001-1-city] Map: 19 x 21 Turn: 782
2026-06-02 09:49:27 [self-0001-1-city] Route planned: Target = 180 Mode = strategy city-free reachable tiles = 291 Fallback-Tiles = 293
2026-06-02 09:49:27 [self-0001-1-city] Move #744: 143 -> 142 | Army: 2 | Target-Terrain: 0 | Target: 180 | Half: False
2026-06-02 09:49:28 [self-0001-1-city] My general index: 28
2026-06-02 09:49:28 [self-0001-1-city] Enemy general index: None
2026-06-02 09:49:28 [self-0001-1-city] Visible enemy tiles: 10
2026-06-02 09:49:28 [self-0001-1-city] Tiles: 34 / 127
2026-06-02 09:49:28 [self-0001-1-city] Map: 19 x 21 Turn: 783
2026-06-02 09:49:28 [self-0001-1-city] Route planned: Target = 180 Mode = strategy city-free reachable tiles = 291 Fallback-Tiles = 293
2026-06-02 09:49:28 [self-0001-1-city] Move #745: 86 -> 85 | Army: 2 | Target-Terrain: 0 | Target: 180 | Half: False
2026-06-02 09:49:28 [self-0001-1-city] My general index: 28
2026-06-02 09:49:28 [self-0001-1-city] Enemy general index: None
2026-06-02 09:49:28 [self-0001-1-city] Visible enemy tiles: 11
2026-06-02 09:49:28 [self-0001-1-city] Tiles: 33 / 128
2026-06-02 09:49:28 [self-0001-1-city] Map: 19 x 21 Turn: 784
2026-06-02 09:49:28 [self-0001-1-city] Reinforcement waypoint: 180 final target = 180 turns until reinforcement = 16
2026-06-02 09:49:28 [self-0001-1-city] Route planned: Target = 180 Mode = reinforcement_waypoint city-free reachable tiles = 291 Fallback-Tiles = 293
2026-06-02 09:49:28 [self-0001-1-city] Move #746: 87 -> 86 | Army: 2 | Target-Terrain: 0 | Target: 180 | Half: False
2026-06-02 09:49:29 [self-0001-1-city] My general index: 28
2026-06-02 09:49:29 [self-0001-1-city] Enemy general index: None
2026-06-02 09:49:29 [self-0001-1-city] Visible enemy tiles: 11
2026-06-02 09:49:29 [self-0001-1-city] Tiles: 33 / 128
2026-06-02 09:49:29 [self-0001-1-city] Map: 19 x 21 Turn: 785
2026-06-02 09:49:29 [self-0001-1-city] Reinforcement waypoint: 180 final target = 180 turns until reinforcement = 15
2026-06-02 09:49:29 [self-0001-1-city] Route planned: Target = 180 Mode = reinforcement_waypoint city-free reachable tiles = 291 Fallback-Tiles = 293
2026-06-02 09:49:29 [self-0001-1-city] Move #747: 65 -> 84 | Army: 72 | Target-Terrain: 0 | Target: 180 | Half: False
2026-06-02 09:49:29 [self-0001-1-city] My general index: 28
2026-06-02 09:49:29 [self-0001-1-city] Enemy general index: None
2026-06-02 09:49:29 [self-0001-1-city] Visible enemy tiles: 11
2026-06-02 09:49:29 [self-0001-1-city] Tiles: 33 / 128
2026-06-02 09:49:29 [self-0001-1-city] Map: 19 x 21 Turn: 786
2026-06-02 09:49:29 [self-0001-1-city] Reinforcement waypoint: 180 final target = 180 turns until reinforcement = 14
2026-06-02 09:49:29 [self-0001-1-city] Route planned: Target = 180 Mode = reinforcement_waypoint city-free reachable tiles = 291 Fallback-Tiles = 293
2026-06-02 09:49:29 [self-0001-1-city] Move #748: 49 -> 68 | Army: 3 | Target-Terrain: 0 | Target: 180 | Half: False
2026-06-02 09:49:30 [self-0001-1-city] My general index: 28
2026-06-02 09:49:30 [self-0001-1-city] Enemy general index: None
2026-06-02 09:49:30 [self-0001-1-city] Visible enemy tiles: 11
2026-06-02 09:49:30 [self-0001-1-city] Tiles: 33 / 128
2026-06-02 09:49:30 [self-0001-1-city] Map: 19 x 21 Turn: 787
2026-06-02 09:49:30 [self-0001-1-city] Reinforcement waypoint: 180 final target = 180 turns until reinforcement = 13
2026-06-02 09:49:30 [self-0001-1-city] Route planned: Target = 180 Mode = reinforcement_waypoint city-free reachable tiles = 291 Fallback-Tiles = 293
2026-06-02 09:49:30 [self-0001-1-city] Move #749: 27 -> 46 | Army: 2 | Target-Terrain: 0 | Target: 180 | Half: False
2026-06-02 09:49:30 [self-0001-1-city] My general index: 28
2026-06-02 09:49:30 [self-0001-1-city] Enemy general index: None
2026-06-02 09:49:30 [self-0001-1-city] Visible enemy tiles: 11
2026-06-02 09:49:30 [self-0001-1-city] Tiles: 33 / 128
2026-06-02 09:49:30 [self-0001-1-city] Map: 19 x 21 Turn: 788
2026-06-02 09:49:30 [self-0001-1-city] Reinforcement waypoint: 180 final target = 180 turns until reinforcement = 12
2026-06-02 09:49:30 [self-0001-1-city] Route planned: Target = 180 Mode = reinforcement_waypoint city-free reachable tiles = 291 Fallback-Tiles = 293
2026-06-02 09:49:30 [self-0001-1-city] Move #750: 85 -> 104 | Army: 2 | Target-Terrain: 0 | Target: 180 | Half: False
2026-06-02 09:49:31 [self-0001-1-city] My general index: 28
2026-06-02 09:49:31 [self-0001-1-city] Enemy general index: None
2026-06-02 09:49:31 [self-0001-1-city] Visible enemy tiles: 11
2026-06-02 09:49:31 [self-0001-1-city] Tiles: 33 / 128
2026-06-02 09:49:31 [self-0001-1-city] Map: 19 x 21 Turn: 789
2026-06-02 09:49:31 [self-0001-1-city] Reinforcement waypoint: 180 final target = 180 turns until reinforcement = 11
2026-06-02 09:49:31 [self-0001-1-city] Route planned: Target = 180 Mode = reinforcement_waypoint city-free reachable tiles = 291 Fallback-Tiles = 293
2026-06-02 09:49:31 [self-0001-1-city] Move #751: 47 -> 66 | Army: 35 | Target-Terrain: 0 | Target: 180 | Half: False
2026-06-02 09:49:31 [self-0001-1-city] My general index: 28
2026-06-02 09:49:31 [self-0001-1-city] Enemy general index: None
2026-06-02 09:49:31 [self-0001-1-city] Visible enemy tiles: 11
2026-06-02 09:49:31 [self-0001-1-city] Tiles: 33 / 128
2026-06-02 09:49:31 [self-0001-1-city] Map: 19 x 21 Turn: 790
2026-06-02 09:49:31 [self-0001-1-city] Reinforcement waypoint: 180 final target = 180 turns until reinforcement = 10
2026-06-02 09:49:31 [self-0001-1-city] Route planned: Target = 180 Mode = reinforcement_waypoint city-free reachable tiles = 291 Fallback-Tiles = 293
2026-06-02 09:49:31 [self-0001-1-city] Move #752: 161 -> 162 | Army: 3 | Target-Terrain: 1 | Target: 180 | Half: False
2026-06-02 09:49:32 [self-0001-1-city] My general index: 28
2026-06-02 09:49:32 [self-0001-1-city] Enemy general index: None
2026-06-02 09:49:32 [self-0001-1-city] Visible enemy tiles: 10
2026-06-02 09:49:32 [self-0001-1-city] Tiles: 34 / 127
2026-06-02 09:49:32 [self-0001-1-city] Map: 19 x 21 Turn: 791
2026-06-02 09:49:32 [self-0001-1-city] Reinforcement waypoint: 161 final target = 180 turns until reinforcement = 9
2026-06-02 09:49:32 [self-0001-1-city] Route planned: Target = 161 Mode = reinforcement_waypoint city-free reachable tiles = 291 Fallback-Tiles = 293
2026-06-02 09:49:32 [self-0001-1-city] Move #753: 84 -> 103 | Army: 72 | Target-Terrain: 0 | Target: 161 | Half: False
2026-06-02 09:49:32 [self-0001-1-city] My general index: 28
2026-06-02 09:49:32 [self-0001-1-city] Enemy general index: None
2026-06-02 09:49:32 [self-0001-1-city] Visible enemy tiles: 10
2026-06-02 09:49:32 [self-0001-1-city] Tiles: 33 / 128
2026-06-02 09:49:32 [self-0001-1-city] Map: 19 x 21 Turn: 792
2026-06-02 09:49:32 [self-0001-1-city] Reinforcement waypoint: 161 final target = 180 turns until reinforcement = 8
2026-06-02 09:49:32 [self-0001-1-city] Route planned: Target = 161 Mode = reinforcement_waypoint city-free reachable tiles = 291 Fallback-Tiles = 293
2026-06-02 09:49:32 [self-0001-1-city] Move #754: 142 -> 161 | Army: 3 | Target-Terrain: 1 | Target: 161 | Half: False
2026-06-02 09:49:33 [self-0001-1-city] My general index: 28
2026-06-02 09:49:33 [self-0001-1-city] Enemy general index: None
2026-06-02 09:49:33 [self-0001-1-city] Visible enemy tiles: 10
2026-06-02 09:49:33 [self-0001-1-city] Tiles: 34 / 127
2026-06-02 09:49:33 [self-0001-1-city] Map: 19 x 21 Turn: 793
2026-06-02 09:49:33 [self-0001-1-city] Reinforcement waypoint: 160 final target = 180 turns until reinforcement = 7
2026-06-02 09:49:33 [self-0001-1-city] Route planned: Target = 160 Mode = reinforcement_waypoint city-free reachable tiles = 291 Fallback-Tiles = 293
2026-06-02 09:49:33 [self-0001-1-city] Move #755: 141 -> 160 | Army: 3 | Target-Terrain: 1 | Target: 160 | Half: False
2026-06-02 09:49:33 [self-0001-1-city] My general index: 28
2026-06-02 09:49:33 [self-0001-1-city] Enemy general index: None
2026-06-02 09:49:33 [self-0001-1-city] Visible enemy tiles: 11
2026-06-02 09:49:33 [self-0001-1-city] Tiles: 34 / 127
2026-06-02 09:49:33 [self-0001-1-city] Map: 19 x 21 Turn: 794
2026-06-02 09:49:33 [self-0001-1-city] Reinforcement waypoint: 142 final target = 180 turns until reinforcement = 6
2026-06-02 09:49:33 [self-0001-1-city] Route planned: Target = 142 Mode = reinforcement_waypoint city-free reachable tiles = 291 Fallback-Tiles = 293
2026-06-02 09:49:33 [self-0001-1-city] Move #756: 66 -> 85 | Army: 35 | Target-Terrain: 0 | Target: 142 | Half: False
2026-06-02 09:49:34 [self-0001-1-city] My general index: 28
2026-06-02 09:49:34 [self-0001-1-city] Enemy general index: None
2026-06-02 09:49:34 [self-0001-1-city] Visible enemy tiles: 10
2026-06-02 09:49:34 [self-0001-1-city] Tiles: 33 / 128
2026-06-02 09:49:34 [self-0001-1-city] Map: 19 x 21 Turn: 795
2026-06-02 09:49:34 [self-0001-1-city] Reinforcement waypoint: 142 final target = 180 turns until reinforcement = 5
2026-06-02 09:49:34 [self-0001-1-city] Route planned: Target = 142 Mode = reinforcement_waypoint city-free reachable tiles = 291 Fallback-Tiles = 293
2026-06-02 09:49:34 [self-0001-1-city] Move #757: 68 -> 87 | Army: 3 | Target-Terrain: 0 | Target: 142 | Half: False
2026-06-02 09:49:34 [self-0001-1-city] My general index: 28
2026-06-02 09:49:34 [self-0001-1-city] Enemy general index: None
2026-06-02 09:49:34 [self-0001-1-city] Visible enemy tiles: 11
2026-06-02 09:49:34 [self-0001-1-city] Tiles: 32 / 129
2026-06-02 09:49:34 [self-0001-1-city] Map: 19 x 21 Turn: 796
2026-06-02 09:49:34 [self-0001-1-city] Reinforcement waypoint: 142 final target = 180 turns until reinforcement = 4
2026-06-02 09:49:34 [self-0001-1-city] Route planned: Target = 142 Mode = reinforcement_waypoint city-free reachable tiles = 291 Fallback-Tiles = 293
2026-06-02 09:49:34 [self-0001-1-city] Move #758: 140 -> 141 | Army: 3 | Target-Terrain: 1 | Target: 142 | Half: False
2026-06-02 09:49:35 [self-0001-1-city] Coach: stabilize tiles 33/128 army 308/1625 cities 0/0 enemy_city_suspect True bias {'expansion_bias': 0.1, 'city_bias': 0.8, 'attack_bias': -0.30000000000000004, 'defense_bias': 1.2, 'route_bias': 0.3}
2026-06-02 09:49:35 [self-0001-1-city] My general index: 28
2026-06-02 09:49:35 [self-0001-1-city] Enemy general index: None
2026-06-02 09:49:35 [self-0001-1-city] Visible enemy tiles: 10
2026-06-02 09:49:35 [self-0001-1-city] Tiles: 33 / 128
2026-06-02 09:49:35 [self-0001-1-city] Map: 19 x 21 Turn: 797
2026-06-02 09:49:35 [self-0001-1-city] Reinforcement waypoint: 142 final target = 180 turns until reinforcement = 3
2026-06-02 09:49:35 [self-0001-1-city] Route planned: Target = 142 Mode = reinforcement_waypoint city-free reachable tiles = 291 Fallback-Tiles = 293
2026-06-02 09:49:35 [self-0001-1-city] Move #759: 46 -> 65 | Army: 2 | Target-Terrain: 0 | Target: 142 | Half: False
2026-06-02 09:49:35 [self-0001-1-city] My general index: 28
2026-06-02 09:49:35 [self-0001-1-city] Enemy general index: None
2026-06-02 09:49:35 [self-0001-1-city] Visible enemy tiles: 11
2026-06-02 09:49:35 [self-0001-1-city] Tiles: 32 / 129
2026-06-02 09:49:35 [self-0001-1-city] Map: 19 x 21 Turn: 798
2026-06-02 09:49:35 [self-0001-1-city] Route planned: Target = 142 Mode = defense city-free reachable tiles = 291 Fallback-Tiles = 293
2026-06-02 09:49:35 [self-0001-1-city] Move #760: 123 -> 142 | Army: 2 | Target-Terrain: 0 | Target: 142 | Half: False
2026-06-02 09:49:36 [self-0001-1-city] My general index: 28
2026-06-02 09:49:36 [self-0001-1-city] Enemy general index: None
2026-06-02 09:49:36 [self-0001-1-city] Visible enemy tiles: 11
2026-06-02 09:49:36 [self-0001-1-city] Tiles: 32 / 129
2026-06-02 09:49:36 [self-0001-1-city] Map: 19 x 21 Turn: 799
2026-06-02 09:49:36 [self-0001-1-city] Route planned: Target = 142 Mode = defense city-free reachable tiles = 291 Fallback-Tiles = 293
2026-06-02 09:49:36 [self-0001-1-city] Move #761: 86 -> 85 | Army: 2 | Target-Terrain: 0 | Target: 142 | Half: False
2026-06-02 09:49:36 [self-0001-1-city] My general index: 28
2026-06-02 09:49:36 [self-0001-1-city] Enemy general index: None
2026-06-02 09:49:36 [self-0001-1-city] Visible enemy tiles: 11
2026-06-02 09:49:36 [self-0001-1-city] Tiles: 32 / 129
2026-06-02 09:49:36 [self-0001-1-city] Map: 19 x 21 Turn: 800
2026-06-02 09:49:36 [self-0001-1-city] Route planned: Target = 142 Mode = defense city-free reachable tiles = 291 Fallback-Tiles = 293
2026-06-02 09:49:36 [self-0001-1-city] Move #762: 141 -> 142 | Army: 2 | Target-Terrain: 0 | Target: 142 | Half: False
2026-06-02 09:49:37 [self-0001-1-city] My general index: 28
2026-06-02 09:49:37 [self-0001-1-city] Enemy general index: None
2026-06-02 09:49:37 [self-0001-1-city] Visible enemy tiles: 11
2026-06-02 09:49:37 [self-0001-1-city] Tiles: 32 / 129
2026-06-02 09:49:37 [self-0001-1-city] Map: 19 x 21 Turn: 801
2026-06-02 09:49:37 [self-0001-1-city] Route planned: Target = 142 Mode = defense city-free reachable tiles = 291 Fallback-Tiles = 293
2026-06-02 09:49:37 [self-0001-1-city] Priority agent: edge reuse -9000 base = 225552 final = 216552
2026-06-02 09:49:37 [self-0001-1-city] Move #763: 123 -> 142 | Army: 2 | Target-Terrain: 0 | Target: 142 | Half: False
2026-06-02 09:49:37 [self-0001-1-city] My general index: 28
2026-06-02 09:49:37 [self-0001-1-city] Enemy general index: None
2026-06-02 09:49:37 [self-0001-1-city] Visible enemy tiles: 12
2026-06-02 09:49:37 [self-0001-1-city] Tiles: 31 / 130
2026-06-02 09:49:37 [self-0001-1-city] Map: 19 x 21 Turn: 802
2026-06-02 09:49:37 [self-0001-1-city] Route planned: Target = 142 Mode = defense city-free reachable tiles = 291 Fallback-Tiles = 293
2026-06-02 09:49:37 [self-0001-1-city] Move #764: 122 -> 141 | Army: 3 | Target-Terrain: 1 | Target: 142 | Half: False
2026-06-02 09:49:38 [self-0001-1-city] My general index: 28
2026-06-02 09:49:38 [self-0001-1-city] Enemy general index: None
2026-06-02 09:49:38 [self-0001-1-city] Visible enemy tiles: 11
2026-06-02 09:49:38 [self-0001-1-city] Tiles: 32 / 129
2026-06-02 09:49:38 [self-0001-1-city] Map: 19 x 21 Turn: 803
2026-06-02 09:49:38 [self-0001-1-city] Route planned: Target = 142 Mode = defense city-free reachable tiles = 291 Fallback-Tiles = 293
2026-06-02 09:49:38 [self-0001-1-city] Move #765: 121 -> 140 | Army: 4 | Target-Terrain: 1 | Target: 142 | Half: False
2026-06-02 09:49:38 [self-0001-1-city] My general index: 28
2026-06-02 09:49:38 [self-0001-1-city] Enemy general index: None
2026-06-02 09:49:38 [self-0001-1-city] Visible enemy tiles: 10
2026-06-02 09:49:38 [self-0001-1-city] Tiles: 33 / 128
2026-06-02 09:49:38 [self-0001-1-city] Map: 19 x 21 Turn: 804
2026-06-02 09:49:38 [self-0001-1-city] Route planned: Target = 142 Mode = defense city-free reachable tiles = 291 Fallback-Tiles = 293
2026-06-02 09:49:38 [self-0001-1-city] Move #766: 85 -> 104 | Army: 37 | Target-Terrain: 0 | Target: 142 | Half: False
2026-06-02 09:49:39 [self-0001-1-city] My general index: 28
2026-06-02 09:49:39 [self-0001-1-city] Enemy general index: None
2026-06-02 09:49:39 [self-0001-1-city] Visible enemy tiles: 10
2026-06-02 09:49:39 [self-0001-1-city] Tiles: 33 / 128
2026-06-02 09:49:39 [self-0001-1-city] Map: 19 x 21 Turn: 805
2026-06-02 09:49:39 [self-0001-1-city] Route planned: Target = 142 Mode = defense city-free reachable tiles = 291 Fallback-Tiles = 293
2026-06-02 09:49:39 [self-0001-1-city] Priority agent: flow +6000 base = 139140 final = 145140
2026-06-02 09:49:39 [self-0001-1-city] Move #767: 104 -> 123 | Army: 83 | Target-Terrain: 0 | Target: 142 | Half: False
2026-06-02 09:49:39 [self-0001-1-city] My general index: 28
2026-06-02 09:49:39 [self-0001-1-city] Enemy general index: None
2026-06-02 09:49:39 [self-0001-1-city] Visible enemy tiles: 10
2026-06-02 09:49:39 [self-0001-1-city] Tiles: 33 / 128
2026-06-02 09:49:39 [self-0001-1-city] Map: 19 x 21 Turn: 806
2026-06-02 09:49:39 [self-0001-1-city] Route planned: Target = 142 Mode = defense city-free reachable tiles = 291 Fallback-Tiles = 293
2026-06-02 09:49:39 [self-0001-1-city] Priority agent: edge reuse -18000, flow +6000 base = 214630 final = 202630
2026-06-02 09:49:39 [self-0001-1-city] Move #768: 123 -> 142 | Army: 83 | Target-Terrain: 0 | Target: 142 | Half: False
2026-06-02 09:49:40 [self-0001-1-city] My general index: 28
2026-06-02 09:49:40 [self-0001-1-city] Enemy general index: None
2026-06-02 09:49:40 [self-0001-1-city] Visible enemy tiles: 10
2026-06-02 09:49:40 [self-0001-1-city] Tiles: 33 / 128
2026-06-02 09:49:40 [self-0001-1-city] Map: 19 x 21 Turn: 807
2026-06-02 09:49:40 [self-0001-1-city] Route planned: Target = 180 Mode = defense city-free reachable tiles = 291 Fallback-Tiles = 293
2026-06-02 09:49:40 [self-0001-1-city] Priority agent: flow +6000 base = 73440 final = 79440
2026-06-02 09:49:40 [self-0001-1-city] Move #769: 142 -> 161 | Army: 87 | Target-Terrain: 1 | Target: 180 | Half: False
2026-06-02 09:49:40 [self-0001-1-city] My general index: 28
2026-06-02 09:49:40 [self-0001-1-city] Enemy general index: None
2026-06-02 09:49:40 [self-0001-1-city] Visible enemy tiles: 10
2026-06-02 09:49:40 [self-0001-1-city] Tiles: 34 / 127
2026-06-02 09:49:40 [self-0001-1-city] Map: 19 x 21 Turn: 808
2026-06-02 09:49:40 [self-0001-1-city] Route planned: Target = 142 Mode = defense city-free reachable tiles = 291 Fallback-Tiles = 293
2026-06-02 09:49:40 [self-0001-1-city] Priority agent: reverse -35000, edge reuse -9000 base = 213930 final = 169930
2026-06-02 09:49:40 [self-0001-1-city] Move #770: 161 -> 142 | Army: 84 | Target-Terrain: 0 | Target: 142 | Half: False
2026-06-02 09:49:41 [self-0001-1-city] My general index: 28
2026-06-02 09:49:41 [self-0001-1-city] Enemy general index: None
2026-06-02 09:49:41 [self-0001-1-city] Visible enemy tiles: 10
2026-06-02 09:49:41 [self-0001-1-city] Tiles: 34 / 127
2026-06-02 09:49:41 [self-0001-1-city] Map: 19 x 21 Turn: 809
2026-06-02 09:49:41 [self-0001-1-city] Route planned: Target = 180 Mode = strategy city-free reachable tiles = 291 Fallback-Tiles = 293
2026-06-02 09:49:41 [self-0001-1-city] Priority agent: flow +6000 base = 41710 final = 47710
2026-06-02 09:49:41 [self-0001-1-city] Move #771: 142 -> 143 | Army: 84 | Target-Terrain: 1 | Target: 180 | Half: False
2026-06-02 09:49:41 [self-0001-1-city] My general index: 28
2026-06-02 09:49:41 [self-0001-1-city] Enemy general index: None
2026-06-02 09:49:41 [self-0001-1-city] Visible enemy tiles: 9
2026-06-02 09:49:41 [self-0001-1-city] Tiles: 35 / 126
2026-06-02 09:49:41 [self-0001-1-city] Map: 19 x 21 Turn: 810
2026-06-02 09:49:41 [self-0001-1-city] Route planned: Target = 142 Mode = defense city-free reachable tiles = 291 Fallback-Tiles = 293
2026-06-02 09:49:41 [self-0001-1-city] Priority agent: reverse -35000, edge reuse -9000 base = 213930 final = 169930
2026-06-02 09:49:41 [self-0001-1-city] Move #772: 143 -> 142 | Army: 81 | Target-Terrain: 0 | Target: 142 | Half: False
2026-06-02 09:49:42 [self-0001-1-city] My general index: 28
2026-06-02 09:49:42 [self-0001-1-city] Enemy general index: None
2026-06-02 09:49:42 [self-0001-1-city] Visible enemy tiles: 9
2026-06-02 09:49:42 [self-0001-1-city] Tiles: 35 / 126
2026-06-02 09:49:42 [self-0001-1-city] Map: 19 x 21 Turn: 811
2026-06-02 09:49:42 [self-0001-1-city] Route planned: Target = 180 Mode = strategy city-free reachable tiles = 291 Fallback-Tiles = 293
2026-06-02 09:49:42 [self-0001-1-city] Move #773: 162 -> 161 | Army: 2 | Target-Terrain: 0 | Target: 180 | Half: False
2026-06-02 09:49:42 [self-0001-1-city] My general index: 28
2026-06-02 09:49:42 [self-0001-1-city] Enemy general index: None
2026-06-02 09:49:42 [self-0001-1-city] Visible enemy tiles: 9
2026-06-02 09:49:42 [self-0001-1-city] Tiles: 35 / 126
2026-06-02 09:49:42 [self-0001-1-city] Map: 19 x 21 Turn: 812
2026-06-02 09:49:42 [self-0001-1-city] Route planned: Target = 180 Mode = strategy city-free reachable tiles = 291 Fallback-Tiles = 293
2026-06-02 09:49:42 [self-0001-1-city] Move #774: 66 -> 85 | Army: 2 | Target-Terrain: 0 | Target: 180 | Half: False
2026-06-02 09:49:43 [self-0001-1-city] My general index: 28
2026-06-02 09:49:43 [self-0001-1-city] Enemy general index: None
2026-06-02 09:49:43 [self-0001-1-city] Visible enemy tiles: 9
2026-06-02 09:49:43 [self-0001-1-city] Tiles: 35 / 126
2026-06-02 09:49:43 [self-0001-1-city] Map: 19 x 21 Turn: 813
2026-06-02 09:49:43 [self-0001-1-city] Route planned: Target = 180 Mode = strategy city-free reachable tiles = 291 Fallback-Tiles = 293
2026-06-02 09:49:43 [self-0001-1-city] Move #775: 84 -> 103 | Army: 2 | Target-Terrain: 0 | Target: 180 | Half: False
2026-06-02 09:49:43 [self-0001-1-city] My general index: 28
2026-06-02 09:49:43 [self-0001-1-city] Enemy general index: None
2026-06-02 09:49:43 [self-0001-1-city] Visible enemy tiles: 9
2026-06-02 09:49:43 [self-0001-1-city] Tiles: 35 / 126
2026-06-02 09:49:43 [self-0001-1-city] Map: 19 x 21 Turn: 814
2026-06-02 09:49:43 [self-0001-1-city] Route planned: Target = 180 Mode = strategy city-free reachable tiles = 291 Fallback-Tiles = 293
2026-06-02 09:49:43 [self-0001-1-city] Move #776: 86 -> 85 | Army: 2 | Target-Terrain: 0 | Target: 180 | Half: False
2026-06-02 09:49:44 [self-0001-1-city] My general index: 28
2026-06-02 09:49:44 [self-0001-1-city] Enemy general index: None
2026-06-02 09:49:44 [self-0001-1-city] Visible enemy tiles: 9
2026-06-02 09:49:44 [self-0001-1-city] Tiles: 35 / 126
2026-06-02 09:49:44 [self-0001-1-city] Map: 19 x 21 Turn: 815
2026-06-02 09:49:44 [self-0001-1-city] Route planned: Target = 180 Mode = strategy city-free reachable tiles = 291 Fallback-Tiles = 293
2026-06-02 09:49:44 [self-0001-1-city] Move #777: 87 -> 86 | Army: 4 | Target-Terrain: 0 | Target: 180 | Half: False
2026-06-02 09:49:44 [self-0001-1-city] My general index: 28
2026-06-02 09:49:44 [self-0001-1-city] Enemy general index: None
2026-06-02 09:49:44 [self-0001-1-city] Visible enemy tiles: 9
2026-06-02 09:49:44 [self-0001-1-city] Tiles: 35 / 126
2026-06-02 09:49:44 [self-0001-1-city] Map: 19 x 21 Turn: 816
2026-06-02 09:49:44 [self-0001-1-city] Route planned: Target = 180 Mode = strategy city-free reachable tiles = 291 Fallback-Tiles = 293
2026-06-02 09:49:44 [self-0001-1-city] Move #778: 65 -> 84 | Army: 3 | Target-Terrain: 0 | Target: 180 | Half: False
2026-06-02 09:49:45 [self-0001-1-city] My general index: 28
2026-06-02 09:49:45 [self-0001-1-city] Enemy general index: None
2026-06-02 09:49:45 [self-0001-1-city] Visible enemy tiles: 9
2026-06-02 09:49:45 [self-0001-1-city] Tiles: 35 / 126
2026-06-02 09:49:45 [self-0001-1-city] Map: 19 x 21 Turn: 817
2026-06-02 09:49:45 [self-0001-1-city] Route planned: Target = 180 Mode = strategy city-free reachable tiles = 291 Fallback-Tiles = 293
2026-06-02 09:49:45 [self-0001-1-city] Move #779: 47 -> 66 | Army: 2 | Target-Terrain: 0 | Target: 180 | Half: False
2026-06-02 09:49:45 [self-0001-1-city] My general index: 28
2026-06-02 09:49:45 [self-0001-1-city] Enemy general index: None
2026-06-02 09:49:45 [self-0001-1-city] Visible enemy tiles: 9
2026-06-02 09:49:45 [self-0001-1-city] Tiles: 35 / 126
2026-06-02 09:49:45 [self-0001-1-city] Map: 19 x 21 Turn: 818
2026-06-02 09:49:45 [self-0001-1-city] Route planned: Target = 180 Mode = strategy city-free reachable tiles = 291 Fallback-Tiles = 293
2026-06-02 09:49:45 [self-0001-1-city] Move #780: 67 -> 86 | Army: 2 | Target-Terrain: 0 | Target: 180 | Half: False
2026-06-02 09:49:46 [self-0001-1-city] My general index: 28
2026-06-02 09:49:46 [self-0001-1-city] Enemy general index: None
2026-06-02 09:49:46 [self-0001-1-city] Visible enemy tiles: 9
2026-06-02 09:49:46 [self-0001-1-city] Tiles: 35 / 126
2026-06-02 09:49:46 [self-0001-1-city] Map: 19 x 21 Turn: 819
2026-06-02 09:49:46 [self-0001-1-city] Route planned: Target = 180 Mode = strategy city-free reachable tiles = 291 Fallback-Tiles = 293
2026-06-02 09:49:46 [self-0001-1-city] Move #781: 85 -> 104 | Army: 3 | Target-Terrain: 0 | Target: 180 | Half: False
2026-06-02 09:49:46 [self-0001-1-city] My general index: 28
2026-06-02 09:49:46 [self-0001-1-city] Enemy general index: None
2026-06-02 09:49:46 [self-0001-1-city] Visible enemy tiles: 9
2026-06-02 09:49:46 [self-0001-1-city] Tiles: 35 / 126
2026-06-02 09:49:46 [self-0001-1-city] Map: 19 x 21 Turn: 820
2026-06-02 09:49:46 [self-0001-1-city] Route planned: Target = 180 Mode = strategy city-free reachable tiles = 291 Fallback-Tiles = 293
2026-06-02 09:49:46 [self-0001-1-city] Move #782: 83 -> 102 | Army: 2 | Target-Terrain: 0 | Target: 180 | Half: False
2026-06-02 09:49:47 [self-0001-1-city] My general index: 28
2026-06-02 09:49:47 [self-0001-1-city] Enemy general index: None
2026-06-02 09:49:47 [self-0001-1-city] Visible enemy tiles: 9
2026-06-02 09:49:47 [self-0001-1-city] Tiles: 35 / 126
2026-06-02 09:49:47 [self-0001-1-city] Map: 19 x 21 Turn: 821
2026-06-02 09:49:47 [self-0001-1-city] Route planned: Target = 180 Mode = strategy city-free reachable tiles = 291 Fallback-Tiles = 293
2026-06-02 09:49:47 [self-0001-1-city] Move #783: 46 -> 65 | Army: 2 | Target-Terrain: 0 | Target: 180 | Half: False
2026-06-02 09:49:47 [self-0001-1-city] My general index: 28
2026-06-02 09:49:47 [self-0001-1-city] Enemy general index: None
2026-06-02 09:49:47 [self-0001-1-city] Visible enemy tiles: 9
2026-06-02 09:49:47 [self-0001-1-city] Tiles: 35 / 126
2026-06-02 09:49:47 [self-0001-1-city] Map: 19 x 21 Turn: 822
2026-06-02 09:49:47 [self-0001-1-city] Route planned: Target = 180 Mode = strategy city-free reachable tiles = 291 Fallback-Tiles = 293
2026-06-02 09:49:47 [self-0001-1-city] Move #784: 48 -> 67 | Army: 2 | Target-Terrain: 0 | Target: 180 | Half: False
2026-06-02 09:49:48 [self-0001-1-city] My general index: 28
2026-06-02 09:49:48 [self-0001-1-city] Enemy general index: None
2026-06-02 09:49:48 [self-0001-1-city] Visible enemy tiles: 9
2026-06-02 09:49:48 [self-0001-1-city] Tiles: 35 / 126
2026-06-02 09:49:48 [self-0001-1-city] Map: 19 x 21 Turn: 823
2026-06-02 09:49:48 [self-0001-1-city] Route planned: Target = 180 Mode = strategy city-free reachable tiles = 291 Fallback-Tiles = 293
2026-06-02 09:49:48 [self-0001-1-city] Move #785: 64 -> 83 | Army: 2 | Target-Terrain: 0 | Target: 180 | Half: False
2026-06-02 09:49:48 [self-0001-1-city] My general index: 28
2026-06-02 09:49:48 [self-0001-1-city] Enemy general index: None
2026-06-02 09:49:48 [self-0001-1-city] Visible enemy tiles: 9
2026-06-02 09:49:48 [self-0001-1-city] Tiles: 35 / 126
2026-06-02 09:49:48 [self-0001-1-city] Map: 19 x 21 Turn: 824
2026-06-02 09:49:48 [self-0001-1-city] Route planned: Target = 180 Mode = strategy city-free reachable tiles = 291 Fallback-Tiles = 293
2026-06-02 09:49:48 [self-0001-1-city] Move #786: 68 -> 87 | Army: 2 | Target-Terrain: 0 | Target: 180 | Half: False
2026-06-02 09:49:49 [self-0001-1-city] My general index: 28
2026-06-02 09:49:49 [self-0001-1-city] Enemy general index: None
2026-06-02 09:49:49 [self-0001-1-city] Visible enemy tiles: 9
2026-06-02 09:49:49 [self-0001-1-city] Tiles: 35 / 126
2026-06-02 09:49:49 [self-0001-1-city] Map: 19 x 21 Turn: 825
2026-06-02 09:49:49 [self-0001-1-city] Route planned: Target = 180 Mode = strategy city-free reachable tiles = 291 Fallback-Tiles = 293
2026-06-02 09:49:49 [self-0001-1-city] Move #787: 27 -> 46 | Army: 2 | Target-Terrain: 0 | Target: 180 | Half: False
2026-06-02 09:49:49 [self-0001-1-city] My general index: 28
2026-06-02 09:49:49 [self-0001-1-city] Enemy general index: None
2026-06-02 09:49:49 [self-0001-1-city] Visible enemy tiles: 9
2026-06-02 09:49:49 [self-0001-1-city] Tiles: 35 / 126
2026-06-02 09:49:49 [self-0001-1-city] Map: 19 x 21 Turn: 826
2026-06-02 09:49:49 [self-0001-1-city] Route planned: Target = 180 Mode = strategy city-free reachable tiles = 291 Fallback-Tiles = 293
2026-06-02 09:49:49 [self-0001-1-city] Move #788: 45 -> 64 | Army: 2 | Target-Terrain: 0 | Target: 180 | Half: False
2026-06-02 09:49:50 [self-0001-1-city] My general index: 28
2026-06-02 09:49:50 [self-0001-1-city] Enemy general index: None
2026-06-02 09:49:50 [self-0001-1-city] Visible enemy tiles: 9
2026-06-02 09:49:50 [self-0001-1-city] Tiles: 35 / 126
2026-06-02 09:49:50 [self-0001-1-city] Map: 19 x 21 Turn: 827
2026-06-02 09:49:50 [self-0001-1-city] Route planned: Target = 180 Mode = strategy city-free reachable tiles = 291 Fallback-Tiles = 293
2026-06-02 09:49:50 [self-0001-1-city] Move #789: 66 -> 85 | Army: 2 | Target-Terrain: 0 | Target: 180 | Half: False
2026-06-02 09:49:50 [self-0001-1-city] My general index: 28
2026-06-02 09:49:50 [self-0001-1-city] Enemy general index: None
2026-06-02 09:49:50 [self-0001-1-city] Visible enemy tiles: 9
2026-06-02 09:49:50 [self-0001-1-city] Tiles: 35 / 126
2026-06-02 09:49:50 [self-0001-1-city] Map: 19 x 21 Turn: 828
2026-06-02 09:49:50 [self-0001-1-city] Route planned: Target = 180 Mode = strategy city-free reachable tiles = 291 Fallback-Tiles = 293
2026-06-02 09:49:50 [self-0001-1-city] Move #790: 84 -> 103 | Army: 3 | Target-Terrain: 0 | Target: 180 | Half: False
2026-06-02 09:49:51 [self-0001-1-city] My general index: 28
2026-06-02 09:49:51 [self-0001-1-city] Enemy general index: None
2026-06-02 09:49:51 [self-0001-1-city] Visible enemy tiles: 9
2026-06-02 09:49:51 [self-0001-1-city] Tiles: 35 / 126
2026-06-02 09:49:51 [self-0001-1-city] Map: 19 x 21 Turn: 829
2026-06-02 09:49:51 [self-0001-1-city] Route planned: Target = 180 Mode = strategy city-free reachable tiles = 291 Fallback-Tiles = 293
2026-06-02 09:49:51 [self-0001-1-city] Move #791: 86 -> 85 | Army: 5 | Target-Terrain: 0 | Target: 180 | Half: False
2026-06-02 09:49:51 [self-0001-1-city] My general index: 28
2026-06-02 09:49:51 [self-0001-1-city] Enemy general index: None
2026-06-02 09:49:51 [self-0001-1-city] Visible enemy tiles: 9
2026-06-02 09:49:51 [self-0001-1-city] Tiles: 35 / 126
2026-06-02 09:49:51 [self-0001-1-city] Map: 19 x 21 Turn: 830
2026-06-02 09:49:51 [self-0001-1-city] Route planned: Target = 180 Mode = strategy city-free reachable tiles = 291 Fallback-Tiles = 293
2026-06-02 09:49:51 [self-0001-1-city] Move #792: 67 -> 66 | Army: 2 | Target-Terrain: 0 | Target: 180 | Half: False
2026-06-02 09:49:52 [self-0001-1-city] My general index: 28
2026-06-02 09:49:52 [self-0001-1-city] Enemy general index: None
2026-06-02 09:49:52 [self-0001-1-city] Visible enemy tiles: 9
2026-06-02 09:49:52 [self-0001-1-city] Tiles: 35 / 126
2026-06-02 09:49:52 [self-0001-1-city] Map: 19 x 21 Turn: 831
2026-06-02 09:49:52 [self-0001-1-city] Route planned: Target = 180 Mode = strategy city-free reachable tiles = 291 Fallback-Tiles = 293
2026-06-02 09:49:52 [self-0001-1-city] Move #793: 65 -> 84 | Army: 2 | Target-Terrain: 0 | Target: 180 | Half: False
2026-06-02 09:49:52 [self-0001-1-city] My general index: 28
2026-06-02 09:49:52 [self-0001-1-city] Enemy general index: None
2026-06-02 09:49:52 [self-0001-1-city] Visible enemy tiles: 9
2026-06-02 09:49:52 [self-0001-1-city] Tiles: 35 / 126
2026-06-02 09:49:52 [self-0001-1-city] Map: 19 x 21 Turn: 832
2026-06-02 09:49:52 [self-0001-1-city] Route planned: Target = 180 Mode = strategy city-free reachable tiles = 291 Fallback-Tiles = 293
2026-06-02 09:49:52 [self-0001-1-city] Move #794: 87 -> 86 | Army: 2 | Target-Terrain: 0 | Target: 180 | Half: False
2026-06-02 09:49:53 [self-0001-1-city] My general index: 28
2026-06-02 09:49:53 [self-0001-1-city] Enemy general index: None
2026-06-02 09:49:53 [self-0001-1-city] Visible enemy tiles: 9
2026-06-02 09:49:53 [self-0001-1-city] Tiles: 35 / 126
2026-06-02 09:49:53 [self-0001-1-city] Map: 19 x 21 Turn: 833
2026-06-02 09:49:53 [self-0001-1-city] Route planned: Target = 180 Mode = strategy city-free reachable tiles = 291 Fallback-Tiles = 293
2026-06-02 09:49:53 [self-0001-1-city] Move #795: 28 -> 47 | Army: 61 | Target-Terrain: 0 | Target: 180 | Half: True
2026-06-02 09:49:53 [self-0001-1-city] My general index: 28
2026-06-02 09:49:53 [self-0001-1-city] Enemy general index: None
2026-06-02 09:49:53 [self-0001-1-city] Visible enemy tiles: 9
2026-06-02 09:49:53 [self-0001-1-city] Tiles: 35 / 126
2026-06-02 09:49:53 [self-0001-1-city] Map: 19 x 21 Turn: 834
2026-06-02 09:49:53 [self-0001-1-city] Reinforcement waypoint: 180 final target = 180 turns until reinforcement = 16
2026-06-02 09:49:53 [self-0001-1-city] Route planned: Target = 180 Mode = reinforcement_waypoint city-free reachable tiles = 291 Fallback-Tiles = 293
2026-06-02 09:49:53 [self-0001-1-city] Move #796: 85 -> 104 | Army: 6 | Target-Terrain: 0 | Target: 180 | Half: False
2026-06-02 09:49:54 [self-0001-1-city] My general index: 28
2026-06-02 09:49:54 [self-0001-1-city] Enemy general index: None
2026-06-02 09:49:54 [self-0001-1-city] Visible enemy tiles: 9
2026-06-02 09:49:54 [self-0001-1-city] Tiles: 35 / 126
2026-06-02 09:49:54 [self-0001-1-city] Map: 19 x 21 Turn: 835
2026-06-02 09:49:54 [self-0001-1-city] Reinforcement waypoint: 180 final target = 180 turns until reinforcement = 15
2026-06-02 09:49:54 [self-0001-1-city] Route planned: Target = 180 Mode = reinforcement_waypoint city-free reachable tiles = 291 Fallback-Tiles = 293
2026-06-02 09:49:54 [self-0001-1-city] Move #797: 83 -> 102 | Army: 2 | Target-Terrain: 0 | Target: 180 | Half: False
2026-06-02 09:49:54 [self-0001-1-city] My general index: 28
2026-06-02 09:49:54 [self-0001-1-city] Enemy general index: None
2026-06-02 09:49:54 [self-0001-1-city] Visible enemy tiles: 9
2026-06-02 09:49:54 [self-0001-1-city] Tiles: 35 / 126
2026-06-02 09:49:54 [self-0001-1-city] Map: 19 x 21 Turn: 836
2026-06-02 09:49:54 [self-0001-1-city] Reinforcement waypoint: 180 final target = 180 turns until reinforcement = 14
2026-06-02 09:49:54 [self-0001-1-city] Route planned: Target = 180 Mode = reinforcement_waypoint city-free reachable tiles = 291 Fallback-Tiles = 293
2026-06-02 09:49:54 [self-0001-1-city] Move #798: 46 -> 65 | Army: 2 | Target-Terrain: 0 | Target: 180 | Half: False
2026-06-02 09:49:55 [self-0001-1-city] My general index: 28
2026-06-02 09:49:55 [self-0001-1-city] Enemy general index: None
2026-06-02 09:49:55 [self-0001-1-city] Visible enemy tiles: 9
2026-06-02 09:49:55 [self-0001-1-city] Tiles: 35 / 126
2026-06-02 09:49:55 [self-0001-1-city] Map: 19 x 21 Turn: 837
2026-06-02 09:49:55 [self-0001-1-city] Reinforcement waypoint: 180 final target = 180 turns until reinforcement = 13
2026-06-02 09:49:55 [self-0001-1-city] Route planned: Target = 180 Mode = reinforcement_waypoint city-free reachable tiles = 291 Fallback-Tiles = 293
2026-06-02 09:49:55 [self-0001-1-city] Move #799: 49 -> 68 | Army: 2 | Target-Terrain: 0 | Target: 180 | Half: False
2026-06-02 09:49:55 [self-0001-1-city] My general index: 28
2026-06-02 09:49:55 [self-0001-1-city] Enemy general index: None
2026-06-02 09:49:55 [self-0001-1-city] Visible enemy tiles: 9
2026-06-02 09:49:55 [self-0001-1-city] Tiles: 35 / 126
2026-06-02 09:49:55 [self-0001-1-city] Map: 19 x 21 Turn: 838
2026-06-02 09:49:55 [self-0001-1-city] Reinforcement waypoint: 180 final target = 180 turns until reinforcement = 12
2026-06-02 09:49:55 [self-0001-1-city] Route planned: Target = 180 Mode = reinforcement_waypoint city-free reachable tiles = 291 Fallback-Tiles = 293
2026-06-02 09:49:55 [self-0001-1-city] Move #800: 47 -> 66 | Army: 31 | Target-Terrain: 0 | Target: 180 | Half: False
2026-06-02 09:49:56 [self-0001-1-city] My general index: 28
2026-06-02 09:49:56 [self-0001-1-city] Enemy general index: None
2026-06-02 09:49:56 [self-0001-1-city] Visible enemy tiles: 9
2026-06-02 09:49:56 [self-0001-1-city] Tiles: 35 / 126
2026-06-02 09:49:56 [self-0001-1-city] Map: 19 x 21 Turn: 839
2026-06-02 09:49:56 [self-0001-1-city] Reinforcement waypoint: 180 final target = 180 turns until reinforcement = 11
2026-06-02 09:49:56 [self-0001-1-city] Route planned: Target = 180 Mode = reinforcement_waypoint city-free reachable tiles = 291 Fallback-Tiles = 293
2026-06-02 09:49:56 [self-0001-1-city] Move #801: 64 -> 83 | Army: 2 | Target-Terrain: 0 | Target: 180 | Half: False
2026-06-02 09:49:56 [self-0001-1-city] My general index: 28
2026-06-02 09:49:56 [self-0001-1-city] Enemy general index: None
2026-06-02 09:49:56 [self-0001-1-city] Visible enemy tiles: 9
2026-06-02 09:49:56 [self-0001-1-city] Tiles: 35 / 126
2026-06-02 09:49:56 [self-0001-1-city] Map: 19 x 21 Turn: 840
2026-06-02 09:49:56 [self-0001-1-city] Reinforcement waypoint: 180 final target = 180 turns until reinforcement = 10
2026-06-02 09:49:56 [self-0001-1-city] Route planned: Target = 180 Mode = reinforcement_waypoint city-free reachable tiles = 291 Fallback-Tiles = 293
2026-06-02 09:49:56 [self-0001-1-city] Move #802: 63 -> 82 | Army: 2 | Target-Terrain: 0 | Target: 180 | Half: False
2026-06-02 09:49:57 [self-0001-1-city] My general index: 28
2026-06-02 09:49:57 [self-0001-1-city] Enemy general index: None
2026-06-02 09:49:57 [self-0001-1-city] Visible enemy tiles: 9
2026-06-02 09:49:57 [self-0001-1-city] Tiles: 35 / 126
2026-06-02 09:49:57 [self-0001-1-city] Map: 19 x 21 Turn: 841
2026-06-02 09:49:57 [self-0001-1-city] Reinforcement waypoint: 180 final target = 180 turns until reinforcement = 9
2026-06-02 09:49:57 [self-0001-1-city] Route planned: Target = 180 Mode = reinforcement_waypoint city-free reachable tiles = 291 Fallback-Tiles = 293
2026-06-02 09:49:57 [self-0001-1-city] Move #803: 26 -> 45 | Army: 4 | Target-Terrain: 0 | Target: 180 | Half: False
2026-06-02 09:49:57 [self-0001-1-city] My general index: 28
2026-06-02 09:49:57 [self-0001-1-city] Enemy general index: None
2026-06-02 09:49:57 [self-0001-1-city] Visible enemy tiles: 10
2026-06-02 09:49:57 [self-0001-1-city] Tiles: 34 / 127
2026-06-02 09:49:57 [self-0001-1-city] Map: 19 x 21 Turn: 842
2026-06-02 09:49:57 [self-0001-1-city] Reinforcement waypoint: 180 final target = 180 turns until reinforcement = 8
2026-06-02 09:49:57 [self-0001-1-city] Route planned: Target = 180 Mode = reinforcement_waypoint city-free reachable tiles = 291 Fallback-Tiles = 293
2026-06-02 09:49:57 [self-0001-1-city] Move #804: 43 -> 62 | Army: 3 | Target-Terrain: 1 | Target: 180 | Half: False
2026-06-02 09:49:58 [self-0001-1-city] My general index: 28
2026-06-02 09:49:58 [self-0001-1-city] Enemy general index: None
2026-06-02 09:49:58 [self-0001-1-city] Visible enemy tiles: 9
2026-06-02 09:49:58 [self-0001-1-city] Tiles: 35 / 126
2026-06-02 09:49:58 [self-0001-1-city] Map: 19 x 21 Turn: 843
2026-06-02 09:49:58 [self-0001-1-city] Reinforcement waypoint: 180 final target = 180 turns until reinforcement = 7
2026-06-02 09:49:58 [self-0001-1-city] Route planned: Target = 180 Mode = reinforcement_waypoint city-free reachable tiles = 291 Fallback-Tiles = 293
2026-06-02 09:49:58 [self-0001-1-city] Move #805: 66 -> 85 | Army: 32 | Target-Terrain: 0 | Target: 180 | Half: False
2026-06-02 09:49:58 [self-0001-1-city] My general index: 28
2026-06-02 09:49:58 [self-0001-1-city] Enemy general index: None
2026-06-02 09:49:58 [self-0001-1-city] Visible enemy tiles: 10
2026-06-02 09:49:58 [self-0001-1-city] Tiles: 34 / 127
2026-06-02 09:49:58 [self-0001-1-city] Map: 19 x 21 Turn: 844
2026-06-02 09:49:58 [self-0001-1-city] Reinforcement waypoint: 180 final target = 180 turns until reinforcement = 6
2026-06-02 09:49:58 [self-0001-1-city] Route planned: Target = 180 Mode = reinforcement_waypoint city-free reachable tiles = 291 Fallback-Tiles = 293
2026-06-02 09:49:58 [self-0001-1-city] Move #806: 80 -> 61 | Army: 3 | Target-Terrain: 1 | Target: 180 | Half: False
2026-06-02 09:49:59 [self-0001-1-city] My general index: 28
2026-06-02 09:49:59 [self-0001-1-city] Enemy general index: None
2026-06-02 09:49:59 [self-0001-1-city] Visible enemy tiles: 9
2026-06-02 09:49:59 [self-0001-1-city] Tiles: 35 / 126
2026-06-02 09:49:59 [self-0001-1-city] Map: 19 x 21 Turn: 845
2026-06-02 09:49:59 [self-0001-1-city] Reinforcement waypoint: 180 final target = 180 turns until reinforcement = 5
2026-06-02 09:49:59 [self-0001-1-city] Route planned: Target = 180 Mode = reinforcement_waypoint city-free reachable tiles = 291 Fallback-Tiles = 293
2026-06-02 09:49:59 [self-0001-1-city] Move #807: 81 -> 62 | Army: 3 | Target-Terrain: 1 | Target: 180 | Half: False
2026-06-02 09:49:59 [self-0001-1-city] My general index: 28
2026-06-02 09:49:59 [self-0001-1-city] Enemy general index: None
2026-06-02 09:49:59 [self-0001-1-city] Visible enemy tiles: 9
2026-06-02 09:49:59 [self-0001-1-city] Tiles: 35 / 126
2026-06-02 09:49:59 [self-0001-1-city] Map: 19 x 21 Turn: 846
2026-06-02 09:49:59 [self-0001-1-city] Reinforcement waypoint: 180 final target = 180 turns until reinforcement = 4
2026-06-02 09:49:59 [self-0001-1-city] Route planned: Target = 180 Mode = reinforcement_waypoint city-free reachable tiles = 291 Fallback-Tiles = 293
2026-06-02 09:49:59 [self-0001-1-city] Move #808: 84 -> 103 | Army: 2 | Target-Terrain: 0 | Target: 180 | Half: False
2026-06-02 09:50:00 [self-0001-1-city] Coach: stabilize tiles 34/127 army 350/1864 cities 0/0 enemy_city_suspect True bias {'expansion_bias': 0.1, 'city_bias': 0.8, 'attack_bias': -0.30000000000000004, 'defense_bias': 1.2, 'route_bias': 0.3}
2026-06-02 09:50:00 [self-0001-1-city] My general index: 28
2026-06-02 09:50:00 [self-0001-1-city] Enemy general index: None
2026-06-02 09:50:00 [self-0001-1-city] Visible enemy tiles: 7
2026-06-02 09:50:00 [self-0001-1-city] Tiles: 34 / 127
2026-06-02 09:50:00 [self-0001-1-city] Map: 19 x 21 Turn: 847
2026-06-02 09:50:00 [self-0001-1-city] Reinforcement waypoint: 180 final target = 180 turns until reinforcement = 3
2026-06-02 09:50:00 [self-0001-1-city] Route planned: Target = 180 Mode = reinforcement_waypoint city-free reachable tiles = 291 Fallback-Tiles = 293
2026-06-02 09:50:00 [self-0001-1-city] Move #809: 86 -> 85 | Army: 2 | Target-Terrain: 0 | Target: 180 | Half: False
2026-06-02 09:50:00 [self-0001-1-city] My general index: 28
2026-06-02 09:50:00 [self-0001-1-city] Enemy general index: None
2026-06-02 09:50:00 [self-0001-1-city] Visible enemy tiles: 7
2026-06-02 09:50:00 [self-0001-1-city] Tiles: 34 / 127
2026-06-02 09:50:00 [self-0001-1-city] Map: 19 x 21 Turn: 848
2026-06-02 09:50:00 [self-0001-1-city] Reinforcement waypoint: 180 final target = 180 turns until reinforcement = 2
2026-06-02 09:50:00 [self-0001-1-city] Route planned: Target = 180 Mode = reinforcement_waypoint city-free reachable tiles = 291 Fallback-Tiles = 293
2026-06-02 09:50:00 [self-0001-1-city] Move #810: 65 -> 84 | Army: 2 | Target-Terrain: 0 | Target: 180 | Half: False
2026-06-02 09:50:01 [self-0001-1-city] My general index: 28
2026-06-02 09:50:01 [self-0001-1-city] Enemy general index: None
2026-06-02 09:50:01 [self-0001-1-city] Visible enemy tiles: 7
2026-06-02 09:50:01 [self-0001-1-city] Tiles: 34 / 127
2026-06-02 09:50:01 [self-0001-1-city] Map: 19 x 21 Turn: 849
2026-06-02 09:50:01 [self-0001-1-city] Reinforcement waypoint: 180 final target = 180 turns until reinforcement = 1
2026-06-02 09:50:01 [self-0001-1-city] Route planned: Target = 180 Mode = reinforcement_waypoint city-free reachable tiles = 291 Fallback-Tiles = 293
2026-06-02 09:50:01 [self-0001-1-city] Move #811: 68 -> 87 | Army: 2 | Target-Terrain: 0 | Target: 180 | Half: False
2026-06-02 09:50:01 [self-0001-1-city] My general index: 28
2026-06-02 09:50:01 [self-0001-1-city] Enemy general index: None
2026-06-02 09:50:01 [self-0001-1-city] Visible enemy tiles: 7
2026-06-02 09:50:01 [self-0001-1-city] Tiles: 34 / 127
2026-06-02 09:50:01 [self-0001-1-city] Map: 19 x 21 Turn: 850
2026-06-02 09:50:01 [self-0001-1-city] Route planned: Target = 180 Mode = strategy city-free reachable tiles = 291 Fallback-Tiles = 293
2026-06-02 09:50:01 [self-0001-1-city] Move #812: 162 -> 161 | Army: 2 | Target-Terrain: 0 | Target: 180 | Half: False
2026-06-02 09:50:02 [self-0001-1-city] My general index: 28
2026-06-02 09:50:02 [self-0001-1-city] Enemy general index: None
2026-06-02 09:50:02 [self-0001-1-city] Visible enemy tiles: 7
2026-06-02 09:50:02 [self-0001-1-city] Tiles: 34 / 127
2026-06-02 09:50:02 [self-0001-1-city] Map: 19 x 21 Turn: 851
2026-06-02 09:50:02 [self-0001-1-city] Route planned: Target = 180 Mode = strategy city-free reachable tiles = 291 Fallback-Tiles = 293
2026-06-02 09:50:02 [self-0001-1-city] Move #813: 143 -> 142 | Army: 2 | Target-Terrain: 0 | Target: 180 | Half: False
2026-06-02 09:50:02 [self-0001-1-city] My general index: 28
2026-06-02 09:50:02 [self-0001-1-city] Enemy general index: None
2026-06-02 09:50:02 [self-0001-1-city] Visible enemy tiles: 7
2026-06-02 09:50:02 [self-0001-1-city] Tiles: 34 / 127
2026-06-02 09:50:02 [self-0001-1-city] Map: 19 x 21 Turn: 852
2026-06-02 09:50:02 [self-0001-1-city] Route planned: Target = 180 Mode = strategy city-free reachable tiles = 291 Fallback-Tiles = 293
2026-06-02 09:50:02 [self-0001-1-city] Move #814: 85 -> 104 | Army: 34 | Target-Terrain: 0 | Target: 180 | Half: False
2026-06-02 09:50:03 [self-0001-1-city] My general index: 28
2026-06-02 09:50:03 [self-0001-1-city] Enemy general index: None
2026-06-02 09:50:03 [self-0001-1-city] Visible enemy tiles: 7
2026-06-02 09:50:03 [self-0001-1-city] Tiles: 34 / 127
2026-06-02 09:50:03 [self-0001-1-city] Map: 19 x 21 Turn: 853
2026-06-02 09:50:03 [self-0001-1-city] Route planned: Target = 180 Mode = strategy city-free reachable tiles = 291 Fallback-Tiles = 293
2026-06-02 09:50:03 [self-0001-1-city] Move #815: 83 -> 102 | Army: 3 | Target-Terrain: 0 | Target: 180 | Half: False
2026-06-02 09:50:03 [self-0001-1-city] My general index: 28
2026-06-02 09:50:03 [self-0001-1-city] Enemy general index: None
2026-06-02 09:50:03 [self-0001-1-city] Visible enemy tiles: 7
2026-06-02 09:50:03 [self-0001-1-city] Tiles: 34 / 127
2026-06-02 09:50:03 [self-0001-1-city] Map: 19 x 21 Turn: 854
2026-06-02 09:50:03 [self-0001-1-city] Route planned: Target = 180 Mode = strategy city-free reachable tiles = 291 Fallback-Tiles = 293
2026-06-02 09:50:03 [self-0001-1-city] Move #816: 87 -> 86 | Army: 3 | Target-Terrain: 0 | Target: 180 | Half: False
2026-06-02 09:50:04 [self-0001-1-city] My general index: 28
2026-06-02 09:50:04 [self-0001-1-city] Enemy general index: None
2026-06-02 09:50:04 [self-0001-1-city] Visible enemy tiles: 7
2026-06-02 09:50:04 [self-0001-1-city] Tiles: 34 / 127
2026-06-02 09:50:04 [self-0001-1-city] Map: 19 x 21 Turn: 855
2026-06-02 09:50:04 [self-0001-1-city] Route planned: Target = 180 Mode = strategy city-free reachable tiles = 291 Fallback-Tiles = 293
2026-06-02 09:50:04 [self-0001-1-city] Move #817: 82 -> 63 | Army: 4 | Target-Terrain: 1 | Target: 180 | Half: False
2026-06-02 09:50:04 [self-0001-1-city] My general index: 28
2026-06-02 09:50:04 [self-0001-1-city] Enemy general index: None
2026-06-02 09:50:04 [self-0001-1-city] Visible enemy tiles: 6
2026-06-02 09:50:04 [self-0001-1-city] Tiles: 35 / 126
2026-06-02 09:50:04 [self-0001-1-city] Map: 19 x 21 Turn: 856
2026-06-02 09:50:04 [self-0001-1-city] Route planned: Target = 180 Mode = strategy city-free reachable tiles = 291 Fallback-Tiles = 293
2026-06-02 09:50:04 [self-0001-1-city] Move #818: 47 -> 66 | Army: 2 | Target-Terrain: 0 | Target: 180 | Half: False
2026-06-02 09:50:05 [self-0001-1-city] My general index: 28
2026-06-02 09:50:05 [self-0001-1-city] Enemy general index: None
2026-06-02 09:50:05 [self-0001-1-city] Visible enemy tiles: 6
2026-06-02 09:50:05 [self-0001-1-city] Tiles: 35 / 126
2026-06-02 09:50:05 [self-0001-1-city] Map: 19 x 21 Turn: 857
2026-06-02 09:50:05 [self-0001-1-city] Route planned: Target = 180 Mode = strategy city-free reachable tiles = 291 Fallback-Tiles = 293
2026-06-02 09:50:05 [self-0001-1-city] Move #819: 67 -> 86 | Army: 2 | Target-Terrain: 0 | Target: 180 | Half: False
2026-06-02 09:50:05 [self-0001-1-city] My general index: 28
2026-06-02 09:50:05 [self-0001-1-city] Enemy general index: None
2026-06-02 09:50:05 [self-0001-1-city] Visible enemy tiles: 6
2026-06-02 09:50:05 [self-0001-1-city] Tiles: 35 / 126
2026-06-02 09:50:05 [self-0001-1-city] Map: 19 x 21 Turn: 858
2026-06-02 09:50:05 [self-0001-1-city] Route planned: Target = 180 Mode = strategy city-free reachable tiles = 291 Fallback-Tiles = 293
2026-06-02 09:50:05 [self-0001-1-city] Move #820: 46 -> 65 | Army: 2 | Target-Terrain: 0 | Target: 180 | Half: False
2026-06-02 09:50:06 [self-0001-1-city] My general index: 28
2026-06-02 09:50:06 [self-0001-1-city] Enemy general index: None
2026-06-02 09:50:06 [self-0001-1-city] Visible enemy tiles: 6
2026-06-02 09:50:06 [self-0001-1-city] Tiles: 35 / 126
2026-06-02 09:50:06 [self-0001-1-city] Map: 19 x 21 Turn: 859
2026-06-02 09:50:06 [self-0001-1-city] Route planned: Target = 180 Mode = strategy city-free reachable tiles = 291 Fallback-Tiles = 293
2026-06-02 09:50:06 [self-0001-1-city] Move #821: 48 -> 67 | Army: 2 | Target-Terrain: 0 | Target: 180 | Half: False
2026-06-02 09:50:06 [self-0001-1-city] My general index: 28
2026-06-02 09:50:06 [self-0001-1-city] Enemy general index: None
2026-06-02 09:50:06 [self-0001-1-city] Visible enemy tiles: 6
2026-06-02 09:50:06 [self-0001-1-city] Tiles: 35 / 126
2026-06-02 09:50:06 [self-0001-1-city] Map: 19 x 21 Turn: 860
2026-06-02 09:50:06 [self-0001-1-city] Route planned: Target = 180 Mode = strategy city-free reachable tiles = 291 Fallback-Tiles = 293
2026-06-02 09:50:06 [self-0001-1-city] Move #822: 64 -> 83 | Army: 2 | Target-Terrain: 0 | Target: 180 | Half: False
2026-06-02 09:50:07 [self-0001-1-city] My general index: 28
2026-06-02 09:50:07 [self-0001-1-city] Enemy general index: None
2026-06-02 09:50:07 [self-0001-1-city] Visible enemy tiles: 6
2026-06-02 09:50:07 [self-0001-1-city] Tiles: 35 / 126
2026-06-02 09:50:07 [self-0001-1-city] Map: 19 x 21 Turn: 861
2026-06-02 09:50:07 [self-0001-1-city] Route planned: Target = 180 Mode = strategy city-free reachable tiles = 291 Fallback-Tiles = 293
2026-06-02 09:50:07 [self-0001-1-city] Move #823: 66 -> 85 | Army: 3 | Target-Terrain: 0 | Target: 180 | Half: False
2026-06-02 09:50:07 [self-0001-1-city] My general index: 28
2026-06-02 09:50:07 [self-0001-1-city] Enemy general index: None
2026-06-02 09:50:07 [self-0001-1-city] Visible enemy tiles: 6
2026-06-02 09:50:07 [self-0001-1-city] Tiles: 35 / 126
2026-06-02 09:50:07 [self-0001-1-city] Map: 19 x 21 Turn: 862
2026-06-02 09:50:07 [self-0001-1-city] Route planned: Target = 180 Mode = strategy city-free reachable tiles = 291 Fallback-Tiles = 293
2026-06-02 09:50:07 [self-0001-1-city] Move #824: 86 -> 85 | Army: 5 | Target-Terrain: 0 | Target: 180 | Half: False
2026-06-02 09:50:08 [self-0001-1-city] My general index: 28
2026-06-02 09:50:08 [self-0001-1-city] Enemy general index: None
2026-06-02 09:50:08 [self-0001-1-city] Visible enemy tiles: 6
2026-06-02 09:50:08 [self-0001-1-city] Tiles: 35 / 126
2026-06-02 09:50:08 [self-0001-1-city] Map: 19 x 21 Turn: 863
2026-06-02 09:50:08 [self-0001-1-city] Route planned: Target = 180 Mode = strategy city-free reachable tiles = 291 Fallback-Tiles = 293
2026-06-02 09:50:08 [self-0001-1-city] Move #825: 84 -> 103 | Army: 3 | Target-Terrain: 0 | Target: 180 | Half: False
2026-06-02 09:50:08 [self-0001-1-city] My general index: 28
2026-06-02 09:50:08 [self-0001-1-city] Enemy general index: None
2026-06-02 09:50:08 [self-0001-1-city] Visible enemy tiles: 6
2026-06-02 09:50:08 [self-0001-1-city] Tiles: 35 / 126
2026-06-02 09:50:08 [self-0001-1-city] Map: 19 x 21 Turn: 864
2026-06-02 09:50:08 [self-0001-1-city] Route planned: Target = 180 Mode = strategy city-free reachable tiles = 291 Fallback-Tiles = 293
2026-06-02 09:50:08 [self-0001-1-city] Move #826: 65 -> 84 | Army: 3 | Target-Terrain: 0 | Target: 180 | Half: False
2026-06-02 09:50:09 [self-0001-1-city] My general index: 28
2026-06-02 09:50:09 [self-0001-1-city] Enemy general index: None
2026-06-02 09:50:09 [self-0001-1-city] Visible enemy tiles: 6
2026-06-02 09:50:09 [self-0001-1-city] Tiles: 35 / 126
2026-06-02 09:50:09 [self-0001-1-city] Map: 19 x 21 Turn: 865
2026-06-02 09:50:09 [self-0001-1-city] Route planned: Target = 180 Mode = strategy city-free reachable tiles = 291 Fallback-Tiles = 293
2026-06-02 09:50:09 [self-0001-1-city] Move #827: 67 -> 66 | Army: 2 | Target-Terrain: 0 | Target: 180 | Half: False
2026-06-02 09:50:09 [self-0001-1-city] My general index: 28
2026-06-02 09:50:09 [self-0001-1-city] Enemy general index: None
2026-06-02 09:50:09 [self-0001-1-city] Visible enemy tiles: 6
2026-06-02 09:50:09 [self-0001-1-city] Tiles: 35 / 126
2026-06-02 09:50:09 [self-0001-1-city] Map: 19 x 21 Turn: 866
2026-06-02 09:50:09 [self-0001-1-city] Route planned: Target = 180 Mode = strategy city-free reachable tiles = 291 Fallback-Tiles = 293
2026-06-02 09:50:09 [self-0001-1-city] Move #828: 68 -> 87 | Army: 2 | Target-Terrain: 0 | Target: 180 | Half: False
2026-06-02 09:50:10 [self-0001-1-city] My general index: 28
2026-06-02 09:50:10 [self-0001-1-city] Enemy general index: None
2026-06-02 09:50:10 [self-0001-1-city] Visible enemy tiles: 6
2026-06-02 09:50:10 [self-0001-1-city] Tiles: 35 / 126
2026-06-02 09:50:10 [self-0001-1-city] Map: 19 x 21 Turn: 867
2026-06-02 09:50:10 [self-0001-1-city] Route planned: Target = 180 Mode = strategy city-free reachable tiles = 291 Fallback-Tiles = 293
2026-06-02 09:50:10 [self-0001-1-city] Move #829: 85 -> 104 | Army: 7 | Target-Terrain: 0 | Target: 180 | Half: False
2026-06-02 09:50:10 [self-0001-1-city] My general index: 28
2026-06-02 09:50:10 [self-0001-1-city] Enemy general index: None
2026-06-02 09:50:10 [self-0001-1-city] Visible enemy tiles: 6
2026-06-02 09:50:10 [self-0001-1-city] Tiles: 35 / 126
2026-06-02 09:50:10 [self-0001-1-city] Map: 19 x 21 Turn: 868
2026-06-02 09:50:10 [self-0001-1-city] Route planned: Target = 180 Mode = strategy city-free reachable tiles = 291 Fallback-Tiles = 293
2026-06-02 09:50:10 [self-0001-1-city] Move #830: 83 -> 102 | Army: 2 | Target-Terrain: 0 | Target: 180 | Half: False
2026-06-02 09:50:11 [self-0001-1-city] My general index: 28
2026-06-02 09:50:11 [self-0001-1-city] Enemy general index: None
2026-06-02 09:50:11 [self-0001-1-city] Visible enemy tiles: 6
2026-06-02 09:50:11 [self-0001-1-city] Tiles: 35 / 126
2026-06-02 09:50:11 [self-0001-1-city] Map: 19 x 21 Turn: 869
2026-06-02 09:50:11 [self-0001-1-city] Route planned: Target = 180 Mode = strategy city-free reachable tiles = 291 Fallback-Tiles = 293
2026-06-02 09:50:11 [self-0001-1-city] Move #831: 45 -> 64 | Army: 5 | Target-Terrain: 0 | Target: 180 | Half: False
2026-06-02 09:50:11 [self-0001-1-city] My general index: 28
2026-06-02 09:50:11 [self-0001-1-city] Enemy general index: None
2026-06-02 09:50:11 [self-0001-1-city] Visible enemy tiles: 6
2026-06-02 09:50:11 [self-0001-1-city] Tiles: 35 / 126
2026-06-02 09:50:11 [self-0001-1-city] Map: 19 x 21 Turn: 870
2026-06-02 09:50:11 [self-0001-1-city] Route planned: Target = 180 Mode = strategy city-free reachable tiles = 291 Fallback-Tiles = 293
2026-06-02 09:50:11 [self-0001-1-city] Move #832: 27 -> 46 | Army: 2 | Target-Terrain: 0 | Target: 180 | Half: False
2026-06-02 09:50:12 [self-0001-1-city] My general index: 28
2026-06-02 09:50:12 [self-0001-1-city] Enemy general index: None
2026-06-02 09:50:12 [self-0001-1-city] Visible enemy tiles: 6
2026-06-02 09:50:12 [self-0001-1-city] Tiles: 35 / 126
2026-06-02 09:50:12 [self-0001-1-city] Map: 19 x 21 Turn: 871
2026-06-02 09:50:12 [self-0001-1-city] Route planned: Target = 180 Mode = strategy city-free reachable tiles = 291 Fallback-Tiles = 293
2026-06-02 09:50:12 [self-0001-1-city] Move #833: 87 -> 86 | Army: 2 | Target-Terrain: 0 | Target: 180 | Half: False
2026-06-02 09:50:12 [self-0001-1-city] My general index: 28
2026-06-02 09:50:12 [self-0001-1-city] Enemy general index: None
2026-06-02 09:50:12 [self-0001-1-city] Visible enemy tiles: 6
2026-06-02 09:50:12 [self-0001-1-city] Tiles: 35 / 126
2026-06-02 09:50:12 [self-0001-1-city] Map: 19 x 21 Turn: 872
2026-06-02 09:50:12 [self-0001-1-city] Route planned: Target = 180 Mode = strategy city-free reachable tiles = 291 Fallback-Tiles = 293
2026-06-02 09:50:12 [self-0001-1-city] Move #834: 49 -> 68 | Army: 2 | Target-Terrain: 0 | Target: 180 | Half: False
2026-06-02 09:50:13 [self-0001-1-city] My general index: 28
2026-06-02 09:50:13 [self-0001-1-city] Enemy general index: None
2026-06-02 09:50:13 [self-0001-1-city] Visible enemy tiles: 6
2026-06-02 09:50:13 [self-0001-1-city] Tiles: 35 / 126
2026-06-02 09:50:13 [self-0001-1-city] Map: 19 x 21 Turn: 873
2026-06-02 09:50:13 [self-0001-1-city] Route planned: Target = 180 Mode = strategy city-free reachable tiles = 291 Fallback-Tiles = 293
2026-06-02 09:50:13 [self-0001-1-city] Move #835: 26 -> 45 | Army: 2 | Target-Terrain: 0 | Target: 180 | Half: False
2026-06-02 09:50:13 [self-0001-1-city] My general index: 28
2026-06-02 09:50:13 [self-0001-1-city] Enemy general index: None
2026-06-02 09:50:13 [self-0001-1-city] Visible enemy tiles: 6
2026-06-02 09:50:13 [self-0001-1-city] Tiles: 35 / 126
2026-06-02 09:50:13 [self-0001-1-city] Map: 19 x 21 Turn: 874
2026-06-02 09:50:13 [self-0001-1-city] Route planned: Target = 180 Mode = strategy city-free reachable tiles = 291 Fallback-Tiles = 293
2026-06-02 09:50:13 [self-0001-1-city] Move #836: 62 -> 81 | Army: 2 | Target-Terrain: 0 | Target: 180 | Half: False
2026-06-02 09:50:14 [self-0001-1-city] My general index: 28
2026-06-02 09:50:14 [self-0001-1-city] Enemy general index: None
2026-06-02 09:50:14 [self-0001-1-city] Visible enemy tiles: 6
2026-06-02 09:50:14 [self-0001-1-city] Tiles: 35 / 126
2026-06-02 09:50:14 [self-0001-1-city] Map: 19 x 21 Turn: 875
2026-06-02 09:50:14 [self-0001-1-city] Route planned: Target = 180 Mode = strategy city-free reachable tiles = 291 Fallback-Tiles = 293
2026-06-02 09:50:14 [self-0001-1-city] Move #837: 64 -> 83 | Army: 5 | Target-Terrain: 0 | Target: 180 | Half: False
2026-06-02 09:50:14 [self-0001-1-city] My general index: 28
2026-06-02 09:50:14 [self-0001-1-city] Enemy general index: None
2026-06-02 09:50:14 [self-0001-1-city] Visible enemy tiles: 6
2026-06-02 09:50:14 [self-0001-1-city] Tiles: 35 / 126
2026-06-02 09:50:14 [self-0001-1-city] Map: 19 x 21 Turn: 876
2026-06-02 09:50:14 [self-0001-1-city] Route planned: Target = 180 Mode = strategy city-free reachable tiles = 291 Fallback-Tiles = 293
2026-06-02 09:50:14 [self-0001-1-city] Move #838: 66 -> 85 | Army: 2 | Target-Terrain: 0 | Target: 180 | Half: False
2026-06-02 09:50:15 [self-0001-1-city] My general index: 28
2026-06-02 09:50:15 [self-0001-1-city] Enemy general index: None
2026-06-02 09:50:15 [self-0001-1-city] Visible enemy tiles: 6
2026-06-02 09:50:15 [self-0001-1-city] Tiles: 35 / 126
2026-06-02 09:50:15 [self-0001-1-city] Map: 19 x 21 Turn: 877
2026-06-02 09:50:15 [self-0001-1-city] Route planned: Target = 180 Mode = strategy city-free reachable tiles = 291 Fallback-Tiles = 293
2026-06-02 09:50:15 [self-0001-1-city] Move #839: 86 -> 85 | Army: 2 | Target-Terrain: 0 | Target: 180 | Half: False
2026-06-02 09:50:15 [self-0001-1-city] My general index: 28
2026-06-02 09:50:15 [self-0001-1-city] Enemy general index: None
2026-06-02 09:50:15 [self-0001-1-city] Visible enemy tiles: 6
2026-06-02 09:50:15 [self-0001-1-city] Tiles: 35 / 126
2026-06-02 09:50:15 [self-0001-1-city] Map: 19 x 21 Turn: 878
2026-06-02 09:50:15 [self-0001-1-city] Route planned: Target = 180 Mode = strategy city-free reachable tiles = 291 Fallback-Tiles = 293
2026-06-02 09:50:15 [self-0001-1-city] Move #840: 84 -> 103 | Army: 3 | Target-Terrain: 0 | Target: 180 | Half: False
2026-06-02 09:50:16 [self-0001-1-city] My general index: 28
2026-06-02 09:50:16 [self-0001-1-city] Enemy general index: None
2026-06-02 09:50:16 [self-0001-1-city] Visible enemy tiles: 6
2026-06-02 09:50:16 [self-0001-1-city] Tiles: 35 / 126
2026-06-02 09:50:16 [self-0001-1-city] Map: 19 x 21 Turn: 879
2026-06-02 09:50:16 [self-0001-1-city] Route planned: Target = 180 Mode = strategy city-free reachable tiles = 291 Fallback-Tiles = 293
2026-06-02 09:50:16 [self-0001-1-city] Move #841: 46 -> 65 | Army: 2 | Target-Terrain: 0 | Target: 180 | Half: False
2026-06-02 09:50:16 [self-0001-1-city] My general index: 28
2026-06-02 09:50:16 [self-0001-1-city] Enemy general index: None
2026-06-02 09:50:16 [self-0001-1-city] Visible enemy tiles: 6
2026-06-02 09:50:16 [self-0001-1-city] Tiles: 35 / 126
2026-06-02 09:50:16 [self-0001-1-city] Map: 19 x 21 Turn: 880
2026-06-02 09:50:16 [self-0001-1-city] Route planned: Target = 180 Mode = strategy city-free reachable tiles = 291 Fallback-Tiles = 293
2026-06-02 09:50:16 [self-0001-1-city] Move #842: 68 -> 67 | Army: 2 | Target-Terrain: 0 | Target: 180 | Half: False
2026-06-02 09:50:17 [self-0001-1-city] My general index: 28
2026-06-02 09:50:17 [self-0001-1-city] Enemy general index: None
2026-06-02 09:50:17 [self-0001-1-city] Visible enemy tiles: 6
2026-06-02 09:50:17 [self-0001-1-city] Tiles: 35 / 126
2026-06-02 09:50:17 [self-0001-1-city] Map: 19 x 21 Turn: 881
2026-06-02 09:50:17 [self-0001-1-city] Route planned: Target = 180 Mode = strategy city-free reachable tiles = 291 Fallback-Tiles = 293
2026-06-02 09:50:17 [self-0001-1-city] Move #843: 43 -> 62 | Army: 2 | Target-Terrain: 0 | Target: 180 | Half: False
2026-06-02 09:50:17 [self-0001-1-city] My general index: 28
2026-06-02 09:50:17 [self-0001-1-city] Enemy general index: None
2026-06-02 09:50:17 [self-0001-1-city] Visible enemy tiles: 6
2026-06-02 09:50:17 [self-0001-1-city] Tiles: 35 / 126
2026-06-02 09:50:17 [self-0001-1-city] Map: 19 x 21 Turn: 882
2026-06-02 09:50:17 [self-0001-1-city] Route planned: Target = 180 Mode = strategy city-free reachable tiles = 291 Fallback-Tiles = 293
2026-06-02 09:50:17 [self-0001-1-city] Move #844: 85 -> 104 | Army: 3 | Target-Terrain: 0 | Target: 180 | Half: False
2026-06-02 09:50:18 [self-0001-1-city] My general index: 28
2026-06-02 09:50:18 [self-0001-1-city] Enemy general index: None
2026-06-02 09:50:18 [self-0001-1-city] Visible enemy tiles: 6
2026-06-02 09:50:18 [self-0001-1-city] Tiles: 35 / 126
2026-06-02 09:50:18 [self-0001-1-city] Map: 19 x 21 Turn: 883
2026-06-02 09:50:18 [self-0001-1-city] Route planned: Target = 180 Mode = strategy city-free reachable tiles = 291 Fallback-Tiles = 293
2026-06-02 09:50:18 [self-0001-1-city] Move #845: 83 -> 102 | Army: 5 | Target-Terrain: 0 | Target: 180 | Half: False
2026-06-02 09:50:18 [self-0001-1-city] My general index: 28
2026-06-02 09:50:18 [self-0001-1-city] Enemy general index: None
2026-06-02 09:50:18 [self-0001-1-city] Visible enemy tiles: 6
2026-06-02 09:50:18 [self-0001-1-city] Tiles: 35 / 126
2026-06-02 09:50:18 [self-0001-1-city] Map: 19 x 21 Turn: 884
2026-06-02 09:50:18 [self-0001-1-city] Reinforcement waypoint: 180 final target = 180 turns until reinforcement = 16
2026-06-02 09:50:18 [self-0001-1-city] Route planned: Target = 180 Mode = reinforcement_waypoint city-free reachable tiles = 291 Fallback-Tiles = 293
2026-06-02 09:50:18 [self-0001-1-city] Move #846: 65 -> 84 | Army: 2 | Target-Terrain: 0 | Target: 180 | Half: False
2026-06-02 09:50:19 [self-0001-1-city] My general index: 28
2026-06-02 09:50:19 [self-0001-1-city] Enemy general index: None
2026-06-02 09:50:19 [self-0001-1-city] Visible enemy tiles: 6
2026-06-02 09:50:19 [self-0001-1-city] Tiles: 35 / 126
2026-06-02 09:50:19 [self-0001-1-city] Map: 19 x 21 Turn: 885
2026-06-02 09:50:19 [self-0001-1-city] Reinforcement waypoint: 180 final target = 180 turns until reinforcement = 15
2026-06-02 09:50:19 [self-0001-1-city] Route planned: Target = 180 Mode = reinforcement_waypoint city-free reachable tiles = 291 Fallback-Tiles = 293
2026-06-02 09:50:19 [self-0001-1-city] Move #847: 67 -> 86 | Army: 2 | Target-Terrain: 0 | Target: 180 | Half: False
2026-06-02 09:50:19 [self-0001-1-city] My general index: 28
2026-06-02 09:50:19 [self-0001-1-city] Enemy general index: None
2026-06-02 09:50:19 [self-0001-1-city] Visible enemy tiles: 6
2026-06-02 09:50:19 [self-0001-1-city] Tiles: 35 / 126
2026-06-02 09:50:19 [self-0001-1-city] Map: 19 x 21 Turn: 886
2026-06-02 09:50:19 [self-0001-1-city] Reinforcement waypoint: 180 final target = 180 turns until reinforcement = 14
2026-06-02 09:50:19 [self-0001-1-city] Route planned: Target = 180 Mode = reinforcement_waypoint city-free reachable tiles = 291 Fallback-Tiles = 293
2026-06-02 09:50:19 [self-0001-1-city] Move #848: 45 -> 64 | Army: 2 | Target-Terrain: 0 | Target: 180 | Half: False
2026-06-02 09:50:20 [self-0001-1-city] My general index: 28
2026-06-02 09:50:20 [self-0001-1-city] Enemy general index: None
2026-06-02 09:50:20 [self-0001-1-city] Visible enemy tiles: 6
2026-06-02 09:50:20 [self-0001-1-city] Tiles: 35 / 126
2026-06-02 09:50:20 [self-0001-1-city] Map: 19 x 21 Turn: 887
2026-06-02 09:50:20 [self-0001-1-city] Reinforcement waypoint: 180 final target = 180 turns until reinforcement = 13
2026-06-02 09:50:20 [self-0001-1-city] Route planned: Target = 180 Mode = reinforcement_waypoint city-free reachable tiles = 291 Fallback-Tiles = 293
2026-06-02 09:50:20 [self-0001-1-city] Move #849: 142 -> 161 | Army: 83 | Target-Terrain: 0 | Target: 180 | Half: False
2026-06-02 09:50:20 [self-0001-1-city] My general index: 28
2026-06-02 09:50:20 [self-0001-1-city] Enemy general index: None
2026-06-02 09:50:20 [self-0001-1-city] Visible enemy tiles: 6
2026-06-02 09:50:20 [self-0001-1-city] Tiles: 35 / 126
2026-06-02 09:50:20 [self-0001-1-city] Map: 19 x 21 Turn: 888
2026-06-02 09:50:20 [self-0001-1-city] Reinforcement waypoint: 180 final target = 180 turns until reinforcement = 12
2026-06-02 09:50:20 [self-0001-1-city] Route planned: Target = 180 Mode = reinforcement_waypoint city-free reachable tiles = 291 Fallback-Tiles = 293
2026-06-02 09:50:20 [self-0001-1-city] Priority agent: flow +6000 base = 80780 final = 86780
2026-06-02 09:50:20 [self-0001-1-city] Move #850: 161 -> 180 | Army: 86 | Target-Terrain: 1 | Target: 180 | Half: False
2026-06-02 09:50:21 [self-0001-1-city] My general index: 28
2026-06-02 09:50:21 [self-0001-1-city] Enemy general index: None
2026-06-02 09:50:21 [self-0001-1-city] Visible enemy tiles: 8
2026-06-02 09:50:21 [self-0001-1-city] Tiles: 36 / 125
2026-06-02 09:50:21 [self-0001-1-city] Map: 19 x 21 Turn: 889
2026-06-02 09:50:21 [self-0001-1-city] Reinforcement waypoint: 199 final target = 199 turns until reinforcement = 11
2026-06-02 09:50:21 [self-0001-1-city] Route planned: Target = 199 Mode = reinforcement_waypoint city-free reachable tiles = 291 Fallback-Tiles = 293
2026-06-02 09:50:21 [self-0001-1-city] Priority agent: flow +6000 base = 81080 final = 87080
2026-06-02 09:50:21 [self-0001-1-city] Move #851: 180 -> 199 | Army: 82 | Target-Terrain: 1 | Target: 199 | Half: False
2026-06-02 09:50:21 [self-0001-1-city] My general index: 28
2026-06-02 09:50:21 [self-0001-1-city] Enemy general index: None
2026-06-02 09:50:21 [self-0001-1-city] Visible enemy tiles: 11
2026-06-02 09:50:21 [self-0001-1-city] Tiles: 36 / 125
2026-06-02 09:50:21 [self-0001-1-city] Map: 19 x 21 Turn: 890
2026-06-02 09:50:21 [self-0001-1-city] Reinforcement waypoint: 198 final target = 198 turns until reinforcement = 10
2026-06-02 09:50:21 [self-0001-1-city] Route planned: Target = 198 Mode = reinforcement_waypoint city-free reachable tiles = 291 Fallback-Tiles = 293
2026-06-02 09:50:21 [self-0001-1-city] Priority agent: flow +6000 base = 97379 final = 103379
2026-06-02 09:50:21 [self-0001-1-city] Move #852: 199 -> 198 | Army: 79 | Target-Terrain: 1 | Target: 198 | Half: False
2026-06-02 09:50:22 [self-0001-1-city] My general index: 28
2026-06-02 09:50:22 [self-0001-1-city] Enemy general index: None
2026-06-02 09:50:22 [self-0001-1-city] Visible enemy tiles: 14
2026-06-02 09:50:22 [self-0001-1-city] Tiles: 36 / 125
2026-06-02 09:50:22 [self-0001-1-city] Map: 19 x 21 Turn: 891
2026-06-02 09:50:22 [self-0001-1-city] Reinforcement waypoint: 179 final target = 180 turns until reinforcement = 9
2026-06-02 09:50:22 [self-0001-1-city] Route planned: Target = 179 Mode = reinforcement_waypoint city-free reachable tiles = 291 Fallback-Tiles = 294
2026-06-02 09:50:22 [self-0001-1-city] Priority agent: flow +6000 base = 93042 final = 99042
2026-06-02 09:50:22 [self-0001-1-city] Move #853: 198 -> 179 | Army: 42 | Target-Terrain: 1 | Target: 179 | Half: False
2026-06-02 09:50:22 [self-0001-1-city] My general index: 28
2026-06-02 09:50:22 [self-0001-1-city] Enemy general index: None
2026-06-02 09:50:22 [self-0001-1-city] Visible enemy tiles: 12
2026-06-02 09:50:22 [self-0001-1-city] Tiles: 36 / 125
2026-06-02 09:50:22 [self-0001-1-city] Map: 19 x 21 Turn: 892
2026-06-02 09:50:22 [self-0001-1-city] Reinforcement waypoint: 180 final target = 199 turns until reinforcement = 8
2026-06-02 09:50:22 [self-0001-1-city] Route planned: Target = 180 Mode = reinforcement_waypoint city-free reachable tiles = 291 Fallback-Tiles = 294
2026-06-02 09:50:22 [self-0001-1-city] Priority agent: flow +6000 base = 92740 final = 98740
2026-06-02 09:50:22 [self-0001-1-city] Move #854: 179 -> 180 | Army: 40 | Target-Terrain: 1 | Target: 180 | Half: False
2026-06-02 09:50:23 [self-0001-1-city] My general index: 28
2026-06-02 09:50:23 [self-0001-1-city] Enemy general index: None
2026-06-02 09:50:23 [self-0001-1-city] Visible enemy tiles: 10
2026-06-02 09:50:23 [self-0001-1-city] Tiles: 36 / 125
2026-06-02 09:50:23 [self-0001-1-city] Map: 19 x 21 Turn: 893
2026-06-02 09:50:23 [self-0001-1-city] Reinforcement waypoint: 199 final target = 199 turns until reinforcement = 7
2026-06-02 09:50:23 [self-0001-1-city] Route planned: Target = 199 Mode = reinforcement_waypoint city-free reachable tiles = 291 Fallback-Tiles = 293
2026-06-02 09:50:23 [self-0001-1-city] Priority agent: edge reuse -9000, flow +6000 base = 93038 final = 90038
2026-06-02 09:50:23 [self-0001-1-city] Move #855: 180 -> 199 | Army: 38 | Target-Terrain: 1 | Target: 199 | Half: False
2026-06-02 09:50:23 [self-0001-1-city] My general index: 28
2026-06-02 09:50:23 [self-0001-1-city] Enemy general index: None
2026-06-02 09:50:23 [self-0001-1-city] Visible enemy tiles: 11
2026-06-02 09:50:23 [self-0001-1-city] Tiles: 36 / 125
2026-06-02 09:50:23 [self-0001-1-city] Map: 19 x 21 Turn: 894
2026-06-02 09:50:23 [self-0001-1-city] Reinforcement waypoint: 198 final target = 198 turns until reinforcement = 6
2026-06-02 09:50:23 [self-0001-1-city] Route planned: Target = 198 Mode = reinforcement_waypoint city-free reachable tiles = 291 Fallback-Tiles = 293
2026-06-02 09:50:23 [self-0001-1-city] Priority agent: flow +6000 base = 54606 final = 60606
2026-06-02 09:50:23 [self-0001-1-city] Move #856: 199 -> 218 | Army: 36 | Target-Terrain: 1 | Target: 198 | Half: False
2026-06-02 09:50:24 [self-0001-1-city] My general index: 28
2026-06-02 09:50:24 [self-0001-1-city] Enemy general index: None
2026-06-02 09:50:24 [self-0001-1-city] Visible enemy tiles: 9
2026-06-02 09:50:24 [self-0001-1-city] Tiles: 35 / 126
2026-06-02 09:50:24 [self-0001-1-city] Map: 19 x 21 Turn: 895
2026-06-02 09:50:24 [self-0001-1-city] Reinforcement waypoint: 160 final target = 198 turns until reinforcement = 5
2026-06-02 09:50:24 [self-0001-1-city] Route planned: Target = 160 Mode = reinforcement_waypoint city-free reachable tiles = 291 Fallback-Tiles = 293
2026-06-02 09:50:24 [self-0001-1-city] Move #857: 104 -> 103 | Army: 50 | Target-Terrain: 0 | Target: 160 | Half: False
2026-06-02 09:50:24 [self-0001-1-city] My general index: 28
2026-06-02 09:50:24 [self-0001-1-city] Enemy general index: None
2026-06-02 09:50:24 [self-0001-1-city] Visible enemy tiles: 6
2026-06-02 09:50:24 [self-0001-1-city] Tiles: 34 / 127
2026-06-02 09:50:24 [self-0001-1-city] Map: 19 x 21 Turn: 896
2026-06-02 09:50:24 [self-0001-1-city] Reinforcement waypoint: 160 final target = 198 turns until reinforcement = 4
2026-06-02 09:50:24 [self-0001-1-city] Route planned: Target = 160 Mode = reinforcement_waypoint city-free reachable tiles = 291 Fallback-Tiles = 293
2026-06-02 09:50:24 [self-0001-1-city] Move #858: 123 -> 122 | Army: 2 | Target-Terrain: 0 | Target: 160 | Half: False
2026-06-02 09:50:25 [self-0001-1-city] Coach: stabilize tiles 34/127 army 321/2028 cities 0/0 enemy_city_suspect True bias {'expansion_bias': 0.1, 'city_bias': 0.8, 'attack_bias': -0.30000000000000004, 'defense_bias': 1.2, 'route_bias': 0.3}
2026-06-02 09:50:25 [self-0001-1-city] My general index: 28
2026-06-02 09:50:25 [self-0001-1-city] Enemy general index: None
2026-06-02 09:50:25 [self-0001-1-city] Visible enemy tiles: 6
2026-06-02 09:50:25 [self-0001-1-city] Tiles: 34 / 127
2026-06-02 09:50:25 [self-0001-1-city] Map: 19 x 21 Turn: 897
2026-06-02 09:50:25 [self-0001-1-city] Reinforcement waypoint: 160 final target = 198 turns until reinforcement = 3
2026-06-02 09:50:25 [self-0001-1-city] Route planned: Target = 160 Mode = reinforcement_waypoint city-free reachable tiles = 291 Fallback-Tiles = 293
2026-06-02 09:50:25 [self-0001-1-city] Move #859: 84 -> 103 | Army: 2 | Target-Terrain: 0 | Target: 160 | Half: False
2026-06-02 09:50:25 [self-0001-1-city] My general index: 28
2026-06-02 09:50:25 [self-0001-1-city] Enemy general index: None
2026-06-02 09:50:25 [self-0001-1-city] Visible enemy tiles: 6
2026-06-02 09:50:25 [self-0001-1-city] Tiles: 34 / 127
2026-06-02 09:50:25 [self-0001-1-city] Map: 19 x 21 Turn: 898
2026-06-02 09:50:25 [self-0001-1-city] Reinforcement waypoint: 160 final target = 198 turns until reinforcement = 2
2026-06-02 09:50:25 [self-0001-1-city] Route planned: Target = 160 Mode = reinforcement_waypoint city-free reachable tiles = 291 Fallback-Tiles = 293
2026-06-02 09:50:25 [self-0001-1-city] Move #860: 64 -> 83 | Army: 2 | Target-Terrain: 0 | Target: 160 | Half: False
2026-06-02 09:50:26 [self-0001-1-city] My general index: 28
2026-06-02 09:50:26 [self-0001-1-city] Enemy general index: None
2026-06-02 09:50:26 [self-0001-1-city] Visible enemy tiles: 6
2026-06-02 09:50:26 [self-0001-1-city] Tiles: 34 / 127
2026-06-02 09:50:26 [self-0001-1-city] Map: 19 x 21 Turn: 899
2026-06-02 09:50:26 [self-0001-1-city] Reinforcement waypoint: 160 final target = 198 turns until reinforcement = 1
2026-06-02 09:50:26 [self-0001-1-city] Route planned: Target = 160 Mode = reinforcement_waypoint city-free reachable tiles = 291 Fallback-Tiles = 293
2026-06-02 09:50:26 [self-0001-1-city] Move #861: 28 -> 47 | Army: 65 | Target-Terrain: 0 | Target: 160 | Half: True
2026-06-02 09:50:26 [self-0001-1-city] My general index: 28
2026-06-02 09:50:26 [self-0001-1-city] Enemy general index: None
2026-06-02 09:50:26 [self-0001-1-city] Visible enemy tiles: 6
2026-06-02 09:50:26 [self-0001-1-city] Tiles: 34 / 127
2026-06-02 09:50:26 [self-0001-1-city] Map: 19 x 21 Turn: 900
2026-06-02 09:50:26 [self-0001-1-city] Route planned: Target = 198 Mode = reinforcement_waypoint city-free reachable tiles = 291 Fallback-Tiles = 293
2026-06-02 09:50:26 [self-0001-1-city] Move #862: 142 -> 141 | Army: 2 | Target-Terrain: 0 | Target: 198 | Half: False
2026-06-02 09:50:27 [self-0001-1-city] My general index: 28
2026-06-02 09:50:27 [self-0001-1-city] Enemy general index: None
2026-06-02 09:50:27 [self-0001-1-city] Visible enemy tiles: 6
2026-06-02 09:50:27 [self-0001-1-city] Tiles: 34 / 127
2026-06-02 09:50:27 [self-0001-1-city] Map: 19 x 21 Turn: 901
2026-06-02 09:50:27 [self-0001-1-city] Route planned: Target = 198 Mode = reinforcement_waypoint city-free reachable tiles = 291 Fallback-Tiles = 293
2026-06-02 09:50:27 [self-0001-1-city] Priority agent: flow +6000 base = 71224 final = 77224
2026-06-02 09:50:27 [self-0001-1-city] Move #863: 141 -> 160 | Army: 4 | Target-Terrain: 1 | Target: 198 | Half: False
2026-06-02 09:50:27 [self-0001-1-city] My general index: 28
2026-06-02 09:50:27 [self-0001-1-city] Enemy general index: None
2026-06-02 09:50:27 [self-0001-1-city] Visible enemy tiles: 7
2026-06-02 09:50:27 [self-0001-1-city] Tiles: 35 / 126
2026-06-02 09:50:27 [self-0001-1-city] Map: 19 x 21 Turn: 902
2026-06-02 09:50:27 [self-0001-1-city] Route planned: Target = 198 Mode = reinforcement_waypoint city-free reachable tiles = 291 Fallback-Tiles = 293
2026-06-02 09:50:27 [self-0001-1-city] Move #864: 143 -> 142 | Army: 2 | Target-Terrain: 0 | Target: 198 | Half: False
2026-06-02 09:50:28 [self-0001-1-city] My general index: 28
2026-06-02 09:50:28 [self-0001-1-city] Enemy general index: None
2026-06-02 09:50:28 [self-0001-1-city] Visible enemy tiles: 7
2026-06-02 09:50:28 [self-0001-1-city] Tiles: 35 / 126
2026-06-02 09:50:28 [self-0001-1-city] Map: 19 x 21 Turn: 903
2026-06-02 09:50:28 [self-0001-1-city] Route planned: Target = 198 Mode = reinforcement_waypoint city-free reachable tiles = 291 Fallback-Tiles = 293
2026-06-02 09:50:28 [self-0001-1-city] Move #865: 83 -> 102 | Army: 3 | Target-Terrain: 0 | Target: 198 | Half: False
2026-06-02 09:50:28 [self-0001-1-city] My general index: 28
2026-06-02 09:50:28 [self-0001-1-city] Enemy general index: None
2026-06-02 09:50:28 [self-0001-1-city] Visible enemy tiles: 7
2026-06-02 09:50:28 [self-0001-1-city] Tiles: 35 / 126
2026-06-02 09:50:28 [self-0001-1-city] Map: 19 x 21 Turn: 904
2026-06-02 09:50:28 [self-0001-1-city] Route planned: Target = 198 Mode = reinforcement_waypoint city-free reachable tiles = 291 Fallback-Tiles = 293
2026-06-02 09:50:28 [self-0001-1-city] Move #866: 47 -> 66 | Army: 34 | Target-Terrain: 0 | Target: 198 | Half: False
2026-06-02 09:50:29 [self-0001-1-city] My general index: 28
2026-06-02 09:50:29 [self-0001-1-city] Enemy general index: None
2026-06-02 09:50:29 [self-0001-1-city] Visible enemy tiles: 7
2026-06-02 09:50:29 [self-0001-1-city] Tiles: 35 / 126
2026-06-02 09:50:29 [self-0001-1-city] Map: 19 x 21 Turn: 905
2026-06-02 09:50:29 [self-0001-1-city] Route planned: Target = 198 Mode = reinforcement_waypoint city-free reachable tiles = 291 Fallback-Tiles = 293
2026-06-02 09:50:29 [self-0001-1-city] Priority agent: fresh target pullback -12000, flow +6000 base = 40855 final = 34855
2026-06-02 09:50:29 [self-0001-1-city] Move #867: 66 -> 85 | Army: 35 | Target-Terrain: 0 | Target: 198 | Half: False
2026-06-02 09:50:29 [self-0001-1-city] My general index: 28
2026-06-02 09:50:29 [self-0001-1-city] Enemy general index: None
2026-06-02 09:50:29 [self-0001-1-city] Visible enemy tiles: 7
2026-06-02 09:50:29 [self-0001-1-city] Tiles: 35 / 126
2026-06-02 09:50:29 [self-0001-1-city] Map: 19 x 21 Turn: 906
2026-06-02 09:50:29 [self-0001-1-city] Route planned: Target = 198 Mode = reinforcement_waypoint city-free reachable tiles = 291 Fallback-Tiles = 293
2026-06-02 09:50:29 [self-0001-1-city] Priority agent: fresh target pullback -12000, flow +6000 base = 40946 final = 34946
2026-06-02 09:50:29 [self-0001-1-city] Move #868: 85 -> 104 | Army: 36 | Target-Terrain: 0 | Target: 198 | Half: False
2026-06-02 09:50:30 [self-0001-1-city] My general index: 28
2026-06-02 09:50:30 [self-0001-1-city] Enemy general index: None
2026-06-02 09:50:30 [self-0001-1-city] Visible enemy tiles: 7
2026-06-02 09:50:30 [self-0001-1-city] Tiles: 35 / 126
2026-06-02 09:50:30 [self-0001-1-city] Map: 19 x 21 Turn: 907
2026-06-02 09:50:30 [self-0001-1-city] Route planned: Target = 198 Mode = reinforcement_waypoint city-free reachable tiles = 291 Fallback-Tiles = 293
2026-06-02 09:50:30 [self-0001-1-city] Move #869: 65 -> 84 | Army: 2 | Target-Terrain: 0 | Target: 198 | Half: False
2026-06-02 09:50:30 [self-0001-1-city] My general index: 28
2026-06-02 09:50:30 [self-0001-1-city] Enemy general index: None
2026-06-02 09:50:30 [self-0001-1-city] Visible enemy tiles: 7
2026-06-02 09:50:30 [self-0001-1-city] Tiles: 35 / 126
2026-06-02 09:50:30 [self-0001-1-city] Map: 19 x 21 Turn: 908
2026-06-02 09:50:30 [self-0001-1-city] Route planned: Target = 198 Mode = reinforcement_waypoint city-free reachable tiles = 291 Fallback-Tiles = 293
2026-06-02 09:50:30 [self-0001-1-city] Move #870: 86 -> 85 | Army: 3 | Target-Terrain: 0 | Target: 198 | Half: False
2026-06-02 09:50:31 [self-0001-1-city] My general index: 28
2026-06-02 09:50:31 [self-0001-1-city] Enemy general index: None
2026-06-02 09:50:31 [self-0001-1-city] Visible enemy tiles: 7
2026-06-02 09:50:31 [self-0001-1-city] Tiles: 35 / 126
2026-06-02 09:50:31 [self-0001-1-city] Map: 19 x 21 Turn: 909
2026-06-02 09:50:31 [self-0001-1-city] Route planned: Target = 198 Mode = reinforcement_waypoint city-free reachable tiles = 291 Fallback-Tiles = 293
2026-06-02 09:50:31 [self-0001-1-city] Move #871: 46 -> 65 | Army: 2 | Target-Terrain: 0 | Target: 198 | Half: False
2026-06-02 09:50:31 [self-0001-1-city] My general index: 28
2026-06-02 09:50:31 [self-0001-1-city] Enemy general index: None
2026-06-02 09:50:31 [self-0001-1-city] Visible enemy tiles: 7
2026-06-02 09:50:31 [self-0001-1-city] Tiles: 35 / 126
2026-06-02 09:50:31 [self-0001-1-city] Map: 19 x 21 Turn: 910
2026-06-02 09:50:31 [self-0001-1-city] Route planned: Target = 198 Mode = reinforcement_waypoint city-free reachable tiles = 291 Fallback-Tiles = 293
2026-06-02 09:50:31 [self-0001-1-city] Move #872: 27 -> 46 | Army: 2 | Target-Terrain: 0 | Target: 198 | Half: False
2026-06-02 09:50:32 [self-0001-1-city] My general index: 28
2026-06-02 09:50:32 [self-0001-1-city] Enemy general index: None
2026-06-02 09:50:32 [self-0001-1-city] Visible enemy tiles: 7
2026-06-02 09:50:32 [self-0001-1-city] Tiles: 35 / 126
2026-06-02 09:50:32 [self-0001-1-city] Map: 19 x 21 Turn: 911
2026-06-02 09:50:32 [self-0001-1-city] Route planned: Target = 198 Mode = reinforcement_waypoint city-free reachable tiles = 291 Fallback-Tiles = 293
2026-06-02 09:50:32 [self-0001-1-city] Move #873: 104 -> 103 | Army: 37 | Target-Terrain: 0 | Target: 198 | Half: False
2026-06-02 09:50:32 [self-0001-1-city] My general index: 28
2026-06-02 09:50:32 [self-0001-1-city] Enemy general index: None
2026-06-02 09:50:32 [self-0001-1-city] Visible enemy tiles: 7
2026-06-02 09:50:32 [self-0001-1-city] Tiles: 35 / 126
2026-06-02 09:50:32 [self-0001-1-city] Map: 19 x 21 Turn: 912
2026-06-02 09:50:32 [self-0001-1-city] Route planned: Target = 198 Mode = reinforcement_waypoint city-free reachable tiles = 291 Fallback-Tiles = 293
2026-06-02 09:50:32 [self-0001-1-city] Move #874: 123 -> 122 | Army: 2 | Target-Terrain: 0 | Target: 198 | Half: False
2026-06-02 09:50:33 [self-0001-1-city] My general index: 28
2026-06-02 09:50:33 [self-0001-1-city] Enemy general index: None
2026-06-02 09:50:33 [self-0001-1-city] Visible enemy tiles: 7
2026-06-02 09:50:33 [self-0001-1-city] Tiles: 35 / 126
2026-06-02 09:50:33 [self-0001-1-city] Map: 19 x 21 Turn: 913
2026-06-02 09:50:33 [self-0001-1-city] Route planned: Target = 198 Mode = reinforcement_waypoint city-free reachable tiles = 291 Fallback-Tiles = 293
2026-06-02 09:50:33 [self-0001-1-city] Move #875: 84 -> 103 | Army: 3 | Target-Terrain: 0 | Target: 198 | Half: False
2026-06-02 09:50:33 [self-0001-1-city] My general index: 28
2026-06-02 09:50:33 [self-0001-1-city] Enemy general index: None
2026-06-02 09:50:33 [self-0001-1-city] Visible enemy tiles: 7
2026-06-02 09:50:33 [self-0001-1-city] Tiles: 35 / 126
2026-06-02 09:50:33 [self-0001-1-city] Map: 19 x 21 Turn: 914
2026-06-02 09:50:33 [self-0001-1-city] Route planned: Target = 198 Mode = reinforcement_waypoint city-free reachable tiles = 291 Fallback-Tiles = 293
2026-06-02 09:50:33 [self-0001-1-city] Move #876: 85 -> 84 | Army: 3 | Target-Terrain: 0 | Target: 198 | Half: False
2026-06-02 09:50:34 [self-0001-1-city] My general index: 28
2026-06-02 09:50:34 [self-0001-1-city] Enemy general index: None
2026-06-02 09:50:34 [self-0001-1-city] Visible enemy tiles: 7
2026-06-02 09:50:34 [self-0001-1-city] Tiles: 35 / 126
2026-06-02 09:50:34 [self-0001-1-city] Map: 19 x 21 Turn: 915
2026-06-02 09:50:34 [self-0001-1-city] Route planned: Target = 198 Mode = reinforcement_waypoint city-free reachable tiles = 291 Fallback-Tiles = 293
2026-06-02 09:50:34 [self-0001-1-city] Move #877: 142 -> 141 | Army: 2 | Target-Terrain: 0 | Target: 198 | Half: False
2026-06-02 09:50:34 [self-0001-1-city] My general index: 28
2026-06-02 09:50:34 [self-0001-1-city] Enemy general index: None
2026-06-02 09:50:34 [self-0001-1-city] Visible enemy tiles: 7
2026-06-02 09:50:34 [self-0001-1-city] Tiles: 35 / 126
2026-06-02 09:50:34 [self-0001-1-city] Map: 19 x 21 Turn: 916
2026-06-02 09:50:34 [self-0001-1-city] Route planned: Target = 198 Mode = reinforcement_waypoint city-free reachable tiles = 291 Fallback-Tiles = 293
2026-06-02 09:50:34 [self-0001-1-city] Move #878: 64 -> 83 | Army: 2 | Target-Terrain: 0 | Target: 198 | Half: False
2026-06-02 09:50:35 [self-0001-1-city] My general index: 28
2026-06-02 09:50:35 [self-0001-1-city] Enemy general index: None
2026-06-02 09:50:35 [self-0001-1-city] Visible enemy tiles: 7
2026-06-02 09:50:35 [self-0001-1-city] Tiles: 35 / 126
2026-06-02 09:50:35 [self-0001-1-city] Map: 19 x 21 Turn: 917
2026-06-02 09:50:35 [self-0001-1-city] Route planned: Target = 198 Mode = reinforcement_waypoint city-free reachable tiles = 291 Fallback-Tiles = 293
2026-06-02 09:50:35 [self-0001-1-city] Move #879: 45 -> 64 | Army: 2 | Target-Terrain: 0 | Target: 198 | Half: False
2026-06-02 09:50:35 [self-0001-1-city] My general index: 28
2026-06-02 09:50:35 [self-0001-1-city] Enemy general index: None
2026-06-02 09:50:35 [self-0001-1-city] Visible enemy tiles: 7
2026-06-02 09:50:35 [self-0001-1-city] Tiles: 35 / 126
2026-06-02 09:50:35 [self-0001-1-city] Map: 19 x 21 Turn: 918
2026-06-02 09:50:35 [self-0001-1-city] Route planned: Target = 198 Mode = reinforcement_waypoint city-free reachable tiles = 291 Fallback-Tiles = 293
2026-06-02 09:50:35 [self-0001-1-city] Move #880: 63 -> 82 | Army: 2 | Target-Terrain: 0 | Target: 198 | Half: False
2026-06-02 09:50:36 [self-0001-1-city] My general index: 28
2026-06-02 09:50:36 [self-0001-1-city] Enemy general index: None
2026-06-02 09:50:36 [self-0001-1-city] Visible enemy tiles: 7
2026-06-02 09:50:36 [self-0001-1-city] Tiles: 35 / 126
2026-06-02 09:50:36 [self-0001-1-city] Map: 19 x 21 Turn: 919
2026-06-02 09:50:36 [self-0001-1-city] Route planned: Target = 198 Mode = reinforcement_waypoint city-free reachable tiles = 291 Fallback-Tiles = 293
2026-06-02 09:50:36 [self-0001-1-city] Move #881: 67 -> 86 | Army: 2 | Target-Terrain: 0 | Target: 198 | Half: False
2026-06-02 09:50:36 [self-0001-1-city] My general index: 28
2026-06-02 09:50:36 [self-0001-1-city] Enemy general index: None
2026-06-02 09:50:36 [self-0001-1-city] Visible enemy tiles: 7
2026-06-02 09:50:36 [self-0001-1-city] Tiles: 35 / 126
2026-06-02 09:50:36 [self-0001-1-city] Map: 19 x 21 Turn: 920
2026-06-02 09:50:36 [self-0001-1-city] Route planned: Target = 198 Mode = reinforcement_waypoint city-free reachable tiles = 291 Fallback-Tiles = 293
2026-06-02 09:50:36 [self-0001-1-city] Move #882: 87 -> 86 | Army: 2 | Target-Terrain: 0 | Target: 198 | Half: False
2026-06-02 09:50:37 [self-0001-1-city] My general index: 28
2026-06-02 09:50:37 [self-0001-1-city] Enemy general index: None
2026-06-02 09:50:37 [self-0001-1-city] Visible enemy tiles: 7
2026-06-02 09:50:37 [self-0001-1-city] Tiles: 35 / 126
2026-06-02 09:50:37 [self-0001-1-city] Map: 19 x 21 Turn: 921
2026-06-02 09:50:37 [self-0001-1-city] Route planned: Target = 198 Mode = reinforcement_waypoint city-free reachable tiles = 291 Fallback-Tiles = 293
2026-06-02 09:50:37 [self-0001-1-city] Move #883: 83 -> 102 | Army: 2 | Target-Terrain: 0 | Target: 198 | Half: False
2026-06-02 09:50:37 [self-0001-1-city] My general index: 28
2026-06-02 09:50:37 [self-0001-1-city] Enemy general index: None
2026-06-02 09:50:37 [self-0001-1-city] Visible enemy tiles: 7
2026-06-02 09:50:37 [self-0001-1-city] Tiles: 35 / 126
2026-06-02 09:50:37 [self-0001-1-city] Map: 19 x 21 Turn: 922
2026-06-02 09:50:37 [self-0001-1-city] Route planned: Target = 198 Mode = reinforcement_waypoint city-free reachable tiles = 291 Fallback-Tiles = 293
2026-06-02 09:50:37 [self-0001-1-city] Move #884: 65 -> 84 | Army: 2 | Target-Terrain: 0 | Target: 198 | Half: False
2026-06-02 09:50:38 [self-0001-1-city] My general index: 28
2026-06-02 09:50:38 [self-0001-1-city] Enemy general index: None
2026-06-02 09:50:38 [self-0001-1-city] Visible enemy tiles: 7
2026-06-02 09:50:38 [self-0001-1-city] Tiles: 35 / 126
2026-06-02 09:50:38 [self-0001-1-city] Map: 19 x 21 Turn: 923
2026-06-02 09:50:38 [self-0001-1-city] Route planned: Target = 198 Mode = reinforcement_waypoint city-free reachable tiles = 291 Fallback-Tiles = 293
2026-06-02 09:50:38 [self-0001-1-city] Move #885: 62 -> 81 | Army: 3 | Target-Terrain: 0 | Target: 198 | Half: False
2026-06-02 09:50:38 [self-0001-1-city] My general index: 28
2026-06-02 09:50:38 [self-0001-1-city] Enemy general index: None
2026-06-02 09:50:38 [self-0001-1-city] Visible enemy tiles: 7
2026-06-02 09:50:38 [self-0001-1-city] Tiles: 35 / 126
2026-06-02 09:50:38 [self-0001-1-city] Map: 19 x 21 Turn: 924
2026-06-02 09:50:38 [self-0001-1-city] Route planned: Target = 198 Mode = reinforcement_waypoint city-free reachable tiles = 291 Fallback-Tiles = 293
2026-06-02 09:50:38 [self-0001-1-city] Priority agent: flow +6000 base = 38006 final = 44006
2026-06-02 09:50:38 [self-0001-1-city] Move #886: 81 -> 80 | Army: 6 | Target-Terrain: 1 | Target: 198 | Half: False
2026-06-02 09:50:39 [self-0001-1-city] My general index: 28
2026-06-02 09:50:39 [self-0001-1-city] Enemy general index: None
2026-06-02 09:50:39 [self-0001-1-city] Visible enemy tiles: 10
2026-06-02 09:50:39 [self-0001-1-city] Tiles: 35 / 126
2026-06-02 09:50:39 [self-0001-1-city] Map: 19 x 21 Turn: 925
2026-06-02 09:50:39 [self-0001-1-city] Route planned: Target = 198 Mode = reinforcement_waypoint city-free reachable tiles = 291 Fallback-Tiles = 293
2026-06-02 09:50:39 [self-0001-1-city] Move #887: 86 -> 85 | Army: 3 | Target-Terrain: 0 | Target: 198 | Half: False
2026-06-02 09:50:39 [self-0001-1-city] My general index: 28
2026-06-02 09:50:39 [self-0001-1-city] Enemy general index: None
2026-06-02 09:50:39 [self-0001-1-city] Visible enemy tiles: 10
2026-06-02 09:50:39 [self-0001-1-city] Tiles: 35 / 126
2026-06-02 09:50:39 [self-0001-1-city] Map: 19 x 21 Turn: 926
2026-06-02 09:50:39 [self-0001-1-city] Route planned: Target = 198 Mode = reinforcement_waypoint city-free reachable tiles = 291 Fallback-Tiles = 293
2026-06-02 09:50:39 [self-0001-1-city] Move #888: 46 -> 65 | Army: 2 | Target-Terrain: 0 | Target: 198 | Half: False
2026-06-02 09:50:40 [self-0001-1-city] My general index: 28
2026-06-02 09:50:40 [self-0001-1-city] Enemy general index: None
2026-06-02 09:50:40 [self-0001-1-city] Visible enemy tiles: 10
2026-06-02 09:50:40 [self-0001-1-city] Tiles: 35 / 126
2026-06-02 09:50:40 [self-0001-1-city] Map: 19 x 21 Turn: 927
2026-06-02 09:50:40 [self-0001-1-city] Route planned: Target = 198 Mode = reinforcement_waypoint city-free reachable tiles = 291 Fallback-Tiles = 293
2026-06-02 09:50:40 [self-0001-1-city] Move #889: 26 -> 45 | Army: 2 | Target-Terrain: 0 | Target: 198 | Half: False
2026-06-02 09:50:40 [self-0001-1-city] My general index: 28
2026-06-02 09:50:40 [self-0001-1-city] Enemy general index: None
2026-06-02 09:50:40 [self-0001-1-city] Visible enemy tiles: 10
2026-06-02 09:50:40 [self-0001-1-city] Tiles: 35 / 126
2026-06-02 09:50:40 [self-0001-1-city] Map: 19 x 21 Turn: 928
2026-06-02 09:50:40 [self-0001-1-city] Route planned: Target = 198 Mode = reinforcement_waypoint city-free reachable tiles = 291 Fallback-Tiles = 293
2026-06-02 09:50:40 [self-0001-1-city] Move #890: 84 -> 103 | Army: 4 | Target-Terrain: 0 | Target: 198 | Half: False
2026-06-02 09:50:41 [self-0001-1-city] My general index: 28
2026-06-02 09:50:41 [self-0001-1-city] Enemy general index: None
2026-06-02 09:50:41 [self-0001-1-city] Visible enemy tiles: 10
2026-06-02 09:50:41 [self-0001-1-city] Tiles: 35 / 126
2026-06-02 09:50:41 [self-0001-1-city] Map: 19 x 21 Turn: 929
2026-06-02 09:50:41 [self-0001-1-city] Route planned: Target = 198 Mode = reinforcement_waypoint city-free reachable tiles = 291 Fallback-Tiles = 293
2026-06-02 09:50:41 [self-0001-1-city] Move #891: 48 -> 67 | Army: 2 | Target-Terrain: 0 | Target: 198 | Half: False
2026-06-02 09:50:41 [self-0001-1-city] My general index: 28
2026-06-02 09:50:41 [self-0001-1-city] Enemy general index: None
2026-06-02 09:50:41 [self-0001-1-city] Visible enemy tiles: 10
2026-06-02 09:50:41 [self-0001-1-city] Tiles: 35 / 126
2026-06-02 09:50:41 [self-0001-1-city] Map: 19 x 21 Turn: 930
2026-06-02 09:50:41 [self-0001-1-city] Route planned: Target = 198 Mode = reinforcement_waypoint city-free reachable tiles = 291 Fallback-Tiles = 293
2026-06-02 09:50:41 [self-0001-1-city] Move #892: 85 -> 104 | Army: 3 | Target-Terrain: 0 | Target: 198 | Half: False
2026-06-02 09:50:42 [self-0001-1-city] My general index: 28
2026-06-02 09:50:42 [self-0001-1-city] Enemy general index: None
2026-06-02 09:50:42 [self-0001-1-city] Visible enemy tiles: 10
2026-06-02 09:50:42 [self-0001-1-city] Tiles: 35 / 126
2026-06-02 09:50:42 [self-0001-1-city] Map: 19 x 21 Turn: 931
2026-06-02 09:50:42 [self-0001-1-city] Route planned: Target = 198 Mode = reinforcement_waypoint city-free reachable tiles = 291 Fallback-Tiles = 293
2026-06-02 09:50:42 [self-0001-1-city] Move #893: 64 -> 83 | Army: 2 | Target-Terrain: 0 | Target: 198 | Half: False
2026-06-02 09:50:42 [self-0001-1-city] My general index: 28
2026-06-02 09:50:42 [self-0001-1-city] Enemy general index: None
2026-06-02 09:50:42 [self-0001-1-city] Visible enemy tiles: 10
2026-06-02 09:50:42 [self-0001-1-city] Tiles: 35 / 126
2026-06-02 09:50:42 [self-0001-1-city] Map: 19 x 21 Turn: 932
2026-06-02 09:50:42 [self-0001-1-city] Route planned: Target = 198 Mode = reinforcement_waypoint city-free reachable tiles = 291 Fallback-Tiles = 293
2026-06-02 09:50:42 [self-0001-1-city] Move #894: 45 -> 64 | Army: 2 | Target-Terrain: 0 | Target: 198 | Half: False
2026-06-02 09:50:43 [self-0001-1-city] My general index: 28
2026-06-02 09:50:43 [self-0001-1-city] Enemy general index: None
2026-06-02 09:50:43 [self-0001-1-city] Visible enemy tiles: 10
2026-06-02 09:50:43 [self-0001-1-city] Tiles: 35 / 126
2026-06-02 09:50:43 [self-0001-1-city] Map: 19 x 21 Turn: 933
2026-06-02 09:50:43 [self-0001-1-city] Route planned: Target = 198 Mode = reinforcement_waypoint city-free reachable tiles = 291 Fallback-Tiles = 293
2026-06-02 09:50:43 [self-0001-1-city] Move #895: 68 -> 87 | Army: 2 | Target-Terrain: 0 | Target: 198 | Half: False
2026-06-02 09:50:43 [self-0001-1-city] My general index: 28
2026-06-02 09:50:43 [self-0001-1-city] Enemy general index: None
2026-06-02 09:50:43 [self-0001-1-city] Visible enemy tiles: 10
2026-06-02 09:50:43 [self-0001-1-city] Tiles: 35 / 126
2026-06-02 09:50:43 [self-0001-1-city] Map: 19 x 21 Turn: 934
2026-06-02 09:50:43 [self-0001-1-city] Reinforcement waypoint: 198 final target = 198 turns until reinforcement = 16
2026-06-02 09:50:43 [self-0001-1-city] Route planned: Target = 198 Mode = reinforcement_waypoint city-free reachable tiles = 291 Fallback-Tiles = 293
2026-06-02 09:50:43 [self-0001-1-city] Move #896: 67 -> 86 | Army: 2 | Target-Terrain: 0 | Target: 198 | Half: False
2026-06-02 09:50:44 [self-0001-1-city] My general index: 28
2026-06-02 09:50:44 [self-0001-1-city] Enemy general index: None
2026-06-02 09:50:44 [self-0001-1-city] Visible enemy tiles: 10
2026-06-02 09:50:44 [self-0001-1-city] Tiles: 35 / 126
2026-06-02 09:50:44 [self-0001-1-city] Map: 19 x 21 Turn: 935
2026-06-02 09:50:44 [self-0001-1-city] Reinforcement waypoint: 198 final target = 198 turns until reinforcement = 15
2026-06-02 09:50:44 [self-0001-1-city] Route planned: Target = 198 Mode = reinforcement_waypoint city-free reachable tiles = 291 Fallback-Tiles = 293
2026-06-02 09:50:44 [self-0001-1-city] Move #897: 104 -> 103 | Army: 3 | Target-Terrain: 0 | Target: 198 | Half: False
2026-06-02 09:50:44 [self-0001-1-city] My general index: 28
2026-06-02 09:50:44 [self-0001-1-city] Enemy general index: None
2026-06-02 09:50:44 [self-0001-1-city] Visible enemy tiles: 10
2026-06-02 09:50:44 [self-0001-1-city] Tiles: 35 / 126
2026-06-02 09:50:44 [self-0001-1-city] Map: 19 x 21 Turn: 936
2026-06-02 09:50:44 [self-0001-1-city] Reinforcement waypoint: 198 final target = 198 turns until reinforcement = 14
2026-06-02 09:50:44 [self-0001-1-city] Route planned: Target = 198 Mode = reinforcement_waypoint city-free reachable tiles = 291 Fallback-Tiles = 293
2026-06-02 09:50:44 [self-0001-1-city] Move #898: 83 -> 102 | Army: 2 | Target-Terrain: 0 | Target: 198 | Half: False
2026-06-02 09:50:45 [self-0001-1-city] My general index: 28
2026-06-02 09:50:45 [self-0001-1-city] Enemy general index: None
2026-06-02 09:50:45 [self-0001-1-city] Visible enemy tiles: 10
2026-06-02 09:50:45 [self-0001-1-city] Tiles: 35 / 126
2026-06-02 09:50:45 [self-0001-1-city] Map: 19 x 21 Turn: 937
2026-06-02 09:50:45 [self-0001-1-city] Reinforcement waypoint: 198 final target = 198 turns until reinforcement = 13
2026-06-02 09:50:45 [self-0001-1-city] Route planned: Target = 198 Mode = reinforcement_waypoint city-free reachable tiles = 291 Fallback-Tiles = 293
2026-06-02 09:50:45 [self-0001-1-city] Move #899: 65 -> 84 | Army: 2 | Target-Terrain: 0 | Target: 198 | Half: False
2026-06-02 09:50:45 [self-0001-1-city] My general index: 28
2026-06-02 09:50:45 [self-0001-1-city] Enemy general index: None
2026-06-02 09:50:45 [self-0001-1-city] Visible enemy tiles: 10
2026-06-02 09:50:45 [self-0001-1-city] Tiles: 35 / 126
2026-06-02 09:50:45 [self-0001-1-city] Map: 19 x 21 Turn: 938
2026-06-02 09:50:45 [self-0001-1-city] Reinforcement waypoint: 179 final target = 198 turns until reinforcement = 12
2026-06-02 09:50:45 [self-0001-1-city] Route planned: Target = 179 Mode = reinforcement_waypoint city-free reachable tiles = 291 Fallback-Tiles = 293
2026-06-02 09:50:45 [self-0001-1-city] Move #900: 87 -> 86 | Army: 2 | Target-Terrain: 0 | Target: 179 | Half: False
2026-06-02 09:50:46 [self-0001-1-city] My general index: 28
2026-06-02 09:50:46 [self-0001-1-city] Enemy general index: None
2026-06-02 09:50:46 [self-0001-1-city] Visible enemy tiles: 10
2026-06-02 09:50:46 [self-0001-1-city] Tiles: 35 / 126
2026-06-02 09:50:46 [self-0001-1-city] Map: 19 x 21 Turn: 939
2026-06-02 09:50:46 [self-0001-1-city] Reinforcement waypoint: 160 final target = 198 turns until reinforcement = 11
2026-06-02 09:50:46 [self-0001-1-city] Route planned: Target = 160 Mode = reinforcement_waypoint city-free reachable tiles = 291 Fallback-Tiles = 293
2026-06-02 09:50:46 [self-0001-1-city] Move #901: 80 -> 81 | Army: 2 | Target-Terrain: 0 | Target: 160 | Half: False
2026-06-02 09:50:46 [self-0001-1-city] My general index: 28
2026-06-02 09:50:46 [self-0001-1-city] Enemy general index: None
2026-06-02 09:50:46 [self-0001-1-city] Visible enemy tiles: 10
2026-06-02 09:50:46 [self-0001-1-city] Tiles: 35 / 126
2026-06-02 09:50:46 [self-0001-1-city] Map: 19 x 21 Turn: 940
2026-06-02 09:50:46 [self-0001-1-city] Reinforcement waypoint: 160 final target = 198 turns until reinforcement = 10
2026-06-02 09:50:46 [self-0001-1-city] Route planned: Target = 160 Mode = reinforcement_waypoint city-free reachable tiles = 291 Fallback-Tiles = 293
2026-06-02 09:50:46 [self-0001-1-city] Move #902: 49 -> 68 | Army: 2 | Target-Terrain: 0 | Target: 160 | Half: False
2026-06-02 09:50:47 [self-0001-1-city] My general index: 28
2026-06-02 09:50:47 [self-0001-1-city] Enemy general index: None
2026-06-02 09:50:47 [self-0001-1-city] Visible enemy tiles: 8
2026-06-02 09:50:47 [self-0001-1-city] Tiles: 34 / 127
2026-06-02 09:50:47 [self-0001-1-city] Map: 19 x 21 Turn: 941
2026-06-02 09:50:47 [self-0001-1-city] Reinforcement waypoint: 160 final target = 198 turns until reinforcement = 9
2026-06-02 09:50:47 [self-0001-1-city] Route planned: Target = 160 Mode = reinforcement_waypoint city-free reachable tiles = 291 Fallback-Tiles = 293
2026-06-02 09:50:47 [self-0001-1-city] Move #903: 103 -> 122 | Army: 233 | Target-Terrain: 0 | Target: 160 | Half: False
2026-06-02 09:50:47 [self-0001-1-city] My general index: 28
2026-06-02 09:50:47 [self-0001-1-city] Enemy general index: None
2026-06-02 09:50:47 [self-0001-1-city] Visible enemy tiles: 8
2026-06-02 09:50:47 [self-0001-1-city] Tiles: 34 / 127
2026-06-02 09:50:47 [self-0001-1-city] Map: 19 x 21 Turn: 942
2026-06-02 09:50:47 [self-0001-1-city] Reinforcement waypoint: 160 final target = 198 turns until reinforcement = 8
2026-06-02 09:50:47 [self-0001-1-city] Route planned: Target = 160 Mode = reinforcement_waypoint city-free reachable tiles = 291 Fallback-Tiles = 293
2026-06-02 09:50:47 [self-0001-1-city] Move #904: 102 -> 121 | Army: 31 | Target-Terrain: 0 | Target: 160 | Half: False
2026-06-02 09:50:48 [self-0001-1-city] My general index: 28
2026-06-02 09:50:48 [self-0001-1-city] Enemy general index: None
2026-06-02 09:50:48 [self-0001-1-city] Visible enemy tiles: 8
2026-06-02 09:50:48 [self-0001-1-city] Tiles: 34 / 127
2026-06-02 09:50:48 [self-0001-1-city] Map: 19 x 21 Turn: 943
2026-06-02 09:50:48 [self-0001-1-city] Reinforcement waypoint: 160 final target = 198 turns until reinforcement = 7
2026-06-02 09:50:48 [self-0001-1-city] Route planned: Target = 160 Mode = reinforcement_waypoint city-free reachable tiles = 291 Fallback-Tiles = 293
2026-06-02 09:50:48 [self-0001-1-city] Move #905: 84 -> 103 | Army: 2 | Target-Terrain: 0 | Target: 160 | Half: False
2026-06-02 09:50:48 [self-0001-1-city] My general index: 28
2026-06-02 09:50:48 [self-0001-1-city] Enemy general index: None
2026-06-02 09:50:48 [self-0001-1-city] Visible enemy tiles: 8
2026-06-02 09:50:48 [self-0001-1-city] Tiles: 34 / 127
2026-06-02 09:50:48 [self-0001-1-city] Map: 19 x 21 Turn: 944
2026-06-02 09:50:48 [self-0001-1-city] Reinforcement waypoint: 160 final target = 198 turns until reinforcement = 6
2026-06-02 09:50:48 [self-0001-1-city] Route planned: Target = 160 Mode = reinforcement_waypoint city-free reachable tiles = 291 Fallback-Tiles = 293
2026-06-02 09:50:48 [self-0001-1-city] Move #906: 86 -> 85 | Army: 3 | Target-Terrain: 0 | Target: 160 | Half: False
2026-06-02 09:50:49 [self-0001-1-city] My general index: 28
2026-06-02 09:50:49 [self-0001-1-city] Enemy general index: None
2026-06-02 09:50:49 [self-0001-1-city] Visible enemy tiles: 8
2026-06-02 09:50:49 [self-0001-1-city] Tiles: 34 / 127
2026-06-02 09:50:49 [self-0001-1-city] Map: 19 x 21 Turn: 945
2026-06-02 09:50:49 [self-0001-1-city] Reinforcement waypoint: 160 final target = 198 turns until reinforcement = 5
2026-06-02 09:50:49 [self-0001-1-city] Route planned: Target = 160 Mode = reinforcement_waypoint city-free reachable tiles = 291 Fallback-Tiles = 293
2026-06-02 09:50:49 [self-0001-1-city] Move #907: 68 -> 67 | Army: 2 | Target-Terrain: 0 | Target: 160 | Half: False
2026-06-02 09:50:49 [self-0001-1-city] My general index: 28
2026-06-02 09:50:49 [self-0001-1-city] Enemy general index: None
2026-06-02 09:50:49 [self-0001-1-city] Visible enemy tiles: 8
2026-06-02 09:50:49 [self-0001-1-city] Tiles: 34 / 127
2026-06-02 09:50:49 [self-0001-1-city] Map: 19 x 21 Turn: 946
2026-06-02 09:50:49 [self-0001-1-city] Reinforcement waypoint: 160 final target = 198 turns until reinforcement = 4
2026-06-02 09:50:49 [self-0001-1-city] Route planned: Target = 160 Mode = reinforcement_waypoint city-free reachable tiles = 291 Fallback-Tiles = 293
2026-06-02 09:50:49 [self-0001-1-city] Move #908: 64 -> 83 | Army: 2 | Target-Terrain: 0 | Target: 160 | Half: False
2026-06-02 09:50:50 [self-0001-1-city] Coach: stabilize tiles 34/127 army 373/2273 cities 0/0 enemy_city_suspect True bias {'expansion_bias': 0.1, 'city_bias': 0.8, 'attack_bias': -0.30000000000000004, 'defense_bias': 1.2, 'route_bias': 0.3}
2026-06-02 09:50:50 [self-0001-1-city] My general index: 28
2026-06-02 09:50:50 [self-0001-1-city] Enemy general index: None
2026-06-02 09:50:50 [self-0001-1-city] Visible enemy tiles: 8
2026-06-02 09:50:50 [self-0001-1-city] Tiles: 34 / 127
2026-06-02 09:50:50 [self-0001-1-city] Map: 19 x 21 Turn: 947
2026-06-02 09:50:50 [self-0001-1-city] Reinforcement waypoint: 160 final target = 198 turns until reinforcement = 3
2026-06-02 09:50:50 [self-0001-1-city] Route planned: Target = 160 Mode = reinforcement_waypoint city-free reachable tiles = 291 Fallback-Tiles = 293
2026-06-02 09:50:50 [self-0001-1-city] Move #909: 122 -> 141 | Army: 237 | Target-Terrain: 0 | Target: 160 | Half: False
2026-06-02 09:50:50 [self-0001-1-city] My general index: 28
2026-06-02 09:50:50 [self-0001-1-city] Enemy general index: None
2026-06-02 09:50:50 [self-0001-1-city] Visible enemy tiles: 8
2026-06-02 09:50:50 [self-0001-1-city] Tiles: 34 / 127
2026-06-02 09:50:50 [self-0001-1-city] Map: 19 x 21 Turn: 948
2026-06-02 09:50:50 [self-0001-1-city] Reinforcement waypoint: 160 final target = 198 turns until reinforcement = 2
2026-06-02 09:50:50 [self-0001-1-city] Route planned: Target = 160 Mode = reinforcement_waypoint city-free reachable tiles = 291 Fallback-Tiles = 293
2026-06-02 09:50:50 [self-0001-1-city] Move #910: 121 -> 122 | Army: 33 | Target-Terrain: 0 | Target: 160 | Half: False
2026-06-02 09:50:51 [self-0001-1-city] My general index: 28
2026-06-02 09:50:51 [self-0001-1-city] Enemy general index: None
2026-06-02 09:50:51 [self-0001-1-city] Visible enemy tiles: 8
2026-06-02 09:50:51 [self-0001-1-city] Tiles: 34 / 127
2026-06-02 09:50:51 [self-0001-1-city] Map: 19 x 21 Turn: 949
2026-06-02 09:50:51 [self-0001-1-city] Reinforcement waypoint: 160 final target = 198 turns until reinforcement = 1
2026-06-02 09:50:51 [self-0001-1-city] Route planned: Target = 160 Mode = reinforcement_waypoint city-free reachable tiles = 291 Fallback-Tiles = 293
2026-06-02 09:50:51 [self-0001-1-city] Move #911: 85 -> 104 | Army: 3 | Target-Terrain: 0 | Target: 160 | Half: False
2026-06-02 09:50:51 [self-0001-1-city] My general index: 28
2026-06-02 09:50:51 [self-0001-1-city] Enemy general index: None
2026-06-02 09:50:51 [self-0001-1-city] Visible enemy tiles: 8
2026-06-02 09:50:51 [self-0001-1-city] Tiles: 34 / 127
2026-06-02 09:50:51 [self-0001-1-city] Map: 19 x 21 Turn: 950
2026-06-02 09:50:51 [self-0001-1-city] Route planned: Target = 198 Mode = reinforcement_waypoint city-free reachable tiles = 291 Fallback-Tiles = 293
2026-06-02 09:50:51 [self-0001-1-city] Move #912: 28 -> 47 | Army: 61 | Target-Terrain: 0 | Target: 198 | Half: True
2026-06-02 09:50:52 [self-0001-1-city] My general index: 28
2026-06-02 09:50:52 [self-0001-1-city] Enemy general index: None
2026-06-02 09:50:52 [self-0001-1-city] Visible enemy tiles: 8
2026-06-02 09:50:52 [self-0001-1-city] Tiles: 34 / 127
2026-06-02 09:50:52 [self-0001-1-city] Map: 19 x 21 Turn: 951
2026-06-02 09:50:52 [self-0001-1-city] Route planned: Target = 198 Mode = reinforcement_waypoint city-free reachable tiles = 291 Fallback-Tiles = 293
2026-06-02 09:50:52 [self-0001-1-city] Move #913: 142 -> 141 | Army: 2 | Target-Terrain: 0 | Target: 198 | Half: False
2026-06-02 09:50:52 [self-0001-1-city] My general index: 28
2026-06-02 09:50:52 [self-0001-1-city] Enemy general index: None
2026-06-02 09:50:52 [self-0001-1-city] Visible enemy tiles: 8
2026-06-02 09:50:52 [self-0001-1-city] Tiles: 34 / 127
2026-06-02 09:50:52 [self-0001-1-city] Map: 19 x 21 Turn: 952
2026-06-02 09:50:52 [self-0001-1-city] Route planned: Target = 198 Mode = reinforcement_waypoint city-free reachable tiles = 291 Fallback-Tiles = 293
2026-06-02 09:50:52 [self-0001-1-city] Move #914: 143 -> 142 | Army: 2 | Target-Terrain: 0 | Target: 198 | Half: False
2026-06-02 09:50:53 [self-0001-1-city] My general index: 28
2026-06-02 09:50:53 [self-0001-1-city] Enemy general index: None
2026-06-02 09:50:53 [self-0001-1-city] Visible enemy tiles: 8
2026-06-02 09:50:53 [self-0001-1-city] Tiles: 34 / 127
2026-06-02 09:50:53 [self-0001-1-city] Map: 19 x 21 Turn: 953
2026-06-02 09:50:53 [self-0001-1-city] Route planned: Target = 198 Mode = reinforcement_waypoint city-free reachable tiles = 291 Fallback-Tiles = 293
2026-06-02 09:50:53 [self-0001-1-city] Move #915: 162 -> 161 | Army: 3 | Target-Terrain: 1 | Target: 198 | Half: False
2026-06-02 09:50:53 [self-0001-1-city] My general index: 28
2026-06-02 09:50:53 [self-0001-1-city] Enemy general index: None
2026-06-02 09:50:53 [self-0001-1-city] Visible enemy tiles: 7
2026-06-02 09:50:53 [self-0001-1-city] Tiles: 35 / 126
2026-06-02 09:50:53 [self-0001-1-city] Map: 19 x 21 Turn: 954
2026-06-02 09:50:53 [self-0001-1-city] Route planned: Target = 198 Mode = reinforcement_waypoint city-free reachable tiles = 291 Fallback-Tiles = 293
2026-06-02 09:50:53 [self-0001-1-city] Move #916: 104 -> 103 | Army: 4 | Target-Terrain: 0 | Target: 198 | Half: False
2026-06-02 09:50:54 [self-0001-1-city] My general index: 28
2026-06-02 09:50:54 [self-0001-1-city] Enemy general index: None
2026-06-02 09:50:54 [self-0001-1-city] Visible enemy tiles: 8
2026-06-02 09:50:54 [self-0001-1-city] Tiles: 34 / 127
2026-06-02 09:50:54 [self-0001-1-city] Map: 19 x 21 Turn: 955
2026-06-02 09:50:54 [self-0001-1-city] Route planned: Target = 123 Mode = defense city-free reachable tiles = 291 Fallback-Tiles = 293
2026-06-02 09:50:54 [self-0001-1-city] Move #917: 122 -> 123 | Army: 34 | Target-Terrain: 0 | Target: 123 | Half: False
2026-06-02 09:50:54 [self-0001-1-city] My general index: 28
2026-06-02 09:50:54 [self-0001-1-city] Enemy general index: None
2026-06-02 09:50:54 [self-0001-1-city] Visible enemy tiles: 9
2026-06-02 09:50:54 [self-0001-1-city] Tiles: 33 / 128
2026-06-02 09:50:54 [self-0001-1-city] Map: 19 x 21 Turn: 956
2026-06-02 09:50:54 [self-0001-1-city] Route planned: Target = 104 Mode = defense city-free reachable tiles = 291 Fallback-Tiles = 293
2026-06-02 09:50:54 [self-0001-1-city] Priority agent: flow +6000 base = 247085 final = 253085
2026-06-02 09:50:54 [self-0001-1-city] Move #918: 123 -> 104 | Army: 35 | Target-Terrain: 0 | Target: 104 | Half: False
2026-06-02 09:50:55 [self-0001-1-city] My general index: 28
2026-06-02 09:50:55 [self-0001-1-city] Enemy general index: None
2026-06-02 09:50:55 [self-0001-1-city] Visible enemy tiles: 10
2026-06-02 09:50:55 [self-0001-1-city] Tiles: 32 / 129
2026-06-02 09:50:55 [self-0001-1-city] Map: 19 x 21 Turn: 957
2026-06-02 09:50:55 [self-0001-1-city] Route planned: Target = 123 Mode = defense city-free reachable tiles = 291 Fallback-Tiles = 293
2026-06-02 09:50:55 [self-0001-1-city] Priority agent: reverse -35000, edge reuse -9000 base = 225185 final = 181185
2026-06-02 09:50:55 [self-0001-1-city] Move #919: 104 -> 123 | Army: 35 | Target-Terrain: 0 | Target: 123 | Half: False
2026-06-02 09:50:55 [self-0001-1-city] My general index: 28
2026-06-02 09:50:55 [self-0001-1-city] Enemy general index: None
2026-06-02 09:50:55 [self-0001-1-city] Visible enemy tiles: 10
2026-06-02 09:50:55 [self-0001-1-city] Tiles: 32 / 129
2026-06-02 09:50:55 [self-0001-1-city] Map: 19 x 21 Turn: 958
2026-06-02 09:50:55 [self-0001-1-city] Route planned: Target = 104 Mode = defense city-free reachable tiles = 291 Fallback-Tiles = 293
2026-06-02 09:50:55 [self-0001-1-city] Priority agent: edge reuse -9000 base = 231052 final = 222052
2026-06-02 09:50:55 [self-0001-1-city] Move #920: 85 -> 104 | Army: 2 | Target-Terrain: 0 | Target: 104 | Half: False
2026-06-02 09:50:56 [self-0001-1-city] My general index: 28
2026-06-02 09:50:56 [self-0001-1-city] Enemy general index: None
2026-06-02 09:50:56 [self-0001-1-city] Visible enemy tiles: 10
2026-06-02 09:50:56 [self-0001-1-city] Tiles: 32 / 129
2026-06-02 09:50:56 [self-0001-1-city] Map: 19 x 21 Turn: 959
2026-06-02 09:50:56 [self-0001-1-city] Route planned: Target = 104 Mode = defense city-free reachable tiles = 291 Fallback-Tiles = 293
2026-06-02 09:50:56 [self-0001-1-city] Priority agent: edge reuse -9000 base = 206756 final = 197756
2026-06-02 09:50:56 [self-0001-1-city] Move #921: 103 -> 104 | Army: 6 | Target-Terrain: 0 | Target: 104 | Half: False
2026-06-02 09:50:56 [self-0001-1-city] My general index: 28
2026-06-02 09:50:56 [self-0001-1-city] Enemy general index: None
2026-06-02 09:50:56 [self-0001-1-city] Visible enemy tiles: 10
2026-06-02 09:50:56 [self-0001-1-city] Tiles: 32 / 129
2026-06-02 09:50:56 [self-0001-1-city] Map: 19 x 21 Turn: 960
2026-06-02 09:50:56 [self-0001-1-city] Route planned: Target = 104 Mode = defense city-free reachable tiles = 291 Fallback-Tiles = 293
2026-06-02 09:50:56 [self-0001-1-city] Priority agent: edge reuse -18000 base = 196985 final = 178985
2026-06-02 09:50:56 [self-0001-1-city] Move #922: 123 -> 104 | Army: 35 | Target-Terrain: 0 | Target: 104 | Half: False
2026-06-02 09:50:57 [self-0001-1-city] My general index: 28
2026-06-02 09:50:57 [self-0001-1-city] Enemy general index: None
2026-06-02 09:50:57 [self-0001-1-city] Visible enemy tiles: 10
2026-06-02 09:50:57 [self-0001-1-city] Tiles: 32 / 129
2026-06-02 09:50:57 [self-0001-1-city] Map: 19 x 21 Turn: 961
2026-06-02 09:50:57 [self-0001-1-city] Route planned: Target = 123 Mode = defense city-free reachable tiles = 291 Fallback-Tiles = 293
2026-06-02 09:50:57 [self-0001-1-city] Priority agent: edge reuse -9000 base = 169090 final = 160090
2026-06-02 09:50:57 [self-0001-1-city] Move #923: 141 -> 142 | Army: 240 | Target-Terrain: 1 | Target: 123 | Half: False
2026-06-02 09:50:57 [self-0001-1-city] My general index: 28
2026-06-02 09:50:57 [self-0001-1-city] Enemy general index: None
2026-06-02 09:50:57 [self-0001-1-city] Visible enemy tiles: 9
2026-06-02 09:50:57 [self-0001-1-city] Tiles: 33 / 128
2026-06-02 09:50:57 [self-0001-1-city] Map: 19 x 21 Turn: 962
2026-06-02 09:50:57 [self-0001-1-city] Route planned: Target = 123 Mode = defense city-free reachable tiles = 291 Fallback-Tiles = 293
2026-06-02 09:50:57 [self-0001-1-city] Priority agent: flow +6000 base = 237530 final = 243530
2026-06-02 09:50:57 [self-0001-1-city] Move #924: 142 -> 123 | Army: 238 | Target-Terrain: 0 | Target: 123 | Half: False
2026-06-02 09:50:58 [self-0001-1-city] My general index: 28
2026-06-02 09:50:58 [self-0001-1-city] Enemy general index: None
2026-06-02 09:50:58 [self-0001-1-city] Visible enemy tiles: 9
2026-06-02 09:50:58 [self-0001-1-city] Tiles: 33 / 128
2026-06-02 09:50:58 [self-0001-1-city] Map: 19 x 21 Turn: 963
2026-06-02 09:50:58 [self-0001-1-city] Route planned: Target = 142 Mode = defense city-free reachable tiles = 291 Fallback-Tiles = 293
2026-06-02 09:50:58 [self-0001-1-city] Priority agent: reverse -35000, edge reuse -9000 base = 210830 final = 166830
2026-06-02 09:50:58 [self-0001-1-city] Move #925: 123 -> 142 | Army: 238 | Target-Terrain: 0 | Target: 142 | Half: False
2026-06-02 09:50:58 [self-0001-1-city] My general index: 28
2026-06-02 09:50:58 [self-0001-1-city] Enemy general index: None
2026-06-02 09:50:58 [self-0001-1-city] Visible enemy tiles: 9
2026-06-02 09:50:58 [self-0001-1-city] Tiles: 33 / 128
2026-06-02 09:50:58 [self-0001-1-city] Map: 19 x 21 Turn: 964
2026-06-02 09:50:58 [self-0001-1-city] Route planned: Target = 123 Mode = defense city-free reachable tiles = 291 Fallback-Tiles = 293
2026-06-02 09:50:58 [self-0001-1-city] Priority agent: edge reuse -27000 base = 195091 final = 168091
2026-06-02 09:50:58 [self-0001-1-city] Move #926: 104 -> 123 | Army: 41 | Target-Terrain: 0 | Target: 123 | Half: False
2026-06-02 09:50:59 [self-0001-1-city] My general index: 28
2026-06-02 09:50:59 [self-0001-1-city] Enemy general index: None
2026-06-02 09:50:59 [self-0001-1-city] Visible enemy tiles: 9
2026-06-02 09:50:59 [self-0001-1-city] Tiles: 33 / 128
2026-06-02 09:50:59 [self-0001-1-city] Map: 19 x 21 Turn: 965
2026-06-02 09:50:59 [self-0001-1-city] Route planned: Target = 104 Mode = defense city-free reachable tiles = 291 Fallback-Tiles = 293
2026-06-02 09:50:59 [self-0001-1-city] Move #927: 66 -> 85 | Army: 2 | Target-Terrain: 0 | Target: 104 | Half: False
2026-06-02 09:50:59 [self-0001-1-city] My general index: 28
2026-06-02 09:50:59 [self-0001-1-city] Enemy general index: None
2026-06-02 09:50:59 [self-0001-1-city] Visible enemy tiles: 9
2026-06-02 09:50:59 [self-0001-1-city] Tiles: 33 / 128
2026-06-02 09:50:59 [self-0001-1-city] Map: 19 x 21 Turn: 966
2026-06-02 09:50:59 [self-0001-1-city] Route planned: Target = 104 Mode = defense city-free reachable tiles = 291 Fallback-Tiles = 293
2026-06-02 09:50:59 [self-0001-1-city] Priority agent: edge reuse -9000, flow +6000 base = 231052 final = 228052
2026-06-02 09:50:59 [self-0001-1-city] Move #928: 85 -> 104 | Army: 2 | Target-Terrain: 0 | Target: 104 | Half: False
2026-06-02 09:51:00 [self-0001-1-city] My general index: 28
2026-06-02 09:51:00 [self-0001-1-city] Enemy general index: None
2026-06-02 09:51:00 [self-0001-1-city] Visible enemy tiles: 9
2026-06-02 09:51:00 [self-0001-1-city] Tiles: 33 / 128
2026-06-02 09:51:00 [self-0001-1-city] Map: 19 x 21 Turn: 967
2026-06-02 09:51:00 [self-0001-1-city] Route planned: Target = 104 Mode = defense city-free reachable tiles = 291 Fallback-Tiles = 293
2026-06-02 09:51:00 [self-0001-1-city] Priority agent: edge reuse -36000 base = 196991 final = 160991
2026-06-02 09:51:00 [self-0001-1-city] Move #929: 123 -> 104 | Army: 41 | Target-Terrain: 0 | Target: 104 | Half: False
2026-06-02 09:51:00 [self-0001-1-city] My general index: 28
2026-06-02 09:51:00 [self-0001-1-city] Enemy general index: None
2026-06-02 09:51:00 [self-0001-1-city] Visible enemy tiles: 9
2026-06-02 09:51:00 [self-0001-1-city] Tiles: 33 / 128
2026-06-02 09:51:00 [self-0001-1-city] Map: 19 x 21 Turn: 968
2026-06-02 09:51:00 [self-0001-1-city] Route planned: Target = 123 Mode = defense city-free reachable tiles = 291 Fallback-Tiles = 293
2026-06-02 09:51:00 [self-0001-1-city] Priority agent: edge reuse -18000 base = 199430 final = 181430
2026-06-02 09:51:00 [self-0001-1-city] Move #930: 142 -> 123 | Army: 238 | Target-Terrain: 0 | Target: 123 | Half: False
2026-06-02 09:51:01 [self-0001-1-city] My general index: 28
2026-06-02 09:51:01 [self-0001-1-city] Enemy general index: None
2026-06-02 09:51:01 [self-0001-1-city] Visible enemy tiles: 9
2026-06-02 09:51:01 [self-0001-1-city] Tiles: 33 / 128
2026-06-02 09:51:01 [self-0001-1-city] Map: 19 x 21 Turn: 969
2026-06-02 09:51:01 [self-0001-1-city] Route planned: Target = 142 Mode = defense city-free reachable tiles = 291 Fallback-Tiles = 293
2026-06-02 09:51:01 [self-0001-1-city] Move #931: 86 -> 85 | Army: 2 | Target-Terrain: 0 | Target: 142 | Half: False
2026-06-02 09:51:01 [self-0001-1-city] My general index: 28
2026-06-02 09:51:01 [self-0001-1-city] Enemy general index: None
2026-06-02 09:51:01 [self-0001-1-city] Visible enemy tiles: 9
2026-06-02 09:51:01 [self-0001-1-city] Tiles: 33 / 128
2026-06-02 09:51:01 [self-0001-1-city] Map: 19 x 21 Turn: 970
2026-06-02 09:51:01 [self-0001-1-city] Route planned: Target = 142 Mode = defense city-free reachable tiles = 291 Fallback-Tiles = 293
2026-06-02 09:51:01 [self-0001-1-city] Priority agent: edge reuse -27000 base = 192730 final = 165730
2026-06-02 09:51:01 [self-0001-1-city] Move #932: 123 -> 142 | Army: 238 | Target-Terrain: 0 | Target: 142 | Half: False
2026-06-02 09:51:02 [self-0001-1-city] My general index: 28
2026-06-02 09:51:02 [self-0001-1-city] Enemy general index: None
2026-06-02 09:51:02 [self-0001-1-city] Visible enemy tiles: 9
2026-06-02 09:51:02 [self-0001-1-city] Tiles: 33 / 128
2026-06-02 09:51:02 [self-0001-1-city] Map: 19 x 21 Turn: 971
2026-06-02 09:51:02 [self-0001-1-city] Route planned: Target = 123 Mode = defense city-free reachable tiles = 291 Fallback-Tiles = 293
2026-06-02 09:51:02 [self-0001-1-city] Priority agent: edge reuse -36000 base = 195092 final = 159092
2026-06-02 09:51:02 [self-0001-1-city] Move #933: 104 -> 123 | Army: 42 | Target-Terrain: 0 | Target: 123 | Half: False
2026-06-02 09:51:02 [self-0001-1-city] My general index: 28
2026-06-02 09:51:02 [self-0001-1-city] Enemy general index: None
2026-06-02 09:51:02 [self-0001-1-city] Visible enemy tiles: 9
2026-06-02 09:51:02 [self-0001-1-city] Tiles: 33 / 128
2026-06-02 09:51:02 [self-0001-1-city] Map: 19 x 21 Turn: 972
2026-06-02 09:51:02 [self-0001-1-city] Route planned: Target = 104 Mode = defense city-free reachable tiles = 291 Fallback-Tiles = 293
2026-06-02 09:51:02 [self-0001-1-city] Priority agent: edge reuse -18000 base = 216052 final = 198052
2026-06-02 09:51:02 [self-0001-1-city] Move #934: 85 -> 104 | Army: 2 | Target-Terrain: 0 | Target: 104 | Half: False
2026-06-02 09:51:03 [self-0001-1-city] My general index: 28
2026-06-02 09:51:03 [self-0001-1-city] Enemy general index: None
2026-06-02 09:51:03 [self-0001-1-city] Visible enemy tiles: 9
2026-06-02 09:51:03 [self-0001-1-city] Tiles: 33 / 128
2026-06-02 09:51:03 [self-0001-1-city] Map: 19 x 21 Turn: 973
2026-06-02 09:51:03 [self-0001-1-city] Route planned: Target = 104 Mode = defense city-free reachable tiles = 291 Fallback-Tiles = 293
2026-06-02 09:51:03 [self-0001-1-city] Priority agent: edge reuse -36000 base = 196992 final = 160992
2026-06-02 09:51:03 [self-0001-1-city] Move #935: 123 -> 104 | Army: 42 | Target-Terrain: 0 | Target: 104 | Half: False
2026-06-02 09:51:03 [self-0001-1-city] My general index: 28
2026-06-02 09:51:03 [self-0001-1-city] Enemy general index: None
2026-06-02 09:51:03 [self-0001-1-city] Visible enemy tiles: 9
2026-06-02 09:51:03 [self-0001-1-city] Tiles: 33 / 128
2026-06-02 09:51:03 [self-0001-1-city] Map: 19 x 21 Turn: 974
2026-06-02 09:51:03 [self-0001-1-city] Route planned: Target = 123 Mode = defense city-free reachable tiles = 291 Fallback-Tiles = 293
2026-06-02 09:51:03 [self-0001-1-city] Priority agent: edge reuse -36000 base = 199430 final = 163430
2026-06-02 09:51:03 [self-0001-1-city] Move #936: 142 -> 123 | Army: 238 | Target-Terrain: 0 | Target: 123 | Half: False
2026-06-02 09:51:04 [self-0001-1-city] My general index: 28
2026-06-02 09:51:04 [self-0001-1-city] Enemy general index: None
2026-06-02 09:51:04 [self-0001-1-city] Visible enemy tiles: 9
2026-06-02 09:51:04 [self-0001-1-city] Tiles: 33 / 128
2026-06-02 09:51:04 [self-0001-1-city] Map: 19 x 21 Turn: 975
2026-06-02 09:51:04 [self-0001-1-city] Route planned: Target = 142 Mode = defense city-free reachable tiles = 291 Fallback-Tiles = 293
2026-06-02 09:51:04 [self-0001-1-city] Move #937: 47 -> 66 | Army: 32 | Target-Terrain: 0 | Target: 142 | Half: False
2026-06-02 09:51:04 [self-0001-1-city] My general index: 28
2026-06-02 09:51:04 [self-0001-1-city] Enemy general index: None
2026-06-02 09:51:04 [self-0001-1-city] Visible enemy tiles: 9
2026-06-02 09:51:04 [self-0001-1-city] Tiles: 33 / 128
2026-06-02 09:51:04 [self-0001-1-city] Map: 19 x 21 Turn: 976
2026-06-02 09:51:04 [self-0001-1-city] Route planned: Target = 142 Mode = defense city-free reachable tiles = 291 Fallback-Tiles = 293
2026-06-02 09:51:04 [self-0001-1-city] Priority agent: edge reuse -45000 base = 192730 final = 147730
2026-06-02 09:51:04 [self-0001-1-city] Move #938: 123 -> 142 | Army: 238 | Target-Terrain: 0 | Target: 142 | Half: False
2026-06-02 09:51:05 [self-0001-1-city] My general index: 28
2026-06-02 09:51:05 [self-0001-1-city] Enemy general index: None
2026-06-02 09:51:05 [self-0001-1-city] Visible enemy tiles: 9
2026-06-02 09:51:05 [self-0001-1-city] Tiles: 33 / 128
2026-06-02 09:51:05 [self-0001-1-city] Map: 19 x 21 Turn: 977
2026-06-02 09:51:05 [self-0001-1-city] Route planned: Target = 123 Mode = defense city-free reachable tiles = 291 Fallback-Tiles = 293
2026-06-02 09:51:05 [self-0001-1-city] Priority agent: edge reuse -36000 base = 195093 final = 159093
2026-06-02 09:51:05 [self-0001-1-city] Move #939: 104 -> 123 | Army: 43 | Target-Terrain: 0 | Target: 123 | Half: False
2026-06-02 09:51:05 [self-0001-1-city] My general index: 28
2026-06-02 09:51:05 [self-0001-1-city] Enemy general index: None
2026-06-02 09:51:05 [self-0001-1-city] Visible enemy tiles: 9
2026-06-02 09:51:05 [self-0001-1-city] Tiles: 33 / 128
2026-06-02 09:51:05 [self-0001-1-city] Map: 19 x 21 Turn: 978
2026-06-02 09:51:05 [self-0001-1-city] Route planned: Target = 104 Mode = defense city-free reachable tiles = 291 Fallback-Tiles = 293
2026-06-02 09:51:05 [self-0001-1-city] Move #940: 84 -> 103 | Army: 2 | Target-Terrain: 0 | Target: 104 | Half: False
2026-06-02 09:51:06 [self-0001-1-city] My general index: 28
2026-06-02 09:51:06 [self-0001-1-city] Enemy general index: None
2026-06-02 09:51:06 [self-0001-1-city] Visible enemy tiles: 9
2026-06-02 09:51:06 [self-0001-1-city] Tiles: 33 / 128
2026-06-02 09:51:06 [self-0001-1-city] Map: 19 x 21 Turn: 979
2026-06-02 09:51:06 [self-0001-1-city] Route planned: Target = 104 Mode = defense city-free reachable tiles = 291 Fallback-Tiles = 293
2026-06-02 09:51:06 [self-0001-1-city] Priority agent: flow +6000 base = 226752 final = 232752
2026-06-02 09:51:06 [self-0001-1-city] Move #941: 103 -> 104 | Army: 2 | Target-Terrain: 0 | Target: 104 | Half: False
2026-06-02 09:51:06 [self-0001-1-city] My general index: 28
2026-06-02 09:51:06 [self-0001-1-city] Enemy general index: None
2026-06-02 09:51:06 [self-0001-1-city] Visible enemy tiles: 9
2026-06-02 09:51:06 [self-0001-1-city] Tiles: 33 / 128
2026-06-02 09:51:06 [self-0001-1-city] Map: 19 x 21 Turn: 980
2026-06-02 09:51:06 [self-0001-1-city] Route planned: Target = 104 Mode = defense city-free reachable tiles = 291 Fallback-Tiles = 293
2026-06-02 09:51:06 [self-0001-1-city] Priority agent: edge reuse -36000 base = 196993 final = 160993
2026-06-02 09:51:06 [self-0001-1-city] Move #942: 123 -> 104 | Army: 43 | Target-Terrain: 0 | Target: 104 | Half: False
2026-06-02 09:51:07 [self-0001-1-city] My general index: 28
2026-06-02 09:51:07 [self-0001-1-city] Enemy general index: None
2026-06-02 09:51:07 [self-0001-1-city] Visible enemy tiles: 9
2026-06-02 09:51:07 [self-0001-1-city] Tiles: 33 / 128
2026-06-02 09:51:07 [self-0001-1-city] Map: 19 x 21 Turn: 981
2026-06-02 09:51:07 [self-0001-1-city] Route planned: Target = 123 Mode = defense city-free reachable tiles = 291 Fallback-Tiles = 293
2026-06-02 09:51:07 [self-0001-1-city] Priority agent: edge reuse -36000 base = 199430 final = 163430
2026-06-02 09:51:07 [self-0001-1-city] Move #943: 142 -> 123 | Army: 238 | Target-Terrain: 0 | Target: 123 | Half: False
2026-06-02 09:51:07 [self-0001-1-city] My general index: 28
2026-06-02 09:51:07 [self-0001-1-city] Enemy general index: None
2026-06-02 09:51:07 [self-0001-1-city] Visible enemy tiles: 9
2026-06-02 09:51:07 [self-0001-1-city] Tiles: 33 / 128
2026-06-02 09:51:07 [self-0001-1-city] Map: 19 x 21 Turn: 982
2026-06-02 09:51:07 [self-0001-1-city] Route planned: Target = 142 Mode = defense city-free reachable tiles = 291 Fallback-Tiles = 293
2026-06-02 09:51:07 [self-0001-1-city] Move #944: 66 -> 85 | Army: 32 | Target-Terrain: 0 | Target: 142 | Half: False
2026-06-02 09:51:08 [self-0001-1-city] My general index: 28
2026-06-02 09:51:08 [self-0001-1-city] Enemy general index: None
2026-06-02 09:51:08 [self-0001-1-city] Visible enemy tiles: 9
2026-06-02 09:51:08 [self-0001-1-city] Tiles: 33 / 128
2026-06-02 09:51:08 [self-0001-1-city] Map: 19 x 21 Turn: 983
2026-06-02 09:51:08 [self-0001-1-city] Route planned: Target = 142 Mode = defense city-free reachable tiles = 291 Fallback-Tiles = 293
2026-06-02 09:51:08 [self-0001-1-city] Priority agent: edge reuse -36000 base = 192730 final = 156730
2026-06-02 09:51:08 [self-0001-1-city] Move #945: 123 -> 142 | Army: 238 | Target-Terrain: 0 | Target: 142 | Half: False
2026-06-02 09:51:08 [self-0001-1-city] My general index: 28
2026-06-02 09:51:08 [self-0001-1-city] Enemy general index: None
2026-06-02 09:51:08 [self-0001-1-city] Visible enemy tiles: 9
2026-06-02 09:51:08 [self-0001-1-city] Tiles: 33 / 128
2026-06-02 09:51:08 [self-0001-1-city] Map: 19 x 21 Turn: 984
2026-06-02 09:51:08 [self-0001-1-city] Route planned: Target = 123 Mode = defense city-free reachable tiles = 291 Fallback-Tiles = 293
2026-06-02 09:51:08 [self-0001-1-city] Priority agent: edge reuse -36000 base = 195094 final = 159094
2026-06-02 09:51:08 [self-0001-1-city] Move #946: 104 -> 123 | Army: 44 | Target-Terrain: 0 | Target: 123 | Half: False
2026-06-02 09:51:09 [self-0001-1-city] My general index: 28
2026-06-02 09:51:09 [self-0001-1-city] Enemy general index: None
2026-06-02 09:51:09 [self-0001-1-city] Visible enemy tiles: 9
2026-06-02 09:51:09 [self-0001-1-city] Tiles: 33 / 128
2026-06-02 09:51:09 [self-0001-1-city] Map: 19 x 21 Turn: 985
2026-06-02 09:51:09 [self-0001-1-city] Route planned: Target = 104 Mode = defense city-free reachable tiles = 291 Fallback-Tiles = 293
2026-06-02 09:51:09 [self-0001-1-city] Priority agent: edge reuse -9000 base = 231982 final = 222982
2026-06-02 09:51:09 [self-0001-1-city] Move #947: 85 -> 104 | Army: 32 | Target-Terrain: 0 | Target: 104 | Half: False
2026-06-02 09:51:09 [self-0001-1-city] My general index: 28
2026-06-02 09:51:09 [self-0001-1-city] Enemy general index: None
2026-06-02 09:51:09 [self-0001-1-city] Visible enemy tiles: 9
2026-06-02 09:51:09 [self-0001-1-city] Tiles: 33 / 128
2026-06-02 09:51:09 [self-0001-1-city] Map: 19 x 21 Turn: 986
2026-06-02 09:51:09 [self-0001-1-city] Reinforcement waypoint: 180 final target = 180 turns until reinforcement = 14
2026-06-02 09:51:09 [self-0001-1-city] Route planned: Target = 180 Mode = reinforcement_waypoint city-free reachable tiles = 291 Fallback-Tiles = 293
2026-06-02 09:51:09 [self-0001-1-city] Move #948: 142 -> 161 | Army: 238 | Target-Terrain: 1 | Target: 180 | Half: False
2026-06-02 09:51:10 [self-0001-1-city] My general index: 28
2026-06-02 09:51:10 [self-0001-1-city] Enemy general index: None
2026-06-02 09:51:10 [self-0001-1-city] Visible enemy tiles: 8
2026-06-02 09:51:10 [self-0001-1-city] Tiles: 34 / 127
2026-06-02 09:51:10 [self-0001-1-city] Map: 19 x 21 Turn: 987
2026-06-02 09:51:10 [self-0001-1-city] Route planned: Target = 142 Mode = defense city-free reachable tiles = 291 Fallback-Tiles = 293
2026-06-02 09:51:10 [self-0001-1-city] Priority agent: reverse -35000, edge reuse -9000 base = 215130 final = 171130
2026-06-02 09:51:10 [self-0001-1-city] Move #949: 161 -> 142 | Army: 236 | Target-Terrain: 0 | Target: 142 | Half: False
2026-06-02 09:51:10 [self-0001-1-city] My general index: 28
2026-06-02 09:51:10 [self-0001-1-city] Enemy general index: None
2026-06-02 09:51:10 [self-0001-1-city] Visible enemy tiles: 8
2026-06-02 09:51:10 [self-0001-1-city] Tiles: 34 / 127
2026-06-02 09:51:10 [self-0001-1-city] Map: 19 x 21 Turn: 988
2026-06-02 09:51:10 [self-0001-1-city] Reinforcement waypoint: 180 final target = 180 turns until reinforcement = 12
2026-06-02 09:51:10 [self-0001-1-city] Route planned: Target = 180 Mode = reinforcement_waypoint city-free reachable tiles = 291 Fallback-Tiles = 293
2026-06-02 09:51:10 [self-0001-1-city] Priority agent: flow +6000 base = 41710 final = 47710
2026-06-02 09:51:10 [self-0001-1-city] Move #950: 142 -> 143 | Army: 236 | Target-Terrain: 1 | Target: 180 | Half: False
2026-06-02 09:51:11 [self-0001-1-city] My general index: 28
2026-06-02 09:51:11 [self-0001-1-city] Enemy general index: None
2026-06-02 09:51:11 [self-0001-1-city] Visible enemy tiles: 7
2026-06-02 09:51:11 [self-0001-1-city] Tiles: 35 / 126
2026-06-02 09:51:11 [self-0001-1-city] Map: 19 x 21 Turn: 989
2026-06-02 09:51:11 [self-0001-1-city] Route planned: Target = 142 Mode = defense city-free reachable tiles = 291 Fallback-Tiles = 293
2026-06-02 09:51:11 [self-0001-1-city] Priority agent: reverse -35000, edge reuse -9000 base = 215130 final = 171130
2026-06-02 09:51:11 [self-0001-1-city] Move #951: 143 -> 142 | Army: 234 | Target-Terrain: 0 | Target: 142 | Half: False
2026-06-02 09:51:11 [self-0001-1-city] My general index: 28
2026-06-02 09:51:11 [self-0001-1-city] Enemy general index: None
2026-06-02 09:51:11 [self-0001-1-city] Visible enemy tiles: 7
2026-06-02 09:51:11 [self-0001-1-city] Tiles: 35 / 126
2026-06-02 09:51:11 [self-0001-1-city] Map: 19 x 21 Turn: 990
2026-06-02 09:51:11 [self-0001-1-city] Reinforcement waypoint: 161 final target = 180 turns until reinforcement = 10
2026-06-02 09:51:11 [self-0001-1-city] Route planned: Target = 161 Mode = reinforcement_waypoint city-free reachable tiles = 291 Fallback-Tiles = 293
2026-06-02 09:51:11 [self-0001-1-city] Move #952: 67 -> 86 | Army: 3 | Target-Terrain: 0 | Target: 161 | Half: False
2026-06-02 09:51:12 [self-0001-1-city] My general index: 28
2026-06-02 09:51:12 [self-0001-1-city] Enemy general index: None
2026-06-02 09:51:12 [self-0001-1-city] Visible enemy tiles: 7
2026-06-02 09:51:12 [self-0001-1-city] Tiles: 35 / 126
2026-06-02 09:51:12 [self-0001-1-city] Map: 19 x 21 Turn: 991
2026-06-02 09:51:12 [self-0001-1-city] Reinforcement waypoint: 161 final target = 180 turns until reinforcement = 9
2026-06-02 09:51:12 [self-0001-1-city] Route planned: Target = 161 Mode = reinforcement_waypoint city-free reachable tiles = 291 Fallback-Tiles = 293
2026-06-02 09:51:12 [self-0001-1-city] Move #953: 83 -> 102 | Army: 3 | Target-Terrain: 0 | Target: 161 | Half: False
2026-06-02 09:51:12 [self-0001-1-city] My general index: 28
2026-06-02 09:51:12 [self-0001-1-city] Enemy general index: None
2026-06-02 09:51:12 [self-0001-1-city] Visible enemy tiles: 7
2026-06-02 09:51:12 [self-0001-1-city] Tiles: 35 / 126
2026-06-02 09:51:12 [self-0001-1-city] Map: 19 x 21 Turn: 992
2026-06-02 09:51:12 [self-0001-1-city] Reinforcement waypoint: 161 final target = 180 turns until reinforcement = 8
2026-06-02 09:51:12 [self-0001-1-city] Route planned: Target = 161 Mode = reinforcement_waypoint city-free reachable tiles = 291 Fallback-Tiles = 293
2026-06-02 09:51:12 [self-0001-1-city] Move #954: 65 -> 84 | Army: 2 | Target-Terrain: 0 | Target: 161 | Half: False
2026-06-02 09:51:13 [self-0001-1-city] My general index: 28
2026-06-02 09:51:13 [self-0001-1-city] Enemy general index: None
2026-06-02 09:51:13 [self-0001-1-city] Visible enemy tiles: 7
2026-06-02 09:51:13 [self-0001-1-city] Tiles: 35 / 126
2026-06-02 09:51:13 [self-0001-1-city] Map: 19 x 21 Turn: 993
2026-06-02 09:51:13 [self-0001-1-city] Reinforcement waypoint: 161 final target = 180 turns until reinforcement = 7
2026-06-02 09:51:13 [self-0001-1-city] Route planned: Target = 161 Mode = reinforcement_waypoint city-free reachable tiles = 291 Fallback-Tiles = 293
2026-06-02 09:51:13 [self-0001-1-city] Move #955: 87 -> 86 | Army: 2 | Target-Terrain: 0 | Target: 161 | Half: False
2026-06-02 09:51:13 [self-0001-1-city] My general index: 28
2026-06-02 09:51:13 [self-0001-1-city] Enemy general index: None
2026-06-02 09:51:13 [self-0001-1-city] Visible enemy tiles: 7
2026-06-02 09:51:13 [self-0001-1-city] Tiles: 35 / 126
2026-06-02 09:51:13 [self-0001-1-city] Map: 19 x 21 Turn: 994
2026-06-02 09:51:13 [self-0001-1-city] Reinforcement waypoint: 161 final target = 180 turns until reinforcement = 6
2026-06-02 09:51:13 [self-0001-1-city] Route planned: Target = 161 Mode = reinforcement_waypoint city-free reachable tiles = 291 Fallback-Tiles = 293
2026-06-02 09:51:13 [self-0001-1-city] Move #956: 46 -> 65 | Army: 2 | Target-Terrain: 0 | Target: 161 | Half: False
2026-06-02 09:51:14 [self-0001-1-city] My general index: 28
2026-06-02 09:51:14 [self-0001-1-city] Enemy general index: None
2026-06-02 09:51:14 [self-0001-1-city] Visible enemy tiles: 7
2026-06-02 09:51:14 [self-0001-1-city] Tiles: 35 / 126
2026-06-02 09:51:14 [self-0001-1-city] Map: 19 x 21 Turn: 995
2026-06-02 09:51:14 [self-0001-1-city] Reinforcement waypoint: 161 final target = 180 turns until reinforcement = 5
2026-06-02 09:51:14 [self-0001-1-city] Route planned: Target = 161 Mode = reinforcement_waypoint city-free reachable tiles = 291 Fallback-Tiles = 293
2026-06-02 09:51:14 [self-0001-1-city] Move #957: 48 -> 67 | Army: 2 | Target-Terrain: 0 | Target: 161 | Half: False
2026-06-02 09:51:14 [self-0001-1-city] My general index: 28
2026-06-02 09:51:14 [self-0001-1-city] Enemy general index: None
2026-06-02 09:51:14 [self-0001-1-city] Visible enemy tiles: 7
2026-06-02 09:51:14 [self-0001-1-city] Tiles: 35 / 126
2026-06-02 09:51:14 [self-0001-1-city] Map: 19 x 21 Turn: 996
2026-06-02 09:51:14 [self-0001-1-city] Reinforcement waypoint: 161 final target = 180 turns until reinforcement = 4
2026-06-02 09:51:14 [self-0001-1-city] Route planned: Target = 161 Mode = reinforcement_waypoint city-free reachable tiles = 291 Fallback-Tiles = 293
2026-06-02 09:51:14 [self-0001-1-city] Move #958: 64 -> 83 | Army: 2 | Target-Terrain: 0 | Target: 161 | Half: False
2026-06-02 09:51:15 [self-0001-1-city] Coach: stabilize tiles 35/126 army 424/2517 cities 0/0 enemy_city_suspect True bias {'expansion_bias': 0.1, 'city_bias': 0.8, 'attack_bias': -0.30000000000000004, 'defense_bias': 1.2, 'route_bias': 0.3}
2026-06-02 09:51:15 [self-0001-1-city] My general index: 28
2026-06-02 09:51:15 [self-0001-1-city] Enemy general index: None
2026-06-02 09:51:15 [self-0001-1-city] Visible enemy tiles: 7
2026-06-02 09:51:15 [self-0001-1-city] Tiles: 35 / 126
2026-06-02 09:51:15 [self-0001-1-city] Map: 19 x 21 Turn: 997
2026-06-02 09:51:15 [self-0001-1-city] Reinforcement waypoint: 161 final target = 180 turns until reinforcement = 3
2026-06-02 09:51:15 [self-0001-1-city] Route planned: Target = 161 Mode = reinforcement_waypoint city-free reachable tiles = 291 Fallback-Tiles = 293
2026-06-02 09:51:15 [self-0001-1-city] Move #959: 84 -> 103 | Army: 2 | Target-Terrain: 0 | Target: 161 | Half: False
2026-06-02 09:51:15 [self-0001-1-city] My general index: 28
2026-06-02 09:51:15 [self-0001-1-city] Enemy general index: None
2026-06-02 09:51:15 [self-0001-1-city] Visible enemy tiles: 7
2026-06-02 09:51:15 [self-0001-1-city] Tiles: 35 / 126
2026-06-02 09:51:15 [self-0001-1-city] Map: 19 x 21 Turn: 998
2026-06-02 09:51:15 [self-0001-1-city] Reinforcement waypoint: 161 final target = 180 turns until reinforcement = 2
2026-06-02 09:51:15 [self-0001-1-city] Route planned: Target = 161 Mode = reinforcement_waypoint city-free reachable tiles = 291 Fallback-Tiles = 293
2026-06-02 09:51:15 [self-0001-1-city] Move #960: 86 -> 85 | Army: 4 | Target-Terrain: 0 | Target: 161 | Half: False
2026-06-02 09:51:16 [self-0001-1-city] My general index: 28
2026-06-02 09:51:16 [self-0001-1-city] Enemy general index: None
2026-06-02 09:51:16 [self-0001-1-city] Visible enemy tiles: 7
2026-06-02 09:51:16 [self-0001-1-city] Tiles: 35 / 126
2026-06-02 09:51:16 [self-0001-1-city] Map: 19 x 21 Turn: 999
2026-06-02 09:51:16 [self-0001-1-city] Reinforcement waypoint: 161 final target = 180 turns until reinforcement = 1
2026-06-02 09:51:16 [self-0001-1-city] Route planned: Target = 161 Mode = reinforcement_waypoint city-free reachable tiles = 291 Fallback-Tiles = 293
2026-06-02 09:51:16 [self-0001-1-city] Move #961: 68 -> 87 | Army: 2 | Target-Terrain: 0 | Target: 161 | Half: False
2026-06-02 09:51:16 [self-0001-1-city] My general index: 28
2026-06-02 09:51:16 [self-0001-1-city] Enemy general index: None
2026-06-02 09:51:16 [self-0001-1-city] Visible enemy tiles: 7
2026-06-02 09:51:16 [self-0001-1-city] Tiles: 35 / 126
2026-06-02 09:51:16 [self-0001-1-city] Map: 19 x 21 Turn: 1000
2026-06-02 09:51:16 [self-0001-1-city] Route planned: Target = 180 Mode = strategy city-free reachable tiles = 291 Fallback-Tiles = 293
2026-06-02 09:51:16 [self-0001-1-city] Move #962: 162 -> 161 | Army: 2 | Target-Terrain: 0 | Target: 180 | Half: False
2026-06-02 09:51:17 [self-0001-1-city] My general index: 28
2026-06-02 09:51:17 [self-0001-1-city] Enemy general index: None
2026-06-02 09:51:17 [self-0001-1-city] Visible enemy tiles: 7
2026-06-02 09:51:17 [self-0001-1-city] Tiles: 35 / 126
2026-06-02 09:51:17 [self-0001-1-city] Map: 19 x 21 Turn: 1001
2026-06-02 09:51:17 [self-0001-1-city] Route planned: Target = 180 Mode = strategy city-free reachable tiles = 291 Fallback-Tiles = 293
2026-06-02 09:51:17 [self-0001-1-city] Move #963: 66 -> 85 | Army: 2 | Target-Terrain: 0 | Target: 180 | Half: False
2026-06-02 09:51:17 [self-0001-1-city] My general index: 28
2026-06-02 09:51:17 [self-0001-1-city] Enemy general index: None
2026-06-02 09:51:17 [self-0001-1-city] Visible enemy tiles: 7
2026-06-02 09:51:17 [self-0001-1-city] Tiles: 35 / 126
2026-06-02 09:51:17 [self-0001-1-city] Map: 19 x 21 Turn: 1002
2026-06-02 09:51:17 [self-0001-1-city] Route planned: Target = 180 Mode = strategy city-free reachable tiles = 291 Fallback-Tiles = 293
2026-06-02 09:51:17 [self-0001-1-city] Move #964: 67 -> 66 | Army: 3 | Target-Terrain: 0 | Target: 180 | Half: False
2026-06-02 09:51:18 [self-0001-1-city] My general index: 28
2026-06-02 09:51:18 [self-0001-1-city] Enemy general index: None
2026-06-02 09:51:18 [self-0001-1-city] Visible enemy tiles: 7
2026-06-02 09:51:18 [self-0001-1-city] Tiles: 35 / 126
2026-06-02 09:51:18 [self-0001-1-city] Map: 19 x 21 Turn: 1003
2026-06-02 09:51:18 [self-0001-1-city] Route planned: Target = 180 Mode = strategy city-free reachable tiles = 291 Fallback-Tiles = 293
2026-06-02 09:51:18 [self-0001-1-city] Move #965: 47 -> 66 | Army: 2 | Target-Terrain: 0 | Target: 180 | Half: False
2026-06-02 09:51:18 [self-0001-1-city] My general index: 28
2026-06-02 09:51:18 [self-0001-1-city] Enemy general index: None
2026-06-02 09:51:18 [self-0001-1-city] Visible enemy tiles: 7
2026-06-02 09:51:18 [self-0001-1-city] Tiles: 35 / 126
2026-06-02 09:51:18 [self-0001-1-city] Map: 19 x 21 Turn: 1004
2026-06-02 09:51:18 [self-0001-1-city] Route planned: Target = 180 Mode = strategy city-free reachable tiles = 291 Fallback-Tiles = 293
2026-06-02 09:51:18 [self-0001-1-city] Move #966: 143 -> 142 | Army: 2 | Target-Terrain: 0 | Target: 180 | Half: False
2026-06-02 09:51:19 [self-0001-1-city] My general index: 28
2026-06-02 09:51:19 [self-0001-1-city] Enemy general index: None
2026-06-02 09:51:19 [self-0001-1-city] Visible enemy tiles: 7
2026-06-02 09:51:19 [self-0001-1-city] Tiles: 35 / 126
2026-06-02 09:51:19 [self-0001-1-city] Map: 19 x 21 Turn: 1005
2026-06-02 09:51:19 [self-0001-1-city] Route planned: Target = 180 Mode = strategy city-free reachable tiles = 291 Fallback-Tiles = 293
2026-06-02 09:51:19 [self-0001-1-city] Move #967: 48 -> 47 | Army: 2 | Target-Terrain: 0 | Target: 180 | Half: False
2026-06-02 09:51:19 [self-0001-1-city] My general index: 28
2026-06-02 09:51:19 [self-0001-1-city] Enemy general index: None
2026-06-02 09:51:19 [self-0001-1-city] Visible enemy tiles: 7
2026-06-02 09:51:19 [self-0001-1-city] Tiles: 35 / 126
2026-06-02 09:51:19 [self-0001-1-city] Map: 19 x 21 Turn: 1006
2026-06-02 09:51:19 [self-0001-1-city] Route planned: Target = 180 Mode = strategy city-free reachable tiles = 291 Fallback-Tiles = 293
2026-06-02 09:51:19 [self-0001-1-city] Move #968: 85 -> 104 | Army: 6 | Target-Terrain: 0 | Target: 180 | Half: False
2026-06-02 09:51:20 [self-0001-1-city] My general index: 28
2026-06-02 09:51:20 [self-0001-1-city] Enemy general index: None
2026-06-02 09:51:20 [self-0001-1-city] Visible enemy tiles: 7
2026-06-02 09:51:20 [self-0001-1-city] Tiles: 35 / 126
2026-06-02 09:51:20 [self-0001-1-city] Map: 19 x 21 Turn: 1007
2026-06-02 09:51:20 [self-0001-1-city] Route planned: Target = 180 Mode = strategy city-free reachable tiles = 291 Fallback-Tiles = 293
2026-06-02 09:51:20 [self-0001-1-city] Move #969: 65 -> 84 | Army: 3 | Target-Terrain: 0 | Target: 180 | Half: False
2026-06-02 09:51:20 [self-0001-1-city] My general index: 28
2026-06-02 09:51:20 [self-0001-1-city] Enemy general index: None
2026-06-02 09:51:20 [self-0001-1-city] Visible enemy tiles: 7
2026-06-02 09:51:20 [self-0001-1-city] Tiles: 35 / 126
2026-06-02 09:51:20 [self-0001-1-city] Map: 19 x 21 Turn: 1008
2026-06-02 09:51:20 [self-0001-1-city] Route planned: Target = 180 Mode = strategy city-free reachable tiles = 291 Fallback-Tiles = 293
2026-06-02 09:51:20 [self-0001-1-city] Move #970: 28 -> 47 | Army: 61 | Target-Terrain: 0 | Target: 180 | Half: True
2026-06-02 09:51:21 [self-0001-1-city] My general index: 28
2026-06-02 09:51:21 [self-0001-1-city] Enemy general index: None
2026-06-02 09:51:21 [self-0001-1-city] Visible enemy tiles: 7
2026-06-02 09:51:21 [self-0001-1-city] Tiles: 35 / 126
2026-06-02 09:51:21 [self-0001-1-city] Map: 19 x 21 Turn: 1009
2026-06-02 09:51:21 [self-0001-1-city] Route planned: Target = 180 Mode = strategy city-free reachable tiles = 291 Fallback-Tiles = 293
2026-06-02 09:51:21 [self-0001-1-city] Move #971: 83 -> 102 | Army: 3 | Target-Terrain: 0 | Target: 180 | Half: False
2026-06-02 09:51:21 [self-0001-1-city] My general index: 28
2026-06-02 09:51:21 [self-0001-1-city] Enemy general index: None
2026-06-02 09:51:21 [self-0001-1-city] Visible enemy tiles: 7
2026-06-02 09:51:21 [self-0001-1-city] Tiles: 35 / 126
2026-06-02 09:51:21 [self-0001-1-city] Map: 19 x 21 Turn: 1010
2026-06-02 09:51:21 [self-0001-1-city] Route planned: Target = 180 Mode = strategy city-free reachable tiles = 291 Fallback-Tiles = 293
2026-06-02 09:51:21 [self-0001-1-city] Move #972: 87 -> 86 | Army: 3 | Target-Terrain: 0 | Target: 180 | Half: False
2026-06-02 09:51:22 [self-0001-1-city] My general index: 28
2026-06-02 09:51:22 [self-0001-1-city] Enemy general index: None
2026-06-02 09:51:22 [self-0001-1-city] Visible enemy tiles: 7
2026-06-02 09:51:22 [self-0001-1-city] Tiles: 35 / 126
2026-06-02 09:51:22 [self-0001-1-city] Map: 19 x 21 Turn: 1011
2026-06-02 09:51:22 [self-0001-1-city] Route planned: Target = 180 Mode = strategy city-free reachable tiles = 291 Fallback-Tiles = 293
2026-06-02 09:51:22 [self-0001-1-city] Move #973: 46 -> 65 | Army: 2 | Target-Terrain: 0 | Target: 180 | Half: False
2026-06-02 09:51:22 [self-0001-1-city] My general index: 28
2026-06-02 09:51:22 [self-0001-1-city] Enemy general index: None
2026-06-02 09:51:22 [self-0001-1-city] Visible enemy tiles: 7
2026-06-02 09:51:22 [self-0001-1-city] Tiles: 35 / 126
2026-06-02 09:51:22 [self-0001-1-city] Map: 19 x 21 Turn: 1012
2026-06-02 09:51:22 [self-0001-1-city] Route planned: Target = 180 Mode = strategy city-free reachable tiles = 291 Fallback-Tiles = 293
2026-06-02 09:51:22 [self-0001-1-city] Move #974: 84 -> 103 | Army: 4 | Target-Terrain: 0 | Target: 180 | Half: False
2026-06-02 09:51:23 [self-0001-1-city] My general index: 28
2026-06-02 09:51:23 [self-0001-1-city] Enemy general index: None
2026-06-02 09:51:23 [self-0001-1-city] Visible enemy tiles: 7
2026-06-02 09:51:23 [self-0001-1-city] Tiles: 35 / 126
2026-06-02 09:51:23 [self-0001-1-city] Map: 19 x 21 Turn: 1013
2026-06-02 09:51:23 [self-0001-1-city] Route planned: Target = 180 Mode = strategy city-free reachable tiles = 291 Fallback-Tiles = 293
2026-06-02 09:51:23 [self-0001-1-city] Move #975: 64 -> 83 | Army: 2 | Target-Terrain: 0 | Target: 180 | Half: False
2026-06-02 09:51:23 [self-0001-1-city] My general index: 28
2026-06-02 09:51:23 [self-0001-1-city] Enemy general index: None
2026-06-02 09:51:23 [self-0001-1-city] Visible enemy tiles: 7
2026-06-02 09:51:23 [self-0001-1-city] Tiles: 35 / 126
2026-06-02 09:51:23 [self-0001-1-city] Map: 19 x 21 Turn: 1014
2026-06-02 09:51:23 [self-0001-1-city] Route planned: Target = 180 Mode = strategy city-free reachable tiles = 291 Fallback-Tiles = 293
2026-06-02 09:51:23 [self-0001-1-city] Move #976: 68 -> 87 | Army: 2 | Target-Terrain: 0 | Target: 180 | Half: False
2026-06-02 09:51:24 [self-0001-1-city] My general index: 28
2026-06-02 09:51:24 [self-0001-1-city] Enemy general index: None
2026-06-02 09:51:24 [self-0001-1-city] Visible enemy tiles: 7
2026-06-02 09:51:24 [self-0001-1-city] Tiles: 35 / 126
2026-06-02 09:51:24 [self-0001-1-city] Map: 19 x 21 Turn: 1015
2026-06-02 09:51:24 [self-0001-1-city] Route planned: Target = 180 Mode = strategy city-free reachable tiles = 291 Fallback-Tiles = 293
2026-06-02 09:51:24 [self-0001-1-city] Move #977: 86 -> 85 | Army: 4 | Target-Terrain: 0 | Target: 180 | Half: False
2026-06-02 09:51:24 [self-0001-1-city] My general index: 28
2026-06-02 09:51:24 [self-0001-1-city] Enemy general index: None
2026-06-02 09:51:24 [self-0001-1-city] Visible enemy tiles: 7
2026-06-02 09:51:24 [self-0001-1-city] Tiles: 35 / 126
2026-06-02 09:51:24 [self-0001-1-city] Map: 19 x 21 Turn: 1016
2026-06-02 09:51:24 [self-0001-1-city] Route planned: Target = 180 Mode = strategy city-free reachable tiles = 291 Fallback-Tiles = 293
2026-06-02 09:51:24 [self-0001-1-city] Move #978: 66 -> 85 | Army: 4 | Target-Terrain: 0 | Target: 180 | Half: False
2026-06-02 09:51:25 [self-0001-1-city] My general index: 28
2026-06-02 09:51:25 [self-0001-1-city] Enemy general index: None
2026-06-02 09:51:25 [self-0001-1-city] Visible enemy tiles: 7
2026-06-02 09:51:25 [self-0001-1-city] Tiles: 35 / 126
2026-06-02 09:51:25 [self-0001-1-city] Map: 19 x 21 Turn: 1017
2026-06-02 09:51:25 [self-0001-1-city] Route planned: Target = 180 Mode = strategy city-free reachable tiles = 291 Fallback-Tiles = 293
2026-06-02 09:51:25 [self-0001-1-city] Move #979: 27 -> 46 | Army: 3 | Target-Terrain: 0 | Target: 180 | Half: False
2026-06-02 09:51:25 [self-0001-1-city] My general index: 28
2026-06-02 09:51:25 [self-0001-1-city] Enemy general index: None
2026-06-02 09:51:25 [self-0001-1-city] Visible enemy tiles: 7
2026-06-02 09:51:25 [self-0001-1-city] Tiles: 35 / 126
2026-06-02 09:51:25 [self-0001-1-city] Map: 19 x 21 Turn: 1018
2026-06-02 09:51:25 [self-0001-1-city] Route planned: Target = 180 Mode = strategy city-free reachable tiles = 291 Fallback-Tiles = 293
2026-06-02 09:51:25 [self-0001-1-city] Move #980: 47 -> 66 | Army: 32 | Target-Terrain: 0 | Target: 180 | Half: False
2026-06-02 09:51:26 [self-0001-1-city] My general index: 28
2026-06-02 09:51:26 [self-0001-1-city] Enemy general index: None
2026-06-02 09:51:26 [self-0001-1-city] Visible enemy tiles: 7
2026-06-02 09:51:26 [self-0001-1-city] Tiles: 35 / 126
2026-06-02 09:51:26 [self-0001-1-city] Map: 19 x 21 Turn: 1019
2026-06-02 09:51:26 [self-0001-1-city] Route planned: Target = 180 Mode = strategy city-free reachable tiles = 291 Fallback-Tiles = 293
2026-06-02 09:51:26 [self-0001-1-city] Move #981: 45 -> 64 | Army: 3 | Target-Terrain: 0 | Target: 180 | Half: False
2026-06-02 09:51:26 [self-0001-1-city] My general index: 28
2026-06-02 09:51:26 [self-0001-1-city] Enemy general index: None
2026-06-02 09:51:26 [self-0001-1-city] Visible enemy tiles: 7
2026-06-02 09:51:26 [self-0001-1-city] Tiles: 35 / 126
2026-06-02 09:51:26 [self-0001-1-city] Map: 19 x 21 Turn: 1020
2026-06-02 09:51:26 [self-0001-1-city] Route planned: Target = 180 Mode = strategy city-free reachable tiles = 291 Fallback-Tiles = 293
2026-06-02 09:51:26 [self-0001-1-city] Move #982: 49 -> 68 | Army: 3 | Target-Terrain: 0 | Target: 180 | Half: False
2026-06-02 09:51:27 [self-0001-1-city] My general index: 28
2026-06-02 09:51:27 [self-0001-1-city] Enemy general index: None
2026-06-02 09:51:27 [self-0001-1-city] Visible enemy tiles: 7
2026-06-02 09:51:27 [self-0001-1-city] Tiles: 35 / 126
2026-06-02 09:51:27 [self-0001-1-city] Map: 19 x 21 Turn: 1021
2026-06-02 09:51:27 [self-0001-1-city] Route planned: Target = 180 Mode = strategy city-free reachable tiles = 291 Fallback-Tiles = 293
2026-06-02 09:51:27 [self-0001-1-city] Move #983: 85 -> 104 | Army: 7 | Target-Terrain: 0 | Target: 180 | Half: False
2026-06-02 09:51:27 [self-0001-1-city] My general index: 28
2026-06-02 09:51:27 [self-0001-1-city] Enemy general index: None
2026-06-02 09:51:27 [self-0001-1-city] Visible enemy tiles: 7
2026-06-02 09:51:27 [self-0001-1-city] Tiles: 35 / 126
2026-06-02 09:51:27 [self-0001-1-city] Map: 19 x 21 Turn: 1022
2026-06-02 09:51:27 [self-0001-1-city] Route planned: Target = 180 Mode = strategy city-free reachable tiles = 291 Fallback-Tiles = 293
2026-06-02 09:51:27 [self-0001-1-city] Move #984: 65 -> 84 | Army: 2 | Target-Terrain: 0 | Target: 180 | Half: False
2026-06-02 09:51:28 [self-0001-1-city] My general index: 28
2026-06-02 09:51:28 [self-0001-1-city] Enemy general index: None
2026-06-02 09:51:28 [self-0001-1-city] Visible enemy tiles: 7
2026-06-02 09:51:28 [self-0001-1-city] Tiles: 35 / 126
2026-06-02 09:51:28 [self-0001-1-city] Map: 19 x 21 Turn: 1023
2026-06-02 09:51:28 [self-0001-1-city] Route planned: Target = 180 Mode = strategy city-free reachable tiles = 291 Fallback-Tiles = 293
2026-06-02 09:51:28 [self-0001-1-city] Move #985: 63 -> 82 | Army: 3 | Target-Terrain: 0 | Target: 180 | Half: False
2026-06-02 09:51:28 [self-0001-1-city] My general index: 28
2026-06-02 09:51:28 [self-0001-1-city] Enemy general index: None
2026-06-02 09:51:28 [self-0001-1-city] Visible enemy tiles: 7
2026-06-02 09:51:28 [self-0001-1-city] Tiles: 35 / 126
2026-06-02 09:51:28 [self-0001-1-city] Map: 19 x 21 Turn: 1024
2026-06-02 09:51:28 [self-0001-1-city] Route planned: Target = 180 Mode = strategy city-free reachable tiles = 291 Fallback-Tiles = 293
2026-06-02 09:51:28 [self-0001-1-city] Move #986: 83 -> 102 | Army: 2 | Target-Terrain: 0 | Target: 180 | Half: False
2026-06-02 09:51:29 [self-0001-1-city] My general index: 28
2026-06-02 09:51:29 [self-0001-1-city] Enemy general index: None
2026-06-02 09:51:29 [self-0001-1-city] Visible enemy tiles: 8
2026-06-02 09:51:29 [self-0001-1-city] Tiles: 34 / 127
2026-06-02 09:51:29 [self-0001-1-city] Map: 19 x 21 Turn: 1025
2026-06-02 09:51:29 [self-0001-1-city] Route planned: Target = 180 Mode = strategy city-free reachable tiles = 291 Fallback-Tiles = 293
2026-06-02 09:51:29 [self-0001-1-city] Move #987: 43 -> 62 | Army: 4 | Target-Terrain: 1 | Target: 180 | Half: False
2026-06-02 09:51:29 [self-0001-1-city] My general index: 28
2026-06-02 09:51:29 [self-0001-1-city] Enemy general index: None
2026-06-02 09:51:29 [self-0001-1-city] Visible enemy tiles: 7
2026-06-02 09:51:29 [self-0001-1-city] Tiles: 35 / 126
2026-06-02 09:51:29 [self-0001-1-city] Map: 19 x 21 Turn: 1026
2026-06-02 09:51:29 [self-0001-1-city] Route planned: Target = 180 Mode = strategy city-free reachable tiles = 291 Fallback-Tiles = 293
2026-06-02 09:51:29 [self-0001-1-city] Move #988: 64 -> 63 | Army: 3 | Target-Terrain: 1 | Target: 180 | Half: False
2026-06-02 09:51:30 [self-0001-1-city] My general index: 28
2026-06-02 09:51:30 [self-0001-1-city] Enemy general index: None
2026-06-02 09:51:30 [self-0001-1-city] Visible enemy tiles: 6
2026-06-02 09:51:30 [self-0001-1-city] Tiles: 36 / 125
2026-06-02 09:51:30 [self-0001-1-city] Map: 19 x 21 Turn: 1027
2026-06-02 09:51:30 [self-0001-1-city] Route planned: Target = 180 Mode = strategy city-free reachable tiles = 291 Fallback-Tiles = 293
2026-06-02 09:51:30 [self-0001-1-city] Move #989: 84 -> 103 | Army: 2 | Target-Terrain: 0 | Target: 180 | Half: False
2026-06-02 09:51:30 [self-0001-1-city] My general index: 28
2026-06-02 09:51:30 [self-0001-1-city] Enemy general index: None
2026-06-02 09:51:30 [self-0001-1-city] Visible enemy tiles: 6
2026-06-02 09:51:30 [self-0001-1-city] Tiles: 36 / 125
2026-06-02 09:51:30 [self-0001-1-city] Map: 19 x 21 Turn: 1028
2026-06-02 09:51:30 [self-0001-1-city] Route planned: Target = 180 Mode = strategy city-free reachable tiles = 291 Fallback-Tiles = 293
2026-06-02 09:51:30 [self-0001-1-city] Move #990: 87 -> 86 | Army: 2 | Target-Terrain: 0 | Target: 180 | Half: False
2026-06-02 09:51:31 [self-0001-1-city] My general index: 28
2026-06-02 09:51:31 [self-0001-1-city] Enemy general index: None
2026-06-02 09:51:31 [self-0001-1-city] Visible enemy tiles: 6
2026-06-02 09:51:31 [self-0001-1-city] Tiles: 36 / 125
2026-06-02 09:51:31 [self-0001-1-city] Map: 19 x 21 Turn: 1029
2026-06-02 09:51:31 [self-0001-1-city] Route planned: Target = 180 Mode = strategy city-free reachable tiles = 291 Fallback-Tiles = 293
2026-06-02 09:51:31 [self-0001-1-city] Move #991: 46 -> 65 | Army: 3 | Target-Terrain: 0 | Target: 180 | Half: False
2026-06-02 09:51:31 [self-0001-1-city] My general index: 28
2026-06-02 09:51:31 [self-0001-1-city] Enemy general index: None
2026-06-02 09:51:31 [self-0001-1-city] Visible enemy tiles: 6
2026-06-02 09:51:31 [self-0001-1-city] Tiles: 36 / 125
2026-06-02 09:51:31 [self-0001-1-city] Map: 19 x 21 Turn: 1030
2026-06-02 09:51:31 [self-0001-1-city] Route planned: Target = 180 Mode = strategy city-free reachable tiles = 291 Fallback-Tiles = 293
2026-06-02 09:51:31 [self-0001-1-city] Move #992: 68 -> 87 | Army: 3 | Target-Terrain: 0 | Target: 180 | Half: False
2026-06-02 09:51:32 [self-0001-1-city] My general index: 28
2026-06-02 09:51:32 [self-0001-1-city] Enemy general index: None
2026-06-02 09:51:32 [self-0001-1-city] Visible enemy tiles: 6
2026-06-02 09:51:32 [self-0001-1-city] Tiles: 36 / 125
2026-06-02 09:51:32 [self-0001-1-city] Map: 19 x 21 Turn: 1031
2026-06-02 09:51:32 [self-0001-1-city] Route planned: Target = 180 Mode = strategy city-free reachable tiles = 291 Fallback-Tiles = 293
2026-06-02 09:51:32 [self-0001-1-city] Move #993: 66 -> 85 | Army: 32 | Target-Terrain: 0 | Target: 180 | Half: False
2026-06-02 09:51:32 [self-0001-1-city] My general index: 28
2026-06-02 09:51:32 [self-0001-1-city] Enemy general index: None
2026-06-02 09:51:32 [self-0001-1-city] Visible enemy tiles: 6
2026-06-02 09:51:32 [self-0001-1-city] Tiles: 36 / 125
2026-06-02 09:51:32 [self-0001-1-city] Map: 19 x 21 Turn: 1032
2026-06-02 09:51:32 [self-0001-1-city] Route planned: Target = 180 Mode = strategy city-free reachable tiles = 291 Fallback-Tiles = 293
2026-06-02 09:51:32 [self-0001-1-city] Move #994: 26 -> 45 | Army: 3 | Target-Terrain: 0 | Target: 180 | Half: False
2026-06-02 09:51:33 [self-0001-1-city] My general index: 28
2026-06-02 09:51:33 [self-0001-1-city] Enemy general index: None
2026-06-02 09:51:33 [self-0001-1-city] Visible enemy tiles: 6
2026-06-02 09:51:33 [self-0001-1-city] Tiles: 36 / 125
2026-06-02 09:51:33 [self-0001-1-city] Map: 19 x 21 Turn: 1033
2026-06-02 09:51:33 [self-0001-1-city] Route planned: Target = 180 Mode = strategy city-free reachable tiles = 291 Fallback-Tiles = 293
2026-06-02 09:51:33 [self-0001-1-city] Move #995: 86 -> 85 | Army: 2 | Target-Terrain: 0 | Target: 180 | Half: False
2026-06-02 09:51:33 [self-0001-1-city] My general index: 28
2026-06-02 09:51:33 [self-0001-1-city] Enemy general index: None
2026-06-02 09:51:33 [self-0001-1-city] Visible enemy tiles: 6
2026-06-02 09:51:33 [self-0001-1-city] Tiles: 36 / 125
2026-06-02 09:51:33 [self-0001-1-city] Map: 19 x 21 Turn: 1034
2026-06-02 09:51:33 [self-0001-1-city] Reinforcement waypoint: 180 final target = 180 turns until reinforcement = 16
2026-06-02 09:51:33 [self-0001-1-city] Route planned: Target = 180 Mode = reinforcement_waypoint city-free reachable tiles = 291 Fallback-Tiles = 293
2026-06-02 09:51:33 [self-0001-1-city] Move #996: 62 -> 81 | Army: 2 | Target-Terrain: 0 | Target: 180 | Half: False
2026-06-02 09:51:34 [self-0001-1-city] My general index: 28
2026-06-02 09:51:34 [self-0001-1-city] Enemy general index: None
2026-06-02 09:51:34 [self-0001-1-city] Visible enemy tiles: 6
2026-06-02 09:51:34 [self-0001-1-city] Tiles: 36 / 125
2026-06-02 09:51:34 [self-0001-1-city] Map: 19 x 21 Turn: 1035
2026-06-02 09:51:34 [self-0001-1-city] Reinforcement waypoint: 180 final target = 180 turns until reinforcement = 15
2026-06-02 09:51:34 [self-0001-1-city] Route planned: Target = 180 Mode = reinforcement_waypoint city-free reachable tiles = 291 Fallback-Tiles = 293
2026-06-02 09:51:34 [self-0001-1-city] Priority agent: flow +6000 base = 38005 final = 44005
2026-06-02 09:51:34 [self-0001-1-city] Move #997: 81 -> 80 | Army: 5 | Target-Terrain: 1 | Target: 180 | Half: False
2026-06-02 09:51:34 [self-0001-1-city] My general index: 28
2026-06-02 09:51:34 [self-0001-1-city] Enemy general index: None
2026-06-02 09:51:34 [self-0001-1-city] Visible enemy tiles: 9
2026-06-02 09:51:34 [self-0001-1-city] Tiles: 36 / 125
2026-06-02 09:51:34 [self-0001-1-city] Map: 19 x 21 Turn: 1036
2026-06-02 09:51:34 [self-0001-1-city] Reinforcement waypoint: 180 final target = 180 turns until reinforcement = 14
2026-06-02 09:51:34 [self-0001-1-city] Route planned: Target = 180 Mode = reinforcement_waypoint city-free reachable tiles = 291 Fallback-Tiles = 293
2026-06-02 09:51:34 [self-0001-1-city] Move #998: 142 -> 161 | Army: 236 | Target-Terrain: 0 | Target: 180 | Half: False
2026-06-02 09:51:35 [self-0001-1-city] My general index: 28
2026-06-02 09:51:35 [self-0001-1-city] Enemy general index: None
2026-06-02 09:51:35 [self-0001-1-city] Visible enemy tiles: 7
2026-06-02 09:51:35 [self-0001-1-city] Tiles: 35 / 126
2026-06-02 09:51:35 [self-0001-1-city] Map: 19 x 21 Turn: 1037
2026-06-02 09:51:35 [self-0001-1-city] Reinforcement waypoint: 180 final target = 180 turns until reinforcement = 13
2026-06-02 09:51:35 [self-0001-1-city] Route planned: Target = 180 Mode = reinforcement_waypoint city-free reachable tiles = 291 Fallback-Tiles = 293
2026-06-02 09:51:35 [self-0001-1-city] Priority agent: flow +6000 base = 80780 final = 86780
2026-06-02 09:51:35 [self-0001-1-city] Move #999: 161 -> 180 | Army: 238 | Target-Terrain: 1 | Target: 180 | Half: False
2026-06-02 09:51:35 [self-0001-1-city] My general index: 28
2026-06-02 09:51:35 [self-0001-1-city] Enemy general index: None
2026-06-02 09:51:35 [self-0001-1-city] Visible enemy tiles: 9
2026-06-02 09:51:35 [self-0001-1-city] Tiles: 36 / 125
2026-06-02 09:51:35 [self-0001-1-city] Map: 19 x 21 Turn: 1038
2026-06-02 09:51:35 [self-0001-1-city] Reinforcement waypoint: 199 final target = 199 turns until reinforcement = 12
2026-06-02 09:51:35 [self-0001-1-city] Route planned: Target = 199 Mode = reinforcement_waypoint city-free reachable tiles = 291 Fallback-Tiles = 293
2026-06-02 09:51:35 [self-0001-1-city] Priority agent: flow +6000 base = 46650 final = 52650
2026-06-02 09:51:35 [self-0001-1-city] Move #1000: 180 -> 179 | Army: 235 | Target-Terrain: 1 | Target: 199 | Half: False
2026-06-02 09:51:36 [self-0001-1-city] My general index: 28
2026-06-02 09:51:36 [self-0001-1-city] Enemy general index: None
2026-06-02 09:51:36 [self-0001-1-city] Visible enemy tiles: 7
2026-06-02 09:51:36 [self-0001-1-city] Tiles: 35 / 126
2026-06-02 09:51:36 [self-0001-1-city] Map: 19 x 21 Turn: 1039
2026-06-02 09:51:36 [self-0001-1-city] Reinforcement waypoint: 179 final target = 199 turns until reinforcement = 11
2026-06-02 09:51:36 [self-0001-1-city] Route planned: Target = 179 Mode = reinforcement_waypoint city-free reachable tiles = 291 Fallback-Tiles = 293
2026-06-02 09:51:36 [self-0001-1-city] Move #1001: 123 -> 122 | Army: 45 | Target-Terrain: 0 | Target: 179 | Half: False
2026-06-02 09:51:36 [self-0001-1-city] My general index: 28
2026-06-02 09:51:36 [self-0001-1-city] Enemy general index: None
2026-06-02 09:51:36 [self-0001-1-city] Visible enemy tiles: 8
2026-06-02 09:51:36 [self-0001-1-city] Tiles: 34 / 127
2026-06-02 09:51:36 [self-0001-1-city] Map: 19 x 21 Turn: 1040
2026-06-02 09:51:36 [self-0001-1-city] Route planned: Target = 123 Mode = defense city-free reachable tiles = 291 Fallback-Tiles = 293
2026-06-02 09:51:36 [self-0001-1-city] Move #1002: 104 -> 123 | Army: 44 | Target-Terrain: 0 | Target: 123 | Half: False
2026-06-02 09:51:37 [self-0001-1-city] My general index: 28
2026-06-02 09:51:37 [self-0001-1-city] Enemy general index: None
2026-06-02 09:51:37 [self-0001-1-city] Visible enemy tiles: 9
2026-06-02 09:51:37 [self-0001-1-city] Tiles: 33 / 128
2026-06-02 09:51:37 [self-0001-1-city] Map: 19 x 21 Turn: 1041
2026-06-02 09:51:37 [self-0001-1-city] Route planned: Target = 104 Mode = defense city-free reachable tiles = 291 Fallback-Tiles = 293
2026-06-02 09:51:37 [self-0001-1-city] Move #1003: 85 -> 104 | Army: 33 | Target-Terrain: 0 | Target: 104 | Half: False
2026-06-02 09:51:37 [self-0001-1-city] My general index: 28
2026-06-02 09:51:37 [self-0001-1-city] Enemy general index: None
2026-06-02 09:51:37 [self-0001-1-city] Visible enemy tiles: 10
2026-06-02 09:51:37 [self-0001-1-city] Tiles: 32 / 129
2026-06-02 09:51:37 [self-0001-1-city] Map: 19 x 21 Turn: 1042
2026-06-02 09:51:37 [self-0001-1-city] Route planned: Target = 142 Mode = defense city-free reachable tiles = 291 Fallback-Tiles = 293
2026-06-02 09:51:37 [self-0001-1-city] Move #1004: 123 -> 142 | Army: 44 | Target-Terrain: 1 | Target: 142 | Half: False
2026-06-02 09:51:38 [self-0001-1-city] My general index: 28
2026-06-02 09:51:38 [self-0001-1-city] Enemy general index: None
2026-06-02 09:51:38 [self-0001-1-city] Visible enemy tiles: 10
2026-06-02 09:51:38 [self-0001-1-city] Tiles: 32 / 129
2026-06-02 09:51:38 [self-0001-1-city] Map: 19 x 21 Turn: 1043
2026-06-02 09:51:38 [self-0001-1-city] Route planned: Target = 123 Mode = defense city-free reachable tiles = 291 Fallback-Tiles = 293
2026-06-02 09:51:38 [self-0001-1-city] Priority agent: edge reuse -9000 base = 242083 final = 233083
2026-06-02 09:51:38 [self-0001-1-city] Move #1005: 104 -> 123 | Army: 33 | Target-Terrain: 0 | Target: 123 | Half: False
2026-06-02 09:51:38 [self-0001-1-city] My general index: 28
2026-06-02 09:51:38 [self-0001-1-city] Enemy general index: None
2026-06-02 09:51:38 [self-0001-1-city] Visible enemy tiles: 10
2026-06-02 09:51:38 [self-0001-1-city] Tiles: 32 / 129
2026-06-02 09:51:38 [self-0001-1-city] Map: 19 x 21 Turn: 1044
2026-06-02 09:51:38 [self-0001-1-city] Route planned: Target = 104 Mode = defense city-free reachable tiles = 291 Fallback-Tiles = 293
2026-06-02 09:51:38 [self-0001-1-city] Move #1006: 103 -> 104 | Army: 7 | Target-Terrain: 0 | Target: 104 | Half: False
2026-06-02 09:51:39 [self-0001-1-city] My general index: 28
2026-06-02 09:51:39 [self-0001-1-city] Enemy general index: None
2026-06-02 09:51:39 [self-0001-1-city] Visible enemy tiles: 10
2026-06-02 09:51:39 [self-0001-1-city] Tiles: 32 / 129
2026-06-02 09:51:39 [self-0001-1-city] Map: 19 x 21 Turn: 1045
2026-06-02 09:51:39 [self-0001-1-city] Route planned: Target = 104 Mode = defense city-free reachable tiles = 291 Fallback-Tiles = 293
2026-06-02 09:51:39 [self-0001-1-city] Priority agent: edge reuse -18000 base = 196983 final = 178983
2026-06-02 09:51:39 [self-0001-1-city] Move #1007: 123 -> 104 | Army: 33 | Target-Terrain: 0 | Target: 104 | Half: False
2026-06-02 09:51:39 [self-0001-1-city] My general index: 28
2026-06-02 09:51:39 [self-0001-1-city] Enemy general index: None
2026-06-02 09:51:39 [self-0001-1-city] Visible enemy tiles: 10
2026-06-02 09:51:39 [self-0001-1-city] Tiles: 32 / 129
2026-06-02 09:51:39 [self-0001-1-city] Map: 19 x 21 Turn: 1046
2026-06-02 09:51:39 [self-0001-1-city] Route planned: Target = 123 Mode = defense city-free reachable tiles = 291 Fallback-Tiles = 293
2026-06-02 09:51:39 [self-0001-1-city] Priority agent: edge reuse -9000 base = 214392 final = 205392
2026-06-02 09:51:39 [self-0001-1-city] Move #1008: 142 -> 123 | Army: 42 | Target-Terrain: 0 | Target: 123 | Half: False
2026-06-02 09:51:40 [self-0001-1-city] Coach: stabilize tiles 32/129 army 234/2518 cities 0/0 enemy_city_suspect True bias {'expansion_bias': 0.1, 'city_bias': 0.8, 'attack_bias': -0.30000000000000004, 'defense_bias': 1.2, 'route_bias': 0.3}
2026-06-02 09:51:40 [self-0001-1-city] My general index: 28
2026-06-02 09:51:40 [self-0001-1-city] Enemy general index: None
2026-06-02 09:51:40 [self-0001-1-city] Visible enemy tiles: 10
2026-06-02 09:51:40 [self-0001-1-city] Tiles: 32 / 129
2026-06-02 09:51:40 [self-0001-1-city] Map: 19 x 21 Turn: 1047
2026-06-02 09:51:40 [self-0001-1-city] Route planned: Target = 142 Mode = defense city-free reachable tiles = 291 Fallback-Tiles = 293
2026-06-02 09:51:40 [self-0001-1-city] Move #1009: 141 -> 142 | Army: 2 | Target-Terrain: 0 | Target: 142 | Half: False
2026-06-02 09:51:40 [self-0001-1-city] My general index: 28
2026-06-02 09:51:40 [self-0001-1-city] Enemy general index: None
2026-06-02 09:51:40 [self-0001-1-city] Visible enemy tiles: 10
2026-06-02 09:51:40 [self-0001-1-city] Tiles: 32 / 129
2026-06-02 09:51:40 [self-0001-1-city] Map: 19 x 21 Turn: 1048
2026-06-02 09:51:40 [self-0001-1-city] Route planned: Target = 142 Mode = defense city-free reachable tiles = 291 Fallback-Tiles = 293
2026-06-02 09:51:40 [self-0001-1-city] Priority agent: edge reuse -18000 base = 192692 final = 174692
2026-06-02 09:51:40 [self-0001-1-city] Move #1010: 123 -> 142 | Army: 42 | Target-Terrain: 0 | Target: 142 | Half: False
2026-06-02 09:51:41 [self-0001-1-city] My general index: 28
2026-06-02 09:51:41 [self-0001-1-city] Enemy general index: None
2026-06-02 09:51:41 [self-0001-1-city] Visible enemy tiles: 10
2026-06-02 09:51:41 [self-0001-1-city] Tiles: 32 / 129
2026-06-02 09:51:41 [self-0001-1-city] Map: 19 x 21 Turn: 1049
2026-06-02 09:51:41 [self-0001-1-city] Route planned: Target = 123 Mode = defense city-free reachable tiles = 291 Fallback-Tiles = 293
2026-06-02 09:51:41 [self-0001-1-city] Priority agent: edge reuse -9000 base = 230096 final = 221096
2026-06-02 09:51:41 [self-0001-1-city] Move #1011: 122 -> 123 | Army: 46 | Target-Terrain: 0 | Target: 123 | Half: False
2026-06-02 09:51:41 [self-0001-1-city] My general index: 28
2026-06-02 09:51:41 [self-0001-1-city] Enemy general index: None
2026-06-02 09:51:41 [self-0001-1-city] Visible enemy tiles: 10
2026-06-02 09:51:41 [self-0001-1-city] Tiles: 32 / 129
2026-06-02 09:51:41 [self-0001-1-city] Map: 19 x 21 Turn: 1050
2026-06-02 09:51:41 [self-0001-1-city] Route planned: Target = 142 Mode = defense city-free reachable tiles = 291 Fallback-Tiles = 293
2026-06-02 09:51:41 [self-0001-1-city] Priority agent: edge reuse -9000 base = 226752 final = 217752
2026-06-02 09:51:41 [self-0001-1-city] Move #1012: 141 -> 142 | Army: 2 | Target-Terrain: 0 | Target: 142 | Half: False
2026-06-02 09:51:42 [self-0001-1-city] My general index: 28
2026-06-02 09:51:42 [self-0001-1-city] Enemy general index: None
2026-06-02 09:51:42 [self-0001-1-city] Visible enemy tiles: 10
2026-06-02 09:51:42 [self-0001-1-city] Tiles: 32 / 129
2026-06-02 09:51:42 [self-0001-1-city] Map: 19 x 21 Turn: 1051
2026-06-02 09:51:42 [self-0001-1-city] Route planned: Target = 142 Mode = defense city-free reachable tiles = 291 Fallback-Tiles = 293
2026-06-02 09:51:42 [self-0001-1-city] Priority agent: edge reuse -27000 base = 192697 final = 165697
2026-06-02 09:51:42 [self-0001-1-city] Move #1013: 123 -> 142 | Army: 47 | Target-Terrain: 0 | Target: 142 | Half: False
2026-06-02 09:51:42 [self-0001-1-city] My general index: 28
2026-06-02 09:51:42 [self-0001-1-city] Enemy general index: None
2026-06-02 09:51:42 [self-0001-1-city] Visible enemy tiles: 10
2026-06-02 09:51:42 [self-0001-1-city] Tiles: 32 / 129
2026-06-02 09:51:42 [self-0001-1-city] Map: 19 x 21 Turn: 1052
2026-06-02 09:51:42 [self-0001-1-city] Route planned: Target = 123 Mode = defense city-free reachable tiles = 291 Fallback-Tiles = 293
2026-06-02 09:51:42 [self-0001-1-city] Priority agent: edge reuse -18000 base = 214152 final = 196152
2026-06-02 09:51:42 [self-0001-1-city] Move #1014: 122 -> 123 | Army: 2 | Target-Terrain: 0 | Target: 123 | Half: False
2026-06-02 09:51:43 [self-0001-1-city] My general index: 28
2026-06-02 09:51:43 [self-0001-1-city] Enemy general index: None
2026-06-02 09:51:43 [self-0001-1-city] Visible enemy tiles: 10
2026-06-02 09:51:43 [self-0001-1-city] Tiles: 32 / 129
2026-06-02 09:51:43 [self-0001-1-city] Map: 19 x 21 Turn: 1053
2026-06-02 09:51:43 [self-0001-1-city] Route planned: Target = 123 Mode = defense city-free reachable tiles = 291 Fallback-Tiles = 293
2026-06-02 09:51:43 [self-0001-1-city] Priority agent: edge reuse -27000 base = 195090 final = 168090
2026-06-02 09:51:43 [self-0001-1-city] Move #1015: 104 -> 123 | Army: 40 | Target-Terrain: 0 | Target: 123 | Half: False
2026-06-02 09:51:43 [self-0001-1-city] My general index: 28
2026-06-02 09:51:43 [self-0001-1-city] Enemy general index: None
2026-06-02 09:51:43 [self-0001-1-city] Visible enemy tiles: 10
2026-06-02 09:51:43 [self-0001-1-city] Tiles: 32 / 129
2026-06-02 09:51:43 [self-0001-1-city] Map: 19 x 21 Turn: 1054
2026-06-02 09:51:43 [self-0001-1-city] Route planned: Target = 104 Mode = defense city-free reachable tiles = 291 Fallback-Tiles = 293
2026-06-02 09:51:43 [self-0001-1-city] Priority agent: edge reuse -9000 base = 231052 final = 222052
2026-06-02 09:51:43 [self-0001-1-city] Move #1016: 85 -> 104 | Army: 2 | Target-Terrain: 0 | Target: 104 | Half: False
2026-06-02 09:51:44 [self-0001-1-city] My general index: 28
2026-06-02 09:51:44 [self-0001-1-city] Enemy general index: None
2026-06-02 09:51:44 [self-0001-1-city] Visible enemy tiles: 10
2026-06-02 09:51:44 [self-0001-1-city] Tiles: 32 / 129
2026-06-02 09:51:44 [self-0001-1-city] Map: 19 x 21 Turn: 1055
2026-06-02 09:51:44 [self-0001-1-city] Route planned: Target = 104 Mode = defense city-free reachable tiles = 291 Fallback-Tiles = 293
2026-06-02 09:51:44 [self-0001-1-city] Priority agent: edge reuse -9000 base = 226752 final = 217752
2026-06-02 09:51:44 [self-0001-1-city] Move #1017: 103 -> 104 | Army: 2 | Target-Terrain: 0 | Target: 104 | Half: False
2026-06-02 09:51:44 [self-0001-1-city] My general index: 28
2026-06-02 09:51:44 [self-0001-1-city] Enemy general index: None
2026-06-02 09:51:44 [self-0001-1-city] Visible enemy tiles: 10
2026-06-02 09:51:44 [self-0001-1-city] Tiles: 32 / 129
2026-06-02 09:51:44 [self-0001-1-city] Map: 19 x 21 Turn: 1056
2026-06-02 09:51:44 [self-0001-1-city] Route planned: Target = 104 Mode = defense city-free reachable tiles = 291 Fallback-Tiles = 293
2026-06-02 09:51:44 [self-0001-1-city] Priority agent: edge reuse -27000 base = 196991 final = 169991
2026-06-02 09:51:44 [self-0001-1-city] Move #1018: 123 -> 104 | Army: 41 | Target-Terrain: 0 | Target: 104 | Half: False
2026-06-02 09:51:45 [self-0001-1-city] My general index: 28
2026-06-02 09:51:45 [self-0001-1-city] Enemy general index: None
2026-06-02 09:51:45 [self-0001-1-city] Visible enemy tiles: 10
2026-06-02 09:51:45 [self-0001-1-city] Tiles: 32 / 129
2026-06-02 09:51:45 [self-0001-1-city] Map: 19 x 21 Turn: 1057
2026-06-02 09:51:45 [self-0001-1-city] Route planned: Target = 123 Mode = defense city-free reachable tiles = 291 Fallback-Tiles = 293
2026-06-02 09:51:45 [self-0001-1-city] Priority agent: edge reuse -27000 base = 199423 final = 172423
2026-06-02 09:51:45 [self-0001-1-city] Move #1019: 142 -> 123 | Army: 73 | Target-Terrain: 0 | Target: 123 | Half: False
2026-06-02 09:51:45 [self-0001-1-city] My general index: 28
2026-06-02 09:51:45 [self-0001-1-city] Enemy general index: None
2026-06-02 09:51:45 [self-0001-1-city] Visible enemy tiles: 10
2026-06-02 09:51:45 [self-0001-1-city] Tiles: 32 / 129
2026-06-02 09:51:45 [self-0001-1-city] Map: 19 x 21 Turn: 1058
2026-06-02 09:51:45 [self-0001-1-city] Route planned: Target = 142 Mode = defense city-free reachable tiles = 291 Fallback-Tiles = 293
2026-06-02 09:51:45 [self-0001-1-city] Move #1020: 160 -> 161 | Army: 4 | Target-Terrain: 1 | Target: 142 | Half: False
2026-06-02 09:51:46 [self-0001-1-city] My general index: 28
2026-06-02 09:51:46 [self-0001-1-city] Enemy general index: None
2026-06-02 09:51:46 [self-0001-1-city] Visible enemy tiles: 9
2026-06-02 09:51:46 [self-0001-1-city] Tiles: 33 / 128
2026-06-02 09:51:46 [self-0001-1-city] Map: 19 x 21 Turn: 1059
2026-06-02 09:51:46 [self-0001-1-city] Route planned: Target = 142 Mode = defense city-free reachable tiles = 291 Fallback-Tiles = 293
2026-06-02 09:51:46 [self-0001-1-city] Priority agent: edge reuse -36000 base = 192723 final = 156723
2026-06-02 09:51:46 [self-0001-1-city] Move #1021: 123 -> 142 | Army: 73 | Target-Terrain: 0 | Target: 142 | Half: False
2026-06-02 09:51:46 [self-0001-1-city] My general index: 28
2026-06-02 09:51:46 [self-0001-1-city] Enemy general index: None
2026-06-02 09:51:46 [self-0001-1-city] Visible enemy tiles: 9
2026-06-02 09:51:46 [self-0001-1-city] Tiles: 32 / 129
2026-06-02 09:51:46 [self-0001-1-city] Map: 19 x 21 Turn: 1060
2026-06-02 09:51:46 [self-0001-1-city] Route planned: Target = 123 Mode = defense city-free reachable tiles = 291 Fallback-Tiles = 293
2026-06-02 09:51:46 [self-0001-1-city] Priority agent: edge reuse -18000 base = 195093 final = 177093
2026-06-02 09:51:46 [self-0001-1-city] Move #1022: 104 -> 123 | Army: 43 | Target-Terrain: 0 | Target: 123 | Half: False
2026-06-02 09:51:47 [self-0001-1-city] My general index: 28
2026-06-02 09:51:47 [self-0001-1-city] Enemy general index: None
2026-06-02 09:51:47 [self-0001-1-city] Visible enemy tiles: 10
2026-06-02 09:51:47 [self-0001-1-city] Tiles: 31 / 130
2026-06-02 09:51:47 [self-0001-1-city] Map: 19 x 21 Turn: 1061
2026-06-02 09:51:47 [self-0001-1-city] Route planned: Target = 104 Mode = defense city-free reachable tiles = 291 Fallback-Tiles = 293
2026-06-02 09:51:47 [self-0001-1-city] Move #1023: 140 -> 141 | Army: 7 | Target-Terrain: 1 | Target: 104 | Half: False
2026-06-02 09:51:47 [self-0001-1-city] My general index: 28
2026-06-02 09:51:47 [self-0001-1-city] Enemy general index: None
2026-06-02 09:51:47 [self-0001-1-city] Visible enemy tiles: 9
2026-06-02 09:51:47 [self-0001-1-city] Tiles: 32 / 129
2026-06-02 09:51:47 [self-0001-1-city] Map: 19 x 21 Turn: 1062
2026-06-02 09:51:47 [self-0001-1-city] Route planned: Target = 104 Mode = defense city-free reachable tiles = 291 Fallback-Tiles = 293
2026-06-02 09:51:47 [self-0001-1-city] Priority agent: edge reuse -27000 base = 196993 final = 169993
2026-06-02 09:51:47 [self-0001-1-city] Move #1024: 123 -> 104 | Army: 43 | Target-Terrain: 0 | Target: 104 | Half: False
2026-06-02 09:51:48 [self-0001-1-city] My general index: 28
2026-06-02 09:51:48 [self-0001-1-city] Enemy general index: None
2026-06-02 09:51:48 [self-0001-1-city] Visible enemy tiles: 10
2026-06-02 09:51:48 [self-0001-1-city] Tiles: 31 / 130
2026-06-02 09:51:48 [self-0001-1-city] Map: 19 x 21 Turn: 1063
2026-06-02 09:51:48 [self-0001-1-city] Route planned: Target = 123 Mode = defense city-free reachable tiles = 291 Fallback-Tiles = 293
2026-06-02 09:51:48 [self-0001-1-city] Priority agent: edge reuse -27000 base = 199423 final = 172423
2026-06-02 09:51:48 [self-0001-1-city] Move #1025: 142 -> 123 | Army: 73 | Target-Terrain: 0 | Target: 123 | Half: False
2026-06-02 09:51:48 [self-0001-1-city] My general index: 28
2026-06-02 09:51:48 [self-0001-1-city] Enemy general index: None
2026-06-02 09:51:48 [self-0001-1-city] Visible enemy tiles: 10
2026-06-02 09:51:48 [self-0001-1-city] Tiles: 31 / 130
2026-06-02 09:51:48 [self-0001-1-city] Map: 19 x 21 Turn: 1064
2026-06-02 09:51:48 [self-0001-1-city] Route planned: Target = 142 Mode = defense city-free reachable tiles = 291 Fallback-Tiles = 293
2026-06-02 09:51:48 [self-0001-1-city] Priority agent: edge reuse -9000 base = 229155 final = 220155
2026-06-02 09:51:48 [self-0001-1-city] Move #1026: 141 -> 142 | Army: 5 | Target-Terrain: 0 | Target: 142 | Half: False
2026-06-02 09:51:49 [self-0001-1-city] My general index: 28
2026-06-02 09:51:49 [self-0001-1-city] Enemy general index: None
2026-06-02 09:51:49 [self-0001-1-city] Visible enemy tiles: 10
2026-06-02 09:51:49 [self-0001-1-city] Tiles: 31 / 130
2026-06-02 09:51:49 [self-0001-1-city] Map: 19 x 21 Turn: 1065
2026-06-02 09:51:49 [self-0001-1-city] Route planned: Target = 142 Mode = defense city-free reachable tiles = 291 Fallback-Tiles = 293
2026-06-02 09:51:49 [self-0001-1-city] Priority agent: edge reuse -36000 base = 195123 final = 159123
2026-06-02 09:51:49 [self-0001-1-city] Move #1027: 123 -> 142 | Army: 73 | Target-Terrain: 0 | Target: 142 | Half: False
2026-06-02 09:51:49 [self-0001-1-city] My general index: 28
2026-06-02 09:51:49 [self-0001-1-city] Enemy general index: None
2026-06-02 09:51:49 [self-0001-1-city] Visible enemy tiles: 11
2026-06-02 09:51:49 [self-0001-1-city] Tiles: 30 / 131
2026-06-02 09:51:49 [self-0001-1-city] Map: 19 x 21 Turn: 1066
2026-06-02 09:51:49 [self-0001-1-city] Route planned: Target = 123 Mode = defense city-free reachable tiles = 291 Fallback-Tiles = 293
2026-06-02 09:51:49 [self-0001-1-city] Priority agent: edge reuse -36000 base = 195093 final = 159093
2026-06-02 09:51:49 [self-0001-1-city] Move #1028: 104 -> 123 | Army: 43 | Target-Terrain: 0 | Target: 123 | Half: False
2026-06-02 09:51:50 [self-0001-1-city] My general index: 28
2026-06-02 09:51:50 [self-0001-1-city] Enemy general index: None
2026-06-02 09:51:50 [self-0001-1-city] Visible enemy tiles: 12
2026-06-02 09:51:50 [self-0001-1-city] Tiles: 29 / 132
2026-06-02 09:51:50 [self-0001-1-city] Map: 19 x 21 Turn: 1067
2026-06-02 09:51:50 [self-0001-1-city] Route planned: Target = 104 Mode = defense city-free reachable tiles = 291 Fallback-Tiles = 293
2026-06-02 09:51:50 [self-0001-1-city] Move #1029: 121 -> 122 | Army: 4 | Target-Terrain: 1 | Target: 104 | Half: False
2026-06-02 09:51:50 [self-0001-1-city] My general index: 28
2026-06-02 09:51:50 [self-0001-1-city] Enemy general index: None
2026-06-02 09:51:50 [self-0001-1-city] Visible enemy tiles: 11
2026-06-02 09:51:50 [self-0001-1-city] Tiles: 30 / 131
2026-06-02 09:51:50 [self-0001-1-city] Map: 19 x 21 Turn: 1068
2026-06-02 09:51:50 [self-0001-1-city] Route planned: Target = 104 Mode = defense city-free reachable tiles = 291 Fallback-Tiles = 293
2026-06-02 09:51:50 [self-0001-1-city] Priority agent: edge reuse -36000 base = 196993 final = 160993
2026-06-02 09:51:50 [self-0001-1-city] Move #1030: 123 -> 104 | Army: 43 | Target-Terrain: 0 | Target: 104 | Half: False
2026-06-02 09:51:51 [self-0001-1-city] My general index: 28
2026-06-02 09:51:51 [self-0001-1-city] Enemy general index: None
2026-06-02 09:51:51 [self-0001-1-city] Visible enemy tiles: 11
2026-06-02 09:51:51 [self-0001-1-city] Tiles: 30 / 131
2026-06-02 09:51:51 [self-0001-1-city] Map: 19 x 21 Turn: 1069
2026-06-02 09:51:51 [self-0001-1-city] Route planned: Target = 123 Mode = defense city-free reachable tiles = 291 Fallback-Tiles = 293
2026-06-02 09:51:51 [self-0001-1-city] Move #1031: 122 -> 123 | Army: 2 | Target-Terrain: 0 | Target: 123 | Half: False
2026-06-02 09:51:51 [self-0001-1-city] My general index: 28
2026-06-02 09:51:51 [self-0001-1-city] Enemy general index: None
2026-06-02 09:51:51 [self-0001-1-city] Visible enemy tiles: 11
2026-06-02 09:51:51 [self-0001-1-city] Tiles: 30 / 131
2026-06-02 09:51:51 [self-0001-1-city] Map: 19 x 21 Turn: 1070
2026-06-02 09:51:51 [self-0001-1-city] Route planned: Target = 123 Mode = defense city-free reachable tiles = 291 Fallback-Tiles = 293
2026-06-02 09:51:51 [self-0001-1-city] Priority agent: edge reuse -36000 base = 199427 final = 163427
2026-06-02 09:51:51 [self-0001-1-city] Move #1032: 142 -> 123 | Army: 77 | Target-Terrain: 0 | Target: 123 | Half: False
2026-06-02 09:51:52 [self-0001-1-city] My general index: 28
2026-06-02 09:51:52 [self-0001-1-city] Enemy general index: None
2026-06-02 09:51:52 [self-0001-1-city] Visible enemy tiles: 11
2026-06-02 09:51:52 [self-0001-1-city] Tiles: 30 / 131
2026-06-02 09:51:52 [self-0001-1-city] Map: 19 x 21 Turn: 1071
2026-06-02 09:51:52 [self-0001-1-city] Route planned: Target = 142 Mode = defense city-free reachable tiles = 291 Fallback-Tiles = 293
2026-06-02 09:51:52 [self-0001-1-city] Move #1033: 66 -> 85 | Army: 2 | Target-Terrain: 0 | Target: 142 | Half: False
2026-06-02 09:51:52 [self-0001-1-city] My general index: 28
2026-06-02 09:51:52 [self-0001-1-city] Enemy general index: None
2026-06-02 09:51:52 [self-0001-1-city] Visible enemy tiles: 11
2026-06-02 09:51:52 [self-0001-1-city] Tiles: 30 / 131
2026-06-02 09:51:52 [self-0001-1-city] Map: 19 x 21 Turn: 1072
2026-06-02 09:51:52 [self-0001-1-city] Route planned: Target = 142 Mode = defense city-free reachable tiles = 291 Fallback-Tiles = 293
2026-06-02 09:51:52 [self-0001-1-city] Priority agent: edge reuse -36000 base = 198728 final = 162728
2026-06-02 09:51:52 [self-0001-1-city] Move #1034: 123 -> 142 | Army: 78 | Target-Terrain: 0 | Target: 142 | Half: False
2026-06-02 09:51:53 [self-0001-1-city] My general index: 28
2026-06-02 09:51:53 [self-0001-1-city] Enemy general index: None
2026-06-02 09:51:53 [self-0001-1-city] Visible enemy tiles: 11
2026-06-02 09:51:53 [self-0001-1-city] Tiles: 30 / 131
2026-06-02 09:51:53 [self-0001-1-city] Map: 19 x 21 Turn: 1073
2026-06-02 09:51:53 [self-0001-1-city] Route planned: Target = 123 Mode = defense city-free reachable tiles = 291 Fallback-Tiles = 293
2026-06-02 09:51:53 [self-0001-1-city] Priority agent: edge reuse -36000 base = 195093 final = 159093
2026-06-02 09:51:53 [self-0001-1-city] Move #1035: 104 -> 123 | Army: 43 | Target-Terrain: 0 | Target: 123 | Half: False
2026-06-02 09:51:53 [self-0001-1-city] My general index: 28
2026-06-02 09:51:53 [self-0001-1-city] Enemy general index: None
2026-06-02 09:51:53 [self-0001-1-city] Visible enemy tiles: 11
2026-06-02 09:51:53 [self-0001-1-city] Tiles: 30 / 131
2026-06-02 09:51:53 [self-0001-1-city] Map: 19 x 21 Turn: 1074
2026-06-02 09:51:53 [self-0001-1-city] Route planned: Target = 104 Mode = defense city-free reachable tiles = 291 Fallback-Tiles = 293
2026-06-02 09:51:53 [self-0001-1-city] Move #1036: 85 -> 104 | Army: 2 | Target-Terrain: 0 | Target: 104 | Half: False
2026-06-02 09:51:54 [self-0001-1-city] My general index: 28
2026-06-02 09:51:54 [self-0001-1-city] Enemy general index: None
2026-06-02 09:51:54 [self-0001-1-city] Visible enemy tiles: 11
2026-06-02 09:51:54 [self-0001-1-city] Tiles: 30 / 131
2026-06-02 09:51:54 [self-0001-1-city] Map: 19 x 21 Turn: 1075
2026-06-02 09:51:54 [self-0001-1-city] Route planned: Target = 104 Mode = defense city-free reachable tiles = 291 Fallback-Tiles = 293
2026-06-02 09:51:54 [self-0001-1-city] Priority agent: edge reuse -36000 base = 196993 final = 160993
2026-06-02 09:51:54 [self-0001-1-city] Move #1037: 123 -> 104 | Army: 43 | Target-Terrain: 0 | Target: 104 | Half: False
2026-06-02 09:51:54 [self-0001-1-city] My general index: 28
2026-06-02 09:51:54 [self-0001-1-city] Enemy general index: None
2026-06-02 09:51:54 [self-0001-1-city] Visible enemy tiles: 11
2026-06-02 09:51:54 [self-0001-1-city] Tiles: 30 / 131
2026-06-02 09:51:54 [self-0001-1-city] Map: 19 x 21 Turn: 1076
2026-06-02 09:51:54 [self-0001-1-city] Route planned: Target = 123 Mode = defense city-free reachable tiles = 291 Fallback-Tiles = 293
2026-06-02 09:51:54 [self-0001-1-city] Priority agent: edge reuse -36000 base = 199428 final = 163428
2026-06-02 09:51:54 [self-0001-1-city] Move #1038: 142 -> 123 | Army: 78 | Target-Terrain: 0 | Target: 123 | Half: False
2026-06-02 09:51:55 [self-0001-1-city] My general index: 28
2026-06-02 09:51:55 [self-0001-1-city] Enemy general index: None
2026-06-02 09:51:55 [self-0001-1-city] Visible enemy tiles: 11
2026-06-02 09:51:55 [self-0001-1-city] Tiles: 30 / 131
2026-06-02 09:51:55 [self-0001-1-city] Map: 19 x 21 Turn: 1077
2026-06-02 09:51:55 [self-0001-1-city] Route planned: Target = 142 Mode = defense city-free reachable tiles = 291 Fallback-Tiles = 293
2026-06-02 09:51:55 [self-0001-1-city] Move #1039: 84 -> 103 | Army: 2 | Target-Terrain: 0 | Target: 142 | Half: False
2026-06-02 09:51:55 [self-0001-1-city] My general index: 28
2026-06-02 09:51:55 [self-0001-1-city] Enemy general index: None
2026-06-02 09:51:55 [self-0001-1-city] Visible enemy tiles: 11
2026-06-02 09:51:55 [self-0001-1-city] Tiles: 30 / 131
2026-06-02 09:51:55 [self-0001-1-city] Map: 19 x 21 Turn: 1078
2026-06-02 09:51:55 [self-0001-1-city] Route planned: Target = 142 Mode = defense city-free reachable tiles = 291 Fallback-Tiles = 293
2026-06-02 09:51:55 [self-0001-1-city] Priority agent: edge reuse -36000 base = 198728 final = 162728
2026-06-02 09:51:55 [self-0001-1-city] Move #1040: 123 -> 142 | Army: 78 | Target-Terrain: 0 | Target: 142 | Half: False
2026-06-02 09:51:56 [self-0001-1-city] My general index: 28
2026-06-02 09:51:56 [self-0001-1-city] Enemy general index: None
2026-06-02 09:51:56 [self-0001-1-city] Visible enemy tiles: 11
2026-06-02 09:51:56 [self-0001-1-city] Tiles: 30 / 131
2026-06-02 09:51:56 [self-0001-1-city] Map: 19 x 21 Turn: 1079
2026-06-02 09:51:56 [self-0001-1-city] Route planned: Target = 123 Mode = defense city-free reachable tiles = 291 Fallback-Tiles = 293
2026-06-02 09:51:56 [self-0001-1-city] Priority agent: edge reuse -36000 base = 195094 final = 159094
2026-06-02 09:51:56 [self-0001-1-city] Move #1041: 104 -> 123 | Army: 44 | Target-Terrain: 0 | Target: 123 | Half: False
2026-06-02 09:51:56 [self-0001-1-city] My general index: 28
2026-06-02 09:51:56 [self-0001-1-city] Enemy general index: None
2026-06-02 09:51:56 [self-0001-1-city] Visible enemy tiles: 11
2026-06-02 09:51:56 [self-0001-1-city] Tiles: 30 / 131
2026-06-02 09:51:56 [self-0001-1-city] Map: 19 x 21 Turn: 1080
2026-06-02 09:51:56 [self-0001-1-city] Route planned: Target = 104 Mode = defense city-free reachable tiles = 291 Fallback-Tiles = 293
2026-06-02 09:51:56 [self-0001-1-city] Move #1042: 103 -> 104 | Army: 2 | Target-Terrain: 0 | Target: 104 | Half: False
2026-06-02 09:51:57 [self-0001-1-city] My general index: 28
2026-06-02 09:51:57 [self-0001-1-city] Enemy general index: None
2026-06-02 09:51:57 [self-0001-1-city] Visible enemy tiles: 11
2026-06-02 09:51:57 [self-0001-1-city] Tiles: 30 / 131
2026-06-02 09:51:57 [self-0001-1-city] Map: 19 x 21 Turn: 1081
2026-06-02 09:51:57 [self-0001-1-city] Route planned: Target = 104 Mode = defense city-free reachable tiles = 291 Fallback-Tiles = 293
2026-06-02 09:51:57 [self-0001-1-city] Priority agent: edge reuse -36000 base = 196994 final = 160994
2026-06-02 09:51:57 [self-0001-1-city] Move #1043: 123 -> 104 | Army: 44 | Target-Terrain: 0 | Target: 104 | Half: False
2026-06-02 09:51:57 [self-0001-1-city] My general index: 28
2026-06-02 09:51:57 [self-0001-1-city] Enemy general index: None
2026-06-02 09:51:57 [self-0001-1-city] Visible enemy tiles: 11
2026-06-02 09:51:57 [self-0001-1-city] Tiles: 30 / 131
2026-06-02 09:51:57 [self-0001-1-city] Map: 19 x 21 Turn: 1082
2026-06-02 09:51:57 [self-0001-1-city] Route planned: Target = 123 Mode = defense city-free reachable tiles = 291 Fallback-Tiles = 293
2026-06-02 09:51:57 [self-0001-1-city] Priority agent: edge reuse -36000 base = 199428 final = 163428
2026-06-02 09:51:57 [self-0001-1-city] Move #1044: 142 -> 123 | Army: 78 | Target-Terrain: 0 | Target: 123 | Half: False
2026-06-02 09:51:58 [self-0001-1-city] My general index: 28
2026-06-02 09:51:58 [self-0001-1-city] Enemy general index: None
2026-06-02 09:51:58 [self-0001-1-city] Visible enemy tiles: 11
2026-06-02 09:51:58 [self-0001-1-city] Tiles: 30 / 131
2026-06-02 09:51:58 [self-0001-1-city] Map: 19 x 21 Turn: 1083
2026-06-02 09:51:58 [self-0001-1-city] Route planned: Target = 142 Mode = defense city-free reachable tiles = 291 Fallback-Tiles = 293
2026-06-02 09:51:58 [self-0001-1-city] Move #1045: 86 -> 85 | Army: 2 | Target-Terrain: 0 | Target: 142 | Half: False
2026-06-02 09:51:58 [self-0001-1-city] My general index: 28
2026-06-02 09:51:58 [self-0001-1-city] Enemy general index: None
2026-06-02 09:51:58 [self-0001-1-city] Visible enemy tiles: 11
2026-06-02 09:51:58 [self-0001-1-city] Tiles: 30 / 131
2026-06-02 09:51:58 [self-0001-1-city] Map: 19 x 21 Turn: 1084
2026-06-02 09:51:58 [self-0001-1-city] Route planned: Target = 142 Mode = defense city-free reachable tiles = 291 Fallback-Tiles = 293
2026-06-02 09:51:58 [self-0001-1-city] Priority agent: edge reuse -45000 base = 198728 final = 153728
2026-06-02 09:51:58 [self-0001-1-city] Move #1046: 123 -> 142 | Army: 78 | Target-Terrain: 0 | Target: 142 | Half: False
2026-06-02 09:51:59 [self-0001-1-city] My general index: 28
2026-06-02 09:51:59 [self-0001-1-city] Enemy general index: None
2026-06-02 09:51:59 [self-0001-1-city] Visible enemy tiles: 11
2026-06-02 09:51:59 [self-0001-1-city] Tiles: 30 / 131
2026-06-02 09:51:59 [self-0001-1-city] Map: 19 x 21 Turn: 1085
2026-06-02 09:51:59 [self-0001-1-city] Route planned: Target = 123 Mode = defense city-free reachable tiles = 291 Fallback-Tiles = 293
2026-06-02 09:51:59 [self-0001-1-city] Priority agent: edge reuse -36000 base = 195095 final = 159095
2026-06-02 09:51:59 [self-0001-1-city] Move #1047: 104 -> 123 | Army: 45 | Target-Terrain: 0 | Target: 123 | Half: False
2026-06-02 09:51:59 [self-0001-1-city] My general index: 28
2026-06-02 09:51:59 [self-0001-1-city] Enemy general index: None
2026-06-02 09:51:59 [self-0001-1-city] Visible enemy tiles: 11
2026-06-02 09:51:59 [self-0001-1-city] Tiles: 30 / 131
2026-06-02 09:51:59 [self-0001-1-city] Map: 19 x 21 Turn: 1086
2026-06-02 09:51:59 [self-0001-1-city] Route planned: Target = 104 Mode = defense city-free reachable tiles = 291 Fallback-Tiles = 293
2026-06-02 09:51:59 [self-0001-1-city] Priority agent: edge reuse -9000 base = 231052 final = 222052
2026-06-02 09:51:59 [self-0001-1-city] Move #1048: 85 -> 104 | Army: 2 | Target-Terrain: 0 | Target: 104 | Half: False
2026-06-02 09:52:00 [self-0001-1-city] My general index: 28
2026-06-02 09:52:00 [self-0001-1-city] Enemy general index: None
2026-06-02 09:52:00 [self-0001-1-city] Visible enemy tiles: 11
2026-06-02 09:52:00 [self-0001-1-city] Tiles: 30 / 131
2026-06-02 09:52:00 [self-0001-1-city] Map: 19 x 21 Turn: 1087
2026-06-02 09:52:00 [self-0001-1-city] Route planned: Target = 104 Mode = defense city-free reachable tiles = 291 Fallback-Tiles = 293
2026-06-02 09:52:00 [self-0001-1-city] Priority agent: edge reuse -45000 base = 196995 final = 151995
2026-06-02 09:52:00 [self-0001-1-city] Move #1049: 123 -> 104 | Army: 45 | Target-Terrain: 0 | Target: 104 | Half: False
2026-06-02 09:52:00 [self-0001-1-city] My general index: 28
2026-06-02 09:52:00 [self-0001-1-city] Enemy general index: None
2026-06-02 09:52:00 [self-0001-1-city] Visible enemy tiles: 11
2026-06-02 09:52:00 [self-0001-1-city] Tiles: 30 / 131
2026-06-02 09:52:00 [self-0001-1-city] Map: 19 x 21 Turn: 1088
2026-06-02 09:52:00 [self-0001-1-city] Route planned: Target = 123 Mode = defense city-free reachable tiles = 291 Fallback-Tiles = 293
2026-06-02 09:52:00 [self-0001-1-city] Priority agent: edge reuse -36000 base = 199428 final = 163428
2026-06-02 09:52:00 [self-0001-1-city] Move #1050: 142 -> 123 | Army: 78 | Target-Terrain: 0 | Target: 123 | Half: False
2026-06-02 09:52:01 [self-0001-1-city] My general index: 28
2026-06-02 09:52:01 [self-0001-1-city] Enemy general index: None
2026-06-02 09:52:01 [self-0001-1-city] Visible enemy tiles: 11
2026-06-02 09:52:01 [self-0001-1-city] Tiles: 30 / 131
2026-06-02 09:52:01 [self-0001-1-city] Map: 19 x 21 Turn: 1089
2026-06-02 09:52:01 [self-0001-1-city] Route planned: Target = 142 Mode = defense city-free reachable tiles = 291 Fallback-Tiles = 293
2026-06-02 09:52:01 [self-0001-1-city] Move #1051: 65 -> 84 | Army: 4 | Target-Terrain: 0 | Target: 142 | Half: False
2026-06-02 09:52:01 [self-0001-1-city] My general index: 28
2026-06-02 09:52:01 [self-0001-1-city] Enemy general index: None
2026-06-02 09:52:01 [self-0001-1-city] Visible enemy tiles: 11
2026-06-02 09:52:01 [self-0001-1-city] Tiles: 30 / 131
2026-06-02 09:52:01 [self-0001-1-city] Map: 19 x 21 Turn: 1090
2026-06-02 09:52:01 [self-0001-1-city] Route planned: Target = 142 Mode = defense city-free reachable tiles = 291 Fallback-Tiles = 293
2026-06-02 09:52:01 [self-0001-1-city] Priority agent: edge reuse -45000 base = 198728 final = 153728
2026-06-02 09:52:01 [self-0001-1-city] Move #1052: 123 -> 142 | Army: 78 | Target-Terrain: 0 | Target: 142 | Half: False
2026-06-02 09:52:02 [self-0001-1-city] My general index: 28
2026-06-02 09:52:02 [self-0001-1-city] Enemy general index: None
2026-06-02 09:52:02 [self-0001-1-city] Visible enemy tiles: 11
2026-06-02 09:52:02 [self-0001-1-city] Tiles: 30 / 131
2026-06-02 09:52:02 [self-0001-1-city] Map: 19 x 21 Turn: 1091
2026-06-02 09:52:02 [self-0001-1-city] Route planned: Target = 123 Mode = defense city-free reachable tiles = 291 Fallback-Tiles = 293
2026-06-02 09:52:02 [self-0001-1-city] Priority agent: edge reuse -36000 base = 195096 final = 159096
2026-06-02 09:52:02 [self-0001-1-city] Move #1053: 104 -> 123 | Army: 46 | Target-Terrain: 0 | Target: 123 | Half: False
2026-06-02 09:52:02 [self-0001-1-city] My general index: 28
2026-06-02 09:52:02 [self-0001-1-city] Enemy general index: None
2026-06-02 09:52:02 [self-0001-1-city] Visible enemy tiles: 11
2026-06-02 09:52:02 [self-0001-1-city] Tiles: 30 / 131
2026-06-02 09:52:02 [self-0001-1-city] Map: 19 x 21 Turn: 1092
2026-06-02 09:52:02 [self-0001-1-city] Route planned: Target = 104 Mode = defense city-free reachable tiles = 291 Fallback-Tiles = 293
2026-06-02 09:52:02 [self-0001-1-city] Move #1054: 84 -> 103 | Army: 4 | Target-Terrain: 0 | Target: 104 | Half: False
2026-06-02 09:52:03 [self-0001-1-city] My general index: 28
2026-06-02 09:52:03 [self-0001-1-city] Enemy general index: None
2026-06-02 09:52:03 [self-0001-1-city] Visible enemy tiles: 11
2026-06-02 09:52:03 [self-0001-1-city] Tiles: 30 / 131
2026-06-02 09:52:03 [self-0001-1-city] Map: 19 x 21 Turn: 1093
2026-06-02 09:52:03 [self-0001-1-city] Route planned: Target = 104 Mode = defense city-free reachable tiles = 291 Fallback-Tiles = 293
2026-06-02 09:52:03 [self-0001-1-city] Priority agent: edge reuse -9000, flow +6000 base = 228954 final = 225954
2026-06-02 09:52:03 [self-0001-1-city] Move #1055: 103 -> 104 | Army: 4 | Target-Terrain: 0 | Target: 104 | Half: False
2026-06-02 09:52:03 [self-0001-1-city] My general index: 28
2026-06-02 09:52:03 [self-0001-1-city] Enemy general index: None
2026-06-02 09:52:03 [self-0001-1-city] Visible enemy tiles: 11
2026-06-02 09:52:03 [self-0001-1-city] Tiles: 30 / 131
2026-06-02 09:52:03 [self-0001-1-city] Map: 19 x 21 Turn: 1094
2026-06-02 09:52:03 [self-0001-1-city] Route planned: Target = 104 Mode = defense city-free reachable tiles = 291 Fallback-Tiles = 293
2026-06-02 09:52:03 [self-0001-1-city] Priority agent: edge reuse -36000 base = 196996 final = 160996
2026-06-02 09:52:03 [self-0001-1-city] Move #1056: 123 -> 104 | Army: 46 | Target-Terrain: 0 | Target: 104 | Half: False
2026-06-02 09:52:04 [self-0001-1-city] My general index: 28
2026-06-02 09:52:04 [self-0001-1-city] Enemy general index: None
2026-06-02 09:52:04 [self-0001-1-city] Visible enemy tiles: 11
2026-06-02 09:52:04 [self-0001-1-city] Tiles: 30 / 131
2026-06-02 09:52:04 [self-0001-1-city] Map: 19 x 21 Turn: 1095
2026-06-02 09:52:04 [self-0001-1-city] Route planned: Target = 123 Mode = defense city-free reachable tiles = 291 Fallback-Tiles = 293
2026-06-02 09:52:04 [self-0001-1-city] Priority agent: edge reuse -36000 base = 199428 final = 163428
2026-06-02 09:52:04 [self-0001-1-city] Move #1057: 142 -> 123 | Army: 78 | Target-Terrain: 0 | Target: 123 | Half: False
2026-06-02 09:52:04 [self-0001-1-city] My general index: 28
2026-06-02 09:52:04 [self-0001-1-city] Enemy general index: None
2026-06-02 09:52:04 [self-0001-1-city] Visible enemy tiles: 11
2026-06-02 09:52:04 [self-0001-1-city] Tiles: 30 / 131
2026-06-02 09:52:04 [self-0001-1-city] Map: 19 x 21 Turn: 1096
2026-06-02 09:52:04 [self-0001-1-city] Route planned: Target = 142 Mode = defense city-free reachable tiles = 291 Fallback-Tiles = 293
2026-06-02 09:52:04 [self-0001-1-city] Move #1058: 87 -> 86 | Army: 4 | Target-Terrain: 0 | Target: 142 | Half: False
2026-06-02 09:52:05 [self-0001-1-city] Coach: stabilize tiles 30/131 army 264/2745 cities 0/0 enemy_city_suspect True bias {'expansion_bias': 0.1, 'city_bias': 0.8, 'attack_bias': -0.30000000000000004, 'defense_bias': 1.2, 'route_bias': 0.3}
2026-06-02 09:52:05 [self-0001-1-city] My general index: 28
2026-06-02 09:52:05 [self-0001-1-city] Enemy general index: None
2026-06-02 09:52:05 [self-0001-1-city] Visible enemy tiles: 11
2026-06-02 09:52:05 [self-0001-1-city] Tiles: 30 / 131
2026-06-02 09:52:05 [self-0001-1-city] Map: 19 x 21 Turn: 1097
2026-06-02 09:52:05 [self-0001-1-city] Route planned: Target = 142 Mode = defense city-free reachable tiles = 291 Fallback-Tiles = 293
2026-06-02 09:52:05 [self-0001-1-city] Priority agent: edge reuse -36000 base = 198728 final = 162728
2026-06-02 09:52:05 [self-0001-1-city] Move #1059: 123 -> 142 | Army: 78 | Target-Terrain: 0 | Target: 142 | Half: False
2026-06-02 09:52:05 [self-0001-1-city] My general index: 28
2026-06-02 09:52:05 [self-0001-1-city] Enemy general index: None
2026-06-02 09:52:05 [self-0001-1-city] Visible enemy tiles: 11
2026-06-02 09:52:05 [self-0001-1-city] Tiles: 30 / 131
2026-06-02 09:52:05 [self-0001-1-city] Map: 19 x 21 Turn: 1098
2026-06-02 09:52:05 [self-0001-1-city] Route planned: Target = 123 Mode = defense city-free reachable tiles = 291 Fallback-Tiles = 293
2026-06-02 09:52:05 [self-0001-1-city] Priority agent: edge reuse -36000 base = 195099 final = 159099
2026-06-02 09:52:05 [self-0001-1-city] Move #1060: 104 -> 123 | Army: 49 | Target-Terrain: 0 | Target: 123 | Half: False
2026-06-02 09:52:06 [self-0001-1-city] My general index: 28
2026-06-02 09:52:06 [self-0001-1-city] Enemy general index: None
2026-06-02 09:52:06 [self-0001-1-city] Visible enemy tiles: 11
2026-06-02 09:52:06 [self-0001-1-city] Tiles: 30 / 131
2026-06-02 09:52:06 [self-0001-1-city] Map: 19 x 21 Turn: 1099
2026-06-02 09:52:06 [self-0001-1-city] Route planned: Target = 104 Mode = defense city-free reachable tiles = 291 Fallback-Tiles = 293
2026-06-02 09:52:06 [self-0001-1-city] Move #1061: 86 -> 85 | Army: 4 | Target-Terrain: 0 | Target: 104 | Half: False
2026-06-02 09:52:06 [self-0001-1-city] My general index: 28
2026-06-02 09:52:06 [self-0001-1-city] Enemy general index: None
2026-06-02 09:52:06 [self-0001-1-city] Visible enemy tiles: 11
2026-06-02 09:52:06 [self-0001-1-city] Tiles: 30 / 131
2026-06-02 09:52:06 [self-0001-1-city] Map: 19 x 21 Turn: 1100
2026-06-02 09:52:06 [self-0001-1-city] Route planned: Target = 104 Mode = defense city-free reachable tiles = 291 Fallback-Tiles = 293
2026-06-02 09:52:06 [self-0001-1-city] Priority agent: edge reuse -9000, flow +6000 base = 233255 final = 230255
2026-06-02 09:52:06 [self-0001-1-city] Move #1062: 85 -> 104 | Army: 5 | Target-Terrain: 0 | Target: 104 | Half: False
2026-06-02 09:52:07 [self-0001-1-city] My general index: 28
2026-06-02 09:52:07 [self-0001-1-city] Enemy general index: None
2026-06-02 09:52:07 [self-0001-1-city] Visible enemy tiles: 11
2026-06-02 09:52:07 [self-0001-1-city] Tiles: 30 / 131
2026-06-02 09:52:07 [self-0001-1-city] Map: 19 x 21 Turn: 1101
2026-06-02 09:52:07 [self-0001-1-city] Route planned: Target = 104 Mode = defense city-free reachable tiles = 291 Fallback-Tiles = 293
2026-06-02 09:52:07 [self-0001-1-city] Priority agent: edge reuse -9000 base = 226752 final = 217752
2026-06-02 09:52:07 [self-0001-1-city] Move #1063: 103 -> 104 | Army: 2 | Target-Terrain: 0 | Target: 104 | Half: False
2026-06-02 09:52:07 [self-0001-1-city] My general index: 28
2026-06-02 09:52:07 [self-0001-1-city] Enemy general index: None
2026-06-02 09:52:07 [self-0001-1-city] Visible enemy tiles: 11
2026-06-02 09:52:07 [self-0001-1-city] Tiles: 30 / 131
2026-06-02 09:52:07 [self-0001-1-city] Map: 19 x 21 Turn: 1102
2026-06-02 09:52:07 [self-0001-1-city] Route planned: Target = 122 Mode = defense city-free reachable tiles = 291 Fallback-Tiles = 293
2026-06-02 09:52:07 [self-0001-1-city] Move #1064: 123 -> 122 | Army: 50 | Target-Terrain: 0 | Target: 122 | Half: False
2026-06-02 09:52:08 [self-0001-1-city] My general index: 28
2026-06-02 09:52:08 [self-0001-1-city] Enemy general index: None
2026-06-02 09:52:08 [self-0001-1-city] Visible enemy tiles: 11
2026-06-02 09:52:08 [self-0001-1-city] Tiles: 30 / 131
2026-06-02 09:52:08 [self-0001-1-city] Map: 19 x 21 Turn: 1103
2026-06-02 09:52:08 [self-0001-1-city] Route planned: Target = 199 Mode = defense city-free reachable tiles = 291 Fallback-Tiles = 293
2026-06-02 09:52:08 [self-0001-1-city] Priority agent: flow +6000 base = 72391 final = 78391
2026-06-02 09:52:08 [self-0001-1-city] Move #1065: 122 -> 141 | Army: 51 | Target-Terrain: 1 | Target: 199 | Half: False
2026-06-02 09:52:08 [self-0001-1-city] My general index: 28
2026-06-02 09:52:08 [self-0001-1-city] Enemy general index: None
2026-06-02 09:52:08 [self-0001-1-city] Visible enemy tiles: 10
2026-06-02 09:52:08 [self-0001-1-city] Tiles: 31 / 130
2026-06-02 09:52:08 [self-0001-1-city] Map: 19 x 21 Turn: 1104
2026-06-02 09:52:08 [self-0001-1-city] Route planned: Target = 122 Mode = defense city-free reachable tiles = 291 Fallback-Tiles = 293
2026-06-02 09:52:08 [self-0001-1-city] Move #1066: 121 -> 122 | Army: 2 | Target-Terrain: 0 | Target: 122 | Half: False
2026-06-02 09:52:09 [self-0001-1-city] My general index: 28
2026-06-02 09:52:09 [self-0001-1-city] Enemy general index: None
2026-06-02 09:52:09 [self-0001-1-city] Visible enemy tiles: 10
2026-06-02 09:52:09 [self-0001-1-city] Tiles: 31 / 130
2026-06-02 09:52:09 [self-0001-1-city] Map: 19 x 21 Turn: 1105
2026-06-02 09:52:09 [self-0001-1-city] Route planned: Target = 122 Mode = defense city-free reachable tiles = 291 Fallback-Tiles = 293
2026-06-02 09:52:09 [self-0001-1-city] Priority agent: edge reuse -9000 base = 210798 final = 201798
2026-06-02 09:52:09 [self-0001-1-city] Move #1067: 141 -> 122 | Army: 48 | Target-Terrain: 0 | Target: 122 | Half: False
2026-06-02 09:52:09 [self-0001-1-city] My general index: 28
2026-06-02 09:52:09 [self-0001-1-city] Enemy general index: None
2026-06-02 09:52:09 [self-0001-1-city] Visible enemy tiles: 10
2026-06-02 09:52:09 [self-0001-1-city] Tiles: 31 / 130
2026-06-02 09:52:09 [self-0001-1-city] Map: 19 x 21 Turn: 1106
2026-06-02 09:52:09 [self-0001-1-city] Route planned: Target = 199 Mode = defense city-free reachable tiles = 291 Fallback-Tiles = 293
2026-06-02 09:52:09 [self-0001-1-city] Move #1068: 142 -> 143 | Army: 79 | Target-Terrain: 1 | Target: 199 | Half: False
2026-06-02 09:52:10 [self-0001-1-city] My general index: 28
2026-06-02 09:52:10 [self-0001-1-city] Enemy general index: None
2026-06-02 09:52:10 [self-0001-1-city] Visible enemy tiles: 9
2026-06-02 09:52:10 [self-0001-1-city] Tiles: 32 / 129
2026-06-02 09:52:10 [self-0001-1-city] Map: 19 x 21 Turn: 1107
2026-06-02 09:52:10 [self-0001-1-city] Route planned: Target = 142 Mode = defense city-free reachable tiles = 291 Fallback-Tiles = 293
2026-06-02 09:52:10 [self-0001-1-city] Move #1069: 161 -> 142 | Army: 2 | Target-Terrain: 0 | Target: 142 | Half: False
2026-06-02 09:52:10 [self-0001-1-city] My general index: 28
2026-06-02 09:52:10 [self-0001-1-city] Enemy general index: None
2026-06-02 09:52:10 [self-0001-1-city] Visible enemy tiles: 9
2026-06-02 09:52:10 [self-0001-1-city] Tiles: 32 / 129
2026-06-02 09:52:10 [self-0001-1-city] Map: 19 x 21 Turn: 1108
2026-06-02 09:52:10 [self-0001-1-city] Route planned: Target = 142 Mode = defense city-free reachable tiles = 291 Fallback-Tiles = 293
2026-06-02 09:52:10 [self-0001-1-city] Priority agent: edge reuse -9000 base = 218025 final = 209025
2026-06-02 09:52:10 [self-0001-1-city] Move #1070: 143 -> 142 | Army: 75 | Target-Terrain: 0 | Target: 142 | Half: False
2026-06-02 09:52:11 [self-0001-1-city] My general index: 28
2026-06-02 09:52:11 [self-0001-1-city] Enemy general index: None
2026-06-02 09:52:11 [self-0001-1-city] Visible enemy tiles: 8
2026-06-02 09:52:11 [self-0001-1-city] Tiles: 31 / 130
2026-06-02 09:52:11 [self-0001-1-city] Map: 19 x 21 Turn: 1109
2026-06-02 09:52:11 [self-0001-1-city] Route planned: Target = 161 Mode = strategy city-free reachable tiles = 291 Fallback-Tiles = 293
2026-06-02 09:52:11 [self-0001-1-city] Priority agent: edge reuse -9000, flow +6000 base = 54076 final = 51076
2026-06-02 09:52:11 [self-0001-1-city] Move #1071: 142 -> 161 | Army: 76 | Target-Terrain: 1 | Target: 161 | Half: False
2026-06-02 09:52:11 [self-0001-1-city] My general index: 28
2026-06-02 09:52:11 [self-0001-1-city] Enemy general index: None
2026-06-02 09:52:11 [self-0001-1-city] Visible enemy tiles: 9
2026-06-02 09:52:11 [self-0001-1-city] Tiles: 32 / 129
2026-06-02 09:52:11 [self-0001-1-city] Map: 19 x 21 Turn: 1110
2026-06-02 09:52:11 [self-0001-1-city] Route planned: Target = 142 Mode = defense city-free reachable tiles = 291 Fallback-Tiles = 293
2026-06-02 09:52:11 [self-0001-1-city] Priority agent: reverse -35000, edge reuse -18000 base = 206124 final = 153124
2026-06-02 09:52:11 [self-0001-1-city] Move #1072: 161 -> 142 | Army: 74 | Target-Terrain: 0 | Target: 142 | Half: False
2026-06-02 09:52:12 [self-0001-1-city] My general index: 28
2026-06-02 09:52:12 [self-0001-1-city] Enemy general index: None
2026-06-02 09:52:12 [self-0001-1-city] Visible enemy tiles: 9
2026-06-02 09:52:12 [self-0001-1-city] Tiles: 32 / 129
2026-06-02 09:52:12 [self-0001-1-city] Map: 19 x 21 Turn: 1111
2026-06-02 09:52:12 [self-0001-1-city] Route planned: Target = 180 Mode = strategy city-free reachable tiles = 291 Fallback-Tiles = 293
2026-06-02 09:52:12 [self-0001-1-city] Move #1073: 66 -> 85 | Army: 2 | Target-Terrain: 0 | Target: 180 | Half: False
2026-06-02 09:52:12 [self-0001-1-city] My general index: 28
2026-06-02 09:52:12 [self-0001-1-city] Enemy general index: None
2026-06-02 09:52:12 [self-0001-1-city] Visible enemy tiles: 8
2026-06-02 09:52:12 [self-0001-1-city] Tiles: 31 / 130
2026-06-02 09:52:12 [self-0001-1-city] Map: 19 x 21 Turn: 1112
2026-06-02 09:52:12 [self-0001-1-city] Route planned: Target = 180 Mode = strategy city-free reachable tiles = 291 Fallback-Tiles = 293
2026-06-02 09:52:12 [self-0001-1-city] Move #1074: 84 -> 103 | Army: 2 | Target-Terrain: 0 | Target: 180 | Half: False
2026-06-02 09:52:13 [self-0001-1-city] My general index: 28
2026-06-02 09:52:13 [self-0001-1-city] Enemy general index: None
2026-06-02 09:52:13 [self-0001-1-city] Visible enemy tiles: 8
2026-06-02 09:52:13 [self-0001-1-city] Tiles: 31 / 130
2026-06-02 09:52:13 [self-0001-1-city] Map: 19 x 21 Turn: 1113
2026-06-02 09:52:13 [self-0001-1-city] Route planned: Target = 180 Mode = strategy city-free reachable tiles = 291 Fallback-Tiles = 293
2026-06-02 09:52:13 [self-0001-1-city] Move #1075: 47 -> 66 | Army: 3 | Target-Terrain: 0 | Target: 180 | Half: False
2026-06-02 09:52:13 [self-0001-1-city] My general index: 28
2026-06-02 09:52:13 [self-0001-1-city] Enemy general index: None
2026-06-02 09:52:13 [self-0001-1-city] Visible enemy tiles: 8
2026-06-02 09:52:13 [self-0001-1-city] Tiles: 31 / 130
2026-06-02 09:52:13 [self-0001-1-city] Map: 19 x 21 Turn: 1114
2026-06-02 09:52:13 [self-0001-1-city] Route planned: Target = 180 Mode = strategy city-free reachable tiles = 291 Fallback-Tiles = 293
2026-06-02 09:52:13 [self-0001-1-city] Move #1076: 86 -> 85 | Army: 2 | Target-Terrain: 0 | Target: 180 | Half: False
2026-06-02 09:52:14 [self-0001-1-city] My general index: 28
2026-06-02 09:52:14 [self-0001-1-city] Enemy general index: None
2026-06-02 09:52:14 [self-0001-1-city] Visible enemy tiles: 8
2026-06-02 09:52:14 [self-0001-1-city] Tiles: 31 / 130
2026-06-02 09:52:14 [self-0001-1-city] Map: 19 x 21 Turn: 1115
2026-06-02 09:52:14 [self-0001-1-city] Route planned: Target = 180 Mode = strategy city-free reachable tiles = 291 Fallback-Tiles = 293
2026-06-02 09:52:14 [self-0001-1-city] Move #1077: 28 -> 47 | Army: 86 | Target-Terrain: 0 | Target: 180 | Half: True
2026-06-02 09:52:14 [self-0001-1-city] My general index: 28
2026-06-02 09:52:14 [self-0001-1-city] Enemy general index: None
2026-06-02 09:52:14 [self-0001-1-city] Visible enemy tiles: 8
2026-06-02 09:52:14 [self-0001-1-city] Tiles: 31 / 130
2026-06-02 09:52:14 [self-0001-1-city] Map: 19 x 21 Turn: 1116
2026-06-02 09:52:14 [self-0001-1-city] Route planned: Target = 180 Mode = strategy city-free reachable tiles = 291 Fallback-Tiles = 293
2026-06-02 09:52:14 [self-0001-1-city] Move #1078: 67 -> 86 | Army: 3 | Target-Terrain: 0 | Target: 180 | Half: False
2026-06-02 09:52:15 [self-0001-1-city] My general index: 28
2026-06-02 09:52:15 [self-0001-1-city] Enemy general index: None
2026-06-02 09:52:15 [self-0001-1-city] Visible enemy tiles: 8
2026-06-02 09:52:15 [self-0001-1-city] Tiles: 31 / 130
2026-06-02 09:52:15 [self-0001-1-city] Map: 19 x 21 Turn: 1117
2026-06-02 09:52:15 [self-0001-1-city] Route planned: Target = 180 Mode = strategy city-free reachable tiles = 291 Fallback-Tiles = 293
2026-06-02 09:52:15 [self-0001-1-city] Move #1079: 83 -> 102 | Army: 3 | Target-Terrain: 0 | Target: 180 | Half: False
2026-06-02 09:52:15 [self-0001-1-city] My general index: 28
2026-06-02 09:52:15 [self-0001-1-city] Enemy general index: None
2026-06-02 09:52:15 [self-0001-1-city] Visible enemy tiles: 8
2026-06-02 09:52:15 [self-0001-1-city] Tiles: 31 / 130
2026-06-02 09:52:15 [self-0001-1-city] Map: 19 x 21 Turn: 1118
2026-06-02 09:52:15 [self-0001-1-city] Route planned: Target = 180 Mode = strategy city-free reachable tiles = 291 Fallback-Tiles = 293
2026-06-02 09:52:15 [self-0001-1-city] Move #1080: 65 -> 84 | Army: 2 | Target-Terrain: 0 | Target: 180 | Half: False
2026-06-02 09:52:16 [self-0001-1-city] My general index: 28
2026-06-02 09:52:16 [self-0001-1-city] Enemy general index: None
2026-06-02 09:52:16 [self-0001-1-city] Visible enemy tiles: 8
2026-06-02 09:52:16 [self-0001-1-city] Tiles: 31 / 130
2026-06-02 09:52:16 [self-0001-1-city] Map: 19 x 21 Turn: 1119
2026-06-02 09:52:16 [self-0001-1-city] Route planned: Target = 180 Mode = strategy city-free reachable tiles = 291 Fallback-Tiles = 293
2026-06-02 09:52:16 [self-0001-1-city] Move #1081: 85 -> 104 | Army: 3 | Target-Terrain: 0 | Target: 180 | Half: False
2026-06-02 09:52:16 [self-0001-1-city] My general index: 28
2026-06-02 09:52:16 [self-0001-1-city] Enemy general index: None
2026-06-02 09:52:16 [self-0001-1-city] Visible enemy tiles: 8
2026-06-02 09:52:16 [self-0001-1-city] Tiles: 31 / 130
2026-06-02 09:52:16 [self-0001-1-city] Map: 19 x 21 Turn: 1120
2026-06-02 09:52:16 [self-0001-1-city] Route planned: Target = 180 Mode = strategy city-free reachable tiles = 291 Fallback-Tiles = 293
2026-06-02 09:52:16 [self-0001-1-city] Move #1082: 87 -> 86 | Army: 2 | Target-Terrain: 0 | Target: 180 | Half: False
2026-06-02 09:52:17 [self-0001-1-city] My general index: 28
2026-06-02 09:52:17 [self-0001-1-city] Enemy general index: None
2026-06-02 09:52:17 [self-0001-1-city] Visible enemy tiles: 8
2026-06-02 09:52:17 [self-0001-1-city] Tiles: 31 / 130
2026-06-02 09:52:17 [self-0001-1-city] Map: 19 x 21 Turn: 1121
2026-06-02 09:52:17 [self-0001-1-city] Route planned: Target = 180 Mode = strategy city-free reachable tiles = 291 Fallback-Tiles = 293
2026-06-02 09:52:17 [self-0001-1-city] Move #1083: 46 -> 65 | Army: 3 | Target-Terrain: 0 | Target: 180 | Half: False
2026-06-02 09:52:17 [self-0001-1-city] My general index: 28
2026-06-02 09:52:17 [self-0001-1-city] Enemy general index: None
2026-06-02 09:52:17 [self-0001-1-city] Visible enemy tiles: 8
2026-06-02 09:52:17 [self-0001-1-city] Tiles: 31 / 130
2026-06-02 09:52:17 [self-0001-1-city] Map: 19 x 21 Turn: 1122
2026-06-02 09:52:17 [self-0001-1-city] Route planned: Target = 180 Mode = strategy city-free reachable tiles = 291 Fallback-Tiles = 293
2026-06-02 09:52:17 [self-0001-1-city] Priority agent: edge reuse -18000 base = 55634 final = 37634
2026-06-02 09:52:17 [self-0001-1-city] Move #1084: 142 -> 161 | Army: 74 | Target-Terrain: 1 | Target: 180 | Half: False
2026-06-02 09:52:18 [self-0001-1-city] My general index: 28
2026-06-02 09:52:18 [self-0001-1-city] Enemy general index: None
2026-06-02 09:52:18 [self-0001-1-city] Visible enemy tiles: 9
2026-06-02 09:52:18 [self-0001-1-city] Tiles: 32 / 129
2026-06-02 09:52:18 [self-0001-1-city] Map: 19 x 21 Turn: 1123
2026-06-02 09:52:18 [self-0001-1-city] Route planned: Target = 142 Mode = defense city-free reachable tiles = 291 Fallback-Tiles = 293
2026-06-02 09:52:18 [self-0001-1-city] Priority agent: reverse -35000, edge reuse -27000 base = 218122 final = 156122
2026-06-02 09:52:18 [self-0001-1-city] Move #1085: 161 -> 142 | Army: 72 | Target-Terrain: 0 | Target: 142 | Half: False
2026-06-02 09:52:18 [self-0001-1-city] My general index: 28
2026-06-02 09:52:18 [self-0001-1-city] Enemy general index: None
2026-06-02 09:52:18 [self-0001-1-city] Visible enemy tiles: 9
2026-06-02 09:52:18 [self-0001-1-city] Tiles: 32 / 129
2026-06-02 09:52:18 [self-0001-1-city] Map: 19 x 21 Turn: 1124
2026-06-02 09:52:18 [self-0001-1-city] Route planned: Target = 180 Mode = strategy city-free reachable tiles = 291 Fallback-Tiles = 293
2026-06-02 09:52:18 [self-0001-1-city] Move #1086: 48 -> 67 | Army: 3 | Target-Terrain: 0 | Target: 180 | Half: False
2026-06-02 09:52:19 [self-0001-1-city] My general index: 28
2026-06-02 09:52:19 [self-0001-1-city] Enemy general index: None
2026-06-02 09:52:19 [self-0001-1-city] Visible enemy tiles: 9
2026-06-02 09:52:19 [self-0001-1-city] Tiles: 32 / 129
2026-06-02 09:52:19 [self-0001-1-city] Map: 19 x 21 Turn: 1125
2026-06-02 09:52:19 [self-0001-1-city] Route planned: Target = 180 Mode = strategy city-free reachable tiles = 291 Fallback-Tiles = 293
2026-06-02 09:52:19 [self-0001-1-city] Move #1087: 64 -> 83 | Army: 3 | Target-Terrain: 0 | Target: 180 | Half: False
2026-06-02 09:52:19 [self-0001-1-city] My general index: 28
2026-06-02 09:52:19 [self-0001-1-city] Enemy general index: None
2026-06-02 09:52:19 [self-0001-1-city] Visible enemy tiles: 9
2026-06-02 09:52:19 [self-0001-1-city] Tiles: 32 / 129
2026-06-02 09:52:19 [self-0001-1-city] Map: 19 x 21 Turn: 1126
2026-06-02 09:52:19 [self-0001-1-city] Route planned: Target = 180 Mode = strategy city-free reachable tiles = 291 Fallback-Tiles = 293
2026-06-02 09:52:19 [self-0001-1-city] Move #1088: 66 -> 85 | Army: 3 | Target-Terrain: 0 | Target: 180 | Half: False
2026-06-02 09:52:20 [self-0001-1-city] My general index: 28
2026-06-02 09:52:20 [self-0001-1-city] Enemy general index: None
2026-06-02 09:52:20 [self-0001-1-city] Visible enemy tiles: 9
2026-06-02 09:52:20 [self-0001-1-city] Tiles: 32 / 129
2026-06-02 09:52:20 [self-0001-1-city] Map: 19 x 21 Turn: 1127
2026-06-02 09:52:20 [self-0001-1-city] Route planned: Target = 180 Mode = strategy city-free reachable tiles = 291 Fallback-Tiles = 293
2026-06-02 09:52:20 [self-0001-1-city] Move #1089: 84 -> 103 | Army: 2 | Target-Terrain: 0 | Target: 180 | Half: False
2026-06-02 09:52:20 [self-0001-1-city] My general index: 28
2026-06-02 09:52:20 [self-0001-1-city] Enemy general index: None
2026-06-02 09:52:20 [self-0001-1-city] Visible enemy tiles: 9
2026-06-02 09:52:20 [self-0001-1-city] Tiles: 32 / 129
2026-06-02 09:52:20 [self-0001-1-city] Map: 19 x 21 Turn: 1128
2026-06-02 09:52:20 [self-0001-1-city] Route planned: Target = 180 Mode = strategy city-free reachable tiles = 291 Fallback-Tiles = 293
2026-06-02 09:52:20 [self-0001-1-city] Move #1090: 47 -> 66 | Army: 44 | Target-Terrain: 0 | Target: 180 | Half: False
2026-06-02 09:52:21 [self-0001-1-city] My general index: 28
2026-06-02 09:52:21 [self-0001-1-city] Enemy general index: None
2026-06-02 09:52:21 [self-0001-1-city] Visible enemy tiles: 9
2026-06-02 09:52:21 [self-0001-1-city] Tiles: 32 / 129
2026-06-02 09:52:21 [self-0001-1-city] Map: 19 x 21 Turn: 1129
2026-06-02 09:52:21 [self-0001-1-city] Route planned: Target = 180 Mode = strategy city-free reachable tiles = 291 Fallback-Tiles = 293
2026-06-02 09:52:21 [self-0001-1-city] Move #1091: 86 -> 85 | Army: 4 | Target-Terrain: 0 | Target: 180 | Half: False
2026-06-02 09:52:21 [self-0001-1-city] My general index: 28
2026-06-02 09:52:21 [self-0001-1-city] Enemy general index: None
2026-06-02 09:52:21 [self-0001-1-city] Visible enemy tiles: 9
2026-06-02 09:52:21 [self-0001-1-city] Tiles: 32 / 129
2026-06-02 09:52:21 [self-0001-1-city] Map: 19 x 21 Turn: 1130
2026-06-02 09:52:21 [self-0001-1-city] Route planned: Target = 180 Mode = strategy city-free reachable tiles = 291 Fallback-Tiles = 293
2026-06-02 09:52:21 [self-0001-1-city] Move #1092: 67 -> 66 | Army: 3 | Target-Terrain: 0 | Target: 180 | Half: False
2026-06-02 09:52:22 [self-0001-1-city] My general index: 28
2026-06-02 09:52:22 [self-0001-1-city] Enemy general index: None
2026-06-02 09:52:22 [self-0001-1-city] Visible enemy tiles: 9
2026-06-02 09:52:22 [self-0001-1-city] Tiles: 32 / 129
2026-06-02 09:52:22 [self-0001-1-city] Map: 19 x 21 Turn: 1131
2026-06-02 09:52:22 [self-0001-1-city] Route planned: Target = 180 Mode = strategy city-free reachable tiles = 291 Fallback-Tiles = 293
2026-06-02 09:52:22 [self-0001-1-city] Move #1093: 68 -> 87 | Army: 3 | Target-Terrain: 0 | Target: 180 | Half: False
2026-06-02 09:52:22 [self-0001-1-city] My general index: 28
2026-06-02 09:52:22 [self-0001-1-city] Enemy general index: None
2026-06-02 09:52:22 [self-0001-1-city] Visible enemy tiles: 9
2026-06-02 09:52:22 [self-0001-1-city] Tiles: 32 / 129
2026-06-02 09:52:22 [self-0001-1-city] Map: 19 x 21 Turn: 1132
2026-06-02 09:52:22 [self-0001-1-city] Route planned: Target = 180 Mode = strategy city-free reachable tiles = 291 Fallback-Tiles = 293
2026-06-02 09:52:22 [self-0001-1-city] Move #1094: 83 -> 102 | Army: 3 | Target-Terrain: 0 | Target: 180 | Half: False
2026-06-02 09:52:23 [self-0001-1-city] My general index: 28
2026-06-02 09:52:23 [self-0001-1-city] Enemy general index: None
2026-06-02 09:52:23 [self-0001-1-city] Visible enemy tiles: 9
2026-06-02 09:52:23 [self-0001-1-city] Tiles: 32 / 129
2026-06-02 09:52:23 [self-0001-1-city] Map: 19 x 21 Turn: 1133
2026-06-02 09:52:23 [self-0001-1-city] Route planned: Target = 180 Mode = strategy city-free reachable tiles = 291 Fallback-Tiles = 293
2026-06-02 09:52:23 [self-0001-1-city] Move #1095: 65 -> 84 | Army: 3 | Target-Terrain: 0 | Target: 180 | Half: False
2026-06-02 09:52:23 [self-0001-1-city] My general index: 28
2026-06-02 09:52:23 [self-0001-1-city] Enemy general index: None
2026-06-02 09:52:23 [self-0001-1-city] Visible enemy tiles: 9
2026-06-02 09:52:23 [self-0001-1-city] Tiles: 32 / 129
2026-06-02 09:52:23 [self-0001-1-city] Map: 19 x 21 Turn: 1134
2026-06-02 09:52:23 [self-0001-1-city] Reinforcement waypoint: 180 final target = 180 turns until reinforcement = 16
2026-06-02 09:52:23 [self-0001-1-city] Route planned: Target = 180 Mode = reinforcement_waypoint city-free reachable tiles = 291 Fallback-Tiles = 293
2026-06-02 09:52:23 [self-0001-1-city] Move #1096: 85 -> 104 | Army: 6 | Target-Terrain: 0 | Target: 180 | Half: False
2026-06-02 09:52:24 [self-0001-1-city] My general index: 28
2026-06-02 09:52:24 [self-0001-1-city] Enemy general index: None
2026-06-02 09:52:24 [self-0001-1-city] Visible enemy tiles: 9
2026-06-02 09:52:24 [self-0001-1-city] Tiles: 32 / 129
2026-06-02 09:52:24 [self-0001-1-city] Map: 19 x 21 Turn: 1135
2026-06-02 09:52:24 [self-0001-1-city] Reinforcement waypoint: 180 final target = 180 turns until reinforcement = 15
2026-06-02 09:52:24 [self-0001-1-city] Route planned: Target = 180 Mode = reinforcement_waypoint city-free reachable tiles = 291 Fallback-Tiles = 293
2026-06-02 09:52:24 [self-0001-1-city] Move #1097: 45 -> 64 | Army: 5 | Target-Terrain: 0 | Target: 180 | Half: False
2026-06-02 09:52:24 [self-0001-1-city] My general index: 28
2026-06-02 09:52:24 [self-0001-1-city] Enemy general index: None
2026-06-02 09:52:24 [self-0001-1-city] Visible enemy tiles: 9
2026-06-02 09:52:24 [self-0001-1-city] Tiles: 32 / 129
2026-06-02 09:52:24 [self-0001-1-city] Map: 19 x 21 Turn: 1136
2026-06-02 09:52:24 [self-0001-1-city] Reinforcement waypoint: 180 final target = 180 turns until reinforcement = 14
2026-06-02 09:52:24 [self-0001-1-city] Route planned: Target = 180 Mode = reinforcement_waypoint city-free reachable tiles = 291 Fallback-Tiles = 293
2026-06-02 09:52:24 [self-0001-1-city] Move #1098: 87 -> 86 | Army: 3 | Target-Terrain: 0 | Target: 180 | Half: False
2026-06-02 09:52:25 [self-0001-1-city] My general index: 28
2026-06-02 09:52:25 [self-0001-1-city] Enemy general index: None
2026-06-02 09:52:25 [self-0001-1-city] Visible enemy tiles: 9
2026-06-02 09:52:25 [self-0001-1-city] Tiles: 32 / 129
2026-06-02 09:52:25 [self-0001-1-city] Map: 19 x 21 Turn: 1137
2026-06-02 09:52:25 [self-0001-1-city] Reinforcement waypoint: 180 final target = 180 turns until reinforcement = 13
2026-06-02 09:52:25 [self-0001-1-city] Route planned: Target = 180 Mode = reinforcement_waypoint city-free reachable tiles = 291 Fallback-Tiles = 293
2026-06-02 09:52:25 [self-0001-1-city] Move #1099: 27 -> 46 | Army: 3 | Target-Terrain: 0 | Target: 180 | Half: False
2026-06-02 09:52:25 [self-0001-1-city] My general index: 28
2026-06-02 09:52:25 [self-0001-1-city] Enemy general index: None
2026-06-02 09:52:25 [self-0001-1-city] Visible enemy tiles: 9
2026-06-02 09:52:25 [self-0001-1-city] Tiles: 32 / 129
2026-06-02 09:52:25 [self-0001-1-city] Map: 19 x 21 Turn: 1138
2026-06-02 09:52:25 [self-0001-1-city] Reinforcement waypoint: 180 final target = 180 turns until reinforcement = 12
2026-06-02 09:52:25 [self-0001-1-city] Route planned: Target = 180 Mode = reinforcement_waypoint city-free reachable tiles = 291 Fallback-Tiles = 293
2026-06-02 09:52:25 [self-0001-1-city] Move #1100: 49 -> 68 | Army: 3 | Target-Terrain: 0 | Target: 180 | Half: False
2026-06-02 09:52:26 [self-0001-1-city] My general index: 28
2026-06-02 09:52:26 [self-0001-1-city] Enemy general index: None
2026-06-02 09:52:26 [self-0001-1-city] Visible enemy tiles: 9
2026-06-02 09:52:26 [self-0001-1-city] Tiles: 32 / 129
2026-06-02 09:52:26 [self-0001-1-city] Map: 19 x 21 Turn: 1139
2026-06-02 09:52:26 [self-0001-1-city] Reinforcement waypoint: 161 final target = 180 turns until reinforcement = 11
2026-06-02 09:52:26 [self-0001-1-city] Route planned: Target = 161 Mode = reinforcement_waypoint city-free reachable tiles = 291 Fallback-Tiles = 293
2026-06-02 09:52:26 [self-0001-1-city] Move #1101: 63 -> 82 | Army: 3 | Target-Terrain: 0 | Target: 161 | Half: False
2026-06-02 09:52:26 [self-0001-1-city] My general index: 28
2026-06-02 09:52:26 [self-0001-1-city] Enemy general index: None
2026-06-02 09:52:26 [self-0001-1-city] Visible enemy tiles: 9
2026-06-02 09:52:26 [self-0001-1-city] Tiles: 32 / 129
2026-06-02 09:52:26 [self-0001-1-city] Map: 19 x 21 Turn: 1140
2026-06-02 09:52:26 [self-0001-1-city] Reinforcement waypoint: 161 final target = 180 turns until reinforcement = 10
2026-06-02 09:52:26 [self-0001-1-city] Route planned: Target = 161 Mode = reinforcement_waypoint city-free reachable tiles = 291 Fallback-Tiles = 293
2026-06-02 09:52:26 [self-0001-1-city] Move #1102: 64 -> 83 | Army: 5 | Target-Terrain: 0 | Target: 161 | Half: False
2026-06-02 09:52:27 [self-0001-1-city] My general index: 28
2026-06-02 09:52:27 [self-0001-1-city] Enemy general index: None
2026-06-02 09:52:27 [self-0001-1-city] Visible enemy tiles: 10
2026-06-02 09:52:27 [self-0001-1-city] Tiles: 31 / 130
2026-06-02 09:52:27 [self-0001-1-city] Map: 19 x 21 Turn: 1141
2026-06-02 09:52:27 [self-0001-1-city] Reinforcement waypoint: 161 final target = 180 turns until reinforcement = 9
2026-06-02 09:52:27 [self-0001-1-city] Route planned: Target = 161 Mode = reinforcement_waypoint city-free reachable tiles = 291 Fallback-Tiles = 293
2026-06-02 09:52:27 [self-0001-1-city] Move #1103: 43 -> 62 | Army: 3 | Target-Terrain: 1 | Target: 161 | Half: False
2026-06-02 09:52:27 [self-0001-1-city] My general index: 28
2026-06-02 09:52:27 [self-0001-1-city] Enemy general index: None
2026-06-02 09:52:27 [self-0001-1-city] Visible enemy tiles: 9
2026-06-02 09:52:27 [self-0001-1-city] Tiles: 32 / 129
2026-06-02 09:52:27 [self-0001-1-city] Map: 19 x 21 Turn: 1142
2026-06-02 09:52:27 [self-0001-1-city] Reinforcement waypoint: 161 final target = 180 turns until reinforcement = 8
2026-06-02 09:52:27 [self-0001-1-city] Route planned: Target = 161 Mode = reinforcement_waypoint city-free reachable tiles = 291 Fallback-Tiles = 293
2026-06-02 09:52:27 [self-0001-1-city] Move #1104: 66 -> 85 | Army: 46 | Target-Terrain: 0 | Target: 161 | Half: False
2026-06-02 09:52:28 [self-0001-1-city] My general index: 28
2026-06-02 09:52:28 [self-0001-1-city] Enemy general index: None
2026-06-02 09:52:28 [self-0001-1-city] Visible enemy tiles: 10
2026-06-02 09:52:28 [self-0001-1-city] Tiles: 31 / 130
2026-06-02 09:52:28 [self-0001-1-city] Map: 19 x 21 Turn: 1143
2026-06-02 09:52:28 [self-0001-1-city] Reinforcement waypoint: 161 final target = 180 turns until reinforcement = 7
2026-06-02 09:52:28 [self-0001-1-city] Route planned: Target = 161 Mode = reinforcement_waypoint city-free reachable tiles = 291 Fallback-Tiles = 293
2026-06-02 09:52:28 [self-0001-1-city] Move #1105: 81 -> 62 | Army: 3 | Target-Terrain: 1 | Target: 161 | Half: False
2026-06-02 09:52:28 [self-0001-1-city] My general index: 28
2026-06-02 09:52:28 [self-0001-1-city] Enemy general index: None
2026-06-02 09:52:28 [self-0001-1-city] Visible enemy tiles: 9
2026-06-02 09:52:28 [self-0001-1-city] Tiles: 32 / 129
2026-06-02 09:52:28 [self-0001-1-city] Map: 19 x 21 Turn: 1144
2026-06-02 09:52:28 [self-0001-1-city] Reinforcement waypoint: 161 final target = 180 turns until reinforcement = 6
2026-06-02 09:52:28 [self-0001-1-city] Route planned: Target = 161 Mode = reinforcement_waypoint city-free reachable tiles = 291 Fallback-Tiles = 293
2026-06-02 09:52:28 [self-0001-1-city] Move #1106: 84 -> 103 | Army: 3 | Target-Terrain: 0 | Target: 161 | Half: False
2026-06-02 09:52:29 [self-0001-1-city] My general index: 28
2026-06-02 09:52:29 [self-0001-1-city] Enemy general index: None
2026-06-02 09:52:29 [self-0001-1-city] Visible enemy tiles: 10
2026-06-02 09:52:29 [self-0001-1-city] Tiles: 31 / 130
2026-06-02 09:52:29 [self-0001-1-city] Map: 19 x 21 Turn: 1145
2026-06-02 09:52:29 [self-0001-1-city] Reinforcement waypoint: 161 final target = 180 turns until reinforcement = 5
2026-06-02 09:52:29 [self-0001-1-city] Route planned: Target = 161 Mode = reinforcement_waypoint city-free reachable tiles = 291 Fallback-Tiles = 293
2026-06-02 09:52:29 [self-0001-1-city] Move #1107: 82 -> 81 | Army: 11 | Target-Terrain: 1 | Target: 161 | Half: False
2026-06-02 09:52:29 [self-0001-1-city] My general index: 28
2026-06-02 09:52:29 [self-0001-1-city] Enemy general index: None
2026-06-02 09:52:29 [self-0001-1-city] Visible enemy tiles: 9
2026-06-02 09:52:29 [self-0001-1-city] Tiles: 32 / 129
2026-06-02 09:52:29 [self-0001-1-city] Map: 19 x 21 Turn: 1146
2026-06-02 09:52:29 [self-0001-1-city] Reinforcement waypoint: 161 final target = 180 turns until reinforcement = 4
2026-06-02 09:52:29 [self-0001-1-city] Route planned: Target = 161 Mode = reinforcement_waypoint city-free reachable tiles = 291 Fallback-Tiles = 293
2026-06-02 09:52:29 [self-0001-1-city] Priority agent: flow +6000 base = 50099 final = 56099
2026-06-02 09:52:29 [self-0001-1-city] Move #1108: 81 -> 80 | Army: 9 | Target-Terrain: 1 | Target: 161 | Half: False
2026-06-02 09:52:30 [self-0001-1-city] Coach: stabilize tiles 33/128 army 303/2985 cities 0/0 enemy_city_suspect True bias {'expansion_bias': 0.1, 'city_bias': 0.8, 'attack_bias': -0.30000000000000004, 'defense_bias': 1.2, 'route_bias': 0.3}
2026-06-02 09:52:30 [self-0001-1-city] My general index: 28
2026-06-02 09:52:30 [self-0001-1-city] Enemy general index: None
2026-06-02 09:52:30 [self-0001-1-city] Visible enemy tiles: 11
2026-06-02 09:52:30 [self-0001-1-city] Tiles: 33 / 128
2026-06-02 09:52:30 [self-0001-1-city] Map: 19 x 21 Turn: 1147
2026-06-02 09:52:30 [self-0001-1-city] Reinforcement waypoint: 161 final target = 180 turns until reinforcement = 3
2026-06-02 09:52:30 [self-0001-1-city] Route planned: Target = 161 Mode = reinforcement_waypoint city-free reachable tiles = 291 Fallback-Tiles = 293
2026-06-02 09:52:30 [self-0001-1-city] Priority agent: flow +6000 base = 50007 final = 56007
2026-06-02 09:52:30 [self-0001-1-city] Move #1109: 80 -> 61 | Army: 7 | Target-Terrain: 1 | Target: 161 | Half: False
2026-06-02 09:52:30 [self-0001-1-city] My general index: 28
2026-06-02 09:52:30 [self-0001-1-city] Enemy general index: None
2026-06-02 09:52:30 [self-0001-1-city] Visible enemy tiles: 9
2026-06-02 09:52:30 [self-0001-1-city] Tiles: 32 / 129
2026-06-02 09:52:30 [self-0001-1-city] Map: 19 x 21 Turn: 1148
2026-06-02 09:52:30 [self-0001-1-city] Reinforcement waypoint: 161 final target = 180 turns until reinforcement = 2
2026-06-02 09:52:30 [self-0001-1-city] Route planned: Target = 161 Mode = reinforcement_waypoint city-free reachable tiles = 291 Fallback-Tiles = 293
2026-06-02 09:52:30 [self-0001-1-city] Move #1110: 86 -> 85 | Army: 3 | Target-Terrain: 0 | Target: 161 | Half: False
2026-06-02 09:52:31 [self-0001-1-city] My general index: 28
2026-06-02 09:52:31 [self-0001-1-city] Enemy general index: None
2026-06-02 09:52:31 [self-0001-1-city] Visible enemy tiles: 10
2026-06-02 09:52:31 [self-0001-1-city] Tiles: 31 / 130
2026-06-02 09:52:31 [self-0001-1-city] Map: 19 x 21 Turn: 1149
2026-06-02 09:52:31 [self-0001-1-city] Reinforcement waypoint: 161 final target = 180 turns until reinforcement = 1
2026-06-02 09:52:31 [self-0001-1-city] Route planned: Target = 161 Mode = reinforcement_waypoint city-free reachable tiles = 291 Fallback-Tiles = 293
2026-06-02 09:52:31 [self-0001-1-city] Move #1111: 83 -> 102 | Army: 5 | Target-Terrain: 0 | Target: 161 | Half: False
2026-06-02 09:52:31 [self-0001-1-city] My general index: 28
2026-06-02 09:52:31 [self-0001-1-city] Enemy general index: None
2026-06-02 09:52:31 [self-0001-1-city] Visible enemy tiles: 10
2026-06-02 09:52:31 [self-0001-1-city] Tiles: 31 / 130
2026-06-02 09:52:31 [self-0001-1-city] Map: 19 x 21 Turn: 1150
2026-06-02 09:52:31 [self-0001-1-city] Route planned: Target = 180 Mode = strategy city-free reachable tiles = 291 Fallback-Tiles = 293
2026-06-02 09:52:31 [self-0001-1-city] Move #1112: 28 -> 47 | Army: 62 | Target-Terrain: 0 | Target: 180 | Half: True
2026-06-02 09:52:32 [self-0001-1-city] My general index: 28
2026-06-02 09:52:32 [self-0001-1-city] Enemy general index: None
2026-06-02 09:52:32 [self-0001-1-city] Visible enemy tiles: 10
2026-06-02 09:52:32 [self-0001-1-city] Tiles: 31 / 130
2026-06-02 09:52:32 [self-0001-1-city] Map: 19 x 21 Turn: 1151
2026-06-02 09:52:32 [self-0001-1-city] Route planned: Target = 180 Mode = strategy city-free reachable tiles = 291 Fallback-Tiles = 293
2026-06-02 09:52:32 [self-0001-1-city] Priority agent: fresh target pullback -12000, flow +6000 base = 40943 final = 34943
2026-06-02 09:52:32 [self-0001-1-city] Move #1113: 47 -> 66 | Army: 33 | Target-Terrain: 0 | Target: 180 | Half: False
2026-06-02 09:52:32 [self-0001-1-city] My general index: 28
2026-06-02 09:52:32 [self-0001-1-city] Enemy general index: None
2026-06-02 09:52:32 [self-0001-1-city] Visible enemy tiles: 10
2026-06-02 09:52:32 [self-0001-1-city] Tiles: 31 / 130
2026-06-02 09:52:32 [self-0001-1-city] Map: 19 x 21 Turn: 1152
2026-06-02 09:52:32 [self-0001-1-city] Route planned: Target = 180 Mode = strategy city-free reachable tiles = 291 Fallback-Tiles = 293
2026-06-02 09:52:32 [self-0001-1-city] Move #1114: 143 -> 142 | Army: 2 | Target-Terrain: 0 | Target: 180 | Half: False
2026-06-02 09:52:33 [self-0001-1-city] My general index: 28
2026-06-02 09:52:33 [self-0001-1-city] Enemy general index: None
2026-06-02 09:52:33 [self-0001-1-city] Visible enemy tiles: 10
2026-06-02 09:52:33 [self-0001-1-city] Tiles: 31 / 130
2026-06-02 09:52:33 [self-0001-1-city] Map: 19 x 21 Turn: 1153
2026-06-02 09:52:33 [self-0001-1-city] Route planned: Target = 180 Mode = strategy city-free reachable tiles = 291 Fallback-Tiles = 293
2026-06-02 09:52:33 [self-0001-1-city] Move #1115: 85 -> 104 | Army: 49 | Target-Terrain: 0 | Target: 180 | Half: False
2026-06-02 09:52:33 [self-0001-1-city] My general index: 28
2026-06-02 09:52:33 [self-0001-1-city] Enemy general index: None
2026-06-02 09:52:33 [self-0001-1-city] Visible enemy tiles: 10
2026-06-02 09:52:33 [self-0001-1-city] Tiles: 31 / 130
2026-06-02 09:52:33 [self-0001-1-city] Map: 19 x 21 Turn: 1154
2026-06-02 09:52:33 [self-0001-1-city] Route planned: Target = 180 Mode = strategy city-free reachable tiles = 291 Fallback-Tiles = 293
2026-06-02 09:52:33 [self-0001-1-city] Move #1116: 65 -> 84 | Army: 2 | Target-Terrain: 0 | Target: 180 | Half: False
2026-06-02 09:52:34 [self-0001-1-city] My general index: 28
2026-06-02 09:52:34 [self-0001-1-city] Enemy general index: None
2026-06-02 09:52:34 [self-0001-1-city] Visible enemy tiles: 10
2026-06-02 09:52:34 [self-0001-1-city] Tiles: 31 / 130
2026-06-02 09:52:34 [self-0001-1-city] Map: 19 x 21 Turn: 1155
2026-06-02 09:52:34 [self-0001-1-city] Route planned: Target = 180 Mode = strategy city-free reachable tiles = 291 Fallback-Tiles = 293
2026-06-02 09:52:34 [self-0001-1-city] Move #1117: 67 -> 86 | Army: 2 | Target-Terrain: 0 | Target: 180 | Half: False
2026-06-02 09:52:34 [self-0001-1-city] My general index: 28
2026-06-02 09:52:34 [self-0001-1-city] Enemy general index: None
2026-06-02 09:52:34 [self-0001-1-city] Visible enemy tiles: 10
2026-06-02 09:52:34 [self-0001-1-city] Tiles: 31 / 130
2026-06-02 09:52:34 [self-0001-1-city] Map: 19 x 21 Turn: 1156
2026-06-02 09:52:34 [self-0001-1-city] Route planned: Target = 180 Mode = strategy city-free reachable tiles = 291 Fallback-Tiles = 293
2026-06-02 09:52:34 [self-0001-1-city] Move #1118: 87 -> 86 | Army: 2 | Target-Terrain: 0 | Target: 180 | Half: False
2026-06-02 09:52:35 [self-0001-1-city] My general index: 28
2026-06-02 09:52:35 [self-0001-1-city] Enemy general index: None
2026-06-02 09:52:35 [self-0001-1-city] Visible enemy tiles: 10
2026-06-02 09:52:35 [self-0001-1-city] Tiles: 31 / 130
2026-06-02 09:52:35 [self-0001-1-city] Map: 19 x 21 Turn: 1157
2026-06-02 09:52:35 [self-0001-1-city] Route planned: Target = 180 Mode = strategy city-free reachable tiles = 291 Fallback-Tiles = 293
2026-06-02 09:52:35 [self-0001-1-city] Move #1119: 66 -> 85 | Army: 34 | Target-Terrain: 0 | Target: 180 | Half: False
2026-06-02 09:52:35 [self-0001-1-city] My general index: 28
2026-06-02 09:52:35 [self-0001-1-city] Enemy general index: None
2026-06-02 09:52:35 [self-0001-1-city] Visible enemy tiles: 10
2026-06-02 09:52:35 [self-0001-1-city] Tiles: 31 / 130
2026-06-02 09:52:35 [self-0001-1-city] Map: 19 x 21 Turn: 1158
2026-06-02 09:52:35 [self-0001-1-city] Route planned: Target = 180 Mode = strategy city-free reachable tiles = 291 Fallback-Tiles = 293
2026-06-02 09:52:35 [self-0001-1-city] Move #1120: 46 -> 65 | Army: 4 | Target-Terrain: 0 | Target: 180 | Half: False
2026-06-02 09:52:36 [self-0001-1-city] My general index: 28
2026-06-02 09:52:36 [self-0001-1-city] Enemy general index: None
2026-06-02 09:52:36 [self-0001-1-city] Visible enemy tiles: 10
2026-06-02 09:52:36 [self-0001-1-city] Tiles: 31 / 130
2026-06-02 09:52:36 [self-0001-1-city] Map: 19 x 21 Turn: 1159
2026-06-02 09:52:36 [self-0001-1-city] Route planned: Target = 180 Mode = strategy city-free reachable tiles = 291 Fallback-Tiles = 293
2026-06-02 09:52:36 [self-0001-1-city] Move #1121: 84 -> 103 | Army: 3 | Target-Terrain: 0 | Target: 180 | Half: False
2026-06-02 09:52:36 [self-0001-1-city] My general index: 28
2026-06-02 09:52:36 [self-0001-1-city] Enemy general index: None
2026-06-02 09:52:36 [self-0001-1-city] Visible enemy tiles: 10
2026-06-02 09:52:36 [self-0001-1-city] Tiles: 31 / 130
2026-06-02 09:52:36 [self-0001-1-city] Map: 19 x 21 Turn: 1160
2026-06-02 09:52:36 [self-0001-1-city] Route planned: Target = 180 Mode = strategy city-free reachable tiles = 291 Fallback-Tiles = 293
2026-06-02 09:52:36 [self-0001-1-city] Move #1122: 68 -> 87 | Army: 4 | Target-Terrain: 0 | Target: 180 | Half: False
2026-06-02 09:52:37 [self-0001-1-city] My general index: 28
2026-06-02 09:52:37 [self-0001-1-city] Enemy general index: None
2026-06-02 09:52:37 [self-0001-1-city] Visible enemy tiles: 10
2026-06-02 09:52:37 [self-0001-1-city] Tiles: 31 / 130
2026-06-02 09:52:37 [self-0001-1-city] Map: 19 x 21 Turn: 1161
2026-06-02 09:52:37 [self-0001-1-city] Route planned: Target = 180 Mode = strategy city-free reachable tiles = 291 Fallback-Tiles = 293
2026-06-02 09:52:37 [self-0001-1-city] Move #1123: 48 -> 67 | Army: 2 | Target-Terrain: 0 | Target: 180 | Half: False
2026-06-02 09:52:37 [self-0001-1-city] My general index: 28
2026-06-02 09:52:37 [self-0001-1-city] Enemy general index: None
2026-06-02 09:52:37 [self-0001-1-city] Visible enemy tiles: 10
2026-06-02 09:52:37 [self-0001-1-city] Tiles: 31 / 130
2026-06-02 09:52:37 [self-0001-1-city] Map: 19 x 21 Turn: 1162
2026-06-02 09:52:37 [self-0001-1-city] Route planned: Target = 180 Mode = strategy city-free reachable tiles = 291 Fallback-Tiles = 293
2026-06-02 09:52:37 [self-0001-1-city] Move #1124: 64 -> 83 | Army: 2 | Target-Terrain: 0 | Target: 180 | Half: False
2026-06-02 09:52:38 [self-0001-1-city] My general index: 28
2026-06-02 09:52:38 [self-0001-1-city] Enemy general index: None
2026-06-02 09:52:38 [self-0001-1-city] Visible enemy tiles: 10
2026-06-02 09:52:38 [self-0001-1-city] Tiles: 31 / 130
2026-06-02 09:52:38 [self-0001-1-city] Map: 19 x 21 Turn: 1163
2026-06-02 09:52:38 [self-0001-1-city] Route planned: Target = 180 Mode = strategy city-free reachable tiles = 291 Fallback-Tiles = 293
2026-06-02 09:52:38 [self-0001-1-city] Move #1125: 86 -> 85 | Army: 4 | Target-Terrain: 0 | Target: 180 | Half: False
2026-06-02 09:52:38 [self-0001-1-city] My general index: 28
2026-06-02 09:52:38 [self-0001-1-city] Enemy general index: None
2026-06-02 09:52:38 [self-0001-1-city] Visible enemy tiles: 10
2026-06-02 09:52:38 [self-0001-1-city] Tiles: 31 / 130
2026-06-02 09:52:38 [self-0001-1-city] Map: 19 x 21 Turn: 1164
2026-06-02 09:52:38 [self-0001-1-city] Route planned: Target = 180 Mode = strategy city-free reachable tiles = 291 Fallback-Tiles = 293
2026-06-02 09:52:38 [self-0001-1-city] Move #1126: 27 -> 46 | Army: 2 | Target-Terrain: 0 | Target: 180 | Half: False
2026-06-02 09:52:39 [self-0001-1-city] My general index: 28
2026-06-02 09:52:39 [self-0001-1-city] Enemy general index: None
2026-06-02 09:52:39 [self-0001-1-city] Visible enemy tiles: 10
2026-06-02 09:52:39 [self-0001-1-city] Tiles: 31 / 130
2026-06-02 09:52:39 [self-0001-1-city] Map: 19 x 21 Turn: 1165
2026-06-02 09:52:39 [self-0001-1-city] Route planned: Target = 180 Mode = strategy city-free reachable tiles = 291 Fallback-Tiles = 293
2026-06-02 09:52:39 [self-0001-1-city] Move #1127: 45 -> 64 | Army: 2 | Target-Terrain: 0 | Target: 180 | Half: False
2026-06-02 09:52:39 [self-0001-1-city] My general index: 28
2026-06-02 09:52:39 [self-0001-1-city] Enemy general index: None
2026-06-02 09:52:39 [self-0001-1-city] Visible enemy tiles: 10
2026-06-02 09:52:39 [self-0001-1-city] Tiles: 31 / 130
2026-06-02 09:52:39 [self-0001-1-city] Map: 19 x 21 Turn: 1166
2026-06-02 09:52:39 [self-0001-1-city] Route planned: Target = 180 Mode = strategy city-free reachable tiles = 291 Fallback-Tiles = 293
2026-06-02 09:52:39 [self-0001-1-city] Move #1128: 67 -> 66 | Army: 2 | Target-Terrain: 0 | Target: 180 | Half: False
2026-06-02 09:52:40 [self-0001-1-city] My general index: 28
2026-06-02 09:52:40 [self-0001-1-city] Enemy general index: None
2026-06-02 09:52:40 [self-0001-1-city] Visible enemy tiles: 10
2026-06-02 09:52:40 [self-0001-1-city] Tiles: 31 / 130
2026-06-02 09:52:40 [self-0001-1-city] Map: 19 x 21 Turn: 1167
2026-06-02 09:52:40 [self-0001-1-city] Route planned: Target = 180 Mode = strategy city-free reachable tiles = 291 Fallback-Tiles = 293
2026-06-02 09:52:40 [self-0001-1-city] Move #1129: 83 -> 102 | Army: 3 | Target-Terrain: 0 | Target: 180 | Half: False
2026-06-02 09:52:40 [self-0001-1-city] My general index: 28
2026-06-02 09:52:40 [self-0001-1-city] Enemy general index: None
2026-06-02 09:52:40 [self-0001-1-city] Visible enemy tiles: 10
2026-06-02 09:52:40 [self-0001-1-city] Tiles: 31 / 130
2026-06-02 09:52:40 [self-0001-1-city] Map: 19 x 21 Turn: 1168
2026-06-02 09:52:40 [self-0001-1-city] Route planned: Target = 180 Mode = strategy city-free reachable tiles = 291 Fallback-Tiles = 293
2026-06-02 09:52:40 [self-0001-1-city] Move #1130: 85 -> 104 | Army: 37 | Target-Terrain: 0 | Target: 180 | Half: False
2026-06-02 09:52:41 [self-0001-1-city] My general index: 28
2026-06-02 09:52:41 [self-0001-1-city] Enemy general index: None
2026-06-02 09:52:41 [self-0001-1-city] Visible enemy tiles: 10
2026-06-02 09:52:41 [self-0001-1-city] Tiles: 31 / 130
2026-06-02 09:52:41 [self-0001-1-city] Map: 19 x 21 Turn: 1169
2026-06-02 09:52:41 [self-0001-1-city] Route planned: Target = 180 Mode = strategy city-free reachable tiles = 291 Fallback-Tiles = 293
2026-06-02 09:52:41 [self-0001-1-city] Move #1131: 65 -> 84 | Army: 4 | Target-Terrain: 0 | Target: 180 | Half: False
2026-06-02 09:52:41 [self-0001-1-city] My general index: 28
2026-06-02 09:52:41 [self-0001-1-city] Enemy general index: None
2026-06-02 09:52:41 [self-0001-1-city] Visible enemy tiles: 10
2026-06-02 09:52:41 [self-0001-1-city] Tiles: 31 / 130
2026-06-02 09:52:41 [self-0001-1-city] Map: 19 x 21 Turn: 1170
2026-06-02 09:52:41 [self-0001-1-city] Route planned: Target = 180 Mode = strategy city-free reachable tiles = 291 Fallback-Tiles = 293
2026-06-02 09:52:41 [self-0001-1-city] Move #1132: 49 -> 68 | Army: 2 | Target-Terrain: 0 | Target: 180 | Half: False
2026-06-02 09:52:42 [self-0001-1-city] My general index: 28
2026-06-02 09:52:42 [self-0001-1-city] Enemy general index: None
2026-06-02 09:52:42 [self-0001-1-city] Visible enemy tiles: 10
2026-06-02 09:52:42 [self-0001-1-city] Tiles: 31 / 130
2026-06-02 09:52:42 [self-0001-1-city] Map: 19 x 21 Turn: 1171
2026-06-02 09:52:42 [self-0001-1-city] Route planned: Target = 180 Mode = strategy city-free reachable tiles = 291 Fallback-Tiles = 293
2026-06-02 09:52:42 [self-0001-1-city] Move #1133: 87 -> 86 | Army: 4 | Target-Terrain: 0 | Target: 180 | Half: False
2026-06-02 09:52:42 [self-0001-1-city] My general index: 28
2026-06-02 09:52:42 [self-0001-1-city] Enemy general index: None
2026-06-02 09:52:42 [self-0001-1-city] Visible enemy tiles: 10
2026-06-02 09:52:42 [self-0001-1-city] Tiles: 31 / 130
2026-06-02 09:52:42 [self-0001-1-city] Map: 19 x 21 Turn: 1172
2026-06-02 09:52:42 [self-0001-1-city] Route planned: Target = 180 Mode = strategy city-free reachable tiles = 291 Fallback-Tiles = 293
2026-06-02 09:52:42 [self-0001-1-city] Move #1134: 66 -> 85 | Army: 2 | Target-Terrain: 0 | Target: 180 | Half: False
2026-06-02 09:52:43 [self-0001-1-city] My general index: 28
2026-06-02 09:52:43 [self-0001-1-city] Enemy general index: None
2026-06-02 09:52:43 [self-0001-1-city] Visible enemy tiles: 10
2026-06-02 09:52:43 [self-0001-1-city] Tiles: 31 / 130
2026-06-02 09:52:43 [self-0001-1-city] Map: 19 x 21 Turn: 1173
2026-06-02 09:52:43 [self-0001-1-city] Route planned: Target = 180 Mode = strategy city-free reachable tiles = 291 Fallback-Tiles = 293
2026-06-02 09:52:43 [self-0001-1-city] Move #1135: 46 -> 65 | Army: 2 | Target-Terrain: 0 | Target: 180 | Half: False
2026-06-02 09:52:43 [self-0001-1-city] My general index: 28
2026-06-02 09:52:43 [self-0001-1-city] Enemy general index: None
2026-06-02 09:52:43 [self-0001-1-city] Visible enemy tiles: 10
2026-06-02 09:52:43 [self-0001-1-city] Tiles: 31 / 130
2026-06-02 09:52:43 [self-0001-1-city] Map: 19 x 21 Turn: 1174
2026-06-02 09:52:43 [self-0001-1-city] Route planned: Target = 180 Mode = strategy city-free reachable tiles = 291 Fallback-Tiles = 293
2026-06-02 09:52:43 [self-0001-1-city] Move #1136: 84 -> 103 | Army: 4 | Target-Terrain: 0 | Target: 180 | Half: False
2026-06-02 09:52:44 [self-0001-1-city] My general index: 28
2026-06-02 09:52:44 [self-0001-1-city] Enemy general index: None
2026-06-02 09:52:44 [self-0001-1-city] Visible enemy tiles: 10
2026-06-02 09:52:44 [self-0001-1-city] Tiles: 31 / 130
2026-06-02 09:52:44 [self-0001-1-city] Map: 19 x 21 Turn: 1175
2026-06-02 09:52:44 [self-0001-1-city] Route planned: Target = 180 Mode = strategy city-free reachable tiles = 291 Fallback-Tiles = 293
2026-06-02 09:52:44 [self-0001-1-city] Move #1137: 68 -> 87 | Army: 2 | Target-Terrain: 0 | Target: 180 | Half: False
2026-06-02 09:52:44 [self-0001-1-city] My general index: 28
2026-06-02 09:52:44 [self-0001-1-city] Enemy general index: None
2026-06-02 09:52:44 [self-0001-1-city] Visible enemy tiles: 10
2026-06-02 09:52:44 [self-0001-1-city] Tiles: 31 / 130
2026-06-02 09:52:44 [self-0001-1-city] Map: 19 x 21 Turn: 1176
2026-06-02 09:52:44 [self-0001-1-city] Route planned: Target = 180 Mode = strategy city-free reachable tiles = 291 Fallback-Tiles = 293
2026-06-02 09:52:44 [self-0001-1-city] Move #1138: 26 -> 45 | Army: 4 | Target-Terrain: 0 | Target: 180 | Half: False
2026-06-02 09:52:45 [self-0001-1-city] My general index: 28
2026-06-02 09:52:45 [self-0001-1-city] Enemy general index: None
2026-06-02 09:52:45 [self-0001-1-city] Visible enemy tiles: 10
2026-06-02 09:52:45 [self-0001-1-city] Tiles: 31 / 130
2026-06-02 09:52:45 [self-0001-1-city] Map: 19 x 21 Turn: 1177
2026-06-02 09:52:45 [self-0001-1-city] Route planned: Target = 180 Mode = strategy city-free reachable tiles = 291 Fallback-Tiles = 293
2026-06-02 09:52:45 [self-0001-1-city] Move #1139: 64 -> 83 | Army: 2 | Target-Terrain: 0 | Target: 180 | Half: False
2026-06-02 09:52:45 [self-0001-1-city] My general index: 28
2026-06-02 09:52:45 [self-0001-1-city] Enemy general index: None
2026-06-02 09:52:45 [self-0001-1-city] Visible enemy tiles: 10
2026-06-02 09:52:45 [self-0001-1-city] Tiles: 31 / 130
2026-06-02 09:52:45 [self-0001-1-city] Map: 19 x 21 Turn: 1178
2026-06-02 09:52:45 [self-0001-1-city] Route planned: Target = 180 Mode = strategy city-free reachable tiles = 291 Fallback-Tiles = 293
2026-06-02 09:52:45 [self-0001-1-city] Move #1140: 86 -> 85 | Army: 4 | Target-Terrain: 0 | Target: 180 | Half: False
2026-06-02 09:52:46 [self-0001-1-city] My general index: 28
2026-06-02 09:52:46 [self-0001-1-city] Enemy general index: None
2026-06-02 09:52:46 [self-0001-1-city] Visible enemy tiles: 10
2026-06-02 09:52:46 [self-0001-1-city] Tiles: 31 / 130
2026-06-02 09:52:46 [self-0001-1-city] Map: 19 x 21 Turn: 1179
2026-06-02 09:52:46 [self-0001-1-city] Route planned: Target = 180 Mode = strategy city-free reachable tiles = 291 Fallback-Tiles = 293
2026-06-02 09:52:46 [self-0001-1-city] Move #1141: 43 -> 62 | Army: 2 | Target-Terrain: 0 | Target: 180 | Half: False
2026-06-02 09:52:46 [self-0001-1-city] My general index: 28
2026-06-02 09:52:46 [self-0001-1-city] Enemy general index: None
2026-06-02 09:52:46 [self-0001-1-city] Visible enemy tiles: 10
2026-06-02 09:52:46 [self-0001-1-city] Tiles: 31 / 130
2026-06-02 09:52:46 [self-0001-1-city] Map: 19 x 21 Turn: 1180
2026-06-02 09:52:46 [self-0001-1-city] Route planned: Target = 180 Mode = strategy city-free reachable tiles = 291 Fallback-Tiles = 293
2026-06-02 09:52:46 [self-0001-1-city] Move #1142: 142 -> 161 | Army: 74 | Target-Terrain: 0 | Target: 180 | Half: False
2026-06-02 09:52:47 [self-0001-1-city] My general index: 28
2026-06-02 09:52:47 [self-0001-1-city] Enemy general index: None
2026-06-02 09:52:47 [self-0001-1-city] Visible enemy tiles: 10
2026-06-02 09:52:47 [self-0001-1-city] Tiles: 31 / 130
2026-06-02 09:52:47 [self-0001-1-city] Map: 19 x 21 Turn: 1181
2026-06-02 09:52:47 [self-0001-1-city] Route planned: Target = 180 Mode = strategy city-free reachable tiles = 291 Fallback-Tiles = 293
2026-06-02 09:52:47 [self-0001-1-city] Priority agent: flow +6000 base = 73775 final = 79775
2026-06-02 09:52:47 [self-0001-1-city] Move #1143: 161 -> 180 | Army: 75 | Target-Terrain: 1 | Target: 180 | Half: False
2026-06-02 09:52:47 [self-0001-1-city] My general index: 28
2026-06-02 09:52:47 [self-0001-1-city] Enemy general index: None
2026-06-02 09:52:47 [self-0001-1-city] Visible enemy tiles: 12
2026-06-02 09:52:47 [self-0001-1-city] Tiles: 32 / 129
2026-06-02 09:52:47 [self-0001-1-city] Map: 19 x 21 Turn: 1182
2026-06-02 09:52:47 [self-0001-1-city] Route planned: Target = 199 Mode = strategy city-free reachable tiles = 291 Fallback-Tiles = 293
2026-06-02 09:52:47 [self-0001-1-city] Priority agent: flow +6000 base = 74072 final = 80072
2026-06-02 09:52:47 [self-0001-1-city] Move #1144: 180 -> 199 | Army: 72 | Target-Terrain: 1 | Target: 199 | Half: False
2026-06-02 09:52:48 [self-0001-1-city] My general index: 28
2026-06-02 09:52:48 [self-0001-1-city] Enemy general index: None
2026-06-02 09:52:48 [self-0001-1-city] Visible enemy tiles: 15
2026-06-02 09:52:48 [self-0001-1-city] Tiles: 32 / 129
2026-06-02 09:52:48 [self-0001-1-city] Map: 19 x 21 Turn: 1183
2026-06-02 09:52:48 [self-0001-1-city] Route planned: Target = 198 Mode = strategy city-free reachable tiles = 291 Fallback-Tiles = 293
2026-06-02 09:52:48 [self-0001-1-city] Priority agent: flow +6000 base = 42597 final = 48597
2026-06-02 09:52:48 [self-0001-1-city] Move #1145: 199 -> 218 | Army: 27 | Target-Terrain: 1 | Target: 198 | Half: False
2026-06-02 09:52:48 [self-0001-1-city] My general index: 28
2026-06-02 09:52:48 [self-0001-1-city] Enemy general index: None
2026-06-02 09:52:48 [self-0001-1-city] Visible enemy tiles: 13
2026-06-02 09:52:48 [self-0001-1-city] Tiles: 31 / 130
2026-06-02 09:52:48 [self-0001-1-city] Map: 19 x 21 Turn: 1184
2026-06-02 09:52:48 [self-0001-1-city] Reinforcement waypoint: 198 final target = 198 turns until reinforcement = 16
2026-06-02 09:52:48 [self-0001-1-city] Route planned: Target = 198 Mode = reinforcement_waypoint city-free reachable tiles = 291 Fallback-Tiles = 293
2026-06-02 09:52:48 [self-0001-1-city] Move #1146: 104 -> 103 | Army: 99 | Target-Terrain: 0 | Target: 198 | Half: False
2026-06-02 09:52:49 [self-0001-1-city] My general index: 28
2026-06-02 09:52:49 [self-0001-1-city] Enemy general index: None
2026-06-02 09:52:49 [self-0001-1-city] Visible enemy tiles: 9
2026-06-02 09:52:49 [self-0001-1-city] Tiles: 30 / 131
2026-06-02 09:52:49 [self-0001-1-city] Map: 19 x 21 Turn: 1185
2026-06-02 09:52:49 [self-0001-1-city] Reinforcement waypoint: 198 final target = 198 turns until reinforcement = 15
2026-06-02 09:52:49 [self-0001-1-city] Route planned: Target = 198 Mode = reinforcement_waypoint city-free reachable tiles = 291 Fallback-Tiles = 293
2026-06-02 09:52:49 [self-0001-1-city] Move #1147: 123 -> 122 | Army: 2 | Target-Terrain: 0 | Target: 198 | Half: False
2026-06-02 09:52:49 [self-0001-1-city] My general index: 28
2026-06-02 09:52:49 [self-0001-1-city] Enemy general index: None
2026-06-02 09:52:49 [self-0001-1-city] Visible enemy tiles: 9
2026-06-02 09:52:49 [self-0001-1-city] Tiles: 30 / 131
2026-06-02 09:52:49 [self-0001-1-city] Map: 19 x 21 Turn: 1186
2026-06-02 09:52:49 [self-0001-1-city] Reinforcement waypoint: 198 final target = 198 turns until reinforcement = 14
2026-06-02 09:52:49 [self-0001-1-city] Route planned: Target = 198 Mode = reinforcement_waypoint city-free reachable tiles = 291 Fallback-Tiles = 293
2026-06-02 09:52:49 [self-0001-1-city] Move #1148: 85 -> 104 | Army: 5 | Target-Terrain: 0 | Target: 198 | Half: False
2026-06-02 09:52:50 [self-0001-1-city] My general index: 28
2026-06-02 09:52:50 [self-0001-1-city] Enemy general index: None
2026-06-02 09:52:50 [self-0001-1-city] Visible enemy tiles: 9
2026-06-02 09:52:50 [self-0001-1-city] Tiles: 30 / 131
2026-06-02 09:52:50 [self-0001-1-city] Map: 19 x 21 Turn: 1187
2026-06-02 09:52:50 [self-0001-1-city] Reinforcement waypoint: 198 final target = 198 turns until reinforcement = 13
2026-06-02 09:52:50 [self-0001-1-city] Route planned: Target = 198 Mode = reinforcement_waypoint city-free reachable tiles = 291 Fallback-Tiles = 293
2026-06-02 09:52:50 [self-0001-1-city] Move #1149: 65 -> 84 | Army: 2 | Target-Terrain: 0 | Target: 198 | Half: False
2026-06-02 09:52:50 [self-0001-1-city] My general index: 28
2026-06-02 09:52:50 [self-0001-1-city] Enemy general index: None
2026-06-02 09:52:50 [self-0001-1-city] Visible enemy tiles: 9
2026-06-02 09:52:50 [self-0001-1-city] Tiles: 30 / 131
2026-06-02 09:52:50 [self-0001-1-city] Map: 19 x 21 Turn: 1188
2026-06-02 09:52:50 [self-0001-1-city] Reinforcement waypoint: 179 final target = 198 turns until reinforcement = 12
2026-06-02 09:52:50 [self-0001-1-city] Route planned: Target = 179 Mode = reinforcement_waypoint city-free reachable tiles = 291 Fallback-Tiles = 293
2026-06-02 09:52:50 [self-0001-1-city] Move #1150: 83 -> 102 | Army: 2 | Target-Terrain: 0 | Target: 179 | Half: False
2026-06-02 09:52:51 [self-0001-1-city] My general index: 28
2026-06-02 09:52:51 [self-0001-1-city] Enemy general index: None
2026-06-02 09:52:51 [self-0001-1-city] Visible enemy tiles: 9
2026-06-02 09:52:51 [self-0001-1-city] Tiles: 30 / 131
2026-06-02 09:52:51 [self-0001-1-city] Map: 19 x 21 Turn: 1189
2026-06-02 09:52:51 [self-0001-1-city] Reinforcement waypoint: 160 final target = 198 turns until reinforcement = 11
2026-06-02 09:52:51 [self-0001-1-city] Route planned: Target = 160 Mode = reinforcement_waypoint city-free reachable tiles = 291 Fallback-Tiles = 293
2026-06-02 09:52:51 [self-0001-1-city] Move #1151: 45 -> 64 | Army: 4 | Target-Terrain: 0 | Target: 160 | Half: False
2026-06-02 09:52:51 [self-0001-1-city] My general index: 28
2026-06-02 09:52:51 [self-0001-1-city] Enemy general index: None
2026-06-02 09:52:51 [self-0001-1-city] Visible enemy tiles: 9
2026-06-02 09:52:51 [self-0001-1-city] Tiles: 30 / 131
2026-06-02 09:52:51 [self-0001-1-city] Map: 19 x 21 Turn: 1190
2026-06-02 09:52:51 [self-0001-1-city] Reinforcement waypoint: 160 final target = 198 turns until reinforcement = 10
2026-06-02 09:52:51 [self-0001-1-city] Route planned: Target = 160 Mode = reinforcement_waypoint city-free reachable tiles = 291 Fallback-Tiles = 293
2026-06-02 09:52:51 [self-0001-1-city] Priority agent: flow +6000 base = 54474 final = 60474
2026-06-02 09:52:51 [self-0001-1-city] Move #1152: 64 -> 63 | Army: 4 | Target-Terrain: 1 | Target: 160 | Half: False
2026-06-02 09:52:52 [self-0001-1-city] My general index: 28
2026-06-02 09:52:52 [self-0001-1-city] Enemy general index: None
2026-06-02 09:52:52 [self-0001-1-city] Visible enemy tiles: 8
2026-06-02 09:52:52 [self-0001-1-city] Tiles: 31 / 130
2026-06-02 09:52:52 [self-0001-1-city] Map: 19 x 21 Turn: 1191
2026-06-02 09:52:52 [self-0001-1-city] Reinforcement waypoint: 160 final target = 198 turns until reinforcement = 9
2026-06-02 09:52:52 [self-0001-1-city] Route planned: Target = 160 Mode = reinforcement_waypoint city-free reachable tiles = 291 Fallback-Tiles = 293
2026-06-02 09:52:52 [self-0001-1-city] Move #1153: 87 -> 86 | Army: 2 | Target-Terrain: 0 | Target: 160 | Half: False
2026-06-02 09:52:52 [self-0001-1-city] My general index: 28
2026-06-02 09:52:52 [self-0001-1-city] Enemy general index: None
2026-06-02 09:52:52 [self-0001-1-city] Visible enemy tiles: 8
2026-06-02 09:52:52 [self-0001-1-city] Tiles: 31 / 130
2026-06-02 09:52:52 [self-0001-1-city] Map: 19 x 21 Turn: 1192
2026-06-02 09:52:52 [self-0001-1-city] Reinforcement waypoint: 160 final target = 198 turns until reinforcement = 8
2026-06-02 09:52:52 [self-0001-1-city] Route planned: Target = 160 Mode = reinforcement_waypoint city-free reachable tiles = 291 Fallback-Tiles = 293
2026-06-02 09:52:52 [self-0001-1-city] Move #1154: 84 -> 103 | Army: 2 | Target-Terrain: 0 | Target: 160 | Half: False
2026-06-02 09:52:53 [self-0001-1-city] My general index: 28
2026-06-02 09:52:53 [self-0001-1-city] Enemy general index: None
2026-06-02 09:52:53 [self-0001-1-city] Visible enemy tiles: 8
2026-06-02 09:52:53 [self-0001-1-city] Tiles: 31 / 130
2026-06-02 09:52:53 [self-0001-1-city] Map: 19 x 21 Turn: 1193
2026-06-02 09:52:53 [self-0001-1-city] Reinforcement waypoint: 160 final target = 198 turns until reinforcement = 7
2026-06-02 09:52:53 [self-0001-1-city] Route planned: Target = 160 Mode = reinforcement_waypoint city-free reachable tiles = 291 Fallback-Tiles = 293
2026-06-02 09:52:53 [self-0001-1-city] Move #1155: 122 -> 141 | Army: 51 | Target-Terrain: 0 | Target: 160 | Half: False
2026-06-02 09:52:53 [self-0001-1-city] My general index: 28
2026-06-02 09:52:53 [self-0001-1-city] Enemy general index: None
2026-06-02 09:52:53 [self-0001-1-city] Visible enemy tiles: 8
2026-06-02 09:52:53 [self-0001-1-city] Tiles: 31 / 130
2026-06-02 09:52:53 [self-0001-1-city] Map: 19 x 21 Turn: 1194
2026-06-02 09:52:53 [self-0001-1-city] Reinforcement waypoint: 160 final target = 198 turns until reinforcement = 6
2026-06-02 09:52:53 [self-0001-1-city] Route planned: Target = 160 Mode = reinforcement_waypoint city-free reachable tiles = 291 Fallback-Tiles = 293
2026-06-02 09:52:53 [self-0001-1-city] Priority agent: flow +6000 base = 92752 final = 98752
2026-06-02 09:52:53 [self-0001-1-city] Move #1156: 141 -> 160 | Army: 52 | Target-Terrain: 1 | Target: 160 | Half: False
2026-06-02 09:52:54 [self-0001-1-city] My general index: 28
2026-06-02 09:52:54 [self-0001-1-city] Enemy general index: None
2026-06-02 09:52:54 [self-0001-1-city] Visible enemy tiles: 10
2026-06-02 09:52:54 [self-0001-1-city] Tiles: 32 / 129
2026-06-02 09:52:54 [self-0001-1-city] Map: 19 x 21 Turn: 1195
2026-06-02 09:52:54 [self-0001-1-city] Reinforcement waypoint: 179 final target = 198 turns until reinforcement = 5
2026-06-02 09:52:54 [self-0001-1-city] Route planned: Target = 179 Mode = reinforcement_waypoint city-free reachable tiles = 291 Fallback-Tiles = 293
2026-06-02 09:52:54 [self-0001-1-city] Priority agent: flow +6000 base = 93050 final = 99050
2026-06-02 09:52:54 [self-0001-1-city] Move #1157: 160 -> 179 | Army: 50 | Target-Terrain: 1 | Target: 179 | Half: False
2026-06-02 09:52:54 [self-0001-1-city] My general index: 28
2026-06-02 09:52:54 [self-0001-1-city] Enemy general index: None
2026-06-02 09:52:54 [self-0001-1-city] Visible enemy tiles: 13
2026-06-02 09:52:54 [self-0001-1-city] Tiles: 32 / 129
2026-06-02 09:52:54 [self-0001-1-city] Map: 19 x 21 Turn: 1196
2026-06-02 09:52:54 [self-0001-1-city] Reinforcement waypoint: 180 final target = 199 turns until reinforcement = 4
2026-06-02 09:52:54 [self-0001-1-city] Route planned: Target = 180 Mode = reinforcement_waypoint city-free reachable tiles = 291 Fallback-Tiles = 293
2026-06-02 09:52:54 [self-0001-1-city] Priority agent: flow +6000 base = 92748 final = 98748
2026-06-02 09:52:54 [self-0001-1-city] Move #1158: 179 -> 180 | Army: 48 | Target-Terrain: 1 | Target: 180 | Half: False
2026-06-02 09:52:55 [self-0001-1-city] Coach: stabilize tiles 33/128 army 270/3151 cities 0/0 enemy_city_suspect True bias {'expansion_bias': 0.1, 'city_bias': 0.8, 'attack_bias': -0.30000000000000004, 'defense_bias': 1.2, 'route_bias': 0.3}
2026-06-02 09:52:55 [self-0001-1-city] My general index: 28
2026-06-02 09:52:55 [self-0001-1-city] Enemy general index: None
2026-06-02 09:52:55 [self-0001-1-city] Visible enemy tiles: 13
2026-06-02 09:52:55 [self-0001-1-city] Tiles: 33 / 128
2026-06-02 09:52:55 [self-0001-1-city] Map: 19 x 21 Turn: 1197
2026-06-02 09:52:55 [self-0001-1-city] Reinforcement waypoint: 199 final target = 199 turns until reinforcement = 3
2026-06-02 09:52:55 [self-0001-1-city] Route planned: Target = 199 Mode = reinforcement_waypoint city-free reachable tiles = 291 Fallback-Tiles = 293
2026-06-02 09:52:55 [self-0001-1-city] Priority agent: flow +6000 base = 58316 final = 64316
2026-06-02 09:52:55 [self-0001-1-city] Move #1159: 180 -> 161 | Army: 46 | Target-Terrain: 1 | Target: 199 | Half: False
2026-06-02 09:52:55 [self-0001-1-city] My general index: 28
2026-06-02 09:52:55 [self-0001-1-city] Enemy general index: None
2026-06-02 09:52:55 [self-0001-1-city] Visible enemy tiles: 12
2026-06-02 09:52:55 [self-0001-1-city] Tiles: 33 / 128
2026-06-02 09:52:55 [self-0001-1-city] Map: 19 x 21 Turn: 1198
2026-06-02 09:52:55 [self-0001-1-city] Reinforcement waypoint: 180 final target = 199 turns until reinforcement = 2
2026-06-02 09:52:55 [self-0001-1-city] Route planned: Target = 180 Mode = reinforcement_waypoint city-free reachable tiles = 291 Fallback-Tiles = 293
2026-06-02 09:52:55 [self-0001-1-city] Priority agent: flow +6000 base = 53714 final = 59714
2026-06-02 09:52:55 [self-0001-1-city] Move #1160: 161 -> 162 | Army: 44 | Target-Terrain: 1 | Target: 180 | Half: False
2026-06-02 09:52:56 [self-0001-1-city] My general index: 28
2026-06-02 09:52:56 [self-0001-1-city] Enemy general index: None
2026-06-02 09:52:56 [self-0001-1-city] Visible enemy tiles: 9
2026-06-02 09:52:56 [self-0001-1-city] Tiles: 33 / 128
2026-06-02 09:52:56 [self-0001-1-city] Map: 19 x 21 Turn: 1199
2026-06-02 09:52:56 [self-0001-1-city] Reinforcement waypoint: 161 final target = 199 turns until reinforcement = 1
2026-06-02 09:52:56 [self-0001-1-city] Route planned: Target = 161 Mode = reinforcement_waypoint city-free reachable tiles = 291 Fallback-Tiles = 293
2026-06-02 09:52:56 [self-0001-1-city] Move #1161: 86 -> 85 | Army: 2 | Target-Terrain: 0 | Target: 161 | Half: False
2026-06-02 09:52:56 [self-0001-1-city] My general index: 28
2026-06-02 09:52:56 [self-0001-1-city] Enemy general index: None
2026-06-02 09:52:56 [self-0001-1-city] Visible enemy tiles: 10
2026-06-02 09:52:56 [self-0001-1-city] Tiles: 32 / 129
2026-06-02 09:52:56 [self-0001-1-city] Map: 19 x 21 Turn: 1200
2026-06-02 09:52:56 [self-0001-1-city] Route planned: Target = 199 Mode = reinforcement_waypoint city-free reachable tiles = 291 Fallback-Tiles = 293
2026-06-02 09:52:56 [self-0001-1-city] Priority agent: edge reuse -9000 base = 53962 final = 44962
2026-06-02 09:52:56 [self-0001-1-city] Move #1162: 162 -> 161 | Army: 42 | Target-Terrain: 1 | Target: 199 | Half: False
2026-06-02 09:52:57 [self-0001-1-city] My general index: 28
2026-06-02 09:52:57 [self-0001-1-city] Enemy general index: None
2026-06-02 09:52:57 [self-0001-1-city] Visible enemy tiles: 9
2026-06-02 09:52:57 [self-0001-1-city] Tiles: 33 / 128
2026-06-02 09:52:57 [self-0001-1-city] Map: 19 x 21 Turn: 1201
2026-06-02 09:52:57 [self-0001-1-city] Route planned: Target = 199 Mode = reinforcement_waypoint city-free reachable tiles = 291 Fallback-Tiles = 293
2026-06-02 09:52:57 [self-0001-1-city] Priority agent: edge reuse -9000, flow +6000 base = 53399 final = 50399
2026-06-02 09:52:57 [self-0001-1-city] Move #1163: 161 -> 180 | Army: 39 | Target-Terrain: 1 | Target: 199 | Half: False
2026-06-02 09:52:57 [self-0001-1-city] My general index: 28
2026-06-02 09:52:57 [self-0001-1-city] Enemy general index: None
2026-06-02 09:52:57 [self-0001-1-city] Visible enemy tiles: 11
2026-06-02 09:52:57 [self-0001-1-city] Tiles: 34 / 127
2026-06-02 09:52:57 [self-0001-1-city] Map: 19 x 21 Turn: 1202
2026-06-02 09:52:57 [self-0001-1-city] Route planned: Target = 199 Mode = strategy city-free reachable tiles = 291 Fallback-Tiles = 293
2026-06-02 09:52:57 [self-0001-1-city] Move #1164: 143 -> 142 | Army: 2 | Target-Terrain: 0 | Target: 199 | Half: False
2026-06-02 09:52:58 [self-0001-1-city] My general index: 28
2026-06-02 09:52:58 [self-0001-1-city] Enemy general index: None
2026-06-02 09:52:58 [self-0001-1-city] Visible enemy tiles: 9
2026-06-02 09:52:58 [self-0001-1-city] Tiles: 33 / 128
2026-06-02 09:52:58 [self-0001-1-city] Map: 19 x 21 Turn: 1203
2026-06-02 09:52:58 [self-0001-1-city] Route planned: Target = 199 Mode = strategy city-free reachable tiles = 291 Fallback-Tiles = 293
2026-06-02 09:52:58 [self-0001-1-city] Move #1165: 66 -> 85 | Army: 2 | Target-Terrain: 0 | Target: 199 | Half: False
2026-06-02 09:52:58 [self-0001-1-city] My general index: 28
2026-06-02 09:52:58 [self-0001-1-city] Enemy general index: None
2026-06-02 09:52:58 [self-0001-1-city] Visible enemy tiles: 10
2026-06-02 09:52:58 [self-0001-1-city] Tiles: 32 / 129
2026-06-02 09:52:58 [self-0001-1-city] Map: 19 x 21 Turn: 1204
2026-06-02 09:52:58 [self-0001-1-city] Route planned: Target = 123 Mode = defense city-free reachable tiles = 291 Fallback-Tiles = 293
2026-06-02 09:52:58 [self-0001-1-city] Move #1166: 142 -> 123 | Army: 3 | Target-Terrain: 0 | Target: 123 | Half: False
2026-06-02 09:52:59 [self-0001-1-city] My general index: 28
2026-06-02 09:52:59 [self-0001-1-city] Enemy general index: None
2026-06-02 09:52:59 [self-0001-1-city] Visible enemy tiles: 11
2026-06-02 09:52:59 [self-0001-1-city] Tiles: 31 / 130
2026-06-02 09:52:59 [self-0001-1-city] Map: 19 x 21 Turn: 1205
2026-06-02 09:52:59 [self-0001-1-city] Route planned: Target = 104 Mode = defense city-free reachable tiles = 291 Fallback-Tiles = 293
2026-06-02 09:52:59 [self-0001-1-city] Priority agent: flow +6000 base = 243052 final = 249052
2026-06-02 09:52:59 [self-0001-1-city] Move #1167: 123 -> 104 | Army: 2 | Target-Terrain: 0 | Target: 104 | Half: False
2026-06-02 09:52:59 [self-0001-1-city] My general index: 28
2026-06-02 09:52:59 [self-0001-1-city] Enemy general index: None
2026-06-02 09:52:59 [self-0001-1-city] Visible enemy tiles: 12
2026-06-02 09:52:59 [self-0001-1-city] Tiles: 30 / 131
2026-06-02 09:52:59 [self-0001-1-city] Map: 19 x 21 Turn: 1206
2026-06-02 09:52:59 [self-0001-1-city] Route planned: Target = 85 Mode = defense city-free reachable tiles = 291 Fallback-Tiles = 293
2026-06-02 09:52:59 [self-0001-1-city] Priority agent: flow +6000 base = 228956 final = 234956
2026-06-02 09:52:59 [self-0001-1-city] Move #1168: 104 -> 85 | Army: 6 | Target-Terrain: 0 | Target: 85 | Half: False
2026-06-02 09:53:00 [self-0001-1-city] My general index: 28
2026-06-02 09:53:00 [self-0001-1-city] Enemy general index: None
2026-06-02 09:53:00 [self-0001-1-city] Visible enemy tiles: 13
2026-06-02 09:53:00 [self-0001-1-city] Tiles: 29 / 132
2026-06-02 09:53:00 [self-0001-1-city] Map: 19 x 21 Turn: 1207
2026-06-02 09:53:00 [self-0001-1-city] Route planned: Target = 66 Mode = defense city-free reachable tiles = 291 Fallback-Tiles = 293
2026-06-02 09:53:00 [self-0001-1-city] Move #1169: 47 -> 66 | Army: 2 | Target-Terrain: 0 | Target: 66 | Half: False
2026-06-02 09:53:00 [self-0001-1-city] My general index: 28
2026-06-02 09:53:00 [self-0001-1-city] Enemy general index: None
2026-06-02 09:53:00 [self-0001-1-city] Visible enemy tiles: 14
2026-06-02 09:53:00 [self-0001-1-city] Tiles: 28 / 133
2026-06-02 09:53:00 [self-0001-1-city] Map: 19 x 21 Turn: 1208
2026-06-02 09:53:00 [self-0001-1-city] Route planned: Target = 47 Mode = defense city-free reachable tiles = 291 Fallback-Tiles = 293
2026-06-02 09:53:00 [self-0001-1-city] Move #1170: 28 -> 47 | Army: 61 | Target-Terrain: 0 | Target: 47 | Half: True
2026-06-02 09:53:01 [self-0001-1-city] My general index: 28
2026-06-02 09:53:01 [self-0001-1-city] Enemy general index: None
2026-06-02 09:53:01 [self-0001-1-city] Visible enemy tiles: 15
2026-06-02 09:53:01 [self-0001-1-city] Tiles: 27 / 134
2026-06-02 09:53:01 [self-0001-1-city] Map: 19 x 21 Turn: 1209
2026-06-02 09:53:01 [self-0001-1-city] Route planned: Target = 66 Mode = defense city-free reachable tiles = 291 Fallback-Tiles = 293
2026-06-02 09:53:01 [self-0001-1-city] Move #1171: 103 -> 104 | Army: 111 | Target-Terrain: 1 | Target: 66 | Half: False
2026-06-02 09:53:01 [self-0001-1-city] My general index: 28
2026-06-02 09:53:01 [self-0001-1-city] Enemy general index: None
2026-06-02 09:53:01 [self-0001-1-city] Visible enemy tiles: 15
2026-06-02 09:53:01 [self-0001-1-city] Tiles: 27 / 134
2026-06-02 09:53:01 [self-0001-1-city] Map: 19 x 21 Turn: 1210
2026-06-02 09:53:01 [self-0001-1-city] Route planned: Target = 66 Mode = defense city-free reachable tiles = 291 Fallback-Tiles = 293
2026-06-02 09:53:01 [self-0001-1-city] Priority agent: edge reuse -9000 base = 277281 final = 268281
2026-06-02 09:53:01 [self-0001-1-city] Move #1172: 47 -> 66 | Army: 31 | Target-Terrain: 1 | Target: 66 | Half: False
2026-06-02 09:53:02 [self-0001-1-city] My general index: 28
2026-06-02 09:53:02 [self-0001-1-city] Enemy general index: None
2026-06-02 09:53:02 [self-0001-1-city] Visible enemy tiles: 15
2026-06-02 09:53:02 [self-0001-1-city] Tiles: 27 / 134
2026-06-02 09:53:02 [self-0001-1-city] Map: 19 x 21 Turn: 1211
2026-06-02 09:53:02 [self-0001-1-city] Route planned: Target = 47 Mode = defense city-free reachable tiles = 291 Fallback-Tiles = 293
2026-06-02 09:53:02 [self-0001-1-city] Move #1173: 48 -> 47 | Army: 2 | Target-Terrain: 0 | Target: 47 | Half: False
2026-06-02 09:53:02 [self-0001-1-city] My general index: 28
2026-06-02 09:53:02 [self-0001-1-city] Enemy general index: None
2026-06-02 09:53:02 [self-0001-1-city] Visible enemy tiles: 16
2026-06-02 09:53:02 [self-0001-1-city] Tiles: 26 / 135
2026-06-02 09:53:02 [self-0001-1-city] Map: 19 x 21 Turn: 1212
2026-06-02 09:53:02 [self-0001-1-city] Route planned: Target = 47 Mode = defense city-free reachable tiles = 291 Fallback-Tiles = 293
2026-06-02 09:53:02 [self-0001-1-city] Move #1174: 46 -> 47 | Army: 2 | Target-Terrain: 0 | Target: 47 | Half: False
2026-06-02 09:53:03 [self-0001-1-city] My general index: 28
2026-06-02 09:53:03 [self-0001-1-city] Enemy general index: None
2026-06-02 09:53:03 [self-0001-1-city] Visible enemy tiles: 16
2026-06-02 09:53:03 [self-0001-1-city] Tiles: 25 / 136
2026-06-02 09:53:03 [self-0001-1-city] Map: 19 x 21 Turn: 1213
2026-06-02 09:53:03 [self-0001-1-city] Route planned: Target = 47 Mode = defense city-free reachable tiles = 291 Fallback-Tiles = 293
2026-06-02 09:53:03 [self-0001-1-city] Priority agent: edge reuse -18000 base = 196279 final = 178279
2026-06-02 09:53:03 [self-0001-1-city] Move #1175: 66 -> 47 | Army: 29 | Target-Terrain: 0 | Target: 47 | Half: False
2026-06-02 09:53:03 [self-0001-1-city] My general index: 28
2026-06-02 09:53:03 [self-0001-1-city] Enemy general index: None
2026-06-02 09:53:03 [self-0001-1-city] Visible enemy tiles: 17
2026-06-02 09:53:03 [self-0001-1-city] Tiles: 24 / 137
2026-06-02 09:53:03 [self-0001-1-city] Map: 19 x 21 Turn: 1214
2026-06-02 09:53:03 [self-0001-1-city] Route planned: Target = 47 Mode = defense city-free reachable tiles = 291 Fallback-Tiles = 293
2026-06-02 09:53:03 [self-0001-1-city] Priority agent: edge reuse -9000 base = 159750 final = 150750
2026-06-02 09:53:03 [self-0001-1-city] Move #1176: 104 -> 85 | Army: 109 | Target-Terrain: 1 | Target: 47 | Half: False
2026-06-02 09:53:04 [self-0001-1-city] EVENT: ['game_lost', {'killer': 1}, None]
2026-06-02 09:53:04 [self-0001-1-city] Final map analysis: visible = 0.1679 complete = False symmetry = {'rotated_180': {'compared_pairs': 200, 'blocker_similarity': 0.62, 'city_similarity': 0.99}, 'horizontal_mirror': {'compared_pairs': 210, 'blocker_similarity': 0.681, 'city_similarity': 0.9905}, 'vertical_mirror': {'compared_pairs': 209, 'blocker_similarity': 0.6507, 'city_similarity': 0.9904}}
2026-06-02 09:53:04 [self-0001-1-city] GAME END: game_lost
2026-06-02 09:53:04 [self-0001-1-city] Stats saved for reserve turn: 232
2026-06-02 09:53:04 [self-0001-1-city] Disconnected
