2026-06-02 09:42:54 [self-0003-0-attack] Connected
2026-06-02 09:42:54 [self-0003-0-attack] Room: https://bot.generals.io/games/TillTestRoom123_self_20260602_094252_0003
2026-06-02 09:42:54 [self-0003-0-attack] Reserve ab sichtbarem Turn: 235
2026-06-02 09:42:54 [self-0003-0-attack] City-Fokus ab sichtbarem Turn: 116
2026-06-02 09:42:54 [self-0003-0-attack] General-Angriff ab sichtbarem Turn: 75
2026-06-02 09:42:54 [self-0003-0-attack] Connected
2026-06-02 09:42:54 [self-0003-0-attack] Connected
2026-06-02 09:42:54 [self-0003-0-attack] Room: https://bot.generals.io/games/TillTestRoom123_self_20260602_094252_0003
2026-06-02 09:42:54 [self-0003-0-attack] Room: https://bot.generals.io/games/TillTestRoom123_self_20260602_094252_0003
2026-06-02 09:42:54 [self-0003-0-attack] Reserve ab sichtbarem Turn: 448
2026-06-02 09:42:54 [self-0003-0-attack] Reserve ab sichtbarem Turn: 223
2026-06-02 09:42:54 [self-0003-0-attack] City-Fokus ab sichtbarem Turn: 68
2026-06-02 09:42:54 [self-0003-0-attack] City-Fokus ab sichtbarem Turn: 160
2026-06-02 09:42:54 [self-0003-0-attack] General-Angriff ab sichtbarem Turn: 86
2026-06-02 09:42:54 [self-0003-0-attack] General-Angriff ab sichtbarem Turn: 101
2026-06-02 09:42:55 [self-0003-0-attack] SET_USERNAME: ['error_set_username', 'You already have a username! Only Supporters can change usernames.']
2026-06-02 09:42:55 [self-0003-0-attack] SET_USERNAME: ['error_set_username', 'You already have a username! Only Supporters can change usernames.']
2026-06-02 09:42:55 [self-0003-0-attack] SET_USERNAME: ['error_set_username', 'You already have a username! Only Supporters can change usernames.']
2026-06-02 09:42:55 [self-0003-0-attack] JOIN_PRIVATE: ['chat_message', 'chat_custom_queue_TillTestRoom123_self_20260602_094252_0003', {'text': 'T1LL4_Self_05 joined the custom lobby.'}]
2026-06-02 09:42:55 [self-0003-0-attack] EVENT: ['queue_update', {'playerIndices': [0], 'playerColors': [0], 'lobbyIndex': 0, 'isForcing': False, 'numPlayers': 1, 'numForce': [], 'playerCap': 16, 'teamSize': 1, 'teams': [1], 'usernames': ['T1LL4_Self_05'], 'options': {'map': None, 'modifiers': []}, 'owner': 0, 'bans': [], 'kicks': []}]
2026-06-02 09:42:55 [self-0003-0-attack] EVENT: ['chat_message', 'chat_custom_queue_TillTestRoom123_self_20260602_094252_0003', {'text': 'T1LL4_Self_05 is the lobby owner.', 'multiText': ['T1LL4_Self_05', ' is the lobby owner.'], 'multiColors': [0, None]}]
2026-06-02 09:42:55 [self-0003-0-attack] EVENT: ['chat_message', 'chat_custom_queue_TillTestRoom123_self_20260602_094252_0003', {'text': 'T1LL4_Self_05 joined the custom lobby.'}]
2026-06-02 09:42:55 [self-0003-0-attack] JOIN_PRIVATE: ['chat_message', 'chat_custom_queue_TillTestRoom123_self_20260602_094252_0003', {'text': 'T1LL4_Self_05 joined the custom lobby.'}]
2026-06-02 09:42:55 [self-0003-0-attack] EVENT: ['queue_update', {'playerIndices': [0], 'playerColors': [0], 'lobbyIndex': 0, 'isForcing': False, 'numPlayers': 1, 'numForce': [], 'playerCap': 16, 'teamSize': 1, 'teams': [1], 'usernames': ['T1LL4_Self_05'], 'options': {'map': None, 'modifiers': []}, 'owner': 0, 'bans': [], 'kicks': []}]
2026-06-02 09:42:55 [self-0003-0-attack] EVENT: ['notify', 'T1LL4_Self_05 joined the custom game', 'There are now 1 players in the lobby.']
2026-06-02 09:42:55 [self-0003-0-attack] EVENT: ['chat_message', 'chat_custom_queue_TillTestRoom123_self_20260602_094252_0003', {'text': 'T1LL4_Self_05 joined the custom lobby.'}]
2026-06-02 09:42:55 [self-0003-0-attack] EVENT: ['error_user_id']
2026-06-02 09:42:55 [self-0003-0-attack] JOIN_PRIVATE: ['chat_message', 'chat_custom_queue_TillTestRoom123_self_20260602_094252_0003', {'text': 'T1LL4_Self_05 joined the custom lobby.'}]
2026-06-02 09:42:55 [self-0003-0-attack] EVENT: ['chat_message', 'chat_custom_queue_TillTestRoom123_self_20260602_094252_0003', {'text': 'T1LL4_Self_05 joined the custom lobby.'}]
2026-06-02 09:42:55 [self-0003-0-attack] EVENT: ['queue_update', {'playerIndices': [0], 'playerColors': [0], 'lobbyIndex': 0, 'isForcing': False, 'numPlayers': 1, 'numForce': [], 'playerCap': 16, 'teamSize': 1, 'teams': [1], 'usernames': ['T1LL4_Self_05'], 'options': {'map': None, 'modifiers': []}, 'owner': 0, 'bans': [], 'kicks': []}]
2026-06-02 09:42:55 [self-0003-0-attack] EVENT: ['notify', 'T1LL4_Self_05 joined the custom game', 'There are now 1 players in the lobby.']
2026-06-02 09:42:55 [self-0003-0-attack] EVENT: ['error_user_id']
2026-06-02 09:42:55 [self-0003-0-attack] EVENT: ['chat_message', 'chat_custom_queue_TillTestRoom123_self_20260602_094252_0003', {'text': 'T1LL4_Self_06 joined the custom lobby.'}]
2026-06-02 09:42:55 [self-0003-0-attack] EVENT: ['chat_message', 'chat_custom_queue_TillTestRoom123_self_20260602_094252_0003', {'text': 'T1LL4_Self_06 joined the custom lobby.'}]
2026-06-02 09:42:55 [self-0003-0-attack] EVENT: ['chat_message', 'chat_custom_queue_TillTestRoom123_self_20260602_094252_0003', {'text': 'T1LL4_Self_06 joined the custom lobby.'}]
2026-06-02 09:42:55 [self-0003-0-attack] EVENT: ['chat_message', 'chat_custom_queue_TillTestRoom123_self_20260602_094252_0003', {'text': 'T1LL4_Self_06 joined the custom lobby.'}]
2026-06-02 09:42:55 [self-0003-0-attack] EVENT: ['chat_message', 'chat_custom_queue_TillTestRoom123_self_20260602_094252_0003', {'text': 'T1LL4_Self_06 joined the custom lobby.'}]
2026-06-02 09:42:55 [self-0003-0-attack] EVENT: ['chat_message', 'chat_custom_queue_TillTestRoom123_self_20260602_094252_0003', {'text': 'T1LL4_Self_06 joined the custom lobby.'}]
2026-06-02 09:42:55 [self-0003-0-attack] EVENT: ['chat_message', 'chat_custom_queue_TillTestRoom123_self_20260602_094252_0003', {'text': 'T1LL4_Self_06 joined the custom lobby.'}]
2026-06-02 09:42:55 [self-0003-0-attack] EVENT: ['queue_update', {'playerIndices': [0], 'playerColors': [0], 'lobbyIndex': 0, 'isForcing': False, 'numPlayers': 1, 'numForce': [], 'playerCap': 16, 'teamSize': 1, 'teams': [1], 'usernames': ['T1LL4_Self_05'], 'options': {'map': None, 'modifiers': []}, 'owner': 0, 'bans': [], 'kicks': []}]
2026-06-02 09:42:55 [self-0003-0-attack] EVENT: ['notify', 'T1LL4_Self_06 joined the custom game', 'There are now 1 players in the lobby.']
2026-06-02 09:42:55 [self-0003-0-attack] EVENT: ['queue_update', {'playerIndices': [0, 1], 'playerColors': [0, 1], 'lobbyIndex': 0, 'isForcing': False, 'numPlayers': 2, 'numForce': [], 'playerCap': 16, 'teamSize': 1, 'teams': [1, 2], 'usernames': ['T1LL4_Self_05', 'T1LL4_Self_06'], 'options': {'map': None, 'modifiers': []}, 'owner': 0, 'bans': [], 'kicks': []}]
2026-06-02 09:42:55 [self-0003-0-attack] EVENT: ['chat_message', 'chat_custom_queue_TillTestRoom123_self_20260602_094252_0003', {'text': 'T1LL4_Self_06 joined the custom lobby.'}]
2026-06-02 09:42:55 [self-0003-0-attack] EVENT: ['queue_update', {'playerIndices': [0, 1], 'playerColors': [0, 1], 'lobbyIndex': 0, 'isForcing': False, 'numPlayers': 2, 'numForce': [], 'playerCap': 16, 'teamSize': 1, 'teams': [1, 2], 'usernames': ['T1LL4_Self_05', 'T1LL4_Self_06'], 'options': {'map': None, 'modifiers': []}, 'owner': 0, 'bans': [], 'kicks': []}]
2026-06-02 09:42:55 [self-0003-0-attack] EVENT: ['notify', 'T1LL4_Self_06 joined the custom game', 'There are now 2 players in the lobby.']
2026-06-02 09:42:55 [self-0003-0-attack] EVENT: ['chat_message', 'chat_custom_queue_TillTestRoom123_self_20260602_094252_0003', {'text': 'T1LL4_Self_06 joined the custom lobby.'}]
2026-06-02 09:42:55 [self-0003-0-attack] EVENT: ['queue_update', {'playerIndices': [0, 1], 'playerColors': [0, 1], 'lobbyIndex': 0, 'isForcing': False, 'numPlayers': 2, 'numForce': [], 'playerCap': 16, 'teamSize': 1, 'teams': [1, 2], 'usernames': ['T1LL4_Self_05', 'T1LL4_Self_06'], 'options': {'map': None, 'modifiers': []}, 'owner': 0, 'bans': [], 'kicks': []}]
2026-06-02 09:42:55 [self-0003-0-attack] EVENT: ['notify', 'T1LL4_Self_06 joined the custom game', 'There are now 2 players in the lobby.']
2026-06-02 09:42:55 [self-0003-0-attack] EVENT: ['queue_update', {'playerIndices': [0, 1], 'playerColors': [0, 1], 'lobbyIndex': 0, 'isForcing': True, 'numPlayers': 2, 'numForce': [0], 'playerCap': 16, 'teamSize': 1, 'teams': [1, 2], 'usernames': ['T1LL4_Self_05', 'T1LL4_Self_06'], 'options': {'map': None, 'modifiers': []}, 'owner': 0, 'bans': [], 'kicks': []}]
2026-06-02 09:42:55 [self-0003-0-attack] EVENT: ['pre_game_start']
2026-06-02 09:42:57 [self-0003-0-attack] EVENT: ['game_start', {'playerIndex': 0, 'playerColors': [0, 1], 'replay_id': 'nWkr-gQYMV', 'chat_room': 'game_1780386175905dTlsPyaOnXR5GKJWAAZ6', 'usernames': ['T1LL4_Self_05', 'T1LL4_Self_06'], 'teams': [1, 2], 'game_type': 'custom', 'swamps': [], 'lights': [], 'options': {'map': None, 'width': None, 'height': None, 'game_speed': None, 'modifiers': [], 'mountain_density': None, 'city_density': None, 'lookout_density': None, 'observatory_density': None, 'swamp_density': None, 'desert_density': None, 'max_players': None, 'city_fairness': None, 'spawn_fairness': None, 'defeat_spectate': None, 'spectate_chat': None, 'public': None, 'chatRecordingDisabled': None, 'eventId': None}, 'queue_chat': None}, None]
2026-06-02 09:42:57 [self-0003-0-attack] GAME START!
2026-06-02 09:42:57 [self-0003-0-attack] My player index: 0
2026-06-02 09:42:57 [self-0003-0-attack] Replay: https://bot.generals.io/replays/nWkr-gQYMV
2026-06-02 09:42:57 [self-0003-0-attack] EVENT: ['chat_message', 'game_1780386175905dTlsPyaOnXR5GKJWAAZ6', {'text': ' Chat is being recorded.'}]
2026-06-02 09:42:57 [self-0003-0-attack] Enemy general guess: 336 Confidence: 0.42 Grund: rotated spawn, distance 25 near expected 22.55, unseen tile, far from center bei eigener Position 83 Map: 20x21
2026-06-02 09:42:57 [self-0003-0-attack] My general index: 83
2026-06-02 09:42:57 [self-0003-0-attack] Enemy general index: None
2026-06-02 09:42:57 [self-0003-0-attack] Visible enemy tiles: 0
2026-06-02 09:42:57 [self-0003-0-attack] Tiles: 1 / 1
2026-06-02 09:42:57 [self-0003-0-attack] Map: 20 x 21 Turn: 1
2026-06-02 09:42:57 [self-0003-0-attack] Route planned: Target = 336 Mode = strategy city-free reachable tiles = 310 Fallback-Tiles = 310
2026-06-02 09:42:57 [self-0003-0-attack] Waiting until turn 10: turn 1, general has 1 units
2026-06-02 09:42:58 [self-0003-0-attack] My general index: 83
2026-06-02 09:42:58 [self-0003-0-attack] Enemy general index: None
2026-06-02 09:42:58 [self-0003-0-attack] Visible enemy tiles: 0
2026-06-02 09:42:58 [self-0003-0-attack] Tiles: 1 / 1
2026-06-02 09:42:58 [self-0003-0-attack] Map: 20 x 21 Turn: 2
2026-06-02 09:42:58 [self-0003-0-attack] Route planned: Target = 336 Mode = strategy city-free reachable tiles = 310 Fallback-Tiles = 310
2026-06-02 09:42:58 [self-0003-0-attack] Waiting until turn 10: turn 1, general has 2 units
2026-06-02 09:42:58 [self-0003-0-attack] My general index: 83
2026-06-02 09:42:58 [self-0003-0-attack] Enemy general index: None
2026-06-02 09:42:58 [self-0003-0-attack] Visible enemy tiles: 0
2026-06-02 09:42:58 [self-0003-0-attack] Tiles: 1 / 1
2026-06-02 09:42:58 [self-0003-0-attack] Map: 20 x 21 Turn: 3
2026-06-02 09:42:58 [self-0003-0-attack] Route planned: Target = 336 Mode = strategy city-free reachable tiles = 310 Fallback-Tiles = 310
2026-06-02 09:42:58 [self-0003-0-attack] Waiting until turn 10: turn 2, general has 2 units
2026-06-02 09:42:59 [self-0003-0-attack] My general index: 83
2026-06-02 09:42:59 [self-0003-0-attack] Enemy general index: None
2026-06-02 09:42:59 [self-0003-0-attack] Visible enemy tiles: 0
2026-06-02 09:42:59 [self-0003-0-attack] Tiles: 1 / 1
2026-06-02 09:42:59 [self-0003-0-attack] Map: 20 x 21 Turn: 4
2026-06-02 09:42:59 [self-0003-0-attack] Route planned: Target = 336 Mode = strategy city-free reachable tiles = 310 Fallback-Tiles = 310
2026-06-02 09:42:59 [self-0003-0-attack] Waiting until turn 10: turn 2, general has 3 units
2026-06-02 09:42:59 [self-0003-0-attack] My general index: 83
2026-06-02 09:42:59 [self-0003-0-attack] Enemy general index: None
2026-06-02 09:42:59 [self-0003-0-attack] Visible enemy tiles: 0
2026-06-02 09:42:59 [self-0003-0-attack] Tiles: 1 / 1
2026-06-02 09:42:59 [self-0003-0-attack] Map: 20 x 21 Turn: 5
2026-06-02 09:42:59 [self-0003-0-attack] Route planned: Target = 336 Mode = strategy city-free reachable tiles = 310 Fallback-Tiles = 310
2026-06-02 09:42:59 [self-0003-0-attack] Waiting until turn 10: turn 3, general has 3 units
2026-06-02 09:43:00 [self-0003-0-attack] My general index: 83
2026-06-02 09:43:00 [self-0003-0-attack] Enemy general index: None
2026-06-02 09:43:00 [self-0003-0-attack] Visible enemy tiles: 0
2026-06-02 09:43:00 [self-0003-0-attack] Tiles: 1 / 1
2026-06-02 09:43:00 [self-0003-0-attack] Map: 20 x 21 Turn: 6
2026-06-02 09:43:00 [self-0003-0-attack] Route planned: Target = 336 Mode = strategy city-free reachable tiles = 310 Fallback-Tiles = 310
2026-06-02 09:43:00 [self-0003-0-attack] Waiting until turn 10: turn 3, general has 4 units
2026-06-02 09:43:00 [self-0003-0-attack] My general index: 83
2026-06-02 09:43:00 [self-0003-0-attack] Enemy general index: None
2026-06-02 09:43:00 [self-0003-0-attack] Visible enemy tiles: 0
2026-06-02 09:43:00 [self-0003-0-attack] Tiles: 1 / 1
2026-06-02 09:43:00 [self-0003-0-attack] Map: 20 x 21 Turn: 7
2026-06-02 09:43:00 [self-0003-0-attack] Route planned: Target = 336 Mode = strategy city-free reachable tiles = 310 Fallback-Tiles = 310
2026-06-02 09:43:00 [self-0003-0-attack] Waiting until turn 10: turn 4, general has 4 units
2026-06-02 09:43:01 [self-0003-0-attack] My general index: 83
2026-06-02 09:43:01 [self-0003-0-attack] Enemy general index: None
2026-06-02 09:43:01 [self-0003-0-attack] Visible enemy tiles: 0
2026-06-02 09:43:01 [self-0003-0-attack] Tiles: 1 / 1
2026-06-02 09:43:01 [self-0003-0-attack] Map: 20 x 21 Turn: 8
2026-06-02 09:43:01 [self-0003-0-attack] Route planned: Target = 336 Mode = strategy city-free reachable tiles = 310 Fallback-Tiles = 310
2026-06-02 09:43:01 [self-0003-0-attack] Waiting until turn 10: turn 4, general has 5 units
2026-06-02 09:43:01 [self-0003-0-attack] My general index: 83
2026-06-02 09:43:01 [self-0003-0-attack] Enemy general index: None
2026-06-02 09:43:01 [self-0003-0-attack] Visible enemy tiles: 0
2026-06-02 09:43:01 [self-0003-0-attack] Tiles: 1 / 1
2026-06-02 09:43:01 [self-0003-0-attack] Map: 20 x 21 Turn: 9
2026-06-02 09:43:01 [self-0003-0-attack] Route planned: Target = 336 Mode = strategy city-free reachable tiles = 310 Fallback-Tiles = 310
2026-06-02 09:43:01 [self-0003-0-attack] Waiting until turn 10: turn 5, general has 5 units
2026-06-02 09:43:02 [self-0003-0-attack] My general index: 83
2026-06-02 09:43:02 [self-0003-0-attack] Enemy general index: None
2026-06-02 09:43:02 [self-0003-0-attack] Visible enemy tiles: 0
2026-06-02 09:43:02 [self-0003-0-attack] Tiles: 1 / 1
2026-06-02 09:43:02 [self-0003-0-attack] Map: 20 x 21 Turn: 10
2026-06-02 09:43:02 [self-0003-0-attack] Route planned: Target = 336 Mode = strategy city-free reachable tiles = 310 Fallback-Tiles = 310
2026-06-02 09:43:02 [self-0003-0-attack] Waiting until turn 10: turn 5, general has 6 units
2026-06-02 09:43:02 [self-0003-0-attack] My general index: 83
2026-06-02 09:43:02 [self-0003-0-attack] Enemy general index: None
2026-06-02 09:43:02 [self-0003-0-attack] Visible enemy tiles: 0
2026-06-02 09:43:02 [self-0003-0-attack] Tiles: 1 / 1
2026-06-02 09:43:02 [self-0003-0-attack] Map: 20 x 21 Turn: 11
2026-06-02 09:43:02 [self-0003-0-attack] Route planned: Target = 336 Mode = strategy city-free reachable tiles = 310 Fallback-Tiles = 310
2026-06-02 09:43:02 [self-0003-0-attack] Waiting until turn 10: turn 6, general has 6 units
2026-06-02 09:43:03 [self-0003-0-attack] My general index: 83
2026-06-02 09:43:03 [self-0003-0-attack] Enemy general index: None
2026-06-02 09:43:03 [self-0003-0-attack] Visible enemy tiles: 0
2026-06-02 09:43:03 [self-0003-0-attack] Tiles: 1 / 1
2026-06-02 09:43:03 [self-0003-0-attack] Map: 20 x 21 Turn: 12
2026-06-02 09:43:03 [self-0003-0-attack] Route planned: Target = 336 Mode = strategy city-free reachable tiles = 310 Fallback-Tiles = 310
2026-06-02 09:43:03 [self-0003-0-attack] Waiting until turn 10: turn 6, general has 7 units
2026-06-02 09:43:03 [self-0003-0-attack] My general index: 83
2026-06-02 09:43:03 [self-0003-0-attack] Enemy general index: None
2026-06-02 09:43:03 [self-0003-0-attack] Visible enemy tiles: 0
2026-06-02 09:43:03 [self-0003-0-attack] Tiles: 1 / 1
2026-06-02 09:43:03 [self-0003-0-attack] Map: 20 x 21 Turn: 13
2026-06-02 09:43:03 [self-0003-0-attack] Route planned: Target = 336 Mode = strategy city-free reachable tiles = 310 Fallback-Tiles = 310
2026-06-02 09:43:03 [self-0003-0-attack] Waiting until turn 10: turn 7, general has 7 units
2026-06-02 09:43:04 [self-0003-0-attack] My general index: 83
2026-06-02 09:43:04 [self-0003-0-attack] Enemy general index: None
2026-06-02 09:43:04 [self-0003-0-attack] Visible enemy tiles: 0
2026-06-02 09:43:04 [self-0003-0-attack] Tiles: 1 / 1
2026-06-02 09:43:04 [self-0003-0-attack] Map: 20 x 21 Turn: 14
2026-06-02 09:43:04 [self-0003-0-attack] Route planned: Target = 336 Mode = strategy city-free reachable tiles = 310 Fallback-Tiles = 310
2026-06-02 09:43:04 [self-0003-0-attack] Waiting until turn 10: turn 7, general has 8 units
2026-06-02 09:43:04 [self-0003-0-attack] My general index: 83
2026-06-02 09:43:04 [self-0003-0-attack] Enemy general index: None
2026-06-02 09:43:04 [self-0003-0-attack] Visible enemy tiles: 0
2026-06-02 09:43:04 [self-0003-0-attack] Tiles: 1 / 1
2026-06-02 09:43:04 [self-0003-0-attack] Map: 20 x 21 Turn: 15
2026-06-02 09:43:04 [self-0003-0-attack] Route planned: Target = 336 Mode = strategy city-free reachable tiles = 310 Fallback-Tiles = 310
2026-06-02 09:43:04 [self-0003-0-attack] Waiting until turn 10: turn 8, general has 8 units
2026-06-02 09:43:05 [self-0003-0-attack] My general index: 83
2026-06-02 09:43:05 [self-0003-0-attack] Enemy general index: None
2026-06-02 09:43:05 [self-0003-0-attack] Visible enemy tiles: 0
2026-06-02 09:43:05 [self-0003-0-attack] Tiles: 1 / 1
2026-06-02 09:43:05 [self-0003-0-attack] Map: 20 x 21 Turn: 16
2026-06-02 09:43:05 [self-0003-0-attack] Route planned: Target = 336 Mode = strategy city-free reachable tiles = 310 Fallback-Tiles = 310
2026-06-02 09:43:05 [self-0003-0-attack] Waiting until turn 10: turn 8, general has 9 units
2026-06-02 09:43:05 [self-0003-0-attack] My general index: 83
2026-06-02 09:43:05 [self-0003-0-attack] Enemy general index: None
2026-06-02 09:43:05 [self-0003-0-attack] Visible enemy tiles: 0
2026-06-02 09:43:05 [self-0003-0-attack] Tiles: 1 / 1
2026-06-02 09:43:05 [self-0003-0-attack] Map: 20 x 21 Turn: 17
2026-06-02 09:43:05 [self-0003-0-attack] Route planned: Target = 336 Mode = strategy city-free reachable tiles = 310 Fallback-Tiles = 310
2026-06-02 09:43:05 [self-0003-0-attack] Waiting until turn 10: turn 9, general has 9 units
2026-06-02 09:43:06 [self-0003-0-attack] My general index: 83
2026-06-02 09:43:06 [self-0003-0-attack] Enemy general index: None
2026-06-02 09:43:06 [self-0003-0-attack] Visible enemy tiles: 0
2026-06-02 09:43:06 [self-0003-0-attack] Tiles: 1 / 1
2026-06-02 09:43:06 [self-0003-0-attack] Map: 20 x 21 Turn: 18
2026-06-02 09:43:06 [self-0003-0-attack] Route planned: Target = 336 Mode = strategy city-free reachable tiles = 310 Fallback-Tiles = 310
2026-06-02 09:43:06 [self-0003-0-attack] Waiting until turn 10: turn 9, general has 10 units
2026-06-02 09:43:06 [self-0003-0-attack] My general index: 83
2026-06-02 09:43:06 [self-0003-0-attack] Enemy general index: None
2026-06-02 09:43:06 [self-0003-0-attack] Visible enemy tiles: 0
2026-06-02 09:43:06 [self-0003-0-attack] Tiles: 1 / 1
2026-06-02 09:43:06 [self-0003-0-attack] Map: 20 x 21 Turn: 19
2026-06-02 09:43:06 [self-0003-0-attack] Route planned: Target = 336 Mode = strategy city-free reachable tiles = 310 Fallback-Tiles = 310
2026-06-02 09:43:06 [self-0003-0-attack] Move #1: 83 -> 84 | Army: 10 | Target-Terrain: -1 | Target: 336 | Half: False
2026-06-02 09:43:07 [self-0003-0-attack] My general index: 83
2026-06-02 09:43:07 [self-0003-0-attack] Enemy general index: None
2026-06-02 09:43:07 [self-0003-0-attack] Visible enemy tiles: 0
2026-06-02 09:43:07 [self-0003-0-attack] Tiles: 2 / 2
2026-06-02 09:43:07 [self-0003-0-attack] Map: 20 x 21 Turn: 20
2026-06-02 09:43:07 [self-0003-0-attack] Route planned: Target = 336 Mode = strategy city-free reachable tiles = 310 Fallback-Tiles = 310
2026-06-02 09:43:07 [self-0003-0-attack] Priority agent: flow +6000 base = 43439 final = 49439
2026-06-02 09:43:07 [self-0003-0-attack] Move #2: 84 -> 85 | Army: 9 | Target-Terrain: -1 | Target: 336 | Half: False
2026-06-02 09:43:07 [self-0003-0-attack] My general index: 83
2026-06-02 09:43:07 [self-0003-0-attack] Enemy general index: None
2026-06-02 09:43:07 [self-0003-0-attack] Visible enemy tiles: 0
2026-06-02 09:43:07 [self-0003-0-attack] Tiles: 3 / 3
2026-06-02 09:43:07 [self-0003-0-attack] Map: 20 x 21 Turn: 21
2026-06-02 09:43:07 [self-0003-0-attack] Route planned: Target = 336 Mode = strategy city-free reachable tiles = 310 Fallback-Tiles = 310
2026-06-02 09:43:07 [self-0003-0-attack] Priority agent: flow +6000 base = 43828 final = 49828
2026-06-02 09:43:07 [self-0003-0-attack] Move #3: 85 -> 86 | Army: 8 | Target-Terrain: -1 | Target: 336 | Half: False
2026-06-02 09:43:08 [self-0003-0-attack] My general index: 83
2026-06-02 09:43:08 [self-0003-0-attack] Enemy general index: None
2026-06-02 09:43:08 [self-0003-0-attack] Visible enemy tiles: 0
2026-06-02 09:43:08 [self-0003-0-attack] Tiles: 4 / 4
2026-06-02 09:43:08 [self-0003-0-attack] Map: 20 x 21 Turn: 22
2026-06-02 09:43:08 [self-0003-0-attack] Route planned: Target = 336 Mode = strategy city-free reachable tiles = 310 Fallback-Tiles = 310
2026-06-02 09:43:08 [self-0003-0-attack] Priority agent: flow +6000 base = 43917 final = 49917
2026-06-02 09:43:08 [self-0003-0-attack] Move #4: 86 -> 87 | Army: 7 | Target-Terrain: -1 | Target: 336 | Half: False
2026-06-02 09:43:08 [self-0003-0-attack] My general index: 83
2026-06-02 09:43:08 [self-0003-0-attack] Enemy general index: None
2026-06-02 09:43:08 [self-0003-0-attack] Visible enemy tiles: 0
2026-06-02 09:43:08 [self-0003-0-attack] Tiles: 5 / 5
2026-06-02 09:43:08 [self-0003-0-attack] Map: 20 x 21 Turn: 23
2026-06-02 09:43:08 [self-0003-0-attack] Route planned: Target = 336 Mode = strategy city-free reachable tiles = 310 Fallback-Tiles = 310
2026-06-02 09:43:08 [self-0003-0-attack] Priority agent: flow +6000 base = 44006 final = 50006
2026-06-02 09:43:08 [self-0003-0-attack] Move #5: 87 -> 88 | Army: 6 | Target-Terrain: -1 | Target: 336 | Half: False
2026-06-02 09:43:09 [self-0003-0-attack] My general index: 83
2026-06-02 09:43:09 [self-0003-0-attack] Enemy general index: None
2026-06-02 09:43:09 [self-0003-0-attack] Visible enemy tiles: 0
2026-06-02 09:43:09 [self-0003-0-attack] Tiles: 6 / 6
2026-06-02 09:43:09 [self-0003-0-attack] Map: 20 x 21 Turn: 24
2026-06-02 09:43:09 [self-0003-0-attack] Route planned: Target = 336 Mode = strategy city-free reachable tiles = 310 Fallback-Tiles = 310
2026-06-02 09:43:09 [self-0003-0-attack] Priority agent: flow +6000 base = 44095 final = 50095
2026-06-02 09:43:09 [self-0003-0-attack] Move #6: 88 -> 89 | Army: 5 | Target-Terrain: -1 | Target: 336 | Half: False
2026-06-02 09:43:09 [self-0003-0-attack] My general index: 83
2026-06-02 09:43:09 [self-0003-0-attack] Enemy general index: None
2026-06-02 09:43:09 [self-0003-0-attack] Visible enemy tiles: 0
2026-06-02 09:43:09 [self-0003-0-attack] Tiles: 7 / 7
2026-06-02 09:43:09 [self-0003-0-attack] Map: 20 x 21 Turn: 25
2026-06-02 09:43:09 [self-0003-0-attack] Route planned: Target = 336 Mode = strategy city-free reachable tiles = 310 Fallback-Tiles = 310
2026-06-02 09:43:09 [self-0003-0-attack] Priority agent: flow +6000 base = 44184 final = 50184
2026-06-02 09:43:09 [self-0003-0-attack] Move #7: 89 -> 90 | Army: 4 | Target-Terrain: -1 | Target: 336 | Half: False
2026-06-02 09:43:10 [self-0003-0-attack] My general index: 83
2026-06-02 09:43:10 [self-0003-0-attack] Enemy general index: None
2026-06-02 09:43:10 [self-0003-0-attack] Visible enemy tiles: 0
2026-06-02 09:43:10 [self-0003-0-attack] Tiles: 8 / 8
2026-06-02 09:43:10 [self-0003-0-attack] Map: 20 x 21 Turn: 26
2026-06-02 09:43:10 [self-0003-0-attack] Route planned: Target = 336 Mode = strategy city-free reachable tiles = 310 Fallback-Tiles = 310
2026-06-02 09:43:10 [self-0003-0-attack] Priority agent: flow +6000 base = 43973 final = 49973
2026-06-02 09:43:10 [self-0003-0-attack] Move #8: 90 -> 110 | Army: 3 | Target-Terrain: -1 | Target: 336 | Half: False
2026-06-02 09:43:10 [self-0003-0-attack] My general index: 83
2026-06-02 09:43:10 [self-0003-0-attack] Enemy general index: None
2026-06-02 09:43:10 [self-0003-0-attack] Visible enemy tiles: 0
2026-06-02 09:43:10 [self-0003-0-attack] Tiles: 9 / 9
2026-06-02 09:43:10 [self-0003-0-attack] Map: 20 x 21 Turn: 27
2026-06-02 09:43:10 [self-0003-0-attack] Route planned: Target = 336 Mode = strategy city-free reachable tiles = 310 Fallback-Tiles = 310
2026-06-02 09:43:10 [self-0003-0-attack] Priority agent: flow +6000 base = 42162 final = 48162
2026-06-02 09:43:10 [self-0003-0-attack] Move #9: 110 -> 130 | Army: 2 | Target-Terrain: -1 | Target: 336 | Half: False
2026-06-02 09:43:11 [self-0003-0-attack] My general index: 83
2026-06-02 09:43:11 [self-0003-0-attack] Enemy general index: None
2026-06-02 09:43:11 [self-0003-0-attack] Visible enemy tiles: 0
2026-06-02 09:43:11 [self-0003-0-attack] Tiles: 10 / 10
2026-06-02 09:43:11 [self-0003-0-attack] Map: 20 x 21 Turn: 28
2026-06-02 09:43:11 [self-0003-0-attack] Route planned: Target = 336 Mode = strategy city-free reachable tiles = 310 Fallback-Tiles = 310
2026-06-02 09:43:11 [self-0003-0-attack] Priority agent: edge reuse -18000 base = 29846 final = 11846
2026-06-02 09:43:11 [self-0003-0-attack] Move #10: 83 -> 84 | Army: 6 | Target-Terrain: 0 | Target: 336 | Half: False
2026-06-02 09:43:11 [self-0003-0-attack] My general index: 83
2026-06-02 09:43:11 [self-0003-0-attack] Enemy general index: None
2026-06-02 09:43:11 [self-0003-0-attack] Visible enemy tiles: 0
2026-06-02 09:43:11 [self-0003-0-attack] Tiles: 10 / 10
2026-06-02 09:43:11 [self-0003-0-attack] Map: 20 x 21 Turn: 29
2026-06-02 09:43:11 [self-0003-0-attack] Route planned: Target = 336 Mode = strategy city-free reachable tiles = 310 Fallback-Tiles = 310
2026-06-02 09:43:11 [self-0003-0-attack] Priority agent: flow +6000 base = 11556 final = 17556
2026-06-02 09:43:11 [self-0003-0-attack] Move #11: 84 -> 64 | Army: 6 | Target-Terrain: -1 | Target: 336 | Half: False
2026-06-02 09:43:12 [self-0003-0-attack] My general index: 83
2026-06-02 09:43:12 [self-0003-0-attack] Enemy general index: None
2026-06-02 09:43:12 [self-0003-0-attack] Visible enemy tiles: 0
2026-06-02 09:43:12 [self-0003-0-attack] Tiles: 11 / 11
2026-06-02 09:43:12 [self-0003-0-attack] Map: 20 x 21 Turn: 30
2026-06-02 09:43:12 [self-0003-0-attack] Route planned: Target = 336 Mode = strategy city-free reachable tiles = 310 Fallback-Tiles = 310
2026-06-02 09:43:12 [self-0003-0-attack] Priority agent: flow +6000 base = 43045 final = 49045
2026-06-02 09:43:12 [self-0003-0-attack] Move #12: 64 -> 65 | Army: 5 | Target-Terrain: -1 | Target: 336 | Half: False
2026-06-02 09:43:12 [self-0003-0-attack] My general index: 83
2026-06-02 09:43:12 [self-0003-0-attack] Enemy general index: None
2026-06-02 09:43:12 [self-0003-0-attack] Visible enemy tiles: 0
2026-06-02 09:43:12 [self-0003-0-attack] Tiles: 12 / 12
2026-06-02 09:43:12 [self-0003-0-attack] Map: 20 x 21 Turn: 31
2026-06-02 09:43:12 [self-0003-0-attack] Route planned: Target = 336 Mode = strategy city-free reachable tiles = 310 Fallback-Tiles = 310
2026-06-02 09:43:12 [self-0003-0-attack] Priority agent: flow +6000 base = 43134 final = 49134
2026-06-02 09:43:12 [self-0003-0-attack] Move #13: 65 -> 66 | Army: 4 | Target-Terrain: -1 | Target: 336 | Half: False
2026-06-02 09:43:13 [self-0003-0-attack] My general index: 83
2026-06-02 09:43:13 [self-0003-0-attack] Enemy general index: None
2026-06-02 09:43:13 [self-0003-0-attack] Visible enemy tiles: 0
2026-06-02 09:43:13 [self-0003-0-attack] Tiles: 13 / 13
2026-06-02 09:43:13 [self-0003-0-attack] Map: 20 x 21 Turn: 32
2026-06-02 09:43:13 [self-0003-0-attack] Route planned: Target = 336 Mode = strategy city-free reachable tiles = 310 Fallback-Tiles = 310
2026-06-02 09:43:13 [self-0003-0-attack] Priority agent: flow +6000 base = 43523 final = 49523
2026-06-02 09:43:13 [self-0003-0-attack] Move #14: 66 -> 67 | Army: 3 | Target-Terrain: -1 | Target: 336 | Half: False
2026-06-02 09:43:13 [self-0003-0-attack] My general index: 83
2026-06-02 09:43:13 [self-0003-0-attack] Enemy general index: None
2026-06-02 09:43:13 [self-0003-0-attack] Visible enemy tiles: 0
2026-06-02 09:43:13 [self-0003-0-attack] Tiles: 14 / 14
2026-06-02 09:43:13 [self-0003-0-attack] Map: 20 x 21 Turn: 33
2026-06-02 09:43:13 [self-0003-0-attack] Route planned: Target = 336 Mode = strategy city-free reachable tiles = 310 Fallback-Tiles = 310
2026-06-02 09:43:13 [self-0003-0-attack] Priority agent: flow +6000 base = 41412 final = 47412
2026-06-02 09:43:13 [self-0003-0-attack] Move #15: 67 -> 68 | Army: 2 | Target-Terrain: -1 | Target: 336 | Half: False
2026-06-02 09:43:14 [self-0003-0-attack] My general index: 83
2026-06-02 09:43:14 [self-0003-0-attack] Enemy general index: None
2026-06-02 09:43:14 [self-0003-0-attack] Visible enemy tiles: 0
2026-06-02 09:43:14 [self-0003-0-attack] Tiles: 15 / 15
2026-06-02 09:43:14 [self-0003-0-attack] Map: 20 x 21 Turn: 34
2026-06-02 09:43:14 [self-0003-0-attack] Reinforcement waypoint: 108 final target = 336 turns until reinforcement = 16
2026-06-02 09:43:14 [self-0003-0-attack] Route planned: Target = 108 Mode = reinforcement_waypoint city-free reachable tiles = 310 Fallback-Tiles = 310
2026-06-02 09:43:14 [self-0003-0-attack] Priority agent: edge reuse -18000 base = 38554 final = 20554
2026-06-02 09:43:14 [self-0003-0-attack] Move #16: 83 -> 84 | Army: 4 | Target-Terrain: 0 | Target: 108 | Half: False
2026-06-02 09:43:14 [self-0003-0-attack] My general index: 83
2026-06-02 09:43:14 [self-0003-0-attack] Enemy general index: None
2026-06-02 09:43:14 [self-0003-0-attack] Visible enemy tiles: 0
2026-06-02 09:43:14 [self-0003-0-attack] Tiles: 15 / 15
2026-06-02 09:43:14 [self-0003-0-attack] Map: 20 x 21 Turn: 35
2026-06-02 09:43:14 [self-0003-0-attack] Reinforcement waypoint: 108 final target = 336 turns until reinforcement = 15
2026-06-02 09:43:14 [self-0003-0-attack] Route planned: Target = 108 Mode = reinforcement_waypoint city-free reachable tiles = 310 Fallback-Tiles = 310
2026-06-02 09:43:14 [self-0003-0-attack] Priority agent: fresh target pullback -12000, flow +6000 base = 40844 final = 34844
2026-06-02 09:43:14 [self-0003-0-attack] Move #17: 84 -> 85 | Army: 4 | Target-Terrain: 0 | Target: 108 | Half: False
2026-06-02 09:43:15 [self-0003-0-attack] My general index: 83
2026-06-02 09:43:15 [self-0003-0-attack] Enemy general index: None
2026-06-02 09:43:15 [self-0003-0-attack] Visible enemy tiles: 0
2026-06-02 09:43:15 [self-0003-0-attack] Tiles: 15 / 15
2026-06-02 09:43:15 [self-0003-0-attack] Map: 20 x 21 Turn: 36
2026-06-02 09:43:15 [self-0003-0-attack] Reinforcement waypoint: 108 final target = 336 turns until reinforcement = 14
2026-06-02 09:43:15 [self-0003-0-attack] Route planned: Target = 108 Mode = reinforcement_waypoint city-free reachable tiles = 310 Fallback-Tiles = 310
2026-06-02 09:43:15 [self-0003-0-attack] Priority agent: fresh target pullback -12000, flow +6000 base = 40934 final = 34934
2026-06-02 09:43:15 [self-0003-0-attack] Move #18: 85 -> 86 | Army: 4 | Target-Terrain: 0 | Target: 108 | Half: False
2026-06-02 09:43:15 [self-0003-0-attack] My general index: 83
2026-06-02 09:43:15 [self-0003-0-attack] Enemy general index: None
2026-06-02 09:43:15 [self-0003-0-attack] Visible enemy tiles: 0
2026-06-02 09:43:15 [self-0003-0-attack] Tiles: 15 / 15
2026-06-02 09:43:15 [self-0003-0-attack] Map: 20 x 21 Turn: 37
2026-06-02 09:43:15 [self-0003-0-attack] Reinforcement waypoint: 108 final target = 336 turns until reinforcement = 13
2026-06-02 09:43:15 [self-0003-0-attack] Route planned: Target = 108 Mode = reinforcement_waypoint city-free reachable tiles = 310 Fallback-Tiles = 310
2026-06-02 09:43:15 [self-0003-0-attack] Priority agent: flow +6000 base = 54074 final = 60074
2026-06-02 09:43:15 [self-0003-0-attack] Move #19: 86 -> 106 | Army: 4 | Target-Terrain: -1 | Target: 108 | Half: False
2026-06-02 09:43:16 [self-0003-0-attack] My general index: 83
2026-06-02 09:43:16 [self-0003-0-attack] Enemy general index: None
2026-06-02 09:43:16 [self-0003-0-attack] Visible enemy tiles: 0
2026-06-02 09:43:16 [self-0003-0-attack] Tiles: 16 / 15
2026-06-02 09:43:16 [self-0003-0-attack] Map: 20 x 21 Turn: 38
2026-06-02 09:43:16 [self-0003-0-attack] Reinforcement waypoint: 108 final target = 336 turns until reinforcement = 12
2026-06-02 09:43:16 [self-0003-0-attack] Route planned: Target = 108 Mode = reinforcement_waypoint city-free reachable tiles = 310 Fallback-Tiles = 310
2026-06-02 09:43:16 [self-0003-0-attack] Priority agent: flow +6000 base = 54413 final = 60413
2026-06-02 09:43:16 [self-0003-0-attack] Move #20: 106 -> 107 | Army: 3 | Target-Terrain: -1 | Target: 108 | Half: False
2026-06-02 09:43:16 [self-0003-0-attack] My general index: 83
2026-06-02 09:43:16 [self-0003-0-attack] Enemy general index: None
2026-06-02 09:43:16 [self-0003-0-attack] Visible enemy tiles: 0
2026-06-02 09:43:16 [self-0003-0-attack] Tiles: 17 / 15
2026-06-02 09:43:16 [self-0003-0-attack] Map: 20 x 21 Turn: 39
2026-06-02 09:43:16 [self-0003-0-attack] Reinforcement waypoint: 108 final target = 336 turns until reinforcement = 11
2026-06-02 09:43:16 [self-0003-0-attack] Route planned: Target = 108 Mode = reinforcement_waypoint city-free reachable tiles = 310 Fallback-Tiles = 310
2026-06-02 09:43:16 [self-0003-0-attack] Priority agent: flow +6000 base = 52252 final = 58252
2026-06-02 09:43:16 [self-0003-0-attack] Move #21: 107 -> 108 | Army: 2 | Target-Terrain: -1 | Target: 108 | Half: False
2026-06-02 09:43:17 [self-0003-0-attack] My general index: 83
2026-06-02 09:43:17 [self-0003-0-attack] Enemy general index: None
2026-06-02 09:43:17 [self-0003-0-attack] Visible enemy tiles: 0
2026-06-02 09:43:17 [self-0003-0-attack] Tiles: 18 / 16
2026-06-02 09:43:17 [self-0003-0-attack] Map: 20 x 21 Turn: 40
2026-06-02 09:43:17 [self-0003-0-attack] Reinforcement waypoint: 84 final target = 336 turns until reinforcement = 10
2026-06-02 09:43:17 [self-0003-0-attack] Route planned: Target = 84 Mode = reinforcement_waypoint city-free reachable tiles = 310 Fallback-Tiles = 310
2026-06-02 09:43:17 [self-0003-0-attack] Move #22: 83 -> 82 | Army: 4 | Target-Terrain: -1 | Target: 84 | Half: False
2026-06-02 09:43:17 [self-0003-0-attack] My general index: 83
2026-06-02 09:43:17 [self-0003-0-attack] Enemy general index: None
2026-06-02 09:43:17 [self-0003-0-attack] Visible enemy tiles: 0
2026-06-02 09:43:17 [self-0003-0-attack] Tiles: 19 / 17
2026-06-02 09:43:17 [self-0003-0-attack] Map: 20 x 21 Turn: 41
2026-06-02 09:43:17 [self-0003-0-attack] Reinforcement waypoint: 83 final target = 336 turns until reinforcement = 9
2026-06-02 09:43:17 [self-0003-0-attack] Route planned: Target = 83 Mode = reinforcement_waypoint city-free reachable tiles = 310 Fallback-Tiles = 310
2026-06-02 09:43:17 [self-0003-0-attack] Priority agent: flow +6000 base = 15373 final = 21373
2026-06-02 09:43:17 [self-0003-0-attack] Move #23: 82 -> 62 | Army: 3 | Target-Terrain: -1 | Target: 83 | Half: False
2026-06-02 09:43:18 [self-0003-0-attack] My general index: 83
2026-06-02 09:43:18 [self-0003-0-attack] Enemy general index: None
2026-06-02 09:43:18 [self-0003-0-attack] Visible enemy tiles: 0
2026-06-02 09:43:18 [self-0003-0-attack] Tiles: 20 / 18
2026-06-02 09:43:18 [self-0003-0-attack] Map: 20 x 21 Turn: 42
2026-06-02 09:43:18 [self-0003-0-attack] Reinforcement waypoint: 84 final target = 336 turns until reinforcement = 8
2026-06-02 09:43:18 [self-0003-0-attack] Route planned: Target = 84 Mode = reinforcement_waypoint city-free reachable tiles = 310 Fallback-Tiles = 311
2026-06-02 09:43:18 [self-0003-0-attack] Priority agent: flow +6000 base = 51272 final = 57272
2026-06-02 09:43:18 [self-0003-0-attack] Move #24: 62 -> 63 | Army: 2 | Target-Terrain: -1 | Target: 84 | Half: False
2026-06-02 09:43:18 [self-0003-0-attack] My general index: 83
2026-06-02 09:43:18 [self-0003-0-attack] Enemy general index: None
2026-06-02 09:43:18 [self-0003-0-attack] Visible enemy tiles: 0
2026-06-02 09:43:18 [self-0003-0-attack] Tiles: 21 / 19
2026-06-02 09:43:18 [self-0003-0-attack] Map: 20 x 21 Turn: 43
2026-06-02 09:43:18 [self-0003-0-attack] Reinforcement waypoint: 84 final target = 336 turns until reinforcement = 7
2026-06-02 09:43:18 [self-0003-0-attack] Route planned: Target = 84 Mode = reinforcement_waypoint city-free reachable tiles = 310 Fallback-Tiles = 311
2026-06-02 09:43:18 [self-0003-0-attack] Priority agent: edge reuse -18000 base = 39002 final = 21002
2026-06-02 09:43:18 [self-0003-0-attack] Move #25: 83 -> 84 | Army: 2 | Target-Terrain: 0 | Target: 84 | Half: False
2026-06-02 09:43:19 [self-0003-0-attack] My general index: 83
2026-06-02 09:43:19 [self-0003-0-attack] Enemy general index: None
2026-06-02 09:43:19 [self-0003-0-attack] Visible enemy tiles: 0
2026-06-02 09:43:19 [self-0003-0-attack] Tiles: 21 / 19
2026-06-02 09:43:19 [self-0003-0-attack] Map: 20 x 21 Turn: 44
2026-06-02 09:43:19 [self-0003-0-attack] Reinforcement waypoint: 85 final target = 336 turns until reinforcement = 6
2026-06-02 09:43:19 [self-0003-0-attack] Route planned: Target = 85 Mode = reinforcement_waypoint city-free reachable tiles = 310 Fallback-Tiles = 311
2026-06-02 09:43:19 [self-0003-0-attack] Priority agent: flow +6000 base = 12572 final = 18572
2026-06-02 09:43:19 [self-0003-0-attack] Move #26: 84 -> 104 | Army: 2 | Target-Terrain: -1 | Target: 85 | Half: False
2026-06-02 09:43:19 [self-0003-0-attack] My general index: 83
2026-06-02 09:43:19 [self-0003-0-attack] Enemy general index: None
2026-06-02 09:43:19 [self-0003-0-attack] Visible enemy tiles: 0
2026-06-02 09:43:19 [self-0003-0-attack] Tiles: 22 / 19
2026-06-02 09:43:19 [self-0003-0-attack] Map: 20 x 21 Turn: 45
2026-06-02 09:43:19 [self-0003-0-attack] Reinforcement waypoint: 84 final target = 336 turns until reinforcement = 5
2026-06-02 09:43:19 [self-0003-0-attack] Route planned: Target = 84 Mode = reinforcement_waypoint city-free reachable tiles = 310 Fallback-Tiles = 311
2026-06-02 09:43:19 [self-0003-0-attack] No move found: blocked tiles = 1 ignored cities = 0 own movable tiles = 1
2026-06-02 09:43:20 [self-0003-0-attack] My general index: 83
2026-06-02 09:43:20 [self-0003-0-attack] Enemy general index: None
2026-06-02 09:43:20 [self-0003-0-attack] Visible enemy tiles: 0
2026-06-02 09:43:20 [self-0003-0-attack] Tiles: 22 / 20
2026-06-02 09:43:20 [self-0003-0-attack] Map: 20 x 21 Turn: 46
2026-06-02 09:43:20 [self-0003-0-attack] Reinforcement waypoint: 84 final target = 336 turns until reinforcement = 4
2026-06-02 09:43:20 [self-0003-0-attack] Route planned: Target = 84 Mode = reinforcement_waypoint city-free reachable tiles = 310 Fallback-Tiles = 311
2026-06-02 09:43:20 [self-0003-0-attack] No move found: blocked tiles = 1 ignored cities = 0 own movable tiles = 1
2026-06-02 09:43:20 [self-0003-0-attack] Coach: balanced tiles 22/20 army 24/24 cities 0/0 enemy_city_suspect False bias {'expansion_bias': 0.2, 'city_bias': 0.1, 'attack_bias': 0.8, 'defense_bias': 0.0, 'route_bias': 0.8}
2026-06-02 09:43:20 [self-0003-0-attack] My general index: 83
2026-06-02 09:43:20 [self-0003-0-attack] Enemy general index: None
2026-06-02 09:43:20 [self-0003-0-attack] Visible enemy tiles: 0
2026-06-02 09:43:20 [self-0003-0-attack] Tiles: 22 / 20
2026-06-02 09:43:20 [self-0003-0-attack] Map: 20 x 21 Turn: 47
2026-06-02 09:43:20 [self-0003-0-attack] Reinforcement waypoint: 84 final target = 336 turns until reinforcement = 3
2026-06-02 09:43:20 [self-0003-0-attack] Route planned: Target = 84 Mode = reinforcement_waypoint city-free reachable tiles = 310 Fallback-Tiles = 311
2026-06-02 09:43:20 [self-0003-0-attack] No move found: blocked tiles = 1 ignored cities = 0 own movable tiles = 1
2026-06-02 09:43:21 [self-0003-0-attack] My general index: 83
2026-06-02 09:43:21 [self-0003-0-attack] Enemy general index: None
2026-06-02 09:43:21 [self-0003-0-attack] Visible enemy tiles: 0
2026-06-02 09:43:21 [self-0003-0-attack] Tiles: 22 / 20
2026-06-02 09:43:21 [self-0003-0-attack] Map: 20 x 21 Turn: 48
2026-06-02 09:43:21 [self-0003-0-attack] Reinforcement waypoint: 84 final target = 336 turns until reinforcement = 2
2026-06-02 09:43:21 [self-0003-0-attack] Route planned: Target = 84 Mode = reinforcement_waypoint city-free reachable tiles = 310 Fallback-Tiles = 311
2026-06-02 09:43:21 [self-0003-0-attack] No move found: blocked tiles = 1 ignored cities = 0 own movable tiles = 1
2026-06-02 09:43:21 [self-0003-0-attack] My general index: 83
2026-06-02 09:43:21 [self-0003-0-attack] Enemy general index: None
2026-06-02 09:43:21 [self-0003-0-attack] Visible enemy tiles: 0
2026-06-02 09:43:21 [self-0003-0-attack] Tiles: 22 / 20
2026-06-02 09:43:21 [self-0003-0-attack] Map: 20 x 21 Turn: 49
2026-06-02 09:43:21 [self-0003-0-attack] Reinforcement waypoint: 84 final target = 336 turns until reinforcement = 1
2026-06-02 09:43:21 [self-0003-0-attack] Route planned: Target = 84 Mode = reinforcement_waypoint city-free reachable tiles = 310 Fallback-Tiles = 311
2026-06-02 09:43:21 [self-0003-0-attack] No move found: blocked tiles = 1 ignored cities = 0 own movable tiles = 1
2026-06-02 09:43:22 [self-0003-0-attack] My general index: 83
2026-06-02 09:43:22 [self-0003-0-attack] Enemy general index: None
2026-06-02 09:43:22 [self-0003-0-attack] Visible enemy tiles: 0
2026-06-02 09:43:22 [self-0003-0-attack] Tiles: 22 / 20
2026-06-02 09:43:22 [self-0003-0-attack] Map: 20 x 21 Turn: 50
2026-06-02 09:43:22 [self-0003-0-attack] Route planned: Target = 336 Mode = reinforcement_waypoint city-free reachable tiles = 310 Fallback-Tiles = 311
2026-06-02 09:43:22 [self-0003-0-attack] Priority agent: flow +6000 base = 46142 final = 52142
2026-06-02 09:43:22 [self-0003-0-attack] Move #27: 104 -> 124 | Army: 2 | Target-Terrain: -1 | Target: 336 | Half: False
2026-06-02 09:43:22 [self-0003-0-attack] My general index: 83
2026-06-02 09:43:22 [self-0003-0-attack] Enemy general index: None
2026-06-02 09:43:22 [self-0003-0-attack] Visible enemy tiles: 0
2026-06-02 09:43:22 [self-0003-0-attack] Tiles: 23 / 21
2026-06-02 09:43:22 [self-0003-0-attack] Map: 20 x 21 Turn: 51
2026-06-02 09:43:22 [self-0003-0-attack] Route planned: Target = 336 Mode = reinforcement_waypoint city-free reachable tiles = 310 Fallback-Tiles = 311
2026-06-02 09:43:22 [self-0003-0-attack] Move #28: 130 -> 150 | Army: 2 | Target-Terrain: -1 | Target: 336 | Half: False
2026-06-02 09:43:23 [self-0003-0-attack] My general index: 83
2026-06-02 09:43:23 [self-0003-0-attack] Enemy general index: None
2026-06-02 09:43:23 [self-0003-0-attack] Visible enemy tiles: 0
2026-06-02 09:43:23 [self-0003-0-attack] Tiles: 24 / 22
2026-06-02 09:43:23 [self-0003-0-attack] Map: 20 x 21 Turn: 52
2026-06-02 09:43:23 [self-0003-0-attack] Route planned: Target = 336 Mode = reinforcement_waypoint city-free reachable tiles = 310 Fallback-Tiles = 312
2026-06-02 09:43:23 [self-0003-0-attack] Move #29: 107 -> 127 | Army: 2 | Target-Terrain: -1 | Target: 336 | Half: False
2026-06-02 09:43:23 [self-0003-0-attack] My general index: 83
2026-06-02 09:43:23 [self-0003-0-attack] Enemy general index: None
2026-06-02 09:43:23 [self-0003-0-attack] Visible enemy tiles: 0
2026-06-02 09:43:23 [self-0003-0-attack] Tiles: 25 / 23
2026-06-02 09:43:23 [self-0003-0-attack] Map: 20 x 21 Turn: 53
2026-06-02 09:43:23 [self-0003-0-attack] Route planned: Target = 336 Mode = reinforcement_waypoint city-free reachable tiles = 310 Fallback-Tiles = 312
2026-06-02 09:43:23 [self-0003-0-attack] Move #30: 68 -> 69 | Army: 2 | Target-Terrain: -1 | Target: 336 | Half: False
2026-06-02 09:43:24 [self-0003-0-attack] My general index: 83
2026-06-02 09:43:24 [self-0003-0-attack] Enemy general index: None
2026-06-02 09:43:24 [self-0003-0-attack] Visible enemy tiles: 0
2026-06-02 09:43:24 [self-0003-0-attack] Tiles: 26 / 24
2026-06-02 09:43:24 [self-0003-0-attack] Map: 20 x 21 Turn: 54
2026-06-02 09:43:24 [self-0003-0-attack] Route planned: Target = 336 Mode = reinforcement_waypoint city-free reachable tiles = 310 Fallback-Tiles = 312
2026-06-02 09:43:24 [self-0003-0-attack] Move #31: 89 -> 109 | Army: 2 | Target-Terrain: -1 | Target: 336 | Half: False
2026-06-02 09:43:24 [self-0003-0-attack] My general index: 83
2026-06-02 09:43:24 [self-0003-0-attack] Enemy general index: None
2026-06-02 09:43:24 [self-0003-0-attack] Visible enemy tiles: 0
2026-06-02 09:43:24 [self-0003-0-attack] Tiles: 27 / 25
2026-06-02 09:43:24 [self-0003-0-attack] Map: 20 x 21 Turn: 55
2026-06-02 09:43:24 [self-0003-0-attack] Route planned: Target = 336 Mode = reinforcement_waypoint city-free reachable tiles = 310 Fallback-Tiles = 312
2026-06-02 09:43:24 [self-0003-0-attack] Move #32: 106 -> 126 | Army: 2 | Target-Terrain: -1 | Target: 336 | Half: False
2026-06-02 09:43:25 [self-0003-0-attack] My general index: 83
2026-06-02 09:43:25 [self-0003-0-attack] Enemy general index: None
2026-06-02 09:43:25 [self-0003-0-attack] Visible enemy tiles: 0
2026-06-02 09:43:25 [self-0003-0-attack] Tiles: 28 / 26
2026-06-02 09:43:25 [self-0003-0-attack] Map: 20 x 21 Turn: 56
2026-06-02 09:43:25 [self-0003-0-attack] Route planned: Target = 336 Mode = reinforcement_waypoint city-free reachable tiles = 310 Fallback-Tiles = 312
2026-06-02 09:43:25 [self-0003-0-attack] Move #33: 110 -> 130 | Army: 2 | Target-Terrain: 0 | Target: 336 | Half: False
2026-06-02 09:43:25 [self-0003-0-attack] My general index: 83
2026-06-02 09:43:25 [self-0003-0-attack] Enemy general index: None
2026-06-02 09:43:25 [self-0003-0-attack] Visible enemy tiles: 0
2026-06-02 09:43:25 [self-0003-0-attack] Tiles: 28 / 27
2026-06-02 09:43:25 [self-0003-0-attack] Map: 20 x 21 Turn: 57
2026-06-02 09:43:25 [self-0003-0-attack] Route planned: Target = 336 Mode = reinforcement_waypoint city-free reachable tiles = 310 Fallback-Tiles = 312
2026-06-02 09:43:25 [self-0003-0-attack] Priority agent: flow +6000 base = 41652 final = 47652
2026-06-02 09:43:25 [self-0003-0-attack] Move #34: 130 -> 131 | Army: 2 | Target-Terrain: -1 | Target: 336 | Half: False
2026-06-02 09:43:26 [self-0003-0-attack] My general index: 83
2026-06-02 09:43:26 [self-0003-0-attack] Enemy general index: None
2026-06-02 09:43:26 [self-0003-0-attack] Visible enemy tiles: 0
2026-06-02 09:43:26 [self-0003-0-attack] Tiles: 29 / 28
2026-06-02 09:43:26 [self-0003-0-attack] Map: 20 x 21 Turn: 58
2026-06-02 09:43:26 [self-0003-0-attack] Route planned: Target = 336 Mode = reinforcement_waypoint city-free reachable tiles = 310 Fallback-Tiles = 312
2026-06-02 09:43:26 [self-0003-0-attack] Move #35: 90 -> 110 | Army: 2 | Target-Terrain: 0 | Target: 336 | Half: False
2026-06-02 09:43:26 [self-0003-0-attack] My general index: 83
2026-06-02 09:43:26 [self-0003-0-attack] Enemy general index: None
2026-06-02 09:43:26 [self-0003-0-attack] Visible enemy tiles: 0
2026-06-02 09:43:26 [self-0003-0-attack] Tiles: 29 / 28
2026-06-02 09:43:26 [self-0003-0-attack] Map: 20 x 21 Turn: 59
2026-06-02 09:43:26 [self-0003-0-attack] Route planned: Target = 336 Mode = reinforcement_waypoint city-free reachable tiles = 310 Fallback-Tiles = 312
2026-06-02 09:43:26 [self-0003-0-attack] Move #36: 108 -> 109 | Army: 2 | Target-Terrain: 0 | Target: 336 | Half: False
2026-06-02 09:43:27 [self-0003-0-attack] My general index: 83
2026-06-02 09:43:27 [self-0003-0-attack] Enemy general index: None
2026-06-02 09:43:27 [self-0003-0-attack] Visible enemy tiles: 0
2026-06-02 09:43:27 [self-0003-0-attack] Tiles: 29 / 28
2026-06-02 09:43:27 [self-0003-0-attack] Map: 20 x 21 Turn: 60
2026-06-02 09:43:27 [self-0003-0-attack] Route planned: Target = 336 Mode = reinforcement_waypoint city-free reachable tiles = 310 Fallback-Tiles = 312
2026-06-02 09:43:27 [self-0003-0-attack] Priority agent: flow +6000 base = 41472 final = 47472
2026-06-02 09:43:27 [self-0003-0-attack] Move #37: 109 -> 129 | Army: 2 | Target-Terrain: -1 | Target: 336 | Half: False
2026-06-02 09:43:27 [self-0003-0-attack] My general index: 83
2026-06-02 09:43:27 [self-0003-0-attack] Enemy general index: None
2026-06-02 09:43:27 [self-0003-0-attack] Visible enemy tiles: 0
2026-06-02 09:43:27 [self-0003-0-attack] Tiles: 30 / 28
2026-06-02 09:43:27 [self-0003-0-attack] Map: 20 x 21 Turn: 61
2026-06-02 09:43:27 [self-0003-0-attack] Route planned: Target = 336 Mode = reinforcement_waypoint city-free reachable tiles = 310 Fallback-Tiles = 312
2026-06-02 09:43:27 [self-0003-0-attack] Move #38: 88 -> 89 | Army: 2 | Target-Terrain: 0 | Target: 336 | Half: False
2026-06-02 09:43:28 [self-0003-0-attack] My general index: 83
2026-06-02 09:43:28 [self-0003-0-attack] Enemy general index: None
2026-06-02 09:43:28 [self-0003-0-attack] Visible enemy tiles: 0
2026-06-02 09:43:28 [self-0003-0-attack] Tiles: 30 / 28
2026-06-02 09:43:28 [self-0003-0-attack] Map: 20 x 21 Turn: 62
2026-06-02 09:43:28 [self-0003-0-attack] Route planned: Target = 336 Mode = reinforcement_waypoint city-free reachable tiles = 310 Fallback-Tiles = 312
2026-06-02 09:43:28 [self-0003-0-attack] Move #39: 87 -> 88 | Army: 2 | Target-Terrain: 0 | Target: 336 | Half: False
2026-06-02 09:43:28 [self-0003-0-attack] My general index: 83
2026-06-02 09:43:28 [self-0003-0-attack] Enemy general index: None
2026-06-02 09:43:28 [self-0003-0-attack] Visible enemy tiles: 0
2026-06-02 09:43:28 [self-0003-0-attack] Tiles: 30 / 28
2026-06-02 09:43:28 [self-0003-0-attack] Map: 20 x 21 Turn: 63
2026-06-02 09:43:28 [self-0003-0-attack] Route planned: Target = 336 Mode = reinforcement_waypoint city-free reachable tiles = 310 Fallback-Tiles = 312
2026-06-02 09:43:28 [self-0003-0-attack] Move #40: 67 -> 68 | Army: 2 | Target-Terrain: 0 | Target: 336 | Half: False
2026-06-02 09:43:29 [self-0003-0-attack] My general index: 83
2026-06-02 09:43:29 [self-0003-0-attack] Enemy general index: None
2026-06-02 09:43:29 [self-0003-0-attack] Visible enemy tiles: 0
2026-06-02 09:43:29 [self-0003-0-attack] Tiles: 30 / 28
2026-06-02 09:43:29 [self-0003-0-attack] Map: 20 x 21 Turn: 64
2026-06-02 09:43:29 [self-0003-0-attack] Route planned: Target = 336 Mode = reinforcement_waypoint city-free reachable tiles = 310 Fallback-Tiles = 312
2026-06-02 09:43:29 [self-0003-0-attack] Move #41: 86 -> 87 | Army: 2 | Target-Terrain: 0 | Target: 336 | Half: False
2026-06-02 09:43:29 [self-0003-0-attack] My general index: 83
2026-06-02 09:43:29 [self-0003-0-attack] Enemy general index: None
2026-06-02 09:43:29 [self-0003-0-attack] Visible enemy tiles: 0
2026-06-02 09:43:29 [self-0003-0-attack] Tiles: 30 / 28
2026-06-02 09:43:29 [self-0003-0-attack] Map: 20 x 21 Turn: 65
2026-06-02 09:43:29 [self-0003-0-attack] Route planned: Target = 336 Mode = reinforcement_waypoint city-free reachable tiles = 310 Fallback-Tiles = 312
2026-06-02 09:43:29 [self-0003-0-attack] Move #42: 66 -> 67 | Army: 2 | Target-Terrain: 0 | Target: 336 | Half: False
2026-06-02 09:43:30 [self-0003-0-attack] My general index: 83
2026-06-02 09:43:30 [self-0003-0-attack] Enemy general index: None
2026-06-02 09:43:30 [self-0003-0-attack] Visible enemy tiles: 0
2026-06-02 09:43:30 [self-0003-0-attack] Tiles: 30 / 28
2026-06-02 09:43:30 [self-0003-0-attack] Map: 20 x 21 Turn: 66
2026-06-02 09:43:30 [self-0003-0-attack] Route planned: Target = 336 Mode = reinforcement_waypoint city-free reachable tiles = 310 Fallback-Tiles = 312
2026-06-02 09:43:30 [self-0003-0-attack] Move #43: 89 -> 90 | Army: 2 | Target-Terrain: 0 | Target: 336 | Half: False
2026-06-02 09:43:30 [self-0003-0-attack] My general index: 83
2026-06-02 09:43:30 [self-0003-0-attack] Enemy general index: None
2026-06-02 09:43:30 [self-0003-0-attack] Visible enemy tiles: 0
2026-06-02 09:43:30 [self-0003-0-attack] Tiles: 30 / 28
2026-06-02 09:43:30 [self-0003-0-attack] Map: 20 x 21 Turn: 67
2026-06-02 09:43:30 [self-0003-0-attack] Route planned: Target = 336 Mode = reinforcement_waypoint city-free reachable tiles = 310 Fallback-Tiles = 312
2026-06-02 09:43:30 [self-0003-0-attack] Move #44: 88 -> 108 | Army: 2 | Target-Terrain: 0 | Target: 336 | Half: False
2026-06-02 09:43:31 [self-0003-0-attack] My general index: 83
2026-06-02 09:43:31 [self-0003-0-attack] Enemy general index: None
2026-06-02 09:43:31 [self-0003-0-attack] Visible enemy tiles: 0
2026-06-02 09:43:31 [self-0003-0-attack] Tiles: 30 / 28
2026-06-02 09:43:31 [self-0003-0-attack] Map: 20 x 21 Turn: 68
2026-06-02 09:43:31 [self-0003-0-attack] Route planned: Target = 336 Mode = reinforcement_waypoint city-free reachable tiles = 310 Fallback-Tiles = 312
2026-06-02 09:43:31 [self-0003-0-attack] Move #45: 68 -> 69 | Army: 2 | Target-Terrain: 0 | Target: 336 | Half: False
2026-06-02 09:43:31 [self-0003-0-attack] My general index: 83
2026-06-02 09:43:31 [self-0003-0-attack] Enemy general index: None
2026-06-02 09:43:31 [self-0003-0-attack] Visible enemy tiles: 0
2026-06-02 09:43:31 [self-0003-0-attack] Tiles: 30 / 28
2026-06-02 09:43:31 [self-0003-0-attack] Map: 20 x 21 Turn: 69
2026-06-02 09:43:31 [self-0003-0-attack] Route planned: Target = 336 Mode = reinforcement_waypoint city-free reachable tiles = 310 Fallback-Tiles = 312
2026-06-02 09:43:31 [self-0003-0-attack] Priority agent: flow +6000 base = 41292 final = 47292
2026-06-02 09:43:31 [self-0003-0-attack] Move #46: 69 -> 70 | Army: 2 | Target-Terrain: -1 | Target: 336 | Half: False
2026-06-02 09:43:32 [self-0003-0-attack] My general index: 83
2026-06-02 09:43:32 [self-0003-0-attack] Enemy general index: None
2026-06-02 09:43:32 [self-0003-0-attack] Visible enemy tiles: 0
2026-06-02 09:43:32 [self-0003-0-attack] Tiles: 31 / 28
2026-06-02 09:43:32 [self-0003-0-attack] Map: 20 x 21 Turn: 70
2026-06-02 09:43:32 [self-0003-0-attack] Route planned: Target = 336 Mode = reinforcement_waypoint city-free reachable tiles = 310 Fallback-Tiles = 312
2026-06-02 09:43:32 [self-0003-0-attack] Move #47: 87 -> 107 | Army: 2 | Target-Terrain: 0 | Target: 336 | Half: False
2026-06-02 09:43:32 [self-0003-0-attack] My general index: 83
2026-06-02 09:43:32 [self-0003-0-attack] Enemy general index: None
2026-06-02 09:43:32 [self-0003-0-attack] Visible enemy tiles: 0
2026-06-02 09:43:32 [self-0003-0-attack] Tiles: 31 / 29
2026-06-02 09:43:32 [self-0003-0-attack] Map: 20 x 21 Turn: 71
2026-06-02 09:43:32 [self-0003-0-attack] Route planned: Target = 336 Mode = reinforcement_waypoint city-free reachable tiles = 310 Fallback-Tiles = 312
2026-06-02 09:43:32 [self-0003-0-attack] Move #48: 83 -> 84 | Army: 16 | Target-Terrain: 0 | Target: 336 | Half: False
2026-06-02 09:43:33 [self-0003-0-attack] My general index: 83
2026-06-02 09:43:33 [self-0003-0-attack] Enemy general index: None
2026-06-02 09:43:33 [self-0003-0-attack] Visible enemy tiles: 0
2026-06-02 09:43:33 [self-0003-0-attack] Tiles: 31 / 29
2026-06-02 09:43:33 [self-0003-0-attack] Map: 20 x 21 Turn: 72
2026-06-02 09:43:33 [self-0003-0-attack] Route planned: Target = 336 Mode = reinforcement_waypoint city-free reachable tiles = 310 Fallback-Tiles = 312
2026-06-02 09:43:33 [self-0003-0-attack] Move #49: 110 -> 130 | Army: 2 | Target-Terrain: 0 | Target: 336 | Half: False
2026-06-02 09:43:33 [self-0003-0-attack] My general index: 83
2026-06-02 09:43:33 [self-0003-0-attack] Enemy general index: None
2026-06-02 09:43:33 [self-0003-0-attack] Visible enemy tiles: 0
2026-06-02 09:43:33 [self-0003-0-attack] Tiles: 31 / 29
2026-06-02 09:43:33 [self-0003-0-attack] Map: 20 x 21 Turn: 73
2026-06-02 09:43:33 [self-0003-0-attack] Route planned: Target = 336 Mode = strategy city-free reachable tiles = 310 Fallback-Tiles = 312
2026-06-02 09:43:33 [self-0003-0-attack] Move #50: 90 -> 110 | Army: 2 | Target-Terrain: 0 | Target: 336 | Half: False
2026-06-02 09:43:34 [self-0003-0-attack] My general index: 83
2026-06-02 09:43:34 [self-0003-0-attack] Enemy general index: None
2026-06-02 09:43:34 [self-0003-0-attack] Visible enemy tiles: 0
2026-06-02 09:43:34 [self-0003-0-attack] Tiles: 31 / 30
2026-06-02 09:43:34 [self-0003-0-attack] Map: 20 x 21 Turn: 74
2026-06-02 09:43:34 [self-0003-0-attack] Route planned: Target = 336 Mode = strategy city-free reachable tiles = 310 Fallback-Tiles = 312
2026-06-02 09:43:34 [self-0003-0-attack] Move #51: 108 -> 109 | Army: 2 | Target-Terrain: 0 | Target: 336 | Half: False
2026-06-02 09:43:34 [self-0003-0-attack] My general index: 83
2026-06-02 09:43:34 [self-0003-0-attack] Enemy general index: None
2026-06-02 09:43:34 [self-0003-0-attack] Visible enemy tiles: 0
2026-06-02 09:43:34 [self-0003-0-attack] Tiles: 31 / 30
2026-06-02 09:43:34 [self-0003-0-attack] Map: 20 x 21 Turn: 75
2026-06-02 09:43:34 [self-0003-0-attack] Route planned: Target = 336 Mode = strategy city-free reachable tiles = 310 Fallback-Tiles = 312
2026-06-02 09:43:34 [self-0003-0-attack] Move #52: 107 -> 108 | Army: 2 | Target-Terrain: 0 | Target: 336 | Half: False
2026-06-02 09:43:35 [self-0003-0-attack] My general index: 83
2026-06-02 09:43:35 [self-0003-0-attack] Enemy general index: None
2026-06-02 09:43:35 [self-0003-0-attack] Visible enemy tiles: 0
2026-06-02 09:43:35 [self-0003-0-attack] Tiles: 31 / 30
2026-06-02 09:43:35 [self-0003-0-attack] Map: 20 x 21 Turn: 76
2026-06-02 09:43:35 [self-0003-0-attack] Route planned: Target = 336 Mode = strategy city-free reachable tiles = 310 Fallback-Tiles = 312
2026-06-02 09:43:35 [self-0003-0-attack] Move #53: 84 -> 85 | Army: 17 | Target-Terrain: 0 | Target: 336 | Half: False
2026-06-02 09:43:35 [self-0003-0-attack] My general index: 83
2026-06-02 09:43:35 [self-0003-0-attack] Enemy general index: None
2026-06-02 09:43:35 [self-0003-0-attack] Visible enemy tiles: 0
2026-06-02 09:43:35 [self-0003-0-attack] Tiles: 31 / 30
2026-06-02 09:43:35 [self-0003-0-attack] Map: 20 x 21 Turn: 77
2026-06-02 09:43:35 [self-0003-0-attack] Route planned: Target = 336 Mode = strategy city-free reachable tiles = 310 Fallback-Tiles = 312
2026-06-02 09:43:35 [self-0003-0-attack] Move #54: 130 -> 131 | Army: 2 | Target-Terrain: 0 | Target: 336 | Half: False
2026-06-02 09:43:36 [self-0003-0-attack] My general index: 83
2026-06-02 09:43:36 [self-0003-0-attack] Enemy general index: None
2026-06-02 09:43:36 [self-0003-0-attack] Visible enemy tiles: 0
2026-06-02 09:43:36 [self-0003-0-attack] Tiles: 31 / 30
2026-06-02 09:43:36 [self-0003-0-attack] Map: 20 x 21 Turn: 78
2026-06-02 09:43:36 [self-0003-0-attack] Route planned: Target = 336 Mode = strategy city-free reachable tiles = 310 Fallback-Tiles = 312
2026-06-02 09:43:36 [self-0003-0-attack] Priority agent: flow +6000 base = 42042 final = 48042
2026-06-02 09:43:36 [self-0003-0-attack] Move #55: 131 -> 151 | Army: 2 | Target-Terrain: -1 | Target: 336 | Half: False
2026-06-02 09:43:36 [self-0003-0-attack] My general index: 83
2026-06-02 09:43:36 [self-0003-0-attack] Enemy general index: None
2026-06-02 09:43:36 [self-0003-0-attack] Visible enemy tiles: 0
2026-06-02 09:43:36 [self-0003-0-attack] Tiles: 32 / 30
2026-06-02 09:43:36 [self-0003-0-attack] Map: 20 x 21 Turn: 79
2026-06-02 09:43:36 [self-0003-0-attack] Route planned: Target = 336 Mode = strategy city-free reachable tiles = 310 Fallback-Tiles = 312
2026-06-02 09:43:36 [self-0003-0-attack] Move #56: 109 -> 110 | Army: 2 | Target-Terrain: 0 | Target: 336 | Half: False
2026-06-02 09:43:37 [self-0003-0-attack] My general index: 83
2026-06-02 09:43:37 [self-0003-0-attack] Enemy general index: None
2026-06-02 09:43:37 [self-0003-0-attack] Visible enemy tiles: 0
2026-06-02 09:43:37 [self-0003-0-attack] Tiles: 32 / 30
2026-06-02 09:43:37 [self-0003-0-attack] Map: 20 x 21 Turn: 80
2026-06-02 09:43:37 [self-0003-0-attack] Route planned: Target = 336 Mode = strategy city-free reachable tiles = 310 Fallback-Tiles = 312
2026-06-02 09:43:37 [self-0003-0-attack] Move #57: 67 -> 68 | Army: 2 | Target-Terrain: 0 | Target: 336 | Half: False
2026-06-02 09:43:37 [self-0003-0-attack] My general index: 83
2026-06-02 09:43:37 [self-0003-0-attack] Enemy general index: None
2026-06-02 09:43:37 [self-0003-0-attack] Visible enemy tiles: 0
2026-06-02 09:43:37 [self-0003-0-attack] Tiles: 32 / 30
2026-06-02 09:43:37 [self-0003-0-attack] Map: 20 x 21 Turn: 81
2026-06-02 09:43:37 [self-0003-0-attack] Route planned: Target = 336 Mode = strategy city-free reachable tiles = 310 Fallback-Tiles = 312
2026-06-02 09:43:37 [self-0003-0-attack] Move #58: 85 -> 86 | Army: 18 | Target-Terrain: 0 | Target: 336 | Half: False
2026-06-02 09:43:38 [self-0003-0-attack] My general index: 83
2026-06-02 09:43:38 [self-0003-0-attack] Enemy general index: None
2026-06-02 09:43:38 [self-0003-0-attack] Visible enemy tiles: 0
2026-06-02 09:43:38 [self-0003-0-attack] Tiles: 32 / 30
2026-06-02 09:43:38 [self-0003-0-attack] Map: 20 x 21 Turn: 82
2026-06-02 09:43:38 [self-0003-0-attack] Route planned: Target = 336 Mode = strategy city-free reachable tiles = 310 Fallback-Tiles = 312
2026-06-02 09:43:38 [self-0003-0-attack] Move #59: 65 -> 66 | Army: 2 | Target-Terrain: 0 | Target: 336 | Half: False
2026-06-02 09:43:38 [self-0003-0-attack] My general index: 83
2026-06-02 09:43:38 [self-0003-0-attack] Enemy general index: None
2026-06-02 09:43:38 [self-0003-0-attack] Visible enemy tiles: 0
2026-06-02 09:43:38 [self-0003-0-attack] Tiles: 32 / 30
2026-06-02 09:43:38 [self-0003-0-attack] Map: 20 x 21 Turn: 83
2026-06-02 09:43:38 [self-0003-0-attack] Route planned: Target = 336 Mode = strategy city-free reachable tiles = 310 Fallback-Tiles = 312
2026-06-02 09:43:38 [self-0003-0-attack] Move #60: 64 -> 65 | Army: 2 | Target-Terrain: 0 | Target: 336 | Half: False
2026-06-02 09:43:39 [self-0003-0-attack] My general index: 83
2026-06-02 09:43:39 [self-0003-0-attack] Enemy general index: None
2026-06-02 09:43:39 [self-0003-0-attack] Visible enemy tiles: 0
2026-06-02 09:43:39 [self-0003-0-attack] Tiles: 32 / 30
2026-06-02 09:43:39 [self-0003-0-attack] Map: 20 x 21 Turn: 84
2026-06-02 09:43:39 [self-0003-0-attack] Reinforcement waypoint: 192 final target = 336 turns until reinforcement = 16
2026-06-02 09:43:39 [self-0003-0-attack] Route planned: Target = 192 Mode = reinforcement_waypoint city-free reachable tiles = 310 Fallback-Tiles = 312
2026-06-02 09:43:39 [self-0003-0-attack] Move #61: 63 -> 64 | Army: 2 | Target-Terrain: 0 | Target: 192 | Half: False
2026-06-02 09:43:39 [self-0003-0-attack] My general index: 83
2026-06-02 09:43:39 [self-0003-0-attack] Enemy general index: None
2026-06-02 09:43:39 [self-0003-0-attack] Visible enemy tiles: 0
2026-06-02 09:43:39 [self-0003-0-attack] Tiles: 32 / 31
2026-06-02 09:43:39 [self-0003-0-attack] Map: 20 x 21 Turn: 85
2026-06-02 09:43:39 [self-0003-0-attack] Reinforcement waypoint: 172 final target = 336 turns until reinforcement = 15
2026-06-02 09:43:39 [self-0003-0-attack] Route planned: Target = 172 Mode = reinforcement_waypoint city-free reachable tiles = 310 Fallback-Tiles = 312
2026-06-02 09:43:39 [self-0003-0-attack] Move #62: 68 -> 69 | Army: 2 | Target-Terrain: 0 | Target: 172 | Half: False
2026-06-02 09:43:40 [self-0003-0-attack] My general index: 83
2026-06-02 09:43:40 [self-0003-0-attack] Enemy general index: None
2026-06-02 09:43:40 [self-0003-0-attack] Visible enemy tiles: 0
2026-06-02 09:43:40 [self-0003-0-attack] Tiles: 32 / 31
2026-06-02 09:43:40 [self-0003-0-attack] Map: 20 x 21 Turn: 86
2026-06-02 09:43:40 [self-0003-0-attack] Reinforcement waypoint: 152 final target = 336 turns until reinforcement = 14
2026-06-02 09:43:40 [self-0003-0-attack] Route planned: Target = 152 Mode = reinforcement_waypoint city-free reachable tiles = 310 Fallback-Tiles = 312
2026-06-02 09:43:40 [self-0003-0-attack] Move #63: 86 -> 87 | Army: 18 | Target-Terrain: 0 | Target: 152 | Half: False
2026-06-02 09:43:40 [self-0003-0-attack] My general index: 83
2026-06-02 09:43:40 [self-0003-0-attack] Enemy general index: None
2026-06-02 09:43:40 [self-0003-0-attack] Visible enemy tiles: 0
2026-06-02 09:43:40 [self-0003-0-attack] Tiles: 32 / 31
2026-06-02 09:43:40 [self-0003-0-attack] Map: 20 x 21 Turn: 87
2026-06-02 09:43:40 [self-0003-0-attack] Reinforcement waypoint: 151 final target = 336 turns until reinforcement = 13
2026-06-02 09:43:40 [self-0003-0-attack] Route planned: Target = 151 Mode = reinforcement_waypoint city-free reachable tiles = 310 Fallback-Tiles = 312
2026-06-02 09:43:40 [self-0003-0-attack] Move #64: 110 -> 130 | Army: 3 | Target-Terrain: 0 | Target: 151 | Half: False
2026-06-02 09:43:41 [self-0003-0-attack] My general index: 83
2026-06-02 09:43:41 [self-0003-0-attack] Enemy general index: None
2026-06-02 09:43:41 [self-0003-0-attack] Visible enemy tiles: 0
2026-06-02 09:43:41 [self-0003-0-attack] Tiles: 32 / 31
2026-06-02 09:43:41 [self-0003-0-attack] Map: 20 x 21 Turn: 88
2026-06-02 09:43:41 [self-0003-0-attack] Reinforcement waypoint: 151 final target = 336 turns until reinforcement = 12
2026-06-02 09:43:41 [self-0003-0-attack] Route planned: Target = 151 Mode = reinforcement_waypoint city-free reachable tiles = 310 Fallback-Tiles = 312
2026-06-02 09:43:41 [self-0003-0-attack] Move #65: 66 -> 67 | Army: 2 | Target-Terrain: 0 | Target: 151 | Half: False
2026-06-02 09:43:41 [self-0003-0-attack] My general index: 83
2026-06-02 09:43:41 [self-0003-0-attack] Enemy general index: None
2026-06-02 09:43:41 [self-0003-0-attack] Visible enemy tiles: 0
2026-06-02 09:43:41 [self-0003-0-attack] Tiles: 32 / 31
2026-06-02 09:43:41 [self-0003-0-attack] Map: 20 x 21 Turn: 89
2026-06-02 09:43:41 [self-0003-0-attack] Reinforcement waypoint: 131 final target = 336 turns until reinforcement = 11
2026-06-02 09:43:41 [self-0003-0-attack] Route planned: Target = 131 Mode = reinforcement_waypoint city-free reachable tiles = 310 Fallback-Tiles = 312
2026-06-02 09:43:41 [self-0003-0-attack] Move #66: 108 -> 109 | Army: 2 | Target-Terrain: 0 | Target: 131 | Half: False
2026-06-02 09:43:42 [self-0003-0-attack] My general index: 83
2026-06-02 09:43:42 [self-0003-0-attack] Enemy general index: None
2026-06-02 09:43:42 [self-0003-0-attack] Visible enemy tiles: 0
2026-06-02 09:43:42 [self-0003-0-attack] Tiles: 32 / 31
2026-06-02 09:43:42 [self-0003-0-attack] Map: 20 x 21 Turn: 90
2026-06-02 09:43:42 [self-0003-0-attack] Reinforcement waypoint: 131 final target = 336 turns until reinforcement = 10
2026-06-02 09:43:42 [self-0003-0-attack] Route planned: Target = 131 Mode = reinforcement_waypoint city-free reachable tiles = 310 Fallback-Tiles = 312
2026-06-02 09:43:42 [self-0003-0-attack] Move #67: 69 -> 70 | Army: 2 | Target-Terrain: 0 | Target: 131 | Half: False
2026-06-02 09:43:42 [self-0003-0-attack] My general index: 83
2026-06-02 09:43:42 [self-0003-0-attack] Enemy general index: None
2026-06-02 09:43:42 [self-0003-0-attack] Visible enemy tiles: 0
2026-06-02 09:43:42 [self-0003-0-attack] Tiles: 32 / 31
2026-06-02 09:43:42 [self-0003-0-attack] Map: 20 x 21 Turn: 91
2026-06-02 09:43:42 [self-0003-0-attack] Reinforcement waypoint: 131 final target = 336 turns until reinforcement = 9
2026-06-02 09:43:42 [self-0003-0-attack] Route planned: Target = 131 Mode = reinforcement_waypoint city-free reachable tiles = 310 Fallback-Tiles = 312
2026-06-02 09:43:42 [self-0003-0-attack] Move #68: 87 -> 88 | Army: 18 | Target-Terrain: 0 | Target: 131 | Half: False
2026-06-02 09:43:43 [self-0003-0-attack] My general index: 83
2026-06-02 09:43:43 [self-0003-0-attack] Enemy general index: None
2026-06-02 09:43:43 [self-0003-0-attack] Visible enemy tiles: 0
2026-06-02 09:43:43 [self-0003-0-attack] Tiles: 32 / 32
2026-06-02 09:43:43 [self-0003-0-attack] Map: 20 x 21 Turn: 92
2026-06-02 09:43:43 [self-0003-0-attack] Reinforcement waypoint: 131 final target = 336 turns until reinforcement = 8
2026-06-02 09:43:43 [self-0003-0-attack] Route planned: Target = 131 Mode = reinforcement_waypoint city-free reachable tiles = 310 Fallback-Tiles = 312
2026-06-02 09:43:43 [self-0003-0-attack] Move #69: 130 -> 131 | Army: 3 | Target-Terrain: 0 | Target: 131 | Half: False
2026-06-02 09:43:43 [self-0003-0-attack] My general index: 83
2026-06-02 09:43:43 [self-0003-0-attack] Enemy general index: None
2026-06-02 09:43:43 [self-0003-0-attack] Visible enemy tiles: 0
2026-06-02 09:43:43 [self-0003-0-attack] Tiles: 32 / 32
2026-06-02 09:43:43 [self-0003-0-attack] Map: 20 x 21 Turn: 93
2026-06-02 09:43:43 [self-0003-0-attack] Reinforcement waypoint: 151 final target = 336 turns until reinforcement = 7
2026-06-02 09:43:43 [self-0003-0-attack] Route planned: Target = 151 Mode = reinforcement_waypoint city-free reachable tiles = 310 Fallback-Tiles = 312
2026-06-02 09:43:43 [self-0003-0-attack] Move #70: 67 -> 87 | Army: 2 | Target-Terrain: 0 | Target: 151 | Half: False
2026-06-02 09:43:44 [self-0003-0-attack] My general index: 83
2026-06-02 09:43:44 [self-0003-0-attack] Enemy general index: None
2026-06-02 09:43:44 [self-0003-0-attack] Visible enemy tiles: 0
2026-06-02 09:43:44 [self-0003-0-attack] Tiles: 32 / 32
2026-06-02 09:43:44 [self-0003-0-attack] Map: 20 x 21 Turn: 94
2026-06-02 09:43:44 [self-0003-0-attack] Reinforcement waypoint: 151 final target = 336 turns until reinforcement = 6
2026-06-02 09:43:44 [self-0003-0-attack] Route planned: Target = 151 Mode = reinforcement_waypoint city-free reachable tiles = 310 Fallback-Tiles = 312
2026-06-02 09:43:44 [self-0003-0-attack] Move #71: 109 -> 110 | Army: 2 | Target-Terrain: 0 | Target: 151 | Half: False
2026-06-02 09:43:44 [self-0003-0-attack] My general index: 83
2026-06-02 09:43:44 [self-0003-0-attack] Enemy general index: None
2026-06-02 09:43:44 [self-0003-0-attack] Visible enemy tiles: 0
2026-06-02 09:43:44 [self-0003-0-attack] Tiles: 32 / 32
2026-06-02 09:43:44 [self-0003-0-attack] Map: 20 x 21 Turn: 95
2026-06-02 09:43:44 [self-0003-0-attack] Reinforcement waypoint: 151 final target = 336 turns until reinforcement = 5
2026-06-02 09:43:44 [self-0003-0-attack] Route planned: Target = 151 Mode = reinforcement_waypoint city-free reachable tiles = 310 Fallback-Tiles = 312
2026-06-02 09:43:44 [self-0003-0-attack] Move #72: 83 -> 84 | Army: 13 | Target-Terrain: 0 | Target: 151 | Half: False
2026-06-02 09:43:45 [self-0003-0-attack] My general index: 83
2026-06-02 09:43:45 [self-0003-0-attack] Enemy general index: None
2026-06-02 09:43:45 [self-0003-0-attack] Visible enemy tiles: 0
2026-06-02 09:43:45 [self-0003-0-attack] Tiles: 32 / 32
2026-06-02 09:43:45 [self-0003-0-attack] Map: 20 x 21 Turn: 96
2026-06-02 09:43:45 [self-0003-0-attack] Reinforcement waypoint: 151 final target = 336 turns until reinforcement = 4
2026-06-02 09:43:45 [self-0003-0-attack] Route planned: Target = 151 Mode = reinforcement_waypoint city-free reachable tiles = 310 Fallback-Tiles = 312
2026-06-02 09:43:45 [self-0003-0-attack] Move #73: 88 -> 89 | Army: 18 | Target-Terrain: 0 | Target: 151 | Half: False
2026-06-02 09:43:45 [self-0003-0-attack] Coach: balanced tiles 32/32 army 71/69 cities 0/0 enemy_city_suspect False bias {'expansion_bias': 0.2, 'city_bias': 0.1, 'attack_bias': 0.8, 'defense_bias': 0.0, 'route_bias': 0.8}
2026-06-02 09:43:45 [self-0003-0-attack] My general index: 83
2026-06-02 09:43:45 [self-0003-0-attack] Enemy general index: None
2026-06-02 09:43:45 [self-0003-0-attack] Visible enemy tiles: 0
2026-06-02 09:43:45 [self-0003-0-attack] Tiles: 32 / 32
2026-06-02 09:43:45 [self-0003-0-attack] Map: 20 x 21 Turn: 97
2026-06-02 09:43:45 [self-0003-0-attack] Reinforcement waypoint: 151 final target = 336 turns until reinforcement = 3
2026-06-02 09:43:45 [self-0003-0-attack] Route planned: Target = 151 Mode = reinforcement_waypoint city-free reachable tiles = 310 Fallback-Tiles = 312
2026-06-02 09:43:45 [self-0003-0-attack] Move #74: 131 -> 151 | Army: 3 | Target-Terrain: 0 | Target: 151 | Half: False
2026-06-02 09:43:46 [self-0003-0-attack] My general index: 83
2026-06-02 09:43:46 [self-0003-0-attack] Enemy general index: None
2026-06-02 09:43:46 [self-0003-0-attack] Visible enemy tiles: 0
2026-06-02 09:43:46 [self-0003-0-attack] Tiles: 32 / 32
2026-06-02 09:43:46 [self-0003-0-attack] Map: 20 x 21 Turn: 98
2026-06-02 09:43:46 [self-0003-0-attack] Reinforcement waypoint: 152 final target = 336 turns until reinforcement = 2
2026-06-02 09:43:46 [self-0003-0-attack] Route planned: Target = 152 Mode = reinforcement_waypoint city-free reachable tiles = 310 Fallback-Tiles = 312
2026-06-02 09:43:46 [self-0003-0-attack] Priority agent: flow +6000 base = 54753 final = 60753
2026-06-02 09:43:46 [self-0003-0-attack] Move #75: 151 -> 152 | Army: 3 | Target-Terrain: -1 | Target: 152 | Half: False
2026-06-02 09:43:46 [self-0003-0-attack] My general index: 83
2026-06-02 09:43:46 [self-0003-0-attack] Enemy general index: None
2026-06-02 09:43:46 [self-0003-0-attack] Visible enemy tiles: 0
2026-06-02 09:43:46 [self-0003-0-attack] Tiles: 33 / 32
2026-06-02 09:43:46 [self-0003-0-attack] Map: 20 x 21 Turn: 99
2026-06-02 09:43:46 [self-0003-0-attack] Reinforcement waypoint: 172 final target = 336 turns until reinforcement = 1
2026-06-02 09:43:46 [self-0003-0-attack] Route planned: Target = 172 Mode = reinforcement_waypoint city-free reachable tiles = 310 Fallback-Tiles = 312
2026-06-02 09:43:46 [self-0003-0-attack] Priority agent: flow +6000 base = 52552 final = 58552
2026-06-02 09:43:46 [self-0003-0-attack] Move #76: 152 -> 172 | Army: 2 | Target-Terrain: -1 | Target: 172 | Half: False
2026-06-02 09:43:47 [self-0003-0-attack] My general index: 83
2026-06-02 09:43:47 [self-0003-0-attack] Enemy general index: None
2026-06-02 09:43:47 [self-0003-0-attack] Visible enemy tiles: 0
2026-06-02 09:43:47 [self-0003-0-attack] Tiles: 34 / 32
2026-06-02 09:43:47 [self-0003-0-attack] Map: 20 x 21 Turn: 100
2026-06-02 09:43:47 [self-0003-0-attack] Route planned: Target = 336 Mode = reinforcement_waypoint city-free reachable tiles = 310 Fallback-Tiles = 312
2026-06-02 09:43:47 [self-0003-0-attack] Priority agent: flow +6000 base = 47312 final = 53312
2026-06-02 09:43:47 [self-0003-0-attack] Move #77: 172 -> 192 | Army: 2 | Target-Terrain: -1 | Target: 336 | Half: False
2026-06-02 09:43:47 [self-0003-0-attack] My general index: 83
2026-06-02 09:43:47 [self-0003-0-attack] Enemy general index: None
2026-06-02 09:43:47 [self-0003-0-attack] Visible enemy tiles: 0
2026-06-02 09:43:47 [self-0003-0-attack] Tiles: 35 / 33
2026-06-02 09:43:47 [self-0003-0-attack] Map: 20 x 21 Turn: 101
2026-06-02 09:43:47 [self-0003-0-attack] Route planned: Target = 336 Mode = reinforcement_waypoint city-free reachable tiles = 310 Fallback-Tiles = 313
2026-06-02 09:43:47 [self-0003-0-attack] Priority agent: flow +3000 base = 46832 final = 49832
2026-06-02 09:43:47 [self-0003-0-attack] Move #78: 151 -> 171 | Army: 2 | Target-Terrain: -1 | Target: 336 | Half: False
2026-06-02 09:43:48 [self-0003-0-attack] My general index: 83
2026-06-02 09:43:48 [self-0003-0-attack] Enemy general index: None
2026-06-02 09:43:48 [self-0003-0-attack] Visible enemy tiles: 0
2026-06-02 09:43:48 [self-0003-0-attack] Tiles: 36 / 34
2026-06-02 09:43:48 [self-0003-0-attack] Map: 20 x 21 Turn: 102
2026-06-02 09:43:48 [self-0003-0-attack] Route planned: Target = 336 Mode = reinforcement_waypoint city-free reachable tiles = 310 Fallback-Tiles = 313
2026-06-02 09:43:48 [self-0003-0-attack] Move #79: 150 -> 170 | Army: 2 | Target-Terrain: -1 | Target: 336 | Half: False
2026-06-02 09:43:48 [self-0003-0-attack] My general index: 83
2026-06-02 09:43:48 [self-0003-0-attack] Enemy general index: None
2026-06-02 09:43:48 [self-0003-0-attack] Visible enemy tiles: 1
2026-06-02 09:43:48 [self-0003-0-attack] Tiles: 37 / 35
2026-06-02 09:43:48 [self-0003-0-attack] Map: 20 x 21 Turn: 103
2026-06-02 09:43:48 [self-0003-0-attack] Route planned: Target = 336 Mode = reinforcement_waypoint city-free reachable tiles = 310 Fallback-Tiles = 313
2026-06-02 09:43:48 [self-0003-0-attack] Move #80: 70 -> 71 | Army: 3 | Target-Terrain: -1 | Target: 336 | Half: False
2026-06-02 09:43:49 [self-0003-0-attack] My general index: 83
2026-06-02 09:43:49 [self-0003-0-attack] Enemy general index: None
2026-06-02 09:43:49 [self-0003-0-attack] Visible enemy tiles: 1
2026-06-02 09:43:49 [self-0003-0-attack] Tiles: 38 / 36
2026-06-02 09:43:49 [self-0003-0-attack] Map: 20 x 21 Turn: 104
2026-06-02 09:43:49 [self-0003-0-attack] Route planned: Target = 336 Mode = reinforcement_waypoint city-free reachable tiles = 310 Fallback-Tiles = 313
2026-06-02 09:43:49 [self-0003-0-attack] Priority agent: flow +6000 base = 46472 final = 52472
2026-06-02 09:43:49 [self-0003-0-attack] Move #81: 71 -> 72 | Army: 2 | Target-Terrain: -1 | Target: 336 | Half: False
2026-06-02 09:43:49 [self-0003-0-attack] My general index: 83
2026-06-02 09:43:49 [self-0003-0-attack] Enemy general index: None
2026-06-02 09:43:49 [self-0003-0-attack] Visible enemy tiles: 1
2026-06-02 09:43:49 [self-0003-0-attack] Tiles: 39 / 37
2026-06-02 09:43:49 [self-0003-0-attack] Map: 20 x 21 Turn: 105
2026-06-02 09:43:49 [self-0003-0-attack] Route planned: Target = 336 Mode = reinforcement_waypoint city-free reachable tiles = 310 Fallback-Tiles = 313
2026-06-02 09:43:49 [self-0003-0-attack] Move #82: 129 -> 149 | Army: 2 | Target-Terrain: -1 | Target: 336 | Half: False
2026-06-02 09:43:50 [self-0003-0-attack] My general index: 83
2026-06-02 09:43:50 [self-0003-0-attack] Enemy general index: None
2026-06-02 09:43:50 [self-0003-0-attack] Visible enemy tiles: 1
2026-06-02 09:43:50 [self-0003-0-attack] Tiles: 40 / 37
2026-06-02 09:43:50 [self-0003-0-attack] Map: 20 x 21 Turn: 106
2026-06-02 09:43:50 [self-0003-0-attack] Route planned: Target = 336 Mode = reinforcement_waypoint city-free reachable tiles = 310 Fallback-Tiles = 313
2026-06-02 09:43:50 [self-0003-0-attack] Move #83: 127 -> 147 | Army: 2 | Target-Terrain: -1 | Target: 336 | Half: False
2026-06-02 09:43:50 [self-0003-0-attack] My general index: 83
2026-06-02 09:43:50 [self-0003-0-attack] Enemy general index: None
2026-06-02 09:43:50 [self-0003-0-attack] Visible enemy tiles: 1
2026-06-02 09:43:50 [self-0003-0-attack] Tiles: 41 / 38
2026-06-02 09:43:50 [self-0003-0-attack] Map: 20 x 21 Turn: 107
2026-06-02 09:43:50 [self-0003-0-attack] Route planned: Target = 336 Mode = reinforcement_waypoint city-free reachable tiles = 310 Fallback-Tiles = 313
2026-06-02 09:43:50 [self-0003-0-attack] Move #84: 124 -> 144 | Army: 2 | Target-Terrain: -1 | Target: 336 | Half: False
2026-06-02 09:43:51 [self-0003-0-attack] My general index: 83
2026-06-02 09:43:51 [self-0003-0-attack] Enemy general index: None
2026-06-02 09:43:51 [self-0003-0-attack] Visible enemy tiles: 1
2026-06-02 09:43:51 [self-0003-0-attack] Tiles: 42 / 39
2026-06-02 09:43:51 [self-0003-0-attack] Map: 20 x 21 Turn: 108
2026-06-02 09:43:51 [self-0003-0-attack] Route planned: Target = 336 Mode = reinforcement_waypoint city-free reachable tiles = 310 Fallback-Tiles = 313
2026-06-02 09:43:51 [self-0003-0-attack] Move #85: 89 -> 90 | Army: 19 | Target-Terrain: 0 | Target: 336 | Half: False
2026-06-02 09:43:51 [self-0003-0-attack] My general index: 83
2026-06-02 09:43:51 [self-0003-0-attack] Enemy general index: None
2026-06-02 09:43:51 [self-0003-0-attack] Visible enemy tiles: 1
2026-06-02 09:43:51 [self-0003-0-attack] Tiles: 42 / 40
2026-06-02 09:43:51 [self-0003-0-attack] Map: 20 x 21 Turn: 109
2026-06-02 09:43:51 [self-0003-0-attack] Route planned: Target = 336 Mode = reinforcement_waypoint city-free reachable tiles = 310 Fallback-Tiles = 313
2026-06-02 09:43:51 [self-0003-0-attack] Move #86: 84 -> 85 | Army: 14 | Target-Terrain: 0 | Target: 336 | Half: False
2026-06-02 09:43:52 [self-0003-0-attack] My general index: 83
2026-06-02 09:43:52 [self-0003-0-attack] Enemy general index: None
2026-06-02 09:43:52 [self-0003-0-attack] Visible enemy tiles: 1
2026-06-02 09:43:52 [self-0003-0-attack] Tiles: 42 / 41
2026-06-02 09:43:52 [self-0003-0-attack] Map: 20 x 21 Turn: 110
2026-06-02 09:43:52 [self-0003-0-attack] Route planned: Target = 336 Mode = reinforcement_waypoint city-free reachable tiles = 310 Fallback-Tiles = 313
2026-06-02 09:43:52 [self-0003-0-attack] Move #87: 130 -> 131 | Army: 2 | Target-Terrain: 0 | Target: 336 | Half: False
2026-06-02 09:43:52 [self-0003-0-attack] My general index: 83
2026-06-02 09:43:52 [self-0003-0-attack] Enemy general index: None
2026-06-02 09:43:52 [self-0003-0-attack] Visible enemy tiles: 1
2026-06-02 09:43:52 [self-0003-0-attack] Tiles: 42 / 41
2026-06-02 09:43:52 [self-0003-0-attack] Map: 20 x 21 Turn: 111
2026-06-02 09:43:52 [self-0003-0-attack] Route planned: Target = 336 Mode = reinforcement_waypoint city-free reachable tiles = 310 Fallback-Tiles = 313
2026-06-02 09:43:52 [self-0003-0-attack] Move #88: 110 -> 130 | Army: 3 | Target-Terrain: 0 | Target: 336 | Half: False
2026-06-02 09:43:53 [self-0003-0-attack] My general index: 83
2026-06-02 09:43:53 [self-0003-0-attack] Enemy general index: None
2026-06-02 09:43:53 [self-0003-0-attack] Visible enemy tiles: 1
2026-06-02 09:43:53 [self-0003-0-attack] Tiles: 42 / 41
2026-06-02 09:43:53 [self-0003-0-attack] Map: 20 x 21 Turn: 112
2026-06-02 09:43:53 [self-0003-0-attack] Route planned: Target = 336 Mode = reinforcement_waypoint city-free reachable tiles = 310 Fallback-Tiles = 313
2026-06-02 09:43:53 [self-0003-0-attack] Move #89: 109 -> 110 | Army: 2 | Target-Terrain: 0 | Target: 336 | Half: False
2026-06-02 09:43:53 [self-0003-0-attack] My general index: 83
2026-06-02 09:43:53 [self-0003-0-attack] Enemy general index: None
2026-06-02 09:43:53 [self-0003-0-attack] Visible enemy tiles: 1
2026-06-02 09:43:53 [self-0003-0-attack] Tiles: 42 / 41
2026-06-02 09:43:53 [self-0003-0-attack] Map: 20 x 21 Turn: 113
2026-06-02 09:43:53 [self-0003-0-attack] Route planned: Target = 336 Mode = reinforcement_waypoint city-free reachable tiles = 310 Fallback-Tiles = 313
2026-06-02 09:43:53 [self-0003-0-attack] Move #90: 90 -> 110 | Army: 20 | Target-Terrain: 0 | Target: 336 | Half: False
2026-06-02 09:43:54 [self-0003-0-attack] My general index: 83
2026-06-02 09:43:54 [self-0003-0-attack] Enemy general index: None
2026-06-02 09:43:54 [self-0003-0-attack] Visible enemy tiles: 1
2026-06-02 09:43:54 [self-0003-0-attack] Tiles: 42 / 41
2026-06-02 09:43:54 [self-0003-0-attack] Map: 20 x 21 Turn: 114
2026-06-02 09:43:54 [self-0003-0-attack] Route planned: Target = 336 Mode = reinforcement_waypoint city-free reachable tiles = 310 Fallback-Tiles = 313
2026-06-02 09:43:54 [self-0003-0-attack] Move #91: 85 -> 86 | Army: 15 | Target-Terrain: 0 | Target: 336 | Half: False
2026-06-02 09:43:54 [self-0003-0-attack] My general index: 83
2026-06-02 09:43:54 [self-0003-0-attack] Enemy general index: None
2026-06-02 09:43:54 [self-0003-0-attack] Visible enemy tiles: 1
2026-06-02 09:43:54 [self-0003-0-attack] Tiles: 42 / 41
2026-06-02 09:43:54 [self-0003-0-attack] Map: 20 x 21 Turn: 115
2026-06-02 09:43:54 [self-0003-0-attack] Route planned: Target = 336 Mode = reinforcement_waypoint city-free reachable tiles = 310 Fallback-Tiles = 313
2026-06-02 09:43:54 [self-0003-0-attack] Move #92: 152 -> 172 | Army: 2 | Target-Terrain: 0 | Target: 336 | Half: False
2026-06-02 09:43:55 [self-0003-0-attack] My general index: 83
2026-06-02 09:43:55 [self-0003-0-attack] Enemy general index: None
2026-06-02 09:43:55 [self-0003-0-attack] Visible enemy tiles: 1
2026-06-02 09:43:55 [self-0003-0-attack] Tiles: 42 / 41
2026-06-02 09:43:55 [self-0003-0-attack] Map: 20 x 21 Turn: 116
2026-06-02 09:43:55 [self-0003-0-attack] Route planned: Target = 336 Mode = reinforcement_waypoint city-free reachable tiles = 310 Fallback-Tiles = 313
2026-06-02 09:43:55 [self-0003-0-attack] Move #93: 131 -> 151 | Army: 3 | Target-Terrain: 0 | Target: 336 | Half: False
2026-06-02 09:43:55 [self-0003-0-attack] My general index: 83
2026-06-02 09:43:55 [self-0003-0-attack] Enemy general index: None
2026-06-02 09:43:55 [self-0003-0-attack] Visible enemy tiles: 1
2026-06-02 09:43:55 [self-0003-0-attack] Tiles: 42 / 41
2026-06-02 09:43:55 [self-0003-0-attack] Map: 20 x 21 Turn: 117
2026-06-02 09:43:55 [self-0003-0-attack] Route planned: Target = 336 Mode = reinforcement_waypoint city-free reachable tiles = 310 Fallback-Tiles = 313
2026-06-02 09:43:55 [self-0003-0-attack] Move #94: 130 -> 150 | Army: 3 | Target-Terrain: 0 | Target: 336 | Half: False
2026-06-02 09:43:56 [self-0003-0-attack] My general index: 83
2026-06-02 09:43:56 [self-0003-0-attack] Enemy general index: None
2026-06-02 09:43:56 [self-0003-0-attack] Visible enemy tiles: 1
2026-06-02 09:43:56 [self-0003-0-attack] Tiles: 42 / 42
2026-06-02 09:43:56 [self-0003-0-attack] Map: 20 x 21 Turn: 118
2026-06-02 09:43:56 [self-0003-0-attack] Route planned: Target = 336 Mode = reinforcement_waypoint city-free reachable tiles = 310 Fallback-Tiles = 313
2026-06-02 09:43:56 [self-0003-0-attack] Move #95: 108 -> 109 | Army: 2 | Target-Terrain: 0 | Target: 336 | Half: False
2026-06-02 09:43:56 [self-0003-0-attack] My general index: 83
2026-06-02 09:43:56 [self-0003-0-attack] Enemy general index: None
2026-06-02 09:43:56 [self-0003-0-attack] Visible enemy tiles: 1
2026-06-02 09:43:56 [self-0003-0-attack] Tiles: 42 / 42
2026-06-02 09:43:56 [self-0003-0-attack] Map: 20 x 21 Turn: 119
2026-06-02 09:43:56 [self-0003-0-attack] Route planned: Target = 336 Mode = reinforcement_waypoint city-free reachable tiles = 310 Fallback-Tiles = 313
2026-06-02 09:43:56 [self-0003-0-attack] Move #96: 86 -> 87 | Army: 16 | Target-Terrain: 0 | Target: 336 | Half: False
2026-06-02 09:43:57 [self-0003-0-attack] My general index: 83
2026-06-02 09:43:57 [self-0003-0-attack] Enemy general index: None
2026-06-02 09:43:57 [self-0003-0-attack] Visible enemy tiles: 1
2026-06-02 09:43:57 [self-0003-0-attack] Tiles: 42 / 43
2026-06-02 09:43:57 [self-0003-0-attack] Map: 20 x 21 Turn: 120
2026-06-02 09:43:57 [self-0003-0-attack] Route planned: Target = 336 Mode = reinforcement_waypoint city-free reachable tiles = 310 Fallback-Tiles = 313
2026-06-02 09:43:57 [self-0003-0-attack] Move #97: 83 -> 84 | Army: 15 | Target-Terrain: 0 | Target: 336 | Half: False
2026-06-02 09:43:57 [self-0003-0-attack] My general index: 83
2026-06-02 09:43:57 [self-0003-0-attack] Enemy general index: None
2026-06-02 09:43:57 [self-0003-0-attack] Visible enemy tiles: 1
2026-06-02 09:43:57 [self-0003-0-attack] Tiles: 42 / 43
2026-06-02 09:43:57 [self-0003-0-attack] Map: 20 x 21 Turn: 121
2026-06-02 09:43:57 [self-0003-0-attack] Route planned: Target = 336 Mode = reinforcement_waypoint city-free reachable tiles = 310 Fallback-Tiles = 313
2026-06-02 09:43:57 [self-0003-0-attack] Move #98: 172 -> 192 | Army: 2 | Target-Terrain: 0 | Target: 336 | Half: False
2026-06-02 09:43:58 [self-0003-0-attack] My general index: 83
2026-06-02 09:43:58 [self-0003-0-attack] Enemy general index: None
2026-06-02 09:43:58 [self-0003-0-attack] Visible enemy tiles: 1
2026-06-02 09:43:58 [self-0003-0-attack] Tiles: 42 / 43
2026-06-02 09:43:58 [self-0003-0-attack] Map: 20 x 21 Turn: 122
2026-06-02 09:43:58 [self-0003-0-attack] Route planned: Target = 336 Mode = reinforcement_waypoint city-free reachable tiles = 310 Fallback-Tiles = 313
2026-06-02 09:43:58 [self-0003-0-attack] Move #99: 151 -> 152 | Army: 3 | Target-Terrain: 0 | Target: 336 | Half: False
2026-06-02 09:43:58 [self-0003-0-attack] My general index: 83
2026-06-02 09:43:58 [self-0003-0-attack] Enemy general index: None
2026-06-02 09:43:58 [self-0003-0-attack] Visible enemy tiles: 1
2026-06-02 09:43:58 [self-0003-0-attack] Tiles: 42 / 43
2026-06-02 09:43:58 [self-0003-0-attack] Map: 20 x 21 Turn: 123
2026-06-02 09:43:58 [self-0003-0-attack] Route planned: Target = 336 Mode = reinforcement_waypoint city-free reachable tiles = 310 Fallback-Tiles = 313
2026-06-02 09:43:58 [self-0003-0-attack] Move #100: 150 -> 151 | Army: 3 | Target-Terrain: 0 | Target: 336 | Half: False
2026-06-02 09:43:59 [self-0003-0-attack] My general index: 83
2026-06-02 09:43:59 [self-0003-0-attack] Enemy general index: None
2026-06-02 09:43:59 [self-0003-0-attack] Visible enemy tiles: 1
2026-06-02 09:43:59 [self-0003-0-attack] Tiles: 42 / 43
2026-06-02 09:43:59 [self-0003-0-attack] Map: 20 x 21 Turn: 124
2026-06-02 09:43:59 [self-0003-0-attack] Route planned: Target = 336 Mode = reinforcement_waypoint city-free reachable tiles = 310 Fallback-Tiles = 313
2026-06-02 09:43:59 [self-0003-0-attack] Move #101: 87 -> 88 | Army: 18 | Target-Terrain: 0 | Target: 336 | Half: False
2026-06-02 09:43:59 [self-0003-0-attack] My general index: 83
2026-06-02 09:43:59 [self-0003-0-attack] Enemy general index: None
2026-06-02 09:43:59 [self-0003-0-attack] Visible enemy tiles: 1
2026-06-02 09:43:59 [self-0003-0-attack] Tiles: 42 / 43
2026-06-02 09:43:59 [self-0003-0-attack] Map: 20 x 21 Turn: 125
2026-06-02 09:43:59 [self-0003-0-attack] Route planned: Target = 336 Mode = reinforcement_waypoint city-free reachable tiles = 310 Fallback-Tiles = 313
2026-06-02 09:43:59 [self-0003-0-attack] Move #102: 84 -> 85 | Army: 15 | Target-Terrain: 0 | Target: 336 | Half: False
2026-06-02 09:44:00 [self-0003-0-attack] My general index: 83
2026-06-02 09:44:00 [self-0003-0-attack] Enemy general index: None
2026-06-02 09:44:00 [self-0003-0-attack] Visible enemy tiles: 1
2026-06-02 09:44:00 [self-0003-0-attack] Tiles: 42 / 43
2026-06-02 09:44:00 [self-0003-0-attack] Map: 20 x 21 Turn: 126
2026-06-02 09:44:00 [self-0003-0-attack] Route planned: Target = 336 Mode = reinforcement_waypoint city-free reachable tiles = 310 Fallback-Tiles = 313
2026-06-02 09:44:00 [self-0003-0-attack] Move #103: 110 -> 130 | Army: 21 | Target-Terrain: 0 | Target: 336 | Half: False
2026-06-02 09:44:00 [self-0003-0-attack] My general index: 83
2026-06-02 09:44:00 [self-0003-0-attack] Enemy general index: None
2026-06-02 09:44:00 [self-0003-0-attack] Visible enemy tiles: 1
2026-06-02 09:44:00 [self-0003-0-attack] Tiles: 42 / 43
2026-06-02 09:44:00 [self-0003-0-attack] Map: 20 x 21 Turn: 127
2026-06-02 09:44:00 [self-0003-0-attack] Route planned: Target = 336 Mode = reinforcement_waypoint city-free reachable tiles = 310 Fallback-Tiles = 313
2026-06-02 09:44:00 [self-0003-0-attack] Move #104: 109 -> 110 | Army: 2 | Target-Terrain: 0 | Target: 336 | Half: False
2026-06-02 09:44:01 [self-0003-0-attack] My general index: 83
2026-06-02 09:44:01 [self-0003-0-attack] Enemy general index: None
2026-06-02 09:44:01 [self-0003-0-attack] Visible enemy tiles: 1
2026-06-02 09:44:01 [self-0003-0-attack] Tiles: 42 / 43
2026-06-02 09:44:01 [self-0003-0-attack] Map: 20 x 21 Turn: 128
2026-06-02 09:44:01 [self-0003-0-attack] Route planned: Target = 336 Mode = reinforcement_waypoint city-free reachable tiles = 310 Fallback-Tiles = 313
2026-06-02 09:44:01 [self-0003-0-attack] Move #105: 151 -> 171 | Army: 3 | Target-Terrain: 0 | Target: 336 | Half: False
2026-06-02 09:44:01 [self-0003-0-attack] My general index: 83
2026-06-02 09:44:01 [self-0003-0-attack] Enemy general index: None
2026-06-02 09:44:01 [self-0003-0-attack] Visible enemy tiles: 1
2026-06-02 09:44:01 [self-0003-0-attack] Tiles: 42 / 43
2026-06-02 09:44:01 [self-0003-0-attack] Map: 20 x 21 Turn: 129
2026-06-02 09:44:01 [self-0003-0-attack] Route planned: Target = 336 Mode = reinforcement_waypoint city-free reachable tiles = 310 Fallback-Tiles = 313
2026-06-02 09:44:01 [self-0003-0-attack] Move #106: 88 -> 89 | Army: 19 | Target-Terrain: 0 | Target: 336 | Half: False
2026-06-02 09:44:02 [self-0003-0-attack] My general index: 83
2026-06-02 09:44:02 [self-0003-0-attack] Enemy general index: None
2026-06-02 09:44:02 [self-0003-0-attack] Visible enemy tiles: 1
2026-06-02 09:44:02 [self-0003-0-attack] Tiles: 42 / 43
2026-06-02 09:44:02 [self-0003-0-attack] Map: 20 x 21 Turn: 130
2026-06-02 09:44:02 [self-0003-0-attack] Route planned: Target = 336 Mode = reinforcement_waypoint city-free reachable tiles = 310 Fallback-Tiles = 313
2026-06-02 09:44:02 [self-0003-0-attack] Move #107: 85 -> 86 | Army: 15 | Target-Terrain: 0 | Target: 336 | Half: False
2026-06-02 09:44:02 [self-0003-0-attack] My general index: 83
2026-06-02 09:44:02 [self-0003-0-attack] Enemy general index: None
2026-06-02 09:44:02 [self-0003-0-attack] Visible enemy tiles: 1
2026-06-02 09:44:02 [self-0003-0-attack] Tiles: 42 / 43
2026-06-02 09:44:02 [self-0003-0-attack] Map: 20 x 21 Turn: 131
2026-06-02 09:44:02 [self-0003-0-attack] Route planned: Target = 336 Mode = reinforcement_waypoint city-free reachable tiles = 310 Fallback-Tiles = 313
2026-06-02 09:44:02 [self-0003-0-attack] Move #108: 130 -> 131 | Army: 21 | Target-Terrain: 0 | Target: 336 | Half: False
2026-06-02 09:44:03 [self-0003-0-attack] My general index: 83
2026-06-02 09:44:03 [self-0003-0-attack] Enemy general index: None
2026-06-02 09:44:03 [self-0003-0-attack] Visible enemy tiles: 1
2026-06-02 09:44:03 [self-0003-0-attack] Tiles: 42 / 43
2026-06-02 09:44:03 [self-0003-0-attack] Map: 20 x 21 Turn: 132
2026-06-02 09:44:03 [self-0003-0-attack] Route planned: Target = 336 Mode = reinforcement_waypoint city-free reachable tiles = 310 Fallback-Tiles = 313
2026-06-02 09:44:03 [self-0003-0-attack] Priority agent: fresh target pullback -12000, flow +6000 base = 37161 final = 31161
2026-06-02 09:44:03 [self-0003-0-attack] Move #109: 131 -> 151 | Army: 21 | Target-Terrain: 0 | Target: 336 | Half: False
2026-06-02 09:44:03 [self-0003-0-attack] My general index: 83
2026-06-02 09:44:03 [self-0003-0-attack] Enemy general index: None
2026-06-02 09:44:03 [self-0003-0-attack] Visible enemy tiles: 1
2026-06-02 09:44:03 [self-0003-0-attack] Tiles: 42 / 43
2026-06-02 09:44:03 [self-0003-0-attack] Map: 20 x 21 Turn: 133
2026-06-02 09:44:03 [self-0003-0-attack] Route planned: Target = 336 Mode = reinforcement_waypoint city-free reachable tiles = 310 Fallback-Tiles = 313
2026-06-02 09:44:03 [self-0003-0-attack] Move #110: 152 -> 172 | Army: 3 | Target-Terrain: 0 | Target: 336 | Half: False
2026-06-02 09:44:04 [self-0003-0-attack] My general index: 83
2026-06-02 09:44:04 [self-0003-0-attack] Enemy general index: None
2026-06-02 09:44:04 [self-0003-0-attack] Visible enemy tiles: 1
2026-06-02 09:44:04 [self-0003-0-attack] Tiles: 42 / 43
2026-06-02 09:44:04 [self-0003-0-attack] Map: 20 x 21 Turn: 134
2026-06-02 09:44:04 [self-0003-0-attack] Reinforcement waypoint: 236 final target = 336 turns until reinforcement = 16
2026-06-02 09:44:04 [self-0003-0-attack] Route planned: Target = 236 Mode = reinforcement_waypoint city-free reachable tiles = 310 Fallback-Tiles = 313
2026-06-02 09:44:04 [self-0003-0-attack] Move #111: 89 -> 90 | Army: 19 | Target-Terrain: 0 | Target: 236 | Half: False
2026-06-02 09:44:04 [self-0003-0-attack] My general index: 83
2026-06-02 09:44:04 [self-0003-0-attack] Enemy general index: None
2026-06-02 09:44:04 [self-0003-0-attack] Visible enemy tiles: 1
2026-06-02 09:44:04 [self-0003-0-attack] Tiles: 42 / 44
2026-06-02 09:44:04 [self-0003-0-attack] Map: 20 x 21 Turn: 135
2026-06-02 09:44:04 [self-0003-0-attack] Reinforcement waypoint: 235 final target = 336 turns until reinforcement = 15
2026-06-02 09:44:04 [self-0003-0-attack] Route planned: Target = 235 Mode = reinforcement_waypoint city-free reachable tiles = 310 Fallback-Tiles = 313
2026-06-02 09:44:04 [self-0003-0-attack] Move #112: 86 -> 87 | Army: 15 | Target-Terrain: 0 | Target: 235 | Half: False
2026-06-02 09:44:05 [self-0003-0-attack] My general index: 83
2026-06-02 09:44:05 [self-0003-0-attack] Enemy general index: None
2026-06-02 09:44:05 [self-0003-0-attack] Visible enemy tiles: 1
2026-06-02 09:44:05 [self-0003-0-attack] Tiles: 42 / 44
2026-06-02 09:44:05 [self-0003-0-attack] Map: 20 x 21 Turn: 136
2026-06-02 09:44:05 [self-0003-0-attack] Reinforcement waypoint: 234 final target = 336 turns until reinforcement = 14
2026-06-02 09:44:05 [self-0003-0-attack] Route planned: Target = 234 Mode = reinforcement_waypoint city-free reachable tiles = 310 Fallback-Tiles = 313
2026-06-02 09:44:05 [self-0003-0-attack] Move #113: 171 -> 172 | Army: 3 | Target-Terrain: 0 | Target: 234 | Half: False
2026-06-02 09:44:05 [self-0003-0-attack] My general index: 83
2026-06-02 09:44:05 [self-0003-0-attack] Enemy general index: None
2026-06-02 09:44:05 [self-0003-0-attack] Visible enemy tiles: 1
2026-06-02 09:44:05 [self-0003-0-attack] Tiles: 42 / 45
2026-06-02 09:44:05 [self-0003-0-attack] Map: 20 x 21 Turn: 137
2026-06-02 09:44:05 [self-0003-0-attack] Reinforcement waypoint: 233 final target = 336 turns until reinforcement = 13
2026-06-02 09:44:05 [self-0003-0-attack] Route planned: Target = 233 Mode = reinforcement_waypoint city-free reachable tiles = 310 Fallback-Tiles = 313
2026-06-02 09:44:05 [self-0003-0-attack] Move #114: 151 -> 152 | Army: 21 | Target-Terrain: 0 | Target: 233 | Half: False
2026-06-02 09:44:06 [self-0003-0-attack] My general index: 83
2026-06-02 09:44:06 [self-0003-0-attack] Enemy general index: None
2026-06-02 09:44:06 [self-0003-0-attack] Visible enemy tiles: 1
2026-06-02 09:44:06 [self-0003-0-attack] Tiles: 42 / 45
2026-06-02 09:44:06 [self-0003-0-attack] Map: 20 x 21 Turn: 138
2026-06-02 09:44:06 [self-0003-0-attack] Reinforcement waypoint: 232 final target = 336 turns until reinforcement = 12
2026-06-02 09:44:06 [self-0003-0-attack] Route planned: Target = 232 Mode = reinforcement_waypoint city-free reachable tiles = 310 Fallback-Tiles = 313
2026-06-02 09:44:06 [self-0003-0-attack] Move #115: 69 -> 70 | Army: 2 | Target-Terrain: 0 | Target: 232 | Half: False
2026-06-02 09:44:06 [self-0003-0-attack] My general index: 83
2026-06-02 09:44:06 [self-0003-0-attack] Enemy general index: None
2026-06-02 09:44:06 [self-0003-0-attack] Visible enemy tiles: 1
2026-06-02 09:44:06 [self-0003-0-attack] Tiles: 42 / 45
2026-06-02 09:44:06 [self-0003-0-attack] Map: 20 x 21 Turn: 139
2026-06-02 09:44:06 [self-0003-0-attack] Reinforcement waypoint: 212 final target = 336 turns until reinforcement = 11
2026-06-02 09:44:06 [self-0003-0-attack] Route planned: Target = 212 Mode = reinforcement_waypoint city-free reachable tiles = 310 Fallback-Tiles = 313
2026-06-02 09:44:06 [self-0003-0-attack] Move #116: 90 -> 110 | Army: 19 | Target-Terrain: 0 | Target: 212 | Half: False
2026-06-02 09:44:07 [self-0003-0-attack] My general index: 83
2026-06-02 09:44:07 [self-0003-0-attack] Enemy general index: None
2026-06-02 09:44:07 [self-0003-0-attack] Visible enemy tiles: 1
2026-06-02 09:44:07 [self-0003-0-attack] Tiles: 42 / 45
2026-06-02 09:44:07 [self-0003-0-attack] Map: 20 x 21 Turn: 140
2026-06-02 09:44:07 [self-0003-0-attack] Reinforcement waypoint: 212 final target = 336 turns until reinforcement = 10
2026-06-02 09:44:07 [self-0003-0-attack] Route planned: Target = 212 Mode = reinforcement_waypoint city-free reachable tiles = 310 Fallback-Tiles = 313
2026-06-02 09:44:07 [self-0003-0-attack] Move #117: 87 -> 88 | Army: 15 | Target-Terrain: 0 | Target: 212 | Half: False
2026-06-02 09:44:07 [self-0003-0-attack] My general index: 83
2026-06-02 09:44:07 [self-0003-0-attack] Enemy general index: None
2026-06-02 09:44:07 [self-0003-0-attack] Visible enemy tiles: 1
2026-06-02 09:44:07 [self-0003-0-attack] Tiles: 42 / 45
2026-06-02 09:44:07 [self-0003-0-attack] Map: 20 x 21 Turn: 141
2026-06-02 09:44:07 [self-0003-0-attack] Reinforcement waypoint: 212 final target = 336 turns until reinforcement = 9
2026-06-02 09:44:07 [self-0003-0-attack] Route planned: Target = 212 Mode = reinforcement_waypoint city-free reachable tiles = 310 Fallback-Tiles = 313
2026-06-02 09:44:07 [self-0003-0-attack] Move #118: 172 -> 192 | Army: 5 | Target-Terrain: 0 | Target: 212 | Half: False
2026-06-02 09:44:08 [self-0003-0-attack] My general index: 83
2026-06-02 09:44:08 [self-0003-0-attack] Enemy general index: None
2026-06-02 09:44:08 [self-0003-0-attack] Visible enemy tiles: 1
2026-06-02 09:44:08 [self-0003-0-attack] Tiles: 42 / 45
2026-06-02 09:44:08 [self-0003-0-attack] Map: 20 x 21 Turn: 142
2026-06-02 09:44:08 [self-0003-0-attack] Reinforcement waypoint: 212 final target = 336 turns until reinforcement = 8
2026-06-02 09:44:08 [self-0003-0-attack] Route planned: Target = 212 Mode = reinforcement_waypoint city-free reachable tiles = 310 Fallback-Tiles = 313
2026-06-02 09:44:08 [self-0003-0-attack] Priority agent: flow +6000 base = 89056 final = 95056
2026-06-02 09:44:08 [self-0003-0-attack] Move #119: 192 -> 212 | Army: 6 | Target-Terrain: 1 | Target: 212 | Half: False
2026-06-02 09:44:08 [self-0003-0-attack] My general index: 83
2026-06-02 09:44:08 [self-0003-0-attack] Enemy general index: None
2026-06-02 09:44:08 [self-0003-0-attack] Visible enemy tiles: 3
2026-06-02 09:44:08 [self-0003-0-attack] Tiles: 43 / 44
2026-06-02 09:44:08 [self-0003-0-attack] Map: 20 x 21 Turn: 143
2026-06-02 09:44:08 [self-0003-0-attack] Reinforcement waypoint: 232 final target = 336 turns until reinforcement = 7
2026-06-02 09:44:08 [self-0003-0-attack] Route planned: Target = 232 Mode = reinforcement_waypoint city-free reachable tiles = 310 Fallback-Tiles = 313
2026-06-02 09:44:08 [self-0003-0-attack] Priority agent: flow +6000 base = 88754 final = 94754
2026-06-02 09:44:08 [self-0003-0-attack] Move #120: 212 -> 232 | Army: 4 | Target-Terrain: 1 | Target: 232 | Half: False
2026-06-02 09:44:09 [self-0003-0-attack] My general index: 83
2026-06-02 09:44:09 [self-0003-0-attack] Enemy general index: None
2026-06-02 09:44:09 [self-0003-0-attack] Visible enemy tiles: 3
2026-06-02 09:44:09 [self-0003-0-attack] Tiles: 44 / 43
2026-06-02 09:44:09 [self-0003-0-attack] Map: 20 x 21 Turn: 144
2026-06-02 09:44:09 [self-0003-0-attack] Reinforcement waypoint: 172 final target = 336 turns until reinforcement = 6
2026-06-02 09:44:09 [self-0003-0-attack] Route planned: Target = 172 Mode = reinforcement_waypoint city-free reachable tiles = 310 Fallback-Tiles = 313
2026-06-02 09:44:09 [self-0003-0-attack] Move #121: 110 -> 130 | Army: 20 | Target-Terrain: 0 | Target: 172 | Half: False
2026-06-02 09:44:09 [self-0003-0-attack] My general index: 83
2026-06-02 09:44:09 [self-0003-0-attack] Enemy general index: None
2026-06-02 09:44:09 [self-0003-0-attack] Visible enemy tiles: 3
2026-06-02 09:44:09 [self-0003-0-attack] Tiles: 44 / 43
2026-06-02 09:44:09 [self-0003-0-attack] Map: 20 x 21 Turn: 145
2026-06-02 09:44:09 [self-0003-0-attack] Reinforcement waypoint: 172 final target = 231 turns until reinforcement = 5
2026-06-02 09:44:09 [self-0003-0-attack] Route planned: Target = 172 Mode = reinforcement_waypoint city-free reachable tiles = 310 Fallback-Tiles = 313
2026-06-02 09:44:09 [self-0003-0-attack] Move #122: 88 -> 89 | Army: 15 | Target-Terrain: 0 | Target: 172 | Half: False
2026-06-02 09:44:10 [self-0003-0-attack] My general index: 83
2026-06-02 09:44:10 [self-0003-0-attack] Enemy general index: None
2026-06-02 09:44:10 [self-0003-0-attack] Visible enemy tiles: 3
2026-06-02 09:44:10 [self-0003-0-attack] Tiles: 44 / 43
2026-06-02 09:44:10 [self-0003-0-attack] Map: 20 x 21 Turn: 146
2026-06-02 09:44:10 [self-0003-0-attack] Reinforcement waypoint: 172 final target = 231 turns until reinforcement = 4
2026-06-02 09:44:10 [self-0003-0-attack] Route planned: Target = 172 Mode = reinforcement_waypoint city-free reachable tiles = 310 Fallback-Tiles = 313
2026-06-02 09:44:10 [self-0003-0-attack] Move #123: 70 -> 90 | Army: 2 | Target-Terrain: 0 | Target: 172 | Half: False
2026-06-02 09:44:10 [self-0003-0-attack] Coach: balanced tiles 44/43 army 127/123 cities 0/0 enemy_city_suspect False bias {'expansion_bias': 0.2, 'city_bias': 0.1, 'attack_bias': 0.8, 'defense_bias': 0.0, 'route_bias': 0.8}
2026-06-02 09:44:10 [self-0003-0-attack] My general index: 83
2026-06-02 09:44:10 [self-0003-0-attack] Enemy general index: None
2026-06-02 09:44:10 [self-0003-0-attack] Visible enemy tiles: 3
2026-06-02 09:44:10 [self-0003-0-attack] Tiles: 44 / 43
2026-06-02 09:44:10 [self-0003-0-attack] Map: 20 x 21 Turn: 147
2026-06-02 09:44:10 [self-0003-0-attack] Reinforcement waypoint: 172 final target = 231 turns until reinforcement = 3
2026-06-02 09:44:10 [self-0003-0-attack] Route planned: Target = 172 Mode = reinforcement_waypoint city-free reachable tiles = 310 Fallback-Tiles = 313
2026-06-02 09:44:10 [self-0003-0-attack] Move #124: 107 -> 108 | Army: 2 | Target-Terrain: 0 | Target: 172 | Half: False
2026-06-02 09:44:11 [self-0003-0-attack] My general index: 83
2026-06-02 09:44:11 [self-0003-0-attack] Enemy general index: None
2026-06-02 09:44:11 [self-0003-0-attack] Visible enemy tiles: 3
2026-06-02 09:44:11 [self-0003-0-attack] Tiles: 44 / 43
2026-06-02 09:44:11 [self-0003-0-attack] Map: 20 x 21 Turn: 148
2026-06-02 09:44:11 [self-0003-0-attack] Reinforcement waypoint: 172 final target = 231 turns until reinforcement = 2
2026-06-02 09:44:11 [self-0003-0-attack] Route planned: Target = 172 Mode = reinforcement_waypoint city-free reachable tiles = 310 Fallback-Tiles = 313
2026-06-02 09:44:11 [self-0003-0-attack] Move #125: 152 -> 172 | Army: 21 | Target-Terrain: 0 | Target: 172 | Half: False
2026-06-02 09:44:11 [self-0003-0-attack] My general index: 83
2026-06-02 09:44:11 [self-0003-0-attack] Enemy general index: None
2026-06-02 09:44:11 [self-0003-0-attack] Visible enemy tiles: 3
2026-06-02 09:44:11 [self-0003-0-attack] Tiles: 44 / 43
2026-06-02 09:44:11 [self-0003-0-attack] Map: 20 x 21 Turn: 149
2026-06-02 09:44:11 [self-0003-0-attack] Reinforcement waypoint: 192 final target = 231 turns until reinforcement = 1
2026-06-02 09:44:11 [self-0003-0-attack] Route planned: Target = 192 Mode = reinforcement_waypoint city-free reachable tiles = 310 Fallback-Tiles = 313
2026-06-02 09:44:11 [self-0003-0-attack] Move #126: 130 -> 131 | Army: 20 | Target-Terrain: 0 | Target: 192 | Half: False
2026-06-02 09:44:12 [self-0003-0-attack] My general index: 83
2026-06-02 09:44:12 [self-0003-0-attack] Enemy general index: None
2026-06-02 09:44:12 [self-0003-0-attack] Visible enemy tiles: 3
2026-06-02 09:44:12 [self-0003-0-attack] Tiles: 44 / 43
2026-06-02 09:44:12 [self-0003-0-attack] Map: 20 x 21 Turn: 150
2026-06-02 09:44:12 [self-0003-0-attack] Route planned: Target = 231 Mode = strategy city-free reachable tiles = 310 Fallback-Tiles = 313
2026-06-02 09:44:12 [self-0003-0-attack] Move #127: 212 -> 211 | Army: 2 | Target-Terrain: -1 | Target: 231 | Half: False
2026-06-02 09:44:12 [self-0003-0-attack] My general index: 83
2026-06-02 09:44:12 [self-0003-0-attack] Enemy general index: None
2026-06-02 09:44:12 [self-0003-0-attack] Visible enemy tiles: 3
2026-06-02 09:44:12 [self-0003-0-attack] Tiles: 45 / 43
2026-06-02 09:44:12 [self-0003-0-attack] Map: 20 x 21 Turn: 151
2026-06-02 09:44:12 [self-0003-0-attack] Route planned: Target = 231 Mode = strategy city-free reachable tiles = 310 Fallback-Tiles = 313
2026-06-02 09:44:12 [self-0003-0-attack] Move #128: 170 -> 190 | Army: 2 | Target-Terrain: -1 | Target: 231 | Half: False
2026-06-02 09:44:13 [self-0003-0-attack] My general index: 83
2026-06-02 09:44:13 [self-0003-0-attack] Enemy general index: None
2026-06-02 09:44:13 [self-0003-0-attack] Visible enemy tiles: 3
2026-06-02 09:44:13 [self-0003-0-attack] Tiles: 46 / 43
2026-06-02 09:44:13 [self-0003-0-attack] Map: 20 x 21 Turn: 152
2026-06-02 09:44:13 [self-0003-0-attack] Route planned: Target = 231 Mode = strategy city-free reachable tiles = 310 Fallback-Tiles = 313
2026-06-02 09:44:13 [self-0003-0-attack] Move #129: 147 -> 167 | Army: 2 | Target-Terrain: -1 | Target: 231 | Half: False
2026-06-02 09:44:13 [self-0003-0-attack] My general index: 83
2026-06-02 09:44:13 [self-0003-0-attack] Enemy general index: None
2026-06-02 09:44:13 [self-0003-0-attack] Visible enemy tiles: 3
2026-06-02 09:44:13 [self-0003-0-attack] Tiles: 47 / 43
2026-06-02 09:44:13 [self-0003-0-attack] Map: 20 x 21 Turn: 153
2026-06-02 09:44:13 [self-0003-0-attack] Route planned: Target = 231 Mode = strategy city-free reachable tiles = 310 Fallback-Tiles = 313
2026-06-02 09:44:13 [self-0003-0-attack] Move #130: 71 -> 91 | Army: 2 | Target-Terrain: -1 | Target: 231 | Half: False
2026-06-02 09:44:14 [self-0003-0-attack] My general index: 83
2026-06-02 09:44:14 [self-0003-0-attack] Enemy general index: None
2026-06-02 09:44:14 [self-0003-0-attack] Visible enemy tiles: 3
2026-06-02 09:44:14 [self-0003-0-attack] Tiles: 47 / 44
2026-06-02 09:44:14 [self-0003-0-attack] Map: 20 x 21 Turn: 154
2026-06-02 09:44:14 [self-0003-0-attack] Route planned: Target = 231 Mode = strategy city-free reachable tiles = 310 Fallback-Tiles = 313
2026-06-02 09:44:14 [self-0003-0-attack] Move #131: 144 -> 164 | Army: 2 | Target-Terrain: -1 | Target: 231 | Half: False
2026-06-02 09:44:14 [self-0003-0-attack] My general index: 83
2026-06-02 09:44:14 [self-0003-0-attack] Enemy general index: None
2026-06-02 09:44:14 [self-0003-0-attack] Visible enemy tiles: 3
2026-06-02 09:44:14 [self-0003-0-attack] Tiles: 48 / 45
2026-06-02 09:44:14 [self-0003-0-attack] Map: 20 x 21 Turn: 155
2026-06-02 09:44:14 [self-0003-0-attack] Route planned: Target = 231 Mode = strategy city-free reachable tiles = 310 Fallback-Tiles = 313
2026-06-02 09:44:14 [self-0003-0-attack] Move #132: 131 -> 151 | Army: 21 | Target-Terrain: 0 | Target: 231 | Half: False
2026-06-02 09:44:15 [self-0003-0-attack] My general index: 83
2026-06-02 09:44:15 [self-0003-0-attack] Enemy general index: None
2026-06-02 09:44:15 [self-0003-0-attack] Visible enemy tiles: 3
2026-06-02 09:44:15 [self-0003-0-attack] Tiles: 48 / 46
2026-06-02 09:44:15 [self-0003-0-attack] Map: 20 x 21 Turn: 156
2026-06-02 09:44:15 [self-0003-0-attack] Route planned: Target = 231 Mode = strategy city-free reachable tiles = 310 Fallback-Tiles = 313
2026-06-02 09:44:15 [self-0003-0-attack] Move #133: 172 -> 192 | Army: 22 | Target-Terrain: 0 | Target: 231 | Half: False
2026-06-02 09:44:15 [self-0003-0-attack] My general index: 83
2026-06-02 09:44:15 [self-0003-0-attack] Enemy general index: None
2026-06-02 09:44:15 [self-0003-0-attack] Visible enemy tiles: 3
2026-06-02 09:44:15 [self-0003-0-attack] Tiles: 48 / 46
2026-06-02 09:44:15 [self-0003-0-attack] Map: 20 x 21 Turn: 157
2026-06-02 09:44:15 [self-0003-0-attack] Route planned: Target = 231 Mode = strategy city-free reachable tiles = 310 Fallback-Tiles = 313
2026-06-02 09:44:15 [self-0003-0-attack] Move #134: 89 -> 90 | Army: 16 | Target-Terrain: 0 | Target: 231 | Half: False
2026-06-02 09:44:16 [self-0003-0-attack] My general index: 83
2026-06-02 09:44:16 [self-0003-0-attack] Enemy general index: None
2026-06-02 09:44:16 [self-0003-0-attack] Visible enemy tiles: 3
2026-06-02 09:44:16 [self-0003-0-attack] Tiles: 48 / 46
2026-06-02 09:44:16 [self-0003-0-attack] Map: 20 x 21 Turn: 158
2026-06-02 09:44:16 [self-0003-0-attack] Route planned: Target = 231 Mode = strategy city-free reachable tiles = 310 Fallback-Tiles = 313
2026-06-02 09:44:16 [self-0003-0-attack] Move #135: 150 -> 170 | Army: 2 | Target-Terrain: 0 | Target: 231 | Half: False
2026-06-02 09:44:16 [self-0003-0-attack] My general index: 83
2026-06-02 09:44:16 [self-0003-0-attack] Enemy general index: None
2026-06-02 09:44:16 [self-0003-0-attack] Visible enemy tiles: 3
2026-06-02 09:44:16 [self-0003-0-attack] Tiles: 48 / 46
2026-06-02 09:44:16 [self-0003-0-attack] Map: 20 x 21 Turn: 159
2026-06-02 09:44:16 [self-0003-0-attack] Route planned: Target = 231 Mode = strategy city-free reachable tiles = 310 Fallback-Tiles = 313
2026-06-02 09:44:16 [self-0003-0-attack] Move #136: 171 -> 172 | Army: 2 | Target-Terrain: 0 | Target: 231 | Half: False
2026-06-02 09:44:17 [self-0003-0-attack] My general index: 83
2026-06-02 09:44:17 [self-0003-0-attack] Enemy general index: None
2026-06-02 09:44:17 [self-0003-0-attack] Visible enemy tiles: 3
2026-06-02 09:44:17 [self-0003-0-attack] Tiles: 48 / 46
2026-06-02 09:44:17 [self-0003-0-attack] Map: 20 x 21 Turn: 160
2026-06-02 09:44:17 [self-0003-0-attack] Route planned: Target = 231 Mode = strategy city-free reachable tiles = 310 Fallback-Tiles = 313
2026-06-02 09:44:17 [self-0003-0-attack] Move #137: 151 -> 152 | Army: 22 | Target-Terrain: 0 | Target: 231 | Half: False
2026-06-02 09:44:17 [self-0003-0-attack] My general index: 83
2026-06-02 09:44:17 [self-0003-0-attack] Enemy general index: None
2026-06-02 09:44:17 [self-0003-0-attack] Visible enemy tiles: 3
2026-06-02 09:44:17 [self-0003-0-attack] Tiles: 48 / 46
2026-06-02 09:44:17 [self-0003-0-attack] Map: 20 x 21 Turn: 161
2026-06-02 09:44:17 [self-0003-0-attack] Route planned: Target = 231 Mode = strategy city-free reachable tiles = 310 Fallback-Tiles = 313
2026-06-02 09:44:17 [self-0003-0-attack] Move #138: 192 -> 212 | Army: 23 | Target-Terrain: 0 | Target: 231 | Half: False
2026-06-02 09:44:18 [self-0003-0-attack] My general index: 83
2026-06-02 09:44:18 [self-0003-0-attack] Enemy general index: None
2026-06-02 09:44:18 [self-0003-0-attack] Visible enemy tiles: 4
2026-06-02 09:44:18 [self-0003-0-attack] Tiles: 47 / 47
2026-06-02 09:44:18 [self-0003-0-attack] Map: 20 x 21 Turn: 162
2026-06-02 09:44:18 [self-0003-0-attack] Route planned: Target = 231 Mode = strategy city-free reachable tiles = 310 Fallback-Tiles = 313
2026-06-02 09:44:18 [self-0003-0-attack] Priority agent: flow +6000 base = 71233 final = 77233
2026-06-02 09:44:18 [self-0003-0-attack] Move #139: 212 -> 232 | Army: 23 | Target-Terrain: 1 | Target: 231 | Half: False
2026-06-02 09:44:18 [self-0003-0-attack] My general index: 83
2026-06-02 09:44:18 [self-0003-0-attack] Enemy general index: None
2026-06-02 09:44:18 [self-0003-0-attack] Visible enemy tiles: 4
2026-06-02 09:44:18 [self-0003-0-attack] Tiles: 48 / 46
2026-06-02 09:44:18 [self-0003-0-attack] Map: 20 x 21 Turn: 163
2026-06-02 09:44:18 [self-0003-0-attack] Route planned: Target = 211 Mode = strategy city-free reachable tiles = 310 Fallback-Tiles = 313
2026-06-02 09:44:18 [self-0003-0-attack] Priority agent: flow +6000 base = 71531 final = 77531
2026-06-02 09:44:18 [self-0003-0-attack] Move #140: 232 -> 231 | Army: 21 | Target-Terrain: 1 | Target: 211 | Half: False
2026-06-02 09:44:19 [self-0003-0-attack] My general index: 83
2026-06-02 09:44:19 [self-0003-0-attack] Enemy general index: None
2026-06-02 09:44:19 [self-0003-0-attack] Visible enemy tiles: 3
2026-06-02 09:44:19 [self-0003-0-attack] Tiles: 49 / 45
2026-06-02 09:44:19 [self-0003-0-attack] Map: 20 x 21 Turn: 164
2026-06-02 09:44:19 [self-0003-0-attack] Route planned: Target = 211 Mode = strategy city-free reachable tiles = 310 Fallback-Tiles = 313
2026-06-02 09:44:19 [self-0003-0-attack] Priority agent: flow +6000 base = 71269 final = 77269
2026-06-02 09:44:19 [self-0003-0-attack] Move #141: 231 -> 211 | Army: 19 | Target-Terrain: 1 | Target: 211 | Half: False
2026-06-02 09:44:19 [self-0003-0-attack] My general index: 83
2026-06-02 09:44:19 [self-0003-0-attack] Enemy general index: None
2026-06-02 09:44:19 [self-0003-0-attack] Visible enemy tiles: 2
2026-06-02 09:44:19 [self-0003-0-attack] Tiles: 50 / 44
2026-06-02 09:44:19 [self-0003-0-attack] Map: 20 x 21 Turn: 165
2026-06-02 09:44:19 [self-0003-0-attack] Route planned: Target = 233 Mode = strategy city-free reachable tiles = 310 Fallback-Tiles = 313
2026-06-02 09:44:19 [self-0003-0-attack] Move #142: 152 -> 172 | Army: 23 | Target-Terrain: 0 | Target: 233 | Half: False
2026-06-02 09:44:20 [self-0003-0-attack] My general index: 83
2026-06-02 09:44:20 [self-0003-0-attack] Enemy general index: None
2026-06-02 09:44:20 [self-0003-0-attack] Visible enemy tiles: 2
2026-06-02 09:44:20 [self-0003-0-attack] Tiles: 50 / 45
2026-06-02 09:44:20 [self-0003-0-attack] Map: 20 x 21 Turn: 166
2026-06-02 09:44:20 [self-0003-0-attack] Route planned: Target = 233 Mode = strategy city-free reachable tiles = 310 Fallback-Tiles = 313
2026-06-02 09:44:20 [self-0003-0-attack] Move #143: 90 -> 110 | Army: 18 | Target-Terrain: 0 | Target: 233 | Half: False
2026-06-02 09:44:20 [self-0003-0-attack] My general index: 83
2026-06-02 09:44:20 [self-0003-0-attack] Enemy general index: None
2026-06-02 09:44:20 [self-0003-0-attack] Visible enemy tiles: 2
2026-06-02 09:44:20 [self-0003-0-attack] Tiles: 50 / 45
2026-06-02 09:44:20 [self-0003-0-attack] Map: 20 x 21 Turn: 167
2026-06-02 09:44:20 [self-0003-0-attack] Route planned: Target = 233 Mode = strategy city-free reachable tiles = 310 Fallback-Tiles = 313
2026-06-02 09:44:20 [self-0003-0-attack] Move #144: 83 -> 84 | Army: 25 | Target-Terrain: 0 | Target: 233 | Half: False
2026-06-02 09:44:21 [self-0003-0-attack] My general index: 83
2026-06-02 09:44:21 [self-0003-0-attack] Enemy general index: None
2026-06-02 09:44:21 [self-0003-0-attack] Visible enemy tiles: 2
2026-06-02 09:44:21 [self-0003-0-attack] Tiles: 50 / 45
2026-06-02 09:44:21 [self-0003-0-attack] Map: 20 x 21 Turn: 168
2026-06-02 09:44:21 [self-0003-0-attack] Route planned: Target = 233 Mode = strategy city-free reachable tiles = 310 Fallback-Tiles = 313
2026-06-02 09:44:21 [self-0003-0-attack] Move #145: 170 -> 171 | Army: 2 | Target-Terrain: 0 | Target: 233 | Half: False
2026-06-02 09:44:21 [self-0003-0-attack] My general index: 83
2026-06-02 09:44:21 [self-0003-0-attack] Enemy general index: None
2026-06-02 09:44:21 [self-0003-0-attack] Visible enemy tiles: 2
2026-06-02 09:44:21 [self-0003-0-attack] Tiles: 50 / 45
2026-06-02 09:44:21 [self-0003-0-attack] Map: 20 x 21 Turn: 169
2026-06-02 09:44:21 [self-0003-0-attack] Route planned: Target = 233 Mode = strategy city-free reachable tiles = 310 Fallback-Tiles = 313
2026-06-02 09:44:21 [self-0003-0-attack] Move #146: 211 -> 212 | Army: 17 | Target-Terrain: 0 | Target: 233 | Half: False
2026-06-02 09:44:22 [self-0003-0-attack] My general index: 83
2026-06-02 09:44:22 [self-0003-0-attack] Enemy general index: None
2026-06-02 09:44:22 [self-0003-0-attack] Visible enemy tiles: 2
2026-06-02 09:44:22 [self-0003-0-attack] Tiles: 50 / 45
2026-06-02 09:44:22 [self-0003-0-attack] Map: 20 x 21 Turn: 170
2026-06-02 09:44:22 [self-0003-0-attack] Route planned: Target = 233 Mode = strategy city-free reachable tiles = 310 Fallback-Tiles = 313
2026-06-02 09:44:22 [self-0003-0-attack] Move #147: 130 -> 131 | Army: 2 | Target-Terrain: 0 | Target: 233 | Half: False
2026-06-02 09:44:22 [self-0003-0-attack] My general index: 83
2026-06-02 09:44:22 [self-0003-0-attack] Enemy general index: None
2026-06-02 09:44:22 [self-0003-0-attack] Visible enemy tiles: 2
2026-06-02 09:44:22 [self-0003-0-attack] Tiles: 50 / 45
2026-06-02 09:44:22 [self-0003-0-attack] Map: 20 x 21 Turn: 171
2026-06-02 09:44:22 [self-0003-0-attack] Route planned: Target = 233 Mode = strategy city-free reachable tiles = 310 Fallback-Tiles = 313
2026-06-02 09:44:22 [self-0003-0-attack] Move #148: 172 -> 192 | Army: 24 | Target-Terrain: 0 | Target: 233 | Half: False
2026-06-02 09:44:23 [self-0003-0-attack] My general index: 83
2026-06-02 09:44:23 [self-0003-0-attack] Enemy general index: None
2026-06-02 09:44:23 [self-0003-0-attack] Visible enemy tiles: 2
2026-06-02 09:44:23 [self-0003-0-attack] Tiles: 50 / 45
2026-06-02 09:44:23 [self-0003-0-attack] Map: 20 x 21 Turn: 172
2026-06-02 09:44:23 [self-0003-0-attack] Route planned: Target = 233 Mode = strategy city-free reachable tiles = 310 Fallback-Tiles = 313
2026-06-02 09:44:23 [self-0003-0-attack] Priority agent: flow +6000 base = 29914 final = 35914
2026-06-02 09:44:23 [self-0003-0-attack] Move #149: 192 -> 193 | Army: 24 | Target-Terrain: -1 | Target: 233 | Half: False
2026-06-02 09:44:23 [self-0003-0-attack] My general index: 83
2026-06-02 09:44:23 [self-0003-0-attack] Enemy general index: None
2026-06-02 09:44:23 [self-0003-0-attack] Visible enemy tiles: 3
2026-06-02 09:44:23 [self-0003-0-attack] Tiles: 51 / 45
2026-06-02 09:44:23 [self-0003-0-attack] Map: 20 x 21 Turn: 173
2026-06-02 09:44:23 [self-0003-0-attack] Route planned: Target = 214 Mode = strategy city-free reachable tiles = 310 Fallback-Tiles = 313
2026-06-02 09:44:23 [self-0003-0-attack] Move #150: 72 -> 73 | Army: 2 | Target-Terrain: -1 | Target: 214 | Half: False
2026-06-02 09:44:24 [self-0003-0-attack] My general index: 83
2026-06-02 09:44:24 [self-0003-0-attack] Enemy general index: None
2026-06-02 09:44:24 [self-0003-0-attack] Visible enemy tiles: 3
2026-06-02 09:44:24 [self-0003-0-attack] Tiles: 52 / 45
2026-06-02 09:44:24 [self-0003-0-attack] Map: 20 x 21 Turn: 174
2026-06-02 09:44:24 [self-0003-0-attack] Route planned: Target = 214 Mode = strategy city-free reachable tiles = 310 Fallback-Tiles = 313
2026-06-02 09:44:24 [self-0003-0-attack] Move #151: 110 -> 130 | Army: 19 | Target-Terrain: 0 | Target: 214 | Half: False
2026-06-02 09:44:24 [self-0003-0-attack] My general index: 83
2026-06-02 09:44:24 [self-0003-0-attack] Enemy general index: None
2026-06-02 09:44:24 [self-0003-0-attack] Visible enemy tiles: 3
2026-06-02 09:44:24 [self-0003-0-attack] Tiles: 52 / 45
2026-06-02 09:44:24 [self-0003-0-attack] Map: 20 x 21 Turn: 175
2026-06-02 09:44:24 [self-0003-0-attack] Route planned: Target = 214 Mode = strategy city-free reachable tiles = 310 Fallback-Tiles = 313
2026-06-02 09:44:24 [self-0003-0-attack] Move #152: 171 -> 172 | Army: 2 | Target-Terrain: 0 | Target: 214 | Half: False
2026-06-02 09:44:25 [self-0003-0-attack] My general index: 83
2026-06-02 09:44:25 [self-0003-0-attack] Enemy general index: None
2026-06-02 09:44:25 [self-0003-0-attack] Visible enemy tiles: 3
2026-06-02 09:44:25 [self-0003-0-attack] Tiles: 52 / 45
2026-06-02 09:44:25 [self-0003-0-attack] Map: 20 x 21 Turn: 176
2026-06-02 09:44:25 [self-0003-0-attack] Route planned: Target = 214 Mode = strategy city-free reachable tiles = 310 Fallback-Tiles = 313
2026-06-02 09:44:25 [self-0003-0-attack] Move #153: 84 -> 85 | Army: 26 | Target-Terrain: 0 | Target: 214 | Half: False
2026-06-02 09:44:25 [self-0003-0-attack] My general index: 83
2026-06-02 09:44:25 [self-0003-0-attack] Enemy general index: None
2026-06-02 09:44:25 [self-0003-0-attack] Visible enemy tiles: 3
2026-06-02 09:44:25 [self-0003-0-attack] Tiles: 52 / 45
2026-06-02 09:44:25 [self-0003-0-attack] Map: 20 x 21 Turn: 177
2026-06-02 09:44:25 [self-0003-0-attack] Route planned: Target = 214 Mode = strategy city-free reachable tiles = 310 Fallback-Tiles = 313
2026-06-02 09:44:25 [self-0003-0-attack] Move #154: 131 -> 151 | Army: 2 | Target-Terrain: 0 | Target: 214 | Half: False
2026-06-02 09:44:26 [self-0003-0-attack] My general index: 83
2026-06-02 09:44:26 [self-0003-0-attack] Enemy general index: None
2026-06-02 09:44:26 [self-0003-0-attack] Visible enemy tiles: 3
2026-06-02 09:44:26 [self-0003-0-attack] Tiles: 52 / 45
2026-06-02 09:44:26 [self-0003-0-attack] Map: 20 x 21 Turn: 178
2026-06-02 09:44:26 [self-0003-0-attack] Route planned: Target = 214 Mode = strategy city-free reachable tiles = 310 Fallback-Tiles = 313
2026-06-02 09:44:26 [self-0003-0-attack] Move #155: 149 -> 150 | Army: 2 | Target-Terrain: 0 | Target: 214 | Half: False
2026-06-02 09:44:26 [self-0003-0-attack] My general index: 83
2026-06-02 09:44:26 [self-0003-0-attack] Enemy general index: None
2026-06-02 09:44:26 [self-0003-0-attack] Visible enemy tiles: 3
2026-06-02 09:44:26 [self-0003-0-attack] Tiles: 52 / 45
2026-06-02 09:44:26 [self-0003-0-attack] Map: 20 x 21 Turn: 179
2026-06-02 09:44:26 [self-0003-0-attack] Route planned: Target = 214 Mode = strategy city-free reachable tiles = 310 Fallback-Tiles = 313
2026-06-02 09:44:26 [self-0003-0-attack] Move #156: 130 -> 150 | Army: 19 | Target-Terrain: 0 | Target: 214 | Half: False
2026-06-02 09:44:27 [self-0003-0-attack] My general index: 83
2026-06-02 09:44:27 [self-0003-0-attack] Enemy general index: None
2026-06-02 09:44:27 [self-0003-0-attack] Visible enemy tiles: 3
2026-06-02 09:44:27 [self-0003-0-attack] Tiles: 52 / 45
2026-06-02 09:44:27 [self-0003-0-attack] Map: 20 x 21 Turn: 180
2026-06-02 09:44:27 [self-0003-0-attack] Route planned: Target = 214 Mode = strategy city-free reachable tiles = 310 Fallback-Tiles = 313
2026-06-02 09:44:27 [self-0003-0-attack] Priority agent: fresh target pullback -12000, flow +6000 base = 37700 final = 31700
2026-06-02 09:44:27 [self-0003-0-attack] Move #157: 150 -> 151 | Army: 20 | Target-Terrain: 0 | Target: 214 | Half: False
2026-06-02 09:44:27 [self-0003-0-attack] My general index: 83
2026-06-02 09:44:27 [self-0003-0-attack] Enemy general index: None
2026-06-02 09:44:27 [self-0003-0-attack] Visible enemy tiles: 3
2026-06-02 09:44:27 [self-0003-0-attack] Tiles: 52 / 45
2026-06-02 09:44:27 [self-0003-0-attack] Map: 20 x 21 Turn: 181
2026-06-02 09:44:27 [self-0003-0-attack] Route planned: Target = 214 Mode = strategy city-free reachable tiles = 310 Fallback-Tiles = 313
2026-06-02 09:44:27 [self-0003-0-attack] Move #158: 85 -> 86 | Army: 27 | Target-Terrain: 0 | Target: 214 | Half: False
2026-06-02 09:44:28 [self-0003-0-attack] My general index: 83
2026-06-02 09:44:28 [self-0003-0-attack] Enemy general index: None
2026-06-02 09:44:28 [self-0003-0-attack] Visible enemy tiles: 3
2026-06-02 09:44:28 [self-0003-0-attack] Tiles: 51 / 46
2026-06-02 09:44:28 [self-0003-0-attack] Map: 20 x 21 Turn: 182
2026-06-02 09:44:28 [self-0003-0-attack] Route planned: Target = 214 Mode = strategy city-free reachable tiles = 310 Fallback-Tiles = 313
2026-06-02 09:44:28 [self-0003-0-attack] Move #159: 129 -> 130 | Army: 2 | Target-Terrain: 0 | Target: 214 | Half: False
2026-06-02 09:44:28 [self-0003-0-attack] My general index: 83
2026-06-02 09:44:28 [self-0003-0-attack] Enemy general index: None
2026-06-02 09:44:28 [self-0003-0-attack] Visible enemy tiles: 3
2026-06-02 09:44:28 [self-0003-0-attack] Tiles: 50 / 47
2026-06-02 09:44:28 [self-0003-0-attack] Map: 20 x 21 Turn: 183
2026-06-02 09:44:28 [self-0003-0-attack] Route planned: Target = 214 Mode = strategy city-free reachable tiles = 310 Fallback-Tiles = 313
2026-06-02 09:44:28 [self-0003-0-attack] Move #160: 109 -> 110 | Army: 2 | Target-Terrain: 0 | Target: 214 | Half: False
2026-06-02 09:44:29 [self-0003-0-attack] My general index: 83
2026-06-02 09:44:29 [self-0003-0-attack] Enemy general index: None
2026-06-02 09:44:29 [self-0003-0-attack] Visible enemy tiles: 4
2026-06-02 09:44:29 [self-0003-0-attack] Tiles: 49 / 48
2026-06-02 09:44:29 [self-0003-0-attack] Map: 20 x 21 Turn: 184
2026-06-02 09:44:29 [self-0003-0-attack] Reinforcement waypoint: 214 final target = 214 turns until reinforcement = 16
2026-06-02 09:44:29 [self-0003-0-attack] Route planned: Target = 214 Mode = reinforcement_waypoint city-free reachable tiles = 310 Fallback-Tiles = 313
2026-06-02 09:44:29 [self-0003-0-attack] Move #161: 108 -> 109 | Army: 3 | Target-Terrain: 0 | Target: 214 | Half: False
2026-06-02 09:44:29 [self-0003-0-attack] My general index: 83
2026-06-02 09:44:29 [self-0003-0-attack] Enemy general index: None
2026-06-02 09:44:29 [self-0003-0-attack] Visible enemy tiles: 5
2026-06-02 09:44:29 [self-0003-0-attack] Tiles: 49 / 49
2026-06-02 09:44:29 [self-0003-0-attack] Map: 20 x 21 Turn: 185
2026-06-02 09:44:29 [self-0003-0-attack] Reinforcement waypoint: 234 final target = 214 turns until reinforcement = 15
2026-06-02 09:44:29 [self-0003-0-attack] Route planned: Target = 234 Mode = reinforcement_waypoint city-free reachable tiles = 310 Fallback-Tiles = 313
2026-06-02 09:44:29 [self-0003-0-attack] Move #162: 151 -> 152 | Army: 21 | Target-Terrain: 0 | Target: 234 | Half: False
2026-06-02 09:44:30 [self-0003-0-attack] My general index: 83
2026-06-02 09:44:30 [self-0003-0-attack] Enemy general index: None
2026-06-02 09:44:30 [self-0003-0-attack] Visible enemy tiles: 6
2026-06-02 09:44:30 [self-0003-0-attack] Tiles: 48 / 50
2026-06-02 09:44:30 [self-0003-0-attack] Map: 20 x 21 Turn: 186
2026-06-02 09:44:30 [self-0003-0-attack] Reinforcement waypoint: 233 final target = 214 turns until reinforcement = 14
2026-06-02 09:44:30 [self-0003-0-attack] Route planned: Target = 233 Mode = reinforcement_waypoint city-free reachable tiles = 310 Fallback-Tiles = 313
2026-06-02 09:44:30 [self-0003-0-attack] Move #163: 86 -> 87 | Army: 28 | Target-Terrain: 0 | Target: 233 | Half: False
2026-06-02 09:44:30 [self-0003-0-attack] My general index: 83
2026-06-02 09:44:30 [self-0003-0-attack] Enemy general index: None
2026-06-02 09:44:30 [self-0003-0-attack] Visible enemy tiles: 7
2026-06-02 09:44:30 [self-0003-0-attack] Tiles: 47 / 51
2026-06-02 09:44:30 [self-0003-0-attack] Map: 20 x 21 Turn: 187
2026-06-02 09:44:30 [self-0003-0-attack] Reinforcement waypoint: 232 final target = 214 turns until reinforcement = 13
2026-06-02 09:44:30 [self-0003-0-attack] Route planned: Target = 232 Mode = reinforcement_waypoint city-free reachable tiles = 310 Fallback-Tiles = 313
2026-06-02 09:44:31 [self-0003-0-attack] Move #164: 193 -> 192 | Army: 23 | Target-Terrain: 0 | Target: 232 | Half: False
2026-06-02 09:44:31 [self-0003-0-attack] My general index: 83
2026-06-02 09:44:31 [self-0003-0-attack] Enemy general index: None
2026-06-02 09:44:31 [self-0003-0-attack] Visible enemy tiles: 7
2026-06-02 09:44:31 [self-0003-0-attack] Tiles: 46 / 52
2026-06-02 09:44:31 [self-0003-0-attack] Map: 20 x 21 Turn: 188
2026-06-02 09:44:31 [self-0003-0-attack] Reinforcement waypoint: 232 final target = 214 turns until reinforcement = 12
2026-06-02 09:44:31 [self-0003-0-attack] Route planned: Target = 232 Mode = reinforcement_waypoint city-free reachable tiles = 310 Fallback-Tiles = 313
2026-06-02 09:44:31 [self-0003-0-attack] Priority agent: flow +6000 base = 88033 final = 94033
2026-06-02 09:44:31 [self-0003-0-attack] Move #165: 192 -> 212 | Army: 23 | Target-Terrain: 1 | Target: 232 | Half: False
2026-06-02 09:44:31 [self-0003-0-attack] My general index: 83
2026-06-02 09:44:31 [self-0003-0-attack] Enemy general index: None
2026-06-02 09:44:31 [self-0003-0-attack] Visible enemy tiles: 8
2026-06-02 09:44:31 [self-0003-0-attack] Tiles: 46 / 52
2026-06-02 09:44:31 [self-0003-0-attack] Map: 20 x 21 Turn: 189
2026-06-02 09:44:31 [self-0003-0-attack] Reinforcement waypoint: 232 final target = 214 turns until reinforcement = 11
2026-06-02 09:44:31 [self-0003-0-attack] Route planned: Target = 232 Mode = reinforcement_waypoint city-free reachable tiles = 310 Fallback-Tiles = 313
2026-06-02 09:44:32 [self-0003-0-attack] Priority agent: flow +6000 base = 87771 final = 93771
2026-06-02 09:44:32 [self-0003-0-attack] Move #166: 212 -> 232 | Army: 21 | Target-Terrain: 1 | Target: 232 | Half: False
2026-06-02 09:44:32 [self-0003-0-attack] My general index: 83
2026-06-02 09:44:32 [self-0003-0-attack] Enemy general index: None
2026-06-02 09:44:32 [self-0003-0-attack] Visible enemy tiles: 9
2026-06-02 09:44:32 [self-0003-0-attack] Tiles: 46 / 52
2026-06-02 09:44:32 [self-0003-0-attack] Map: 20 x 21 Turn: 190
2026-06-02 09:44:32 [self-0003-0-attack] Reinforcement waypoint: 233 final target = 214 turns until reinforcement = 10
2026-06-02 09:44:32 [self-0003-0-attack] Route planned: Target = 233 Mode = reinforcement_waypoint city-free reachable tiles = 310 Fallback-Tiles = 313
2026-06-02 09:44:32 [self-0003-0-attack] Priority agent: flow +6000 base = 100369 final = 106369
2026-06-02 09:44:32 [self-0003-0-attack] Move #167: 232 -> 233 | Army: 19 | Target-Terrain: 1 | Target: 233 | Half: False
2026-06-02 09:44:32 [self-0003-0-attack] My general index: 83
2026-06-02 09:44:32 [self-0003-0-attack] Enemy general index: None
2026-06-02 09:44:32 [self-0003-0-attack] Visible enemy tiles: 10
2026-06-02 09:44:32 [self-0003-0-attack] Tiles: 47 / 51
2026-06-02 09:44:32 [self-0003-0-attack] Map: 20 x 21 Turn: 191
2026-06-02 09:44:32 [self-0003-0-attack] Reinforcement waypoint: 234 final target = 214 turns until reinforcement = 9
2026-06-02 09:44:32 [self-0003-0-attack] Route planned: Target = 234 Mode = reinforcement_waypoint city-free reachable tiles = 310 Fallback-Tiles = 313
2026-06-02 09:44:33 [self-0003-0-attack] Priority agent: flow +6000 base = 90867 final = 96867
2026-06-02 09:44:33 [self-0003-0-attack] Move #168: 233 -> 234 | Army: 17 | Target-Terrain: 1 | Target: 234 | Half: False
2026-06-02 09:44:33 [self-0003-0-attack] My general index: 83
2026-06-02 09:44:33 [self-0003-0-attack] Enemy general index: None
2026-06-02 09:44:33 [self-0003-0-attack] Visible enemy tiles: 12
2026-06-02 09:44:33 [self-0003-0-attack] Tiles: 48 / 50
2026-06-02 09:44:33 [self-0003-0-attack] Map: 20 x 21 Turn: 192
2026-06-02 09:44:33 [self-0003-0-attack] Reinforcement waypoint: 150 final target = 210 turns until reinforcement = 8
2026-06-02 09:44:33 [self-0003-0-attack] Route planned: Target = 150 Mode = reinforcement_waypoint city-free reachable tiles = 310 Fallback-Tiles = 313
2026-06-02 09:44:33 [self-0003-0-attack] Priority agent: flow +6000 base = 48805 final = 54805
2026-06-02 09:44:33 [self-0003-0-attack] Move #169: 234 -> 254 | Army: 15 | Target-Terrain: 1 | Target: 150 | Half: False
2026-06-02 09:44:33 [self-0003-0-attack] My general index: 83
2026-06-02 09:44:33 [self-0003-0-attack] Enemy general index: None
2026-06-02 09:44:33 [self-0003-0-attack] Visible enemy tiles: 11
2026-06-02 09:44:33 [self-0003-0-attack] Tiles: 49 / 49
2026-06-02 09:44:33 [self-0003-0-attack] Map: 20 x 21 Turn: 193
2026-06-02 09:44:33 [self-0003-0-attack] Reinforcement waypoint: 150 final target = 210 turns until reinforcement = 7
2026-06-02 09:44:34 [self-0003-0-attack] Route planned: Target = 150 Mode = reinforcement_waypoint city-free reachable tiles = 310 Fallback-Tiles = 313
2026-06-02 09:44:34 [self-0003-0-attack] Priority agent: flow +6000 base = 87543 final = 93543
2026-06-02 09:44:34 [self-0003-0-attack] Move #170: 254 -> 253 | Army: 13 | Target-Terrain: 1 | Target: 150 | Half: False
2026-06-02 09:44:34 [self-0003-0-attack] My general index: 83
2026-06-02 09:44:34 [self-0003-0-attack] Enemy general index: None
2026-06-02 09:44:34 [self-0003-0-attack] Visible enemy tiles: 10
2026-06-02 09:44:34 [self-0003-0-attack] Tiles: 49 / 49
2026-06-02 09:44:34 [self-0003-0-attack] Map: 20 x 21 Turn: 194
2026-06-02 09:44:34 [self-0003-0-attack] Reinforcement waypoint: 150 final target = 210 turns until reinforcement = 6
2026-06-02 09:44:34 [self-0003-0-attack] Route planned: Target = 150 Mode = reinforcement_waypoint city-free reachable tiles = 310 Fallback-Tiles = 313
2026-06-02 09:44:34 [self-0003-0-attack] Move #171: 152 -> 172 | Army: 21 | Target-Terrain: 1 | Target: 150 | Half: False
2026-06-02 09:44:34 [self-0003-0-attack] My general index: 83
2026-06-02 09:44:34 [self-0003-0-attack] Enemy general index: None
2026-06-02 09:44:34 [self-0003-0-attack] Visible enemy tiles: 8
2026-06-02 09:44:34 [self-0003-0-attack] Tiles: 49 / 49
2026-06-02 09:44:34 [self-0003-0-attack] Map: 20 x 21 Turn: 195
2026-06-02 09:44:35 [self-0003-0-attack] Reinforcement waypoint: 192 final target = 210 turns until reinforcement = 5
2026-06-02 09:44:35 [self-0003-0-attack] Route planned: Target = 192 Mode = reinforcement_waypoint city-free reachable tiles = 310 Fallback-Tiles = 313
2026-06-02 09:44:35 [self-0003-0-attack] Priority agent: flow +6000 base = 89969 final = 95969
2026-06-02 09:44:35 [self-0003-0-attack] Move #172: 172 -> 192 | Army: 19 | Target-Terrain: 1 | Target: 192 | Half: False
2026-06-02 09:44:35 [self-0003-0-attack] My general index: 83
2026-06-02 09:44:35 [self-0003-0-attack] Enemy general index: None
2026-06-02 09:44:35 [self-0003-0-attack] Visible enemy tiles: 8
2026-06-02 09:44:35 [self-0003-0-attack] Tiles: 50 / 49
2026-06-02 09:44:35 [self-0003-0-attack] Map: 20 x 21 Turn: 196
2026-06-02 09:44:35 [self-0003-0-attack] Reinforcement waypoint: 212 final target = 210 turns until reinforcement = 4
2026-06-02 09:44:35 [self-0003-0-attack] Route planned: Target = 212 Mode = reinforcement_waypoint city-free reachable tiles = 310 Fallback-Tiles = 313
2026-06-02 09:44:35 [self-0003-0-attack] Move #173: 87 -> 88 | Army: 29 | Target-Terrain: 0 | Target: 212 | Half: False
2026-06-02 09:44:35 [self-0003-0-attack] Coach: balanced tiles 50/49 army 154/149 cities 0/0 enemy_city_suspect False bias {'expansion_bias': 0.2, 'city_bias': 0.1, 'attack_bias': 0.8, 'defense_bias': 0.0, 'route_bias': 0.8}
2026-06-02 09:44:35 [self-0003-0-attack] My general index: 83
2026-06-02 09:44:35 [self-0003-0-attack] Enemy general index: None
2026-06-02 09:44:35 [self-0003-0-attack] Visible enemy tiles: 8
2026-06-02 09:44:35 [self-0003-0-attack] Tiles: 50 / 49
2026-06-02 09:44:36 [self-0003-0-attack] Map: 20 x 21 Turn: 197
2026-06-02 09:44:36 [self-0003-0-attack] Reinforcement waypoint: 212 final target = 210 turns until reinforcement = 3
2026-06-02 09:44:36 [self-0003-0-attack] Route planned: Target = 212 Mode = reinforcement_waypoint city-free reachable tiles = 310 Fallback-Tiles = 313
2026-06-02 09:44:36 [self-0003-0-attack] Move #174: 130 -> 131 | Army: 2 | Target-Terrain: 0 | Target: 212 | Half: False
2026-06-02 09:44:36 [self-0003-0-attack] My general index: 83
2026-06-02 09:44:36 [self-0003-0-attack] Enemy general index: None
2026-06-02 09:44:36 [self-0003-0-attack] Visible enemy tiles: 8
2026-06-02 09:44:36 [self-0003-0-attack] Tiles: 50 / 49
2026-06-02 09:44:36 [self-0003-0-attack] Map: 20 x 21 Turn: 198
2026-06-02 09:44:36 [self-0003-0-attack] Reinforcement waypoint: 212 final target = 210 turns until reinforcement = 2
2026-06-02 09:44:36 [self-0003-0-attack] Route planned: Target = 212 Mode = reinforcement_waypoint city-free reachable tiles = 310 Fallback-Tiles = 313
2026-06-02 09:44:36 [self-0003-0-attack] Move #175: 253 -> 233 | Army: 11 | Target-Terrain: 0 | Target: 212 | Half: False
2026-06-02 09:44:36 [self-0003-0-attack] My general index: 83
2026-06-02 09:44:36 [self-0003-0-attack] Enemy general index: None
2026-06-02 09:44:36 [self-0003-0-attack] Visible enemy tiles: 8
2026-06-02 09:44:37 [self-0003-0-attack] Tiles: 50 / 49
2026-06-02 09:44:37 [self-0003-0-attack] Map: 20 x 21 Turn: 199
2026-06-02 09:44:37 [self-0003-0-attack] Reinforcement waypoint: 212 final target = 210 turns until reinforcement = 1
2026-06-02 09:44:37 [self-0003-0-attack] Route planned: Target = 212 Mode = reinforcement_waypoint city-free reachable tiles = 310 Fallback-Tiles = 313
2026-06-02 09:44:37 [self-0003-0-attack] Move #176: 110 -> 130 | Army: 2 | Target-Terrain: 0 | Target: 212 | Half: False
2026-06-02 09:44:37 [self-0003-0-attack] My general index: 83
2026-06-02 09:44:37 [self-0003-0-attack] Enemy general index: None
2026-06-02 09:44:37 [self-0003-0-attack] Visible enemy tiles: 8
2026-06-02 09:44:37 [self-0003-0-attack] Tiles: 50 / 49
2026-06-02 09:44:37 [self-0003-0-attack] Map: 20 x 21 Turn: 200
2026-06-02 09:44:37 [self-0003-0-attack] Route planned: Target = 210 Mode = reinforcement_waypoint city-free reachable tiles = 310 Fallback-Tiles = 313
2026-06-02 09:44:37 [self-0003-0-attack] Move #177: 231 -> 230 | Army: 2 | Target-Terrain: -1 | Target: 210 | Half: False
2026-06-02 09:44:38 [self-0003-0-attack] My general index: 83
2026-06-02 09:44:38 [self-0003-0-attack] Enemy general index: None
2026-06-02 09:44:38 [self-0003-0-attack] Visible enemy tiles: 8
2026-06-02 09:44:38 [self-0003-0-attack] Tiles: 51 / 49
2026-06-02 09:44:38 [self-0003-0-attack] Map: 20 x 21 Turn: 201
2026-06-02 09:44:38 [self-0003-0-attack] Route planned: Target = 210 Mode = strategy city-free reachable tiles = 310 Fallback-Tiles = 313
2026-06-02 09:44:38 [self-0003-0-attack] Move #178: 167 -> 187 | Army: 2 | Target-Terrain: -1 | Target: 210 | Half: False
2026-06-02 09:44:38 [self-0003-0-attack] My general index: 83
2026-06-02 09:44:38 [self-0003-0-attack] Enemy general index: None
2026-06-02 09:44:38 [self-0003-0-attack] Visible enemy tiles: 8
2026-06-02 09:44:38 [self-0003-0-attack] Tiles: 52 / 49
2026-06-02 09:44:38 [self-0003-0-attack] Map: 20 x 21 Turn: 202
2026-06-02 09:44:38 [self-0003-0-attack] Route planned: Target = 210 Mode = strategy city-free reachable tiles = 310 Fallback-Tiles = 313
2026-06-02 09:44:38 [self-0003-0-attack] Move #179: 164 -> 184 | Army: 2 | Target-Terrain: -1 | Target: 210 | Half: False
2026-06-02 09:44:39 [self-0003-0-attack] My general index: 83
2026-06-02 09:44:39 [self-0003-0-attack] Enemy general index: None
2026-06-02 09:44:39 [self-0003-0-attack] Visible enemy tiles: 8
2026-06-02 09:44:39 [self-0003-0-attack] Tiles: 53 / 49
2026-06-02 09:44:39 [self-0003-0-attack] Map: 20 x 21 Turn: 203
2026-06-02 09:44:39 [self-0003-0-attack] Route planned: Target = 210 Mode = strategy city-free reachable tiles = 310 Fallback-Tiles = 313
2026-06-02 09:44:39 [self-0003-0-attack] Move #180: 192 -> 212 | Army: 17 | Target-Terrain: 0 | Target: 210 | Half: False
2026-06-02 09:44:39 [self-0003-0-attack] My general index: 83
2026-06-02 09:44:39 [self-0003-0-attack] Enemy general index: None
2026-06-02 09:44:39 [self-0003-0-attack] Visible enemy tiles: 8
2026-06-02 09:44:39 [self-0003-0-attack] Tiles: 53 / 49
2026-06-02 09:44:39 [self-0003-0-attack] Map: 20 x 21 Turn: 204
2026-06-02 09:44:39 [self-0003-0-attack] Route planned: Target = 210 Mode = strategy city-free reachable tiles = 310 Fallback-Tiles = 313
2026-06-02 09:44:39 [self-0003-0-attack] Priority agent: flow +6000 base = 70928 final = 76928
2026-06-02 09:44:39 [self-0003-0-attack] Move #181: 212 -> 211 | Army: 18 | Target-Terrain: 1 | Target: 210 | Half: False
2026-06-02 09:44:40 [self-0003-0-attack] My general index: 83
2026-06-02 09:44:40 [self-0003-0-attack] Enemy general index: None
2026-06-02 09:44:40 [self-0003-0-attack] Visible enemy tiles: 8
2026-06-02 09:44:40 [self-0003-0-attack] Tiles: 54 / 48
2026-06-02 09:44:40 [self-0003-0-attack] Map: 20 x 21 Turn: 205
2026-06-02 09:44:40 [self-0003-0-attack] Route planned: Target = 210 Mode = strategy city-free reachable tiles = 310 Fallback-Tiles = 313
2026-06-02 09:44:40 [self-0003-0-attack] Priority agent: flow +6000 base = 71565 final = 77565
2026-06-02 09:44:40 [self-0003-0-attack] Move #182: 211 -> 210 | Army: 15 | Target-Terrain: 1 | Target: 210 | Half: False
2026-06-02 09:44:40 [self-0003-0-attack] My general index: 83
2026-06-02 09:44:40 [self-0003-0-attack] Enemy general index: None
2026-06-02 09:44:40 [self-0003-0-attack] Visible enemy tiles: 7
2026-06-02 09:44:40 [self-0003-0-attack] Tiles: 55 / 47
2026-06-02 09:44:40 [self-0003-0-attack] Map: 20 x 21 Turn: 206
2026-06-02 09:44:40 [self-0003-0-attack] Route planned: Target = 190 Mode = strategy city-free reachable tiles = 310 Fallback-Tiles = 313
2026-06-02 09:44:40 [self-0003-0-attack] Priority agent: flow +6000 base = 71563 final = 77563
2026-06-02 09:44:40 [self-0003-0-attack] Move #183: 210 -> 190 | Army: 13 | Target-Terrain: 1 | Target: 190 | Half: False
2026-06-02 09:44:41 [self-0003-0-attack] My general index: 83
2026-06-02 09:44:41 [self-0003-0-attack] Enemy general index: None
2026-06-02 09:44:41 [self-0003-0-attack] Visible enemy tiles: 6
2026-06-02 09:44:41 [self-0003-0-attack] Tiles: 56 / 46
2026-06-02 09:44:41 [self-0003-0-attack] Map: 20 x 21 Turn: 207
2026-06-02 09:44:41 [self-0003-0-attack] Route planned: Target = 170 Mode = strategy city-free reachable tiles = 310 Fallback-Tiles = 313
2026-06-02 09:44:41 [self-0003-0-attack] Priority agent: flow +6000 base = 69760 final = 75760
2026-06-02 09:44:41 [self-0003-0-attack] Move #184: 190 -> 170 | Army: 10 | Target-Terrain: 1 | Target: 170 | Half: False
2026-06-02 09:44:41 [self-0003-0-attack] My general index: 83
2026-06-02 09:44:41 [self-0003-0-attack] Enemy general index: None
2026-06-02 09:44:41 [self-0003-0-attack] Visible enemy tiles: 5
2026-06-02 09:44:41 [self-0003-0-attack] Tiles: 57 / 45
2026-06-02 09:44:41 [self-0003-0-attack] Map: 20 x 21 Turn: 208
2026-06-02 09:44:41 [self-0003-0-attack] Route planned: Target = 171 Mode = strategy city-free reachable tiles = 310 Fallback-Tiles = 313
2026-06-02 09:44:41 [self-0003-0-attack] Priority agent: flow +6000 base = 72407 final = 78407
2026-06-02 09:44:41 [self-0003-0-attack] Move #185: 170 -> 171 | Army: 7 | Target-Terrain: 1 | Target: 171 | Half: False
2026-06-02 09:44:42 [self-0003-0-attack] My general index: 83
2026-06-02 09:44:42 [self-0003-0-attack] Enemy general index: None
2026-06-02 09:44:42 [self-0003-0-attack] Visible enemy tiles: 4
2026-06-02 09:44:42 [self-0003-0-attack] Tiles: 58 / 44
2026-06-02 09:44:42 [self-0003-0-attack] Map: 20 x 21 Turn: 209
2026-06-02 09:44:42 [self-0003-0-attack] Route planned: Target = 214 Mode = strategy city-free reachable tiles = 310 Fallback-Tiles = 313
2026-06-02 09:44:42 [self-0003-0-attack] Move #186: 73 -> 93 | Army: 2 | Target-Terrain: -1 | Target: 214 | Half: False
2026-06-02 09:44:42 [self-0003-0-attack] My general index: 83
2026-06-02 09:44:42 [self-0003-0-attack] Enemy general index: None
2026-06-02 09:44:42 [self-0003-0-attack] Visible enemy tiles: 6
2026-06-02 09:44:42 [self-0003-0-attack] Tiles: 59 / 44
2026-06-02 09:44:42 [self-0003-0-attack] Map: 20 x 21 Turn: 210
2026-06-02 09:44:42 [self-0003-0-attack] Route planned: Target = 214 Mode = strategy city-free reachable tiles = 310 Fallback-Tiles = 313
2026-06-02 09:44:42 [self-0003-0-attack] Move #187: 233 -> 234 | Army: 12 | Target-Terrain: 1 | Target: 214 | Half: False
2026-06-02 09:44:43 [self-0003-0-attack] My general index: 83
2026-06-02 09:44:43 [self-0003-0-attack] Enemy general index: None
2026-06-02 09:44:43 [self-0003-0-attack] Visible enemy tiles: 8
2026-06-02 09:44:43 [self-0003-0-attack] Tiles: 60 / 43
2026-06-02 09:44:43 [self-0003-0-attack] Map: 20 x 21 Turn: 211
2026-06-02 09:44:43 [self-0003-0-attack] Route planned: Target = 214 Mode = strategy city-free reachable tiles = 310 Fallback-Tiles = 313
2026-06-02 09:44:43 [self-0003-0-attack] Priority agent: flow +6000 base = 80110 final = 86110
2026-06-02 09:44:43 [self-0003-0-attack] Move #188: 234 -> 214 | Army: 10 | Target-Terrain: 1 | Target: 214 | Half: False
2026-06-02 09:44:43 [self-0003-0-attack] My general index: 83
2026-06-02 09:44:43 [self-0003-0-attack] Enemy general index: None
2026-06-02 09:44:43 [self-0003-0-attack] Visible enemy tiles: 8
2026-06-02 09:44:43 [self-0003-0-attack] Tiles: 61 / 43
2026-06-02 09:44:43 [self-0003-0-attack] Map: 20 x 21 Turn: 212
2026-06-02 09:44:43 [self-0003-0-attack] Route planned: Target = 215 Mode = strategy city-free reachable tiles = 310 Fallback-Tiles = 313
2026-06-02 09:44:43 [self-0003-0-attack] Priority agent: flow +6000 base = 78058 final = 84058
2026-06-02 09:44:43 [self-0003-0-attack] Move #189: 214 -> 215 | Army: 8 | Target-Terrain: 1 | Target: 215 | Half: False
2026-06-02 09:44:44 [self-0003-0-attack] My general index: 83
2026-06-02 09:44:44 [self-0003-0-attack] Enemy general index: None
2026-06-02 09:44:44 [self-0003-0-attack] Visible enemy tiles: 10
2026-06-02 09:44:44 [self-0003-0-attack] Tiles: 62 / 42
2026-06-02 09:44:44 [self-0003-0-attack] Map: 20 x 21 Turn: 213
2026-06-02 09:44:44 [self-0003-0-attack] Route planned: Target = 195 Mode = strategy city-free reachable tiles = 310 Fallback-Tiles = 313
2026-06-02 09:44:44 [self-0003-0-attack] Priority agent: flow +6000 base = 77755 final = 83755
2026-06-02 09:44:44 [self-0003-0-attack] Move #190: 215 -> 195 | Army: 5 | Target-Terrain: 1 | Target: 195 | Half: False
2026-06-02 09:44:44 [self-0003-0-attack] My general index: 83
2026-06-02 09:44:44 [self-0003-0-attack] Enemy general index: None
2026-06-02 09:44:44 [self-0003-0-attack] Visible enemy tiles: 11
2026-06-02 09:44:44 [self-0003-0-attack] Tiles: 63 / 41
2026-06-02 09:44:44 [self-0003-0-attack] Map: 20 x 21 Turn: 214
2026-06-02 09:44:44 [self-0003-0-attack] Route planned: Target = 216 Mode = strategy city-free reachable tiles = 310 Fallback-Tiles = 313
2026-06-02 09:44:44 [self-0003-0-attack] Move #191: 232 -> 233 | Army: 2 | Target-Terrain: 0 | Target: 216 | Half: False
2026-06-02 09:44:45 [self-0003-0-attack] My general index: 83
2026-06-02 09:44:45 [self-0003-0-attack] Enemy general index: None
2026-06-02 09:44:45 [self-0003-0-attack] Visible enemy tiles: 11
2026-06-02 09:44:45 [self-0003-0-attack] Tiles: 63 / 41
2026-06-02 09:44:45 [self-0003-0-attack] Map: 20 x 21 Turn: 215
2026-06-02 09:44:45 [self-0003-0-attack] Route planned: Target = 216 Mode = strategy city-free reachable tiles = 310 Fallback-Tiles = 313
2026-06-02 09:44:45 [self-0003-0-attack] Move #192: 88 -> 89 | Army: 31 | Target-Terrain: 0 | Target: 216 | Half: False
2026-06-02 09:44:45 [self-0003-0-attack] My general index: 83
2026-06-02 09:44:45 [self-0003-0-attack] Enemy general index: None
2026-06-02 09:44:45 [self-0003-0-attack] Visible enemy tiles: 11
2026-06-02 09:44:45 [self-0003-0-attack] Tiles: 63 / 41
2026-06-02 09:44:45 [self-0003-0-attack] Map: 20 x 21 Turn: 216
2026-06-02 09:44:45 [self-0003-0-attack] Route planned: Target = 216 Mode = strategy city-free reachable tiles = 310 Fallback-Tiles = 313
2026-06-02 09:44:45 [self-0003-0-attack] Move #193: 253 -> 233 | Army: 2 | Target-Terrain: 0 | Target: 216 | Half: False
2026-06-02 09:44:46 [self-0003-0-attack] My general index: 83
2026-06-02 09:44:46 [self-0003-0-attack] Enemy general index: None
2026-06-02 09:44:46 [self-0003-0-attack] Visible enemy tiles: 11
2026-06-02 09:44:46 [self-0003-0-attack] Tiles: 63 / 41
2026-06-02 09:44:46 [self-0003-0-attack] Map: 20 x 21 Turn: 217
2026-06-02 09:44:46 [self-0003-0-attack] Route planned: Target = 216 Mode = strategy city-free reachable tiles = 310 Fallback-Tiles = 313
2026-06-02 09:44:46 [self-0003-0-attack] Move #194: 172 -> 192 | Army: 2 | Target-Terrain: 0 | Target: 216 | Half: False
2026-06-02 09:44:46 [self-0003-0-attack] My general index: 83
2026-06-02 09:44:46 [self-0003-0-attack] Enemy general index: None
2026-06-02 09:44:46 [self-0003-0-attack] Visible enemy tiles: 11
2026-06-02 09:44:46 [self-0003-0-attack] Tiles: 63 / 41
2026-06-02 09:44:46 [self-0003-0-attack] Map: 20 x 21 Turn: 218
2026-06-02 09:44:46 [self-0003-0-attack] Route planned: Target = 216 Mode = strategy city-free reachable tiles = 310 Fallback-Tiles = 313
2026-06-02 09:44:46 [self-0003-0-attack] Move #195: 152 -> 172 | Army: 2 | Target-Terrain: 0 | Target: 216 | Half: False
2026-06-02 09:44:47 [self-0003-0-attack] My general index: 83
2026-06-02 09:44:47 [self-0003-0-attack] Enemy general index: None
2026-06-02 09:44:47 [self-0003-0-attack] Visible enemy tiles: 11
2026-06-02 09:44:47 [self-0003-0-attack] Tiles: 62 / 42
2026-06-02 09:44:47 [self-0003-0-attack] Map: 20 x 21 Turn: 219
2026-06-02 09:44:47 [self-0003-0-attack] Route planned: Target = 216 Mode = strategy city-free reachable tiles = 310 Fallback-Tiles = 313
2026-06-02 09:44:47 [self-0003-0-attack] Move #196: 151 -> 171 | Army: 2 | Target-Terrain: 0 | Target: 216 | Half: False
2026-06-02 09:44:47 [self-0003-0-attack] My general index: 83
2026-06-02 09:44:47 [self-0003-0-attack] Enemy general index: None
2026-06-02 09:44:47 [self-0003-0-attack] Visible enemy tiles: 11
2026-06-02 09:44:47 [self-0003-0-attack] Tiles: 62 / 42
2026-06-02 09:44:47 [self-0003-0-attack] Map: 20 x 21 Turn: 220
2026-06-02 09:44:47 [self-0003-0-attack] Route planned: Target = 216 Mode = strategy city-free reachable tiles = 310 Fallback-Tiles = 313
2026-06-02 09:44:47 [self-0003-0-attack] Move #197: 89 -> 109 | Army: 32 | Target-Terrain: 0 | Target: 216 | Half: False
2026-06-02 09:44:48 [self-0003-0-attack] My general index: 83
2026-06-02 09:44:48 [self-0003-0-attack] Enemy general index: None
2026-06-02 09:44:48 [self-0003-0-attack] Visible enemy tiles: 11
2026-06-02 09:44:48 [self-0003-0-attack] Tiles: 62 / 42
2026-06-02 09:44:48 [self-0003-0-attack] Map: 20 x 21 Turn: 221
2026-06-02 09:44:48 [self-0003-0-attack] Route planned: Target = 216 Mode = strategy city-free reachable tiles = 310 Fallback-Tiles = 313
2026-06-02 09:44:48 [self-0003-0-attack] Move #198: 131 -> 151 | Army: 3 | Target-Terrain: 0 | Target: 216 | Half: False
2026-06-02 09:44:48 [self-0003-0-attack] My general index: 83
2026-06-02 09:44:48 [self-0003-0-attack] Enemy general index: None
2026-06-02 09:44:48 [self-0003-0-attack] Visible enemy tiles: 11
2026-06-02 09:44:48 [self-0003-0-attack] Tiles: 62 / 42
2026-06-02 09:44:48 [self-0003-0-attack] Map: 20 x 21 Turn: 222
2026-06-02 09:44:48 [self-0003-0-attack] Route planned: Target = 216 Mode = strategy city-free reachable tiles = 310 Fallback-Tiles = 313
2026-06-02 09:44:48 [self-0003-0-attack] Move #199: 192 -> 212 | Army: 2 | Target-Terrain: 0 | Target: 216 | Half: False
2026-06-02 09:44:49 [self-0003-0-attack] My general index: 83
2026-06-02 09:44:49 [self-0003-0-attack] Enemy general index: None
2026-06-02 09:44:49 [self-0003-0-attack] Visible enemy tiles: 11
2026-06-02 09:44:49 [self-0003-0-attack] Tiles: 62 / 42
2026-06-02 09:44:49 [self-0003-0-attack] Map: 20 x 21 Turn: 223
2026-06-02 09:44:49 [self-0003-0-attack] Route planned: Target = 216 Mode = strategy city-free reachable tiles = 310 Fallback-Tiles = 313
2026-06-02 09:44:49 [self-0003-0-attack] Move #200: 72 -> 73 | Army: 2 | Target-Terrain: 0 | Target: 216 | Half: False
2026-06-02 09:44:49 [self-0003-0-attack] My general index: 83
2026-06-02 09:44:49 [self-0003-0-attack] Enemy general index: None
2026-06-02 09:44:49 [self-0003-0-attack] Visible enemy tiles: 11
2026-06-02 09:44:49 [self-0003-0-attack] Tiles: 62 / 42
2026-06-02 09:44:49 [self-0003-0-attack] Map: 20 x 21 Turn: 224
2026-06-02 09:44:49 [self-0003-0-attack] Route planned: Target = 216 Mode = strategy city-free reachable tiles = 310 Fallback-Tiles = 313
2026-06-02 09:44:49 [self-0003-0-attack] Priority agent: flow +6000 base = 43492 final = 49492
2026-06-02 09:44:49 [self-0003-0-attack] Move #201: 73 -> 74 | Army: 2 | Target-Terrain: -1 | Target: 216 | Half: False
2026-06-02 09:44:50 [self-0003-0-attack] My general index: 83
2026-06-02 09:44:50 [self-0003-0-attack] Enemy general index: None
2026-06-02 09:44:50 [self-0003-0-attack] Visible enemy tiles: 13
2026-06-02 09:44:50 [self-0003-0-attack] Tiles: 63 / 42
2026-06-02 09:44:50 [self-0003-0-attack] Map: 20 x 21 Turn: 225
2026-06-02 09:44:50 [self-0003-0-attack] Route planned: Target = 216 Mode = strategy city-free reachable tiles = 310 Fallback-Tiles = 313
2026-06-02 09:44:50 [self-0003-0-attack] Move #202: 109 -> 129 | Army: 35 | Target-Terrain: 0 | Target: 216 | Half: False
2026-06-02 09:44:50 [self-0003-0-attack] My general index: 83
2026-06-02 09:44:50 [self-0003-0-attack] Enemy general index: None
2026-06-02 09:44:50 [self-0003-0-attack] Visible enemy tiles: 13
2026-06-02 09:44:50 [self-0003-0-attack] Tiles: 63 / 42
2026-06-02 09:44:50 [self-0003-0-attack] Map: 20 x 21 Turn: 226
2026-06-02 09:44:50 [self-0003-0-attack] Route planned: Target = 216 Mode = strategy city-free reachable tiles = 310 Fallback-Tiles = 313
2026-06-02 09:44:50 [self-0003-0-attack] Move #203: 150 -> 170 | Army: 2 | Target-Terrain: 0 | Target: 216 | Half: False
2026-06-02 09:44:51 [self-0003-0-attack] My general index: 83
2026-06-02 09:44:51 [self-0003-0-attack] Enemy general index: None
2026-06-02 09:44:51 [self-0003-0-attack] Visible enemy tiles: 10
2026-06-02 09:44:51 [self-0003-0-attack] Tiles: 62 / 43
2026-06-02 09:44:51 [self-0003-0-attack] Map: 20 x 21 Turn: 227
2026-06-02 09:44:51 [self-0003-0-attack] Route planned: Target = 216 Mode = strategy city-free reachable tiles = 310 Fallback-Tiles = 313
2026-06-02 09:44:51 [self-0003-0-attack] Move #204: 130 -> 150 | Army: 3 | Target-Terrain: 0 | Target: 216 | Half: False
2026-06-02 09:44:51 [self-0003-0-attack] My general index: 83
2026-06-02 09:44:51 [self-0003-0-attack] Enemy general index: None
2026-06-02 09:44:51 [self-0003-0-attack] Visible enemy tiles: 10
2026-06-02 09:44:51 [self-0003-0-attack] Tiles: 62 / 43
2026-06-02 09:44:51 [self-0003-0-attack] Map: 20 x 21 Turn: 228
2026-06-02 09:44:51 [self-0003-0-attack] Route planned: Target = 216 Mode = strategy city-free reachable tiles = 310 Fallback-Tiles = 313
2026-06-02 09:44:51 [self-0003-0-attack] Move #205: 110 -> 130 | Army: 2 | Target-Terrain: 0 | Target: 216 | Half: False
2026-06-02 09:44:52 [self-0003-0-attack] My general index: 83
2026-06-02 09:44:52 [self-0003-0-attack] Enemy general index: None
2026-06-02 09:44:52 [self-0003-0-attack] Visible enemy tiles: 10
2026-06-02 09:44:52 [self-0003-0-attack] Tiles: 62 / 43
2026-06-02 09:44:52 [self-0003-0-attack] Map: 20 x 21 Turn: 229
2026-06-02 09:44:52 [self-0003-0-attack] Route planned: Target = 216 Mode = strategy city-free reachable tiles = 310 Fallback-Tiles = 313
2026-06-02 09:44:52 [self-0003-0-attack] Move #206: 90 -> 110 | Army: 2 | Target-Terrain: 0 | Target: 216 | Half: False
2026-06-02 09:44:52 [self-0003-0-attack] My general index: 83
2026-06-02 09:44:52 [self-0003-0-attack] Enemy general index: None
2026-06-02 09:44:52 [self-0003-0-attack] Visible enemy tiles: 10
2026-06-02 09:44:52 [self-0003-0-attack] Tiles: 62 / 43
2026-06-02 09:44:52 [self-0003-0-attack] Map: 20 x 21 Turn: 230
2026-06-02 09:44:52 [self-0003-0-attack] Route planned: Target = 216 Mode = strategy city-free reachable tiles = 310 Fallback-Tiles = 313
2026-06-02 09:44:52 [self-0003-0-attack] Move #207: 129 -> 149 | Army: 36 | Target-Terrain: 0 | Target: 216 | Half: False
2026-06-02 09:44:53 [self-0003-0-attack] My general index: 83
2026-06-02 09:44:53 [self-0003-0-attack] Enemy general index: None
2026-06-02 09:44:53 [self-0003-0-attack] Visible enemy tiles: 10
2026-06-02 09:44:53 [self-0003-0-attack] Tiles: 62 / 43
2026-06-02 09:44:53 [self-0003-0-attack] Map: 20 x 21 Turn: 231
2026-06-02 09:44:53 [self-0003-0-attack] Route planned: Target = 216 Mode = strategy city-free reachable tiles = 310 Fallback-Tiles = 313
2026-06-02 09:44:53 [self-0003-0-attack] Move #208: 147 -> 167 | Army: 2 | Target-Terrain: 0 | Target: 216 | Half: False
2026-06-02 09:44:53 [self-0003-0-attack] My general index: 83
2026-06-02 09:44:53 [self-0003-0-attack] Enemy general index: None
2026-06-02 09:44:53 [self-0003-0-attack] Visible enemy tiles: 10
2026-06-02 09:44:53 [self-0003-0-attack] Tiles: 62 / 43
2026-06-02 09:44:53 [self-0003-0-attack] Map: 20 x 21 Turn: 232
2026-06-02 09:44:53 [self-0003-0-attack] Route planned: Target = 216 Mode = strategy city-free reachable tiles = 310 Fallback-Tiles = 313
2026-06-02 09:44:53 [self-0003-0-attack] Move #209: 172 -> 192 | Army: 2 | Target-Terrain: 0 | Target: 216 | Half: False
2026-06-02 09:44:54 [self-0003-0-attack] My general index: 83
2026-06-02 09:44:54 [self-0003-0-attack] Enemy general index: None
2026-06-02 09:44:54 [self-0003-0-attack] Visible enemy tiles: 10
2026-06-02 09:44:54 [self-0003-0-attack] Tiles: 62 / 43
2026-06-02 09:44:54 [self-0003-0-attack] Map: 20 x 21 Turn: 233
2026-06-02 09:44:54 [self-0003-0-attack] Route planned: Target = 216 Mode = strategy city-free reachable tiles = 310 Fallback-Tiles = 313
2026-06-02 09:44:54 [self-0003-0-attack] Move #210: 68 -> 69 | Army: 4 | Target-Terrain: 0 | Target: 216 | Half: False
2026-06-02 09:44:54 [self-0003-0-attack] My general index: 83
2026-06-02 09:44:54 [self-0003-0-attack] Enemy general index: None
2026-06-02 09:44:54 [self-0003-0-attack] Visible enemy tiles: 10
2026-06-02 09:44:54 [self-0003-0-attack] Tiles: 62 / 43
2026-06-02 09:44:54 [self-0003-0-attack] Map: 20 x 21 Turn: 234
2026-06-02 09:44:54 [self-0003-0-attack] Reinforcement waypoint: 216 final target = 216 turns until reinforcement = 16
2026-06-02 09:44:54 [self-0003-0-attack] Route planned: Target = 216 Mode = reinforcement_waypoint city-free reachable tiles = 310 Fallback-Tiles = 313
2026-06-02 09:44:54 [self-0003-0-attack] Move #211: 151 -> 171 | Army: 3 | Target-Terrain: 0 | Target: 216 | Half: False
2026-06-02 09:44:55 [self-0003-0-attack] My general index: 83
2026-06-02 09:44:55 [self-0003-0-attack] Enemy general index: None
2026-06-02 09:44:55 [self-0003-0-attack] Visible enemy tiles: 10
2026-06-02 09:44:55 [self-0003-0-attack] Tiles: 62 / 43
2026-06-02 09:44:55 [self-0003-0-attack] Map: 20 x 21 Turn: 235
2026-06-02 09:44:55 [self-0003-0-attack] Reinforcement waypoint: 216 final target = 216 turns until reinforcement = 15
2026-06-02 09:44:55 [self-0003-0-attack] Route planned: Target = 216 Mode = reinforcement_waypoint city-free reachable tiles = 310 Fallback-Tiles = 313
2026-06-02 09:44:55 [self-0003-0-attack] Move #212: 127 -> 147 | Army: 3 | Target-Terrain: 0 | Target: 216 | Half: False
2026-06-02 09:44:55 [self-0003-0-attack] No server events for 120 seconds; stopping bot.
2026-06-02 09:44:55 [self-0003-0-attack] My general index: 83
2026-06-02 09:44:55 [self-0003-0-attack] Enemy general index: None
2026-06-02 09:44:55 [self-0003-0-attack] Visible enemy tiles: 10
2026-06-02 09:44:55 [self-0003-0-attack] Tiles: 62 / 43
2026-06-02 09:44:55 [self-0003-0-attack] Map: 20 x 21 Turn: 236
2026-06-02 09:44:55 [self-0003-0-attack] Reinforcement waypoint: 216 final target = 216 turns until reinforcement = 14
2026-06-02 09:44:55 [self-0003-0-attack] Route planned: Target = 216 Mode = reinforcement_waypoint city-free reachable tiles = 310 Fallback-Tiles = 313
2026-06-02 09:44:55 [self-0003-0-attack] Move #213: 108 -> 109 | Army: 2 | Target-Terrain: 0 | Target: 216 | Half: False
2026-06-02 09:44:55 [self-0003-0-attack] Disconnected
2026-06-02 09:44:55 [self-0003-0-attack] Disconnected
2026-06-02 09:44:56 [self-0003-0-attack] My general index: 83
2026-06-02 09:44:56 [self-0003-0-attack] Enemy general index: None
2026-06-02 09:44:56 [self-0003-0-attack] Visible enemy tiles: 10
2026-06-02 09:44:56 [self-0003-0-attack] Tiles: 62 / 43
2026-06-02 09:44:56 [self-0003-0-attack] Map: 20 x 21 Turn: 237
2026-06-02 09:44:56 [self-0003-0-attack] Reinforcement waypoint: 215 final target = 216 turns until reinforcement = 13
2026-06-02 09:44:56 [self-0003-0-attack] Route planned: Target = 215 Mode = reinforcement_waypoint city-free reachable tiles = 310 Fallback-Tiles = 313
2026-06-02 09:44:56 [self-0003-0-attack] Move #214: 192 -> 212 | Army: 2 | Target-Terrain: 0 | Target: 215 | Half: False
2026-06-02 09:44:56 [self-0003-0-attack] My general index: 83
2026-06-02 09:44:56 [self-0003-0-attack] Enemy general index: None
2026-06-02 09:44:56 [self-0003-0-attack] Visible enemy tiles: 10
2026-06-02 09:44:56 [self-0003-0-attack] Tiles: 62 / 43
2026-06-02 09:44:56 [self-0003-0-attack] Map: 20 x 21 Turn: 238
2026-06-02 09:44:56 [self-0003-0-attack] Reinforcement waypoint: 235 final target = 216 turns until reinforcement = 12
2026-06-02 09:44:56 [self-0003-0-attack] Route planned: Target = 235 Mode = reinforcement_waypoint city-free reachable tiles = 310 Fallback-Tiles = 313
2026-06-02 09:44:56 [self-0003-0-attack] Move #215: 70 -> 90 | Army: 3 | Target-Terrain: 0 | Target: 235 | Half: False
2026-06-02 09:44:57 [self-0003-0-attack] My general index: 83
2026-06-02 09:44:57 [self-0003-0-attack] Enemy general index: None
2026-06-02 09:44:57 [self-0003-0-attack] Visible enemy tiles: 10
2026-06-02 09:44:57 [self-0003-0-attack] Tiles: 62 / 43
2026-06-02 09:44:57 [self-0003-0-attack] Map: 20 x 21 Turn: 239
2026-06-02 09:44:57 [self-0003-0-attack] Reinforcement waypoint: 232 final target = 216 turns until reinforcement = 11
2026-06-02 09:44:57 [self-0003-0-attack] Route planned: Target = 232 Mode = reinforcement_waypoint city-free reachable tiles = 310 Fallback-Tiles = 313
2026-06-02 09:44:57 [self-0003-0-attack] Move #216: 149 -> 150 | Army: 37 | Target-Terrain: 0 | Target: 232 | Half: False
2026-06-02 09:44:57 [self-0003-0-attack] My general index: 83
2026-06-02 09:44:57 [self-0003-0-attack] Enemy general index: None
2026-06-02 09:44:57 [self-0003-0-attack] Visible enemy tiles: 10
2026-06-02 09:44:57 [self-0003-0-attack] Tiles: 62 / 43
2026-06-02 09:44:57 [self-0003-0-attack] Map: 20 x 21 Turn: 240
2026-06-02 09:44:57 [self-0003-0-attack] Reinforcement waypoint: 232 final target = 216 turns until reinforcement = 10
2026-06-02 09:44:57 [self-0003-0-attack] Route planned: Target = 232 Mode = reinforcement_waypoint city-free reachable tiles = 310 Fallback-Tiles = 313
2026-06-02 09:44:57 [self-0003-0-attack] Move #217: 83 -> 84 | Army: 39 | Target-Terrain: 0 | Target: 232 | Half: False
2026-06-02 09:44:58 [self-0003-0-attack] My general index: 83
2026-06-02 09:44:58 [self-0003-0-attack] Enemy general index: None
2026-06-02 09:44:58 [self-0003-0-attack] Visible enemy tiles: 10
2026-06-02 09:44:58 [self-0003-0-attack] Tiles: 61 / 44
2026-06-02 09:44:58 [self-0003-0-attack] Map: 20 x 21 Turn: 241
2026-06-02 09:44:58 [self-0003-0-attack] Reinforcement waypoint: 232 final target = 216 turns until reinforcement = 9
2026-06-02 09:44:58 [self-0003-0-attack] Route planned: Target = 232 Mode = reinforcement_waypoint city-free reachable tiles = 310 Fallback-Tiles = 313
2026-06-02 09:44:58 [self-0003-0-attack] Move #218: 109 -> 129 | Army: 2 | Target-Terrain: 0 | Target: 232 | Half: False
2026-06-02 09:44:58 [self-0003-0-attack] My general index: 83
2026-06-02 09:44:58 [self-0003-0-attack] Enemy general index: None
2026-06-02 09:44:58 [self-0003-0-attack] Visible enemy tiles: 10
2026-06-02 09:44:58 [self-0003-0-attack] Tiles: 61 / 44
2026-06-02 09:44:58 [self-0003-0-attack] Map: 20 x 21 Turn: 242
2026-06-02 09:44:58 [self-0003-0-attack] Reinforcement waypoint: 232 final target = 216 turns until reinforcement = 8
2026-06-02 09:44:58 [self-0003-0-attack] Route planned: Target = 232 Mode = reinforcement_waypoint city-free reachable tiles = 310 Fallback-Tiles = 313
2026-06-02 09:44:58 [self-0003-0-attack] Move #219: 233 -> 234 | Army: 3 | Target-Terrain: 1 | Target: 232 | Half: False
2026-06-02 09:44:59 [self-0003-0-attack] My general index: 83
2026-06-02 09:44:59 [self-0003-0-attack] Enemy general index: None
2026-06-02 09:44:59 [self-0003-0-attack] Visible enemy tiles: 10
2026-06-02 09:44:59 [self-0003-0-attack] Tiles: 61 / 44
2026-06-02 09:44:59 [self-0003-0-attack] Map: 20 x 21 Turn: 243
2026-06-02 09:44:59 [self-0003-0-attack] Reinforcement waypoint: 232 final target = 216 turns until reinforcement = 7
2026-06-02 09:44:59 [self-0003-0-attack] Route planned: Target = 232 Mode = reinforcement_waypoint city-free reachable tiles = 310 Fallback-Tiles = 313
2026-06-02 09:44:59 [self-0003-0-attack] Priority agent: edge reuse -9000 base = 53873 final = 44873
2026-06-02 09:44:59 [self-0003-0-attack] Move #220: 233 -> 234 | Army: 3 | Target-Terrain: 1 | Target: 232 | Half: False
2026-06-02 09:44:59 [self-0003-0-attack] My general index: 83
2026-06-02 09:44:59 [self-0003-0-attack] Enemy general index: None
2026-06-02 09:44:59 [self-0003-0-attack] Visible enemy tiles: 10
2026-06-02 09:44:59 [self-0003-0-attack] Tiles: 62 / 43
2026-06-02 09:44:59 [self-0003-0-attack] Map: 20 x 21 Turn: 244
2026-06-02 09:44:59 [self-0003-0-attack] Reinforcement waypoint: 232 final target = 216 turns until reinforcement = 6
2026-06-02 09:44:59 [self-0003-0-attack] Route planned: Target = 232 Mode = reinforcement_waypoint city-free reachable tiles = 310 Fallback-Tiles = 313
2026-06-02 09:44:59 [self-0003-0-attack] Move #221: 150 -> 170 | Army: 39 | Target-Terrain: 0 | Target: 232 | Half: False
2026-06-02 09:45:00 [self-0003-0-attack] My general index: 83
2026-06-02 09:45:00 [self-0003-0-attack] Enemy general index: None
2026-06-02 09:45:00 [self-0003-0-attack] Visible enemy tiles: 10
2026-06-02 09:45:00 [self-0003-0-attack] Tiles: 62 / 43
2026-06-02 09:45:00 [self-0003-0-attack] Map: 20 x 21 Turn: 245
2026-06-02 09:45:00 [self-0003-0-attack] Reinforcement waypoint: 232 final target = 216 turns until reinforcement = 5
2026-06-02 09:45:00 [self-0003-0-attack] Route planned: Target = 232 Mode = reinforcement_waypoint city-free reachable tiles = 310 Fallback-Tiles = 313
2026-06-02 09:45:00 [self-0003-0-attack] Move #222: 130 -> 150 | Army: 2 | Target-Terrain: 0 | Target: 232 | Half: False
2026-06-02 09:45:00 [self-0003-0-attack] My general index: 83
2026-06-02 09:45:00 [self-0003-0-attack] Enemy general index: None
2026-06-02 09:45:00 [self-0003-0-attack] Visible enemy tiles: 10
2026-06-02 09:45:00 [self-0003-0-attack] Tiles: 62 / 43
2026-06-02 09:45:00 [self-0003-0-attack] Map: 20 x 21 Turn: 246
2026-06-02 09:45:00 [self-0003-0-attack] Reinforcement waypoint: 232 final target = 216 turns until reinforcement = 4
2026-06-02 09:45:00 [self-0003-0-attack] Route planned: Target = 232 Mode = reinforcement_waypoint city-free reachable tiles = 310 Fallback-Tiles = 313
2026-06-02 09:45:00 [self-0003-0-attack] Move #223: 110 -> 130 | Army: 2 | Target-Terrain: 0 | Target: 232 | Half: False
2026-06-02 09:45:01 [self-0003-0-attack] Coach: press_attack tiles 62/43 army 208/178 cities 0/0 enemy_city_suspect False bias {'expansion_bias': 0.2, 'city_bias': 0.1, 'attack_bias': 2.2, 'defense_bias': 0.0, 'route_bias': 1.2}
2026-06-02 09:45:01 [self-0003-0-attack] My general index: 83
2026-06-02 09:45:01 [self-0003-0-attack] Enemy general index: None
2026-06-02 09:45:01 [self-0003-0-attack] Visible enemy tiles: 10
2026-06-02 09:45:01 [self-0003-0-attack] Tiles: 62 / 43
2026-06-02 09:45:01 [self-0003-0-attack] Map: 20 x 21 Turn: 247
2026-06-02 09:45:01 [self-0003-0-attack] Reinforcement waypoint: 232 final target = 216 turns until reinforcement = 3
2026-06-02 09:45:01 [self-0003-0-attack] Route planned: Target = 232 Mode = reinforcement_waypoint city-free reachable tiles = 310 Fallback-Tiles = 313
2026-06-02 09:45:01 [self-0003-0-attack] Move #224: 129 -> 149 | Army: 2 | Target-Terrain: 0 | Target: 232 | Half: False
2026-06-02 09:45:01 [self-0003-0-attack] My general index: 83
2026-06-02 09:45:01 [self-0003-0-attack] Enemy general index: None
2026-06-02 09:45:01 [self-0003-0-attack] Visible enemy tiles: 10
2026-06-02 09:45:01 [self-0003-0-attack] Tiles: 62 / 43
2026-06-02 09:45:01 [self-0003-0-attack] Map: 20 x 21 Turn: 248
2026-06-02 09:45:01 [self-0003-0-attack] Reinforcement waypoint: 232 final target = 216 turns until reinforcement = 2
2026-06-02 09:45:01 [self-0003-0-attack] Route planned: Target = 232 Mode = reinforcement_waypoint city-free reachable tiles = 310 Fallback-Tiles = 313
2026-06-02 09:45:01 [self-0003-0-attack] Move #225: 90 -> 110 | Army: 3 | Target-Terrain: 0 | Target: 232 | Half: False
2026-06-02 09:45:02 [self-0003-0-attack] My general index: 83
2026-06-02 09:45:02 [self-0003-0-attack] Enemy general index: None
2026-06-02 09:45:02 [self-0003-0-attack] Visible enemy tiles: 10
2026-06-02 09:45:02 [self-0003-0-attack] Tiles: 62 / 43
2026-06-02 09:45:02 [self-0003-0-attack] Map: 20 x 21 Turn: 249
2026-06-02 09:45:02 [self-0003-0-attack] Reinforcement waypoint: 232 final target = 216 turns until reinforcement = 1
2026-06-02 09:45:02 [self-0003-0-attack] Route planned: Target = 232 Mode = reinforcement_waypoint city-free reachable tiles = 310 Fallback-Tiles = 313
2026-06-02 09:45:02 [self-0003-0-attack] Move #226: 147 -> 167 | Army: 3 | Target-Terrain: 0 | Target: 232 | Half: False
2026-06-02 09:45:02 [self-0003-0-attack] My general index: 83
2026-06-02 09:45:02 [self-0003-0-attack] Enemy general index: None
2026-06-02 09:45:02 [self-0003-0-attack] Visible enemy tiles: 10
2026-06-02 09:45:02 [self-0003-0-attack] Tiles: 62 / 43
2026-06-02 09:45:02 [self-0003-0-attack] Map: 20 x 21 Turn: 250
2026-06-02 09:45:02 [self-0003-0-attack] Route planned: Target = 216 Mode = reinforcement_waypoint city-free reachable tiles = 310 Fallback-Tiles = 313
2026-06-02 09:45:02 [self-0003-0-attack] Move #227: 74 -> 94 | Army: 2 | Target-Terrain: -1 | Target: 216 | Half: False
2026-06-02 09:45:03 [self-0003-0-attack] My general index: 83
2026-06-02 09:45:03 [self-0003-0-attack] Enemy general index: None
2026-06-02 09:45:03 [self-0003-0-attack] Visible enemy tiles: 11
2026-06-02 09:45:03 [self-0003-0-attack] Tiles: 63 / 43
2026-06-02 09:45:03 [self-0003-0-attack] Map: 20 x 21 Turn: 251
2026-06-02 09:45:03 [self-0003-0-attack] Route planned: Target = 216 Mode = reinforcement_waypoint city-free reachable tiles = 310 Fallback-Tiles = 313
2026-06-02 09:45:03 [self-0003-0-attack] Move #228: 187 -> 188 | Army: 2 | Target-Terrain: -1 | Target: 216 | Half: False
2026-06-02 09:45:03 [self-0003-0-attack] My general index: 83
2026-06-02 09:45:03 [self-0003-0-attack] Enemy general index: None
2026-06-02 09:45:03 [self-0003-0-attack] Visible enemy tiles: 11
2026-06-02 09:45:03 [self-0003-0-attack] Tiles: 64 / 43
2026-06-02 09:45:03 [self-0003-0-attack] Map: 20 x 21 Turn: 252
2026-06-02 09:45:03 [self-0003-0-attack] Route planned: Target = 216 Mode = reinforcement_waypoint city-free reachable tiles = 310 Fallback-Tiles = 313
2026-06-02 09:45:03 [self-0003-0-attack] Move #229: 184 -> 204 | Army: 2 | Target-Terrain: -1 | Target: 216 | Half: False
2026-06-02 09:45:04 [self-0003-0-attack] My general index: 83
2026-06-02 09:45:04 [self-0003-0-attack] Enemy general index: None
2026-06-02 09:45:04 [self-0003-0-attack] Visible enemy tiles: 11
2026-06-02 09:45:04 [self-0003-0-attack] Tiles: 65 / 43
2026-06-02 09:45:04 [self-0003-0-attack] Map: 20 x 21 Turn: 253
2026-06-02 09:45:04 [self-0003-0-attack] Route planned: Target = 216 Mode = reinforcement_waypoint city-free reachable tiles = 310 Fallback-Tiles = 314
2026-06-02 09:45:04 [self-0003-0-attack] Move #230: 234 -> 214 | Army: 2 | Target-Terrain: 0 | Target: 216 | Half: False
2026-06-02 09:45:04 [self-0003-0-attack] My general index: 83
2026-06-02 09:45:04 [self-0003-0-attack] Enemy general index: None
2026-06-02 09:45:04 [self-0003-0-attack] Visible enemy tiles: 11
2026-06-02 09:45:04 [self-0003-0-attack] Tiles: 65 / 43
2026-06-02 09:45:04 [self-0003-0-attack] Map: 20 x 21 Turn: 254
2026-06-02 09:45:04 [self-0003-0-attack] Route planned: Target = 216 Mode = reinforcement_waypoint city-free reachable tiles = 310 Fallback-Tiles = 314
2026-06-02 09:45:04 [self-0003-0-attack] Move #231: 232 -> 233 | Army: 2 | Target-Terrain: 0 | Target: 216 | Half: False
2026-06-02 09:45:05 [self-0003-0-attack] My general index: 83
2026-06-02 09:45:05 [self-0003-0-attack] Enemy general index: None
2026-06-02 09:45:05 [self-0003-0-attack] Visible enemy tiles: 11
2026-06-02 09:45:05 [self-0003-0-attack] Tiles: 65 / 43
2026-06-02 09:45:05 [self-0003-0-attack] Map: 20 x 21 Turn: 255
2026-06-02 09:45:05 [self-0003-0-attack] Route planned: Target = 216 Mode = reinforcement_waypoint city-free reachable tiles = 310 Fallback-Tiles = 314
2026-06-02 09:45:05 [self-0003-0-attack] Move #232: 253 -> 233 | Army: 2 | Target-Terrain: 0 | Target: 216 | Half: False
2026-06-02 09:45:05 [self-0003-0-attack] My general index: 83
2026-06-02 09:45:05 [self-0003-0-attack] Enemy general index: None
2026-06-02 09:45:05 [self-0003-0-attack] Visible enemy tiles: 11
2026-06-02 09:45:05 [self-0003-0-attack] Tiles: 65 / 43
2026-06-02 09:45:05 [self-0003-0-attack] Map: 20 x 21 Turn: 256
2026-06-02 09:45:05 [self-0003-0-attack] Route planned: Target = 216 Mode = reinforcement_waypoint city-free reachable tiles = 310 Fallback-Tiles = 314
2026-06-02 09:45:05 [self-0003-0-attack] Move #233: 231 -> 232 | Army: 2 | Target-Terrain: 0 | Target: 216 | Half: False
2026-06-02 09:45:06 [self-0003-0-attack] My general index: 83
2026-06-02 09:45:06 [self-0003-0-attack] Enemy general index: None
2026-06-02 09:45:06 [self-0003-0-attack] Visible enemy tiles: 11
2026-06-02 09:45:06 [self-0003-0-attack] Tiles: 65 / 43
2026-06-02 09:45:06 [self-0003-0-attack] Map: 20 x 21 Turn: 257
2026-06-02 09:45:06 [self-0003-0-attack] Route planned: Target = 216 Mode = reinforcement_waypoint city-free reachable tiles = 310 Fallback-Tiles = 314
2026-06-02 09:45:06 [self-0003-0-attack] Move #234: 214 -> 215 | Army: 3 | Target-Terrain: 1 | Target: 216 | Half: False
2026-06-02 09:45:06 [self-0003-0-attack] My general index: 83
2026-06-02 09:45:06 [self-0003-0-attack] Enemy general index: None
2026-06-02 09:45:06 [self-0003-0-attack] Visible enemy tiles: 13
2026-06-02 09:45:06 [self-0003-0-attack] Tiles: 66 / 42
2026-06-02 09:45:06 [self-0003-0-attack] Map: 20 x 21 Turn: 258
2026-06-02 09:45:06 [self-0003-0-attack] Route planned: Target = 195 Mode = strategy city-free reachable tiles = 310 Fallback-Tiles = 314
2026-06-02 09:45:06 [self-0003-0-attack] Move #235: 192 -> 212 | Army: 2 | Target-Terrain: 0 | Target: 195 | Half: False
2026-06-02 09:45:07 [self-0003-0-attack] My general index: 83
2026-06-02 09:45:07 [self-0003-0-attack] Enemy general index: None
2026-06-02 09:45:07 [self-0003-0-attack] Visible enemy tiles: 11
2026-06-02 09:45:07 [self-0003-0-attack] Tiles: 65 / 43
2026-06-02 09:45:07 [self-0003-0-attack] Map: 20 x 21 Turn: 259
2026-06-02 09:45:07 [self-0003-0-attack] Route planned: Target = 195 Mode = strategy city-free reachable tiles = 310 Fallback-Tiles = 314
2026-06-02 09:45:07 [self-0003-0-attack] Move #236: 211 -> 212 | Army: 2 | Target-Terrain: 0 | Target: 195 | Half: False
2026-06-02 09:45:07 [self-0003-0-attack] My general index: 83
2026-06-02 09:45:07 [self-0003-0-attack] Enemy general index: None
2026-06-02 09:45:07 [self-0003-0-attack] Visible enemy tiles: 11
2026-06-02 09:45:07 [self-0003-0-attack] Tiles: 65 / 43
2026-06-02 09:45:07 [self-0003-0-attack] Map: 20 x 21 Turn: 260
2026-06-02 09:45:07 [self-0003-0-attack] Route planned: Target = 195 Mode = strategy city-free reachable tiles = 310 Fallback-Tiles = 314
2026-06-02 09:45:07 [self-0003-0-attack] Move #237: 172 -> 192 | Army: 2 | Target-Terrain: 0 | Target: 195 | Half: False
2026-06-02 09:45:08 [self-0003-0-attack] My general index: 83
2026-06-02 09:45:08 [self-0003-0-attack] Enemy general index: None
2026-06-02 09:45:08 [self-0003-0-attack] Visible enemy tiles: 11
2026-06-02 09:45:08 [self-0003-0-attack] Tiles: 65 / 43
2026-06-02 09:45:08 [self-0003-0-attack] Map: 20 x 21 Turn: 261
2026-06-02 09:45:08 [self-0003-0-attack] Route planned: Target = 195 Mode = strategy city-free reachable tiles = 310 Fallback-Tiles = 314
2026-06-02 09:45:08 [self-0003-0-attack] Move #238: 210 -> 211 | Army: 2 | Target-Terrain: 0 | Target: 195 | Half: False
2026-06-02 09:45:08 [self-0003-0-attack] My general index: 83
2026-06-02 09:45:08 [self-0003-0-attack] Enemy general index: None
2026-06-02 09:45:08 [self-0003-0-attack] Visible enemy tiles: 11
2026-06-02 09:45:08 [self-0003-0-attack] Tiles: 65 / 43
2026-06-02 09:45:08 [self-0003-0-attack] Map: 20 x 21 Turn: 262
2026-06-02 09:45:08 [self-0003-0-attack] Route planned: Target = 195 Mode = strategy city-free reachable tiles = 310 Fallback-Tiles = 314
2026-06-02 09:45:08 [self-0003-0-attack] Move #239: 152 -> 172 | Army: 2 | Target-Terrain: 0 | Target: 195 | Half: False
2026-06-02 09:45:09 [self-0003-0-attack] My general index: 83
2026-06-02 09:45:09 [self-0003-0-attack] Enemy general index: None
2026-06-02 09:45:09 [self-0003-0-attack] Visible enemy tiles: 11
2026-06-02 09:45:09 [self-0003-0-attack] Tiles: 65 / 43
2026-06-02 09:45:09 [self-0003-0-attack] Map: 20 x 21 Turn: 263
2026-06-02 09:45:09 [self-0003-0-attack] Route planned: Target = 195 Mode = strategy city-free reachable tiles = 310 Fallback-Tiles = 314
2026-06-02 09:45:09 [self-0003-0-attack] Move #240: 73 -> 93 | Army: 2 | Target-Terrain: 0 | Target: 195 | Half: False
2026-06-02 09:45:09 [self-0003-0-attack] My general index: 83
2026-06-02 09:45:09 [self-0003-0-attack] Enemy general index: None
2026-06-02 09:45:09 [self-0003-0-attack] Visible enemy tiles: 11
2026-06-02 09:45:09 [self-0003-0-attack] Tiles: 65 / 43
2026-06-02 09:45:09 [self-0003-0-attack] Map: 20 x 21 Turn: 264
2026-06-02 09:45:09 [self-0003-0-attack] Route planned: Target = 195 Mode = strategy city-free reachable tiles = 310 Fallback-Tiles = 314
2026-06-02 09:45:09 [self-0003-0-attack] Move #241: 151 -> 171 | Army: 2 | Target-Terrain: 0 | Target: 195 | Half: False
2026-06-02 09:45:10 [self-0003-0-attack] My general index: 83
2026-06-02 09:45:10 [self-0003-0-attack] Enemy general index: None
2026-06-02 09:45:10 [self-0003-0-attack] Visible enemy tiles: 11
2026-06-02 09:45:10 [self-0003-0-attack] Tiles: 65 / 43
2026-06-02 09:45:10 [self-0003-0-attack] Map: 20 x 21 Turn: 265
2026-06-02 09:45:10 [self-0003-0-attack] Route planned: Target = 195 Mode = strategy city-free reachable tiles = 310 Fallback-Tiles = 314
2026-06-02 09:45:10 [self-0003-0-attack] Move #242: 150 -> 170 | Army: 3 | Target-Terrain: 0 | Target: 195 | Half: False
2026-06-02 09:45:10 [self-0003-0-attack] My general index: 83
2026-06-02 09:45:10 [self-0003-0-attack] Enemy general index: None
2026-06-02 09:45:10 [self-0003-0-attack] Visible enemy tiles: 11
2026-06-02 09:45:10 [self-0003-0-attack] Tiles: 65 / 43
2026-06-02 09:45:10 [self-0003-0-attack] Map: 20 x 21 Turn: 266
2026-06-02 09:45:10 [self-0003-0-attack] Route planned: Target = 195 Mode = strategy city-free reachable tiles = 310 Fallback-Tiles = 314
2026-06-02 09:45:10 [self-0003-0-attack] Move #243: 72 -> 73 | Army: 2 | Target-Terrain: 0 | Target: 195 | Half: False
2026-06-02 09:45:11 [self-0003-0-attack] My general index: 83
2026-06-02 09:45:11 [self-0003-0-attack] Enemy general index: None
2026-06-02 09:45:11 [self-0003-0-attack] Visible enemy tiles: 11
2026-06-02 09:45:11 [self-0003-0-attack] Tiles: 65 / 43
2026-06-02 09:45:11 [self-0003-0-attack] Map: 20 x 21 Turn: 267
2026-06-02 09:45:11 [self-0003-0-attack] Route planned: Target = 195 Mode = strategy city-free reachable tiles = 310 Fallback-Tiles = 314
2026-06-02 09:45:11 [self-0003-0-attack] Move #244: 131 -> 151 | Army: 2 | Target-Terrain: 0 | Target: 195 | Half: False
2026-06-02 09:45:11 [self-0003-0-attack] My general index: 83
2026-06-02 09:45:11 [self-0003-0-attack] Enemy general index: None
2026-06-02 09:45:11 [self-0003-0-attack] Visible enemy tiles: 11
2026-06-02 09:45:11 [self-0003-0-attack] Tiles: 65 / 43
2026-06-02 09:45:11 [self-0003-0-attack] Map: 20 x 21 Turn: 268
2026-06-02 09:45:11 [self-0003-0-attack] Route planned: Target = 195 Mode = strategy city-free reachable tiles = 310 Fallback-Tiles = 314
2026-06-02 09:45:11 [self-0003-0-attack] Move #245: 130 -> 150 | Army: 3 | Target-Terrain: 0 | Target: 195 | Half: False
2026-06-02 09:45:12 [self-0003-0-attack] My general index: 83
2026-06-02 09:45:12 [self-0003-0-attack] Enemy general index: None
2026-06-02 09:45:12 [self-0003-0-attack] Visible enemy tiles: 11
2026-06-02 09:45:12 [self-0003-0-attack] Tiles: 65 / 43
2026-06-02 09:45:12 [self-0003-0-attack] Map: 20 x 21 Turn: 269
2026-06-02 09:45:12 [self-0003-0-attack] Route planned: Target = 195 Mode = strategy city-free reachable tiles = 310 Fallback-Tiles = 314
2026-06-02 09:45:12 [self-0003-0-attack] Move #246: 232 -> 233 | Army: 2 | Target-Terrain: 0 | Target: 195 | Half: False
2026-06-02 09:45:12 [self-0003-0-attack] My general index: 83
2026-06-02 09:45:12 [self-0003-0-attack] Enemy general index: None
2026-06-02 09:45:12 [self-0003-0-attack] Visible enemy tiles: 11
2026-06-02 09:45:12 [self-0003-0-attack] Tiles: 65 / 43
2026-06-02 09:45:12 [self-0003-0-attack] Map: 20 x 21 Turn: 270
2026-06-02 09:45:12 [self-0003-0-attack] Route planned: Target = 195 Mode = strategy city-free reachable tiles = 310 Fallback-Tiles = 314
2026-06-02 09:45:12 [self-0003-0-attack] Move #247: 110 -> 130 | Army: 4 | Target-Terrain: 0 | Target: 195 | Half: False
2026-06-02 09:45:13 [self-0003-0-attack] My general index: 83
2026-06-02 09:45:13 [self-0003-0-attack] Enemy general index: None
2026-06-02 09:45:13 [self-0003-0-attack] Visible enemy tiles: 11
2026-06-02 09:45:13 [self-0003-0-attack] Tiles: 65 / 43
2026-06-02 09:45:13 [self-0003-0-attack] Map: 20 x 21 Turn: 271
2026-06-02 09:45:13 [self-0003-0-attack] Route planned: Target = 195 Mode = strategy city-free reachable tiles = 310 Fallback-Tiles = 314
2026-06-02 09:45:13 [self-0003-0-attack] Move #248: 129 -> 149 | Army: 2 | Target-Terrain: 0 | Target: 195 | Half: False
2026-06-02 09:45:13 [self-0003-0-attack] My general index: 83
2026-06-02 09:45:13 [self-0003-0-attack] Enemy general index: None
2026-06-02 09:45:13 [self-0003-0-attack] Visible enemy tiles: 11
2026-06-02 09:45:13 [self-0003-0-attack] Tiles: 65 / 43
2026-06-02 09:45:13 [self-0003-0-attack] Map: 20 x 21 Turn: 272
2026-06-02 09:45:13 [self-0003-0-attack] Route planned: Target = 195 Mode = strategy city-free reachable tiles = 310 Fallback-Tiles = 314
2026-06-02 09:45:13 [self-0003-0-attack] Move #249: 90 -> 110 | Army: 2 | Target-Terrain: 0 | Target: 195 | Half: False
2026-06-02 09:45:14 [self-0003-0-attack] My general index: 83
2026-06-02 09:45:14 [self-0003-0-attack] Enemy general index: None
2026-06-02 09:45:14 [self-0003-0-attack] Visible enemy tiles: 11
2026-06-02 09:45:14 [self-0003-0-attack] Tiles: 65 / 44
2026-06-02 09:45:14 [self-0003-0-attack] Map: 20 x 21 Turn: 273
2026-06-02 09:45:14 [self-0003-0-attack] Route planned: Target = 195 Mode = strategy city-free reachable tiles = 310 Fallback-Tiles = 314
2026-06-02 09:45:14 [self-0003-0-attack] Move #250: 192 -> 212 | Army: 2 | Target-Terrain: 0 | Target: 195 | Half: False
2026-06-02 09:45:14 [self-0003-0-attack] My general index: 83
2026-06-02 09:45:14 [self-0003-0-attack] Enemy general index: None
2026-06-02 09:45:14 [self-0003-0-attack] Visible enemy tiles: 12
2026-06-02 09:45:14 [self-0003-0-attack] Tiles: 65 / 45
2026-06-02 09:45:14 [self-0003-0-attack] Map: 20 x 21 Turn: 274
2026-06-02 09:45:14 [self-0003-0-attack] Route planned: Target = 195 Mode = strategy city-free reachable tiles = 310 Fallback-Tiles = 314
2026-06-02 09:45:14 [self-0003-0-attack] Move #251: 211 -> 212 | Army: 2 | Target-Terrain: 0 | Target: 195 | Half: False
2026-06-02 09:45:15 [self-0003-0-attack] My general index: 83
2026-06-02 09:45:15 [self-0003-0-attack] Enemy general index: None
2026-06-02 09:45:15 [self-0003-0-attack] Visible enemy tiles: 11
2026-06-02 09:45:15 [self-0003-0-attack] Tiles: 64 / 46
2026-06-02 09:45:15 [self-0003-0-attack] Map: 20 x 21 Turn: 275
2026-06-02 09:45:15 [self-0003-0-attack] Route planned: Target = 195 Mode = strategy city-free reachable tiles = 310 Fallback-Tiles = 314
2026-06-02 09:45:15 [self-0003-0-attack] Move #252: 172 -> 192 | Army: 2 | Target-Terrain: 0 | Target: 195 | Half: False
2026-06-02 09:45:15 [self-0003-0-attack] My general index: 83
2026-06-02 09:45:15 [self-0003-0-attack] Enemy general index: None
2026-06-02 09:45:15 [self-0003-0-attack] Visible enemy tiles: 12
2026-06-02 09:45:15 [self-0003-0-attack] Tiles: 63 / 47
2026-06-02 09:45:15 [self-0003-0-attack] Map: 20 x 21 Turn: 276
2026-06-02 09:45:15 [self-0003-0-attack] Route planned: Target = 195 Mode = strategy city-free reachable tiles = 310 Fallback-Tiles = 314
2026-06-02 09:45:15 [self-0003-0-attack] Move #253: 170 -> 171 | Army: 43 | Target-Terrain: 0 | Target: 195 | Half: False
2026-06-02 09:45:16 [self-0003-0-attack] My general index: 83
2026-06-02 09:45:16 [self-0003-0-attack] Enemy general index: None
2026-06-02 09:45:16 [self-0003-0-attack] Visible enemy tiles: 13
2026-06-02 09:45:16 [self-0003-0-attack] Tiles: 62 / 48
2026-06-02 09:45:16 [self-0003-0-attack] Map: 20 x 21 Turn: 277
2026-06-02 09:45:16 [self-0003-0-attack] Route planned: Target = 195 Mode = strategy city-free reachable tiles = 310 Fallback-Tiles = 314
2026-06-02 09:45:16 [self-0003-0-attack] Move #254: 109 -> 129 | Army: 2 | Target-Terrain: 0 | Target: 195 | Half: False
2026-06-02 09:45:16 [self-0003-0-attack] My general index: 83
2026-06-02 09:45:16 [self-0003-0-attack] Enemy general index: None
2026-06-02 09:45:16 [self-0003-0-attack] Visible enemy tiles: 14
2026-06-02 09:45:16 [self-0003-0-attack] Tiles: 61 / 49
2026-06-02 09:45:16 [self-0003-0-attack] Map: 20 x 21 Turn: 278
2026-06-02 09:45:16 [self-0003-0-attack] Route planned: Target = 195 Mode = strategy city-free reachable tiles = 310 Fallback-Tiles = 314
2026-06-02 09:45:16 [self-0003-0-attack] Move #255: 73 -> 93 | Army: 2 | Target-Terrain: 0 | Target: 195 | Half: False
2026-06-02 09:45:17 [self-0003-0-attack] My general index: 83
2026-06-02 09:45:17 [self-0003-0-attack] Enemy general index: None
2026-06-02 09:45:17 [self-0003-0-attack] Visible enemy tiles: 15
2026-06-02 09:45:17 [self-0003-0-attack] Tiles: 60 / 50
2026-06-02 09:45:17 [self-0003-0-attack] Map: 20 x 21 Turn: 279
2026-06-02 09:45:17 [self-0003-0-attack] Route planned: Target = 195 Mode = strategy city-free reachable tiles = 310 Fallback-Tiles = 314
2026-06-02 09:45:17 [self-0003-0-attack] Move #256: 151 -> 171 | Army: 2 | Target-Terrain: 0 | Target: 195 | Half: False
2026-06-02 09:45:17 [self-0003-0-attack] My general index: 83
2026-06-02 09:45:17 [self-0003-0-attack] Enemy general index: None
2026-06-02 09:45:17 [self-0003-0-attack] Visible enemy tiles: 16
2026-06-02 09:45:17 [self-0003-0-attack] Tiles: 59 / 51
2026-06-02 09:45:17 [self-0003-0-attack] Map: 20 x 21 Turn: 280
2026-06-02 09:45:17 [self-0003-0-attack] Route planned: Target = 195 Mode = strategy city-free reachable tiles = 310 Fallback-Tiles = 314
2026-06-02 09:45:17 [self-0003-0-attack] Move #257: 150 -> 170 | Army: 3 | Target-Terrain: 0 | Target: 195 | Half: False
2026-06-02 09:45:18 [self-0003-0-attack] My general index: 83
2026-06-02 09:45:18 [self-0003-0-attack] Enemy general index: None
2026-06-02 09:45:18 [self-0003-0-attack] Visible enemy tiles: 17
2026-06-02 09:45:18 [self-0003-0-attack] Tiles: 58 / 52
2026-06-02 09:45:18 [self-0003-0-attack] Map: 20 x 21 Turn: 281
2026-06-02 09:45:18 [self-0003-0-attack] Route planned: Target = 195 Mode = strategy city-free reachable tiles = 310 Fallback-Tiles = 314
2026-06-02 09:45:18 [self-0003-0-attack] Move #258: 147 -> 167 | Army: 2 | Target-Terrain: 0 | Target: 195 | Half: False
2026-06-02 09:45:18 [self-0003-0-attack] My general index: 83
2026-06-02 09:45:18 [self-0003-0-attack] Enemy general index: None
2026-06-02 09:45:18 [self-0003-0-attack] Visible enemy tiles: 18
2026-06-02 09:45:18 [self-0003-0-attack] Tiles: 57 / 53
2026-06-02 09:45:18 [self-0003-0-attack] Map: 20 x 21 Turn: 282
2026-06-02 09:45:18 [self-0003-0-attack] Route planned: Target = 195 Mode = strategy city-free reachable tiles = 310 Fallback-Tiles = 314
2026-06-02 09:45:18 [self-0003-0-attack] Move #259: 68 -> 69 | Army: 2 | Target-Terrain: 0 | Target: 195 | Half: False
2026-06-02 09:45:19 [self-0003-0-attack] My general index: 83
2026-06-02 09:45:19 [self-0003-0-attack] Enemy general index: None
2026-06-02 09:45:19 [self-0003-0-attack] Visible enemy tiles: 16
2026-06-02 09:45:19 [self-0003-0-attack] Tiles: 56 / 54
2026-06-02 09:45:19 [self-0003-0-attack] Map: 20 x 21 Turn: 283
2026-06-02 09:45:19 [self-0003-0-attack] Route planned: Target = 195 Mode = strategy city-free reachable tiles = 310 Fallback-Tiles = 314
2026-06-02 09:45:19 [self-0003-0-attack] Move #260: 93 -> 94 | Army: 4 | Target-Terrain: 1 | Target: 195 | Half: False
2026-06-02 09:45:19 [self-0003-0-attack] My general index: 83
2026-06-02 09:45:19 [self-0003-0-attack] Enemy general index: None
2026-06-02 09:45:19 [self-0003-0-attack] Visible enemy tiles: 18
2026-06-02 09:45:19 [self-0003-0-attack] Tiles: 57 / 53
2026-06-02 09:45:19 [self-0003-0-attack] Map: 20 x 21 Turn: 284
2026-06-02 09:45:19 [self-0003-0-attack] Reinforcement waypoint: 235 final target = 195 turns until reinforcement = 16
2026-06-02 09:45:19 [self-0003-0-attack] Route planned: Target = 235 Mode = reinforcement_waypoint city-free reachable tiles = 310 Fallback-Tiles = 314
2026-06-02 09:45:19 [self-0003-0-attack] Move #261: 130 -> 150 | Army: 4 | Target-Terrain: 0 | Target: 235 | Half: False
2026-06-02 09:45:20 [self-0003-0-attack] My general index: 83
2026-06-02 09:45:20 [self-0003-0-attack] Enemy general index: None
2026-06-02 09:45:20 [self-0003-0-attack] Visible enemy tiles: 16
2026-06-02 09:45:20 [self-0003-0-attack] Tiles: 56 / 54
2026-06-02 09:45:20 [self-0003-0-attack] Map: 20 x 21 Turn: 285
2026-06-02 09:45:20 [self-0003-0-attack] Reinforcement waypoint: 234 final target = 195 turns until reinforcement = 15
2026-06-02 09:45:20 [self-0003-0-attack] Route planned: Target = 234 Mode = reinforcement_waypoint city-free reachable tiles = 310 Fallback-Tiles = 314
2026-06-02 09:45:20 [self-0003-0-attack] Move #262: 110 -> 130 | Army: 2 | Target-Terrain: 0 | Target: 234 | Half: False
2026-06-02 09:45:20 [self-0003-0-attack] My general index: 83
2026-06-02 09:45:20 [self-0003-0-attack] Enemy general index: None
2026-06-02 09:45:20 [self-0003-0-attack] Visible enemy tiles: 17
2026-06-02 09:45:20 [self-0003-0-attack] Tiles: 55 / 55
2026-06-02 09:45:20 [self-0003-0-attack] Map: 20 x 21 Turn: 286
2026-06-02 09:45:20 [self-0003-0-attack] Reinforcement waypoint: 233 final target = 195 turns until reinforcement = 14
2026-06-02 09:45:20 [self-0003-0-attack] Route planned: Target = 233 Mode = reinforcement_waypoint city-free reachable tiles = 310 Fallback-Tiles = 314
2026-06-02 09:45:20 [self-0003-0-attack] Move #263: 129 -> 149 | Army: 2 | Target-Terrain: 0 | Target: 233 | Half: False
2026-06-02 09:45:21 [self-0003-0-attack] My general index: 83
2026-06-02 09:45:21 [self-0003-0-attack] Enemy general index: None
2026-06-02 09:45:21 [self-0003-0-attack] Visible enemy tiles: 17
2026-06-02 09:45:21 [self-0003-0-attack] Tiles: 55 / 55
2026-06-02 09:45:21 [self-0003-0-attack] Map: 20 x 21 Turn: 287
2026-06-02 09:45:21 [self-0003-0-attack] Reinforcement waypoint: 232 final target = 195 turns until reinforcement = 13
2026-06-02 09:45:21 [self-0003-0-attack] Route planned: Target = 232 Mode = reinforcement_waypoint city-free reachable tiles = 310 Fallback-Tiles = 314
2026-06-02 09:45:21 [self-0003-0-attack] Move #264: 69 -> 89 | Army: 8 | Target-Terrain: 0 | Target: 232 | Half: False
2026-06-02 09:45:21 [self-0003-0-attack] My general index: 83
2026-06-02 09:45:21 [self-0003-0-attack] Enemy general index: None
2026-06-02 09:45:21 [self-0003-0-attack] Visible enemy tiles: 17
2026-06-02 09:45:21 [self-0003-0-attack] Tiles: 55 / 55
2026-06-02 09:45:21 [self-0003-0-attack] Map: 20 x 21 Turn: 288
2026-06-02 09:45:21 [self-0003-0-attack] Reinforcement waypoint: 212 final target = 195 turns until reinforcement = 12
2026-06-02 09:45:21 [self-0003-0-attack] Route planned: Target = 212 Mode = reinforcement_waypoint city-free reachable tiles = 310 Fallback-Tiles = 314
2026-06-02 09:45:21 [self-0003-0-attack] Move #265: 171 -> 172 | Army: 52 | Target-Terrain: 0 | Target: 212 | Half: False
2026-06-02 09:45:22 [self-0003-0-attack] My general index: 83
2026-06-02 09:45:22 [self-0003-0-attack] Enemy general index: None
2026-06-02 09:45:22 [self-0003-0-attack] Visible enemy tiles: 17
2026-06-02 09:45:22 [self-0003-0-attack] Tiles: 55 / 55
2026-06-02 09:45:22 [self-0003-0-attack] Map: 20 x 21 Turn: 289
2026-06-02 09:45:22 [self-0003-0-attack] Reinforcement waypoint: 192 final target = 195 turns until reinforcement = 11
2026-06-02 09:45:22 [self-0003-0-attack] Route planned: Target = 192 Mode = reinforcement_waypoint city-free reachable tiles = 310 Fallback-Tiles = 314
2026-06-02 09:45:22 [self-0003-0-attack] Move #266: 91 -> 90 | Army: 3 | Target-Terrain: 0 | Target: 192 | Half: False
2026-06-02 09:45:22 [self-0003-0-attack] My general index: 83
2026-06-02 09:45:22 [self-0003-0-attack] Enemy general index: None
2026-06-02 09:45:22 [self-0003-0-attack] Visible enemy tiles: 13
2026-06-02 09:45:22 [self-0003-0-attack] Tiles: 54 / 56
2026-06-02 09:45:22 [self-0003-0-attack] Map: 20 x 21 Turn: 290
2026-06-02 09:45:22 [self-0003-0-attack] Reinforcement waypoint: 192 final target = 195 turns until reinforcement = 10
2026-06-02 09:45:22 [self-0003-0-attack] Route planned: Target = 192 Mode = reinforcement_waypoint city-free reachable tiles = 310 Fallback-Tiles = 314
2026-06-02 09:45:22 [self-0003-0-attack] Move #267: 70 -> 90 | Army: 2 | Target-Terrain: 0 | Target: 192 | Half: False
2026-06-02 09:45:23 [self-0003-0-attack] My general index: 83
2026-06-02 09:45:23 [self-0003-0-attack] Enemy general index: None
2026-06-02 09:45:23 [self-0003-0-attack] Visible enemy tiles: 14
2026-06-02 09:45:23 [self-0003-0-attack] Tiles: 53 / 57
2026-06-02 09:45:23 [self-0003-0-attack] Map: 20 x 21 Turn: 291
2026-06-02 09:45:23 [self-0003-0-attack] Reinforcement waypoint: 192 final target = 195 turns until reinforcement = 9
2026-06-02 09:45:23 [self-0003-0-attack] Route planned: Target = 192 Mode = reinforcement_waypoint city-free reachable tiles = 310 Fallback-Tiles = 314
2026-06-02 09:45:23 [self-0003-0-attack] Move #268: 108 -> 109 | Army: 2 | Target-Terrain: 0 | Target: 192 | Half: False
2026-06-02 09:45:23 [self-0003-0-attack] My general index: 83
2026-06-02 09:45:23 [self-0003-0-attack] Enemy general index: None
2026-06-02 09:45:23 [self-0003-0-attack] Visible enemy tiles: 15
2026-06-02 09:45:23 [self-0003-0-attack] Tiles: 52 / 58
2026-06-02 09:45:23 [self-0003-0-attack] Map: 20 x 21 Turn: 292
2026-06-02 09:45:23 [self-0003-0-attack] Reinforcement waypoint: 192 final target = 195 turns until reinforcement = 8
2026-06-02 09:45:23 [self-0003-0-attack] Route planned: Target = 192 Mode = reinforcement_waypoint city-free reachable tiles = 310 Fallback-Tiles = 314
2026-06-02 09:45:23 [self-0003-0-attack] Move #269: 89 -> 109 | Army: 9 | Target-Terrain: 0 | Target: 192 | Half: False
2026-06-02 09:45:24 [self-0003-0-attack] My general index: 83
2026-06-02 09:45:24 [self-0003-0-attack] Enemy general index: None
2026-06-02 09:45:24 [self-0003-0-attack] Visible enemy tiles: 16
2026-06-02 09:45:24 [self-0003-0-attack] Tiles: 51 / 59
2026-06-02 09:45:24 [self-0003-0-attack] Map: 20 x 21 Turn: 293
2026-06-02 09:45:24 [self-0003-0-attack] Reinforcement waypoint: 192 final target = 195 turns until reinforcement = 7
2026-06-02 09:45:24 [self-0003-0-attack] Route planned: Target = 192 Mode = reinforcement_waypoint city-free reachable tiles = 310 Fallback-Tiles = 314
2026-06-02 09:45:24 [self-0003-0-attack] Move #270: 172 -> 192 | Army: 52 | Target-Terrain: 0 | Target: 192 | Half: False
2026-06-02 09:45:24 [self-0003-0-attack] My general index: 83
2026-06-02 09:45:24 [self-0003-0-attack] Enemy general index: None
2026-06-02 09:45:24 [self-0003-0-attack] Visible enemy tiles: 17
2026-06-02 09:45:24 [self-0003-0-attack] Tiles: 50 / 60
2026-06-02 09:45:24 [self-0003-0-attack] Map: 20 x 21 Turn: 294
2026-06-02 09:45:24 [self-0003-0-attack] Route planned: Target = 89 Mode = defense city-free reachable tiles = 310 Fallback-Tiles = 314
2026-06-02 09:45:24 [self-0003-0-attack] Move #271: 90 -> 89 | Army: 4 | Target-Terrain: 0 | Target: 89 | Half: False
2026-06-02 09:45:25 [self-0003-0-attack] My general index: 83
2026-06-02 09:45:25 [self-0003-0-attack] Enemy general index: None
2026-06-02 09:45:25 [self-0003-0-attack] Visible enemy tiles: 17
2026-06-02 09:45:25 [self-0003-0-attack] Tiles: 49 / 61
2026-06-02 09:45:25 [self-0003-0-attack] Map: 20 x 21 Turn: 295
2026-06-02 09:45:25 [self-0003-0-attack] Route planned: Target = 89 Mode = defense city-free reachable tiles = 310 Fallback-Tiles = 314
2026-06-02 09:45:25 [self-0003-0-attack] Move #272: 88 -> 89 | Army: 2 | Target-Terrain: 0 | Target: 89 | Half: False
2026-06-02 09:45:25 [self-0003-0-attack] My general index: 83
2026-06-02 09:45:25 [self-0003-0-attack] Enemy general index: None
2026-06-02 09:45:25 [self-0003-0-attack] Visible enemy tiles: 18
2026-06-02 09:45:25 [self-0003-0-attack] Tiles: 48 / 62
2026-06-02 09:45:25 [self-0003-0-attack] Map: 20 x 21 Turn: 296
2026-06-02 09:45:25 [self-0003-0-attack] Route planned: Target = 89 Mode = defense city-free reachable tiles = 310 Fallback-Tiles = 314
2026-06-02 09:45:25 [self-0003-0-attack] Priority agent: edge reuse -9000 base = 192410 final = 183410
2026-06-02 09:45:25 [self-0003-0-attack] Move #273: 109 -> 89 | Army: 10 | Target-Terrain: 0 | Target: 89 | Half: False
2026-06-02 09:45:26 [self-0003-0-attack] Coach: catch_up_expand tiles 47/63 army 251/227 cities 0/0 enemy_city_suspect False bias {'expansion_bias': 1.4, 'city_bias': 0.1, 'attack_bias': 0.8, 'defense_bias': 0.0, 'route_bias': 1.0}
2026-06-02 09:45:26 [self-0003-0-attack] My general index: 83
2026-06-02 09:45:26 [self-0003-0-attack] Enemy general index: None
2026-06-02 09:45:26 [self-0003-0-attack] Visible enemy tiles: 19
2026-06-02 09:45:26 [self-0003-0-attack] Tiles: 47 / 63
2026-06-02 09:45:26 [self-0003-0-attack] Map: 20 x 21 Turn: 297
2026-06-02 09:45:26 [self-0003-0-attack] Route planned: Target = 89 Mode = defense city-free reachable tiles = 310 Fallback-Tiles = 314
2026-06-02 09:45:26 [self-0003-0-attack] Move #274: 193 -> 192 | Army: 3 | Target-Terrain: 0 | Target: 89 | Half: False
2026-06-02 09:45:26 [self-0003-0-attack] My general index: 83
2026-06-02 09:45:26 [self-0003-0-attack] Enemy general index: None
2026-06-02 09:45:26 [self-0003-0-attack] Visible enemy tiles: 19
2026-06-02 09:45:26 [self-0003-0-attack] Tiles: 47 / 63
2026-06-02 09:45:26 [self-0003-0-attack] Map: 20 x 21 Turn: 298
2026-06-02 09:45:26 [self-0003-0-attack] Route planned: Target = 89 Mode = defense city-free reachable tiles = 310 Fallback-Tiles = 314
2026-06-02 09:45:26 [self-0003-0-attack] Move #275: 87 -> 88 | Army: 3 | Target-Terrain: 0 | Target: 89 | Half: False
2026-06-02 09:45:27 [self-0003-0-attack] My general index: 83
2026-06-02 09:45:27 [self-0003-0-attack] Enemy general index: None
2026-06-02 09:45:27 [self-0003-0-attack] Visible enemy tiles: 19
2026-06-02 09:45:27 [self-0003-0-attack] Tiles: 47 / 63
2026-06-02 09:45:27 [self-0003-0-attack] Map: 20 x 21 Turn: 299
2026-06-02 09:45:27 [self-0003-0-attack] Route planned: Target = 89 Mode = defense city-free reachable tiles = 310 Fallback-Tiles = 314
2026-06-02 09:45:27 [self-0003-0-attack] Priority agent: edge reuse -9000, flow +6000 base = 216953 final = 213953
2026-06-02 09:45:27 [self-0003-0-attack] Move #276: 88 -> 89 | Army: 3 | Target-Terrain: 0 | Target: 89 | Half: False
2026-06-02 09:45:27 [self-0003-0-attack] My general index: 83
2026-06-02 09:45:27 [self-0003-0-attack] Enemy general index: None
2026-06-02 09:45:27 [self-0003-0-attack] Visible enemy tiles: 19
2026-06-02 09:45:27 [self-0003-0-attack] Tiles: 47 / 63
2026-06-02 09:45:27 [self-0003-0-attack] Map: 20 x 21 Turn: 300
2026-06-02 09:45:27 [self-0003-0-attack] Route planned: Target = 89 Mode = defense city-free reachable tiles = 310 Fallback-Tiles = 314
2026-06-02 09:45:27 [self-0003-0-attack] Priority agent: edge reuse -9000 base = 220252 final = 211252
2026-06-02 09:45:27 [self-0003-0-attack] Move #277: 69 -> 89 | Army: 2 | Target-Terrain: 0 | Target: 89 | Half: False
2026-06-02 09:45:28 [self-0003-0-attack] My general index: 83
2026-06-02 09:45:28 [self-0003-0-attack] Enemy general index: None
2026-06-02 09:45:28 [self-0003-0-attack] Visible enemy tiles: 19
2026-06-02 09:45:28 [self-0003-0-attack] Tiles: 47 / 64
2026-06-02 09:45:28 [self-0003-0-attack] Map: 20 x 21 Turn: 301
2026-06-02 09:45:28 [self-0003-0-attack] Route planned: Target = 89 Mode = defense city-free reachable tiles = 310 Fallback-Tiles = 314
2026-06-02 09:45:28 [self-0003-0-attack] Priority agent: edge reuse -9000 base = 214752 final = 205752
2026-06-02 09:45:28 [self-0003-0-attack] Move #278: 90 -> 89 | Army: 2 | Target-Terrain: 0 | Target: 89 | Half: False
2026-06-02 09:45:28 [self-0003-0-attack] My general index: 83
2026-06-02 09:45:28 [self-0003-0-attack] Enemy general index: None
2026-06-02 09:45:28 [self-0003-0-attack] Visible enemy tiles: 19
2026-06-02 09:45:28 [self-0003-0-attack] Tiles: 47 / 64
2026-06-02 09:45:28 [self-0003-0-attack] Map: 20 x 21 Turn: 302
2026-06-02 09:45:28 [self-0003-0-attack] Route planned: Target = 89 Mode = defense city-free reachable tiles = 310 Fallback-Tiles = 314
2026-06-02 09:45:28 [self-0003-0-attack] Priority agent: edge reuse -18000 base = 199752 final = 181752
2026-06-02 09:45:28 [self-0003-0-attack] Move #279: 88 -> 89 | Army: 2 | Target-Terrain: 0 | Target: 89 | Half: False
2026-06-02 09:45:29 [self-0003-0-attack] My general index: 83
2026-06-02 09:45:29 [self-0003-0-attack] Enemy general index: None
2026-06-02 09:45:29 [self-0003-0-attack] Visible enemy tiles: 19
2026-06-02 09:45:29 [self-0003-0-attack] Tiles: 47 / 64
2026-06-02 09:45:29 [self-0003-0-attack] Map: 20 x 21 Turn: 303
2026-06-02 09:45:29 [self-0003-0-attack] Route planned: Target = 89 Mode = defense city-free reachable tiles = 310 Fallback-Tiles = 314
2026-06-02 09:45:29 [self-0003-0-attack] Priority agent: edge reuse -18000 base = 197902 final = 179902
2026-06-02 09:45:29 [self-0003-0-attack] Move #280: 109 -> 89 | Army: 2 | Target-Terrain: 0 | Target: 89 | Half: False
2026-06-02 09:45:29 [self-0003-0-attack] My general index: 83
2026-06-02 09:45:29 [self-0003-0-attack] Enemy general index: None
2026-06-02 09:45:29 [self-0003-0-attack] Visible enemy tiles: 19
2026-06-02 09:45:29 [self-0003-0-attack] Tiles: 47 / 64
2026-06-02 09:45:29 [self-0003-0-attack] Map: 20 x 21 Turn: 304
2026-06-02 09:45:29 [self-0003-0-attack] Route planned: Target = 89 Mode = defense city-free reachable tiles = 310 Fallback-Tiles = 314
2026-06-02 09:45:29 [self-0003-0-attack] Move #281: 204 -> 205 | Army: 2 | Target-Terrain: -1 | Target: 89 | Half: False
2026-06-02 09:45:30 [self-0003-0-attack] My general index: 83
2026-06-02 09:45:30 [self-0003-0-attack] Enemy general index: None
2026-06-02 09:45:30 [self-0003-0-attack] Visible enemy tiles: 19
2026-06-02 09:45:30 [self-0003-0-attack] Tiles: 48 / 64
2026-06-02 09:45:30 [self-0003-0-attack] Map: 20 x 21 Turn: 305
2026-06-02 09:45:30 [self-0003-0-attack] Route planned: Target = 89 Mode = defense city-free reachable tiles = 310 Fallback-Tiles = 314
2026-06-02 09:45:30 [self-0003-0-attack] Move #282: 68 -> 69 | Army: 2 | Target-Terrain: 0 | Target: 89 | Half: False
2026-06-02 09:45:30 [self-0003-0-attack] My general index: 83
2026-06-02 09:45:30 [self-0003-0-attack] Enemy general index: None
2026-06-02 09:45:30 [self-0003-0-attack] Visible enemy tiles: 19
2026-06-02 09:45:30 [self-0003-0-attack] Tiles: 48 / 64
2026-06-02 09:45:30 [self-0003-0-attack] Map: 20 x 21 Turn: 306
2026-06-02 09:45:30 [self-0003-0-attack] Route planned: Target = 89 Mode = defense city-free reachable tiles = 310 Fallback-Tiles = 314
2026-06-02 09:45:30 [self-0003-0-attack] Priority agent: edge reuse -9000, flow +6000 base = 214252 final = 211252
2026-06-02 09:45:30 [self-0003-0-attack] Move #283: 69 -> 89 | Army: 2 | Target-Terrain: 0 | Target: 89 | Half: False
2026-06-02 09:45:31 [self-0003-0-attack] My general index: 83
2026-06-02 09:45:31 [self-0003-0-attack] Enemy general index: None
2026-06-02 09:45:31 [self-0003-0-attack] Visible enemy tiles: 19
2026-06-02 09:45:31 [self-0003-0-attack] Tiles: 48 / 64
2026-06-02 09:45:31 [self-0003-0-attack] Map: 20 x 21 Turn: 307
2026-06-02 09:45:31 [self-0003-0-attack] Route planned: Target = 89 Mode = defense city-free reachable tiles = 310 Fallback-Tiles = 314
2026-06-02 09:45:31 [self-0003-0-attack] Move #284: 108 -> 109 | Army: 2 | Target-Terrain: 0 | Target: 89 | Half: False
2026-06-02 09:45:31 [self-0003-0-attack] My general index: 83
2026-06-02 09:45:31 [self-0003-0-attack] Enemy general index: None
2026-06-02 09:45:31 [self-0003-0-attack] Visible enemy tiles: 19
2026-06-02 09:45:31 [self-0003-0-attack] Tiles: 48 / 64
2026-06-02 09:45:31 [self-0003-0-attack] Map: 20 x 21 Turn: 308
2026-06-02 09:45:31 [self-0003-0-attack] Route planned: Target = 89 Mode = defense city-free reachable tiles = 310 Fallback-Tiles = 314
2026-06-02 09:45:31 [self-0003-0-attack] Priority agent: edge reuse -18000, flow +6000 base = 197402 final = 185402
2026-06-02 09:45:31 [self-0003-0-attack] Move #285: 109 -> 89 | Army: 2 | Target-Terrain: 0 | Target: 89 | Half: False
2026-06-02 09:45:32 [self-0003-0-attack] My general index: 83
2026-06-02 09:45:32 [self-0003-0-attack] Enemy general index: None
2026-06-02 09:45:32 [self-0003-0-attack] Visible enemy tiles: 19
2026-06-02 09:45:32 [self-0003-0-attack] Tiles: 48 / 64
2026-06-02 09:45:32 [self-0003-0-attack] Map: 20 x 21 Turn: 309
2026-06-02 09:45:32 [self-0003-0-attack] Route planned: Target = 89 Mode = defense city-free reachable tiles = 310 Fallback-Tiles = 314
2026-06-02 09:45:32 [self-0003-0-attack] Move #286: 110 -> 109 | Army: 2 | Target-Terrain: 0 | Target: 89 | Half: False
2026-06-02 09:45:32 [self-0003-0-attack] My general index: 83
2026-06-02 09:45:32 [self-0003-0-attack] Enemy general index: None
2026-06-02 09:45:32 [self-0003-0-attack] Visible enemy tiles: 19
2026-06-02 09:45:32 [self-0003-0-attack] Tiles: 48 / 64
2026-06-02 09:45:32 [self-0003-0-attack] Map: 20 x 21 Turn: 310
2026-06-02 09:45:32 [self-0003-0-attack] Route planned: Target = 89 Mode = defense city-free reachable tiles = 310 Fallback-Tiles = 314
2026-06-02 09:45:32 [self-0003-0-attack] Priority agent: edge reuse -27000, flow +6000 base = 197402 final = 176402
2026-06-02 09:45:32 [self-0003-0-attack] Move #287: 109 -> 89 | Army: 2 | Target-Terrain: 0 | Target: 89 | Half: False
2026-06-02 09:45:33 [self-0003-0-attack] My general index: 83
2026-06-02 09:45:33 [self-0003-0-attack] Enemy general index: None
2026-06-02 09:45:33 [self-0003-0-attack] Visible enemy tiles: 19
2026-06-02 09:45:33 [self-0003-0-attack] Tiles: 48 / 64
2026-06-02 09:45:33 [self-0003-0-attack] Map: 20 x 21 Turn: 311
2026-06-02 09:45:33 [self-0003-0-attack] Route planned: Target = 89 Mode = defense city-free reachable tiles = 310 Fallback-Tiles = 314
2026-06-02 09:45:33 [self-0003-0-attack] Move #288: 70 -> 90 | Army: 2 | Target-Terrain: 0 | Target: 89 | Half: False
2026-06-02 09:45:33 [self-0003-0-attack] My general index: 83
2026-06-02 09:45:33 [self-0003-0-attack] Enemy general index: None
2026-06-02 09:45:33 [self-0003-0-attack] Visible enemy tiles: 19
2026-06-02 09:45:33 [self-0003-0-attack] Tiles: 48 / 64
2026-06-02 09:45:33 [self-0003-0-attack] Map: 20 x 21 Turn: 312
2026-06-02 09:45:33 [self-0003-0-attack] Route planned: Target = 89 Mode = defense city-free reachable tiles = 310 Fallback-Tiles = 314
2026-06-02 09:45:33 [self-0003-0-attack] Priority agent: edge reuse -9000, flow +6000 base = 214252 final = 211252
2026-06-02 09:45:33 [self-0003-0-attack] Move #289: 90 -> 89 | Army: 2 | Target-Terrain: 0 | Target: 89 | Half: False
2026-06-02 09:45:34 [self-0003-0-attack] My general index: 83
2026-06-02 09:45:34 [self-0003-0-attack] Enemy general index: None
2026-06-02 09:45:34 [self-0003-0-attack] Visible enemy tiles: 19
2026-06-02 09:45:34 [self-0003-0-attack] Tiles: 48 / 64
2026-06-02 09:45:34 [self-0003-0-attack] Map: 20 x 21 Turn: 313
2026-06-02 09:45:34 [self-0003-0-attack] Route planned: Target = 89 Mode = defense city-free reachable tiles = 310 Fallback-Tiles = 314
2026-06-02 09:45:34 [self-0003-0-attack] Move #290: 91 -> 90 | Army: 2 | Target-Terrain: 0 | Target: 89 | Half: False
2026-06-02 09:45:34 [self-0003-0-attack] My general index: 83
2026-06-02 09:45:34 [self-0003-0-attack] Enemy general index: None
2026-06-02 09:45:34 [self-0003-0-attack] Visible enemy tiles: 19
2026-06-02 09:45:34 [self-0003-0-attack] Tiles: 48 / 64
2026-06-02 09:45:34 [self-0003-0-attack] Map: 20 x 21 Turn: 314
2026-06-02 09:45:34 [self-0003-0-attack] Route planned: Target = 89 Mode = defense city-free reachable tiles = 310 Fallback-Tiles = 314
2026-06-02 09:45:34 [self-0003-0-attack] Priority agent: edge reuse -18000, flow +6000 base = 199252 final = 187252
2026-06-02 09:45:34 [self-0003-0-attack] Move #291: 90 -> 89 | Army: 2 | Target-Terrain: 0 | Target: 89 | Half: False
2026-06-02 09:45:35 [self-0003-0-attack] My general index: 83
2026-06-02 09:45:35 [self-0003-0-attack] Enemy general index: None
2026-06-02 09:45:35 [self-0003-0-attack] Visible enemy tiles: 19
2026-06-02 09:45:35 [self-0003-0-attack] Tiles: 48 / 64
2026-06-02 09:45:35 [self-0003-0-attack] Map: 20 x 21 Turn: 315
2026-06-02 09:45:35 [self-0003-0-attack] Route planned: Target = 89 Mode = defense city-free reachable tiles = 310 Fallback-Tiles = 314
2026-06-02 09:45:35 [self-0003-0-attack] Move #292: 193 -> 192 | Army: 2 | Target-Terrain: 0 | Target: 89 | Half: False
2026-06-02 09:45:35 [self-0003-0-attack] My general index: 83
2026-06-02 09:45:35 [self-0003-0-attack] Enemy general index: None
2026-06-02 09:45:35 [self-0003-0-attack] Visible enemy tiles: 19
2026-06-02 09:45:35 [self-0003-0-attack] Tiles: 48 / 64
2026-06-02 09:45:35 [self-0003-0-attack] Map: 20 x 21 Turn: 316
2026-06-02 09:45:35 [self-0003-0-attack] Route planned: Target = 89 Mode = defense city-free reachable tiles = 310 Fallback-Tiles = 314
2026-06-02 09:45:35 [self-0003-0-attack] Priority agent: flow +6000 base = 127827 final = 133827
2026-06-02 09:45:35 [self-0003-0-attack] Move #293: 192 -> 172 | Army: 57 | Target-Terrain: 0 | Target: 89 | Half: False
2026-06-02 09:45:36 [self-0003-0-attack] My general index: 83
2026-06-02 09:45:36 [self-0003-0-attack] Enemy general index: None
2026-06-02 09:45:36 [self-0003-0-attack] Visible enemy tiles: 19
2026-06-02 09:45:36 [self-0003-0-attack] Tiles: 48 / 64
2026-06-02 09:45:36 [self-0003-0-attack] Map: 20 x 21 Turn: 317
2026-06-02 09:45:36 [self-0003-0-attack] Route planned: Target = 89 Mode = defense city-free reachable tiles = 310 Fallback-Tiles = 314
2026-06-02 09:45:36 [self-0003-0-attack] Priority agent: flow +6000 base = 127368 final = 133368
2026-06-02 09:45:36 [self-0003-0-attack] Move #294: 172 -> 171 | Army: 58 | Target-Terrain: 0 | Target: 89 | Half: False
2026-06-02 09:45:36 [self-0003-0-attack] My general index: 83
2026-06-02 09:45:36 [self-0003-0-attack] Enemy general index: None
2026-06-02 09:45:36 [self-0003-0-attack] Visible enemy tiles: 19
2026-06-02 09:45:36 [self-0003-0-attack] Tiles: 48 / 64
2026-06-02 09:45:36 [self-0003-0-attack] Map: 20 x 21 Turn: 318
2026-06-02 09:45:36 [self-0003-0-attack] Route planned: Target = 89 Mode = defense city-free reachable tiles = 310 Fallback-Tiles = 314
2026-06-02 09:45:36 [self-0003-0-attack] Priority agent: flow +6000 base = 165659 final = 171659
2026-06-02 09:45:36 [self-0003-0-attack] Move #295: 171 -> 170 | Army: 59 | Target-Terrain: 1 | Target: 89 | Half: False
2026-06-02 09:45:37 [self-0003-0-attack] My general index: 83
2026-06-02 09:45:37 [self-0003-0-attack] Enemy general index: None
2026-06-02 09:45:37 [self-0003-0-attack] Visible enemy tiles: 19
2026-06-02 09:45:37 [self-0003-0-attack] Tiles: 49 / 63
2026-06-02 09:45:37 [self-0003-0-attack] Map: 20 x 21 Turn: 319
2026-06-02 09:45:37 [self-0003-0-attack] Route planned: Target = 89 Mode = defense city-free reachable tiles = 310 Fallback-Tiles = 314
2026-06-02 09:45:37 [self-0003-0-attack] Priority agent: flow +6000 base = 166543 final = 172543
2026-06-02 09:45:37 [self-0003-0-attack] Move #296: 170 -> 150 | Army: 53 | Target-Terrain: 1 | Target: 89 | Half: False
2026-06-02 09:45:37 [self-0003-0-attack] My general index: 83
2026-06-02 09:45:37 [self-0003-0-attack] Enemy general index: None
2026-06-02 09:45:37 [self-0003-0-attack] Visible enemy tiles: 18
2026-06-02 09:45:37 [self-0003-0-attack] Tiles: 50 / 62
2026-06-02 09:45:37 [self-0003-0-attack] Map: 20 x 21 Turn: 320
2026-06-02 09:45:37 [self-0003-0-attack] Route planned: Target = 89 Mode = defense city-free reachable tiles = 310 Fallback-Tiles = 314
2026-06-02 09:45:37 [self-0003-0-attack] Priority agent: flow +6000 base = 167781 final = 173781
2026-06-02 09:45:37 [self-0003-0-attack] Move #297: 150 -> 130 | Army: 51 | Target-Terrain: 1 | Target: 89 | Half: False
2026-06-02 09:45:38 [self-0003-0-attack] My general index: 83
2026-06-02 09:45:38 [self-0003-0-attack] Enemy general index: None
2026-06-02 09:45:38 [self-0003-0-attack] Visible enemy tiles: 17
2026-06-02 09:45:38 [self-0003-0-attack] Tiles: 51 / 61
2026-06-02 09:45:38 [self-0003-0-attack] Map: 20 x 21 Turn: 321
2026-06-02 09:45:38 [self-0003-0-attack] Route planned: Target = 89 Mode = defense city-free reachable tiles = 310 Fallback-Tiles = 314
2026-06-02 09:45:38 [self-0003-0-attack] Priority agent: flow +6000 base = 162469 final = 168469
2026-06-02 09:45:38 [self-0003-0-attack] Move #298: 130 -> 129 | Army: 49 | Target-Terrain: 1 | Target: 89 | Half: False
2026-06-02 09:45:38 [self-0003-0-attack] My general index: 83
2026-06-02 09:45:38 [self-0003-0-attack] Enemy general index: None
2026-06-02 09:45:38 [self-0003-0-attack] Visible enemy tiles: 17
2026-06-02 09:45:38 [self-0003-0-attack] Tiles: 51 / 61
2026-06-02 09:45:38 [self-0003-0-attack] Map: 20 x 21 Turn: 322
2026-06-02 09:45:38 [self-0003-0-attack] Route planned: Target = 89 Mode = defense city-free reachable tiles = 310 Fallback-Tiles = 314
2026-06-02 09:45:38 [self-0003-0-attack] Priority agent: flow +6000 base = 129557 final = 135557
2026-06-02 09:45:38 [self-0003-0-attack] Move #299: 129 -> 109 | Army: 47 | Target-Terrain: 0 | Target: 89 | Half: False
2026-06-02 09:45:39 [self-0003-0-attack] My general index: 83
2026-06-02 09:45:39 [self-0003-0-attack] Enemy general index: None
2026-06-02 09:45:39 [self-0003-0-attack] Visible enemy tiles: 17
2026-06-02 09:45:39 [self-0003-0-attack] Tiles: 51 / 61
2026-06-02 09:45:39 [self-0003-0-attack] Map: 20 x 21 Turn: 323
2026-06-02 09:45:39 [self-0003-0-attack] Route planned: Target = 89 Mode = defense city-free reachable tiles = 310 Fallback-Tiles = 314
2026-06-02 09:45:39 [self-0003-0-attack] Priority agent: edge reuse -9000, flow +6000 base = 216447 final = 213447
2026-06-02 09:45:39 [self-0003-0-attack] Move #300: 109 -> 89 | Army: 47 | Target-Terrain: 0 | Target: 89 | Half: False
2026-06-02 09:45:39 [self-0003-0-attack] My general index: 83
2026-06-02 09:45:39 [self-0003-0-attack] Enemy general index: None
2026-06-02 09:45:39 [self-0003-0-attack] Visible enemy tiles: 17
2026-06-02 09:45:39 [self-0003-0-attack] Tiles: 51 / 61
2026-06-02 09:45:39 [self-0003-0-attack] Map: 20 x 21 Turn: 324
2026-06-02 09:45:39 [self-0003-0-attack] Route planned: Target = 195 Mode = defense city-free reachable tiles = 310 Fallback-Tiles = 314
2026-06-02 09:45:39 [self-0003-0-attack] Move #301: 188 -> 189 | Army: 2 | Target-Terrain: -1 | Target: 195 | Half: False
2026-06-02 09:45:40 [self-0003-0-attack] My general index: 83
2026-06-02 09:45:40 [self-0003-0-attack] Enemy general index: None
2026-06-02 09:45:40 [self-0003-0-attack] Visible enemy tiles: 17
2026-06-02 09:45:40 [self-0003-0-attack] Tiles: 52 / 61
2026-06-02 09:45:40 [self-0003-0-attack] Map: 20 x 21 Turn: 325
2026-06-02 09:45:40 [self-0003-0-attack] Route planned: Target = 195 Mode = defense city-free reachable tiles = 310 Fallback-Tiles = 314
2026-06-02 09:45:40 [self-0003-0-attack] Move #302: 230 -> 231 | Army: 2 | Target-Terrain: 0 | Target: 195 | Half: False
2026-06-02 09:45:40 [self-0003-0-attack] My general index: 83
2026-06-02 09:45:40 [self-0003-0-attack] Enemy general index: None
2026-06-02 09:45:40 [self-0003-0-attack] Visible enemy tiles: 18
2026-06-02 09:45:40 [self-0003-0-attack] Tiles: 52 / 62
2026-06-02 09:45:40 [self-0003-0-attack] Map: 20 x 21 Turn: 326
2026-06-02 09:45:40 [self-0003-0-attack] Route planned: Target = 195 Mode = defense city-free reachable tiles = 310 Fallback-Tiles = 314
2026-06-02 09:45:40 [self-0003-0-attack] Move #303: 152 -> 172 | Army: 2 | Target-Terrain: 0 | Target: 195 | Half: False
2026-06-02 09:45:41 [self-0003-0-attack] My general index: 83
2026-06-02 09:45:41 [self-0003-0-attack] Enemy general index: None
2026-06-02 09:45:41 [self-0003-0-attack] Visible enemy tiles: 18
2026-06-02 09:45:41 [self-0003-0-attack] Tiles: 52 / 63
2026-06-02 09:45:41 [self-0003-0-attack] Map: 20 x 21 Turn: 327
2026-06-02 09:45:41 [self-0003-0-attack] Route planned: Target = 195 Mode = defense city-free reachable tiles = 310 Fallback-Tiles = 314
2026-06-02 09:45:41 [self-0003-0-attack] Move #304: 72 -> 73 | Army: 2 | Target-Terrain: 0 | Target: 195 | Half: False
2026-06-02 09:45:41 [self-0003-0-attack] My general index: 83
2026-06-02 09:45:41 [self-0003-0-attack] Enemy general index: None
2026-06-02 09:45:41 [self-0003-0-attack] Visible enemy tiles: 18
2026-06-02 09:45:41 [self-0003-0-attack] Tiles: 52 / 64
2026-06-02 09:45:41 [self-0003-0-attack] Map: 20 x 21 Turn: 328
2026-06-02 09:45:41 [self-0003-0-attack] Route planned: Target = 195 Mode = defense city-free reachable tiles = 310 Fallback-Tiles = 314
2026-06-02 09:45:41 [self-0003-0-attack] Move #305: 187 -> 188 | Army: 2 | Target-Terrain: 0 | Target: 195 | Half: False
2026-06-02 09:45:42 [self-0003-0-attack] My general index: 83
2026-06-02 09:45:42 [self-0003-0-attack] Enemy general index: None
2026-06-02 09:45:42 [self-0003-0-attack] Visible enemy tiles: 18
2026-06-02 09:45:42 [self-0003-0-attack] Tiles: 52 / 64
2026-06-02 09:45:42 [self-0003-0-attack] Map: 20 x 21 Turn: 329
2026-06-02 09:45:42 [self-0003-0-attack] Route planned: Target = 209 Mode = strategy city-free reachable tiles = 310 Fallback-Tiles = 314
2026-06-02 09:45:42 [self-0003-0-attack] Priority agent: flow +6000 base = 54712 final = 60712
2026-06-02 09:45:42 [self-0003-0-attack] Move #306: 188 -> 208 | Army: 2 | Target-Terrain: -1 | Target: 209 | Half: False
2026-06-02 09:45:42 [self-0003-0-attack] My general index: 83
2026-06-02 09:45:42 [self-0003-0-attack] Enemy general index: None
2026-06-02 09:45:42 [self-0003-0-attack] Visible enemy tiles: 19
2026-06-02 09:45:42 [self-0003-0-attack] Tiles: 52 / 65
2026-06-02 09:45:42 [self-0003-0-attack] Map: 20 x 21 Turn: 330
2026-06-02 09:45:42 [self-0003-0-attack] Route planned: Target = 209 Mode = strategy city-free reachable tiles = 310 Fallback-Tiles = 314
2026-06-02 09:45:42 [self-0003-0-attack] Move #307: 231 -> 232 | Army: 3 | Target-Terrain: 1 | Target: 209 | Half: False
2026-06-02 09:45:43 [self-0003-0-attack] My general index: 83
2026-06-02 09:45:43 [self-0003-0-attack] Enemy general index: None
2026-06-02 09:45:43 [self-0003-0-attack] Visible enemy tiles: 20
2026-06-02 09:45:43 [self-0003-0-attack] Tiles: 53 / 64
2026-06-02 09:45:43 [self-0003-0-attack] Map: 20 x 21 Turn: 331
2026-06-02 09:45:43 [self-0003-0-attack] Route planned: Target = 209 Mode = strategy city-free reachable tiles = 310 Fallback-Tiles = 314
2026-06-02 09:45:43 [self-0003-0-attack] Move #308: 147 -> 167 | Army: 2 | Target-Terrain: 0 | Target: 209 | Half: False
2026-06-02 09:45:43 [self-0003-0-attack] My general index: 83
2026-06-02 09:45:43 [self-0003-0-attack] Enemy general index: None
2026-06-02 09:45:43 [self-0003-0-attack] Visible enemy tiles: 19
2026-06-02 09:45:43 [self-0003-0-attack] Tiles: 52 / 65
2026-06-02 09:45:43 [self-0003-0-attack] Map: 20 x 21 Turn: 332
2026-06-02 09:45:43 [self-0003-0-attack] Route planned: Target = 209 Mode = strategy city-free reachable tiles = 310 Fallback-Tiles = 314
2026-06-02 09:45:43 [self-0003-0-attack] Move #309: 172 -> 171 | Army: 2 | Target-Terrain: 0 | Target: 209 | Half: False
2026-06-02 09:45:44 [self-0003-0-attack] My general index: 83
2026-06-02 09:45:44 [self-0003-0-attack] Enemy general index: None
2026-06-02 09:45:44 [self-0003-0-attack] Visible enemy tiles: 19
2026-06-02 09:45:44 [self-0003-0-attack] Tiles: 51 / 66
2026-06-02 09:45:44 [self-0003-0-attack] Map: 20 x 21 Turn: 333
2026-06-02 09:45:44 [self-0003-0-attack] Route planned: Target = 209 Mode = strategy city-free reachable tiles = 310 Fallback-Tiles = 314
2026-06-02 09:45:44 [self-0003-0-attack] Move #310: 127 -> 147 | Army: 3 | Target-Terrain: 0 | Target: 209 | Half: False
2026-06-02 09:45:44 [self-0003-0-attack] My general index: 83
2026-06-02 09:45:44 [self-0003-0-attack] Enemy general index: None
2026-06-02 09:45:44 [self-0003-0-attack] Visible enemy tiles: 17
2026-06-02 09:45:44 [self-0003-0-attack] Tiles: 50 / 67
2026-06-02 09:45:44 [self-0003-0-attack] Map: 20 x 21 Turn: 334
2026-06-02 09:45:44 [self-0003-0-attack] Reinforcement waypoint: 209 final target = 209 turns until reinforcement = 16
2026-06-02 09:45:44 [self-0003-0-attack] Route planned: Target = 209 Mode = reinforcement_waypoint city-free reachable tiles = 310 Fallback-Tiles = 314
2026-06-02 09:45:44 [self-0003-0-attack] Move #311: 126 -> 127 | Army: 6 | Target-Terrain: 0 | Target: 209 | Half: False
2026-06-02 09:45:45 [self-0003-0-attack] My general index: 83
2026-06-02 09:45:45 [self-0003-0-attack] Enemy general index: None
2026-06-02 09:45:45 [self-0003-0-attack] Visible enemy tiles: 17
2026-06-02 09:45:45 [self-0003-0-attack] Tiles: 50 / 67
2026-06-02 09:45:45 [self-0003-0-attack] Map: 20 x 21 Turn: 335
2026-06-02 09:45:45 [self-0003-0-attack] Reinforcement waypoint: 209 final target = 209 turns until reinforcement = 15
2026-06-02 09:45:45 [self-0003-0-attack] Route planned: Target = 209 Mode = reinforcement_waypoint city-free reachable tiles = 310 Fallback-Tiles = 314
2026-06-02 09:45:45 [self-0003-0-attack] Move #312: 84 -> 85 | Army: 42 | Target-Terrain: 0 | Target: 209 | Half: False
2026-06-02 09:45:45 [self-0003-0-attack] My general index: 83
2026-06-02 09:45:45 [self-0003-0-attack] Enemy general index: None
2026-06-02 09:45:45 [self-0003-0-attack] Visible enemy tiles: 17
2026-06-02 09:45:45 [self-0003-0-attack] Tiles: 50 / 67
2026-06-02 09:45:45 [self-0003-0-attack] Map: 20 x 21 Turn: 336
2026-06-02 09:45:45 [self-0003-0-attack] Reinforcement waypoint: 209 final target = 209 turns until reinforcement = 14
2026-06-02 09:45:45 [self-0003-0-attack] Route planned: Target = 209 Mode = reinforcement_waypoint city-free reachable tiles = 310 Fallback-Tiles = 314
2026-06-02 09:45:45 [self-0003-0-attack] Move #313: 167 -> 187 | Army: 8 | Target-Terrain: 0 | Target: 209 | Half: False
2026-06-02 09:45:46 [self-0003-0-attack] My general index: 83
2026-06-02 09:45:46 [self-0003-0-attack] Enemy general index: None
2026-06-02 09:45:46 [self-0003-0-attack] Visible enemy tiles: 17
2026-06-02 09:45:46 [self-0003-0-attack] Tiles: 50 / 67
2026-06-02 09:45:46 [self-0003-0-attack] Map: 20 x 21 Turn: 337
2026-06-02 09:45:46 [self-0003-0-attack] Reinforcement waypoint: 209 final target = 209 turns until reinforcement = 13
2026-06-02 09:45:46 [self-0003-0-attack] Route planned: Target = 209 Mode = reinforcement_waypoint city-free reachable tiles = 310 Fallback-Tiles = 314
2026-06-02 09:45:46 [self-0003-0-attack] Move #314: 171 -> 170 | Army: 2 | Target-Terrain: 0 | Target: 209 | Half: False
2026-06-02 09:45:46 [self-0003-0-attack] My general index: 83
2026-06-02 09:45:46 [self-0003-0-attack] Enemy general index: None
2026-06-02 09:45:46 [self-0003-0-attack] Visible enemy tiles: 17
2026-06-02 09:45:46 [self-0003-0-attack] Tiles: 50 / 67
2026-06-02 09:45:46 [self-0003-0-attack] Map: 20 x 21 Turn: 338
2026-06-02 09:45:46 [self-0003-0-attack] Reinforcement waypoint: 189 final target = 209 turns until reinforcement = 12
2026-06-02 09:45:46 [self-0003-0-attack] Route planned: Target = 189 Mode = reinforcement_waypoint city-free reachable tiles = 310 Fallback-Tiles = 314
2026-06-02 09:45:46 [self-0003-0-attack] Move #315: 89 -> 109 | Army: 72 | Target-Terrain: 0 | Target: 189 | Half: False
2026-06-02 09:45:47 [self-0003-0-attack] My general index: 83
2026-06-02 09:45:47 [self-0003-0-attack] Enemy general index: None
2026-06-02 09:45:47 [self-0003-0-attack] Visible enemy tiles: 17
2026-06-02 09:45:47 [self-0003-0-attack] Tiles: 50 / 67
2026-06-02 09:45:47 [self-0003-0-attack] Map: 20 x 21 Turn: 339
2026-06-02 09:45:47 [self-0003-0-attack] Route planned: Target = 89 Mode = defense city-free reachable tiles = 310 Fallback-Tiles = 314
2026-06-02 09:45:47 [self-0003-0-attack] Priority agent: reverse -35000, edge reuse -9000 base = 208972 final = 164972
2026-06-02 09:45:47 [self-0003-0-attack] Move #316: 109 -> 89 | Army: 72 | Target-Terrain: 0 | Target: 89 | Half: False
2026-06-02 09:45:47 [self-0003-0-attack] My general index: 83
2026-06-02 09:45:47 [self-0003-0-attack] Enemy general index: None
2026-06-02 09:45:47 [self-0003-0-attack] Visible enemy tiles: 17
2026-06-02 09:45:47 [self-0003-0-attack] Tiles: 50 / 67
2026-06-02 09:45:47 [self-0003-0-attack] Map: 20 x 21 Turn: 340
2026-06-02 09:45:47 [self-0003-0-attack] Reinforcement waypoint: 188 final target = 209 turns until reinforcement = 10
2026-06-02 09:45:47 [self-0003-0-attack] Route planned: Target = 188 Mode = reinforcement_waypoint city-free reachable tiles = 310 Fallback-Tiles = 314
2026-06-02 09:45:47 [self-0003-0-attack] Move #317: 107 -> 127 | Army: 5 | Target-Terrain: 0 | Target: 188 | Half: False
2026-06-02 09:45:48 [self-0003-0-attack] My general index: 83
2026-06-02 09:45:48 [self-0003-0-attack] Enemy general index: None
2026-06-02 09:45:48 [self-0003-0-attack] Visible enemy tiles: 17
2026-06-02 09:45:48 [self-0003-0-attack] Tiles: 50 / 67
2026-06-02 09:45:48 [self-0003-0-attack] Map: 20 x 21 Turn: 341
2026-06-02 09:45:48 [self-0003-0-attack] Reinforcement waypoint: 188 final target = 209 turns until reinforcement = 9
2026-06-02 09:45:48 [self-0003-0-attack] Route planned: Target = 188 Mode = reinforcement_waypoint city-free reachable tiles = 310 Fallback-Tiles = 314
2026-06-02 09:45:48 [self-0003-0-attack] Move #318: 106 -> 107 | Army: 6 | Target-Terrain: 0 | Target: 188 | Half: False
2026-06-02 09:45:48 [self-0003-0-attack] My general index: 83
2026-06-02 09:45:48 [self-0003-0-attack] Enemy general index: None
2026-06-02 09:45:48 [self-0003-0-attack] Visible enemy tiles: 17
2026-06-02 09:45:48 [self-0003-0-attack] Tiles: 50 / 67
2026-06-02 09:45:48 [self-0003-0-attack] Map: 20 x 21 Turn: 342
2026-06-02 09:45:48 [self-0003-0-attack] Reinforcement waypoint: 188 final target = 209 turns until reinforcement = 8
2026-06-02 09:45:48 [self-0003-0-attack] Route planned: Target = 188 Mode = reinforcement_waypoint city-free reachable tiles = 310 Fallback-Tiles = 314
2026-06-02 09:45:48 [self-0003-0-attack] Move #319: 87 -> 107 | Army: 2 | Target-Terrain: 0 | Target: 188 | Half: False
2026-06-02 09:45:49 [self-0003-0-attack] My general index: 83
2026-06-02 09:45:49 [self-0003-0-attack] Enemy general index: None
2026-06-02 09:45:49 [self-0003-0-attack] Visible enemy tiles: 17
2026-06-02 09:45:49 [self-0003-0-attack] Tiles: 50 / 67
2026-06-02 09:45:49 [self-0003-0-attack] Map: 20 x 21 Turn: 343
2026-06-02 09:45:49 [self-0003-0-attack] Reinforcement waypoint: 188 final target = 209 turns until reinforcement = 7
2026-06-02 09:45:49 [self-0003-0-attack] Route planned: Target = 188 Mode = reinforcement_waypoint city-free reachable tiles = 310 Fallback-Tiles = 314
2026-06-02 09:45:49 [self-0003-0-attack] Move #320: 187 -> 188 | Army: 8 | Target-Terrain: 0 | Target: 188 | Half: False
2026-06-02 09:45:49 [self-0003-0-attack] My general index: 83
2026-06-02 09:45:49 [self-0003-0-attack] Enemy general index: None
2026-06-02 09:45:49 [self-0003-0-attack] Visible enemy tiles: 17
2026-06-02 09:45:49 [self-0003-0-attack] Tiles: 50 / 67
2026-06-02 09:45:49 [self-0003-0-attack] Map: 20 x 21 Turn: 344
2026-06-02 09:45:49 [self-0003-0-attack] Reinforcement waypoint: 189 final target = 209 turns until reinforcement = 6
2026-06-02 09:45:49 [self-0003-0-attack] Route planned: Target = 189 Mode = reinforcement_waypoint city-free reachable tiles = 310 Fallback-Tiles = 314
2026-06-02 09:45:49 [self-0003-0-attack] Move #321: 184 -> 204 | Army: 2 | Target-Terrain: 0 | Target: 189 | Half: False
2026-06-02 09:45:50 [self-0003-0-attack] My general index: 83
2026-06-02 09:45:50 [self-0003-0-attack] Enemy general index: None
2026-06-02 09:45:50 [self-0003-0-attack] Visible enemy tiles: 17
2026-06-02 09:45:50 [self-0003-0-attack] Tiles: 50 / 67
2026-06-02 09:45:50 [self-0003-0-attack] Map: 20 x 21 Turn: 345
2026-06-02 09:45:50 [self-0003-0-attack] Reinforcement waypoint: 189 final target = 209 turns until reinforcement = 5
2026-06-02 09:45:50 [self-0003-0-attack] Route planned: Target = 189 Mode = reinforcement_waypoint city-free reachable tiles = 310 Fallback-Tiles = 314
2026-06-02 09:45:50 [self-0003-0-attack] Move #322: 67 -> 87 | Army: 6 | Target-Terrain: 0 | Target: 189 | Half: False
2026-06-02 09:45:50 [self-0003-0-attack] My general index: 83
2026-06-02 09:45:50 [self-0003-0-attack] Enemy general index: None
2026-06-02 09:45:50 [self-0003-0-attack] Visible enemy tiles: 17
2026-06-02 09:45:50 [self-0003-0-attack] Tiles: 50 / 67
2026-06-02 09:45:50 [self-0003-0-attack] Map: 20 x 21 Turn: 346
2026-06-02 09:45:50 [self-0003-0-attack] Reinforcement waypoint: 189 final target = 209 turns until reinforcement = 4
2026-06-02 09:45:50 [self-0003-0-attack] Route planned: Target = 189 Mode = reinforcement_waypoint city-free reachable tiles = 310 Fallback-Tiles = 314
2026-06-02 09:45:50 [self-0003-0-attack] Move #323: 147 -> 167 | Army: 3 | Target-Terrain: 0 | Target: 189 | Half: False
2026-06-02 09:45:51 [self-0003-0-attack] Coach: catch_up_expand tiles 50/67 army 309/326 cities 0/0 enemy_city_suspect False bias {'expansion_bias': 1.4, 'city_bias': 0.1, 'attack_bias': 0.8, 'defense_bias': 0.0, 'route_bias': 1.0}
2026-06-02 09:45:51 [self-0003-0-attack] My general index: 83
2026-06-02 09:45:51 [self-0003-0-attack] Enemy general index: None
2026-06-02 09:45:51 [self-0003-0-attack] Visible enemy tiles: 17
2026-06-02 09:45:51 [self-0003-0-attack] Tiles: 50 / 67
2026-06-02 09:45:51 [self-0003-0-attack] Map: 20 x 21 Turn: 347
2026-06-02 09:45:51 [self-0003-0-attack] Reinforcement waypoint: 189 final target = 209 turns until reinforcement = 3
2026-06-02 09:45:51 [self-0003-0-attack] Route planned: Target = 189 Mode = reinforcement_waypoint city-free reachable tiles = 310 Fallback-Tiles = 314
2026-06-02 09:45:51 [self-0003-0-attack] Move #324: 85 -> 86 | Army: 45 | Target-Terrain: 0 | Target: 189 | Half: False
2026-06-02 09:45:51 [self-0003-0-attack] My general index: 83
2026-06-02 09:45:51 [self-0003-0-attack] Enemy general index: None
2026-06-02 09:45:51 [self-0003-0-attack] Visible enemy tiles: 17
2026-06-02 09:45:51 [self-0003-0-attack] Tiles: 50 / 67
2026-06-02 09:45:51 [self-0003-0-attack] Map: 20 x 21 Turn: 348
2026-06-02 09:45:51 [self-0003-0-attack] Reinforcement waypoint: 189 final target = 209 turns until reinforcement = 2
2026-06-02 09:45:51 [self-0003-0-attack] Route planned: Target = 189 Mode = reinforcement_waypoint city-free reachable tiles = 310 Fallback-Tiles = 314
2026-06-02 09:45:51 [self-0003-0-attack] Move #325: 188 -> 189 | Army: 8 | Target-Terrain: 0 | Target: 189 | Half: False
2026-06-02 09:45:52 [self-0003-0-attack] My general index: 83
2026-06-02 09:45:52 [self-0003-0-attack] Enemy general index: None
2026-06-02 09:45:52 [self-0003-0-attack] Visible enemy tiles: 17
2026-06-02 09:45:52 [self-0003-0-attack] Tiles: 50 / 67
2026-06-02 09:45:52 [self-0003-0-attack] Map: 20 x 21 Turn: 349
2026-06-02 09:45:52 [self-0003-0-attack] Reinforcement waypoint: 209 final target = 209 turns until reinforcement = 1
2026-06-02 09:45:52 [self-0003-0-attack] Route planned: Target = 209 Mode = reinforcement_waypoint city-free reachable tiles = 310 Fallback-Tiles = 314
2026-06-02 09:45:52 [self-0003-0-attack] Priority agent: flow +6000 base = 105658 final = 111658
2026-06-02 09:45:52 [self-0003-0-attack] Move #326: 189 -> 209 | Army: 8 | Target-Terrain: 1 | Target: 209 | Half: False
2026-06-02 09:45:52 [self-0003-0-attack] My general index: 83
2026-06-02 09:45:52 [self-0003-0-attack] Enemy general index: None
2026-06-02 09:45:52 [self-0003-0-attack] Visible enemy tiles: 17
2026-06-02 09:45:52 [self-0003-0-attack] Tiles: 51 / 66
2026-06-02 09:45:52 [self-0003-0-attack] Map: 20 x 21 Turn: 350
2026-06-02 09:45:52 [self-0003-0-attack] Route planned: Target = 210 Mode = strategy city-free reachable tiles = 310 Fallback-Tiles = 314
2026-06-02 09:45:52 [self-0003-0-attack] Priority agent: flow +6000 base = 82807 final = 88807
2026-06-02 09:45:52 [self-0003-0-attack] Move #327: 209 -> 210 | Army: 7 | Target-Terrain: 1 | Target: 210 | Half: False
2026-06-02 09:45:53 [self-0003-0-attack] My general index: 83
2026-06-02 09:45:53 [self-0003-0-attack] Enemy general index: None
2026-06-02 09:45:53 [self-0003-0-attack] Visible enemy tiles: 18
2026-06-02 09:45:53 [self-0003-0-attack] Tiles: 52 / 66
2026-06-02 09:45:53 [self-0003-0-attack] Map: 20 x 21 Turn: 351
2026-06-02 09:45:53 [self-0003-0-attack] Route planned: Target = 190 Mode = strategy city-free reachable tiles = 310 Fallback-Tiles = 314
2026-06-02 09:45:53 [self-0003-0-attack] Move #328: 205 -> 206 | Army: 2 | Target-Terrain: -1 | Target: 190 | Half: False
2026-06-02 09:45:53 [self-0003-0-attack] My general index: 83
2026-06-02 09:45:53 [self-0003-0-attack] Enemy general index: None
2026-06-02 09:45:53 [self-0003-0-attack] Visible enemy tiles: 18
2026-06-02 09:45:53 [self-0003-0-attack] Tiles: 53 / 66
2026-06-02 09:45:53 [self-0003-0-attack] Map: 20 x 21 Turn: 352
2026-06-02 09:45:53 [self-0003-0-attack] Route planned: Target = 190 Mode = strategy city-free reachable tiles = 310 Fallback-Tiles = 314
2026-06-02 09:45:53 [self-0003-0-attack] Move #329: 210 -> 230 | Army: 4 | Target-Terrain: 1 | Target: 190 | Half: False
2026-06-02 09:45:54 [self-0003-0-attack] My general index: 83
2026-06-02 09:45:54 [self-0003-0-attack] Enemy general index: None
2026-06-02 09:45:54 [self-0003-0-attack] Visible enemy tiles: 17
2026-06-02 09:45:54 [self-0003-0-attack] Tiles: 54 / 65
2026-06-02 09:45:54 [self-0003-0-attack] Map: 20 x 21 Turn: 353
2026-06-02 09:45:54 [self-0003-0-attack] Route planned: Target = 190 Mode = strategy city-free reachable tiles = 310 Fallback-Tiles = 314
2026-06-02 09:45:54 [self-0003-0-attack] Move #330: 127 -> 147 | Army: 11 | Target-Terrain: 0 | Target: 190 | Half: False
2026-06-02 09:45:54 [self-0003-0-attack] My general index: 83
2026-06-02 09:45:54 [self-0003-0-attack] Enemy general index: None
2026-06-02 09:45:54 [self-0003-0-attack] Visible enemy tiles: 18
2026-06-02 09:45:54 [self-0003-0-attack] Tiles: 53 / 66
2026-06-02 09:45:54 [self-0003-0-attack] Map: 20 x 21 Turn: 354
2026-06-02 09:45:54 [self-0003-0-attack] Route planned: Target = 210 Mode = strategy city-free reachable tiles = 310 Fallback-Tiles = 314
2026-06-02 09:45:54 [self-0003-0-attack] Move #331: 170 -> 190 | Army: 3 | Target-Terrain: 1 | Target: 210 | Half: False
2026-06-02 09:45:55 [self-0003-0-attack] My general index: 83
2026-06-02 09:45:55 [self-0003-0-attack] Enemy general index: None
2026-06-02 09:45:55 [self-0003-0-attack] Visible enemy tiles: 17
2026-06-02 09:45:55 [self-0003-0-attack] Tiles: 54 / 65
2026-06-02 09:45:55 [self-0003-0-attack] Map: 20 x 21 Turn: 355
2026-06-02 09:45:55 [self-0003-0-attack] Route planned: Target = 210 Mode = strategy city-free reachable tiles = 310 Fallback-Tiles = 314
2026-06-02 09:45:55 [self-0003-0-attack] Move #332: 204 -> 224 | Army: 3 | Target-Terrain: -1 | Target: 210 | Half: False
2026-06-02 09:45:55 [self-0003-0-attack] My general index: 83
2026-06-02 09:45:55 [self-0003-0-attack] Enemy general index: None
2026-06-02 09:45:55 [self-0003-0-attack] Visible enemy tiles: 18
2026-06-02 09:45:55 [self-0003-0-attack] Tiles: 54 / 66
2026-06-02 09:45:55 [self-0003-0-attack] Map: 20 x 21 Turn: 356
2026-06-02 09:45:55 [self-0003-0-attack] Route planned: Target = 210 Mode = strategy city-free reachable tiles = 310 Fallback-Tiles = 314
2026-06-02 09:45:55 [self-0003-0-attack] Priority agent: flow +6000 base = 58012 final = 64012
2026-06-02 09:45:55 [self-0003-0-attack] Move #333: 224 -> 225 | Army: 2 | Target-Terrain: -1 | Target: 210 | Half: False
2026-06-02 09:45:56 [self-0003-0-attack] My general index: 83
2026-06-02 09:45:56 [self-0003-0-attack] Enemy general index: None
2026-06-02 09:45:56 [self-0003-0-attack] Visible enemy tiles: 18
2026-06-02 09:45:56 [self-0003-0-attack] Tiles: 55 / 66
2026-06-02 09:45:56 [self-0003-0-attack] Map: 20 x 21 Turn: 357
2026-06-02 09:45:56 [self-0003-0-attack] Route planned: Target = 210 Mode = strategy city-free reachable tiles = 310 Fallback-Tiles = 314
2026-06-02 09:45:56 [self-0003-0-attack] Move #334: 89 -> 109 | Army: 73 | Target-Terrain: 0 | Target: 210 | Half: False
2026-06-02 09:45:56 [self-0003-0-attack] My general index: 83
2026-06-02 09:45:56 [self-0003-0-attack] Enemy general index: None
2026-06-02 09:45:56 [self-0003-0-attack] Visible enemy tiles: 18
2026-06-02 09:45:56 [self-0003-0-attack] Tiles: 55 / 66
2026-06-02 09:45:56 [self-0003-0-attack] Map: 20 x 21 Turn: 358
2026-06-02 09:45:56 [self-0003-0-attack] Route planned: Target = 210 Mode = strategy city-free reachable tiles = 310 Fallback-Tiles = 314
2026-06-02 09:45:56 [self-0003-0-attack] Move #335: 86 -> 87 | Army: 49 | Target-Terrain: 0 | Target: 210 | Half: False
2026-06-02 09:45:57 [self-0003-0-attack] My general index: 83
2026-06-02 09:45:57 [self-0003-0-attack] Enemy general index: None
2026-06-02 09:45:57 [self-0003-0-attack] Visible enemy tiles: 18
2026-06-02 09:45:57 [self-0003-0-attack] Tiles: 55 / 66
2026-06-02 09:45:57 [self-0003-0-attack] Map: 20 x 21 Turn: 359
2026-06-02 09:45:57 [self-0003-0-attack] Route planned: Target = 210 Mode = strategy city-free reachable tiles = 310 Fallback-Tiles = 314
2026-06-02 09:45:57 [self-0003-0-attack] Move #336: 107 -> 108 | Army: 8 | Target-Terrain: 0 | Target: 210 | Half: False
2026-06-02 09:45:57 [self-0003-0-attack] My general index: 83
2026-06-02 09:45:57 [self-0003-0-attack] Enemy general index: None
2026-06-02 09:45:57 [self-0003-0-attack] Visible enemy tiles: 18
2026-06-02 09:45:57 [self-0003-0-attack] Tiles: 55 / 66
2026-06-02 09:45:57 [self-0003-0-attack] Map: 20 x 21 Turn: 360
2026-06-02 09:45:57 [self-0003-0-attack] Route planned: Target = 210 Mode = strategy city-free reachable tiles = 310 Fallback-Tiles = 314
2026-06-02 09:45:57 [self-0003-0-attack] Move #337: 208 -> 209 | Army: 2 | Target-Terrain: 0 | Target: 210 | Half: False
2026-06-02 09:45:58 [self-0003-0-attack] My general index: 83
2026-06-02 09:45:58 [self-0003-0-attack] Enemy general index: None
2026-06-02 09:45:58 [self-0003-0-attack] Visible enemy tiles: 18
2026-06-02 09:45:58 [self-0003-0-attack] Tiles: 55 / 66
2026-06-02 09:45:58 [self-0003-0-attack] Map: 20 x 21 Turn: 361
2026-06-02 09:45:58 [self-0003-0-attack] Route planned: Target = 210 Mode = strategy city-free reachable tiles = 310 Fallback-Tiles = 314
2026-06-02 09:45:58 [self-0003-0-attack] Move #338: 147 -> 167 | Army: 12 | Target-Terrain: 0 | Target: 210 | Half: False
2026-06-02 09:45:58 [self-0003-0-attack] My general index: 83
2026-06-02 09:45:58 [self-0003-0-attack] Enemy general index: None
2026-06-02 09:45:58 [self-0003-0-attack] Visible enemy tiles: 18
2026-06-02 09:45:58 [self-0003-0-attack] Tiles: 55 / 66
2026-06-02 09:45:58 [self-0003-0-attack] Map: 20 x 21 Turn: 362
2026-06-02 09:45:58 [self-0003-0-attack] Route planned: Target = 210 Mode = strategy city-free reachable tiles = 310 Fallback-Tiles = 314
2026-06-02 09:45:58 [self-0003-0-attack] Move #339: 109 -> 129 | Army: 74 | Target-Terrain: 0 | Target: 210 | Half: False
2026-06-02 09:45:59 [self-0003-0-attack] My general index: 83
2026-06-02 09:45:59 [self-0003-0-attack] Enemy general index: None
2026-06-02 09:45:59 [self-0003-0-attack] Visible enemy tiles: 18
2026-06-02 09:45:59 [self-0003-0-attack] Tiles: 55 / 66
2026-06-02 09:45:59 [self-0003-0-attack] Map: 20 x 21 Turn: 363
2026-06-02 09:45:59 [self-0003-0-attack] Route planned: Target = 210 Mode = strategy city-free reachable tiles = 310 Fallback-Tiles = 314
2026-06-02 09:45:59 [self-0003-0-attack] Priority agent: flow +6000 base = 81615 final = 87615
2026-06-02 09:45:59 [self-0003-0-attack] Move #340: 129 -> 149 | Army: 75 | Target-Terrain: 1 | Target: 210 | Half: False
2026-06-02 09:45:59 [self-0003-0-attack] My general index: 83
2026-06-02 09:45:59 [self-0003-0-attack] Enemy general index: None
2026-06-02 09:45:59 [self-0003-0-attack] Visible enemy tiles: 17
2026-06-02 09:45:59 [self-0003-0-attack] Tiles: 56 / 65
2026-06-02 09:45:59 [self-0003-0-attack] Map: 20 x 21 Turn: 364
2026-06-02 09:45:59 [self-0003-0-attack] Route planned: Target = 210 Mode = strategy city-free reachable tiles = 310 Fallback-Tiles = 314
2026-06-02 09:45:59 [self-0003-0-attack] Priority agent: flow +6000 base = 80102 final = 86102
2026-06-02 09:45:59 [self-0003-0-attack] Move #341: 149 -> 150 | Army: 72 | Target-Terrain: 1 | Target: 210 | Half: False
2026-06-02 09:46:00 [self-0003-0-attack] My general index: 83
2026-06-02 09:46:00 [self-0003-0-attack] Enemy general index: None
2026-06-02 09:46:00 [self-0003-0-attack] Visible enemy tiles: 16
2026-06-02 09:46:00 [self-0003-0-attack] Tiles: 57 / 64
2026-06-02 09:46:00 [self-0003-0-attack] Map: 20 x 21 Turn: 365
2026-06-02 09:46:00 [self-0003-0-attack] Route planned: Target = 210 Mode = strategy city-free reachable tiles = 310 Fallback-Tiles = 314
2026-06-02 09:46:00 [self-0003-0-attack] Priority agent: flow +6000 base = 81990 final = 87990
2026-06-02 09:46:00 [self-0003-0-attack] Move #342: 150 -> 170 | Army: 70 | Target-Terrain: 1 | Target: 210 | Half: False
2026-06-02 09:46:00 [self-0003-0-attack] My general index: 83
2026-06-02 09:46:00 [self-0003-0-attack] Enemy general index: None
2026-06-02 09:46:00 [self-0003-0-attack] Visible enemy tiles: 15
2026-06-02 09:46:00 [self-0003-0-attack] Tiles: 58 / 63
2026-06-02 09:46:00 [self-0003-0-attack] Map: 20 x 21 Turn: 366
2026-06-02 09:46:00 [self-0003-0-attack] Route planned: Target = 210 Mode = strategy city-free reachable tiles = 310 Fallback-Tiles = 314
2026-06-02 09:46:00 [self-0003-0-attack] Priority agent: flow +6000 base = 42848 final = 48848
2026-06-02 09:46:00 [self-0003-0-attack] Move #343: 170 -> 169 | Army: 68 | Target-Terrain: -1 | Target: 210 | Half: False
2026-06-02 09:46:01 [self-0003-0-attack] My general index: 83
2026-06-02 09:46:01 [self-0003-0-attack] Enemy general index: None
2026-06-02 09:46:01 [self-0003-0-attack] Visible enemy tiles: 16
2026-06-02 09:46:01 [self-0003-0-attack] Tiles: 58 / 64
2026-06-02 09:46:01 [self-0003-0-attack] Map: 20 x 21 Turn: 367
2026-06-02 09:46:01 [self-0003-0-attack] Route planned: Target = 210 Mode = strategy city-free reachable tiles = 310 Fallback-Tiles = 314
2026-06-02 09:46:01 [self-0003-0-attack] Move #344: 167 -> 187 | Army: 15 | Target-Terrain: 0 | Target: 210 | Half: False
2026-06-02 09:46:01 [self-0003-0-attack] My general index: 83
2026-06-02 09:46:01 [self-0003-0-attack] Enemy general index: None
2026-06-02 09:46:01 [self-0003-0-attack] Visible enemy tiles: 16
2026-06-02 09:46:01 [self-0003-0-attack] Tiles: 58 / 64
2026-06-02 09:46:01 [self-0003-0-attack] Map: 20 x 21 Turn: 368
2026-06-02 09:46:01 [self-0003-0-attack] Route planned: Target = 210 Mode = strategy city-free reachable tiles = 310 Fallback-Tiles = 314
2026-06-02 09:46:01 [self-0003-0-attack] Move #345: 189 -> 190 | Army: 2 | Target-Terrain: 0 | Target: 210 | Half: False
2026-06-02 09:46:02 [self-0003-0-attack] My general index: 83
2026-06-02 09:46:02 [self-0003-0-attack] Enemy general index: None
2026-06-02 09:46:02 [self-0003-0-attack] Visible enemy tiles: 16
2026-06-02 09:46:02 [self-0003-0-attack] Tiles: 58 / 64
2026-06-02 09:46:02 [self-0003-0-attack] Map: 20 x 21 Turn: 369
2026-06-02 09:46:02 [self-0003-0-attack] Route planned: Target = 210 Mode = strategy city-free reachable tiles = 310 Fallback-Tiles = 314
2026-06-02 09:46:02 [self-0003-0-attack] Move #346: 188 -> 189 | Army: 2 | Target-Terrain: 0 | Target: 210 | Half: False
2026-06-02 09:46:02 [self-0003-0-attack] My general index: 83
2026-06-02 09:46:02 [self-0003-0-attack] Enemy general index: None
2026-06-02 09:46:02 [self-0003-0-attack] Visible enemy tiles: 16
2026-06-02 09:46:02 [self-0003-0-attack] Tiles: 58 / 64
2026-06-02 09:46:02 [self-0003-0-attack] Map: 20 x 21 Turn: 370
2026-06-02 09:46:02 [self-0003-0-attack] Route planned: Target = 210 Mode = strategy city-free reachable tiles = 310 Fallback-Tiles = 314
2026-06-02 09:46:02 [self-0003-0-attack] Move #347: 110 -> 130 | Army: 2 | Target-Terrain: 0 | Target: 210 | Half: False
2026-06-02 09:46:03 [self-0003-0-attack] My general index: 83
2026-06-02 09:46:03 [self-0003-0-attack] Enemy general index: None
2026-06-02 09:46:03 [self-0003-0-attack] Visible enemy tiles: 16
2026-06-02 09:46:03 [self-0003-0-attack] Tiles: 58 / 64
2026-06-02 09:46:03 [self-0003-0-attack] Map: 20 x 21 Turn: 371
2026-06-02 09:46:03 [self-0003-0-attack] Route planned: Target = 210 Mode = strategy city-free reachable tiles = 310 Fallback-Tiles = 314
2026-06-02 09:46:03 [self-0003-0-attack] Priority agent: flow +6000 base = 78783 final = 84783
2026-06-02 09:46:03 [self-0003-0-attack] Move #348: 130 -> 150 | Army: 3 | Target-Terrain: 1 | Target: 210 | Half: False
2026-06-02 09:46:03 [self-0003-0-attack] My general index: 83
2026-06-02 09:46:03 [self-0003-0-attack] Enemy general index: None
2026-06-02 09:46:03 [self-0003-0-attack] Visible enemy tiles: 15
2026-06-02 09:46:03 [self-0003-0-attack] Tiles: 59 / 63
2026-06-02 09:46:03 [self-0003-0-attack] Map: 20 x 21 Turn: 372
2026-06-02 09:46:03 [self-0003-0-attack] Route planned: Target = 210 Mode = strategy city-free reachable tiles = 310 Fallback-Tiles = 314
2026-06-02 09:46:03 [self-0003-0-attack] Move #349: 108 -> 109 | Army: 9 | Target-Terrain: 0 | Target: 210 | Half: False
2026-06-02 09:46:04 [self-0003-0-attack] My general index: 83
2026-06-02 09:46:04 [self-0003-0-attack] Enemy general index: None
2026-06-02 09:46:04 [self-0003-0-attack] Visible enemy tiles: 15
2026-06-02 09:46:04 [self-0003-0-attack] Tiles: 59 / 63
2026-06-02 09:46:04 [self-0003-0-attack] Map: 20 x 21 Turn: 373
2026-06-02 09:46:04 [self-0003-0-attack] Route planned: Target = 210 Mode = strategy city-free reachable tiles = 310 Fallback-Tiles = 314
2026-06-02 09:46:04 [self-0003-0-attack] Move #350: 152 -> 172 | Army: 2 | Target-Terrain: 0 | Target: 210 | Half: False
2026-06-02 09:46:04 [self-0003-0-attack] My general index: 83
2026-06-02 09:46:04 [self-0003-0-attack] Enemy general index: None
2026-06-02 09:46:04 [self-0003-0-attack] Visible enemy tiles: 15
2026-06-02 09:46:04 [self-0003-0-attack] Tiles: 59 / 63
2026-06-02 09:46:04 [self-0003-0-attack] Map: 20 x 21 Turn: 374
2026-06-02 09:46:04 [self-0003-0-attack] Route planned: Target = 210 Mode = strategy city-free reachable tiles = 310 Fallback-Tiles = 314
2026-06-02 09:46:04 [self-0003-0-attack] Priority agent: flow +6000 base = 78783 final = 84783
2026-06-02 09:46:04 [self-0003-0-attack] Move #351: 172 -> 192 | Army: 3 | Target-Terrain: 1 | Target: 210 | Half: False
2026-06-02 09:46:05 [self-0003-0-attack] My general index: 83
2026-06-02 09:46:05 [self-0003-0-attack] Enemy general index: None
2026-06-02 09:46:05 [self-0003-0-attack] Visible enemy tiles: 14
2026-06-02 09:46:05 [self-0003-0-attack] Tiles: 60 / 62
2026-06-02 09:46:05 [self-0003-0-attack] Map: 20 x 21 Turn: 375
2026-06-02 09:46:05 [self-0003-0-attack] Route planned: Target = 210 Mode = strategy city-free reachable tiles = 310 Fallback-Tiles = 314
2026-06-02 09:46:05 [self-0003-0-attack] Move #352: 189 -> 209 | Army: 2 | Target-Terrain: 0 | Target: 210 | Half: False
2026-06-02 09:46:05 [self-0003-0-attack] My general index: 83
2026-06-02 09:46:05 [self-0003-0-attack] Enemy general index: None
2026-06-02 09:46:05 [self-0003-0-attack] Visible enemy tiles: 14
2026-06-02 09:46:05 [self-0003-0-attack] Tiles: 60 / 62
2026-06-02 09:46:05 [self-0003-0-attack] Map: 20 x 21 Turn: 376
2026-06-02 09:46:05 [self-0003-0-attack] Route planned: Target = 210 Mode = strategy city-free reachable tiles = 310 Fallback-Tiles = 314
2026-06-02 09:46:05 [self-0003-0-attack] Priority agent: flow +6000 base = 79803 final = 85803
2026-06-02 09:46:05 [self-0003-0-attack] Move #353: 209 -> 210 | Army: 3 | Target-Terrain: 1 | Target: 210 | Half: False
2026-06-02 09:46:06 [self-0003-0-attack] My general index: 83
2026-06-02 09:46:06 [self-0003-0-attack] Enemy general index: None
2026-06-02 09:46:06 [self-0003-0-attack] Visible enemy tiles: 13
2026-06-02 09:46:06 [self-0003-0-attack] Tiles: 61 / 61
2026-06-02 09:46:06 [self-0003-0-attack] Map: 20 x 21 Turn: 377
2026-06-02 09:46:06 [self-0003-0-attack] Route planned: Target = 211 Mode = strategy city-free reachable tiles = 310 Fallback-Tiles = 314
2026-06-02 09:46:06 [self-0003-0-attack] Move #354: 190 -> 210 | Army: 2 | Target-Terrain: 0 | Target: 211 | Half: False
2026-06-02 09:46:06 [self-0003-0-attack] My general index: 83
2026-06-02 09:46:06 [self-0003-0-attack] Enemy general index: None
2026-06-02 09:46:06 [self-0003-0-attack] Visible enemy tiles: 14
2026-06-02 09:46:06 [self-0003-0-attack] Tiles: 60 / 62
2026-06-02 09:46:06 [self-0003-0-attack] Map: 20 x 21 Turn: 378
2026-06-02 09:46:06 [self-0003-0-attack] Route planned: Target = 211 Mode = strategy city-free reachable tiles = 310 Fallback-Tiles = 314
2026-06-02 09:46:06 [self-0003-0-attack] Move #355: 171 -> 172 | Army: 2 | Target-Terrain: 0 | Target: 211 | Half: False
2026-06-02 09:46:07 [self-0003-0-attack] My general index: 83
2026-06-02 09:46:07 [self-0003-0-attack] Enemy general index: None
2026-06-02 09:46:07 [self-0003-0-attack] Visible enemy tiles: 15
2026-06-02 09:46:07 [self-0003-0-attack] Tiles: 59 / 63
2026-06-02 09:46:07 [self-0003-0-attack] Map: 20 x 21 Turn: 379
2026-06-02 09:46:07 [self-0003-0-attack] Route planned: Target = 211 Mode = strategy city-free reachable tiles = 310 Fallback-Tiles = 314
2026-06-02 09:46:07 [self-0003-0-attack] Move #356: 109 -> 110 | Army: 9 | Target-Terrain: 0 | Target: 211 | Half: False
2026-06-02 09:46:07 [self-0003-0-attack] My general index: 83
2026-06-02 09:46:07 [self-0003-0-attack] Enemy general index: None
2026-06-02 09:46:07 [self-0003-0-attack] Visible enemy tiles: 15
2026-06-02 09:46:07 [self-0003-0-attack] Tiles: 59 / 63
2026-06-02 09:46:07 [self-0003-0-attack] Map: 20 x 21 Turn: 380
2026-06-02 09:46:07 [self-0003-0-attack] Route planned: Target = 211 Mode = strategy city-free reachable tiles = 310 Fallback-Tiles = 314
2026-06-02 09:46:07 [self-0003-0-attack] Move #357: 90 -> 110 | Army: 2 | Target-Terrain: 0 | Target: 211 | Half: False
2026-06-02 09:46:08 [self-0003-0-attack] My general index: 83
2026-06-02 09:46:08 [self-0003-0-attack] Enemy general index: None
2026-06-02 09:46:08 [self-0003-0-attack] Visible enemy tiles: 15
2026-06-02 09:46:08 [self-0003-0-attack] Tiles: 59 / 63
2026-06-02 09:46:08 [self-0003-0-attack] Map: 20 x 21 Turn: 381
2026-06-02 09:46:08 [self-0003-0-attack] Route planned: Target = 211 Mode = strategy city-free reachable tiles = 310 Fallback-Tiles = 314
2026-06-02 09:46:08 [self-0003-0-attack] Move #358: 70 -> 90 | Army: 2 | Target-Terrain: 0 | Target: 211 | Half: False
2026-06-02 09:46:08 [self-0003-0-attack] My general index: 83
2026-06-02 09:46:08 [self-0003-0-attack] Enemy general index: None
2026-06-02 09:46:08 [self-0003-0-attack] Visible enemy tiles: 15
2026-06-02 09:46:08 [self-0003-0-attack] Tiles: 59 / 63
2026-06-02 09:46:08 [self-0003-0-attack] Map: 20 x 21 Turn: 382
2026-06-02 09:46:08 [self-0003-0-attack] Route planned: Target = 211 Mode = strategy city-free reachable tiles = 310 Fallback-Tiles = 314
2026-06-02 09:46:08 [self-0003-0-attack] Move #359: 71 -> 91 | Army: 5 | Target-Terrain: 0 | Target: 211 | Half: False
2026-06-02 09:46:09 [self-0003-0-attack] My general index: 83
2026-06-02 09:46:09 [self-0003-0-attack] Enemy general index: None
2026-06-02 09:46:09 [self-0003-0-attack] Visible enemy tiles: 15
2026-06-02 09:46:09 [self-0003-0-attack] Tiles: 59 / 63
2026-06-02 09:46:09 [self-0003-0-attack] Map: 20 x 21 Turn: 383
2026-06-02 09:46:09 [self-0003-0-attack] Route planned: Target = 211 Mode = strategy city-free reachable tiles = 310 Fallback-Tiles = 314
2026-06-02 09:46:09 [self-0003-0-attack] Move #360: 184 -> 204 | Army: 2 | Target-Terrain: 0 | Target: 211 | Half: False
2026-06-02 09:46:09 [self-0003-0-attack] My general index: 83
2026-06-02 09:46:09 [self-0003-0-attack] Enemy general index: None
2026-06-02 09:46:09 [self-0003-0-attack] Visible enemy tiles: 15
2026-06-02 09:46:09 [self-0003-0-attack] Tiles: 59 / 63
2026-06-02 09:46:09 [self-0003-0-attack] Map: 20 x 21 Turn: 384
2026-06-02 09:46:09 [self-0003-0-attack] Reinforcement waypoint: 211 final target = 211 turns until reinforcement = 16
2026-06-02 09:46:09 [self-0003-0-attack] Route planned: Target = 211 Mode = reinforcement_waypoint city-free reachable tiles = 310 Fallback-Tiles = 314
2026-06-02 09:46:09 [self-0003-0-attack] Move #361: 164 -> 184 | Army: 4 | Target-Terrain: 0 | Target: 211 | Half: False
2026-06-02 09:46:10 [self-0003-0-attack] My general index: 83
2026-06-02 09:46:10 [self-0003-0-attack] Enemy general index: None
2026-06-02 09:46:10 [self-0003-0-attack] Visible enemy tiles: 15
2026-06-02 09:46:10 [self-0003-0-attack] Tiles: 59 / 63
2026-06-02 09:46:10 [self-0003-0-attack] Map: 20 x 21 Turn: 385
2026-06-02 09:46:10 [self-0003-0-attack] Reinforcement waypoint: 211 final target = 211 turns until reinforcement = 15
2026-06-02 09:46:10 [self-0003-0-attack] Route planned: Target = 211 Mode = reinforcement_waypoint city-free reachable tiles = 310 Fallback-Tiles = 314
2026-06-02 09:46:10 [self-0003-0-attack] Move #362: 110 -> 130 | Army: 10 | Target-Terrain: 0 | Target: 211 | Half: False
2026-06-02 09:46:10 [self-0003-0-attack] My general index: 83
2026-06-02 09:46:10 [self-0003-0-attack] Enemy general index: None
2026-06-02 09:46:10 [self-0003-0-attack] Visible enemy tiles: 16
2026-06-02 09:46:10 [self-0003-0-attack] Tiles: 59 / 64
2026-06-02 09:46:10 [self-0003-0-attack] Map: 20 x 21 Turn: 386
2026-06-02 09:46:10 [self-0003-0-attack] Reinforcement waypoint: 211 final target = 211 turns until reinforcement = 14
2026-06-02 09:46:10 [self-0003-0-attack] Route planned: Target = 211 Mode = reinforcement_waypoint city-free reachable tiles = 310 Fallback-Tiles = 314
2026-06-02 09:46:10 [self-0003-0-attack] Priority agent: flow +6000 base = 37770 final = 43770
2026-06-02 09:46:10 [self-0003-0-attack] Move #363: 130 -> 131 | Army: 10 | Target-Terrain: 1 | Target: 211 | Half: False
2026-06-02 09:46:11 [self-0003-0-attack] My general index: 83
2026-06-02 09:46:11 [self-0003-0-attack] Enemy general index: None
2026-06-02 09:46:11 [self-0003-0-attack] Visible enemy tiles: 13
2026-06-02 09:46:11 [self-0003-0-attack] Tiles: 59 / 64
2026-06-02 09:46:11 [self-0003-0-attack] Map: 20 x 21 Turn: 387
2026-06-02 09:46:11 [self-0003-0-attack] Reinforcement waypoint: 211 final target = 211 turns until reinforcement = 13
2026-06-02 09:46:11 [self-0003-0-attack] Route planned: Target = 211 Mode = reinforcement_waypoint city-free reachable tiles = 310 Fallback-Tiles = 313
2026-06-02 09:46:11 [self-0003-0-attack] Priority agent: flow +6000 base = 76808 final = 82808
2026-06-02 09:46:11 [self-0003-0-attack] Move #364: 131 -> 151 | Army: 8 | Target-Terrain: 1 | Target: 211 | Half: False
2026-06-02 09:46:11 [self-0003-0-attack] My general index: 83
2026-06-02 09:46:11 [self-0003-0-attack] Enemy general index: None
2026-06-02 09:46:11 [self-0003-0-attack] Visible enemy tiles: 12
2026-06-02 09:46:11 [self-0003-0-attack] Tiles: 60 / 63
2026-06-02 09:46:11 [self-0003-0-attack] Map: 20 x 21 Turn: 388
2026-06-02 09:46:11 [self-0003-0-attack] Reinforcement waypoint: 172 final target = 211 turns until reinforcement = 12
2026-06-02 09:46:11 [self-0003-0-attack] Route planned: Target = 172 Mode = reinforcement_waypoint city-free reachable tiles = 310 Fallback-Tiles = 313
2026-06-02 09:46:11 [self-0003-0-attack] Move #365: 104 -> 84 | Army: 7 | Target-Terrain: 0 | Target: 172 | Half: False
2026-06-02 09:46:12 [self-0003-0-attack] My general index: 83
2026-06-02 09:46:12 [self-0003-0-attack] Enemy general index: None
2026-06-02 09:46:12 [self-0003-0-attack] Visible enemy tiles: 12
2026-06-02 09:46:12 [self-0003-0-attack] Tiles: 60 / 63
2026-06-02 09:46:12 [self-0003-0-attack] Map: 20 x 21 Turn: 389
2026-06-02 09:46:12 [self-0003-0-attack] Reinforcement waypoint: 152 final target = 211 turns until reinforcement = 11
2026-06-02 09:46:12 [self-0003-0-attack] Route planned: Target = 152 Mode = reinforcement_waypoint city-free reachable tiles = 310 Fallback-Tiles = 313
2026-06-02 09:46:12 [self-0003-0-attack] Move #366: 144 -> 164 | Army: 5 | Target-Terrain: 0 | Target: 152 | Half: False
2026-06-02 09:46:12 [self-0003-0-attack] My general index: 83
2026-06-02 09:46:12 [self-0003-0-attack] Enemy general index: None
2026-06-02 09:46:12 [self-0003-0-attack] Visible enemy tiles: 12
2026-06-02 09:46:12 [self-0003-0-attack] Tiles: 60 / 63
2026-06-02 09:46:12 [self-0003-0-attack] Map: 20 x 21 Turn: 390
2026-06-02 09:46:12 [self-0003-0-attack] Reinforcement waypoint: 152 final target = 211 turns until reinforcement = 10
2026-06-02 09:46:12 [self-0003-0-attack] Route planned: Target = 152 Mode = reinforcement_waypoint city-free reachable tiles = 310 Fallback-Tiles = 313
2026-06-02 09:46:12 [self-0003-0-attack] Move #367: 187 -> 188 | Army: 16 | Target-Terrain: 0 | Target: 152 | Half: False
2026-06-02 09:46:13 [self-0003-0-attack] My general index: 83
2026-06-02 09:46:13 [self-0003-0-attack] Enemy general index: None
2026-06-02 09:46:13 [self-0003-0-attack] Visible enemy tiles: 12
2026-06-02 09:46:13 [self-0003-0-attack] Tiles: 60 / 63
2026-06-02 09:46:13 [self-0003-0-attack] Map: 20 x 21 Turn: 391
2026-06-02 09:46:13 [self-0003-0-attack] Reinforcement waypoint: 152 final target = 211 turns until reinforcement = 9
2026-06-02 09:46:13 [self-0003-0-attack] Route planned: Target = 152 Mode = reinforcement_waypoint city-free reachable tiles = 310 Fallback-Tiles = 313
2026-06-02 09:46:13 [self-0003-0-attack] Move #368: 87 -> 88 | Army: 55 | Target-Terrain: 0 | Target: 152 | Half: False
2026-06-02 09:46:13 [self-0003-0-attack] My general index: 83
2026-06-02 09:46:13 [self-0003-0-attack] Enemy general index: None
2026-06-02 09:46:13 [self-0003-0-attack] Visible enemy tiles: 12
2026-06-02 09:46:13 [self-0003-0-attack] Tiles: 60 / 63
2026-06-02 09:46:13 [self-0003-0-attack] Map: 20 x 21 Turn: 392
2026-06-02 09:46:13 [self-0003-0-attack] Reinforcement waypoint: 152 final target = 211 turns until reinforcement = 8
2026-06-02 09:46:13 [self-0003-0-attack] Route planned: Target = 152 Mode = reinforcement_waypoint city-free reachable tiles = 310 Fallback-Tiles = 313
2026-06-02 09:46:13 [self-0003-0-attack] Move #369: 151 -> 152 | Army: 6 | Target-Terrain: 0 | Target: 152 | Half: False
2026-06-02 09:46:14 [self-0003-0-attack] My general index: 83
2026-06-02 09:46:14 [self-0003-0-attack] Enemy general index: None
2026-06-02 09:46:14 [self-0003-0-attack] Visible enemy tiles: 12
2026-06-02 09:46:14 [self-0003-0-attack] Tiles: 59 / 64
2026-06-02 09:46:14 [self-0003-0-attack] Map: 20 x 21 Turn: 393
2026-06-02 09:46:14 [self-0003-0-attack] Reinforcement waypoint: 170 final target = 211 turns until reinforcement = 7
2026-06-02 09:46:14 [self-0003-0-attack] Route planned: Target = 170 Mode = reinforcement_waypoint city-free reachable tiles = 310 Fallback-Tiles = 313
2026-06-02 09:46:14 [self-0003-0-attack] Move #370: 124 -> 144 | Army: 6 | Target-Terrain: 0 | Target: 170 | Half: False
2026-06-02 09:46:14 [self-0003-0-attack] My general index: 83
2026-06-02 09:46:14 [self-0003-0-attack] Enemy general index: None
2026-06-02 09:46:14 [self-0003-0-attack] Visible enemy tiles: 13
2026-06-02 09:46:14 [self-0003-0-attack] Tiles: 58 / 65
2026-06-02 09:46:14 [self-0003-0-attack] Map: 20 x 21 Turn: 394
2026-06-02 09:46:14 [self-0003-0-attack] Reinforcement waypoint: 170 final target = 211 turns until reinforcement = 6
2026-06-02 09:46:14 [self-0003-0-attack] Route planned: Target = 170 Mode = reinforcement_waypoint city-free reachable tiles = 310 Fallback-Tiles = 313
2026-06-02 09:46:14 [self-0003-0-attack] Move #371: 91 -> 90 | Army: 6 | Target-Terrain: 0 | Target: 170 | Half: False
2026-06-02 09:46:15 [self-0003-0-attack] My general index: 83
2026-06-02 09:46:15 [self-0003-0-attack] Enemy general index: None
2026-06-02 09:46:15 [self-0003-0-attack] Visible enemy tiles: 14
2026-06-02 09:46:15 [self-0003-0-attack] Tiles: 57 / 66
2026-06-02 09:46:15 [self-0003-0-attack] Map: 20 x 21 Turn: 395
2026-06-02 09:46:15 [self-0003-0-attack] Reinforcement waypoint: 170 final target = 211 turns until reinforcement = 5
2026-06-02 09:46:15 [self-0003-0-attack] Route planned: Target = 170 Mode = reinforcement_waypoint city-free reachable tiles = 310 Fallback-Tiles = 313
2026-06-02 09:46:15 [self-0003-0-attack] Move #372: 188 -> 189 | Army: 16 | Target-Terrain: 0 | Target: 170 | Half: False
2026-06-02 09:46:15 [self-0003-0-attack] My general index: 83
2026-06-02 09:46:15 [self-0003-0-attack] Enemy general index: None
2026-06-02 09:46:15 [self-0003-0-attack] Visible enemy tiles: 13
2026-06-02 09:46:15 [self-0003-0-attack] Tiles: 56 / 67
2026-06-02 09:46:15 [self-0003-0-attack] Map: 20 x 21 Turn: 396
2026-06-02 09:46:15 [self-0003-0-attack] Reinforcement waypoint: 190 final target = 211 turns until reinforcement = 4
2026-06-02 09:46:15 [self-0003-0-attack] Route planned: Target = 190 Mode = reinforcement_waypoint city-free reachable tiles = 310 Fallback-Tiles = 313
2026-06-02 09:46:15 [self-0003-0-attack] Move #373: 88 -> 89 | Army: 56 | Target-Terrain: 0 | Target: 190 | Half: False
2026-06-02 09:46:16 [self-0003-0-attack] Coach: balanced tiles 55/68 army 319/367 cities 1/0 enemy_city_suspect False bias {'expansion_bias': 0.2, 'city_bias': 0.1, 'attack_bias': 0.8, 'defense_bias': 0.0, 'route_bias': 0.8}
2026-06-02 09:46:16 [self-0003-0-attack] My general index: 83
2026-06-02 09:46:16 [self-0003-0-attack] Enemy general index: None
2026-06-02 09:46:16 [self-0003-0-attack] Visible enemy tiles: 14
2026-06-02 09:46:16 [self-0003-0-attack] Tiles: 55 / 68
2026-06-02 09:46:16 [self-0003-0-attack] Map: 20 x 21 Turn: 397
2026-06-02 09:46:16 [self-0003-0-attack] Reinforcement waypoint: 190 final target = 211 turns until reinforcement = 3
2026-06-02 09:46:16 [self-0003-0-attack] Route planned: Target = 190 Mode = reinforcement_waypoint city-free reachable tiles = 310 Fallback-Tiles = 313
2026-06-02 09:46:16 [self-0003-0-attack] Move #374: 169 -> 170 | Army: 35 | Target-Terrain: 1 | Target: 190 | Half: False
2026-06-02 09:46:16 [self-0003-0-attack] My general index: 83
2026-06-02 09:46:16 [self-0003-0-attack] Enemy general index: None
2026-06-02 09:46:16 [self-0003-0-attack] Visible enemy tiles: 13
2026-06-02 09:46:16 [self-0003-0-attack] Tiles: 56 / 67
2026-06-02 09:46:16 [self-0003-0-attack] Map: 20 x 21 Turn: 398
2026-06-02 09:46:16 [self-0003-0-attack] Reinforcement waypoint: 190 final target = 211 turns until reinforcement = 2
2026-06-02 09:46:16 [self-0003-0-attack] Route planned: Target = 190 Mode = reinforcement_waypoint city-free reachable tiles = 310 Fallback-Tiles = 313
2026-06-02 09:46:16 [self-0003-0-attack] Priority agent: flow +6000 base = 60429 final = 66429
2026-06-02 09:46:16 [self-0003-0-attack] Move #375: 170 -> 171 | Army: 9 | Target-Terrain: 1 | Target: 190 | Half: False
2026-06-02 09:46:17 [self-0003-0-attack] My general index: 83
2026-06-02 09:46:17 [self-0003-0-attack] Enemy general index: None
2026-06-02 09:46:17 [self-0003-0-attack] Visible enemy tiles: 14
2026-06-02 09:46:17 [self-0003-0-attack] Tiles: 57 / 66
2026-06-02 09:46:17 [self-0003-0-attack] Map: 20 x 21 Turn: 399
2026-06-02 09:46:17 [self-0003-0-attack] Reinforcement waypoint: 172 final target = 211 turns until reinforcement = 1
2026-06-02 09:46:17 [self-0003-0-attack] Route planned: Target = 172 Mode = reinforcement_waypoint city-free reachable tiles = 310 Fallback-Tiles = 313
2026-06-02 09:46:17 [self-0003-0-attack] Priority agent: flow +6000 base = 100107 final = 106107
2026-06-02 09:46:17 [self-0003-0-attack] Move #376: 171 -> 172 | Army: 7 | Target-Terrain: 1 | Target: 172 | Half: False
2026-06-02 09:46:17 [self-0003-0-attack] My general index: 83
2026-06-02 09:46:17 [self-0003-0-attack] Enemy general index: None
2026-06-02 09:46:17 [self-0003-0-attack] Visible enemy tiles: 14
2026-06-02 09:46:17 [self-0003-0-attack] Tiles: 58 / 65
2026-06-02 09:46:17 [self-0003-0-attack] Map: 20 x 21 Turn: 400
2026-06-02 09:46:17 [self-0003-0-attack] Route planned: Target = 211 Mode = reinforcement_waypoint city-free reachable tiles = 310 Fallback-Tiles = 313
2026-06-02 09:46:17 [self-0003-0-attack] Priority agent: flow +6000 base = 88926 final = 94926
2026-06-02 09:46:17 [self-0003-0-attack] Move #377: 172 -> 192 | Army: 6 | Target-Terrain: 1 | Target: 211 | Half: False
2026-06-02 09:46:18 [self-0003-0-attack] My general index: 83
2026-06-02 09:46:18 [self-0003-0-attack] Enemy general index: None
2026-06-02 09:46:18 [self-0003-0-attack] Visible enemy tiles: 15
2026-06-02 09:46:18 [self-0003-0-attack] Tiles: 59 / 65
2026-06-02 09:46:18 [self-0003-0-attack] Map: 20 x 21 Turn: 401
2026-06-02 09:46:18 [self-0003-0-attack] Route planned: Target = 211 Mode = reinforcement_waypoint city-free reachable tiles = 310 Fallback-Tiles = 314
2026-06-02 09:46:18 [self-0003-0-attack] Move #378: 206 -> 226 | Army: 2 | Target-Terrain: -1 | Target: 211 | Half: False
2026-06-02 09:46:18 [self-0003-0-attack] My general index: 83
2026-06-02 09:46:18 [self-0003-0-attack] Enemy general index: None
2026-06-02 09:46:18 [self-0003-0-attack] Visible enemy tiles: 15
2026-06-02 09:46:18 [self-0003-0-attack] Tiles: 60 / 65
2026-06-02 09:46:18 [self-0003-0-attack] Map: 20 x 21 Turn: 402
2026-06-02 09:46:18 [self-0003-0-attack] Route planned: Target = 211 Mode = reinforcement_waypoint city-free reachable tiles = 310 Fallback-Tiles = 314
2026-06-02 09:46:18 [self-0003-0-attack] Move #379: 189 -> 190 | Army: 17 | Target-Terrain: 0 | Target: 211 | Half: False
2026-06-02 09:46:19 [self-0003-0-attack] My general index: 83
2026-06-02 09:46:19 [self-0003-0-attack] Enemy general index: None
2026-06-02 09:46:19 [self-0003-0-attack] Visible enemy tiles: 15
2026-06-02 09:46:19 [self-0003-0-attack] Tiles: 60 / 65
2026-06-02 09:46:19 [self-0003-0-attack] Map: 20 x 21 Turn: 403
2026-06-02 09:46:19 [self-0003-0-attack] Route planned: Target = 211 Mode = reinforcement_waypoint city-free reachable tiles = 310 Fallback-Tiles = 314
2026-06-02 09:46:19 [self-0003-0-attack] Priority agent: flow +6000 base = 72778 final = 78778
2026-06-02 09:46:19 [self-0003-0-attack] Move #380: 190 -> 210 | Army: 18 | Target-Terrain: 1 | Target: 211 | Half: False
2026-06-02 09:46:19 [self-0003-0-attack] My general index: 83
2026-06-02 09:46:19 [self-0003-0-attack] Enemy general index: None
2026-06-02 09:46:19 [self-0003-0-attack] Visible enemy tiles: 14
2026-06-02 09:46:19 [self-0003-0-attack] Tiles: 61 / 64
2026-06-02 09:46:19 [self-0003-0-attack] Map: 20 x 21 Turn: 404
2026-06-02 09:46:19 [self-0003-0-attack] Route planned: Target = 211 Mode = strategy city-free reachable tiles = 310 Fallback-Tiles = 314
2026-06-02 09:46:19 [self-0003-0-attack] Priority agent: flow +6000 base = 73415 final = 79415
2026-06-02 09:46:19 [self-0003-0-attack] Move #381: 210 -> 211 | Army: 15 | Target-Terrain: 1 | Target: 211 | Half: False
2026-06-02 09:46:20 [self-0003-0-attack] My general index: 83
2026-06-02 09:46:20 [self-0003-0-attack] Enemy general index: None
2026-06-02 09:46:20 [self-0003-0-attack] Visible enemy tiles: 14
2026-06-02 09:46:20 [self-0003-0-attack] Tiles: 62 / 63
2026-06-02 09:46:20 [self-0003-0-attack] Map: 20 x 21 Turn: 405
2026-06-02 09:46:20 [self-0003-0-attack] Route planned: Target = 212 Mode = strategy city-free reachable tiles = 310 Fallback-Tiles = 314
2026-06-02 09:46:20 [self-0003-0-attack] Priority agent: flow +6000 base = 81912 final = 87912
2026-06-02 09:46:20 [self-0003-0-attack] Move #382: 211 -> 212 | Army: 12 | Target-Terrain: 1 | Target: 212 | Half: False
2026-06-02 09:46:20 [self-0003-0-attack] My general index: 83
2026-06-02 09:46:20 [self-0003-0-attack] Enemy general index: None
2026-06-02 09:46:20 [self-0003-0-attack] Visible enemy tiles: 14
2026-06-02 09:46:20 [self-0003-0-attack] Tiles: 63 / 62
2026-06-02 09:46:20 [self-0003-0-attack] Map: 20 x 21 Turn: 406
2026-06-02 09:46:20 [self-0003-0-attack] Route planned: Target = 231 Mode = strategy city-free reachable tiles = 310 Fallback-Tiles = 314
2026-06-02 09:46:20 [self-0003-0-attack] Priority agent: flow +6000 base = 72669 final = 78669
2026-06-02 09:46:20 [self-0003-0-attack] Move #383: 212 -> 232 | Army: 9 | Target-Terrain: 1 | Target: 231 | Half: False
2026-06-02 09:46:21 [self-0003-0-attack] My general index: 83
2026-06-02 09:46:21 [self-0003-0-attack] Enemy general index: None
2026-06-02 09:46:21 [self-0003-0-attack] Visible enemy tiles: 14
2026-06-02 09:46:21 [self-0003-0-attack] Tiles: 62 / 63
2026-06-02 09:46:21 [self-0003-0-attack] Map: 20 x 21 Turn: 407
2026-06-02 09:46:21 [self-0003-0-attack] Route planned: Target = 212 Mode = strategy city-free reachable tiles = 310 Fallback-Tiles = 314
2026-06-02 09:46:21 [self-0003-0-attack] Move #384: 89 -> 90 | Army: 57 | Target-Terrain: 0 | Target: 212 | Half: False
2026-06-02 09:46:21 [self-0003-0-attack] My general index: 83
2026-06-02 09:46:21 [self-0003-0-attack] Enemy general index: None
2026-06-02 09:46:21 [self-0003-0-attack] Visible enemy tiles: 14
2026-06-02 09:46:21 [self-0003-0-attack] Tiles: 62 / 63
2026-06-02 09:46:21 [self-0003-0-attack] Map: 20 x 21 Turn: 408
2026-06-02 09:46:21 [self-0003-0-attack] Route planned: Target = 212 Mode = strategy city-free reachable tiles = 310 Fallback-Tiles = 314
2026-06-02 09:46:21 [self-0003-0-attack] Priority agent: fresh target pullback -12000, flow +6000 base = 45684 final = 39684
2026-06-02 09:46:21 [self-0003-0-attack] Move #385: 90 -> 110 | Army: 64 | Target-Terrain: 0 | Target: 212 | Half: False
2026-06-02 09:46:22 [self-0003-0-attack] My general index: 83
2026-06-02 09:46:22 [self-0003-0-attack] Enemy general index: None
2026-06-02 09:46:22 [self-0003-0-attack] Visible enemy tiles: 14
2026-06-02 09:46:22 [self-0003-0-attack] Tiles: 62 / 63
2026-06-02 09:46:22 [self-0003-0-attack] Map: 20 x 21 Turn: 409
2026-06-02 09:46:22 [self-0003-0-attack] Route planned: Target = 212 Mode = strategy city-free reachable tiles = 310 Fallback-Tiles = 314
2026-06-02 09:46:22 [self-0003-0-attack] Move #386: 209 -> 210 | Army: 2 | Target-Terrain: 0 | Target: 212 | Half: False
2026-06-02 09:46:22 [self-0003-0-attack] My general index: 83
2026-06-02 09:46:22 [self-0003-0-attack] Enemy general index: None
2026-06-02 09:46:22 [self-0003-0-attack] Visible enemy tiles: 14
2026-06-02 09:46:22 [self-0003-0-attack] Tiles: 62 / 63
2026-06-02 09:46:22 [self-0003-0-attack] Map: 20 x 21 Turn: 410
2026-06-02 09:46:22 [self-0003-0-attack] Route planned: Target = 212 Mode = strategy city-free reachable tiles = 310 Fallback-Tiles = 314
2026-06-02 09:46:22 [self-0003-0-attack] Move #387: 170 -> 190 | Army: 2 | Target-Terrain: 0 | Target: 212 | Half: False
2026-06-02 09:46:23 [self-0003-0-attack] My general index: 83
2026-06-02 09:46:23 [self-0003-0-attack] Enemy general index: None
2026-06-02 09:46:23 [self-0003-0-attack] Visible enemy tiles: 14
2026-06-02 09:46:23 [self-0003-0-attack] Tiles: 61 / 64
2026-06-02 09:46:23 [self-0003-0-attack] Map: 20 x 21 Turn: 411
2026-06-02 09:46:23 [self-0003-0-attack] Route planned: Target = 211 Mode = strategy city-free reachable tiles = 310 Fallback-Tiles = 314
2026-06-02 09:46:23 [self-0003-0-attack] Move #388: 192 -> 212 | Army: 3 | Target-Terrain: 1 | Target: 211 | Half: False
2026-06-02 09:46:23 [self-0003-0-attack] My general index: 83
2026-06-02 09:46:23 [self-0003-0-attack] Enemy general index: None
2026-06-02 09:46:23 [self-0003-0-attack] Visible enemy tiles: 15
2026-06-02 09:46:23 [self-0003-0-attack] Tiles: 62 / 63
2026-06-02 09:46:23 [self-0003-0-attack] Map: 20 x 21 Turn: 412
2026-06-02 09:46:23 [self-0003-0-attack] Route planned: Target = 211 Mode = strategy city-free reachable tiles = 310 Fallback-Tiles = 314
2026-06-02 09:46:23 [self-0003-0-attack] Move #389: 208 -> 209 | Army: 2 | Target-Terrain: 0 | Target: 211 | Half: False
2026-06-02 09:46:24 [self-0003-0-attack] My general index: 83
2026-06-02 09:46:24 [self-0003-0-attack] Enemy general index: None
2026-06-02 09:46:24 [self-0003-0-attack] Visible enemy tiles: 14
2026-06-02 09:46:24 [self-0003-0-attack] Tiles: 61 / 64
2026-06-02 09:46:24 [self-0003-0-attack] Map: 20 x 21 Turn: 413
2026-06-02 09:46:24 [self-0003-0-attack] Route planned: Target = 211 Mode = strategy city-free reachable tiles = 310 Fallback-Tiles = 314
2026-06-02 09:46:24 [self-0003-0-attack] Move #390: 110 -> 130 | Army: 65 | Target-Terrain: 0 | Target: 211 | Half: False
2026-06-02 09:46:24 [self-0003-0-attack] My general index: 83
2026-06-02 09:46:24 [self-0003-0-attack] Enemy general index: None
2026-06-02 09:46:24 [self-0003-0-attack] Visible enemy tiles: 14
2026-06-02 09:46:24 [self-0003-0-attack] Tiles: 61 / 64
2026-06-02 09:46:24 [self-0003-0-attack] Map: 20 x 21 Turn: 414
2026-06-02 09:46:24 [self-0003-0-attack] Route planned: Target = 211 Mode = strategy city-free reachable tiles = 310 Fallback-Tiles = 314
2026-06-02 09:46:24 [self-0003-0-attack] Move #391: 150 -> 170 | Army: 2 | Target-Terrain: 0 | Target: 211 | Half: False
2026-06-02 09:46:25 [self-0003-0-attack] My general index: 83
2026-06-02 09:46:25 [self-0003-0-attack] Enemy general index: None
2026-06-02 09:46:25 [self-0003-0-attack] Visible enemy tiles: 14
2026-06-02 09:46:25 [self-0003-0-attack] Tiles: 61 / 64
2026-06-02 09:46:25 [self-0003-0-attack] Map: 20 x 21 Turn: 415
2026-06-02 09:46:25 [self-0003-0-attack] Route planned: Target = 211 Mode = strategy city-free reachable tiles = 310 Fallback-Tiles = 314
2026-06-02 09:46:25 [self-0003-0-attack] Move #392: 171 -> 172 | Army: 2 | Target-Terrain: 0 | Target: 211 | Half: False
2026-06-02 09:46:25 [self-0003-0-attack] My general index: 83
2026-06-02 09:46:25 [self-0003-0-attack] Enemy general index: None
2026-06-02 09:46:25 [self-0003-0-attack] Visible enemy tiles: 14
2026-06-02 09:46:25 [self-0003-0-attack] Tiles: 61 / 64
2026-06-02 09:46:25 [self-0003-0-attack] Map: 20 x 21 Turn: 416
2026-06-02 09:46:25 [self-0003-0-attack] Route planned: Target = 211 Mode = strategy city-free reachable tiles = 310 Fallback-Tiles = 314
2026-06-02 09:46:25 [self-0003-0-attack] Move #393: 188 -> 189 | Army: 2 | Target-Terrain: 0 | Target: 211 | Half: False
2026-06-02 09:46:26 [self-0003-0-attack] My general index: 83
2026-06-02 09:46:26 [self-0003-0-attack] Enemy general index: None
2026-06-02 09:46:26 [self-0003-0-attack] Visible enemy tiles: 14
2026-06-02 09:46:26 [self-0003-0-attack] Tiles: 61 / 64
2026-06-02 09:46:26 [self-0003-0-attack] Map: 20 x 21 Turn: 417
2026-06-02 09:46:26 [self-0003-0-attack] Route planned: Target = 211 Mode = strategy city-free reachable tiles = 310 Fallback-Tiles = 314
2026-06-02 09:46:26 [self-0003-0-attack] Move #394: 149 -> 150 | Army: 2 | Target-Terrain: 0 | Target: 211 | Half: False
2026-06-02 09:46:26 [self-0003-0-attack] My general index: 83
2026-06-02 09:46:26 [self-0003-0-attack] Enemy general index: None
2026-06-02 09:46:26 [self-0003-0-attack] Visible enemy tiles: 14
2026-06-02 09:46:26 [self-0003-0-attack] Tiles: 61 / 64
2026-06-02 09:46:26 [self-0003-0-attack] Map: 20 x 21 Turn: 418
2026-06-02 09:46:26 [self-0003-0-attack] Route planned: Target = 211 Mode = strategy city-free reachable tiles = 310 Fallback-Tiles = 314
2026-06-02 09:46:26 [self-0003-0-attack] Move #395: 130 -> 150 | Army: 66 | Target-Terrain: 0 | Target: 211 | Half: False
2026-06-02 09:46:27 [self-0003-0-attack] My general index: 83
2026-06-02 09:46:27 [self-0003-0-attack] Enemy general index: None
2026-06-02 09:46:27 [self-0003-0-attack] Visible enemy tiles: 15
2026-06-02 09:46:27 [self-0003-0-attack] Tiles: 60 / 65
2026-06-02 09:46:27 [self-0003-0-attack] Map: 20 x 21 Turn: 419
2026-06-02 09:46:27 [self-0003-0-attack] Route planned: Target = 211 Mode = strategy city-free reachable tiles = 310 Fallback-Tiles = 314
2026-06-02 09:46:27 [self-0003-0-attack] Priority agent: flow +6000 base = 40267 final = 46267
2026-06-02 09:46:27 [self-0003-0-attack] Move #396: 150 -> 151 | Army: 67 | Target-Terrain: 1 | Target: 211 | Half: False
2026-06-02 09:46:27 [self-0003-0-attack] My general index: 83
2026-06-02 09:46:27 [self-0003-0-attack] Enemy general index: None
2026-06-02 09:46:27 [self-0003-0-attack] Visible enemy tiles: 14
2026-06-02 09:46:27 [self-0003-0-attack] Tiles: 61 / 64
2026-06-02 09:46:27 [self-0003-0-attack] Map: 20 x 21 Turn: 420
2026-06-02 09:46:27 [self-0003-0-attack] Route planned: Target = 211 Mode = strategy city-free reachable tiles = 310 Fallback-Tiles = 314
2026-06-02 09:46:27 [self-0003-0-attack] Priority agent: flow +6000 base = 72005 final = 78005
2026-06-02 09:46:27 [self-0003-0-attack] Move #397: 151 -> 171 | Army: 65 | Target-Terrain: 1 | Target: 211 | Half: False
2026-06-02 09:46:28 [self-0003-0-attack] My general index: 83
2026-06-02 09:46:28 [self-0003-0-attack] Enemy general index: None
2026-06-02 09:46:28 [self-0003-0-attack] Visible enemy tiles: 14
2026-06-02 09:46:28 [self-0003-0-attack] Tiles: 61 / 64
2026-06-02 09:46:28 [self-0003-0-attack] Map: 20 x 21 Turn: 421
2026-06-02 09:46:28 [self-0003-0-attack] Route planned: Target = 211 Mode = strategy city-free reachable tiles = 310 Fallback-Tiles = 314
2026-06-02 09:46:28 [self-0003-0-attack] Move #398: 190 -> 210 | Army: 2 | Target-Terrain: 0 | Target: 211 | Half: False
2026-06-02 09:46:28 [self-0003-0-attack] My general index: 83
2026-06-02 09:46:28 [self-0003-0-attack] Enemy general index: None
2026-06-02 09:46:28 [self-0003-0-attack] Visible enemy tiles: 14
2026-06-02 09:46:28 [self-0003-0-attack] Tiles: 60 / 65
2026-06-02 09:46:28 [self-0003-0-attack] Map: 20 x 21 Turn: 422
2026-06-02 09:46:28 [self-0003-0-attack] Route planned: Target = 211 Mode = strategy city-free reachable tiles = 310 Fallback-Tiles = 314
2026-06-02 09:46:28 [self-0003-0-attack] Move #399: 172 -> 192 | Army: 2 | Target-Terrain: 0 | Target: 211 | Half: False
2026-06-02 09:46:29 [self-0003-0-attack] My general index: 83
2026-06-02 09:46:29 [self-0003-0-attack] Enemy general index: None
2026-06-02 09:46:29 [self-0003-0-attack] Visible enemy tiles: 14
2026-06-02 09:46:29 [self-0003-0-attack] Tiles: 59 / 66
2026-06-02 09:46:29 [self-0003-0-attack] Map: 20 x 21 Turn: 423
2026-06-02 09:46:29 [self-0003-0-attack] Route planned: Target = 211 Mode = strategy city-free reachable tiles = 310 Fallback-Tiles = 314
2026-06-02 09:46:29 [self-0003-0-attack] Move #400: 189 -> 190 | Army: 2 | Target-Terrain: 0 | Target: 211 | Half: False
2026-06-02 09:46:29 [self-0003-0-attack] My general index: 83
2026-06-02 09:46:29 [self-0003-0-attack] Enemy general index: None
2026-06-02 09:46:29 [self-0003-0-attack] Visible enemy tiles: 15
2026-06-02 09:46:29 [self-0003-0-attack] Tiles: 58 / 67
2026-06-02 09:46:29 [self-0003-0-attack] Map: 20 x 21 Turn: 424
2026-06-02 09:46:29 [self-0003-0-attack] Route planned: Target = 211 Mode = strategy city-free reachable tiles = 310 Fallback-Tiles = 314
2026-06-02 09:46:29 [self-0003-0-attack] Move #401: 169 -> 189 | Army: 16 | Target-Terrain: 1 | Target: 211 | Half: False
2026-06-02 09:46:30 [self-0003-0-attack] My general index: 83
2026-06-02 09:46:30 [self-0003-0-attack] Enemy general index: None
2026-06-02 09:46:30 [self-0003-0-attack] Visible enemy tiles: 14
2026-06-02 09:46:30 [self-0003-0-attack] Tiles: 59 / 66
2026-06-02 09:46:30 [self-0003-0-attack] Map: 20 x 21 Turn: 425
2026-06-02 09:46:30 [self-0003-0-attack] Route planned: Target = 211 Mode = strategy city-free reachable tiles = 310 Fallback-Tiles = 314
2026-06-02 09:46:30 [self-0003-0-attack] Priority agent: flow +6000 base = 80128 final = 86128
2026-06-02 09:46:30 [self-0003-0-attack] Move #402: 189 -> 209 | Army: 8 | Target-Terrain: 1 | Target: 211 | Half: False
2026-06-02 09:46:30 [self-0003-0-attack] My general index: 83
2026-06-02 09:46:30 [self-0003-0-attack] Enemy general index: None
2026-06-02 09:46:30 [self-0003-0-attack] Visible enemy tiles: 14
2026-06-02 09:46:30 [self-0003-0-attack] Tiles: 60 / 65
2026-06-02 09:46:30 [self-0003-0-attack] Map: 20 x 21 Turn: 426
2026-06-02 09:46:30 [self-0003-0-attack] Route planned: Target = 211 Mode = strategy city-free reachable tiles = 310 Fallback-Tiles = 314
2026-06-02 09:46:30 [self-0003-0-attack] Priority agent: flow +6000 base = 71266 final = 77266
2026-06-02 09:46:30 [self-0003-0-attack] Move #403: 209 -> 210 | Army: 6 | Target-Terrain: 1 | Target: 211 | Half: False
2026-06-02 09:46:31 [self-0003-0-attack] My general index: 83
2026-06-02 09:46:31 [self-0003-0-attack] Enemy general index: None
2026-06-02 09:46:31 [self-0003-0-attack] Visible enemy tiles: 14
2026-06-02 09:46:31 [self-0003-0-attack] Tiles: 61 / 64
2026-06-02 09:46:31 [self-0003-0-attack] Map: 20 x 21 Turn: 427
2026-06-02 09:46:31 [self-0003-0-attack] Route planned: Target = 211 Mode = strategy city-free reachable tiles = 310 Fallback-Tiles = 314
2026-06-02 09:46:31 [self-0003-0-attack] Priority agent: flow +6000 base = 39574 final = 45574
2026-06-02 09:46:31 [self-0003-0-attack] Move #404: 210 -> 230 | Army: 4 | Target-Terrain: 1 | Target: 211 | Half: False
2026-06-02 09:46:31 [self-0003-0-attack] My general index: 83
2026-06-02 09:46:31 [self-0003-0-attack] Enemy general index: None
2026-06-02 09:46:31 [self-0003-0-attack] Visible enemy tiles: 13
2026-06-02 09:46:31 [self-0003-0-attack] Tiles: 62 / 63
2026-06-02 09:46:31 [self-0003-0-attack] Map: 20 x 21 Turn: 428
2026-06-02 09:46:31 [self-0003-0-attack] Route planned: Target = 211 Mode = strategy city-free reachable tiles = 310 Fallback-Tiles = 314
2026-06-02 09:46:31 [self-0003-0-attack] Move #405: 170 -> 190 | Army: 2 | Target-Terrain: 0 | Target: 211 | Half: False
2026-06-02 09:46:32 [self-0003-0-attack] My general index: 83
2026-06-02 09:46:32 [self-0003-0-attack] Enemy general index: None
2026-06-02 09:46:32 [self-0003-0-attack] Visible enemy tiles: 14
2026-06-02 09:46:32 [self-0003-0-attack] Tiles: 61 / 64
2026-06-02 09:46:32 [self-0003-0-attack] Map: 20 x 21 Turn: 429
2026-06-02 09:46:32 [self-0003-0-attack] Route planned: Target = 211 Mode = strategy city-free reachable tiles = 310 Fallback-Tiles = 314
2026-06-02 09:46:32 [self-0003-0-attack] Move #406: 129 -> 130 | Army: 2 | Target-Terrain: 0 | Target: 211 | Half: False
2026-06-02 09:46:32 [self-0003-0-attack] My general index: 83
2026-06-02 09:46:32 [self-0003-0-attack] Enemy general index: None
2026-06-02 09:46:32 [self-0003-0-attack] Visible enemy tiles: 14
2026-06-02 09:46:32 [self-0003-0-attack] Tiles: 61 / 64
2026-06-02 09:46:32 [self-0003-0-attack] Map: 20 x 21 Turn: 430
2026-06-02 09:46:32 [self-0003-0-attack] Route planned: Target = 211 Mode = strategy city-free reachable tiles = 310 Fallback-Tiles = 314
2026-06-02 09:46:32 [self-0003-0-attack] Move #407: 171 -> 172 | Army: 63 | Target-Terrain: 0 | Target: 211 | Half: False
2026-06-02 09:46:33 [self-0003-0-attack] My general index: 83
2026-06-02 09:46:33 [self-0003-0-attack] Enemy general index: None
2026-06-02 09:46:33 [self-0003-0-attack] Visible enemy tiles: 14
2026-06-02 09:46:33 [self-0003-0-attack] Tiles: 61 / 64
2026-06-02 09:46:33 [self-0003-0-attack] Map: 20 x 21 Turn: 431
2026-06-02 09:46:33 [self-0003-0-attack] Route planned: Target = 211 Mode = strategy city-free reachable tiles = 310 Fallback-Tiles = 314
2026-06-02 09:46:33 [self-0003-0-attack] Priority agent: flow +6000 base = 40453 final = 46453
2026-06-02 09:46:33 [self-0003-0-attack] Move #408: 172 -> 152 | Army: 63 | Target-Terrain: 1 | Target: 211 | Half: False
2026-06-02 09:46:33 [self-0003-0-attack] My general index: 83
2026-06-02 09:46:33 [self-0003-0-attack] Enemy general index: None
2026-06-02 09:46:33 [self-0003-0-attack] Visible enemy tiles: 13
2026-06-02 09:46:33 [self-0003-0-attack] Tiles: 62 / 63
2026-06-02 09:46:33 [self-0003-0-attack] Map: 20 x 21 Turn: 432
2026-06-02 09:46:33 [self-0003-0-attack] Route planned: Target = 211 Mode = strategy city-free reachable tiles = 310 Fallback-Tiles = 314
2026-06-02 09:46:33 [self-0003-0-attack] Move #409: 131 -> 151 | Army: 2 | Target-Terrain: 0 | Target: 211 | Half: False
2026-06-02 09:46:34 [self-0003-0-attack] My general index: 83
2026-06-02 09:46:34 [self-0003-0-attack] Enemy general index: None
2026-06-02 09:46:34 [self-0003-0-attack] Visible enemy tiles: 13
2026-06-02 09:46:34 [self-0003-0-attack] Tiles: 62 / 63
2026-06-02 09:46:34 [self-0003-0-attack] Map: 20 x 21 Turn: 433
2026-06-02 09:46:34 [self-0003-0-attack] Route planned: Target = 211 Mode = strategy city-free reachable tiles = 310 Fallback-Tiles = 314
2026-06-02 09:46:34 [self-0003-0-attack] Move #410: 167 -> 187 | Army: 2 | Target-Terrain: 0 | Target: 211 | Half: False
2026-06-02 09:46:34 [self-0003-0-attack] My general index: 83
2026-06-02 09:46:34 [self-0003-0-attack] Enemy general index: None
2026-06-02 09:46:34 [self-0003-0-attack] Visible enemy tiles: 13
2026-06-02 09:46:34 [self-0003-0-attack] Tiles: 62 / 63
2026-06-02 09:46:34 [self-0003-0-attack] Map: 20 x 21 Turn: 434
2026-06-02 09:46:34 [self-0003-0-attack] Reinforcement waypoint: 211 final target = 211 turns until reinforcement = 16
2026-06-02 09:46:34 [self-0003-0-attack] Route planned: Target = 211 Mode = reinforcement_waypoint city-free reachable tiles = 310 Fallback-Tiles = 314
2026-06-02 09:46:34 [self-0003-0-attack] Move #411: 130 -> 150 | Army: 2 | Target-Terrain: 0 | Target: 211 | Half: False
2026-06-02 09:46:35 [self-0003-0-attack] My general index: 83
2026-06-02 09:46:35 [self-0003-0-attack] Enemy general index: None
2026-06-02 09:46:35 [self-0003-0-attack] Visible enemy tiles: 14
2026-06-02 09:46:35 [self-0003-0-attack] Tiles: 62 / 64
2026-06-02 09:46:35 [self-0003-0-attack] Map: 20 x 21 Turn: 435
2026-06-02 09:46:35 [self-0003-0-attack] Reinforcement waypoint: 211 final target = 211 turns until reinforcement = 15
2026-06-02 09:46:35 [self-0003-0-attack] Route planned: Target = 211 Mode = reinforcement_waypoint city-free reachable tiles = 310 Fallback-Tiles = 314
2026-06-02 09:46:35 [self-0003-0-attack] Move #412: 109 -> 110 | Army: 2 | Target-Terrain: 0 | Target: 211 | Half: False
2026-06-02 09:46:35 [self-0003-0-attack] My general index: 83
2026-06-02 09:46:35 [self-0003-0-attack] Enemy general index: None
2026-06-02 09:46:35 [self-0003-0-attack] Visible enemy tiles: 14
2026-06-02 09:46:35 [self-0003-0-attack] Tiles: 62 / 64
2026-06-02 09:46:35 [self-0003-0-attack] Map: 20 x 21 Turn: 436
2026-06-02 09:46:35 [self-0003-0-attack] Reinforcement waypoint: 211 final target = 211 turns until reinforcement = 14
2026-06-02 09:46:35 [self-0003-0-attack] Route planned: Target = 211 Mode = reinforcement_waypoint city-free reachable tiles = 310 Fallback-Tiles = 314
2026-06-02 09:46:35 [self-0003-0-attack] Move #413: 147 -> 167 | Army: 2 | Target-Terrain: 0 | Target: 211 | Half: False
2026-06-02 09:46:36 [self-0003-0-attack] My general index: 83
2026-06-02 09:46:36 [self-0003-0-attack] Enemy general index: None
2026-06-02 09:46:36 [self-0003-0-attack] Visible enemy tiles: 14
2026-06-02 09:46:36 [self-0003-0-attack] Tiles: 62 / 64
2026-06-02 09:46:36 [self-0003-0-attack] Map: 20 x 21 Turn: 437
2026-06-02 09:46:36 [self-0003-0-attack] Reinforcement waypoint: 211 final target = 211 turns until reinforcement = 13
2026-06-02 09:46:36 [self-0003-0-attack] Route planned: Target = 211 Mode = reinforcement_waypoint city-free reachable tiles = 310 Fallback-Tiles = 314
2026-06-02 09:46:36 [self-0003-0-attack] Move #414: 151 -> 152 | Army: 2 | Target-Terrain: 0 | Target: 211 | Half: False
2026-06-02 09:46:36 [self-0003-0-attack] My general index: 83
2026-06-02 09:46:36 [self-0003-0-attack] Enemy general index: None
2026-06-02 09:46:36 [self-0003-0-attack] Visible enemy tiles: 14
2026-06-02 09:46:36 [self-0003-0-attack] Tiles: 62 / 64
2026-06-02 09:46:36 [self-0003-0-attack] Map: 20 x 21 Turn: 438
2026-06-02 09:46:36 [self-0003-0-attack] Reinforcement waypoint: 211 final target = 211 turns until reinforcement = 12
2026-06-02 09:46:36 [self-0003-0-attack] Route planned: Target = 211 Mode = reinforcement_waypoint city-free reachable tiles = 310 Fallback-Tiles = 314
2026-06-02 09:46:36 [self-0003-0-attack] Move #415: 70 -> 90 | Army: 2 | Target-Terrain: 0 | Target: 211 | Half: False
2026-06-02 09:46:37 [self-0003-0-attack] My general index: 83
2026-06-02 09:46:37 [self-0003-0-attack] Enemy general index: None
2026-06-02 09:46:37 [self-0003-0-attack] Visible enemy tiles: 14
2026-06-02 09:46:37 [self-0003-0-attack] Tiles: 62 / 64
2026-06-02 09:46:37 [self-0003-0-attack] Map: 20 x 21 Turn: 439
2026-06-02 09:46:37 [self-0003-0-attack] Reinforcement waypoint: 210 final target = 211 turns until reinforcement = 11
2026-06-02 09:46:37 [self-0003-0-attack] Route planned: Target = 210 Mode = reinforcement_waypoint city-free reachable tiles = 310 Fallback-Tiles = 314
2026-06-02 09:46:37 [self-0003-0-attack] Move #416: 150 -> 170 | Army: 2 | Target-Terrain: 0 | Target: 210 | Half: False
2026-06-02 09:46:37 [self-0003-0-attack] My general index: 83
2026-06-02 09:46:37 [self-0003-0-attack] Enemy general index: None
2026-06-02 09:46:37 [self-0003-0-attack] Visible enemy tiles: 14
2026-06-02 09:46:37 [self-0003-0-attack] Tiles: 62 / 64
2026-06-02 09:46:37 [self-0003-0-attack] Map: 20 x 21 Turn: 440
2026-06-02 09:46:37 [self-0003-0-attack] Reinforcement waypoint: 210 final target = 211 turns until reinforcement = 10
2026-06-02 09:46:37 [self-0003-0-attack] Route planned: Target = 210 Mode = reinforcement_waypoint city-free reachable tiles = 310 Fallback-Tiles = 314
2026-06-02 09:46:37 [self-0003-0-attack] Move #417: 110 -> 130 | Army: 2 | Target-Terrain: 0 | Target: 210 | Half: False
2026-06-02 09:46:38 [self-0003-0-attack] My general index: 83
2026-06-02 09:46:38 [self-0003-0-attack] Enemy general index: None
2026-06-02 09:46:38 [self-0003-0-attack] Visible enemy tiles: 14
2026-06-02 09:46:38 [self-0003-0-attack] Tiles: 62 / 64
2026-06-02 09:46:38 [self-0003-0-attack] Map: 20 x 21 Turn: 441
2026-06-02 09:46:38 [self-0003-0-attack] Reinforcement waypoint: 210 final target = 211 turns until reinforcement = 9
2026-06-02 09:46:38 [self-0003-0-attack] Route planned: Target = 210 Mode = reinforcement_waypoint city-free reachable tiles = 310 Fallback-Tiles = 314
2026-06-02 09:46:38 [self-0003-0-attack] Move #418: 108 -> 109 | Army: 2 | Target-Terrain: 0 | Target: 210 | Half: False
2026-06-02 09:46:38 [self-0003-0-attack] My general index: 83
2026-06-02 09:46:38 [self-0003-0-attack] Enemy general index: None
2026-06-02 09:46:38 [self-0003-0-attack] Visible enemy tiles: 14
2026-06-02 09:46:38 [self-0003-0-attack] Tiles: 62 / 64
2026-06-02 09:46:38 [self-0003-0-attack] Map: 20 x 21 Turn: 442
2026-06-02 09:46:38 [self-0003-0-attack] Reinforcement waypoint: 210 final target = 211 turns until reinforcement = 8
2026-06-02 09:46:38 [self-0003-0-attack] Route planned: Target = 210 Mode = reinforcement_waypoint city-free reachable tiles = 310 Fallback-Tiles = 314
2026-06-02 09:46:38 [self-0003-0-attack] Move #419: 127 -> 147 | Army: 2 | Target-Terrain: 0 | Target: 210 | Half: False
2026-06-02 09:46:39 [self-0003-0-attack] My general index: 83
2026-06-02 09:46:39 [self-0003-0-attack] Enemy general index: None
2026-06-02 09:46:39 [self-0003-0-attack] Visible enemy tiles: 14
2026-06-02 09:46:39 [self-0003-0-attack] Tiles: 62 / 64
2026-06-02 09:46:39 [self-0003-0-attack] Map: 20 x 21 Turn: 443
2026-06-02 09:46:39 [self-0003-0-attack] Reinforcement waypoint: 210 final target = 211 turns until reinforcement = 7
2026-06-02 09:46:39 [self-0003-0-attack] Route planned: Target = 210 Mode = reinforcement_waypoint city-free reachable tiles = 310 Fallback-Tiles = 314
2026-06-02 09:46:39 [self-0003-0-attack] Move #420: 90 -> 110 | Army: 2 | Target-Terrain: 0 | Target: 210 | Half: False
2026-06-02 09:46:39 [self-0003-0-attack] My general index: 83
2026-06-02 09:46:39 [self-0003-0-attack] Enemy general index: None
2026-06-02 09:46:39 [self-0003-0-attack] Visible enemy tiles: 14
2026-06-02 09:46:39 [self-0003-0-attack] Tiles: 62 / 64
2026-06-02 09:46:39 [self-0003-0-attack] Map: 20 x 21 Turn: 444
2026-06-02 09:46:39 [self-0003-0-attack] Reinforcement waypoint: 210 final target = 211 turns until reinforcement = 6
2026-06-02 09:46:39 [self-0003-0-attack] Route planned: Target = 210 Mode = reinforcement_waypoint city-free reachable tiles = 310 Fallback-Tiles = 314
2026-06-02 09:46:39 [self-0003-0-attack] Move #421: 170 -> 190 | Army: 2 | Target-Terrain: 0 | Target: 210 | Half: False
2026-06-02 09:46:40 [self-0003-0-attack] My general index: 83
2026-06-02 09:46:40 [self-0003-0-attack] Enemy general index: None
2026-06-02 09:46:40 [self-0003-0-attack] Visible enemy tiles: 14
2026-06-02 09:46:40 [self-0003-0-attack] Tiles: 62 / 64
2026-06-02 09:46:40 [self-0003-0-attack] Map: 20 x 21 Turn: 445
2026-06-02 09:46:40 [self-0003-0-attack] Reinforcement waypoint: 210 final target = 211 turns until reinforcement = 5
2026-06-02 09:46:40 [self-0003-0-attack] Route planned: Target = 210 Mode = reinforcement_waypoint city-free reachable tiles = 310 Fallback-Tiles = 314
2026-06-02 09:46:40 [self-0003-0-attack] Move #422: 205 -> 225 | Army: 2 | Target-Terrain: 0 | Target: 210 | Half: False
2026-06-02 09:46:40 [self-0003-0-attack] My general index: 83
2026-06-02 09:46:40 [self-0003-0-attack] Enemy general index: None
2026-06-02 09:46:40 [self-0003-0-attack] Visible enemy tiles: 14
2026-06-02 09:46:40 [self-0003-0-attack] Tiles: 62 / 64
2026-06-02 09:46:40 [self-0003-0-attack] Map: 20 x 21 Turn: 446
2026-06-02 09:46:40 [self-0003-0-attack] Reinforcement waypoint: 210 final target = 211 turns until reinforcement = 4
2026-06-02 09:46:40 [self-0003-0-attack] Route planned: Target = 210 Mode = reinforcement_waypoint city-free reachable tiles = 310 Fallback-Tiles = 314
2026-06-02 09:46:40 [self-0003-0-attack] Move #423: 152 -> 172 | Army: 62 | Target-Terrain: 0 | Target: 210 | Half: False
2026-06-02 09:46:41 [self-0003-0-attack] Coach: contest_cities tiles 62/64 army 356/436 cities 1/1 enemy_city_suspect True bias {'expansion_bias': 0.2, 'city_bias': 1.6, 'attack_bias': 1.3, 'defense_bias': 0.0, 'route_bias': 1.1}
2026-06-02 09:46:41 [self-0003-0-attack] My general index: 83
2026-06-02 09:46:41 [self-0003-0-attack] Enemy general index: None
2026-06-02 09:46:41 [self-0003-0-attack] Visible enemy tiles: 14
2026-06-02 09:46:41 [self-0003-0-attack] Tiles: 62 / 64
2026-06-02 09:46:41 [self-0003-0-attack] Map: 20 x 21 Turn: 447
2026-06-02 09:46:41 [self-0003-0-attack] Reinforcement waypoint: 210 final target = 211 turns until reinforcement = 3
2026-06-02 09:46:41 [self-0003-0-attack] Route planned: Target = 210 Mode = reinforcement_waypoint city-free reachable tiles = 310 Fallback-Tiles = 314
2026-06-02 09:46:41 [self-0003-0-attack] Move #424: 109 -> 129 | Army: 2 | Target-Terrain: 0 | Target: 210 | Half: False
2026-06-02 09:46:41 [self-0003-0-attack] My general index: 83
2026-06-02 09:46:41 [self-0003-0-attack] Enemy general index: None
2026-06-02 09:46:41 [self-0003-0-attack] Visible enemy tiles: 14
2026-06-02 09:46:41 [self-0003-0-attack] Tiles: 62 / 64
2026-06-02 09:46:41 [self-0003-0-attack] Map: 20 x 21 Turn: 448
2026-06-02 09:46:41 [self-0003-0-attack] Reinforcement waypoint: 210 final target = 211 turns until reinforcement = 2
2026-06-02 09:46:41 [self-0003-0-attack] Route planned: Target = 210 Mode = reinforcement_waypoint city-free reachable tiles = 310 Fallback-Tiles = 314
2026-06-02 09:46:41 [self-0003-0-attack] Move #425: 167 -> 187 | Army: 2 | Target-Terrain: 0 | Target: 210 | Half: False
2026-06-02 09:46:42 [self-0003-0-attack] My general index: 83
2026-06-02 09:46:42 [self-0003-0-attack] Enemy general index: None
2026-06-02 09:46:42 [self-0003-0-attack] Visible enemy tiles: 15
2026-06-02 09:46:42 [self-0003-0-attack] Tiles: 61 / 65
2026-06-02 09:46:42 [self-0003-0-attack] Map: 20 x 21 Turn: 449
2026-06-02 09:46:42 [self-0003-0-attack] Reinforcement waypoint: 210 final target = 211 turns until reinforcement = 1
2026-06-02 09:46:42 [self-0003-0-attack] Route planned: Target = 210 Mode = reinforcement_waypoint city-free reachable tiles = 310 Fallback-Tiles = 314
2026-06-02 09:46:42 [self-0003-0-attack] Move #426: 190 -> 210 | Army: 3 | Target-Terrain: 1 | Target: 210 | Half: False
2026-06-02 09:46:42 [self-0003-0-attack] My general index: 83
2026-06-02 09:46:42 [self-0003-0-attack] Enemy general index: None
2026-06-02 09:46:42 [self-0003-0-attack] Visible enemy tiles: 14
2026-06-02 09:46:42 [self-0003-0-attack] Tiles: 62 / 64
2026-06-02 09:46:42 [self-0003-0-attack] Map: 20 x 21 Turn: 450
2026-06-02 09:46:42 [self-0003-0-attack] Route planned: Target = 209 Mode = strategy city-free reachable tiles = 310 Fallback-Tiles = 314
2026-06-02 09:46:42 [self-0003-0-attack] Move #427: 226 -> 227 | Army: 2 | Target-Terrain: -1 | Target: 209 | Half: False
2026-06-02 09:46:43 [self-0003-0-attack] My general index: 83
2026-06-02 09:46:43 [self-0003-0-attack] Enemy general index: None
2026-06-02 09:46:43 [self-0003-0-attack] Visible enemy tiles: 14
2026-06-02 09:46:43 [self-0003-0-attack] Tiles: 62 / 65
2026-06-02 09:46:43 [self-0003-0-attack] Map: 20 x 21 Turn: 451
2026-06-02 09:46:43 [self-0003-0-attack] Route planned: Target = 209 Mode = strategy city-free reachable tiles = 310 Fallback-Tiles = 314
2026-06-02 09:46:43 [self-0003-0-attack] Move #428: 206 -> 186 | Army: 2 | Target-Terrain: -1 | Target: 209 | Half: False
2026-06-02 09:46:43 [self-0003-0-attack] My general index: 83
2026-06-02 09:46:43 [self-0003-0-attack] Enemy general index: None
2026-06-02 09:46:43 [self-0003-0-attack] Visible enemy tiles: 13
2026-06-02 09:46:43 [self-0003-0-attack] Tiles: 62 / 66
2026-06-02 09:46:43 [self-0003-0-attack] Map: 20 x 21 Turn: 452
2026-06-02 09:46:43 [self-0003-0-attack] Route planned: Target = 209 Mode = strategy city-free reachable tiles = 310 Fallback-Tiles = 314
2026-06-02 09:46:43 [self-0003-0-attack] Move #429: 172 -> 192 | Army: 63 | Target-Terrain: 0 | Target: 209 | Half: False
2026-06-02 09:46:44 [self-0003-0-attack] My general index: 83
2026-06-02 09:46:44 [self-0003-0-attack] Enemy general index: None
2026-06-02 09:46:44 [self-0003-0-attack] Visible enemy tiles: 14
2026-06-02 09:46:44 [self-0003-0-attack] Tiles: 61 / 67
2026-06-02 09:46:44 [self-0003-0-attack] Map: 20 x 21 Turn: 453
2026-06-02 09:46:44 [self-0003-0-attack] Route planned: Target = 209 Mode = strategy city-free reachable tiles = 310 Fallback-Tiles = 314
2026-06-02 09:46:44 [self-0003-0-attack] Priority agent: flow +6000 base = 72745 final = 78745
2026-06-02 09:46:44 [self-0003-0-attack] Move #430: 192 -> 212 | Army: 65 | Target-Terrain: 1 | Target: 209 | Half: False
2026-06-02 09:46:44 [self-0003-0-attack] My general index: 83
2026-06-02 09:46:44 [self-0003-0-attack] Enemy general index: None
2026-06-02 09:46:44 [self-0003-0-attack] Visible enemy tiles: 16
2026-06-02 09:46:44 [self-0003-0-attack] Tiles: 61 / 67
2026-06-02 09:46:44 [self-0003-0-attack] Map: 20 x 21 Turn: 454
2026-06-02 09:46:44 [self-0003-0-attack] Route planned: Target = 209 Mode = strategy city-free reachable tiles = 310 Fallback-Tiles = 314
2026-06-02 09:46:44 [self-0003-0-attack] Priority agent: flow +6000 base = 70932 final = 76932
2026-06-02 09:46:44 [self-0003-0-attack] Move #431: 212 -> 211 | Army: 62 | Target-Terrain: 1 | Target: 209 | Half: False
2026-06-02 09:46:45 [self-0003-0-attack] My general index: 83
2026-06-02 09:46:45 [self-0003-0-attack] Enemy general index: None
2026-06-02 09:46:45 [self-0003-0-attack] Visible enemy tiles: 18
2026-06-02 09:46:45 [self-0003-0-attack] Tiles: 61 / 67
2026-06-02 09:46:45 [self-0003-0-attack] Map: 20 x 21 Turn: 455
2026-06-02 09:46:45 [self-0003-0-attack] Route planned: Target = 209 Mode = strategy city-free reachable tiles = 310 Fallback-Tiles = 314
2026-06-02 09:46:45 [self-0003-0-attack] Priority agent: flow +6000 base = 71569 final = 77569
2026-06-02 09:46:45 [self-0003-0-attack] Move #432: 211 -> 210 | Army: 59 | Target-Terrain: 1 | Target: 209 | Half: False
2026-06-02 09:46:45 [self-0003-0-attack] My general index: 83
2026-06-02 09:46:45 [self-0003-0-attack] Enemy general index: None
2026-06-02 09:46:45 [self-0003-0-attack] Visible enemy tiles: 16
2026-06-02 09:46:45 [self-0003-0-attack] Tiles: 61 / 67
2026-06-02 09:46:45 [self-0003-0-attack] Map: 20 x 21 Turn: 456
2026-06-02 09:46:45 [self-0003-0-attack] Route planned: Target = 209 Mode = strategy city-free reachable tiles = 310 Fallback-Tiles = 313
2026-06-02 09:46:45 [self-0003-0-attack] Priority agent: flow +6000 base = 71307 final = 77307
2026-06-02 09:46:45 [self-0003-0-attack] Move #433: 210 -> 209 | Army: 57 | Target-Terrain: 1 | Target: 209 | Half: False
2026-06-02 09:46:46 [self-0003-0-attack] My general index: 83
2026-06-02 09:46:46 [self-0003-0-attack] Enemy general index: None
2026-06-02 09:46:46 [self-0003-0-attack] Visible enemy tiles: 14
2026-06-02 09:46:46 [self-0003-0-attack] Tiles: 61 / 67
2026-06-02 09:46:46 [self-0003-0-attack] Map: 20 x 21 Turn: 457
2026-06-02 09:46:46 [self-0003-0-attack] Route planned: Target = 189 Mode = strategy city-free reachable tiles = 310 Fallback-Tiles = 313
2026-06-02 09:46:46 [self-0003-0-attack] Priority agent: flow +6000 base = 71303 final = 77303
2026-06-02 09:46:46 [self-0003-0-attack] Move #434: 209 -> 189 | Army: 53 | Target-Terrain: 1 | Target: 189 | Half: False
2026-06-02 09:46:46 [self-0003-0-attack] My general index: 83
2026-06-02 09:46:46 [self-0003-0-attack] Enemy general index: None
2026-06-02 09:46:46 [self-0003-0-attack] Visible enemy tiles: 12
2026-06-02 09:46:46 [self-0003-0-attack] Tiles: 61 / 67
2026-06-02 09:46:46 [self-0003-0-attack] Map: 20 x 21 Turn: 458
2026-06-02 09:46:46 [self-0003-0-attack] Route planned: Target = 210 Mode = strategy city-free reachable tiles = 310 Fallback-Tiles = 313
2026-06-02 09:46:46 [self-0003-0-attack] Priority agent: flow +6000 base = 72810 final = 78810
2026-06-02 09:46:46 [self-0003-0-attack] Move #435: 189 -> 190 | Army: 50 | Target-Terrain: 1 | Target: 210 | Half: False
2026-06-02 09:46:47 [self-0003-0-attack] My general index: 83
2026-06-02 09:46:47 [self-0003-0-attack] Enemy general index: None
2026-06-02 09:46:47 [self-0003-0-attack] Visible enemy tiles: 12
2026-06-02 09:46:47 [self-0003-0-attack] Tiles: 61 / 67
2026-06-02 09:46:47 [self-0003-0-attack] Map: 20 x 21 Turn: 459
2026-06-02 09:46:47 [self-0003-0-attack] Route planned: Target = 209 Mode = strategy city-free reachable tiles = 310 Fallback-Tiles = 313
2026-06-02 09:46:47 [self-0003-0-attack] Priority agent: edge reuse -9000, flow +6000 base = 61408 final = 58408
2026-06-02 09:46:47 [self-0003-0-attack] Move #436: 190 -> 210 | Army: 48 | Target-Terrain: 1 | Target: 209 | Half: False
2026-06-02 09:46:47 [self-0003-0-attack] My general index: 83
2026-06-02 09:46:47 [self-0003-0-attack] Enemy general index: None
2026-06-02 09:46:47 [self-0003-0-attack] Visible enemy tiles: 14
2026-06-02 09:46:47 [self-0003-0-attack] Tiles: 61 / 67
2026-06-02 09:46:47 [self-0003-0-attack] Map: 20 x 21 Turn: 460
2026-06-02 09:46:47 [self-0003-0-attack] Route planned: Target = 209 Mode = strategy city-free reachable tiles = 310 Fallback-Tiles = 313
2026-06-02 09:46:47 [self-0003-0-attack] Move #437: 169 -> 189 | Army: 20 | Target-Terrain: 1 | Target: 209 | Half: False
2026-06-02 09:46:48 [self-0003-0-attack] My general index: 83
2026-06-02 09:46:48 [self-0003-0-attack] Enemy general index: None
2026-06-02 09:46:48 [self-0003-0-attack] Visible enemy tiles: 13
2026-06-02 09:46:48 [self-0003-0-attack] Tiles: 62 / 66
2026-06-02 09:46:48 [self-0003-0-attack] Map: 20 x 21 Turn: 461
2026-06-02 09:46:48 [self-0003-0-attack] Route planned: Target = 209 Mode = strategy city-free reachable tiles = 310 Fallback-Tiles = 313
2026-06-02 09:46:48 [self-0003-0-attack] Priority agent: edge reuse -9000 base = 71146 final = 62146
2026-06-02 09:46:48 [self-0003-0-attack] Move #438: 210 -> 209 | Army: 46 | Target-Terrain: 1 | Target: 209 | Half: False
2026-06-02 09:46:48 [self-0003-0-attack] My general index: 83
2026-06-02 09:46:48 [self-0003-0-attack] Enemy general index: None
2026-06-02 09:46:48 [self-0003-0-attack] Visible enemy tiles: 12
2026-06-02 09:46:48 [self-0003-0-attack] Tiles: 63 / 66
2026-06-02 09:46:48 [self-0003-0-attack] Map: 20 x 21 Turn: 462
2026-06-02 09:46:48 [self-0003-0-attack] Route planned: Target = 211 Mode = strategy city-free reachable tiles = 310 Fallback-Tiles = 313
2026-06-02 09:46:48 [self-0003-0-attack] Move #439: 170 -> 190 | Army: 2 | Target-Terrain: 0 | Target: 211 | Half: False
2026-06-02 09:46:49 [self-0003-0-attack] My general index: 83
2026-06-02 09:46:49 [self-0003-0-attack] Enemy general index: None
2026-06-02 09:46:49 [self-0003-0-attack] Visible enemy tiles: 12
2026-06-02 09:46:49 [self-0003-0-attack] Tiles: 63 / 66
2026-06-02 09:46:49 [self-0003-0-attack] Map: 20 x 21 Turn: 463
2026-06-02 09:46:49 [self-0003-0-attack] Route planned: Target = 211 Mode = strategy city-free reachable tiles = 310 Fallback-Tiles = 313
2026-06-02 09:46:49 [self-0003-0-attack] Move #440: 150 -> 170 | Army: 2 | Target-Terrain: 0 | Target: 211 | Half: False
2026-06-02 09:46:49 [self-0003-0-attack] My general index: 83
2026-06-02 09:46:49 [self-0003-0-attack] Enemy general index: None
2026-06-02 09:46:49 [self-0003-0-attack] Visible enemy tiles: 12
2026-06-02 09:46:49 [self-0003-0-attack] Tiles: 63 / 66
2026-06-02 09:46:49 [self-0003-0-attack] Map: 20 x 21 Turn: 464
2026-06-02 09:46:49 [self-0003-0-attack] Route planned: Target = 211 Mode = strategy city-free reachable tiles = 310 Fallback-Tiles = 313
2026-06-02 09:46:49 [self-0003-0-attack] Move #441: 152 -> 172 | Army: 2 | Target-Terrain: 0 | Target: 211 | Half: False
2026-06-02 09:46:50 [self-0003-0-attack] My general index: 83
2026-06-02 09:46:50 [self-0003-0-attack] Enemy general index: None
2026-06-02 09:46:50 [self-0003-0-attack] Visible enemy tiles: 12
2026-06-02 09:46:50 [self-0003-0-attack] Tiles: 63 / 66
2026-06-02 09:46:50 [self-0003-0-attack] Map: 20 x 21 Turn: 465
2026-06-02 09:46:50 [self-0003-0-attack] Route planned: Target = 211 Mode = strategy city-free reachable tiles = 310 Fallback-Tiles = 313
2026-06-02 09:46:50 [self-0003-0-attack] Move #442: 171 -> 172 | Army: 2 | Target-Terrain: 0 | Target: 211 | Half: False
2026-06-02 09:46:50 [self-0003-0-attack] My general index: 83
2026-06-02 09:46:50 [self-0003-0-attack] Enemy general index: None
2026-06-02 09:46:50 [self-0003-0-attack] Visible enemy tiles: 12
2026-06-02 09:46:50 [self-0003-0-attack] Tiles: 63 / 66
2026-06-02 09:46:50 [self-0003-0-attack] Map: 20 x 21 Turn: 466
2026-06-02 09:46:50 [self-0003-0-attack] Route planned: Target = 211 Mode = strategy city-free reachable tiles = 310 Fallback-Tiles = 313
2026-06-02 09:46:50 [self-0003-0-attack] Priority agent: edge reuse -9000, flow +6000 base = 79423 final = 76423
2026-06-02 09:46:50 [self-0003-0-attack] Move #443: 172 -> 192 | Army: 3 | Target-Terrain: 1 | Target: 211 | Half: False
2026-06-02 09:46:51 [self-0003-0-attack] My general index: 83
2026-06-02 09:46:51 [self-0003-0-attack] Enemy general index: None
2026-06-02 09:46:51 [self-0003-0-attack] Visible enemy tiles: 13
2026-06-02 09:46:51 [self-0003-0-attack] Tiles: 64 / 65
2026-06-02 09:46:51 [self-0003-0-attack] Map: 20 x 21 Turn: 467
2026-06-02 09:46:51 [self-0003-0-attack] Route planned: Target = 211 Mode = strategy city-free reachable tiles = 310 Fallback-Tiles = 314
2026-06-02 09:46:51 [self-0003-0-attack] Move #444: 144 -> 164 | Army: 8 | Target-Terrain: 0 | Target: 211 | Half: False
2026-06-02 09:46:51 [self-0003-0-attack] My general index: 83
2026-06-02 09:46:51 [self-0003-0-attack] Enemy general index: None
2026-06-02 09:46:51 [self-0003-0-attack] Visible enemy tiles: 13
2026-06-02 09:46:51 [self-0003-0-attack] Tiles: 64 / 65
2026-06-02 09:46:51 [self-0003-0-attack] Map: 20 x 21 Turn: 468
2026-06-02 09:46:51 [self-0003-0-attack] Route planned: Target = 211 Mode = strategy city-free reachable tiles = 310 Fallback-Tiles = 314
2026-06-02 09:46:51 [self-0003-0-attack] Move #445: 188 -> 208 | Army: 2 | Target-Terrain: 0 | Target: 211 | Half: False
2026-06-02 09:46:52 [self-0003-0-attack] My general index: 83
2026-06-02 09:46:52 [self-0003-0-attack] Enemy general index: None
2026-06-02 09:46:52 [self-0003-0-attack] Visible enemy tiles: 13
2026-06-02 09:46:52 [self-0003-0-attack] Tiles: 64 / 65
2026-06-02 09:46:52 [self-0003-0-attack] Map: 20 x 21 Turn: 469
2026-06-02 09:46:52 [self-0003-0-attack] Route planned: Target = 211 Mode = strategy city-free reachable tiles = 310 Fallback-Tiles = 314
2026-06-02 09:46:52 [self-0003-0-attack] Move #446: 130 -> 150 | Army: 3 | Target-Terrain: 0 | Target: 211 | Half: False
2026-06-02 09:46:52 [self-0003-0-attack] My general index: 83
2026-06-02 09:46:52 [self-0003-0-attack] Enemy general index: None
2026-06-02 09:46:52 [self-0003-0-attack] Visible enemy tiles: 13
2026-06-02 09:46:52 [self-0003-0-attack] Tiles: 64 / 65
2026-06-02 09:46:52 [self-0003-0-attack] Map: 20 x 21 Turn: 470
2026-06-02 09:46:52 [self-0003-0-attack] Route planned: Target = 211 Mode = strategy city-free reachable tiles = 310 Fallback-Tiles = 314
2026-06-02 09:46:52 [self-0003-0-attack] Move #447: 149 -> 150 | Army: 2 | Target-Terrain: 0 | Target: 211 | Half: False
2026-06-02 09:46:53 [self-0003-0-attack] My general index: 83
2026-06-02 09:46:53 [self-0003-0-attack] Enemy general index: None
2026-06-02 09:46:53 [self-0003-0-attack] Visible enemy tiles: 13
2026-06-02 09:46:53 [self-0003-0-attack] Tiles: 64 / 65
2026-06-02 09:46:53 [self-0003-0-attack] Map: 20 x 21 Turn: 471
2026-06-02 09:46:53 [self-0003-0-attack] Route planned: Target = 211 Mode = strategy city-free reachable tiles = 310 Fallback-Tiles = 314
2026-06-02 09:46:53 [self-0003-0-attack] Move #448: 151 -> 152 | Army: 2 | Target-Terrain: 0 | Target: 211 | Half: False
2026-06-02 09:46:53 [self-0003-0-attack] My general index: 83
2026-06-02 09:46:53 [self-0003-0-attack] Enemy general index: None
2026-06-02 09:46:53 [self-0003-0-attack] Visible enemy tiles: 13
2026-06-02 09:46:53 [self-0003-0-attack] Tiles: 64 / 65
2026-06-02 09:46:53 [self-0003-0-attack] Map: 20 x 21 Turn: 472
2026-06-02 09:46:53 [self-0003-0-attack] Route planned: Target = 211 Mode = strategy city-free reachable tiles = 310 Fallback-Tiles = 314
2026-06-02 09:46:53 [self-0003-0-attack] Move #449: 164 -> 184 | Army: 14 | Target-Terrain: 0 | Target: 211 | Half: False
2026-06-02 09:46:54 [self-0003-0-attack] My general index: 83
2026-06-02 09:46:54 [self-0003-0-attack] Enemy general index: None
2026-06-02 09:46:54 [self-0003-0-attack] Visible enemy tiles: 13
2026-06-02 09:46:54 [self-0003-0-attack] Tiles: 64 / 65
2026-06-02 09:46:54 [self-0003-0-attack] Map: 20 x 21 Turn: 473
2026-06-02 09:46:54 [self-0003-0-attack] Route planned: Target = 211 Mode = strategy city-free reachable tiles = 310 Fallback-Tiles = 314
2026-06-02 09:46:54 [self-0003-0-attack] Move #450: 189 -> 190 | Army: 6 | Target-Terrain: 0 | Target: 211 | Half: False
2026-06-02 09:46:54 [self-0003-0-attack] My general index: 83
2026-06-02 09:46:54 [self-0003-0-attack] Enemy general index: None
2026-06-02 09:46:54 [self-0003-0-attack] Visible enemy tiles: 13
2026-06-02 09:46:54 [self-0003-0-attack] Tiles: 64 / 65
2026-06-02 09:46:54 [self-0003-0-attack] Map: 20 x 21 Turn: 474
2026-06-02 09:46:54 [self-0003-0-attack] Route planned: Target = 211 Mode = strategy city-free reachable tiles = 310 Fallback-Tiles = 314
2026-06-02 09:46:54 [self-0003-0-attack] Move #451: 208 -> 209 | Army: 3 | Target-Terrain: 0 | Target: 211 | Half: False
2026-06-02 09:46:55 [self-0003-0-attack] My general index: 83
2026-06-02 09:46:55 [self-0003-0-attack] Enemy general index: None
2026-06-02 09:46:55 [self-0003-0-attack] Visible enemy tiles: 13
2026-06-02 09:46:55 [self-0003-0-attack] Tiles: 64 / 65
2026-06-02 09:46:55 [self-0003-0-attack] Map: 20 x 21 Turn: 475
2026-06-02 09:46:55 [self-0003-0-attack] Route planned: Target = 211 Mode = strategy city-free reachable tiles = 310 Fallback-Tiles = 314
2026-06-02 09:46:55 [self-0003-0-attack] Move #452: 110 -> 130 | Army: 3 | Target-Terrain: 0 | Target: 211 | Half: False
2026-06-02 09:46:55 [self-0003-0-attack] My general index: 83
2026-06-02 09:46:55 [self-0003-0-attack] Enemy general index: None
2026-06-02 09:46:55 [self-0003-0-attack] Visible enemy tiles: 13
2026-06-02 09:46:55 [self-0003-0-attack] Tiles: 64 / 65
2026-06-02 09:46:55 [self-0003-0-attack] Map: 20 x 21 Turn: 476
2026-06-02 09:46:55 [self-0003-0-attack] Route planned: Target = 211 Mode = strategy city-free reachable tiles = 310 Fallback-Tiles = 314
2026-06-02 09:46:55 [self-0003-0-attack] Move #453: 129 -> 130 | Army: 3 | Target-Terrain: 0 | Target: 211 | Half: False
2026-06-02 09:46:56 [self-0003-0-attack] My general index: 83
2026-06-02 09:46:56 [self-0003-0-attack] Enemy general index: None
2026-06-02 09:46:56 [self-0003-0-attack] Visible enemy tiles: 13
2026-06-02 09:46:56 [self-0003-0-attack] Tiles: 64 / 65
2026-06-02 09:46:56 [self-0003-0-attack] Map: 20 x 21 Turn: 477
2026-06-02 09:46:56 [self-0003-0-attack] Route planned: Target = 211 Mode = strategy city-free reachable tiles = 310 Fallback-Tiles = 314
2026-06-02 09:46:56 [self-0003-0-attack] Move #454: 184 -> 204 | Army: 19 | Target-Terrain: 0 | Target: 211 | Half: False
2026-06-02 09:46:56 [self-0003-0-attack] My general index: 83
2026-06-02 09:46:56 [self-0003-0-attack] Enemy general index: None
2026-06-02 09:46:56 [self-0003-0-attack] Visible enemy tiles: 13
2026-06-02 09:46:56 [self-0003-0-attack] Tiles: 64 / 65
2026-06-02 09:46:56 [self-0003-0-attack] Map: 20 x 21 Turn: 478
2026-06-02 09:46:56 [self-0003-0-attack] Route planned: Target = 211 Mode = strategy city-free reachable tiles = 310 Fallback-Tiles = 314
2026-06-02 09:46:56 [self-0003-0-attack] Move #455: 190 -> 210 | Army: 7 | Target-Terrain: 0 | Target: 211 | Half: False
2026-06-02 09:46:57 [self-0003-0-attack] My general index: 83
2026-06-02 09:46:57 [self-0003-0-attack] Enemy general index: None
2026-06-02 09:46:57 [self-0003-0-attack] Visible enemy tiles: 13
2026-06-02 09:46:57 [self-0003-0-attack] Tiles: 64 / 65
2026-06-02 09:46:57 [self-0003-0-attack] Map: 20 x 21 Turn: 479
2026-06-02 09:46:57 [self-0003-0-attack] Route planned: Target = 211 Mode = strategy city-free reachable tiles = 310 Fallback-Tiles = 314
2026-06-02 09:46:57 [self-0003-0-attack] Priority agent: flow +6000 base = 80107 final = 86107
2026-06-02 09:46:57 [self-0003-0-attack] Move #456: 210 -> 211 | Army: 7 | Target-Terrain: 1 | Target: 211 | Half: False
2026-06-02 09:46:57 [self-0003-0-attack] My general index: 83
2026-06-02 09:46:57 [self-0003-0-attack] Enemy general index: None
2026-06-02 09:46:57 [self-0003-0-attack] Visible enemy tiles: 13
2026-06-02 09:46:57 [self-0003-0-attack] Tiles: 65 / 64
2026-06-02 09:46:57 [self-0003-0-attack] Map: 20 x 21 Turn: 480
2026-06-02 09:46:57 [self-0003-0-attack] Route planned: Target = 230 Mode = strategy city-free reachable tiles = 310 Fallback-Tiles = 314
2026-06-02 09:46:57 [self-0003-0-attack] Priority agent: flow +6000 base = 72964 final = 78964
2026-06-02 09:46:57 [self-0003-0-attack] Move #457: 211 -> 231 | Army: 4 | Target-Terrain: 1 | Target: 230 | Half: False
2026-06-02 09:46:58 [self-0003-0-attack] My general index: 83
2026-06-02 09:46:58 [self-0003-0-attack] Enemy general index: None
2026-06-02 09:46:58 [self-0003-0-attack] Visible enemy tiles: 14
2026-06-02 09:46:58 [self-0003-0-attack] Tiles: 66 / 63
2026-06-02 09:46:58 [self-0003-0-attack] Map: 20 x 21 Turn: 481
2026-06-02 09:46:58 [self-0003-0-attack] Route planned: Target = 230 Mode = strategy city-free reachable tiles = 310 Fallback-Tiles = 314
2026-06-02 09:46:58 [self-0003-0-attack] Move #458: 209 -> 210 | Army: 46 | Target-Terrain: 0 | Target: 230 | Half: False
2026-06-02 09:46:58 [self-0003-0-attack] My general index: 83
2026-06-02 09:46:58 [self-0003-0-attack] Enemy general index: None
2026-06-02 09:46:58 [self-0003-0-attack] Visible enemy tiles: 14
2026-06-02 09:46:58 [self-0003-0-attack] Tiles: 66 / 63
2026-06-02 09:46:58 [self-0003-0-attack] Map: 20 x 21 Turn: 482
2026-06-02 09:46:58 [self-0003-0-attack] Route planned: Target = 230 Mode = strategy city-free reachable tiles = 310 Fallback-Tiles = 314
2026-06-02 09:46:58 [self-0003-0-attack] Priority agent: flow +6000 base = 74546 final = 80546
2026-06-02 09:46:58 [self-0003-0-attack] Move #459: 210 -> 230 | Army: 46 | Target-Terrain: 1 | Target: 230 | Half: False
2026-06-02 09:46:59 [self-0003-0-attack] My general index: 83
2026-06-02 09:46:59 [self-0003-0-attack] Enemy general index: None
2026-06-02 09:46:59 [self-0003-0-attack] Visible enemy tiles: 14
2026-06-02 09:46:59 [self-0003-0-attack] Tiles: 66 / 63
2026-06-02 09:46:59 [self-0003-0-attack] Map: 20 x 21 Turn: 483
2026-06-02 09:46:59 [self-0003-0-attack] Route planned: Target = 212 Mode = strategy city-free reachable tiles = 310 Fallback-Tiles = 314
2026-06-02 09:46:59 [self-0003-0-attack] Priority agent: flow +6000 base = 81263 final = 87263
2026-06-02 09:46:59 [self-0003-0-attack] Move #460: 230 -> 231 | Army: 43 | Target-Terrain: 1 | Target: 212 | Half: False
2026-06-02 09:46:59 [self-0003-0-attack] My general index: 83
2026-06-02 09:46:59 [self-0003-0-attack] Enemy general index: None
2026-06-02 09:46:59 [self-0003-0-attack] Visible enemy tiles: 13
2026-06-02 09:46:59 [self-0003-0-attack] Tiles: 67 / 62
2026-06-02 09:46:59 [self-0003-0-attack] Map: 20 x 21 Turn: 484
2026-06-02 09:46:59 [self-0003-0-attack] Reinforcement waypoint: 212 final target = 212 turns until reinforcement = 16
2026-06-02 09:46:59 [self-0003-0-attack] Route planned: Target = 212 Mode = reinforcement_waypoint city-free reachable tiles = 310 Fallback-Tiles = 314
2026-06-02 09:46:59 [self-0003-0-attack] Priority agent: flow +6000 base = 88601 final = 94601
2026-06-02 09:46:59 [self-0003-0-attack] Move #461: 231 -> 232 | Army: 41 | Target-Terrain: 1 | Target: 212 | Half: False
2026-06-02 09:47:00 [self-0003-0-attack] My general index: 83
2026-06-02 09:47:00 [self-0003-0-attack] Enemy general index: None
2026-06-02 09:47:00 [self-0003-0-attack] Visible enemy tiles: 14
2026-06-02 09:47:00 [self-0003-0-attack] Tiles: 68 / 61
2026-06-02 09:47:00 [self-0003-0-attack] Map: 20 x 21 Turn: 485
2026-06-02 09:47:00 [self-0003-0-attack] Reinforcement waypoint: 212 final target = 212 turns until reinforcement = 15
2026-06-02 09:47:00 [self-0003-0-attack] Route planned: Target = 212 Mode = reinforcement_waypoint city-free reachable tiles = 310 Fallback-Tiles = 314
2026-06-02 09:47:00 [self-0003-0-attack] Priority agent: flow +6000 base = 88639 final = 94639
2026-06-02 09:47:00 [self-0003-0-attack] Move #462: 232 -> 212 | Army: 39 | Target-Terrain: 1 | Target: 212 | Half: False
2026-06-02 09:47:00 [self-0003-0-attack] My general index: 83
2026-06-02 09:47:00 [self-0003-0-attack] Enemy general index: None
2026-06-02 09:47:00 [self-0003-0-attack] Visible enemy tiles: 13
2026-06-02 09:47:00 [self-0003-0-attack] Tiles: 69 / 60
2026-06-02 09:47:00 [self-0003-0-attack] Map: 20 x 21 Turn: 486
2026-06-02 09:47:00 [self-0003-0-attack] Reinforcement waypoint: 250 final target = 250 turns until reinforcement = 14
2026-06-02 09:47:00 [self-0003-0-attack] Route planned: Target = 250 Mode = reinforcement_waypoint city-free reachable tiles = 310 Fallback-Tiles = 314
2026-06-02 09:47:00 [self-0003-0-attack] Move #463: 225 -> 245 | Army: 4 | Target-Terrain: -1 | Target: 250 | Half: False
2026-06-02 09:47:01 [self-0003-0-attack] My general index: 83
2026-06-02 09:47:01 [self-0003-0-attack] Enemy general index: None
2026-06-02 09:47:01 [self-0003-0-attack] Visible enemy tiles: 14
2026-06-02 09:47:01 [self-0003-0-attack] Tiles: 69 / 61
2026-06-02 09:47:01 [self-0003-0-attack] Map: 20 x 21 Turn: 487
2026-06-02 09:47:01 [self-0003-0-attack] Reinforcement waypoint: 212 final target = 212 turns until reinforcement = 13
2026-06-02 09:47:01 [self-0003-0-attack] Route planned: Target = 212 Mode = reinforcement_waypoint city-free reachable tiles = 310 Fallback-Tiles = 314
2026-06-02 09:47:01 [self-0003-0-attack] Priority agent: flow +6000 base = 52783 final = 58783
2026-06-02 09:47:01 [self-0003-0-attack] Move #464: 245 -> 246 | Army: 3 | Target-Terrain: -1 | Target: 212 | Half: False
2026-06-02 09:47:01 [self-0003-0-attack] My general index: 83
2026-06-02 09:47:01 [self-0003-0-attack] Enemy general index: None
2026-06-02 09:47:01 [self-0003-0-attack] Visible enemy tiles: 15
2026-06-02 09:47:01 [self-0003-0-attack] Tiles: 69 / 62
2026-06-02 09:47:01 [self-0003-0-attack] Map: 20 x 21 Turn: 488
2026-06-02 09:47:01 [self-0003-0-attack] Reinforcement waypoint: 210 final target = 211 turns until reinforcement = 12
2026-06-02 09:47:01 [self-0003-0-attack] Route planned: Target = 210 Mode = reinforcement_waypoint city-free reachable tiles = 310 Fallback-Tiles = 314
2026-06-02 09:47:01 [self-0003-0-attack] Priority agent: flow +6000 base = 51602 final = 57602
2026-06-02 09:47:01 [self-0003-0-attack] Move #465: 246 -> 247 | Army: 2 | Target-Terrain: -1 | Target: 210 | Half: False
2026-06-02 09:47:02 [self-0003-0-attack] My general index: 83
2026-06-02 09:47:02 [self-0003-0-attack] Enemy general index: None
2026-06-02 09:47:02 [self-0003-0-attack] Visible enemy tiles: 16
2026-06-02 09:47:02 [self-0003-0-attack] Tiles: 69 / 63
2026-06-02 09:47:02 [self-0003-0-attack] Map: 20 x 21 Turn: 489
2026-06-02 09:47:02 [self-0003-0-attack] Reinforcement waypoint: 190 final target = 210 turns until reinforcement = 11
2026-06-02 09:47:02 [self-0003-0-attack] Route planned: Target = 190 Mode = reinforcement_waypoint city-free reachable tiles = 310 Fallback-Tiles = 314
2026-06-02 09:47:02 [self-0003-0-attack] Move #466: 170 -> 190 | Army: 2 | Target-Terrain: 0 | Target: 190 | Half: False
2026-06-02 09:47:02 [self-0003-0-attack] My general index: 83
2026-06-02 09:47:02 [self-0003-0-attack] Enemy general index: None
2026-06-02 09:47:02 [self-0003-0-attack] Visible enemy tiles: 17
2026-06-02 09:47:02 [self-0003-0-attack] Tiles: 68 / 64
2026-06-02 09:47:02 [self-0003-0-attack] Map: 20 x 21 Turn: 490
2026-06-02 09:47:02 [self-0003-0-attack] Reinforcement waypoint: 189 final target = 209 turns until reinforcement = 10
2026-06-02 09:47:02 [self-0003-0-attack] Route planned: Target = 189 Mode = reinforcement_waypoint city-free reachable tiles = 310 Fallback-Tiles = 314
2026-06-02 09:47:02 [self-0003-0-attack] Move #467: 150 -> 170 | Army: 4 | Target-Terrain: 0 | Target: 189 | Half: False
2026-06-02 09:47:03 [self-0003-0-attack] My general index: 83
2026-06-02 09:47:03 [self-0003-0-attack] Enemy general index: None
2026-06-02 09:47:03 [self-0003-0-attack] Visible enemy tiles: 18
2026-06-02 09:47:03 [self-0003-0-attack] Tiles: 67 / 65
2026-06-02 09:47:03 [self-0003-0-attack] Map: 20 x 21 Turn: 491
2026-06-02 09:47:03 [self-0003-0-attack] Reinforcement waypoint: 189 final target = 209 turns until reinforcement = 9
2026-06-02 09:47:03 [self-0003-0-attack] Route planned: Target = 189 Mode = reinforcement_waypoint city-free reachable tiles = 310 Fallback-Tiles = 314
2026-06-02 09:47:03 [self-0003-0-attack] Move #468: 167 -> 187 | Army: 2 | Target-Terrain: 0 | Target: 189 | Half: False
2026-06-02 09:47:03 [self-0003-0-attack] My general index: 83
2026-06-02 09:47:03 [self-0003-0-attack] Enemy general index: None
2026-06-02 09:47:03 [self-0003-0-attack] Visible enemy tiles: 19
2026-06-02 09:47:03 [self-0003-0-attack] Tiles: 66 / 66
2026-06-02 09:47:03 [self-0003-0-attack] Map: 20 x 21 Turn: 492
2026-06-02 09:47:03 [self-0003-0-attack] Reinforcement waypoint: 189 final target = 209 turns until reinforcement = 8
2026-06-02 09:47:03 [self-0003-0-attack] Route planned: Target = 189 Mode = reinforcement_waypoint city-free reachable tiles = 310 Fallback-Tiles = 314
2026-06-02 09:47:03 [self-0003-0-attack] Move #469: 169 -> 189 | Army: 17 | Target-Terrain: 1 | Target: 189 | Half: False
2026-06-02 09:47:04 [self-0003-0-attack] My general index: 83
2026-06-02 09:47:04 [self-0003-0-attack] Enemy general index: None
2026-06-02 09:47:04 [self-0003-0-attack] Visible enemy tiles: 19
2026-06-02 09:47:04 [self-0003-0-attack] Tiles: 66 / 66
2026-06-02 09:47:04 [self-0003-0-attack] Map: 20 x 21 Turn: 493
2026-06-02 09:47:04 [self-0003-0-attack] Reinforcement waypoint: 209 final target = 209 turns until reinforcement = 7
2026-06-02 09:47:04 [self-0003-0-attack] Route planned: Target = 209 Mode = reinforcement_waypoint city-free reachable tiles = 310 Fallback-Tiles = 314
2026-06-02 09:47:04 [self-0003-0-attack] Priority agent: flow +6000 base = 100615 final = 106615
2026-06-02 09:47:04 [self-0003-0-attack] Move #470: 189 -> 209 | Army: 15 | Target-Terrain: 1 | Target: 209 | Half: False
2026-06-02 09:47:04 [self-0003-0-attack] My general index: 83
2026-06-02 09:47:04 [self-0003-0-attack] Enemy general index: None
2026-06-02 09:47:04 [self-0003-0-attack] Visible enemy tiles: 19
2026-06-02 09:47:04 [self-0003-0-attack] Tiles: 66 / 66
2026-06-02 09:47:04 [self-0003-0-attack] Map: 20 x 21 Turn: 494
2026-06-02 09:47:04 [self-0003-0-attack] Reinforcement waypoint: 210 final target = 210 turns until reinforcement = 6
2026-06-02 09:47:04 [self-0003-0-attack] Route planned: Target = 210 Mode = reinforcement_waypoint city-free reachable tiles = 310 Fallback-Tiles = 314
2026-06-02 09:47:04 [self-0003-0-attack] Priority agent: edge reuse -9000, flow +6000 base = 100913 final = 97913
2026-06-02 09:47:04 [self-0003-0-attack] Move #471: 209 -> 210 | Army: 13 | Target-Terrain: 1 | Target: 210 | Half: False
2026-06-02 09:47:05 [self-0003-0-attack] My general index: 83
2026-06-02 09:47:05 [self-0003-0-attack] Enemy general index: None
2026-06-02 09:47:05 [self-0003-0-attack] Visible enemy tiles: 19
2026-06-02 09:47:05 [self-0003-0-attack] Tiles: 66 / 66
2026-06-02 09:47:05 [self-0003-0-attack] Map: 20 x 21 Turn: 495
2026-06-02 09:47:05 [self-0003-0-attack] Reinforcement waypoint: 190 final target = 190 turns until reinforcement = 5
2026-06-02 09:47:05 [self-0003-0-attack] Route planned: Target = 190 Mode = reinforcement_waypoint city-free reachable tiles = 310 Fallback-Tiles = 314
2026-06-02 09:47:05 [self-0003-0-attack] Priority agent: flow +6000 base = 91711 final = 97711
2026-06-02 09:47:05 [self-0003-0-attack] Move #472: 210 -> 190 | Army: 11 | Target-Terrain: 1 | Target: 190 | Half: False
2026-06-02 09:47:05 [self-0003-0-attack] My general index: 83
2026-06-02 09:47:05 [self-0003-0-attack] Enemy general index: None
2026-06-02 09:47:05 [self-0003-0-attack] Visible enemy tiles: 19
2026-06-02 09:47:05 [self-0003-0-attack] Tiles: 66 / 66
2026-06-02 09:47:05 [self-0003-0-attack] Map: 20 x 21 Turn: 496
2026-06-02 09:47:05 [self-0003-0-attack] Route planned: Target = 89 Mode = defense city-free reachable tiles = 310 Fallback-Tiles = 314
2026-06-02 09:47:05 [self-0003-0-attack] Move #473: 69 -> 89 | Army: 4 | Target-Terrain: 0 | Target: 89 | Half: False
2026-06-02 09:47:06 [self-0003-0-attack] Coach: contest_cities tiles 65/67 army 358/465 cities 1/1 enemy_city_suspect True bias {'expansion_bias': 0.2, 'city_bias': 1.6, 'attack_bias': 1.3, 'defense_bias': 0.0, 'route_bias': 1.1}
2026-06-02 09:47:06 [self-0003-0-attack] My general index: 83
2026-06-02 09:47:06 [self-0003-0-attack] Enemy general index: None
2026-06-02 09:47:06 [self-0003-0-attack] Visible enemy tiles: 20
2026-06-02 09:47:06 [self-0003-0-attack] Tiles: 65 / 67
2026-06-02 09:47:06 [self-0003-0-attack] Map: 20 x 21 Turn: 497
2026-06-02 09:47:06 [self-0003-0-attack] Route planned: Target = 89 Mode = defense city-free reachable tiles = 310 Fallback-Tiles = 314
2026-06-02 09:47:06 [self-0003-0-attack] Move #474: 88 -> 89 | Army: 3 | Target-Terrain: 0 | Target: 89 | Half: False
2026-06-02 09:47:06 [self-0003-0-attack] My general index: 83
2026-06-02 09:47:06 [self-0003-0-attack] Enemy general index: None
2026-06-02 09:47:06 [self-0003-0-attack] Visible enemy tiles: 20
2026-06-02 09:47:06 [self-0003-0-attack] Tiles: 65 / 67
2026-06-02 09:47:06 [self-0003-0-attack] Map: 20 x 21 Turn: 498
2026-06-02 09:47:06 [self-0003-0-attack] Route planned: Target = 89 Mode = defense city-free reachable tiles = 310 Fallback-Tiles = 314
2026-06-02 09:47:06 [self-0003-0-attack] Move #475: 90 -> 89 | Army: 2 | Target-Terrain: 0 | Target: 89 | Half: False
2026-06-02 09:47:07 [self-0003-0-attack] My general index: 83
2026-06-02 09:47:07 [self-0003-0-attack] Enemy general index: None
2026-06-02 09:47:07 [self-0003-0-attack] Visible enemy tiles: 19
2026-06-02 09:47:07 [self-0003-0-attack] Tiles: 64 / 68
2026-06-02 09:47:07 [self-0003-0-attack] Map: 20 x 21 Turn: 499
2026-06-02 09:47:07 [self-0003-0-attack] Route planned: Target = 89 Mode = defense city-free reachable tiles = 310 Fallback-Tiles = 314
2026-06-02 09:47:07 [self-0003-0-attack] Move #476: 169 -> 149 | Army: 4 | Target-Terrain: 1 | Target: 89 | Half: False
2026-06-02 09:47:07 [self-0003-0-attack] My general index: 83
2026-06-02 09:47:07 [self-0003-0-attack] Enemy general index: None
2026-06-02 09:47:07 [self-0003-0-attack] Visible enemy tiles: 18
2026-06-02 09:47:07 [self-0003-0-attack] Tiles: 64 / 68
2026-06-02 09:47:07 [self-0003-0-attack] Map: 20 x 21 Turn: 500
2026-06-02 09:47:07 [self-0003-0-attack] Route planned: Target = 89 Mode = defense city-free reachable tiles = 310 Fallback-Tiles = 314
2026-06-02 09:47:07 [self-0003-0-attack] Priority agent: edge reuse -9000 base = 213152 final = 204152
2026-06-02 09:47:07 [self-0003-0-attack] Move #477: 69 -> 89 | Army: 2 | Target-Terrain: 0 | Target: 89 | Half: False
2026-06-02 09:47:08 [self-0003-0-attack] My general index: 83
2026-06-02 09:47:08 [self-0003-0-attack] Enemy general index: None
2026-06-02 09:47:08 [self-0003-0-attack] Visible enemy tiles: 17
2026-06-02 09:47:08 [self-0003-0-attack] Tiles: 63 / 69
2026-06-02 09:47:08 [self-0003-0-attack] Map: 20 x 21 Turn: 501
2026-06-02 09:47:08 [self-0003-0-attack] Route planned: Target = 89 Mode = defense city-free reachable tiles = 310 Fallback-Tiles = 314
2026-06-02 09:47:08 [self-0003-0-attack] Priority agent: edge reuse -9000 base = 213152 final = 204152
2026-06-02 09:47:08 [self-0003-0-attack] Move #478: 88 -> 89 | Army: 2 | Target-Terrain: 0 | Target: 89 | Half: False
2026-06-02 09:47:08 [self-0003-0-attack] My general index: 83
2026-06-02 09:47:08 [self-0003-0-attack] Enemy general index: None
2026-06-02 09:47:08 [self-0003-0-attack] Visible enemy tiles: 17
2026-06-02 09:47:08 [self-0003-0-attack] Tiles: 62 / 70
2026-06-02 09:47:08 [self-0003-0-attack] Map: 20 x 21 Turn: 502
2026-06-02 09:47:08 [self-0003-0-attack] Route planned: Target = 89 Mode = defense city-free reachable tiles = 310 Fallback-Tiles = 314
2026-06-02 09:47:08 [self-0003-0-attack] Priority agent: edge reuse -9000 base = 213152 final = 204152
2026-06-02 09:47:08 [self-0003-0-attack] Move #479: 90 -> 89 | Army: 2 | Target-Terrain: 0 | Target: 89 | Half: False
2026-06-02 09:47:09 [self-0003-0-attack] My general index: 83
2026-06-02 09:47:09 [self-0003-0-attack] Enemy general index: None
2026-06-02 09:47:09 [self-0003-0-attack] Visible enemy tiles: 17
2026-06-02 09:47:09 [self-0003-0-attack] Tiles: 61 / 71
2026-06-02 09:47:09 [self-0003-0-attack] Map: 20 x 21 Turn: 503
2026-06-02 09:47:09 [self-0003-0-attack] Route planned: Target = 89 Mode = defense city-free reachable tiles = 310 Fallback-Tiles = 314
2026-06-02 09:47:09 [self-0003-0-attack] Move #480: 130 -> 129 | Army: 6 | Target-Terrain: 1 | Target: 89 | Half: False
2026-06-02 09:47:09 [self-0003-0-attack] My general index: 83
2026-06-02 09:47:09 [self-0003-0-attack] Enemy general index: None
2026-06-02 09:47:09 [self-0003-0-attack] Visible enemy tiles: 17
2026-06-02 09:47:09 [self-0003-0-attack] Tiles: 61 / 71
2026-06-02 09:47:09 [self-0003-0-attack] Map: 20 x 21 Turn: 504
2026-06-02 09:47:09 [self-0003-0-attack] Route planned: Target = 89 Mode = defense city-free reachable tiles = 310 Fallback-Tiles = 314
2026-06-02 09:47:09 [self-0003-0-attack] Move #481: 190 -> 170 | Army: 10 | Target-Terrain: 1 | Target: 89 | Half: False
2026-06-02 09:47:10 [self-0003-0-attack] My general index: 83
2026-06-02 09:47:10 [self-0003-0-attack] Enemy general index: None
2026-06-02 09:47:10 [self-0003-0-attack] Visible enemy tiles: 17
2026-06-02 09:47:10 [self-0003-0-attack] Tiles: 61 / 71
2026-06-02 09:47:10 [self-0003-0-attack] Map: 20 x 21 Turn: 505
2026-06-02 09:47:10 [self-0003-0-attack] Route planned: Target = 89 Mode = defense city-free reachable tiles = 310 Fallback-Tiles = 314
2026-06-02 09:47:10 [self-0003-0-attack] Priority agent: flow +6000 base = 169797 final = 175797
2026-06-02 09:47:10 [self-0003-0-attack] Move #482: 170 -> 150 | Army: 7 | Target-Terrain: 1 | Target: 89 | Half: False
2026-06-02 09:47:10 [self-0003-0-attack] My general index: 83
2026-06-02 09:47:10 [self-0003-0-attack] Enemy general index: None
2026-06-02 09:47:10 [self-0003-0-attack] Visible enemy tiles: 16
2026-06-02 09:47:10 [self-0003-0-attack] Tiles: 62 / 70
2026-06-02 09:47:10 [self-0003-0-attack] Map: 20 x 21 Turn: 506
2026-06-02 09:47:10 [self-0003-0-attack] Route planned: Target = 89 Mode = defense city-free reachable tiles = 310 Fallback-Tiles = 314
2026-06-02 09:47:10 [self-0003-0-attack] Priority agent: flow +6000 base = 136684 final = 142684
2026-06-02 09:47:10 [self-0003-0-attack] Move #483: 150 -> 149 | Army: 4 | Target-Terrain: 0 | Target: 89 | Half: False
2026-06-02 09:47:11 [self-0003-0-attack] My general index: 83
2026-06-02 09:47:11 [self-0003-0-attack] Enemy general index: None
2026-06-02 09:47:11 [self-0003-0-attack] Visible enemy tiles: 16
2026-06-02 09:47:11 [self-0003-0-attack] Tiles: 62 / 70
2026-06-02 09:47:11 [self-0003-0-attack] Map: 20 x 21 Turn: 507
2026-06-02 09:47:11 [self-0003-0-attack] Route planned: Target = 89 Mode = defense city-free reachable tiles = 310 Fallback-Tiles = 314
2026-06-02 09:47:11 [self-0003-0-attack] Priority agent: flow +6000 base = 129576 final = 135576
2026-06-02 09:47:11 [self-0003-0-attack] Move #484: 149 -> 129 | Army: 6 | Target-Terrain: 0 | Target: 89 | Half: False
2026-06-02 09:47:11 [self-0003-0-attack] My general index: 83
2026-06-02 09:47:11 [self-0003-0-attack] Enemy general index: None
2026-06-02 09:47:11 [self-0003-0-attack] Visible enemy tiles: 16
2026-06-02 09:47:11 [self-0003-0-attack] Tiles: 62 / 70
2026-06-02 09:47:11 [self-0003-0-attack] Map: 20 x 21 Turn: 508
2026-06-02 09:47:11 [self-0003-0-attack] Route planned: Target = 89 Mode = defense city-free reachable tiles = 310 Fallback-Tiles = 314
2026-06-02 09:47:11 [self-0003-0-attack] Priority agent: flow +6000 base = 165668 final = 171668
2026-06-02 09:47:11 [self-0003-0-attack] Move #485: 129 -> 109 | Army: 8 | Target-Terrain: 1 | Target: 89 | Half: False
2026-06-02 09:47:12 [self-0003-0-attack] My general index: 83
2026-06-02 09:47:12 [self-0003-0-attack] Enemy general index: None
2026-06-02 09:47:12 [self-0003-0-attack] Visible enemy tiles: 15
2026-06-02 09:47:12 [self-0003-0-attack] Tiles: 63 / 69
2026-06-02 09:47:12 [self-0003-0-attack] Map: 20 x 21 Turn: 509
2026-06-02 09:47:12 [self-0003-0-attack] Route planned: Target = 89 Mode = defense city-free reachable tiles = 310 Fallback-Tiles = 314
2026-06-02 09:47:12 [self-0003-0-attack] Priority agent: flow +6000 base = 215354 final = 221354
2026-06-02 09:47:12 [self-0003-0-attack] Move #486: 109 -> 89 | Army: 4 | Target-Terrain: 0 | Target: 89 | Half: False
2026-06-02 09:47:12 [self-0003-0-attack] My general index: 83
2026-06-02 09:47:12 [self-0003-0-attack] Enemy general index: None
2026-06-02 09:47:12 [self-0003-0-attack] Visible enemy tiles: 15
2026-06-02 09:47:12 [self-0003-0-attack] Tiles: 63 / 69
2026-06-02 09:47:12 [self-0003-0-attack] Map: 20 x 21 Turn: 510
2026-06-02 09:47:12 [self-0003-0-attack] Route planned: Target = 89 Mode = defense city-free reachable tiles = 310 Fallback-Tiles = 314
2026-06-02 09:47:12 [self-0003-0-attack] Move #487: 151 -> 150 | Army: 2 | Target-Terrain: 0 | Target: 89 | Half: False
2026-06-02 09:47:13 [self-0003-0-attack] My general index: 83
2026-06-02 09:47:13 [self-0003-0-attack] Enemy general index: None
2026-06-02 09:47:13 [self-0003-0-attack] Visible enemy tiles: 15
2026-06-02 09:47:13 [self-0003-0-attack] Tiles: 63 / 69
2026-06-02 09:47:13 [self-0003-0-attack] Map: 20 x 21 Turn: 511
2026-06-02 09:47:13 [self-0003-0-attack] Route planned: Target = 89 Mode = defense city-free reachable tiles = 310 Fallback-Tiles = 314
2026-06-02 09:47:13 [self-0003-0-attack] Priority agent: flow +6000 base = 129682 final = 135682
2026-06-02 09:47:13 [self-0003-0-attack] Move #488: 150 -> 130 | Army: 2 | Target-Terrain: 0 | Target: 89 | Half: False
2026-06-02 09:47:13 [self-0003-0-attack] My general index: 83
2026-06-02 09:47:13 [self-0003-0-attack] Enemy general index: None
2026-06-02 09:47:13 [self-0003-0-attack] Visible enemy tiles: 15
2026-06-02 09:47:13 [self-0003-0-attack] Tiles: 63 / 69
2026-06-02 09:47:13 [self-0003-0-attack] Map: 20 x 21 Turn: 512
2026-06-02 09:47:13 [self-0003-0-attack] Route planned: Target = 89 Mode = defense city-free reachable tiles = 310 Fallback-Tiles = 314
2026-06-02 09:47:13 [self-0003-0-attack] Move #489: 108 -> 109 | Army: 3 | Target-Terrain: 0 | Target: 89 | Half: False
2026-06-02 09:47:14 [self-0003-0-attack] My general index: 83
2026-06-02 09:47:14 [self-0003-0-attack] Enemy general index: None
2026-06-02 09:47:14 [self-0003-0-attack] Visible enemy tiles: 15
2026-06-02 09:47:14 [self-0003-0-attack] Tiles: 63 / 69
2026-06-02 09:47:14 [self-0003-0-attack] Map: 20 x 21 Turn: 513
2026-06-02 09:47:14 [self-0003-0-attack] Route planned: Target = 89 Mode = defense city-free reachable tiles = 310 Fallback-Tiles = 314
2026-06-02 09:47:14 [self-0003-0-attack] Priority agent: edge reuse -9000, flow +6000 base = 215353 final = 212353
2026-06-02 09:47:14 [self-0003-0-attack] Move #490: 109 -> 89 | Army: 3 | Target-Terrain: 0 | Target: 89 | Half: False
2026-06-02 09:47:14 [self-0003-0-attack] My general index: 83
2026-06-02 09:47:14 [self-0003-0-attack] Enemy general index: None
2026-06-02 09:47:14 [self-0003-0-attack] Visible enemy tiles: 15
2026-06-02 09:47:14 [self-0003-0-attack] Tiles: 63 / 69
2026-06-02 09:47:14 [self-0003-0-attack] Map: 20 x 21 Turn: 514
2026-06-02 09:47:14 [self-0003-0-attack] Route planned: Target = 89 Mode = defense city-free reachable tiles = 310 Fallback-Tiles = 314
2026-06-02 09:47:14 [self-0003-0-attack] Move #491: 186 -> 166 | Army: 2 | Target-Terrain: -1 | Target: 89 | Half: False
2026-06-02 09:47:15 [self-0003-0-attack] My general index: 83
2026-06-02 09:47:15 [self-0003-0-attack] Enemy general index: None
2026-06-02 09:47:15 [self-0003-0-attack] Visible enemy tiles: 15
2026-06-02 09:47:15 [self-0003-0-attack] Tiles: 64 / 69
2026-06-02 09:47:15 [self-0003-0-attack] Map: 20 x 21 Turn: 515
2026-06-02 09:47:15 [self-0003-0-attack] Route planned: Target = 89 Mode = defense city-free reachable tiles = 310 Fallback-Tiles = 314
2026-06-02 09:47:15 [self-0003-0-attack] Move #492: 70 -> 90 | Army: 3 | Target-Terrain: 0 | Target: 89 | Half: False
2026-06-02 09:47:15 [self-0003-0-attack] My general index: 83
2026-06-02 09:47:15 [self-0003-0-attack] Enemy general index: None
2026-06-02 09:47:15 [self-0003-0-attack] Visible enemy tiles: 15
2026-06-02 09:47:15 [self-0003-0-attack] Tiles: 64 / 69
2026-06-02 09:47:15 [self-0003-0-attack] Map: 20 x 21 Turn: 516
2026-06-02 09:47:15 [self-0003-0-attack] Route planned: Target = 89 Mode = defense city-free reachable tiles = 310 Fallback-Tiles = 314
2026-06-02 09:47:15 [self-0003-0-attack] Priority agent: edge reuse -9000, flow +6000 base = 215353 final = 212353
2026-06-02 09:47:15 [self-0003-0-attack] Move #493: 90 -> 89 | Army: 3 | Target-Terrain: 0 | Target: 89 | Half: False
2026-06-02 09:47:16 [self-0003-0-attack] My general index: 83
2026-06-02 09:47:16 [self-0003-0-attack] Enemy general index: None
2026-06-02 09:47:16 [self-0003-0-attack] Visible enemy tiles: 15
2026-06-02 09:47:16 [self-0003-0-attack] Tiles: 64 / 69
2026-06-02 09:47:16 [self-0003-0-attack] Map: 20 x 21 Turn: 517
2026-06-02 09:47:16 [self-0003-0-attack] Route planned: Target = 89 Mode = defense city-free reachable tiles = 310 Fallback-Tiles = 314
2026-06-02 09:47:16 [self-0003-0-attack] Move #494: 171 -> 170 | Army: 2 | Target-Terrain: 0 | Target: 89 | Half: False
2026-06-02 09:47:16 [self-0003-0-attack] My general index: 83
2026-06-02 09:47:16 [self-0003-0-attack] Enemy general index: None
2026-06-02 09:47:16 [self-0003-0-attack] Visible enemy tiles: 15
2026-06-02 09:47:16 [self-0003-0-attack] Tiles: 64 / 69
2026-06-02 09:47:16 [self-0003-0-attack] Map: 20 x 21 Turn: 518
2026-06-02 09:47:16 [self-0003-0-attack] Route planned: Target = 89 Mode = defense city-free reachable tiles = 310 Fallback-Tiles = 314
2026-06-02 09:47:16 [self-0003-0-attack] Move #495: 131 -> 130 | Army: 3 | Target-Terrain: 0 | Target: 89 | Half: False
2026-06-02 09:47:17 [self-0003-0-attack] My general index: 83
2026-06-02 09:47:17 [self-0003-0-attack] Enemy general index: None
2026-06-02 09:47:17 [self-0003-0-attack] Visible enemy tiles: 15
2026-06-02 09:47:17 [self-0003-0-attack] Tiles: 64 / 69
2026-06-02 09:47:17 [self-0003-0-attack] Map: 20 x 21 Turn: 519
2026-06-02 09:47:17 [self-0003-0-attack] Route planned: Target = 89 Mode = defense city-free reachable tiles = 310 Fallback-Tiles = 314
2026-06-02 09:47:17 [self-0003-0-attack] Priority agent: flow +6000 base = 129574 final = 135574
2026-06-02 09:47:17 [self-0003-0-attack] Move #496: 130 -> 129 | Army: 4 | Target-Terrain: 0 | Target: 89 | Half: False
2026-06-02 09:47:17 [self-0003-0-attack] My general index: 83
2026-06-02 09:47:17 [self-0003-0-attack] Enemy general index: None
2026-06-02 09:47:17 [self-0003-0-attack] Visible enemy tiles: 15
2026-06-02 09:47:17 [self-0003-0-attack] Tiles: 63 / 70
2026-06-02 09:47:17 [self-0003-0-attack] Map: 20 x 21 Turn: 520
2026-06-02 09:47:17 [self-0003-0-attack] Route planned: Target = 89 Mode = defense city-free reachable tiles = 310 Fallback-Tiles = 314
2026-06-02 09:47:17 [self-0003-0-attack] Move #497: 170 -> 150 | Army: 2 | Target-Terrain: 0 | Target: 89 | Half: False
2026-06-02 09:47:18 [self-0003-0-attack] My general index: 83
2026-06-02 09:47:18 [self-0003-0-attack] Enemy general index: None
2026-06-02 09:47:18 [self-0003-0-attack] Visible enemy tiles: 15
2026-06-02 09:47:18 [self-0003-0-attack] Tiles: 63 / 71
2026-06-02 09:47:18 [self-0003-0-attack] Map: 20 x 21 Turn: 521
2026-06-02 09:47:18 [self-0003-0-attack] Route planned: Target = 89 Mode = defense city-free reachable tiles = 310 Fallback-Tiles = 314
2026-06-02 09:47:18 [self-0003-0-attack] Priority agent: flow +6000 base = 134482 final = 140482
2026-06-02 09:47:18 [self-0003-0-attack] Move #498: 150 -> 149 | Army: 2 | Target-Terrain: 0 | Target: 89 | Half: False
2026-06-02 09:47:18 [self-0003-0-attack] My general index: 83
2026-06-02 09:47:18 [self-0003-0-attack] Enemy general index: None
2026-06-02 09:47:18 [self-0003-0-attack] Visible enemy tiles: 15
2026-06-02 09:47:18 [self-0003-0-attack] Tiles: 63 / 71
2026-06-02 09:47:18 [self-0003-0-attack] Map: 20 x 21 Turn: 522
2026-06-02 09:47:18 [self-0003-0-attack] Route planned: Target = 89 Mode = defense city-free reachable tiles = 310 Fallback-Tiles = 314
2026-06-02 09:47:18 [self-0003-0-attack] Priority agent: flow +6000 base = 127372 final = 133372
2026-06-02 09:47:18 [self-0003-0-attack] Move #499: 149 -> 129 | Army: 2 | Target-Terrain: 0 | Target: 89 | Half: False
2026-06-02 09:47:19 [self-0003-0-attack] My general index: 83
2026-06-02 09:47:19 [self-0003-0-attack] Enemy general index: None
2026-06-02 09:47:19 [self-0003-0-attack] Visible enemy tiles: 15
2026-06-02 09:47:19 [self-0003-0-attack] Tiles: 63 / 71
2026-06-02 09:47:19 [self-0003-0-attack] Map: 20 x 21 Turn: 523
2026-06-02 09:47:19 [self-0003-0-attack] Route planned: Target = 89 Mode = defense city-free reachable tiles = 310 Fallback-Tiles = 314
2026-06-02 09:47:19 [self-0003-0-attack] Priority agent: flow +6000 base = 128465 final = 134465
2026-06-02 09:47:19 [self-0003-0-attack] Move #500: 129 -> 109 | Army: 5 | Target-Terrain: 0 | Target: 89 | Half: False
2026-06-02 09:47:19 [self-0003-0-attack] My general index: 83
2026-06-02 09:47:19 [self-0003-0-attack] Enemy general index: None
2026-06-02 09:47:19 [self-0003-0-attack] Visible enemy tiles: 15
2026-06-02 09:47:19 [self-0003-0-attack] Tiles: 63 / 71
2026-06-02 09:47:19 [self-0003-0-attack] Map: 20 x 21 Turn: 524
2026-06-02 09:47:19 [self-0003-0-attack] Route planned: Target = 89 Mode = defense city-free reachable tiles = 310 Fallback-Tiles = 314
2026-06-02 09:47:19 [self-0003-0-attack] Priority agent: edge reuse -9000, flow +6000 base = 215355 final = 212355
2026-06-02 09:47:19 [self-0003-0-attack] Move #501: 109 -> 89 | Army: 5 | Target-Terrain: 0 | Target: 89 | Half: False
2026-06-02 09:47:20 [self-0003-0-attack] My general index: 83
2026-06-02 09:47:20 [self-0003-0-attack] Enemy general index: None
2026-06-02 09:47:20 [self-0003-0-attack] Visible enemy tiles: 15
2026-06-02 09:47:20 [self-0003-0-attack] Tiles: 63 / 71
2026-06-02 09:47:20 [self-0003-0-attack] Map: 20 x 21 Turn: 525
2026-06-02 09:47:20 [self-0003-0-attack] Route planned: Target = 89 Mode = defense city-free reachable tiles = 310 Fallback-Tiles = 314
2026-06-02 09:47:20 [self-0003-0-attack] Move #502: 71 -> 91 | Army: 4 | Target-Terrain: 0 | Target: 89 | Half: False
2026-06-02 09:47:20 [self-0003-0-attack] My general index: 83
2026-06-02 09:47:20 [self-0003-0-attack] Enemy general index: None
2026-06-02 09:47:20 [self-0003-0-attack] Visible enemy tiles: 15
2026-06-02 09:47:20 [self-0003-0-attack] Tiles: 63 / 71
2026-06-02 09:47:20 [self-0003-0-attack] Map: 20 x 21 Turn: 526
2026-06-02 09:47:20 [self-0003-0-attack] Route planned: Target = 89 Mode = defense city-free reachable tiles = 310 Fallback-Tiles = 314
2026-06-02 09:47:20 [self-0003-0-attack] Priority agent: flow +6000 base = 126067 final = 132067
2026-06-02 09:47:20 [self-0003-0-attack] Move #503: 91 -> 90 | Army: 7 | Target-Terrain: 0 | Target: 89 | Half: False
2026-06-02 09:47:21 [self-0003-0-attack] My general index: 83
2026-06-02 09:47:21 [self-0003-0-attack] Enemy general index: None
2026-06-02 09:47:21 [self-0003-0-attack] Visible enemy tiles: 15
2026-06-02 09:47:21 [self-0003-0-attack] Tiles: 63 / 71
2026-06-02 09:47:21 [self-0003-0-attack] Map: 20 x 21 Turn: 527
2026-06-02 09:47:21 [self-0003-0-attack] Route planned: Target = 89 Mode = defense city-free reachable tiles = 310 Fallback-Tiles = 314
2026-06-02 09:47:21 [self-0003-0-attack] Priority agent: edge reuse -9000, flow +6000 base = 215357 final = 212357
2026-06-02 09:47:21 [self-0003-0-attack] Move #504: 90 -> 89 | Army: 7 | Target-Terrain: 0 | Target: 89 | Half: False
2026-06-02 09:47:21 [self-0003-0-attack] My general index: 83
2026-06-02 09:47:21 [self-0003-0-attack] Enemy general index: None
2026-06-02 09:47:21 [self-0003-0-attack] Visible enemy tiles: 15
2026-06-02 09:47:21 [self-0003-0-attack] Tiles: 63 / 71
2026-06-02 09:47:21 [self-0003-0-attack] Map: 20 x 21 Turn: 528
2026-06-02 09:47:21 [self-0003-0-attack] Route planned: Target = 89 Mode = defense city-free reachable tiles = 310 Fallback-Tiles = 314
2026-06-02 09:47:21 [self-0003-0-attack] Move #505: 107 -> 87 | Army: 4 | Target-Terrain: 0 | Target: 89 | Half: False
2026-06-02 09:47:22 [self-0003-0-attack] My general index: 83
2026-06-02 09:47:22 [self-0003-0-attack] Enemy general index: None
2026-06-02 09:47:22 [self-0003-0-attack] Visible enemy tiles: 15
2026-06-02 09:47:22 [self-0003-0-attack] Tiles: 63 / 71
2026-06-02 09:47:22 [self-0003-0-attack] Map: 20 x 21 Turn: 529
2026-06-02 09:47:22 [self-0003-0-attack] Route planned: Target = 89 Mode = defense city-free reachable tiles = 310 Fallback-Tiles = 314
2026-06-02 09:47:22 [self-0003-0-attack] Priority agent: flow +6000 base = 124867 final = 130867
2026-06-02 09:47:22 [self-0003-0-attack] Move #506: 87 -> 88 | Army: 7 | Target-Terrain: 0 | Target: 89 | Half: False
2026-06-02 09:47:22 [self-0003-0-attack] My general index: 83
2026-06-02 09:47:22 [self-0003-0-attack] Enemy general index: None
2026-06-02 09:47:22 [self-0003-0-attack] Visible enemy tiles: 15
2026-06-02 09:47:22 [self-0003-0-attack] Tiles: 63 / 71
2026-06-02 09:47:22 [self-0003-0-attack] Map: 20 x 21 Turn: 530
2026-06-02 09:47:22 [self-0003-0-attack] Route planned: Target = 89 Mode = defense city-free reachable tiles = 310 Fallback-Tiles = 314
2026-06-02 09:47:22 [self-0003-0-attack] Priority agent: flow +6000 base = 215357 final = 221357
2026-06-02 09:47:22 [self-0003-0-attack] Move #507: 88 -> 89 | Army: 7 | Target-Terrain: 0 | Target: 89 | Half: False
2026-06-02 09:47:23 [self-0003-0-attack] My general index: 83
2026-06-02 09:47:23 [self-0003-0-attack] Enemy general index: None
2026-06-02 09:47:23 [self-0003-0-attack] Visible enemy tiles: 15
2026-06-02 09:47:23 [self-0003-0-attack] Tiles: 63 / 71
2026-06-02 09:47:23 [self-0003-0-attack] Map: 20 x 21 Turn: 531
2026-06-02 09:47:23 [self-0003-0-attack] Route planned: Target = 209 Mode = strategy city-free reachable tiles = 310 Fallback-Tiles = 314
2026-06-02 09:47:23 [self-0003-0-attack] Move #508: 169 -> 189 | Army: 18 | Target-Terrain: 1 | Target: 209 | Half: False
2026-06-02 09:47:23 [self-0003-0-attack] My general index: 83
2026-06-02 09:47:23 [self-0003-0-attack] Enemy general index: None
2026-06-02 09:47:23 [self-0003-0-attack] Visible enemy tiles: 15
2026-06-02 09:47:23 [self-0003-0-attack] Tiles: 64 / 70
2026-06-02 09:47:23 [self-0003-0-attack] Map: 20 x 21 Turn: 532
2026-06-02 09:47:23 [self-0003-0-attack] Route planned: Target = 209 Mode = strategy city-free reachable tiles = 310 Fallback-Tiles = 314
2026-06-02 09:47:23 [self-0003-0-attack] Priority agent: flow +6000 base = 81616 final = 87616
2026-06-02 09:47:23 [self-0003-0-attack] Move #509: 189 -> 209 | Army: 16 | Target-Terrain: 1 | Target: 209 | Half: False
2026-06-02 09:47:24 [self-0003-0-attack] My general index: 83
2026-06-02 09:47:24 [self-0003-0-attack] Enemy general index: None
2026-06-02 09:47:24 [self-0003-0-attack] Visible enemy tiles: 15
2026-06-02 09:47:24 [self-0003-0-attack] Tiles: 65 / 69
2026-06-02 09:47:24 [self-0003-0-attack] Map: 20 x 21 Turn: 533
2026-06-02 09:47:24 [self-0003-0-attack] Route planned: Target = 210 Mode = strategy city-free reachable tiles = 310 Fallback-Tiles = 314
2026-06-02 09:47:24 [self-0003-0-attack] Priority agent: flow +6000 base = 82213 final = 88213
2026-06-02 09:47:24 [self-0003-0-attack] Move #510: 209 -> 210 | Army: 13 | Target-Terrain: 1 | Target: 210 | Half: False
2026-06-02 09:47:24 [self-0003-0-attack] My general index: 83
2026-06-02 09:47:24 [self-0003-0-attack] Enemy general index: None
2026-06-02 09:47:24 [self-0003-0-attack] Visible enemy tiles: 15
2026-06-02 09:47:24 [self-0003-0-attack] Tiles: 66 / 68
2026-06-02 09:47:24 [self-0003-0-attack] Map: 20 x 21 Turn: 534
2026-06-02 09:47:24 [self-0003-0-attack] Reinforcement waypoint: 190 final target = 190 turns until reinforcement = 16
2026-06-02 09:47:24 [self-0003-0-attack] Route planned: Target = 190 Mode = reinforcement_waypoint city-free reachable tiles = 310 Fallback-Tiles = 314
2026-06-02 09:47:24 [self-0003-0-attack] Priority agent: flow +6000 base = 79411 final = 85411
2026-06-02 09:47:24 [self-0003-0-attack] Move #511: 210 -> 190 | Army: 11 | Target-Terrain: 1 | Target: 190 | Half: False
2026-06-02 09:47:25 [self-0003-0-attack] My general index: 83
2026-06-02 09:47:25 [self-0003-0-attack] Enemy general index: None
2026-06-02 09:47:25 [self-0003-0-attack] Visible enemy tiles: 14
2026-06-02 09:47:25 [self-0003-0-attack] Tiles: 67 / 67
2026-06-02 09:47:25 [self-0003-0-attack] Map: 20 x 21 Turn: 535
2026-06-02 09:47:25 [self-0003-0-attack] Reinforcement waypoint: 211 final target = 211 turns until reinforcement = 15
2026-06-02 09:47:25 [self-0003-0-attack] Route planned: Target = 211 Mode = reinforcement_waypoint city-free reachable tiles = 310 Fallback-Tiles = 314
2026-06-02 09:47:25 [self-0003-0-attack] Move #512: 187 -> 188 | Army: 7 | Target-Terrain: 1 | Target: 211 | Half: False
2026-06-02 09:47:25 [self-0003-0-attack] My general index: 83
2026-06-02 09:47:25 [self-0003-0-attack] Enemy general index: None
2026-06-02 09:47:25 [self-0003-0-attack] Visible enemy tiles: 13
2026-06-02 09:47:25 [self-0003-0-attack] Tiles: 67 / 67
2026-06-02 09:47:25 [self-0003-0-attack] Map: 20 x 21 Turn: 536
2026-06-02 09:47:25 [self-0003-0-attack] Reinforcement waypoint: 211 final target = 211 turns until reinforcement = 14
2026-06-02 09:47:25 [self-0003-0-attack] Route planned: Target = 211 Mode = reinforcement_waypoint city-free reachable tiles = 310 Fallback-Tiles = 314
2026-06-02 09:47:25 [self-0003-0-attack] Move #513: 94 -> 114 | Army: 7 | Target-Terrain: 1 | Target: 211 | Half: False
2026-06-02 09:47:26 [self-0003-0-attack] My general index: 83
2026-06-02 09:47:26 [self-0003-0-attack] Enemy general index: None
2026-06-02 09:47:26 [self-0003-0-attack] Visible enemy tiles: 12
2026-06-02 09:47:26 [self-0003-0-attack] Tiles: 68 / 66
2026-06-02 09:47:26 [self-0003-0-attack] Map: 20 x 21 Turn: 537
2026-06-02 09:47:26 [self-0003-0-attack] Reinforcement waypoint: 211 final target = 211 turns until reinforcement = 13
2026-06-02 09:47:26 [self-0003-0-attack] Route planned: Target = 211 Mode = reinforcement_waypoint city-free reachable tiles = 310 Fallback-Tiles = 314
2026-06-02 09:47:26 [self-0003-0-attack] Priority agent: edge reuse -9000 base = 64569 final = 55569
2026-06-02 09:47:26 [self-0003-0-attack] Move #514: 190 -> 210 | Army: 9 | Target-Terrain: 1 | Target: 211 | Half: False
2026-06-02 09:47:26 [self-0003-0-attack] My general index: 83
2026-06-02 09:47:26 [self-0003-0-attack] Enemy general index: None
2026-06-02 09:47:26 [self-0003-0-attack] Visible enemy tiles: 12
2026-06-02 09:47:26 [self-0003-0-attack] Tiles: 68 / 66
2026-06-02 09:47:26 [self-0003-0-attack] Map: 20 x 21 Turn: 538
2026-06-02 09:47:26 [self-0003-0-attack] Reinforcement waypoint: 211 final target = 211 turns until reinforcement = 12
2026-06-02 09:47:26 [self-0003-0-attack] Route planned: Target = 211 Mode = reinforcement_waypoint city-free reachable tiles = 310 Fallback-Tiles = 314
2026-06-02 09:47:26 [self-0003-0-attack] Priority agent: flow +6000 base = 87106 final = 93106
2026-06-02 09:47:26 [self-0003-0-attack] Move #515: 210 -> 211 | Army: 6 | Target-Terrain: 1 | Target: 211 | Half: False
2026-06-02 09:47:27 [self-0003-0-attack] My general index: 83
2026-06-02 09:47:27 [self-0003-0-attack] Enemy general index: None
2026-06-02 09:47:27 [self-0003-0-attack] Visible enemy tiles: 9
2026-06-02 09:47:27 [self-0003-0-attack] Tiles: 68 / 66
2026-06-02 09:47:27 [self-0003-0-attack] Map: 20 x 21 Turn: 539
2026-06-02 09:47:27 [self-0003-0-attack] Reinforcement waypoint: 231 final target = 230 turns until reinforcement = 11
2026-06-02 09:47:27 [self-0003-0-attack] Route planned: Target = 231 Mode = reinforcement_waypoint city-free reachable tiles = 310 Fallback-Tiles = 314
2026-06-02 09:47:27 [self-0003-0-attack] Priority agent: flow +6000 base = 80304 final = 86304
2026-06-02 09:47:27 [self-0003-0-attack] Move #516: 211 -> 231 | Army: 4 | Target-Terrain: 1 | Target: 231 | Half: False
2026-06-02 09:47:27 [self-0003-0-attack] My general index: 83
2026-06-02 09:47:27 [self-0003-0-attack] Enemy general index: None
2026-06-02 09:47:27 [self-0003-0-attack] Visible enemy tiles: 10
2026-06-02 09:47:27 [self-0003-0-attack] Tiles: 69 / 65
2026-06-02 09:47:27 [self-0003-0-attack] Map: 20 x 21 Turn: 540
2026-06-02 09:47:27 [self-0003-0-attack] Reinforcement waypoint: 230 final target = 230 turns until reinforcement = 10
2026-06-02 09:47:27 [self-0003-0-attack] Route planned: Target = 230 Mode = reinforcement_waypoint city-free reachable tiles = 310 Fallback-Tiles = 314
2026-06-02 09:47:27 [self-0003-0-attack] Move #517: 227 -> 228 | Army: 2 | Target-Terrain: -1 | Target: 230 | Half: False
2026-06-02 09:47:28 [self-0003-0-attack] My general index: 83
2026-06-02 09:47:28 [self-0003-0-attack] Enemy general index: None
2026-06-02 09:47:28 [self-0003-0-attack] Visible enemy tiles: 9
2026-06-02 09:47:28 [self-0003-0-attack] Tiles: 69 / 66
2026-06-02 09:47:28 [self-0003-0-attack] Map: 20 x 21 Turn: 541
2026-06-02 09:47:28 [self-0003-0-attack] Reinforcement waypoint: 230 final target = 230 turns until reinforcement = 9
2026-06-02 09:47:28 [self-0003-0-attack] Route planned: Target = 230 Mode = reinforcement_waypoint city-free reachable tiles = 310 Fallback-Tiles = 314
2026-06-02 09:47:28 [self-0003-0-attack] Move #518: 247 -> 267 | Army: 2 | Target-Terrain: -1 | Target: 230 | Half: False
2026-06-02 09:47:28 [self-0003-0-attack] My general index: 83
2026-06-02 09:47:28 [self-0003-0-attack] Enemy general index: None
2026-06-02 09:47:28 [self-0003-0-attack] Visible enemy tiles: 8
2026-06-02 09:47:28 [self-0003-0-attack] Tiles: 69 / 67
2026-06-02 09:47:28 [self-0003-0-attack] Map: 20 x 21 Turn: 542
2026-06-02 09:47:28 [self-0003-0-attack] Reinforcement waypoint: 230 final target = 230 turns until reinforcement = 8
2026-06-02 09:47:28 [self-0003-0-attack] Route planned: Target = 230 Mode = reinforcement_waypoint city-free reachable tiles = 310 Fallback-Tiles = 314
2026-06-02 09:47:28 [self-0003-0-attack] Move #519: 246 -> 266 | Army: 2 | Target-Terrain: -1 | Target: 230 | Half: False
2026-06-02 09:47:29 [self-0003-0-attack] My general index: 83
2026-06-02 09:47:29 [self-0003-0-attack] Enemy general index: None
2026-06-02 09:47:29 [self-0003-0-attack] Visible enemy tiles: 9
2026-06-02 09:47:29 [self-0003-0-attack] Tiles: 69 / 68
2026-06-02 09:47:29 [self-0003-0-attack] Map: 20 x 21 Turn: 543
2026-06-02 09:47:29 [self-0003-0-attack] Reinforcement waypoint: 230 final target = 230 turns until reinforcement = 7
2026-06-02 09:47:29 [self-0003-0-attack] Route planned: Target = 230 Mode = reinforcement_waypoint city-free reachable tiles = 310 Fallback-Tiles = 314
2026-06-02 09:47:29 [self-0003-0-attack] Move #520: 245 -> 265 | Army: 2 | Target-Terrain: -1 | Target: 230 | Half: False
2026-06-02 09:47:29 [self-0003-0-attack] My general index: 83
2026-06-02 09:47:29 [self-0003-0-attack] Enemy general index: None
2026-06-02 09:47:29 [self-0003-0-attack] Visible enemy tiles: 9
2026-06-02 09:47:29 [self-0003-0-attack] Tiles: 70 / 68
2026-06-02 09:47:29 [self-0003-0-attack] Map: 20 x 21 Turn: 544
2026-06-02 09:47:29 [self-0003-0-attack] Reinforcement waypoint: 230 final target = 230 turns until reinforcement = 6
2026-06-02 09:47:29 [self-0003-0-attack] Route planned: Target = 230 Mode = reinforcement_waypoint city-free reachable tiles = 310 Fallback-Tiles = 314
2026-06-02 09:47:29 [self-0003-0-attack] Move #521: 89 -> 90 | Army: 35 | Target-Terrain: 0 | Target: 230 | Half: False
2026-06-02 09:47:30 [self-0003-0-attack] My general index: 83
2026-06-02 09:47:30 [self-0003-0-attack] Enemy general index: None
2026-06-02 09:47:30 [self-0003-0-attack] Visible enemy tiles: 8
2026-06-02 09:47:30 [self-0003-0-attack] Tiles: 69 / 69
2026-06-02 09:47:30 [self-0003-0-attack] Map: 20 x 21 Turn: 545
2026-06-02 09:47:30 [self-0003-0-attack] Route planned: Target = 89 Mode = defense city-free reachable tiles = 310 Fallback-Tiles = 314
2026-06-02 09:47:30 [self-0003-0-attack] Priority agent: reverse -35000, edge reuse -9000 base = 209185 final = 165185
2026-06-02 09:47:30 [self-0003-0-attack] Move #522: 90 -> 89 | Army: 35 | Target-Terrain: 0 | Target: 89 | Half: False
2026-06-02 09:47:30 [self-0003-0-attack] My general index: 83
2026-06-02 09:47:30 [self-0003-0-attack] Enemy general index: None
2026-06-02 09:47:30 [self-0003-0-attack] Visible enemy tiles: 8
2026-06-02 09:47:30 [self-0003-0-attack] Tiles: 68 / 70
2026-06-02 09:47:30 [self-0003-0-attack] Map: 20 x 21 Turn: 546
2026-06-02 09:47:30 [self-0003-0-attack] Reinforcement waypoint: 212 final target = 211 turns until reinforcement = 4
2026-06-02 09:47:30 [self-0003-0-attack] Route planned: Target = 212 Mode = reinforcement_waypoint city-free reachable tiles = 310 Fallback-Tiles = 314
2026-06-02 09:47:30 [self-0003-0-attack] Move #523: 204 -> 224 | Army: 23 | Target-Terrain: 0 | Target: 212 | Half: False
2026-06-02 09:47:31 [self-0003-0-attack] Coach: contest_cities tiles 67/71 army 414/550 cities 1/1 enemy_city_suspect True bias {'expansion_bias': 0.2, 'city_bias': 1.6, 'attack_bias': 1.3, 'defense_bias': 0.0, 'route_bias': 1.1}
2026-06-02 09:47:31 [self-0003-0-attack] My general index: 83
2026-06-02 09:47:31 [self-0003-0-attack] Enemy general index: None
2026-06-02 09:47:31 [self-0003-0-attack] Visible enemy tiles: 8
2026-06-02 09:47:31 [self-0003-0-attack] Tiles: 67 / 71
2026-06-02 09:47:31 [self-0003-0-attack] Map: 20 x 21 Turn: 547
2026-06-02 09:47:31 [self-0003-0-attack] Reinforcement waypoint: 212 final target = 211 turns until reinforcement = 3
2026-06-02 09:47:31 [self-0003-0-attack] Route planned: Target = 212 Mode = reinforcement_waypoint city-free reachable tiles = 310 Fallback-Tiles = 314
2026-06-02 09:47:31 [self-0003-0-attack] Move #524: 172 -> 192 | Army: 2 | Target-Terrain: 0 | Target: 212 | Half: False
2026-06-02 09:47:31 [self-0003-0-attack] My general index: 83
2026-06-02 09:47:31 [self-0003-0-attack] Enemy general index: None
2026-06-02 09:47:31 [self-0003-0-attack] Visible enemy tiles: 8
2026-06-02 09:47:31 [self-0003-0-attack] Tiles: 66 / 72
2026-06-02 09:47:31 [self-0003-0-attack] Map: 20 x 21 Turn: 548
2026-06-02 09:47:31 [self-0003-0-attack] Reinforcement waypoint: 212 final target = 211 turns until reinforcement = 2
2026-06-02 09:47:31 [self-0003-0-attack] Route planned: Target = 212 Mode = reinforcement_waypoint city-free reachable tiles = 310 Fallback-Tiles = 314
2026-06-02 09:47:31 [self-0003-0-attack] Move #525: 152 -> 172 | Army: 3 | Target-Terrain: 0 | Target: 212 | Half: False
2026-06-02 09:47:32 [self-0003-0-attack] My general index: 83
2026-06-02 09:47:32 [self-0003-0-attack] Enemy general index: None
2026-06-02 09:47:32 [self-0003-0-attack] Visible enemy tiles: 9
2026-06-02 09:47:32 [self-0003-0-attack] Tiles: 65 / 73
2026-06-02 09:47:32 [self-0003-0-attack] Map: 20 x 21 Turn: 549
2026-06-02 09:47:32 [self-0003-0-attack] Reinforcement waypoint: 212 final target = 211 turns until reinforcement = 1
2026-06-02 09:47:32 [self-0003-0-attack] Route planned: Target = 212 Mode = reinforcement_waypoint city-free reachable tiles = 310 Fallback-Tiles = 314
2026-06-02 09:47:32 [self-0003-0-attack] Move #526: 188 -> 208 | Army: 5 | Target-Terrain: 0 | Target: 212 | Half: False
2026-06-02 09:47:32 [self-0003-0-attack] My general index: 83
2026-06-02 09:47:32 [self-0003-0-attack] Enemy general index: None
2026-06-02 09:47:32 [self-0003-0-attack] Visible enemy tiles: 9
2026-06-02 09:47:32 [self-0003-0-attack] Tiles: 64 / 74
2026-06-02 09:47:32 [self-0003-0-attack] Map: 20 x 21 Turn: 550
2026-06-02 09:47:32 [self-0003-0-attack] Route planned: Target = 211 Mode = reinforcement_waypoint city-free reachable tiles = 310 Fallback-Tiles = 314
2026-06-02 09:47:32 [self-0003-0-attack] Priority agent: flow +6000 base = 88927 final = 94927
2026-06-02 09:47:32 [self-0003-0-attack] Move #527: 208 -> 209 | Army: 7 | Target-Terrain: 1 | Target: 211 | Half: False
2026-06-02 09:47:33 [self-0003-0-attack] My general index: 83
2026-06-02 09:47:33 [self-0003-0-attack] Enemy general index: None
2026-06-02 09:47:33 [self-0003-0-attack] Visible enemy tiles: 11
2026-06-02 09:47:33 [self-0003-0-attack] Tiles: 65 / 74
2026-06-02 09:47:33 [self-0003-0-attack] Map: 20 x 21 Turn: 551
2026-06-02 09:47:33 [self-0003-0-attack] Route planned: Target = 211 Mode = reinforcement_waypoint city-free reachable tiles = 310 Fallback-Tiles = 314
2026-06-02 09:47:33 [self-0003-0-attack] Priority agent: flow +6000 base = 89564 final = 95564
2026-06-02 09:47:33 [self-0003-0-attack] Move #528: 209 -> 210 | Army: 4 | Target-Terrain: 1 | Target: 211 | Half: False
2026-06-02 09:47:33 [self-0003-0-attack] My general index: 83
2026-06-02 09:47:33 [self-0003-0-attack] Enemy general index: None
2026-06-02 09:47:33 [self-0003-0-attack] Visible enemy tiles: 12
2026-06-02 09:47:33 [self-0003-0-attack] Tiles: 65 / 74
2026-06-02 09:47:33 [self-0003-0-attack] Map: 20 x 21 Turn: 552
2026-06-02 09:47:33 [self-0003-0-attack] Route planned: Target = 189 Mode = strategy city-free reachable tiles = 310 Fallback-Tiles = 314
2026-06-02 09:47:33 [self-0003-0-attack] Move #529: 169 -> 189 | Army: 13 | Target-Terrain: 1 | Target: 189 | Half: False
2026-06-02 09:47:34 [self-0003-0-attack] My general index: 83
2026-06-02 09:47:34 [self-0003-0-attack] Enemy general index: None
2026-06-02 09:47:34 [self-0003-0-attack] Visible enemy tiles: 12
2026-06-02 09:47:34 [self-0003-0-attack] Tiles: 65 / 74
2026-06-02 09:47:34 [self-0003-0-attack] Map: 20 x 21 Turn: 553
2026-06-02 09:47:34 [self-0003-0-attack] Route planned: Target = 190 Mode = strategy city-free reachable tiles = 310 Fallback-Tiles = 314
2026-06-02 09:47:34 [self-0003-0-attack] Priority agent: flow +6000 base = 89310 final = 95310
2026-06-02 09:47:34 [self-0003-0-attack] Move #530: 189 -> 190 | Army: 10 | Target-Terrain: 1 | Target: 190 | Half: False
2026-06-02 09:47:34 [self-0003-0-attack] My general index: 83
2026-06-02 09:47:34 [self-0003-0-attack] Enemy general index: None
2026-06-02 09:47:34 [self-0003-0-attack] Visible enemy tiles: 11
2026-06-02 09:47:34 [self-0003-0-attack] Tiles: 66 / 73
2026-06-02 09:47:34 [self-0003-0-attack] Map: 20 x 21 Turn: 554
2026-06-02 09:47:34 [self-0003-0-attack] Route planned: Target = 211 Mode = strategy city-free reachable tiles = 310 Fallback-Tiles = 314
2026-06-02 09:47:34 [self-0003-0-attack] Move #531: 247 -> 248 | Army: 2 | Target-Terrain: -1 | Target: 211 | Half: False
2026-06-02 09:47:35 [self-0003-0-attack] My general index: 83
2026-06-02 09:47:35 [self-0003-0-attack] Enemy general index: None
2026-06-02 09:47:35 [self-0003-0-attack] Visible enemy tiles: 12
2026-06-02 09:47:35 [self-0003-0-attack] Tiles: 67 / 73
2026-06-02 09:47:35 [self-0003-0-attack] Map: 20 x 21 Turn: 555
2026-06-02 09:47:35 [self-0003-0-attack] Route planned: Target = 211 Mode = strategy city-free reachable tiles = 310 Fallback-Tiles = 314
2026-06-02 09:47:35 [self-0003-0-attack] Move #532: 89 -> 109 | Army: 36 | Target-Terrain: 0 | Target: 211 | Half: False
2026-06-02 09:47:35 [self-0003-0-attack] My general index: 83
2026-06-02 09:47:35 [self-0003-0-attack] Enemy general index: None
2026-06-02 09:47:35 [self-0003-0-attack] Visible enemy tiles: 12
2026-06-02 09:47:35 [self-0003-0-attack] Tiles: 67 / 73
2026-06-02 09:47:35 [self-0003-0-attack] Map: 20 x 21 Turn: 556
2026-06-02 09:47:35 [self-0003-0-attack] Route planned: Target = 89 Mode = defense city-free reachable tiles = 310 Fallback-Tiles = 314
2026-06-02 09:47:35 [self-0003-0-attack] Move #533: 69 -> 89 | Army: 2 | Target-Terrain: 0 | Target: 89 | Half: False
2026-06-02 09:47:36 [self-0003-0-attack] My general index: 83
2026-06-02 09:47:36 [self-0003-0-attack] Enemy general index: None
2026-06-02 09:47:36 [self-0003-0-attack] Visible enemy tiles: 12
2026-06-02 09:47:36 [self-0003-0-attack] Tiles: 67 / 73
2026-06-02 09:47:36 [self-0003-0-attack] Map: 20 x 21 Turn: 557
2026-06-02 09:47:36 [self-0003-0-attack] Route planned: Target = 211 Mode = strategy city-free reachable tiles = 310 Fallback-Tiles = 314
2026-06-02 09:47:36 [self-0003-0-attack] Move #534: 169 -> 170 | Army: 3 | Target-Terrain: 1 | Target: 211 | Half: False
2026-06-02 09:47:36 [self-0003-0-attack] My general index: 83
2026-06-02 09:47:36 [self-0003-0-attack] Enemy general index: None
2026-06-02 09:47:36 [self-0003-0-attack] Visible enemy tiles: 11
2026-06-02 09:47:36 [self-0003-0-attack] Tiles: 68 / 72
2026-06-02 09:47:36 [self-0003-0-attack] Map: 20 x 21 Turn: 558
2026-06-02 09:47:36 [self-0003-0-attack] Route planned: Target = 211 Mode = strategy city-free reachable tiles = 310 Fallback-Tiles = 314
2026-06-02 09:47:36 [self-0003-0-attack] Move #535: 192 -> 212 | Army: 4 | Target-Terrain: 1 | Target: 211 | Half: False
2026-06-02 09:47:37 [self-0003-0-attack] My general index: 83
2026-06-02 09:47:37 [self-0003-0-attack] Enemy general index: None
2026-06-02 09:47:37 [self-0003-0-attack] Visible enemy tiles: 13
2026-06-02 09:47:37 [self-0003-0-attack] Tiles: 68 / 72
2026-06-02 09:47:37 [self-0003-0-attack] Map: 20 x 21 Turn: 559
2026-06-02 09:47:37 [self-0003-0-attack] Route planned: Target = 210 Mode = strategy city-free reachable tiles = 310 Fallback-Tiles = 314
2026-06-02 09:47:37 [self-0003-0-attack] Move #536: 190 -> 210 | Army: 8 | Target-Terrain: 1 | Target: 210 | Half: False
2026-06-02 09:47:37 [self-0003-0-attack] My general index: 83
2026-06-02 09:47:37 [self-0003-0-attack] Enemy general index: None
2026-06-02 09:47:37 [self-0003-0-attack] Visible enemy tiles: 11
2026-06-02 09:47:37 [self-0003-0-attack] Tiles: 68 / 72
2026-06-02 09:47:37 [self-0003-0-attack] Map: 20 x 21 Turn: 560
2026-06-02 09:47:37 [self-0003-0-attack] Route planned: Target = 211 Mode = strategy city-free reachable tiles = 310 Fallback-Tiles = 314
2026-06-02 09:47:37 [self-0003-0-attack] Priority agent: flow +6000 base = 80105 final = 86105
2026-06-02 09:47:37 [self-0003-0-attack] Move #537: 210 -> 211 | Army: 5 | Target-Terrain: 1 | Target: 211 | Half: False
2026-06-02 09:47:38 [self-0003-0-attack] My general index: 83
2026-06-02 09:47:38 [self-0003-0-attack] Enemy general index: None
2026-06-02 09:47:38 [self-0003-0-attack] Visible enemy tiles: 11
2026-06-02 09:47:38 [self-0003-0-attack] Tiles: 68 / 72
2026-06-02 09:47:38 [self-0003-0-attack] Map: 20 x 21 Turn: 561
2026-06-02 09:47:38 [self-0003-0-attack] Route planned: Target = 230 Mode = strategy city-free reachable tiles = 310 Fallback-Tiles = 313
2026-06-02 09:47:38 [self-0003-0-attack] Priority agent: edge reuse -9000 base = 76544 final = 67544
2026-06-02 09:47:38 [self-0003-0-attack] Move #538: 172 -> 192 | Army: 4 | Target-Terrain: 1 | Target: 230 | Half: False
2026-06-02 09:47:38 [self-0003-0-attack] My general index: 83
2026-06-02 09:47:38 [self-0003-0-attack] Enemy general index: None
2026-06-02 09:47:38 [self-0003-0-attack] Visible enemy tiles: 11
2026-06-02 09:47:38 [self-0003-0-attack] Tiles: 68 / 72
2026-06-02 09:47:38 [self-0003-0-attack] Map: 20 x 21 Turn: 562
2026-06-02 09:47:38 [self-0003-0-attack] Route planned: Target = 211 Mode = strategy city-free reachable tiles = 310 Fallback-Tiles = 314
2026-06-02 09:47:38 [self-0003-0-attack] Move #539: 109 -> 110 | Army: 37 | Target-Terrain: 0 | Target: 211 | Half: False
2026-06-02 09:47:39 [self-0003-0-attack] My general index: 83
2026-06-02 09:47:39 [self-0003-0-attack] Enemy general index: None
2026-06-02 09:47:39 [self-0003-0-attack] Visible enemy tiles: 11
2026-06-02 09:47:39 [self-0003-0-attack] Tiles: 67 / 73
2026-06-02 09:47:39 [self-0003-0-attack] Map: 20 x 21 Turn: 563
2026-06-02 09:47:39 [self-0003-0-attack] Route planned: Target = 211 Mode = strategy city-free reachable tiles = 310 Fallback-Tiles = 314
2026-06-02 09:47:39 [self-0003-0-attack] Priority agent: fresh target pullback -12000, flow +6000 base = 45839 final = 39839
2026-06-02 09:47:39 [self-0003-0-attack] Move #540: 110 -> 130 | Army: 39 | Target-Terrain: 0 | Target: 211 | Half: False
2026-06-02 09:47:39 [self-0003-0-attack] My general index: 83
2026-06-02 09:47:39 [self-0003-0-attack] Enemy general index: None
2026-06-02 09:47:39 [self-0003-0-attack] Visible enemy tiles: 11
2026-06-02 09:47:39 [self-0003-0-attack] Tiles: 66 / 74
2026-06-02 09:47:39 [self-0003-0-attack] Map: 20 x 21 Turn: 564
2026-06-02 09:47:39 [self-0003-0-attack] Route planned: Target = 211 Mode = strategy city-free reachable tiles = 310 Fallback-Tiles = 314
2026-06-02 09:47:39 [self-0003-0-attack] Priority agent: flow +6000 base = 89480 final = 95480
2026-06-02 09:47:39 [self-0003-0-attack] Move #541: 130 -> 150 | Army: 40 | Target-Terrain: 1 | Target: 211 | Half: False
2026-06-02 09:47:40 [self-0003-0-attack] My general index: 83
2026-06-02 09:47:40 [self-0003-0-attack] Enemy general index: None
2026-06-02 09:47:40 [self-0003-0-attack] Visible enemy tiles: 11
2026-06-02 09:47:40 [self-0003-0-attack] Tiles: 66 / 74
2026-06-02 09:47:40 [self-0003-0-attack] Map: 20 x 21 Turn: 565
2026-06-02 09:47:40 [self-0003-0-attack] Route planned: Target = 211 Mode = strategy city-free reachable tiles = 310 Fallback-Tiles = 314
2026-06-02 09:47:40 [self-0003-0-attack] Move #542: 152 -> 172 | Army: 2 | Target-Terrain: 0 | Target: 211 | Half: False
2026-06-02 09:47:40 [self-0003-0-attack] My general index: 83
2026-06-02 09:47:40 [self-0003-0-attack] Enemy general index: None
2026-06-02 09:47:40 [self-0003-0-attack] Visible enemy tiles: 11
2026-06-02 09:47:40 [self-0003-0-attack] Tiles: 65 / 75
2026-06-02 09:47:40 [self-0003-0-attack] Map: 20 x 21 Turn: 566
2026-06-02 09:47:40 [self-0003-0-attack] Route planned: Target = 211 Mode = strategy city-free reachable tiles = 310 Fallback-Tiles = 314
2026-06-02 09:47:40 [self-0003-0-attack] Priority agent: edge reuse -9000 base = 89886 final = 80886
2026-06-02 09:47:40 [self-0003-0-attack] Move #543: 169 -> 189 | Army: 6 | Target-Terrain: 1 | Target: 211 | Half: False
2026-06-02 09:47:41 [self-0003-0-attack] My general index: 83
2026-06-02 09:47:41 [self-0003-0-attack] Enemy general index: None
2026-06-02 09:47:41 [self-0003-0-attack] Visible enemy tiles: 12
2026-06-02 09:47:41 [self-0003-0-attack] Tiles: 65 / 75
2026-06-02 09:47:41 [self-0003-0-attack] Map: 20 x 21 Turn: 567
2026-06-02 09:47:41 [self-0003-0-attack] Route planned: Target = 211 Mode = strategy city-free reachable tiles = 310 Fallback-Tiles = 314
2026-06-02 09:47:41 [self-0003-0-attack] Priority agent: flow +6000 base = 88624 final = 94624
2026-06-02 09:47:41 [self-0003-0-attack] Move #544: 189 -> 209 | Army: 4 | Target-Terrain: 1 | Target: 211 | Half: False
2026-06-02 09:47:41 [self-0003-0-attack] My general index: 83
2026-06-02 09:47:41 [self-0003-0-attack] Enemy general index: None
2026-06-02 09:47:41 [self-0003-0-attack] Visible enemy tiles: 13
2026-06-02 09:47:41 [self-0003-0-attack] Tiles: 65 / 75
2026-06-02 09:47:41 [self-0003-0-attack] Map: 20 x 21 Turn: 568
2026-06-02 09:47:41 [self-0003-0-attack] Route planned: Target = 211 Mode = strategy city-free reachable tiles = 310 Fallback-Tiles = 314
2026-06-02 09:47:41 [self-0003-0-attack] Move #545: 150 -> 170 | Army: 37 | Target-Terrain: 1 | Target: 211 | Half: False
2026-06-02 09:47:42 [self-0003-0-attack] My general index: 83
2026-06-02 09:47:42 [self-0003-0-attack] Enemy general index: None
2026-06-02 09:47:42 [self-0003-0-attack] Visible enemy tiles: 13
2026-06-02 09:47:42 [self-0003-0-attack] Tiles: 65 / 75
2026-06-02 09:47:42 [self-0003-0-attack] Map: 20 x 21 Turn: 569
2026-06-02 09:47:42 [self-0003-0-attack] Route planned: Target = 211 Mode = strategy city-free reachable tiles = 310 Fallback-Tiles = 314
2026-06-02 09:47:42 [self-0003-0-attack] Priority agent: flow +6000 base = 83655 final = 89655
2026-06-02 09:47:42 [self-0003-0-attack] Move #546: 170 -> 190 | Army: 35 | Target-Terrain: 1 | Target: 211 | Half: False
2026-06-02 09:47:42 [self-0003-0-attack] My general index: 83
2026-06-02 09:47:42 [self-0003-0-attack] Enemy general index: None
2026-06-02 09:47:42 [self-0003-0-attack] Visible enemy tiles: 12
2026-06-02 09:47:42 [self-0003-0-attack] Tiles: 65 / 75
2026-06-02 09:47:42 [self-0003-0-attack] Map: 20 x 21 Turn: 570
2026-06-02 09:47:42 [self-0003-0-attack] Route planned: Target = 211 Mode = strategy city-free reachable tiles = 310 Fallback-Tiles = 314
2026-06-02 09:47:42 [self-0003-0-attack] Priority agent: edge reuse -9000, flow +6000 base = 84293 final = 81293
2026-06-02 09:47:42 [self-0003-0-attack] Move #547: 190 -> 210 | Army: 33 | Target-Terrain: 1 | Target: 211 | Half: False
2026-06-02 09:47:43 [self-0003-0-attack] My general index: 83
2026-06-02 09:47:43 [self-0003-0-attack] Enemy general index: None
2026-06-02 09:47:43 [self-0003-0-attack] Visible enemy tiles: 14
2026-06-02 09:47:43 [self-0003-0-attack] Tiles: 65 / 75
2026-06-02 09:47:43 [self-0003-0-attack] Map: 20 x 21 Turn: 571
2026-06-02 09:47:43 [self-0003-0-attack] Route planned: Target = 209 Mode = strategy city-free reachable tiles = 310 Fallback-Tiles = 314
2026-06-02 09:47:43 [self-0003-0-attack] Priority agent: flow +6000 base = 91431 final = 97431
2026-06-02 09:47:43 [self-0003-0-attack] Move #548: 210 -> 209 | Army: 31 | Target-Terrain: 1 | Target: 209 | Half: False
2026-06-02 09:47:43 [self-0003-0-attack] My general index: 83
2026-06-02 09:47:43 [self-0003-0-attack] Enemy general index: None
2026-06-02 09:47:43 [self-0003-0-attack] Visible enemy tiles: 14
2026-06-02 09:47:43 [self-0003-0-attack] Tiles: 65 / 75
2026-06-02 09:47:43 [self-0003-0-attack] Map: 20 x 21 Turn: 572
2026-06-02 09:47:43 [self-0003-0-attack] Route planned: Target = 189 Mode = strategy city-free reachable tiles = 310 Fallback-Tiles = 314
2026-06-02 09:47:43 [self-0003-0-attack] Priority agent: edge reuse -9000, flow +6000 base = 71129 final = 68129
2026-06-02 09:47:43 [self-0003-0-attack] Move #549: 209 -> 189 | Army: 29 | Target-Terrain: 1 | Target: 189 | Half: False
2026-06-02 09:47:44 [self-0003-0-attack] My general index: 83
2026-06-02 09:47:44 [self-0003-0-attack] Enemy general index: None
2026-06-02 09:47:44 [self-0003-0-attack] Visible enemy tiles: 14
2026-06-02 09:47:44 [self-0003-0-attack] Tiles: 65 / 75
2026-06-02 09:47:44 [self-0003-0-attack] Map: 20 x 21 Turn: 573
2026-06-02 09:47:44 [self-0003-0-attack] Route planned: Target = 208 Mode = strategy city-free reachable tiles = 310 Fallback-Tiles = 314
2026-06-02 09:47:44 [self-0003-0-attack] Move #550: 187 -> 188 | Army: 2 | Target-Terrain: 0 | Target: 208 | Half: False
2026-06-02 09:47:44 [self-0003-0-attack] My general index: 83
2026-06-02 09:47:44 [self-0003-0-attack] Enemy general index: None
2026-06-02 09:47:44 [self-0003-0-attack] Visible enemy tiles: 15
2026-06-02 09:47:44 [self-0003-0-attack] Tiles: 64 / 76
2026-06-02 09:47:44 [self-0003-0-attack] Map: 20 x 21 Turn: 574
2026-06-02 09:47:44 [self-0003-0-attack] Route planned: Target = 208 Mode = strategy city-free reachable tiles = 310 Fallback-Tiles = 314
2026-06-02 09:47:44 [self-0003-0-attack] Priority agent: flow +6000 base = 82203 final = 88203
2026-06-02 09:47:44 [self-0003-0-attack] Move #551: 188 -> 208 | Army: 3 | Target-Terrain: 1 | Target: 208 | Half: False
2026-06-02 09:47:45 [self-0003-0-attack] My general index: 83
2026-06-02 09:47:45 [self-0003-0-attack] Enemy general index: None
2026-06-02 09:47:45 [self-0003-0-attack] Visible enemy tiles: 14
2026-06-02 09:47:45 [self-0003-0-attack] Tiles: 64 / 76
2026-06-02 09:47:45 [self-0003-0-attack] Map: 20 x 21 Turn: 575
2026-06-02 09:47:45 [self-0003-0-attack] Route planned: Target = 211 Mode = strategy city-free reachable tiles = 310 Fallback-Tiles = 314
2026-06-02 09:47:45 [self-0003-0-attack] Move #552: 226 -> 227 | Army: 3 | Target-Terrain: 1 | Target: 211 | Half: False
2026-06-02 09:47:45 [self-0003-0-attack] My general index: 83
2026-06-02 09:47:45 [self-0003-0-attack] Enemy general index: None
2026-06-02 09:47:45 [self-0003-0-attack] Visible enemy tiles: 14
2026-06-02 09:47:45 [self-0003-0-attack] Tiles: 64 / 76
2026-06-02 09:47:45 [self-0003-0-attack] Map: 20 x 21 Turn: 576
2026-06-02 09:47:45 [self-0003-0-attack] Route planned: Target = 211 Mode = strategy city-free reachable tiles = 310 Fallback-Tiles = 314
2026-06-02 09:47:45 [self-0003-0-attack] Move #553: 172 -> 192 | Army: 2 | Target-Terrain: 0 | Target: 211 | Half: False
2026-06-02 09:47:46 [self-0003-0-attack] My general index: 83
2026-06-02 09:47:46 [self-0003-0-attack] Enemy general index: None
2026-06-02 09:47:46 [self-0003-0-attack] Visible enemy tiles: 14
2026-06-02 09:47:46 [self-0003-0-attack] Tiles: 64 / 76
2026-06-02 09:47:46 [self-0003-0-attack] Map: 20 x 21 Turn: 577
2026-06-02 09:47:46 [self-0003-0-attack] Route planned: Target = 211 Mode = strategy city-free reachable tiles = 310 Fallback-Tiles = 314
2026-06-02 09:47:46 [self-0003-0-attack] Priority agent: flow +6000 base = 89563 final = 95563
2026-06-02 09:47:46 [self-0003-0-attack] Move #554: 192 -> 212 | Army: 3 | Target-Terrain: 1 | Target: 211 | Half: False
2026-06-02 09:47:46 [self-0003-0-attack] My general index: 83
2026-06-02 09:47:46 [self-0003-0-attack] Enemy general index: None
2026-06-02 09:47:46 [self-0003-0-attack] Visible enemy tiles: 15
2026-06-02 09:47:46 [self-0003-0-attack] Tiles: 65 / 75
2026-06-02 09:47:46 [self-0003-0-attack] Map: 20 x 21 Turn: 578
2026-06-02 09:47:46 [self-0003-0-attack] Route planned: Target = 211 Mode = strategy city-free reachable tiles = 310 Fallback-Tiles = 314
2026-06-02 09:47:46 [self-0003-0-attack] Move #555: 171 -> 170 | Army: 2 | Target-Terrain: 0 | Target: 211 | Half: False
2026-06-02 09:47:47 [self-0003-0-attack] My general index: 83
2026-06-02 09:47:47 [self-0003-0-attack] Enemy general index: None
2026-06-02 09:47:47 [self-0003-0-attack] Visible enemy tiles: 14
2026-06-02 09:47:47 [self-0003-0-attack] Tiles: 64 / 76
2026-06-02 09:47:47 [self-0003-0-attack] Map: 20 x 21 Turn: 579
2026-06-02 09:47:47 [self-0003-0-attack] Route planned: Target = 211 Mode = strategy city-free reachable tiles = 310 Fallback-Tiles = 314
2026-06-02 09:47:47 [self-0003-0-attack] Move #556: 151 -> 171 | Army: 2 | Target-Terrain: 0 | Target: 211 | Half: False
2026-06-02 09:47:47 [self-0003-0-attack] My general index: 83
2026-06-02 09:47:47 [self-0003-0-attack] Enemy general index: None
2026-06-02 09:47:47 [self-0003-0-attack] Visible enemy tiles: 13
2026-06-02 09:47:47 [self-0003-0-attack] Tiles: 63 / 77
2026-06-02 09:47:47 [self-0003-0-attack] Map: 20 x 21 Turn: 580
2026-06-02 09:47:47 [self-0003-0-attack] Route planned: Target = 211 Mode = strategy city-free reachable tiles = 310 Fallback-Tiles = 313
2026-06-02 09:47:47 [self-0003-0-attack] Move #557: 131 -> 151 | Army: 2 | Target-Terrain: 0 | Target: 211 | Half: False
2026-06-02 09:47:48 [self-0003-0-attack] My general index: 83
2026-06-02 09:47:48 [self-0003-0-attack] Enemy general index: None
2026-06-02 09:47:48 [self-0003-0-attack] Visible enemy tiles: 14
2026-06-02 09:47:48 [self-0003-0-attack] Tiles: 62 / 78
2026-06-02 09:47:48 [self-0003-0-attack] Map: 20 x 21 Turn: 581
2026-06-02 09:47:48 [self-0003-0-attack] Route planned: Target = 211 Mode = strategy city-free reachable tiles = 310 Fallback-Tiles = 313
2026-06-02 09:47:48 [self-0003-0-attack] Move #558: 186 -> 187 | Army: 2 | Target-Terrain: 0 | Target: 211 | Half: False
2026-06-02 09:47:48 [self-0003-0-attack] My general index: 83
2026-06-02 09:47:48 [self-0003-0-attack] Enemy general index: None
2026-06-02 09:47:48 [self-0003-0-attack] Visible enemy tiles: 14
2026-06-02 09:47:48 [self-0003-0-attack] Tiles: 61 / 79
2026-06-02 09:47:48 [self-0003-0-attack] Map: 20 x 21 Turn: 582
2026-06-02 09:47:48 [self-0003-0-attack] Route planned: Target = 211 Mode = strategy city-free reachable tiles = 310 Fallback-Tiles = 313
2026-06-02 09:47:48 [self-0003-0-attack] Move #559: 147 -> 167 | Army: 5 | Target-Terrain: 0 | Target: 211 | Half: False
2026-06-02 09:47:49 [self-0003-0-attack] My general index: 83
2026-06-02 09:47:49 [self-0003-0-attack] Enemy general index: None
2026-06-02 09:47:49 [self-0003-0-attack] Visible enemy tiles: 14
2026-06-02 09:47:49 [self-0003-0-attack] Tiles: 60 / 80
2026-06-02 09:47:49 [self-0003-0-attack] Map: 20 x 21 Turn: 583
2026-06-02 09:47:49 [self-0003-0-attack] Route planned: Target = 211 Mode = strategy city-free reachable tiles = 310 Fallback-Tiles = 313
2026-06-02 09:47:49 [self-0003-0-attack] Move #560: 206 -> 226 | Army: 3 | Target-Terrain: 0 | Target: 211 | Half: False
2026-06-02 09:47:49 [self-0003-0-attack] My general index: 83
2026-06-02 09:47:49 [self-0003-0-attack] Enemy general index: None
2026-06-02 09:47:49 [self-0003-0-attack] Visible enemy tiles: 14
2026-06-02 09:47:49 [self-0003-0-attack] Tiles: 60 / 80
2026-06-02 09:47:49 [self-0003-0-attack] Map: 20 x 21 Turn: 584
2026-06-02 09:47:49 [self-0003-0-attack] Reinforcement waypoint: 211 final target = 211 turns until reinforcement = 16
2026-06-02 09:47:49 [self-0003-0-attack] Route planned: Target = 211 Mode = reinforcement_waypoint city-free reachable tiles = 310 Fallback-Tiles = 313
2026-06-02 09:47:49 [self-0003-0-attack] Move #561: 90 -> 110 | Army: 2 | Target-Terrain: 0 | Target: 211 | Half: False
2026-06-02 09:47:50 [self-0003-0-attack] My general index: 83
2026-06-02 09:47:50 [self-0003-0-attack] Enemy general index: None
2026-06-02 09:47:50 [self-0003-0-attack] Visible enemy tiles: 15
2026-06-02 09:47:50 [self-0003-0-attack] Tiles: 59 / 81
2026-06-02 09:47:50 [self-0003-0-attack] Map: 20 x 21 Turn: 585
2026-06-02 09:47:50 [self-0003-0-attack] Reinforcement waypoint: 208 final target = 208 turns until reinforcement = 15
2026-06-02 09:47:50 [self-0003-0-attack] Route planned: Target = 208 Mode = reinforcement_waypoint city-free reachable tiles = 310 Fallback-Tiles = 313
2026-06-02 09:47:50 [self-0003-0-attack] Move #562: 166 -> 167 | Army: 2 | Target-Terrain: 0 | Target: 208 | Half: False
2026-06-02 09:47:50 [self-0003-0-attack] My general index: 83
2026-06-02 09:47:50 [self-0003-0-attack] Enemy general index: None
2026-06-02 09:47:50 [self-0003-0-attack] Visible enemy tiles: 16
2026-06-02 09:47:50 [self-0003-0-attack] Tiles: 58 / 82
2026-06-02 09:47:50 [self-0003-0-attack] Map: 20 x 21 Turn: 586
2026-06-02 09:47:50 [self-0003-0-attack] Reinforcement waypoint: 209 final target = 209 turns until reinforcement = 14
2026-06-02 09:47:50 [self-0003-0-attack] Route planned: Target = 209 Mode = reinforcement_waypoint city-free reachable tiles = 310 Fallback-Tiles = 313
2026-06-02 09:47:50 [self-0003-0-attack] Move #563: 151 -> 150 | Army: 2 | Target-Terrain: 0 | Target: 209 | Half: False
2026-06-02 09:47:51 [self-0003-0-attack] My general index: 83
2026-06-02 09:47:51 [self-0003-0-attack] Enemy general index: None
2026-06-02 09:47:51 [self-0003-0-attack] Visible enemy tiles: 15
2026-06-02 09:47:51 [self-0003-0-attack] Tiles: 57 / 83
2026-06-02 09:47:51 [self-0003-0-attack] Map: 20 x 21 Turn: 587
2026-06-02 09:47:51 [self-0003-0-attack] Reinforcement waypoint: 209 final target = 209 turns until reinforcement = 13
2026-06-02 09:47:51 [self-0003-0-attack] Route planned: Target = 209 Mode = reinforcement_waypoint city-free reachable tiles = 310 Fallback-Tiles = 313
2026-06-02 09:47:51 [self-0003-0-attack] Move #564: 189 -> 209 | Army: 27 | Target-Terrain: 1 | Target: 209 | Half: False
2026-06-02 09:47:51 [self-0003-0-attack] My general index: 83
2026-06-02 09:47:51 [self-0003-0-attack] Enemy general index: None
2026-06-02 09:47:51 [self-0003-0-attack] Visible enemy tiles: 15
2026-06-02 09:47:51 [self-0003-0-attack] Tiles: 57 / 83
2026-06-02 09:47:51 [self-0003-0-attack] Map: 20 x 21 Turn: 588
2026-06-02 09:47:51 [self-0003-0-attack] Reinforcement waypoint: 210 final target = 210 turns until reinforcement = 12
2026-06-02 09:47:51 [self-0003-0-attack] Route planned: Target = 210 Mode = reinforcement_waypoint city-free reachable tiles = 310 Fallback-Tiles = 313
2026-06-02 09:47:51 [self-0003-0-attack] Priority agent: flow +6000 base = 85875 final = 91875
2026-06-02 09:47:51 [self-0003-0-attack] Move #565: 209 -> 210 | Army: 25 | Target-Terrain: 1 | Target: 210 | Half: False
2026-06-02 09:47:52 [self-0003-0-attack] My general index: 83
2026-06-02 09:47:52 [self-0003-0-attack] Enemy general index: None
2026-06-02 09:47:52 [self-0003-0-attack] Visible enemy tiles: 17
2026-06-02 09:47:52 [self-0003-0-attack] Tiles: 57 / 83
2026-06-02 09:47:52 [self-0003-0-attack] Map: 20 x 21 Turn: 589
2026-06-02 09:47:52 [self-0003-0-attack] Reinforcement waypoint: 190 final target = 189 turns until reinforcement = 11
2026-06-02 09:47:52 [self-0003-0-attack] Route planned: Target = 190 Mode = reinforcement_waypoint city-free reachable tiles = 310 Fallback-Tiles = 313
2026-06-02 09:47:52 [self-0003-0-attack] Priority agent: flow +6000 base = 87423 final = 93423
2026-06-02 09:47:52 [self-0003-0-attack] Move #566: 210 -> 190 | Army: 23 | Target-Terrain: 1 | Target: 190 | Half: False
2026-06-02 09:47:52 [self-0003-0-attack] My general index: 83
2026-06-02 09:47:52 [self-0003-0-attack] Enemy general index: None
2026-06-02 09:47:52 [self-0003-0-attack] Visible enemy tiles: 17
2026-06-02 09:47:52 [self-0003-0-attack] Tiles: 57 / 83
2026-06-02 09:47:52 [self-0003-0-attack] Map: 20 x 21 Turn: 590
2026-06-02 09:47:52 [self-0003-0-attack] Reinforcement waypoint: 189 final target = 209 turns until reinforcement = 10
2026-06-02 09:47:52 [self-0003-0-attack] Route planned: Target = 189 Mode = reinforcement_waypoint city-free reachable tiles = 310 Fallback-Tiles = 313
2026-06-02 09:47:52 [self-0003-0-attack] Priority agent: flow +6000 base = 99421 final = 105421
2026-06-02 09:47:52 [self-0003-0-attack] Move #567: 190 -> 189 | Army: 21 | Target-Terrain: 1 | Target: 189 | Half: False
2026-06-02 09:47:53 [self-0003-0-attack] My general index: 83
2026-06-02 09:47:53 [self-0003-0-attack] Enemy general index: None
2026-06-02 09:47:53 [self-0003-0-attack] Visible enemy tiles: 15
2026-06-02 09:47:53 [self-0003-0-attack] Tiles: 57 / 83
2026-06-02 09:47:53 [self-0003-0-attack] Map: 20 x 21 Turn: 591
2026-06-02 09:47:53 [self-0003-0-attack] Reinforcement waypoint: 209 final target = 209 turns until reinforcement = 9
2026-06-02 09:47:53 [self-0003-0-attack] Route planned: Target = 209 Mode = reinforcement_waypoint city-free reachable tiles = 310 Fallback-Tiles = 313
2026-06-02 09:47:53 [self-0003-0-attack] Priority agent: edge reuse -9000, flow +6000 base = 97569 final = 94569
2026-06-02 09:47:53 [self-0003-0-attack] Move #568: 189 -> 209 | Army: 19 | Target-Terrain: 1 | Target: 209 | Half: False
2026-06-02 09:47:53 [self-0003-0-attack] My general index: 83
2026-06-02 09:47:53 [self-0003-0-attack] Enemy general index: None
2026-06-02 09:47:53 [self-0003-0-attack] Visible enemy tiles: 15
2026-06-02 09:47:53 [self-0003-0-attack] Tiles: 57 / 83
2026-06-02 09:47:53 [self-0003-0-attack] Map: 20 x 21 Turn: 592
2026-06-02 09:47:53 [self-0003-0-attack] Reinforcement waypoint: 210 final target = 210 turns until reinforcement = 8
2026-06-02 09:47:53 [self-0003-0-attack] Route planned: Target = 210 Mode = reinforcement_waypoint city-free reachable tiles = 310 Fallback-Tiles = 313
2026-06-02 09:47:53 [self-0003-0-attack] Priority agent: edge reuse -9000, flow +6000 base = 97867 final = 94867
2026-06-02 09:47:53 [self-0003-0-attack] Move #569: 209 -> 210 | Army: 17 | Target-Terrain: 1 | Target: 210 | Half: False
2026-06-02 09:47:54 [self-0003-0-attack] My general index: 83
2026-06-02 09:47:54 [self-0003-0-attack] Enemy general index: None
2026-06-02 09:47:54 [self-0003-0-attack] Visible enemy tiles: 17
2026-06-02 09:47:54 [self-0003-0-attack] Tiles: 57 / 83
2026-06-02 09:47:54 [self-0003-0-attack] Map: 20 x 21 Turn: 593
2026-06-02 09:47:54 [self-0003-0-attack] Reinforcement waypoint: 190 final target = 189 turns until reinforcement = 7
2026-06-02 09:47:54 [self-0003-0-attack] Route planned: Target = 190 Mode = reinforcement_waypoint city-free reachable tiles = 310 Fallback-Tiles = 313
2026-06-02 09:47:54 [self-0003-0-attack] Priority agent: flow +6000 base = 60235 final = 66235
2026-06-02 09:47:54 [self-0003-0-attack] Move #570: 210 -> 211 | Army: 15 | Target-Terrain: 1 | Target: 190 | Half: False
2026-06-02 09:47:54 [self-0003-0-attack] My general index: 83
2026-06-02 09:47:54 [self-0003-0-attack] Enemy general index: None
2026-06-02 09:47:54 [self-0003-0-attack] Visible enemy tiles: 20
2026-06-02 09:47:54 [self-0003-0-attack] Tiles: 57 / 83
2026-06-02 09:47:54 [self-0003-0-attack] Map: 20 x 21 Turn: 594
2026-06-02 09:47:54 [self-0003-0-attack] Reinforcement waypoint: 210 final target = 209 turns until reinforcement = 6
2026-06-02 09:47:54 [self-0003-0-attack] Route planned: Target = 210 Mode = reinforcement_waypoint city-free reachable tiles = 310 Fallback-Tiles = 313
2026-06-02 09:47:54 [self-0003-0-attack] Priority agent: flow +6000 base = 60233 final = 66233
2026-06-02 09:47:54 [self-0003-0-attack] Move #571: 211 -> 212 | Army: 13 | Target-Terrain: 1 | Target: 210 | Half: False
2026-06-02 09:47:55 [self-0003-0-attack] My general index: 83
2026-06-02 09:47:55 [self-0003-0-attack] Enemy general index: None
2026-06-02 09:47:55 [self-0003-0-attack] Visible enemy tiles: 23
2026-06-02 09:47:55 [self-0003-0-attack] Tiles: 57 / 83
2026-06-02 09:47:55 [self-0003-0-attack] Map: 20 x 21 Turn: 595
2026-06-02 09:47:55 [self-0003-0-attack] Reinforcement waypoint: 211 final target = 209 turns until reinforcement = 5
2026-06-02 09:47:55 [self-0003-0-attack] Route planned: Target = 211 Mode = reinforcement_waypoint city-free reachable tiles = 310 Fallback-Tiles = 314
2026-06-02 09:47:55 [self-0003-0-attack] Priority agent: flow +6000 base = 56581 final = 62581
2026-06-02 09:47:55 [self-0003-0-attack] Move #572: 212 -> 192 | Army: 11 | Target-Terrain: 1 | Target: 211 | Half: False
2026-06-02 09:47:55 [self-0003-0-attack] My general index: 83
2026-06-02 09:47:55 [self-0003-0-attack] Enemy general index: None
2026-06-02 09:47:55 [self-0003-0-attack] Visible enemy tiles: 22
2026-06-02 09:47:55 [self-0003-0-attack] Tiles: 58 / 82
2026-06-02 09:47:55 [self-0003-0-attack] Map: 20 x 21 Turn: 596
2026-06-02 09:47:55 [self-0003-0-attack] Reinforcement waypoint: 188 final target = 209 turns until reinforcement = 4
2026-06-02 09:47:55 [self-0003-0-attack] Route planned: Target = 188 Mode = reinforcement_waypoint city-free reachable tiles = 310 Fallback-Tiles = 314
2026-06-02 09:47:55 [self-0003-0-attack] Priority agent: flow +6000 base = 93759 final = 99759
2026-06-02 09:47:55 [self-0003-0-attack] Move #573: 192 -> 172 | Army: 9 | Target-Terrain: 1 | Target: 188 | Half: False
2026-06-02 09:47:56 [self-0003-0-attack] Coach: stabilize tiles 58/82 army 427/628 cities 0/2 enemy_city_suspect True bias {'expansion_bias': 0.2, 'city_bias': 0.1, 'attack_bias': 0.4, 'defense_bias': 1.2, 'route_bias': 0.6}
2026-06-02 09:47:56 [self-0003-0-attack] My general index: 83
2026-06-02 09:47:56 [self-0003-0-attack] Enemy general index: None
2026-06-02 09:47:56 [self-0003-0-attack] Visible enemy tiles: 21
2026-06-02 09:47:56 [self-0003-0-attack] Tiles: 58 / 82
2026-06-02 09:47:56 [self-0003-0-attack] Map: 20 x 21 Turn: 597
2026-06-02 09:47:56 [self-0003-0-attack] Reinforcement waypoint: 188 final target = 209 turns until reinforcement = 3
2026-06-02 09:47:56 [self-0003-0-attack] Route planned: Target = 188 Mode = reinforcement_waypoint city-free reachable tiles = 310 Fallback-Tiles = 314
2026-06-02 09:47:56 [self-0003-0-attack] Priority agent: flow +6000 base = 95947 final = 101947
2026-06-02 09:47:56 [self-0003-0-attack] Move #574: 172 -> 171 | Army: 7 | Target-Terrain: 1 | Target: 188 | Half: False
2026-06-02 09:47:56 [self-0003-0-attack] My general index: 83
2026-06-02 09:47:56 [self-0003-0-attack] Enemy general index: None
2026-06-02 09:47:56 [self-0003-0-attack] Visible enemy tiles: 17
2026-06-02 09:47:56 [self-0003-0-attack] Tiles: 58 / 82
2026-06-02 09:47:56 [self-0003-0-attack] Map: 20 x 21 Turn: 598
2026-06-02 09:47:56 [self-0003-0-attack] Reinforcement waypoint: 188 final target = 209 turns until reinforcement = 2
2026-06-02 09:47:56 [self-0003-0-attack] Route planned: Target = 188 Mode = reinforcement_waypoint city-free reachable tiles = 310 Fallback-Tiles = 314
2026-06-02 09:47:56 [self-0003-0-attack] Priority agent: flow +6000 base = 96584 final = 102584
2026-06-02 09:47:56 [self-0003-0-attack] Move #575: 171 -> 170 | Army: 4 | Target-Terrain: 1 | Target: 188 | Half: False
2026-06-02 09:47:57 [self-0003-0-attack] My general index: 83
2026-06-02 09:47:57 [self-0003-0-attack] Enemy general index: None
2026-06-02 09:47:57 [self-0003-0-attack] Visible enemy tiles: 16
2026-06-02 09:47:57 [self-0003-0-attack] Tiles: 59 / 81
2026-06-02 09:47:57 [self-0003-0-attack] Map: 20 x 21 Turn: 599
2026-06-02 09:47:57 [self-0003-0-attack] Reinforcement waypoint: 190 final target = 209 turns until reinforcement = 1
2026-06-02 09:47:57 [self-0003-0-attack] Route planned: Target = 190 Mode = reinforcement_waypoint city-free reachable tiles = 310 Fallback-Tiles = 314
2026-06-02 09:47:57 [self-0003-0-attack] Move #576: 224 -> 204 | Army: 27 | Target-Terrain: 0 | Target: 190 | Half: False
2026-06-02 09:47:57 [self-0003-0-attack] My general index: 83
2026-06-02 09:47:57 [self-0003-0-attack] Enemy general index: None
2026-06-02 09:47:57 [self-0003-0-attack] Visible enemy tiles: 17
2026-06-02 09:47:57 [self-0003-0-attack] Tiles: 58 / 82
2026-06-02 09:47:57 [self-0003-0-attack] Map: 20 x 21 Turn: 600
2026-06-02 09:47:57 [self-0003-0-attack] Route planned: Target = 209 Mode = reinforcement_waypoint city-free reachable tiles = 310 Fallback-Tiles = 314
2026-06-02 09:47:57 [self-0003-0-attack] Priority agent: flow +6000 base = 31709 final = 37709
2026-06-02 09:47:57 [self-0003-0-attack] Move #577: 204 -> 203 | Army: 29 | Target-Terrain: -1 | Target: 209 | Half: False
2026-06-02 09:47:58 [self-0003-0-attack] My general index: 83
2026-06-02 09:47:58 [self-0003-0-attack] Enemy general index: None
2026-06-02 09:47:58 [self-0003-0-attack] Visible enemy tiles: 17
2026-06-02 09:47:58 [self-0003-0-attack] Tiles: 59 / 82
2026-06-02 09:47:58 [self-0003-0-attack] Map: 20 x 21 Turn: 601
2026-06-02 09:47:58 [self-0003-0-attack] Route planned: Target = 209 Mode = reinforcement_waypoint city-free reachable tiles = 310 Fallback-Tiles = 314
2026-06-02 09:47:58 [self-0003-0-attack] Priority agent: flow +6000 base = 29518 final = 35518
2026-06-02 09:47:58 [self-0003-0-attack] Move #578: 203 -> 202 | Army: 28 | Target-Terrain: -1 | Target: 209 | Half: False
2026-06-02 09:47:58 [self-0003-0-attack] My general index: 83
2026-06-02 09:47:58 [self-0003-0-attack] Enemy general index: None
2026-06-02 09:47:58 [self-0003-0-attack] Visible enemy tiles: 17
2026-06-02 09:47:58 [self-0003-0-attack] Tiles: 60 / 82
2026-06-02 09:47:58 [self-0003-0-attack] Map: 20 x 21 Turn: 602
2026-06-02 09:47:58 [self-0003-0-attack] Route planned: Target = 209 Mode = reinforcement_waypoint city-free reachable tiles = 310 Fallback-Tiles = 314
2026-06-02 09:47:58 [self-0003-0-attack] Priority agent: flow +6000 base = 44327 final = 50327
2026-06-02 09:47:58 [self-0003-0-attack] Move #579: 202 -> 222 | Army: 27 | Target-Terrain: -1 | Target: 209 | Half: False
2026-06-02 09:47:59 [self-0003-0-attack] My general index: 83
2026-06-02 09:47:59 [self-0003-0-attack] Enemy general index: None
2026-06-02 09:47:59 [self-0003-0-attack] Visible enemy tiles: 17
2026-06-02 09:47:59 [self-0003-0-attack] Tiles: 61 / 82
2026-06-02 09:47:59 [self-0003-0-attack] Map: 20 x 21 Turn: 603
2026-06-02 09:47:59 [self-0003-0-attack] Route planned: Target = 209 Mode = reinforcement_waypoint city-free reachable tiles = 310 Fallback-Tiles = 314
2026-06-02 09:47:59 [self-0003-0-attack] Priority agent: flow +6000 base = 28836 final = 34836
2026-06-02 09:47:59 [self-0003-0-attack] Move #580: 222 -> 242 | Army: 26 | Target-Terrain: -1 | Target: 209 | Half: False
2026-06-02 09:47:59 [self-0003-0-attack] My general index: 83
2026-06-02 09:47:59 [self-0003-0-attack] Enemy general index: None
2026-06-02 09:47:59 [self-0003-0-attack] Visible enemy tiles: 17
2026-06-02 09:47:59 [self-0003-0-attack] Tiles: 62 / 82
2026-06-02 09:47:59 [self-0003-0-attack] Map: 20 x 21 Turn: 604
2026-06-02 09:47:59 [self-0003-0-attack] Route planned: Target = 209 Mode = reinforcement_waypoint city-free reachable tiles = 310 Fallback-Tiles = 314
2026-06-02 09:47:59 [self-0003-0-attack] Priority agent: flow +6000 base = 62525 final = 68525
2026-06-02 09:47:59 [self-0003-0-attack] Move #581: 242 -> 243 | Army: 25 | Target-Terrain: -1 | Target: 209 | Half: False
2026-06-02 09:48:00 [self-0003-0-attack] My general index: 83
2026-06-02 09:48:00 [self-0003-0-attack] Enemy general index: None
2026-06-02 09:48:00 [self-0003-0-attack] Visible enemy tiles: 16
2026-06-02 09:48:00 [self-0003-0-attack] Tiles: 62 / 83
2026-06-02 09:48:00 [self-0003-0-attack] Map: 20 x 21 Turn: 605
2026-06-02 09:48:00 [self-0003-0-attack] Route planned: Target = 209 Mode = reinforcement_waypoint city-free reachable tiles = 310 Fallback-Tiles = 314
2026-06-02 09:48:00 [self-0003-0-attack] Priority agent: flow +6000 base = 49014 final = 55014
2026-06-02 09:48:00 [self-0003-0-attack] Move #582: 243 -> 263 | Army: 24 | Target-Terrain: -1 | Target: 209 | Half: False
2026-06-02 09:48:00 [self-0003-0-attack] My general index: 83
2026-06-02 09:48:00 [self-0003-0-attack] Enemy general index: None
2026-06-02 09:48:00 [self-0003-0-attack] Visible enemy tiles: 17
2026-06-02 09:48:00 [self-0003-0-attack] Tiles: 62 / 84
2026-06-02 09:48:00 [self-0003-0-attack] Map: 20 x 21 Turn: 606
2026-06-02 09:48:00 [self-0003-0-attack] Route planned: Target = 209 Mode = reinforcement_waypoint city-free reachable tiles = 310 Fallback-Tiles = 314
2026-06-02 09:48:00 [self-0003-0-attack] Priority agent: flow +6000 base = 60553 final = 66553
2026-06-02 09:48:00 [self-0003-0-attack] Move #583: 263 -> 264 | Army: 23 | Target-Terrain: -1 | Target: 209 | Half: False
2026-06-02 09:48:01 [self-0003-0-attack] My general index: 83
2026-06-02 09:48:01 [self-0003-0-attack] Enemy general index: None
2026-06-02 09:48:01 [self-0003-0-attack] Visible enemy tiles: 17
2026-06-02 09:48:01 [self-0003-0-attack] Tiles: 62 / 85
2026-06-02 09:48:01 [self-0003-0-attack] Map: 20 x 21 Turn: 607
2026-06-02 09:48:01 [self-0003-0-attack] Route planned: Target = 127 Mode = defense city-free reachable tiles = 310 Fallback-Tiles = 314
2026-06-02 09:48:01 [self-0003-0-attack] Move #584: 126 -> 127 | Army: 7 | Target-Terrain: 0 | Target: 127 | Half: False
2026-06-02 09:48:01 [self-0003-0-attack] My general index: 83
2026-06-02 09:48:01 [self-0003-0-attack] Enemy general index: None
2026-06-02 09:48:01 [self-0003-0-attack] Visible enemy tiles: 18
2026-06-02 09:48:01 [self-0003-0-attack] Tiles: 61 / 86
2026-06-02 09:48:01 [self-0003-0-attack] Map: 20 x 21 Turn: 608
2026-06-02 09:48:01 [self-0003-0-attack] Route planned: Target = 107 Mode = defense city-free reachable tiles = 310 Fallback-Tiles = 314
2026-06-02 09:48:01 [self-0003-0-attack] Priority agent: flow +6000 base = 241711 final = 247711
2026-06-02 09:48:01 [self-0003-0-attack] Move #585: 127 -> 107 | Army: 11 | Target-Terrain: 0 | Target: 107 | Half: False
2026-06-02 09:48:02 [self-0003-0-attack] My general index: 83
2026-06-02 09:48:02 [self-0003-0-attack] Enemy general index: None
2026-06-02 09:48:02 [self-0003-0-attack] Visible enemy tiles: 19
2026-06-02 09:48:02 [self-0003-0-attack] Tiles: 60 / 87
2026-06-02 09:48:02 [self-0003-0-attack] Map: 20 x 21 Turn: 609
2026-06-02 09:48:02 [self-0003-0-attack] Route planned: Target = 87 Mode = defense city-free reachable tiles = 310 Fallback-Tiles = 314
2026-06-02 09:48:02 [self-0003-0-attack] Priority agent: flow +6000 base = 241703 final = 247703
2026-06-02 09:48:02 [self-0003-0-attack] Move #586: 107 -> 87 | Army: 3 | Target-Terrain: 0 | Target: 87 | Half: False
2026-06-02 09:48:02 [self-0003-0-attack] My general index: 83
2026-06-02 09:48:02 [self-0003-0-attack] Enemy general index: None
2026-06-02 09:48:02 [self-0003-0-attack] Visible enemy tiles: 20
2026-06-02 09:48:02 [self-0003-0-attack] Tiles: 59 / 88
2026-06-02 09:48:02 [self-0003-0-attack] Map: 20 x 21 Turn: 610
2026-06-02 09:48:02 [self-0003-0-attack] Route planned: Target = 87 Mode = defense city-free reachable tiles = 310 Fallback-Tiles = 314
2026-06-02 09:48:02 [self-0003-0-attack] Move #587: 67 -> 87 | Army: 7 | Target-Terrain: 0 | Target: 87 | Half: False
2026-06-02 09:48:03 [self-0003-0-attack] My general index: 83
2026-06-02 09:48:03 [self-0003-0-attack] Enemy general index: None
2026-06-02 09:48:03 [self-0003-0-attack] Visible enemy tiles: 21
2026-06-02 09:48:03 [self-0003-0-attack] Tiles: 58 / 89
2026-06-02 09:48:03 [self-0003-0-attack] Map: 20 x 21 Turn: 611
2026-06-02 09:48:03 [self-0003-0-attack] Route planned: Target = 87 Mode = defense city-free reachable tiles = 310 Fallback-Tiles = 314
2026-06-02 09:48:03 [self-0003-0-attack] Move #588: 86 -> 87 | Army: 6 | Target-Terrain: 0 | Target: 87 | Half: False
2026-06-02 09:48:03 [self-0003-0-attack] My general index: 83
2026-06-02 09:48:03 [self-0003-0-attack] Enemy general index: None
2026-06-02 09:48:03 [self-0003-0-attack] Visible enemy tiles: 22
2026-06-02 09:48:03 [self-0003-0-attack] Tiles: 57 / 90
2026-06-02 09:48:03 [self-0003-0-attack] Map: 20 x 21 Turn: 612
2026-06-02 09:48:03 [self-0003-0-attack] Route planned: Target = 87 Mode = defense city-free reachable tiles = 310 Fallback-Tiles = 314
2026-06-02 09:48:03 [self-0003-0-attack] Move #589: 88 -> 87 | Army: 3 | Target-Terrain: 0 | Target: 87 | Half: False
2026-06-02 09:48:04 [self-0003-0-attack] My general index: 83
2026-06-02 09:48:04 [self-0003-0-attack] Enemy general index: None
2026-06-02 09:48:04 [self-0003-0-attack] Visible enemy tiles: 23
2026-06-02 09:48:04 [self-0003-0-attack] Tiles: 56 / 91
2026-06-02 09:48:04 [self-0003-0-attack] Map: 20 x 21 Turn: 613
2026-06-02 09:48:04 [self-0003-0-attack] Route planned: Target = 87 Mode = defense city-free reachable tiles = 310 Fallback-Tiles = 314
2026-06-02 09:48:04 [self-0003-0-attack] Move #590: 106 -> 107 | Army: 7 | Target-Terrain: 1 | Target: 87 | Half: False
2026-06-02 09:48:04 [self-0003-0-attack] My general index: 83
2026-06-02 09:48:04 [self-0003-0-attack] Enemy general index: None
2026-06-02 09:48:04 [self-0003-0-attack] Visible enemy tiles: 23
2026-06-02 09:48:04 [self-0003-0-attack] Tiles: 56 / 91
2026-06-02 09:48:04 [self-0003-0-attack] Map: 20 x 21 Turn: 614
2026-06-02 09:48:04 [self-0003-0-attack] Route planned: Target = 87 Mode = defense city-free reachable tiles = 310 Fallback-Tiles = 314
2026-06-02 09:48:04 [self-0003-0-attack] Priority agent: edge reuse -9000, flow +6000 base = 233305 final = 230305
2026-06-02 09:48:04 [self-0003-0-attack] Move #591: 107 -> 87 | Army: 5 | Target-Terrain: 0 | Target: 87 | Half: False
2026-06-02 09:48:05 [self-0003-0-attack] My general index: 83
2026-06-02 09:48:05 [self-0003-0-attack] Enemy general index: None
2026-06-02 09:48:05 [self-0003-0-attack] Visible enemy tiles: 23
2026-06-02 09:48:05 [self-0003-0-attack] Tiles: 56 / 91
2026-06-02 09:48:05 [self-0003-0-attack] Map: 20 x 21 Turn: 615
2026-06-02 09:48:05 [self-0003-0-attack] Route planned: Target = 87 Mode = defense city-free reachable tiles = 310 Fallback-Tiles = 314
2026-06-02 09:48:05 [self-0003-0-attack] Move #592: 150 -> 130 | Army: 3 | Target-Terrain: 1 | Target: 87 | Half: False
2026-06-02 09:48:05 [self-0003-0-attack] My general index: 83
2026-06-02 09:48:05 [self-0003-0-attack] Enemy general index: None
2026-06-02 09:48:05 [self-0003-0-attack] Visible enemy tiles: 22
2026-06-02 09:48:05 [self-0003-0-attack] Tiles: 57 / 90
2026-06-02 09:48:05 [self-0003-0-attack] Map: 20 x 21 Turn: 616
2026-06-02 09:48:05 [self-0003-0-attack] Route planned: Target = 87 Mode = defense city-free reachable tiles = 310 Fallback-Tiles = 314
2026-06-02 09:48:05 [self-0003-0-attack] Move #593: 129 -> 109 | Army: 3 | Target-Terrain: 1 | Target: 87 | Half: False
2026-06-02 09:48:06 [self-0003-0-attack] My general index: 83
2026-06-02 09:48:06 [self-0003-0-attack] Enemy general index: None
2026-06-02 09:48:06 [self-0003-0-attack] Visible enemy tiles: 21
2026-06-02 09:48:06 [self-0003-0-attack] Tiles: 58 / 89
2026-06-02 09:48:06 [self-0003-0-attack] Map: 20 x 21 Turn: 617
2026-06-02 09:48:06 [self-0003-0-attack] Route planned: Target = 87 Mode = defense city-free reachable tiles = 310 Fallback-Tiles = 314
2026-06-02 09:48:06 [self-0003-0-attack] Move #594: 151 -> 150 | Army: 2 | Target-Terrain: 0 | Target: 87 | Half: False
2026-06-02 09:48:06 [self-0003-0-attack] My general index: 83
2026-06-02 09:48:06 [self-0003-0-attack] Enemy general index: None
2026-06-02 09:48:06 [self-0003-0-attack] Visible enemy tiles: 21
2026-06-02 09:48:06 [self-0003-0-attack] Tiles: 58 / 89
2026-06-02 09:48:06 [self-0003-0-attack] Map: 20 x 21 Turn: 618
2026-06-02 09:48:06 [self-0003-0-attack] Route planned: Target = 87 Mode = defense city-free reachable tiles = 310 Fallback-Tiles = 314
2026-06-02 09:48:06 [self-0003-0-attack] Move #595: 131 -> 130 | Army: 2 | Target-Terrain: 0 | Target: 87 | Half: False
2026-06-02 09:48:07 [self-0003-0-attack] My general index: 83
2026-06-02 09:48:07 [self-0003-0-attack] Enemy general index: None
2026-06-02 09:48:07 [self-0003-0-attack] Visible enemy tiles: 21
2026-06-02 09:48:07 [self-0003-0-attack] Tiles: 58 / 89
2026-06-02 09:48:07 [self-0003-0-attack] Map: 20 x 21 Turn: 619
2026-06-02 09:48:07 [self-0003-0-attack] Route planned: Target = 87 Mode = defense city-free reachable tiles = 310 Fallback-Tiles = 314
2026-06-02 09:48:07 [self-0003-0-attack] Priority agent: flow +6000 base = 151792 final = 157792
2026-06-02 09:48:07 [self-0003-0-attack] Move #596: 130 -> 129 | Army: 2 | Target-Terrain: 0 | Target: 87 | Half: False
2026-06-02 09:48:07 [self-0003-0-attack] My general index: 83
2026-06-02 09:48:07 [self-0003-0-attack] Enemy general index: None
2026-06-02 09:48:07 [self-0003-0-attack] Visible enemy tiles: 21
2026-06-02 09:48:07 [self-0003-0-attack] Tiles: 58 / 89
2026-06-02 09:48:07 [self-0003-0-attack] Map: 20 x 21 Turn: 620
2026-06-02 09:48:07 [self-0003-0-attack] Route planned: Target = 87 Mode = defense city-free reachable tiles = 310 Fallback-Tiles = 314
2026-06-02 09:48:07 [self-0003-0-attack] Move #597: 206 -> 186 | Army: 2 | Target-Terrain: 0 | Target: 87 | Half: False
2026-06-02 09:48:08 [self-0003-0-attack] My general index: 83
2026-06-02 09:48:08 [self-0003-0-attack] Enemy general index: None
2026-06-02 09:48:08 [self-0003-0-attack] Visible enemy tiles: 21
2026-06-02 09:48:08 [self-0003-0-attack] Tiles: 58 / 89
2026-06-02 09:48:08 [self-0003-0-attack] Map: 20 x 21 Turn: 621
2026-06-02 09:48:08 [self-0003-0-attack] Route planned: Target = 87 Mode = defense city-free reachable tiles = 310 Fallback-Tiles = 314
2026-06-02 09:48:08 [self-0003-0-attack] Priority agent: flow +6000 base = 176603 final = 182603
2026-06-02 09:48:08 [self-0003-0-attack] Move #598: 186 -> 187 | Army: 3 | Target-Terrain: 1 | Target: 87 | Half: False
2026-06-02 09:48:08 [self-0003-0-attack] My general index: 83
2026-06-02 09:48:08 [self-0003-0-attack] Enemy general index: None
2026-06-02 09:48:08 [self-0003-0-attack] Visible enemy tiles: 21
2026-06-02 09:48:08 [self-0003-0-attack] Tiles: 59 / 88
2026-06-02 09:48:08 [self-0003-0-attack] Map: 20 x 21 Turn: 622
2026-06-02 09:48:08 [self-0003-0-attack] Route planned: Target = 87 Mode = defense city-free reachable tiles = 310 Fallback-Tiles = 314
2026-06-02 09:48:08 [self-0003-0-attack] Move #599: 246 -> 226 | Army: 3 | Target-Terrain: 0 | Target: 87 | Half: False
2026-06-02 09:48:09 [self-0003-0-attack] My general index: 83
2026-06-02 09:48:09 [self-0003-0-attack] Enemy general index: None
2026-06-02 09:48:09 [self-0003-0-attack] Visible enemy tiles: 21
2026-06-02 09:48:09 [self-0003-0-attack] Tiles: 59 / 88
2026-06-02 09:48:09 [self-0003-0-attack] Map: 20 x 21 Turn: 623
2026-06-02 09:48:09 [self-0003-0-attack] Route planned: Target = 87 Mode = defense city-free reachable tiles = 310 Fallback-Tiles = 314
2026-06-02 09:48:09 [self-0003-0-attack] Priority agent: flow +6000 base = 137476 final = 143476
2026-06-02 09:48:09 [self-0003-0-attack] Move #600: 226 -> 206 | Army: 6 | Target-Terrain: 0 | Target: 87 | Half: False
2026-06-02 09:48:09 [self-0003-0-attack] My general index: 83
2026-06-02 09:48:09 [self-0003-0-attack] Enemy general index: None
2026-06-02 09:48:09 [self-0003-0-attack] Visible enemy tiles: 21
2026-06-02 09:48:09 [self-0003-0-attack] Tiles: 59 / 88
2026-06-02 09:48:09 [self-0003-0-attack] Map: 20 x 21 Turn: 624
2026-06-02 09:48:09 [self-0003-0-attack] Route planned: Target = 87 Mode = defense city-free reachable tiles = 310 Fallback-Tiles = 314
2026-06-02 09:48:09 [self-0003-0-attack] Priority agent: edge reuse -9000, flow +6000 base = 143566 final = 140566
2026-06-02 09:48:09 [self-0003-0-attack] Move #601: 206 -> 186 | Army: 6 | Target-Terrain: 0 | Target: 87 | Half: False
2026-06-02 09:48:10 [self-0003-0-attack] My general index: 83
2026-06-02 09:48:10 [self-0003-0-attack] Enemy general index: None
2026-06-02 09:48:10 [self-0003-0-attack] Visible enemy tiles: 21
2026-06-02 09:48:10 [self-0003-0-attack] Tiles: 59 / 88
2026-06-02 09:48:10 [self-0003-0-attack] Map: 20 x 21 Turn: 625
2026-06-02 09:48:10 [self-0003-0-attack] Route planned: Target = 87 Mode = defense city-free reachable tiles = 310 Fallback-Tiles = 314
2026-06-02 09:48:10 [self-0003-0-attack] Priority agent: flow +6000 base = 139506 final = 145506
2026-06-02 09:48:10 [self-0003-0-attack] Move #602: 186 -> 166 | Army: 6 | Target-Terrain: 0 | Target: 87 | Half: False
2026-06-02 09:48:10 [self-0003-0-attack] My general index: 83
2026-06-02 09:48:10 [self-0003-0-attack] Enemy general index: None
2026-06-02 09:48:10 [self-0003-0-attack] Visible enemy tiles: 21
2026-06-02 09:48:10 [self-0003-0-attack] Tiles: 59 / 88
2026-06-02 09:48:10 [self-0003-0-attack] Map: 20 x 21 Turn: 626
2026-06-02 09:48:10 [self-0003-0-attack] Route planned: Target = 87 Mode = defense city-free reachable tiles = 310 Fallback-Tiles = 314
2026-06-02 09:48:10 [self-0003-0-attack] Priority agent: flow +6000 base = 171847 final = 177847
2026-06-02 09:48:10 [self-0003-0-attack] Move #603: 166 -> 167 | Army: 7 | Target-Terrain: 1 | Target: 87 | Half: False
2026-06-02 09:48:11 [self-0003-0-attack] My general index: 83
2026-06-02 09:48:11 [self-0003-0-attack] Enemy general index: None
2026-06-02 09:48:11 [self-0003-0-attack] Visible enemy tiles: 20
2026-06-02 09:48:11 [self-0003-0-attack] Tiles: 60 / 87
2026-06-02 09:48:11 [self-0003-0-attack] Map: 20 x 21 Turn: 627
2026-06-02 09:48:11 [self-0003-0-attack] Route planned: Target = 87 Mode = defense city-free reachable tiles = 310 Fallback-Tiles = 314
2026-06-02 09:48:11 [self-0003-0-attack] Priority agent: flow +6000 base = 173935 final = 179935
2026-06-02 09:48:11 [self-0003-0-attack] Move #604: 167 -> 147 | Army: 5 | Target-Terrain: 1 | Target: 87 | Half: False
2026-06-02 09:48:11 [self-0003-0-attack] My general index: 83
2026-06-02 09:48:11 [self-0003-0-attack] Enemy general index: None
2026-06-02 09:48:11 [self-0003-0-attack] Visible enemy tiles: 19
2026-06-02 09:48:11 [self-0003-0-attack] Tiles: 61 / 86
2026-06-02 09:48:11 [self-0003-0-attack] Map: 20 x 21 Turn: 628
2026-06-02 09:48:11 [self-0003-0-attack] Route planned: Target = 87 Mode = defense city-free reachable tiles = 310 Fallback-Tiles = 314
2026-06-02 09:48:11 [self-0003-0-attack] Priority agent: flow +6000 base = 176373 final = 182373
2026-06-02 09:48:11 [self-0003-0-attack] Move #605: 147 -> 127 | Army: 3 | Target-Terrain: 1 | Target: 87 | Half: False
2026-06-02 09:48:12 [self-0003-0-attack] My general index: 83
2026-06-02 09:48:12 [self-0003-0-attack] Enemy general index: None
2026-06-02 09:48:12 [self-0003-0-attack] Visible enemy tiles: 18
2026-06-02 09:48:12 [self-0003-0-attack] Tiles: 62 / 85
2026-06-02 09:48:12 [self-0003-0-attack] Map: 20 x 21 Turn: 629
2026-06-02 09:48:12 [self-0003-0-attack] Route planned: Target = 87 Mode = defense city-free reachable tiles = 310 Fallback-Tiles = 314
2026-06-02 09:48:12 [self-0003-0-attack] Move #606: 66 -> 67 | Army: 12 | Target-Terrain: 0 | Target: 87 | Half: False
2026-06-02 09:48:12 [self-0003-0-attack] My general index: 83
2026-06-02 09:48:12 [self-0003-0-attack] Enemy general index: None
2026-06-02 09:48:12 [self-0003-0-attack] Visible enemy tiles: 18
2026-06-02 09:48:12 [self-0003-0-attack] Tiles: 62 / 85
2026-06-02 09:48:12 [self-0003-0-attack] Map: 20 x 21 Turn: 630
2026-06-02 09:48:12 [self-0003-0-attack] Route planned: Target = 87 Mode = defense city-free reachable tiles = 310 Fallback-Tiles = 314
2026-06-02 09:48:12 [self-0003-0-attack] Priority agent: flow +6000 base = 247162 final = 253162
2026-06-02 09:48:12 [self-0003-0-attack] Move #607: 67 -> 87 | Army: 12 | Target-Terrain: 0 | Target: 87 | Half: False
2026-06-02 09:48:13 [self-0003-0-attack] My general index: 83
2026-06-02 09:48:13 [self-0003-0-attack] Enemy general index: None
2026-06-02 09:48:13 [self-0003-0-attack] Visible enemy tiles: 18
2026-06-02 09:48:13 [self-0003-0-attack] Tiles: 62 / 85
2026-06-02 09:48:13 [self-0003-0-attack] Map: 20 x 21 Turn: 631
2026-06-02 09:48:13 [self-0003-0-attack] Route planned: Target = 107 Mode = defense city-free reachable tiles = 310 Fallback-Tiles = 314
2026-06-02 09:48:13 [self-0003-0-attack] Priority agent: flow +6000 base = 248981 final = 254981
2026-06-02 09:48:13 [self-0003-0-attack] Move #608: 87 -> 107 | Army: 31 | Target-Terrain: 0 | Target: 107 | Half: False
2026-06-02 09:48:13 [self-0003-0-attack] My general index: 83
2026-06-02 09:48:13 [self-0003-0-attack] Enemy general index: None
2026-06-02 09:48:13 [self-0003-0-attack] Visible enemy tiles: 18
2026-06-02 09:48:13 [self-0003-0-attack] Tiles: 62 / 85
2026-06-02 09:48:13 [self-0003-0-attack] Map: 20 x 21 Turn: 632
2026-06-02 09:48:13 [self-0003-0-attack] Route planned: Target = 87 Mode = defense city-free reachable tiles = 310 Fallback-Tiles = 314
2026-06-02 09:48:13 [self-0003-0-attack] Priority agent: reverse -35000, edge reuse -9000 base = 227131 final = 183131
2026-06-02 09:48:13 [self-0003-0-attack] Move #609: 107 -> 87 | Army: 31 | Target-Terrain: 0 | Target: 87 | Half: False
2026-06-02 09:48:14 [self-0003-0-attack] My general index: 83
2026-06-02 09:48:14 [self-0003-0-attack] Enemy general index: None
2026-06-02 09:48:14 [self-0003-0-attack] Visible enemy tiles: 18
2026-06-02 09:48:14 [self-0003-0-attack] Tiles: 62 / 85
2026-06-02 09:48:14 [self-0003-0-attack] Map: 20 x 21 Turn: 633
2026-06-02 09:48:14 [self-0003-0-attack] Route planned: Target = 107 Mode = defense city-free reachable tiles = 310 Fallback-Tiles = 314
2026-06-02 09:48:14 [self-0003-0-attack] Priority agent: reverse -35000, edge reuse -18000, flow +3000 base = 213981 final = 163981
2026-06-02 09:48:14 [self-0003-0-attack] Move #610: 87 -> 107 | Army: 31 | Target-Terrain: 0 | Target: 107 | Half: False
2026-06-02 09:48:14 [self-0003-0-attack] My general index: 83
2026-06-02 09:48:14 [self-0003-0-attack] Enemy general index: None
2026-06-02 09:48:14 [self-0003-0-attack] Visible enemy tiles: 18
2026-06-02 09:48:14 [self-0003-0-attack] Tiles: 62 / 85
2026-06-02 09:48:14 [self-0003-0-attack] Map: 20 x 21 Turn: 634
2026-06-02 09:48:14 [self-0003-0-attack] Route planned: Target = 87 Mode = defense city-free reachable tiles = 310 Fallback-Tiles = 314
2026-06-02 09:48:14 [self-0003-0-attack] Move #611: 150 -> 130 | Army: 2 | Target-Terrain: 0 | Target: 87 | Half: False
2026-06-02 09:48:15 [self-0003-0-attack] My general index: 83
2026-06-02 09:48:15 [self-0003-0-attack] Enemy general index: None
2026-06-02 09:48:15 [self-0003-0-attack] Visible enemy tiles: 18
2026-06-02 09:48:15 [self-0003-0-attack] Tiles: 62 / 85
2026-06-02 09:48:15 [self-0003-0-attack] Map: 20 x 21 Turn: 635
2026-06-02 09:48:15 [self-0003-0-attack] Route planned: Target = 87 Mode = defense city-free reachable tiles = 310 Fallback-Tiles = 314
2026-06-02 09:48:15 [self-0003-0-attack] Priority agent: edge reuse -27000 base = 197031 final = 170031
2026-06-02 09:48:15 [self-0003-0-attack] Move #612: 107 -> 87 | Army: 31 | Target-Terrain: 0 | Target: 87 | Half: False
2026-06-02 09:48:15 [self-0003-0-attack] My general index: 83
2026-06-02 09:48:15 [self-0003-0-attack] Enemy general index: None
2026-06-02 09:48:15 [self-0003-0-attack] Visible enemy tiles: 18
2026-06-02 09:48:15 [self-0003-0-attack] Tiles: 61 / 86
2026-06-02 09:48:15 [self-0003-0-attack] Map: 20 x 21 Turn: 636
2026-06-02 09:48:15 [self-0003-0-attack] Route planned: Target = 107 Mode = defense city-free reachable tiles = 310 Fallback-Tiles = 313
2026-06-02 09:48:15 [self-0003-0-attack] Move #613: 130 -> 129 | Army: 2 | Target-Terrain: 0 | Target: 107 | Half: False
2026-06-02 09:48:16 [self-0003-0-attack] My general index: 83
2026-06-02 09:48:16 [self-0003-0-attack] Enemy general index: None
2026-06-02 09:48:16 [self-0003-0-attack] Visible enemy tiles: 18
2026-06-02 09:48:16 [self-0003-0-attack] Tiles: 61 / 86
2026-06-02 09:48:16 [self-0003-0-attack] Map: 20 x 21 Turn: 637
2026-06-02 09:48:16 [self-0003-0-attack] Route planned: Target = 107 Mode = defense city-free reachable tiles = 310 Fallback-Tiles = 313
2026-06-02 09:48:16 [self-0003-0-attack] Priority agent: edge reuse -36000 base = 197031 final = 161031
2026-06-02 09:48:16 [self-0003-0-attack] Move #614: 87 -> 107 | Army: 31 | Target-Terrain: 0 | Target: 107 | Half: False
2026-06-02 09:48:16 [self-0003-0-attack] My general index: 83
2026-06-02 09:48:16 [self-0003-0-attack] Enemy general index: None
2026-06-02 09:48:16 [self-0003-0-attack] Visible enemy tiles: 18
2026-06-02 09:48:16 [self-0003-0-attack] Tiles: 61 / 86
2026-06-02 09:48:16 [self-0003-0-attack] Map: 20 x 21 Turn: 638
2026-06-02 09:48:16 [self-0003-0-attack] Route planned: Target = 87 Mode = defense city-free reachable tiles = 310 Fallback-Tiles = 313
2026-06-02 09:48:16 [self-0003-0-attack] Move #615: 129 -> 109 | Army: 3 | Target-Terrain: 0 | Target: 87 | Half: False
2026-06-02 09:48:17 [self-0003-0-attack] My general index: 83
2026-06-02 09:48:17 [self-0003-0-attack] Enemy general index: None
2026-06-02 09:48:17 [self-0003-0-attack] Visible enemy tiles: 18
2026-06-02 09:48:17 [self-0003-0-attack] Tiles: 60 / 87
2026-06-02 09:48:17 [self-0003-0-attack] Map: 20 x 21 Turn: 639
2026-06-02 09:48:17 [self-0003-0-attack] Route planned: Target = 87 Mode = defense city-free reachable tiles = 310 Fallback-Tiles = 313
2026-06-02 09:48:17 [self-0003-0-attack] Priority agent: flow +6000 base = 170373 final = 176373
2026-06-02 09:48:17 [self-0003-0-attack] Move #616: 109 -> 108 | Army: 3 | Target-Terrain: 1 | Target: 87 | Half: False
2026-06-02 09:48:17 [self-0003-0-attack] My general index: 83
2026-06-02 09:48:17 [self-0003-0-attack] Enemy general index: None
2026-06-02 09:48:17 [self-0003-0-attack] Visible enemy tiles: 17
2026-06-02 09:48:17 [self-0003-0-attack] Tiles: 60 / 87
2026-06-02 09:48:17 [self-0003-0-attack] Map: 20 x 21 Turn: 640
2026-06-02 09:48:17 [self-0003-0-attack] Route planned: Target = 87 Mode = defense city-free reachable tiles = 310 Fallback-Tiles = 313
2026-06-02 09:48:17 [self-0003-0-attack] Priority agent: edge reuse -45000 base = 198881 final = 153881
2026-06-02 09:48:17 [self-0003-0-attack] Move #617: 107 -> 87 | Army: 31 | Target-Terrain: 0 | Target: 87 | Half: False
2026-06-02 09:48:18 [self-0003-0-attack] My general index: 83
2026-06-02 09:48:18 [self-0003-0-attack] Enemy general index: None
2026-06-02 09:48:18 [self-0003-0-attack] Visible enemy tiles: 18
2026-06-02 09:48:18 [self-0003-0-attack] Tiles: 59 / 88
2026-06-02 09:48:18 [self-0003-0-attack] Map: 20 x 21 Turn: 641
2026-06-02 09:48:18 [self-0003-0-attack] Route planned: Target = 107 Mode = defense city-free reachable tiles = 310 Fallback-Tiles = 313
2026-06-02 09:48:18 [self-0003-0-attack] Move #618: 89 -> 109 | Army: 3 | Target-Terrain: 0 | Target: 107 | Half: False
2026-06-02 09:48:18 [self-0003-0-attack] My general index: 83
2026-06-02 09:48:18 [self-0003-0-attack] Enemy general index: None
2026-06-02 09:48:18 [self-0003-0-attack] Visible enemy tiles: 18
2026-06-02 09:48:18 [self-0003-0-attack] Tiles: 59 / 88
2026-06-02 09:48:18 [self-0003-0-attack] Map: 20 x 21 Turn: 642
2026-06-02 09:48:18 [self-0003-0-attack] Route planned: Target = 107 Mode = defense city-free reachable tiles = 310 Fallback-Tiles = 313
2026-06-02 09:48:18 [self-0003-0-attack] Priority agent: edge reuse -54000 base = 197031 final = 143031
2026-06-02 09:48:18 [self-0003-0-attack] Move #619: 87 -> 107 | Army: 31 | Target-Terrain: 0 | Target: 107 | Half: False
2026-06-02 09:48:19 [self-0003-0-attack] My general index: 83
2026-06-02 09:48:19 [self-0003-0-attack] Enemy general index: None
2026-06-02 09:48:19 [self-0003-0-attack] Visible enemy tiles: 18
2026-06-02 09:48:19 [self-0003-0-attack] Tiles: 59 / 88
2026-06-02 09:48:19 [self-0003-0-attack] Map: 20 x 21 Turn: 643
2026-06-02 09:48:19 [self-0003-0-attack] Route planned: Target = 87 Mode = defense city-free reachable tiles = 310 Fallback-Tiles = 313
2026-06-02 09:48:19 [self-0003-0-attack] Move #620: 68 -> 67 | Army: 7 | Target-Terrain: 0 | Target: 87 | Half: False
2026-06-02 09:48:19 [self-0003-0-attack] My general index: 83
2026-06-02 09:48:19 [self-0003-0-attack] Enemy general index: None
2026-06-02 09:48:19 [self-0003-0-attack] Visible enemy tiles: 18
2026-06-02 09:48:19 [self-0003-0-attack] Tiles: 59 / 88
2026-06-02 09:48:19 [self-0003-0-attack] Map: 20 x 21 Turn: 644
2026-06-02 09:48:19 [self-0003-0-attack] Route planned: Target = 87 Mode = defense city-free reachable tiles = 310 Fallback-Tiles = 313
2026-06-02 09:48:19 [self-0003-0-attack] Priority agent: edge reuse -9000, flow +6000 base = 233307 final = 230307
2026-06-02 09:48:19 [self-0003-0-attack] Move #621: 67 -> 87 | Army: 7 | Target-Terrain: 0 | Target: 87 | Half: False
2026-06-02 09:48:20 [self-0003-0-attack] My general index: 83
2026-06-02 09:48:20 [self-0003-0-attack] Enemy general index: None
2026-06-02 09:48:20 [self-0003-0-attack] Visible enemy tiles: 18
2026-06-02 09:48:20 [self-0003-0-attack] Tiles: 59 / 88
2026-06-02 09:48:20 [self-0003-0-attack] Map: 20 x 21 Turn: 645
2026-06-02 09:48:20 [self-0003-0-attack] Route planned: Target = 87 Mode = defense city-free reachable tiles = 310 Fallback-Tiles = 313
2026-06-02 09:48:20 [self-0003-0-attack] Move #622: 192 -> 172 | Army: 2 | Target-Terrain: 0 | Target: 87 | Half: False
2026-06-02 09:48:20 [self-0003-0-attack] My general index: 83
2026-06-02 09:48:20 [self-0003-0-attack] Enemy general index: None
2026-06-02 09:48:20 [self-0003-0-attack] Visible enemy tiles: 18
2026-06-02 09:48:20 [self-0003-0-attack] Tiles: 59 / 88
2026-06-02 09:48:20 [self-0003-0-attack] Map: 20 x 21 Turn: 646
2026-06-02 09:48:20 [self-0003-0-attack] Route planned: Target = 87 Mode = defense city-free reachable tiles = 310 Fallback-Tiles = 313
2026-06-02 09:48:20 [self-0003-0-attack] Priority agent: flow +6000 base = 168933 final = 174933
2026-06-02 09:48:20 [self-0003-0-attack] Move #623: 172 -> 171 | Army: 3 | Target-Terrain: 1 | Target: 87 | Half: False
2026-06-02 09:48:21 [self-0003-0-attack] Coach: stabilize tiles 60/87 army 449/749 cities 0/1 enemy_city_suspect True bias {'expansion_bias': 0.2, 'city_bias': 0.1, 'attack_bias': 0.4, 'defense_bias': 1.2, 'route_bias': 0.6}
2026-06-02 09:48:21 [self-0003-0-attack] My general index: 83
2026-06-02 09:48:21 [self-0003-0-attack] Enemy general index: None
2026-06-02 09:48:21 [self-0003-0-attack] Visible enemy tiles: 19
2026-06-02 09:48:21 [self-0003-0-attack] Tiles: 60 / 87
2026-06-02 09:48:21 [self-0003-0-attack] Map: 20 x 21 Turn: 647
2026-06-02 09:48:21 [self-0003-0-attack] Route planned: Target = 87 Mode = defense city-free reachable tiles = 310 Fallback-Tiles = 313
2026-06-02 09:48:21 [self-0003-0-attack] Priority agent: edge reuse -45000 base = 198881 final = 153881
2026-06-02 09:48:21 [self-0003-0-attack] Move #624: 107 -> 87 | Army: 31 | Target-Terrain: 0 | Target: 87 | Half: False
2026-06-02 09:48:21 [self-0003-0-attack] My general index: 83
2026-06-02 09:48:21 [self-0003-0-attack] Enemy general index: None
2026-06-02 09:48:21 [self-0003-0-attack] Visible enemy tiles: 19
2026-06-02 09:48:21 [self-0003-0-attack] Tiles: 60 / 87
2026-06-02 09:48:21 [self-0003-0-attack] Map: 20 x 21 Turn: 648
2026-06-02 09:48:21 [self-0003-0-attack] Route planned: Target = 107 Mode = defense city-free reachable tiles = 310 Fallback-Tiles = 313
2026-06-02 09:48:21 [self-0003-0-attack] Move #625: 70 -> 69 | Army: 3 | Target-Terrain: 0 | Target: 107 | Half: False
2026-06-02 09:48:22 [self-0003-0-attack] My general index: 83
2026-06-02 09:48:22 [self-0003-0-attack] Enemy general index: None
2026-06-02 09:48:22 [self-0003-0-attack] Visible enemy tiles: 20
2026-06-02 09:48:22 [self-0003-0-attack] Tiles: 59 / 88
2026-06-02 09:48:22 [self-0003-0-attack] Map: 20 x 21 Turn: 649
2026-06-02 09:48:22 [self-0003-0-attack] Route planned: Target = 107 Mode = defense city-free reachable tiles = 310 Fallback-Tiles = 313
2026-06-02 09:48:22 [self-0003-0-attack] Priority agent: edge reuse -45000 base = 197037 final = 152037
2026-06-02 09:48:22 [self-0003-0-attack] Move #626: 87 -> 107 | Army: 37 | Target-Terrain: 0 | Target: 107 | Half: False
2026-06-02 09:48:22 [self-0003-0-attack] My general index: 83
2026-06-02 09:48:22 [self-0003-0-attack] Enemy general index: None
2026-06-02 09:48:22 [self-0003-0-attack] Visible enemy tiles: 21
2026-06-02 09:48:22 [self-0003-0-attack] Tiles: 58 / 89
2026-06-02 09:48:22 [self-0003-0-attack] Map: 20 x 21 Turn: 650
2026-06-02 09:48:22 [self-0003-0-attack] Route planned: Target = 87 Mode = defense city-free reachable tiles = 310 Fallback-Tiles = 313
2026-06-02 09:48:22 [self-0003-0-attack] Move #627: 88 -> 87 | Army: 2 | Target-Terrain: 0 | Target: 87 | Half: False
2026-06-02 09:48:23 [self-0003-0-attack] My general index: 83
2026-06-02 09:48:23 [self-0003-0-attack] Enemy general index: None
2026-06-02 09:48:23 [self-0003-0-attack] Visible enemy tiles: 22
2026-06-02 09:48:23 [self-0003-0-attack] Tiles: 57 / 90
2026-06-02 09:48:23 [self-0003-0-attack] Map: 20 x 21 Turn: 651
2026-06-02 09:48:23 [self-0003-0-attack] Route planned: Target = 87 Mode = defense city-free reachable tiles = 310 Fallback-Tiles = 313
2026-06-02 09:48:23 [self-0003-0-attack] Move #628: 86 -> 87 | Army: 2 | Target-Terrain: 0 | Target: 87 | Half: False
2026-06-02 09:48:23 [self-0003-0-attack] My general index: 83
2026-06-02 09:48:23 [self-0003-0-attack] Enemy general index: None
2026-06-02 09:48:23 [self-0003-0-attack] Visible enemy tiles: 23
2026-06-02 09:48:23 [self-0003-0-attack] Tiles: 56 / 91
2026-06-02 09:48:23 [self-0003-0-attack] Map: 20 x 21 Turn: 652
2026-06-02 09:48:23 [self-0003-0-attack] Route planned: Target = 87 Mode = defense city-free reachable tiles = 310 Fallback-Tiles = 313
2026-06-02 09:48:23 [self-0003-0-attack] Priority agent: edge reuse -9000 base = 233502 final = 224502
2026-06-02 09:48:23 [self-0003-0-attack] Move #629: 67 -> 87 | Army: 2 | Target-Terrain: 0 | Target: 87 | Half: False
2026-06-02 09:48:24 [self-0003-0-attack] My general index: 83
2026-06-02 09:48:24 [self-0003-0-attack] Enemy general index: None
2026-06-02 09:48:24 [self-0003-0-attack] Visible enemy tiles: 23
2026-06-02 09:48:24 [self-0003-0-attack] Tiles: 56 / 91
2026-06-02 09:48:24 [self-0003-0-attack] Map: 20 x 21 Turn: 653
2026-06-02 09:48:24 [self-0003-0-attack] Route planned: Target = 87 Mode = defense city-free reachable tiles = 310 Fallback-Tiles = 313
2026-06-02 09:48:24 [self-0003-0-attack] Move #630: 69 -> 89 | Army: 3 | Target-Terrain: 1 | Target: 87 | Half: False
2026-06-02 09:48:24 [self-0003-0-attack] My general index: 83
2026-06-02 09:48:24 [self-0003-0-attack] Enemy general index: None
2026-06-02 09:48:24 [self-0003-0-attack] Visible enemy tiles: 22
2026-06-02 09:48:24 [self-0003-0-attack] Tiles: 57 / 90
2026-06-02 09:48:24 [self-0003-0-attack] Map: 20 x 21 Turn: 654
2026-06-02 09:48:24 [self-0003-0-attack] Route planned: Target = 87 Mode = defense city-free reachable tiles = 310 Fallback-Tiles = 313
2026-06-02 09:48:24 [self-0003-0-attack] Move #631: 91 -> 90 | Army: 4 | Target-Terrain: 1 | Target: 87 | Half: False
2026-06-02 09:48:25 [self-0003-0-attack] My general index: 83
2026-06-02 09:48:25 [self-0003-0-attack] Enemy general index: None
2026-06-02 09:48:25 [self-0003-0-attack] Visible enemy tiles: 21
2026-06-02 09:48:25 [self-0003-0-attack] Tiles: 58 / 89
2026-06-02 09:48:25 [self-0003-0-attack] Map: 20 x 21 Turn: 655
2026-06-02 09:48:25 [self-0003-0-attack] Route planned: Target = 87 Mode = defense city-free reachable tiles = 310 Fallback-Tiles = 313
2026-06-02 09:48:25 [self-0003-0-attack] Priority agent: edge reuse -27000 base = 201288 final = 174288
2026-06-02 09:48:25 [self-0003-0-attack] Move #632: 107 -> 87 | Army: 38 | Target-Terrain: 0 | Target: 87 | Half: False
2026-06-02 09:48:25 [self-0003-0-attack] My general index: 83
2026-06-02 09:48:25 [self-0003-0-attack] Enemy general index: None
2026-06-02 09:48:25 [self-0003-0-attack] Visible enemy tiles: 21
2026-06-02 09:48:25 [self-0003-0-attack] Tiles: 58 / 89
2026-06-02 09:48:25 [self-0003-0-attack] Map: 20 x 21 Turn: 656
2026-06-02 09:48:25 [self-0003-0-attack] Route planned: Target = 107 Mode = defense city-free reachable tiles = 310 Fallback-Tiles = 313
2026-06-02 09:48:25 [self-0003-0-attack] Move #633: 108 -> 107 | Army: 2 | Target-Terrain: 0 | Target: 107 | Half: False
2026-06-02 09:48:26 [self-0003-0-attack] My general index: 83
2026-06-02 09:48:26 [self-0003-0-attack] Enemy general index: None
2026-06-02 09:48:26 [self-0003-0-attack] Visible enemy tiles: 21
2026-06-02 09:48:26 [self-0003-0-attack] Tiles: 58 / 89
2026-06-02 09:48:26 [self-0003-0-attack] Map: 20 x 21 Turn: 657
2026-06-02 09:48:26 [self-0003-0-attack] Route planned: Target = 107 Mode = defense city-free reachable tiles = 310 Fallback-Tiles = 313
2026-06-02 09:48:26 [self-0003-0-attack] Move #634: 106 -> 107 | Army: 2 | Target-Terrain: 0 | Target: 107 | Half: False
2026-06-02 09:48:26 [self-0003-0-attack] My general index: 83
2026-06-02 09:48:26 [self-0003-0-attack] Enemy general index: None
2026-06-02 09:48:26 [self-0003-0-attack] Visible enemy tiles: 21
2026-06-02 09:48:26 [self-0003-0-attack] Tiles: 58 / 89
2026-06-02 09:48:26 [self-0003-0-attack] Map: 20 x 21 Turn: 658
2026-06-02 09:48:26 [self-0003-0-attack] Route planned: Target = 107 Mode = defense city-free reachable tiles = 310 Fallback-Tiles = 313
2026-06-02 09:48:26 [self-0003-0-attack] Move #635: 127 -> 107 | Army: 2 | Target-Terrain: 0 | Target: 107 | Half: False
2026-06-02 09:48:27 [self-0003-0-attack] My general index: 83
2026-06-02 09:48:27 [self-0003-0-attack] Enemy general index: None
2026-06-02 09:48:27 [self-0003-0-attack] Visible enemy tiles: 21
2026-06-02 09:48:27 [self-0003-0-attack] Tiles: 58 / 89
2026-06-02 09:48:27 [self-0003-0-attack] Map: 20 x 21 Turn: 659
2026-06-02 09:48:27 [self-0003-0-attack] Route planned: Target = 107 Mode = defense city-free reachable tiles = 310 Fallback-Tiles = 313
2026-06-02 09:48:27 [self-0003-0-attack] Priority agent: edge reuse -27000 base = 197042 final = 170042
2026-06-02 09:48:27 [self-0003-0-attack] Move #636: 87 -> 107 | Army: 42 | Target-Terrain: 0 | Target: 107 | Half: False
2026-06-02 09:48:27 [self-0003-0-attack] My general index: 83
2026-06-02 09:48:27 [self-0003-0-attack] Enemy general index: None
2026-06-02 09:48:27 [self-0003-0-attack] Visible enemy tiles: 20
2026-06-02 09:48:27 [self-0003-0-attack] Tiles: 57 / 90
2026-06-02 09:48:27 [self-0003-0-attack] Map: 20 x 21 Turn: 660
2026-06-02 09:48:27 [self-0003-0-attack] Route planned: Target = 87 Mode = defense city-free reachable tiles = 310 Fallback-Tiles = 313
2026-06-02 09:48:27 [self-0003-0-attack] Move #637: 131 -> 130 | Army: 2 | Target-Terrain: 0 | Target: 87 | Half: False
2026-06-02 09:48:28 [self-0003-0-attack] My general index: 83
2026-06-02 09:48:28 [self-0003-0-attack] Enemy general index: None
2026-06-02 09:48:28 [self-0003-0-attack] Visible enemy tiles: 20
2026-06-02 09:48:28 [self-0003-0-attack] Tiles: 57 / 90
2026-06-02 09:48:28 [self-0003-0-attack] Map: 20 x 21 Turn: 661
2026-06-02 09:48:28 [self-0003-0-attack] Route planned: Target = 87 Mode = defense city-free reachable tiles = 310 Fallback-Tiles = 313
2026-06-02 09:48:28 [self-0003-0-attack] Priority agent: edge reuse -36000 base = 201295 final = 165295
2026-06-02 09:48:28 [self-0003-0-attack] Move #638: 107 -> 87 | Army: 45 | Target-Terrain: 0 | Target: 87 | Half: False
2026-06-02 09:48:28 [self-0003-0-attack] My general index: 83
2026-06-02 09:48:28 [self-0003-0-attack] Enemy general index: None
2026-06-02 09:48:28 [self-0003-0-attack] Visible enemy tiles: 20
2026-06-02 09:48:28 [self-0003-0-attack] Tiles: 57 / 90
2026-06-02 09:48:28 [self-0003-0-attack] Map: 20 x 21 Turn: 662
2026-06-02 09:48:28 [self-0003-0-attack] Route planned: Target = 107 Mode = defense city-free reachable tiles = 310 Fallback-Tiles = 313
2026-06-02 09:48:28 [self-0003-0-attack] Move #639: 68 -> 67 | Army: 2 | Target-Terrain: 0 | Target: 107 | Half: False
2026-06-02 09:48:29 [self-0003-0-attack] My general index: 83
2026-06-02 09:48:29 [self-0003-0-attack] Enemy general index: None
2026-06-02 09:48:29 [self-0003-0-attack] Visible enemy tiles: 21
2026-06-02 09:48:29 [self-0003-0-attack] Tiles: 56 / 91
2026-06-02 09:48:29 [self-0003-0-attack] Map: 20 x 21 Turn: 663
2026-06-02 09:48:29 [self-0003-0-attack] Route planned: Target = 107 Mode = defense city-free reachable tiles = 310 Fallback-Tiles = 313
2026-06-02 09:48:29 [self-0003-0-attack] Priority agent: edge reuse -36000 base = 197045 final = 161045
2026-06-02 09:48:29 [self-0003-0-attack] Move #640: 87 -> 107 | Army: 45 | Target-Terrain: 0 | Target: 107 | Half: False
2026-06-02 09:48:29 [self-0003-0-attack] My general index: 83
2026-06-02 09:48:29 [self-0003-0-attack] Enemy general index: None
2026-06-02 09:48:29 [self-0003-0-attack] Visible enemy tiles: 21
2026-06-02 09:48:29 [self-0003-0-attack] Tiles: 56 / 91
2026-06-02 09:48:29 [self-0003-0-attack] Map: 20 x 21 Turn: 664
2026-06-02 09:48:29 [self-0003-0-attack] Route planned: Target = 87 Mode = defense city-free reachable tiles = 310 Fallback-Tiles = 313
2026-06-02 09:48:29 [self-0003-0-attack] Priority agent: edge reuse -9000 base = 233502 final = 224502
2026-06-02 09:48:29 [self-0003-0-attack] Move #641: 67 -> 87 | Army: 2 | Target-Terrain: 0 | Target: 87 | Half: False
2026-06-02 09:48:30 [self-0003-0-attack] My general index: 83
2026-06-02 09:48:30 [self-0003-0-attack] Enemy general index: None
2026-06-02 09:48:30 [self-0003-0-attack] Visible enemy tiles: 21
2026-06-02 09:48:30 [self-0003-0-attack] Tiles: 56 / 91
2026-06-02 09:48:30 [self-0003-0-attack] Map: 20 x 21 Turn: 665
2026-06-02 09:48:30 [self-0003-0-attack] Route planned: Target = 87 Mode = defense city-free reachable tiles = 310 Fallback-Tiles = 313
2026-06-02 09:48:30 [self-0003-0-attack] Priority agent: edge reuse -36000 base = 201295 final = 165295
2026-06-02 09:48:30 [self-0003-0-attack] Move #642: 107 -> 87 | Army: 45 | Target-Terrain: 0 | Target: 87 | Half: False
2026-06-02 09:48:30 [self-0003-0-attack] My general index: 83
2026-06-02 09:48:30 [self-0003-0-attack] Enemy general index: None
2026-06-02 09:48:30 [self-0003-0-attack] Visible enemy tiles: 19
2026-06-02 09:48:30 [self-0003-0-attack] Tiles: 55 / 92
2026-06-02 09:48:30 [self-0003-0-attack] Map: 20 x 21 Turn: 666
2026-06-02 09:48:30 [self-0003-0-attack] Route planned: Target = 107 Mode = defense city-free reachable tiles = 310 Fallback-Tiles = 312
2026-06-02 09:48:30 [self-0003-0-attack] Move #643: 126 -> 127 | Army: 2 | Target-Terrain: 0 | Target: 107 | Half: False
2026-06-02 09:48:31 [self-0003-0-attack] My general index: 83
2026-06-02 09:48:31 [self-0003-0-attack] Enemy general index: None
2026-06-02 09:48:31 [self-0003-0-attack] Visible enemy tiles: 19
2026-06-02 09:48:31 [self-0003-0-attack] Tiles: 55 / 92
2026-06-02 09:48:31 [self-0003-0-attack] Map: 20 x 21 Turn: 667
2026-06-02 09:48:31 [self-0003-0-attack] Route planned: Target = 107 Mode = defense city-free reachable tiles = 310 Fallback-Tiles = 312
2026-06-02 09:48:31 [self-0003-0-attack] Priority agent: edge reuse -9000, flow +6000 base = 231102 final = 228102
2026-06-02 09:48:31 [self-0003-0-attack] Move #644: 127 -> 107 | Army: 2 | Target-Terrain: 0 | Target: 107 | Half: False
2026-06-02 09:48:31 [self-0003-0-attack] My general index: 83
2026-06-02 09:48:31 [self-0003-0-attack] Enemy general index: None
2026-06-02 09:48:31 [self-0003-0-attack] Visible enemy tiles: 19
2026-06-02 09:48:31 [self-0003-0-attack] Tiles: 55 / 92
2026-06-02 09:48:31 [self-0003-0-attack] Map: 20 x 21 Turn: 668
2026-06-02 09:48:31 [self-0003-0-attack] Route planned: Target = 107 Mode = defense city-free reachable tiles = 310 Fallback-Tiles = 312
2026-06-02 09:48:31 [self-0003-0-attack] Priority agent: edge reuse -45000 base = 197046 final = 152046
2026-06-02 09:48:31 [self-0003-0-attack] Move #645: 87 -> 107 | Army: 46 | Target-Terrain: 0 | Target: 107 | Half: False
2026-06-02 09:48:32 [self-0003-0-attack] My general index: 83
2026-06-02 09:48:32 [self-0003-0-attack] Enemy general index: None
2026-06-02 09:48:32 [self-0003-0-attack] Visible enemy tiles: 18
2026-06-02 09:48:32 [self-0003-0-attack] Tiles: 54 / 93
2026-06-02 09:48:32 [self-0003-0-attack] Map: 20 x 21 Turn: 669
2026-06-02 09:48:32 [self-0003-0-attack] Route planned: Target = 87 Mode = defense city-free reachable tiles = 310 Fallback-Tiles = 312
2026-06-02 09:48:32 [self-0003-0-attack] Move #646: 66 -> 67 | Army: 2 | Target-Terrain: 0 | Target: 87 | Half: False
2026-06-02 09:48:32 [self-0003-0-attack] My general index: 83
2026-06-02 09:48:32 [self-0003-0-attack] Enemy general index: None
2026-06-02 09:48:32 [self-0003-0-attack] Visible enemy tiles: 18
2026-06-02 09:48:32 [self-0003-0-attack] Tiles: 54 / 93
2026-06-02 09:48:32 [self-0003-0-attack] Map: 20 x 21 Turn: 670
2026-06-02 09:48:32 [self-0003-0-attack] Route planned: Target = 87 Mode = defense city-free reachable tiles = 310 Fallback-Tiles = 312
2026-06-02 09:48:32 [self-0003-0-attack] Priority agent: edge reuse -9000, flow +6000 base = 233502 final = 230502
2026-06-02 09:48:32 [self-0003-0-attack] Move #647: 67 -> 87 | Army: 2 | Target-Terrain: 0 | Target: 87 | Half: False
2026-06-02 09:48:33 [self-0003-0-attack] My general index: 83
2026-06-02 09:48:33 [self-0003-0-attack] Enemy general index: None
2026-06-02 09:48:33 [self-0003-0-attack] Visible enemy tiles: 18
2026-06-02 09:48:33 [self-0003-0-attack] Tiles: 54 / 93
2026-06-02 09:48:33 [self-0003-0-attack] Map: 20 x 21 Turn: 671
2026-06-02 09:48:33 [self-0003-0-attack] Route planned: Target = 87 Mode = defense city-free reachable tiles = 310 Fallback-Tiles = 312
2026-06-02 09:48:33 [self-0003-0-attack] Priority agent: edge reuse -45000 base = 201297 final = 156297
2026-06-02 09:48:33 [self-0003-0-attack] Move #648: 107 -> 87 | Army: 47 | Target-Terrain: 0 | Target: 87 | Half: False
2026-06-02 09:48:33 [self-0003-0-attack] My general index: 83
2026-06-02 09:48:33 [self-0003-0-attack] Enemy general index: None
2026-06-02 09:48:33 [self-0003-0-attack] Visible enemy tiles: 18
2026-06-02 09:48:33 [self-0003-0-attack] Tiles: 54 / 93
2026-06-02 09:48:33 [self-0003-0-attack] Map: 20 x 21 Turn: 672
2026-06-02 09:48:33 [self-0003-0-attack] Route planned: Target = 67 Mode = defense city-free reachable tiles = 310 Fallback-Tiles = 312
2026-06-02 09:48:33 [self-0003-0-attack] Priority agent: edge reuse -18000, flow +6000 base = 199598 final = 187598
2026-06-02 09:48:33 [self-0003-0-attack] Move #649: 87 -> 67 | Army: 48 | Target-Terrain: 0 | Target: 67 | Half: False
2026-06-02 09:48:34 [self-0003-0-attack] My general index: 83
2026-06-02 09:48:34 [self-0003-0-attack] Enemy general index: None
2026-06-02 09:48:34 [self-0003-0-attack] Visible enemy tiles: 18
2026-06-02 09:48:34 [self-0003-0-attack] Tiles: 54 / 93
2026-06-02 09:48:34 [self-0003-0-attack] Map: 20 x 21 Turn: 673
2026-06-02 09:48:34 [self-0003-0-attack] Route planned: Target = 87 Mode = defense city-free reachable tiles = 310 Fallback-Tiles = 312
2026-06-02 09:48:34 [self-0003-0-attack] Priority agent: reverse -35000, edge reuse -27000 base = 202548 final = 140548
2026-06-02 09:48:34 [self-0003-0-attack] Move #650: 67 -> 87 | Army: 48 | Target-Terrain: 0 | Target: 87 | Half: False
2026-06-02 09:48:34 [self-0003-0-attack] My general index: 83
2026-06-02 09:48:34 [self-0003-0-attack] Enemy general index: None
2026-06-02 09:48:34 [self-0003-0-attack] Visible enemy tiles: 18
2026-06-02 09:48:34 [self-0003-0-attack] Tiles: 54 / 93
2026-06-02 09:48:34 [self-0003-0-attack] Map: 20 x 21 Turn: 674
2026-06-02 09:48:34 [self-0003-0-attack] Route planned: Target = 67 Mode = defense city-free reachable tiles = 310 Fallback-Tiles = 312
2026-06-02 09:48:34 [self-0003-0-attack] Move #651: 84 -> 64 | Army: 14 | Target-Terrain: 0 | Target: 67 | Half: False
2026-06-02 09:48:35 [self-0003-0-attack] My general index: 83
2026-06-02 09:48:35 [self-0003-0-attack] Enemy general index: None
2026-06-02 09:48:35 [self-0003-0-attack] Visible enemy tiles: 18
2026-06-02 09:48:35 [self-0003-0-attack] Tiles: 54 / 93
2026-06-02 09:48:35 [self-0003-0-attack] Map: 20 x 21 Turn: 675
2026-06-02 09:48:35 [self-0003-0-attack] Route planned: Target = 67 Mode = defense city-free reachable tiles = 310 Fallback-Tiles = 312
2026-06-02 09:48:35 [self-0003-0-attack] Priority agent: edge reuse -36000 base = 196498 final = 160498
2026-06-02 09:48:35 [self-0003-0-attack] Move #652: 87 -> 67 | Army: 48 | Target-Terrain: 0 | Target: 67 | Half: False
2026-06-02 09:48:35 [self-0003-0-attack] My general index: 83
2026-06-02 09:48:35 [self-0003-0-attack] Enemy general index: None
2026-06-02 09:48:35 [self-0003-0-attack] Visible enemy tiles: 18
2026-06-02 09:48:35 [self-0003-0-attack] Tiles: 54 / 93
2026-06-02 09:48:35 [self-0003-0-attack] Map: 20 x 21 Turn: 676
2026-06-02 09:48:35 [self-0003-0-attack] Route planned: Target = 87 Mode = defense city-free reachable tiles = 310 Fallback-Tiles = 312
2026-06-02 09:48:35 [self-0003-0-attack] Move #653: 104 -> 84 | Army: 7 | Target-Terrain: 0 | Target: 87 | Half: False
2026-06-02 09:48:36 [self-0003-0-attack] My general index: 83
2026-06-02 09:48:36 [self-0003-0-attack] Enemy general index: None
2026-06-02 09:48:36 [self-0003-0-attack] Visible enemy tiles: 18
2026-06-02 09:48:36 [self-0003-0-attack] Tiles: 54 / 93
2026-06-02 09:48:36 [self-0003-0-attack] Map: 20 x 21 Turn: 677
2026-06-02 09:48:36 [self-0003-0-attack] Route planned: Target = 87 Mode = defense city-free reachable tiles = 310 Fallback-Tiles = 312
2026-06-02 09:48:36 [self-0003-0-attack] Priority agent: edge reuse -45000 base = 199448 final = 154448
2026-06-02 09:48:36 [self-0003-0-attack] Move #654: 67 -> 87 | Army: 48 | Target-Terrain: 0 | Target: 87 | Half: False
2026-06-02 09:48:36 [self-0003-0-attack] My general index: 83
2026-06-02 09:48:36 [self-0003-0-attack] Enemy general index: None
2026-06-02 09:48:36 [self-0003-0-attack] Visible enemy tiles: 18
2026-06-02 09:48:36 [self-0003-0-attack] Tiles: 54 / 93
2026-06-02 09:48:36 [self-0003-0-attack] Map: 20 x 21 Turn: 678
2026-06-02 09:48:36 [self-0003-0-attack] Route planned: Target = 67 Mode = defense city-free reachable tiles = 310 Fallback-Tiles = 312
2026-06-02 09:48:36 [self-0003-0-attack] Move #655: 206 -> 186 | Army: 2 | Target-Terrain: 0 | Target: 67 | Half: False
2026-06-02 09:48:37 [self-0003-0-attack] My general index: 83
2026-06-02 09:48:37 [self-0003-0-attack] Enemy general index: None
2026-06-02 09:48:37 [self-0003-0-attack] Visible enemy tiles: 18
2026-06-02 09:48:37 [self-0003-0-attack] Tiles: 54 / 93
2026-06-02 09:48:37 [self-0003-0-attack] Map: 20 x 21 Turn: 679
2026-06-02 09:48:37 [self-0003-0-attack] Route planned: Target = 67 Mode = defense city-free reachable tiles = 310 Fallback-Tiles = 312
2026-06-02 09:48:37 [self-0003-0-attack] Priority agent: edge reuse -45000 base = 196498 final = 151498
2026-06-02 09:48:37 [self-0003-0-attack] Move #656: 87 -> 67 | Army: 48 | Target-Terrain: 0 | Target: 67 | Half: False
2026-06-02 09:48:37 [self-0003-0-attack] My general index: 83
2026-06-02 09:48:37 [self-0003-0-attack] Enemy general index: None
2026-06-02 09:48:37 [self-0003-0-attack] Visible enemy tiles: 18
2026-06-02 09:48:37 [self-0003-0-attack] Tiles: 54 / 93
2026-06-02 09:48:37 [self-0003-0-attack] Map: 20 x 21 Turn: 680
2026-06-02 09:48:37 [self-0003-0-attack] Route planned: Target = 87 Mode = defense city-free reachable tiles = 310 Fallback-Tiles = 312
2026-06-02 09:48:37 [self-0003-0-attack] Move #657: 266 -> 246 | Army: 4 | Target-Terrain: 0 | Target: 87 | Half: False
2026-06-02 09:48:38 [self-0003-0-attack] My general index: 83
2026-06-02 09:48:38 [self-0003-0-attack] Enemy general index: None
2026-06-02 09:48:38 [self-0003-0-attack] Visible enemy tiles: 18
2026-06-02 09:48:38 [self-0003-0-attack] Tiles: 54 / 93
2026-06-02 09:48:38 [self-0003-0-attack] Map: 20 x 21 Turn: 681
2026-06-02 09:48:38 [self-0003-0-attack] Route planned: Target = 87 Mode = defense city-free reachable tiles = 310 Fallback-Tiles = 312
2026-06-02 09:48:38 [self-0003-0-attack] Priority agent: edge reuse -54000 base = 199448 final = 145448
2026-06-02 09:48:38 [self-0003-0-attack] Move #658: 67 -> 87 | Army: 48 | Target-Terrain: 0 | Target: 87 | Half: False
2026-06-02 09:48:38 [self-0003-0-attack] My general index: 83
2026-06-02 09:48:38 [self-0003-0-attack] Enemy general index: None
2026-06-02 09:48:38 [self-0003-0-attack] Visible enemy tiles: 18
2026-06-02 09:48:38 [self-0003-0-attack] Tiles: 54 / 93
2026-06-02 09:48:38 [self-0003-0-attack] Map: 20 x 21 Turn: 682
2026-06-02 09:48:38 [self-0003-0-attack] Route planned: Target = 67 Mode = defense city-free reachable tiles = 310 Fallback-Tiles = 312
2026-06-02 09:48:38 [self-0003-0-attack] Move #659: 265 -> 245 | Army: 4 | Target-Terrain: 0 | Target: 67 | Half: False
2026-06-02 09:48:39 [self-0003-0-attack] My general index: 83
2026-06-02 09:48:39 [self-0003-0-attack] Enemy general index: None
2026-06-02 09:48:39 [self-0003-0-attack] Visible enemy tiles: 18
2026-06-02 09:48:39 [self-0003-0-attack] Tiles: 54 / 93
2026-06-02 09:48:39 [self-0003-0-attack] Map: 20 x 21 Turn: 683
2026-06-02 09:48:39 [self-0003-0-attack] Route planned: Target = 67 Mode = defense city-free reachable tiles = 310 Fallback-Tiles = 312
2026-06-02 09:48:39 [self-0003-0-attack] Priority agent: flow +6000 base = 140807 final = 146807
2026-06-02 09:48:39 [self-0003-0-attack] Move #660: 245 -> 246 | Army: 7 | Target-Terrain: 0 | Target: 67 | Half: False
2026-06-02 09:48:39 [self-0003-0-attack] My general index: 83
2026-06-02 09:48:39 [self-0003-0-attack] Enemy general index: None
2026-06-02 09:48:39 [self-0003-0-attack] Visible enemy tiles: 18
2026-06-02 09:48:39 [self-0003-0-attack] Tiles: 54 / 93
2026-06-02 09:48:39 [self-0003-0-attack] Map: 20 x 21 Turn: 684
2026-06-02 09:48:39 [self-0003-0-attack] Route planned: Target = 67 Mode = defense city-free reachable tiles = 310 Fallback-Tiles = 312
2026-06-02 09:48:39 [self-0003-0-attack] Priority agent: flow +6000 base = 139151 final = 145151
2026-06-02 09:48:39 [self-0003-0-attack] Move #661: 246 -> 226 | Army: 11 | Target-Terrain: 0 | Target: 67 | Half: False
2026-06-02 09:48:40 [self-0003-0-attack] My general index: 83
2026-06-02 09:48:40 [self-0003-0-attack] Enemy general index: None
2026-06-02 09:48:40 [self-0003-0-attack] Visible enemy tiles: 18
2026-06-02 09:48:40 [self-0003-0-attack] Tiles: 54 / 93
2026-06-02 09:48:40 [self-0003-0-attack] Map: 20 x 21 Turn: 685
2026-06-02 09:48:40 [self-0003-0-attack] Route planned: Target = 67 Mode = defense city-free reachable tiles = 310 Fallback-Tiles = 312
2026-06-02 09:48:40 [self-0003-0-attack] Priority agent: flow +6000 base = 137392 final = 143392
2026-06-02 09:48:40 [self-0003-0-attack] Move #662: 226 -> 206 | Army: 12 | Target-Terrain: 0 | Target: 67 | Half: False
2026-06-02 09:48:40 [self-0003-0-attack] My general index: 83
2026-06-02 09:48:40 [self-0003-0-attack] Enemy general index: None
2026-06-02 09:48:40 [self-0003-0-attack] Visible enemy tiles: 19
2026-06-02 09:48:40 [self-0003-0-attack] Tiles: 53 / 94
2026-06-02 09:48:40 [self-0003-0-attack] Map: 20 x 21 Turn: 686
2026-06-02 09:48:40 [self-0003-0-attack] Route planned: Target = 67 Mode = defense city-free reachable tiles = 310 Fallback-Tiles = 312
2026-06-02 09:48:40 [self-0003-0-attack] Priority agent: edge reuse -54000 base = 196498 final = 142498
2026-06-02 09:48:40 [self-0003-0-attack] Move #663: 87 -> 67 | Army: 48 | Target-Terrain: 0 | Target: 67 | Half: False
2026-06-02 09:48:41 [self-0003-0-attack] My general index: 83
2026-06-02 09:48:41 [self-0003-0-attack] Enemy general index: None
2026-06-02 09:48:41 [self-0003-0-attack] Visible enemy tiles: 19
2026-06-02 09:48:41 [self-0003-0-attack] Tiles: 53 / 94
2026-06-02 09:48:41 [self-0003-0-attack] Map: 20 x 21 Turn: 687
2026-06-02 09:48:41 [self-0003-0-attack] Route planned: Target = 87 Mode = defense city-free reachable tiles = 310 Fallback-Tiles = 312
2026-06-02 09:48:41 [self-0003-0-attack] Move #664: 85 -> 86 | Army: 8 | Target-Terrain: 0 | Target: 87 | Half: False
2026-06-02 09:48:41 [self-0003-0-attack] My general index: 83
2026-06-02 09:48:41 [self-0003-0-attack] Enemy general index: None
2026-06-02 09:48:41 [self-0003-0-attack] Visible enemy tiles: 19
2026-06-02 09:48:41 [self-0003-0-attack] Tiles: 53 / 94
2026-06-02 09:48:41 [self-0003-0-attack] Map: 20 x 21 Turn: 688
2026-06-02 09:48:41 [self-0003-0-attack] Route planned: Target = 87 Mode = defense city-free reachable tiles = 310 Fallback-Tiles = 312
2026-06-02 09:48:41 [self-0003-0-attack] Priority agent: flow +6000 base = 235708 final = 241708
2026-06-02 09:48:41 [self-0003-0-attack] Move #665: 86 -> 87 | Army: 8 | Target-Terrain: 0 | Target: 87 | Half: False
2026-06-02 09:48:42 [self-0003-0-attack] My general index: 83
2026-06-02 09:48:42 [self-0003-0-attack] Enemy general index: None
2026-06-02 09:48:42 [self-0003-0-attack] Visible enemy tiles: 19
2026-06-02 09:48:42 [self-0003-0-attack] Tiles: 53 / 94
2026-06-02 09:48:42 [self-0003-0-attack] Map: 20 x 21 Turn: 689
2026-06-02 09:48:42 [self-0003-0-attack] Route planned: Target = 87 Mode = defense city-free reachable tiles = 310 Fallback-Tiles = 312
2026-06-02 09:48:42 [self-0003-0-attack] Priority agent: edge reuse -45000 base = 199448 final = 154448
2026-06-02 09:48:42 [self-0003-0-attack] Move #666: 67 -> 87 | Army: 48 | Target-Terrain: 0 | Target: 87 | Half: False
2026-06-02 09:48:42 [self-0003-0-attack] My general index: 83
2026-06-02 09:48:42 [self-0003-0-attack] Enemy general index: None
2026-06-02 09:48:42 [self-0003-0-attack] Visible enemy tiles: 19
2026-06-02 09:48:42 [self-0003-0-attack] Tiles: 53 / 94
2026-06-02 09:48:42 [self-0003-0-attack] Map: 20 x 21 Turn: 690
2026-06-02 09:48:42 [self-0003-0-attack] Route planned: Target = 67 Mode = defense city-free reachable tiles = 310 Fallback-Tiles = 312
2026-06-02 09:48:42 [self-0003-0-attack] Move #667: 82 -> 62 | Army: 14 | Target-Terrain: 0 | Target: 67 | Half: False
2026-06-02 09:48:43 [self-0003-0-attack] My general index: 83
2026-06-02 09:48:43 [self-0003-0-attack] Enemy general index: None
2026-06-02 09:48:43 [self-0003-0-attack] Visible enemy tiles: 19
2026-06-02 09:48:43 [self-0003-0-attack] Tiles: 53 / 94
2026-06-02 09:48:43 [self-0003-0-attack] Map: 20 x 21 Turn: 691
2026-06-02 09:48:43 [self-0003-0-attack] Route planned: Target = 67 Mode = defense city-free reachable tiles = 310 Fallback-Tiles = 312
2026-06-02 09:48:43 [self-0003-0-attack] Priority agent: edge reuse -45000 base = 196505 final = 151505
2026-06-02 09:48:43 [self-0003-0-attack] Move #668: 87 -> 67 | Army: 55 | Target-Terrain: 0 | Target: 67 | Half: False
2026-06-02 09:48:43 [self-0003-0-attack] My general index: 83
2026-06-02 09:48:43 [self-0003-0-attack] Enemy general index: None
2026-06-02 09:48:43 [self-0003-0-attack] Visible enemy tiles: 19
2026-06-02 09:48:43 [self-0003-0-attack] Tiles: 53 / 94
2026-06-02 09:48:43 [self-0003-0-attack] Map: 20 x 21 Turn: 692
2026-06-02 09:48:43 [self-0003-0-attack] Route planned: Target = 87 Mode = defense city-free reachable tiles = 310 Fallback-Tiles = 312
2026-06-02 09:48:43 [self-0003-0-attack] Move #669: 202 -> 203 | Army: 2 | Target-Terrain: 0 | Target: 87 | Half: False
2026-06-02 09:48:44 [self-0003-0-attack] My general index: 83
2026-06-02 09:48:44 [self-0003-0-attack] Enemy general index: None
2026-06-02 09:48:44 [self-0003-0-attack] Visible enemy tiles: 19
2026-06-02 09:48:44 [self-0003-0-attack] Tiles: 53 / 94
2026-06-02 09:48:44 [self-0003-0-attack] Map: 20 x 21 Turn: 693
2026-06-02 09:48:44 [self-0003-0-attack] Route planned: Target = 87 Mode = defense city-free reachable tiles = 310 Fallback-Tiles = 312
2026-06-02 09:48:44 [self-0003-0-attack] Priority agent: edge reuse -45000 base = 199455 final = 154455
2026-06-02 09:48:44 [self-0003-0-attack] Move #670: 67 -> 87 | Army: 55 | Target-Terrain: 0 | Target: 87 | Half: False
2026-06-02 09:48:44 [self-0003-0-attack] My general index: 83
2026-06-02 09:48:44 [self-0003-0-attack] Enemy general index: None
2026-06-02 09:48:44 [self-0003-0-attack] Visible enemy tiles: 20
2026-06-02 09:48:44 [self-0003-0-attack] Tiles: 52 / 95
2026-06-02 09:48:44 [self-0003-0-attack] Map: 20 x 21 Turn: 694
2026-06-02 09:48:44 [self-0003-0-attack] Route planned: Target = 67 Mode = defense city-free reachable tiles = 310 Fallback-Tiles = 312
2026-06-02 09:48:44 [self-0003-0-attack] Move #671: 206 -> 186 | Army: 12 | Target-Terrain: 1 | Target: 67 | Half: False
2026-06-02 09:48:45 [self-0003-0-attack] My general index: 83
2026-06-02 09:48:45 [self-0003-0-attack] Enemy general index: None
2026-06-02 09:48:45 [self-0003-0-attack] Visible enemy tiles: 19
2026-06-02 09:48:45 [self-0003-0-attack] Tiles: 53 / 94
2026-06-02 09:48:45 [self-0003-0-attack] Map: 20 x 21 Turn: 695
2026-06-02 09:48:45 [self-0003-0-attack] Route planned: Target = 67 Mode = defense city-free reachable tiles = 310 Fallback-Tiles = 312
2026-06-02 09:48:45 [self-0003-0-attack] Priority agent: flow +6000 base = 169316 final = 175316
2026-06-02 09:48:45 [self-0003-0-attack] Move #672: 186 -> 187 | Army: 6 | Target-Terrain: 1 | Target: 67 | Half: False
2026-06-02 09:48:45 [self-0003-0-attack] My general index: 83
2026-06-02 09:48:45 [self-0003-0-attack] Enemy general index: None
2026-06-02 09:48:45 [self-0003-0-attack] Visible enemy tiles: 19
2026-06-02 09:48:45 [self-0003-0-attack] Tiles: 54 / 93
2026-06-02 09:48:45 [self-0003-0-attack] Map: 20 x 21 Turn: 696
2026-06-02 09:48:45 [self-0003-0-attack] Route planned: Target = 67 Mode = defense city-free reachable tiles = 310 Fallback-Tiles = 312
2026-06-02 09:48:45 [self-0003-0-attack] Priority agent: edge reuse -36000 base = 196505 final = 160505
2026-06-02 09:48:45 [self-0003-0-attack] Move #673: 87 -> 67 | Army: 55 | Target-Terrain: 0 | Target: 67 | Half: False
2026-06-02 09:48:46 [self-0003-0-attack] Coach: stabilize tiles 53/94 army 499/905 cities 0/0 enemy_city_suspect False bias {'expansion_bias': 0.2, 'city_bias': 0.1, 'attack_bias': 0.4, 'defense_bias': 1.2, 'route_bias': 0.6}
2026-06-02 09:48:46 [self-0003-0-attack] My general index: 83
2026-06-02 09:48:46 [self-0003-0-attack] Enemy general index: None
2026-06-02 09:48:46 [self-0003-0-attack] Visible enemy tiles: 19
2026-06-02 09:48:46 [self-0003-0-attack] Tiles: 53 / 94
2026-06-02 09:48:46 [self-0003-0-attack] Map: 20 x 21 Turn: 697
2026-06-02 09:48:46 [self-0003-0-attack] Route planned: Target = 87 Mode = defense city-free reachable tiles = 310 Fallback-Tiles = 312
2026-06-02 09:48:46 [self-0003-0-attack] Move #674: 242 -> 222 | Army: 2 | Target-Terrain: 0 | Target: 87 | Half: False
2026-06-02 09:48:46 [self-0003-0-attack] My general index: 83
2026-06-02 09:48:46 [self-0003-0-attack] Enemy general index: None
2026-06-02 09:48:46 [self-0003-0-attack] Visible enemy tiles: 18
2026-06-02 09:48:46 [self-0003-0-attack] Tiles: 52 / 95
2026-06-02 09:48:46 [self-0003-0-attack] Map: 20 x 21 Turn: 698
2026-06-02 09:48:46 [self-0003-0-attack] Route planned: Target = 87 Mode = defense city-free reachable tiles = 310 Fallback-Tiles = 312
2026-06-02 09:48:46 [self-0003-0-attack] Priority agent: edge reuse -45000 base = 199455 final = 154455
2026-06-02 09:48:46 [self-0003-0-attack] Move #675: 67 -> 87 | Army: 55 | Target-Terrain: 0 | Target: 87 | Half: False
2026-06-02 09:48:47 [self-0003-0-attack] My general index: 83
2026-06-02 09:48:47 [self-0003-0-attack] Enemy general index: None
2026-06-02 09:48:47 [self-0003-0-attack] Visible enemy tiles: 19
2026-06-02 09:48:47 [self-0003-0-attack] Tiles: 51 / 96
2026-06-02 09:48:47 [self-0003-0-attack] Map: 20 x 21 Turn: 699
2026-06-02 09:48:47 [self-0003-0-attack] Route planned: Target = 86 Mode = defense city-free reachable tiles = 310 Fallback-Tiles = 312
2026-06-02 09:48:47 [self-0003-0-attack] Priority agent: edge reuse -9000, flow +6000 base = 244205 final = 241205
2026-06-02 09:48:47 [self-0003-0-attack] Move #676: 87 -> 86 | Army: 55 | Target-Terrain: 0 | Target: 86 | Half: False
2026-06-02 09:48:47 [self-0003-0-attack] My general index: 83
2026-06-02 09:48:47 [self-0003-0-attack] Enemy general index: None
2026-06-02 09:48:47 [self-0003-0-attack] Visible enemy tiles: 20
2026-06-02 09:48:47 [self-0003-0-attack] Tiles: 50 / 97
2026-06-02 09:48:47 [self-0003-0-attack] Map: 20 x 21 Turn: 700
2026-06-02 09:48:47 [self-0003-0-attack] Route planned: Target = 87 Mode = defense city-free reachable tiles = 310 Fallback-Tiles = 312
2026-06-02 09:48:47 [self-0003-0-attack] Move #677: 107 -> 87 | Army: 2 | Target-Terrain: 0 | Target: 87 | Half: False
2026-06-02 09:48:48 [self-0003-0-attack] My general index: 83
2026-06-02 09:48:48 [self-0003-0-attack] Enemy general index: None
2026-06-02 09:48:48 [self-0003-0-attack] Visible enemy tiles: 21
2026-06-02 09:48:48 [self-0003-0-attack] Tiles: 49 / 98
2026-06-02 09:48:48 [self-0003-0-attack] Map: 20 x 21 Turn: 701
2026-06-02 09:48:48 [self-0003-0-attack] Route planned: Target = 87 Mode = defense city-free reachable tiles = 310 Fallback-Tiles = 312
2026-06-02 09:48:48 [self-0003-0-attack] Priority agent: edge reuse -18000 base = 238706 final = 220706
2026-06-02 09:48:48 [self-0003-0-attack] Move #678: 86 -> 87 | Army: 56 | Target-Terrain: 1 | Target: 87 | Half: False
2026-06-02 09:48:48 [self-0003-0-attack] My general index: 83
2026-06-02 09:48:48 [self-0003-0-attack] Enemy general index: None
2026-06-02 09:48:48 [self-0003-0-attack] Visible enemy tiles: 20
2026-06-02 09:48:48 [self-0003-0-attack] Tiles: 50 / 97
2026-06-02 09:48:48 [self-0003-0-attack] Map: 20 x 21 Turn: 702
2026-06-02 09:48:48 [self-0003-0-attack] Route planned: Target = 86 Mode = defense city-free reachable tiles = 310 Fallback-Tiles = 312
2026-06-02 09:48:48 [self-0003-0-attack] Move #679: 106 -> 86 | Army: 2 | Target-Terrain: 0 | Target: 86 | Half: False
2026-06-02 09:48:49 [self-0003-0-attack] My general index: 83
2026-06-02 09:48:49 [self-0003-0-attack] Enemy general index: None
2026-06-02 09:48:49 [self-0003-0-attack] Visible enemy tiles: 20
2026-06-02 09:48:49 [self-0003-0-attack] Tiles: 50 / 97
2026-06-02 09:48:49 [self-0003-0-attack] Map: 20 x 21 Turn: 703
2026-06-02 09:48:49 [self-0003-0-attack] Route planned: Target = 86 Mode = defense city-free reachable tiles = 310 Fallback-Tiles = 312
2026-06-02 09:48:49 [self-0003-0-attack] Move #680: 66 -> 86 | Army: 2 | Target-Terrain: 0 | Target: 86 | Half: False
2026-06-02 09:48:49 [self-0003-0-attack] My general index: 83
2026-06-02 09:48:49 [self-0003-0-attack] Enemy general index: None
2026-06-02 09:48:49 [self-0003-0-attack] Visible enemy tiles: 20
2026-06-02 09:48:49 [self-0003-0-attack] Tiles: 50 / 97
2026-06-02 09:48:49 [self-0003-0-attack] Map: 20 x 21 Turn: 704
2026-06-02 09:48:49 [self-0003-0-attack] Route planned: Target = 86 Mode = defense city-free reachable tiles = 310 Fallback-Tiles = 312
2026-06-02 09:48:49 [self-0003-0-attack] Move #681: 85 -> 86 | Army: 2 | Target-Terrain: 0 | Target: 86 | Half: False
2026-06-02 09:48:50 [self-0003-0-attack] My general index: 83
2026-06-02 09:48:50 [self-0003-0-attack] Enemy general index: None
2026-06-02 09:48:50 [self-0003-0-attack] Visible enemy tiles: 20
2026-06-02 09:48:50 [self-0003-0-attack] Tiles: 50 / 97
2026-06-02 09:48:50 [self-0003-0-attack] Map: 20 x 21 Turn: 705
2026-06-02 09:48:50 [self-0003-0-attack] Route planned: Target = 86 Mode = defense city-free reachable tiles = 310 Fallback-Tiles = 312
2026-06-02 09:48:50 [self-0003-0-attack] Priority agent: edge reuse -18000 base = 196504 final = 178504
2026-06-02 09:48:50 [self-0003-0-attack] Move #682: 87 -> 86 | Army: 54 | Target-Terrain: 0 | Target: 86 | Half: False
2026-06-02 09:48:50 [self-0003-0-attack] My general index: 83
2026-06-02 09:48:50 [self-0003-0-attack] Enemy general index: None
2026-06-02 09:48:50 [self-0003-0-attack] Visible enemy tiles: 20
2026-06-02 09:48:50 [self-0003-0-attack] Tiles: 50 / 97
2026-06-02 09:48:50 [self-0003-0-attack] Map: 20 x 21 Turn: 706
2026-06-02 09:48:50 [self-0003-0-attack] Route planned: Target = 87 Mode = defense city-free reachable tiles = 310 Fallback-Tiles = 312
2026-06-02 09:48:50 [self-0003-0-attack] Priority agent: edge reuse -27000 base = 224502 final = 197502
2026-06-02 09:48:50 [self-0003-0-attack] Move #683: 67 -> 87 | Army: 2 | Target-Terrain: 0 | Target: 87 | Half: False
2026-06-02 09:48:51 [self-0003-0-attack] My general index: 83
2026-06-02 09:48:51 [self-0003-0-attack] Enemy general index: None
2026-06-02 09:48:51 [self-0003-0-attack] Visible enemy tiles: 20
2026-06-02 09:48:51 [self-0003-0-attack] Tiles: 50 / 97
2026-06-02 09:48:51 [self-0003-0-attack] Map: 20 x 21 Turn: 707
2026-06-02 09:48:51 [self-0003-0-attack] Route planned: Target = 87 Mode = defense city-free reachable tiles = 310 Fallback-Tiles = 312
2026-06-02 09:48:51 [self-0003-0-attack] Priority agent: edge reuse -27000 base = 205457 final = 178457
2026-06-02 09:48:51 [self-0003-0-attack] Move #684: 86 -> 87 | Army: 57 | Target-Terrain: 0 | Target: 87 | Half: False
2026-06-02 09:48:51 [self-0003-0-attack] My general index: 83
2026-06-02 09:48:51 [self-0003-0-attack] Enemy general index: None
2026-06-02 09:48:51 [self-0003-0-attack] Visible enemy tiles: 20
2026-06-02 09:48:51 [self-0003-0-attack] Tiles: 50 / 97
2026-06-02 09:48:51 [self-0003-0-attack] Map: 20 x 21 Turn: 708
2026-06-02 09:48:51 [self-0003-0-attack] Route planned: Target = 86 Mode = defense city-free reachable tiles = 310 Fallback-Tiles = 312
2026-06-02 09:48:51 [self-0003-0-attack] Move #685: 131 -> 130 | Army: 2 | Target-Terrain: 0 | Target: 86 | Half: False
2026-06-02 09:48:52 [self-0003-0-attack] My general index: 83
2026-06-02 09:48:52 [self-0003-0-attack] Enemy general index: None
2026-06-02 09:48:52 [self-0003-0-attack] Visible enemy tiles: 20
2026-06-02 09:48:52 [self-0003-0-attack] Tiles: 50 / 97
2026-06-02 09:48:52 [self-0003-0-attack] Map: 20 x 21 Turn: 709
2026-06-02 09:48:52 [self-0003-0-attack] Route planned: Target = 86 Mode = defense city-free reachable tiles = 310 Fallback-Tiles = 312
2026-06-02 09:48:52 [self-0003-0-attack] Priority agent: flow +6000 base = 186755 final = 192755
2026-06-02 09:48:52 [self-0003-0-attack] Move #686: 130 -> 110 | Army: 5 | Target-Terrain: 1 | Target: 86 | Half: False
2026-06-02 09:48:52 [self-0003-0-attack] My general index: 83
2026-06-02 09:48:52 [self-0003-0-attack] Enemy general index: None
2026-06-02 09:48:52 [self-0003-0-attack] Visible enemy tiles: 20
2026-06-02 09:48:52 [self-0003-0-attack] Tiles: 51 / 96
2026-06-02 09:48:52 [self-0003-0-attack] Map: 20 x 21 Turn: 710
2026-06-02 09:48:52 [self-0003-0-attack] Route planned: Target = 86 Mode = defense city-free reachable tiles = 310 Fallback-Tiles = 312
2026-06-02 09:48:52 [self-0003-0-attack] Priority agent: edge reuse -36000 base = 196508 final = 160508
2026-06-02 09:48:52 [self-0003-0-attack] Move #687: 87 -> 86 | Army: 58 | Target-Terrain: 0 | Target: 86 | Half: False
2026-06-02 09:48:53 [self-0003-0-attack] My general index: 83
2026-06-02 09:48:53 [self-0003-0-attack] Enemy general index: None
2026-06-02 09:48:53 [self-0003-0-attack] Visible enemy tiles: 21
2026-06-02 09:48:53 [self-0003-0-attack] Tiles: 50 / 97
2026-06-02 09:48:53 [self-0003-0-attack] Map: 20 x 21 Turn: 711
2026-06-02 09:48:53 [self-0003-0-attack] Route planned: Target = 87 Mode = defense city-free reachable tiles = 310 Fallback-Tiles = 312
2026-06-02 09:48:53 [self-0003-0-attack] Move #688: 225 -> 226 | Army: 6 | Target-Terrain: 1 | Target: 87 | Half: False
2026-06-02 09:48:53 [self-0003-0-attack] My general index: 83
2026-06-02 09:48:53 [self-0003-0-attack] Enemy general index: None
2026-06-02 09:48:53 [self-0003-0-attack] Visible enemy tiles: 20
2026-06-02 09:48:53 [self-0003-0-attack] Tiles: 51 / 96
2026-06-02 09:48:53 [self-0003-0-attack] Map: 20 x 21 Turn: 712
2026-06-02 09:48:53 [self-0003-0-attack] Route planned: Target = 87 Mode = defense city-free reachable tiles = 310 Fallback-Tiles = 312
2026-06-02 09:48:53 [self-0003-0-attack] Priority agent: edge reuse -45000 base = 205458 final = 160458
2026-06-02 09:48:53 [self-0003-0-attack] Move #689: 86 -> 87 | Army: 58 | Target-Terrain: 0 | Target: 87 | Half: False
2026-06-02 09:48:54 [self-0003-0-attack] My general index: 83
2026-06-02 09:48:54 [self-0003-0-attack] Enemy general index: None
2026-06-02 09:48:54 [self-0003-0-attack] Visible enemy tiles: 20
2026-06-02 09:48:54 [self-0003-0-attack] Tiles: 51 / 96
2026-06-02 09:48:54 [self-0003-0-attack] Map: 20 x 21 Turn: 713
2026-06-02 09:48:54 [self-0003-0-attack] Route planned: Target = 86 Mode = defense city-free reachable tiles = 310 Fallback-Tiles = 312
2026-06-02 09:48:54 [self-0003-0-attack] Move #690: 69 -> 68 | Army: 2 | Target-Terrain: 0 | Target: 86 | Half: False
2026-06-02 09:48:54 [self-0003-0-attack] My general index: 83
2026-06-02 09:48:54 [self-0003-0-attack] Enemy general index: None
2026-06-02 09:48:54 [self-0003-0-attack] Visible enemy tiles: 20
2026-06-02 09:48:54 [self-0003-0-attack] Tiles: 51 / 96
2026-06-02 09:48:54 [self-0003-0-attack] Map: 20 x 21 Turn: 714
2026-06-02 09:48:54 [self-0003-0-attack] Route planned: Target = 86 Mode = defense city-free reachable tiles = 310 Fallback-Tiles = 312
2026-06-02 09:48:54 [self-0003-0-attack] Priority agent: flow +6000 base = 177873 final = 183873
2026-06-02 09:48:54 [self-0003-0-attack] Move #691: 68 -> 88 | Army: 3 | Target-Terrain: 1 | Target: 86 | Half: False
2026-06-02 09:48:55 [self-0003-0-attack] My general index: 83
2026-06-02 09:48:55 [self-0003-0-attack] Enemy general index: None
2026-06-02 09:48:55 [self-0003-0-attack] Visible enemy tiles: 19
2026-06-02 09:48:55 [self-0003-0-attack] Tiles: 51 / 96
2026-06-02 09:48:55 [self-0003-0-attack] Map: 20 x 21 Turn: 715
2026-06-02 09:48:55 [self-0003-0-attack] Route planned: Target = 86 Mode = defense city-free reachable tiles = 310 Fallback-Tiles = 312
2026-06-02 09:48:55 [self-0003-0-attack] Priority agent: edge reuse -45000 base = 196508 final = 151508
2026-06-02 09:48:55 [self-0003-0-attack] Move #692: 87 -> 86 | Army: 58 | Target-Terrain: 0 | Target: 86 | Half: False
2026-06-02 09:48:55 [self-0003-0-attack] My general index: 83
2026-06-02 09:48:55 [self-0003-0-attack] Enemy general index: None
2026-06-02 09:48:55 [self-0003-0-attack] Visible enemy tiles: 19
2026-06-02 09:48:55 [self-0003-0-attack] Tiles: 51 / 96
2026-06-02 09:48:55 [self-0003-0-attack] Map: 20 x 21 Turn: 716
2026-06-02 09:48:55 [self-0003-0-attack] Route planned: Target = 87 Mode = defense city-free reachable tiles = 310 Fallback-Tiles = 312
2026-06-02 09:48:55 [self-0003-0-attack] Move #693: 108 -> 88 | Army: 2 | Target-Terrain: 0 | Target: 87 | Half: False
2026-06-02 09:48:56 [self-0003-0-attack] My general index: 83
2026-06-02 09:48:56 [self-0003-0-attack] Enemy general index: None
2026-06-02 09:48:56 [self-0003-0-attack] Visible enemy tiles: 19
2026-06-02 09:48:56 [self-0003-0-attack] Tiles: 51 / 96
2026-06-02 09:48:56 [self-0003-0-attack] Map: 20 x 21 Turn: 717
2026-06-02 09:48:56 [self-0003-0-attack] Route planned: Target = 87 Mode = defense city-free reachable tiles = 310 Fallback-Tiles = 312
2026-06-02 09:48:56 [self-0003-0-attack] Priority agent: flow +6000 base = 241352 final = 247352
2026-06-02 09:48:56 [self-0003-0-attack] Move #694: 88 -> 87 | Army: 2 | Target-Terrain: 0 | Target: 87 | Half: False
2026-06-02 09:48:56 [self-0003-0-attack] My general index: 83
2026-06-02 09:48:56 [self-0003-0-attack] Enemy general index: None
2026-06-02 09:48:56 [self-0003-0-attack] Visible enemy tiles: 19
2026-06-02 09:48:56 [self-0003-0-attack] Tiles: 51 / 96
2026-06-02 09:48:56 [self-0003-0-attack] Map: 20 x 21 Turn: 718
2026-06-02 09:48:56 [self-0003-0-attack] Route planned: Target = 87 Mode = defense city-free reachable tiles = 310 Fallback-Tiles = 312
2026-06-02 09:48:56 [self-0003-0-attack] Priority agent: edge reuse -45000 base = 205458 final = 160458
2026-06-02 09:48:56 [self-0003-0-attack] Move #695: 86 -> 87 | Army: 58 | Target-Terrain: 0 | Target: 87 | Half: False
2026-06-02 09:48:57 [self-0003-0-attack] My general index: 83
2026-06-02 09:48:57 [self-0003-0-attack] Enemy general index: None
2026-06-02 09:48:57 [self-0003-0-attack] Visible enemy tiles: 19
2026-06-02 09:48:57 [self-0003-0-attack] Tiles: 51 / 96
2026-06-02 09:48:57 [self-0003-0-attack] Map: 20 x 21 Turn: 719
2026-06-02 09:48:57 [self-0003-0-attack] Route planned: Target = 86 Mode = defense city-free reachable tiles = 310 Fallback-Tiles = 312
2026-06-02 09:48:57 [self-0003-0-attack] Move #696: 65 -> 85 | Army: 15 | Target-Terrain: 0 | Target: 86 | Half: False
2026-06-02 09:48:57 [self-0003-0-attack] My general index: 83
2026-06-02 09:48:57 [self-0003-0-attack] Enemy general index: None
2026-06-02 09:48:57 [self-0003-0-attack] Visible enemy tiles: 19
2026-06-02 09:48:57 [self-0003-0-attack] Tiles: 51 / 96
2026-06-02 09:48:57 [self-0003-0-attack] Map: 20 x 21 Turn: 720
2026-06-02 09:48:57 [self-0003-0-attack] Route planned: Target = 86 Mode = defense city-free reachable tiles = 310 Fallback-Tiles = 312
2026-06-02 09:48:57 [self-0003-0-attack] Priority agent: flow +6000 base = 232715 final = 238715
2026-06-02 09:48:57 [self-0003-0-attack] Move #697: 85 -> 86 | Army: 15 | Target-Terrain: 0 | Target: 86 | Half: False
2026-06-02 09:48:58 [self-0003-0-attack] My general index: 83
2026-06-02 09:48:58 [self-0003-0-attack] Enemy general index: None
2026-06-02 09:48:58 [self-0003-0-attack] Visible enemy tiles: 19
2026-06-02 09:48:58 [self-0003-0-attack] Tiles: 51 / 96
2026-06-02 09:48:58 [self-0003-0-attack] Map: 20 x 21 Turn: 721
2026-06-02 09:48:58 [self-0003-0-attack] Route planned: Target = 86 Mode = defense city-free reachable tiles = 310 Fallback-Tiles = 312
2026-06-02 09:48:58 [self-0003-0-attack] Priority agent: edge reuse -45000 base = 196509 final = 151509
2026-06-02 09:48:58 [self-0003-0-attack] Move #698: 87 -> 86 | Army: 59 | Target-Terrain: 0 | Target: 86 | Half: False
2026-06-02 09:48:58 [self-0003-0-attack] My general index: 83
2026-06-02 09:48:58 [self-0003-0-attack] Enemy general index: None
2026-06-02 09:48:58 [self-0003-0-attack] Visible enemy tiles: 19
2026-06-02 09:48:58 [self-0003-0-attack] Tiles: 51 / 96
2026-06-02 09:48:58 [self-0003-0-attack] Map: 20 x 21 Turn: 722
2026-06-02 09:48:58 [self-0003-0-attack] Route planned: Target = 87 Mode = defense city-free reachable tiles = 310 Fallback-Tiles = 312
2026-06-02 09:48:58 [self-0003-0-attack] Move #699: 206 -> 186 | Army: 2 | Target-Terrain: 0 | Target: 87 | Half: False
2026-06-02 09:48:59 [self-0003-0-attack] My general index: 83
2026-06-02 09:48:59 [self-0003-0-attack] Enemy general index: None
2026-06-02 09:48:59 [self-0003-0-attack] Visible enemy tiles: 19
2026-06-02 09:48:59 [self-0003-0-attack] Tiles: 51 / 96
2026-06-02 09:48:59 [self-0003-0-attack] Map: 20 x 21 Turn: 723
2026-06-02 09:48:59 [self-0003-0-attack] Route planned: Target = 87 Mode = defense city-free reachable tiles = 310 Fallback-Tiles = 312
2026-06-02 09:48:59 [self-0003-0-attack] Priority agent: edge reuse -45000 base = 205473 final = 160473
2026-06-02 09:48:59 [self-0003-0-attack] Move #700: 86 -> 87 | Army: 73 | Target-Terrain: 0 | Target: 87 | Half: False
2026-06-02 09:48:59 [self-0003-0-attack] My general index: 83
2026-06-02 09:48:59 [self-0003-0-attack] Enemy general index: None
2026-06-02 09:48:59 [self-0003-0-attack] Visible enemy tiles: 19
2026-06-02 09:48:59 [self-0003-0-attack] Tiles: 51 / 96
2026-06-02 09:48:59 [self-0003-0-attack] Map: 20 x 21 Turn: 724
2026-06-02 09:48:59 [self-0003-0-attack] Route planned: Target = 86 Mode = defense city-free reachable tiles = 310 Fallback-Tiles = 312
2026-06-02 09:48:59 [self-0003-0-attack] Move #701: 104 -> 84 | Army: 2 | Target-Terrain: 0 | Target: 86 | Half: False
2026-06-02 09:49:00 [self-0003-0-attack] My general index: 83
2026-06-02 09:49:00 [self-0003-0-attack] Enemy general index: None
2026-06-02 09:49:00 [self-0003-0-attack] Visible enemy tiles: 19
2026-06-02 09:49:00 [self-0003-0-attack] Tiles: 51 / 96
2026-06-02 09:49:00 [self-0003-0-attack] Map: 20 x 21 Turn: 725
2026-06-02 09:49:00 [self-0003-0-attack] Route planned: Target = 86 Mode = defense city-free reachable tiles = 310 Fallback-Tiles = 312
2026-06-02 09:49:00 [self-0003-0-attack] Priority agent: edge reuse -45000 base = 196523 final = 151523
2026-06-02 09:49:00 [self-0003-0-attack] Move #702: 87 -> 86 | Army: 73 | Target-Terrain: 0 | Target: 86 | Half: False
2026-06-02 09:49:00 [self-0003-0-attack] My general index: 83
2026-06-02 09:49:00 [self-0003-0-attack] Enemy general index: None
2026-06-02 09:49:00 [self-0003-0-attack] Visible enemy tiles: 19
2026-06-02 09:49:00 [self-0003-0-attack] Tiles: 51 / 96
2026-06-02 09:49:00 [self-0003-0-attack] Map: 20 x 21 Turn: 726
2026-06-02 09:49:00 [self-0003-0-attack] Route planned: Target = 87 Mode = defense city-free reachable tiles = 310 Fallback-Tiles = 312
2026-06-02 09:49:00 [self-0003-0-attack] Move #703: 265 -> 245 | Army: 2 | Target-Terrain: 0 | Target: 87 | Half: False
2026-06-02 09:49:01 [self-0003-0-attack] My general index: 83
2026-06-02 09:49:01 [self-0003-0-attack] Enemy general index: None
2026-06-02 09:49:01 [self-0003-0-attack] Visible enemy tiles: 19
2026-06-02 09:49:01 [self-0003-0-attack] Tiles: 51 / 96
2026-06-02 09:49:01 [self-0003-0-attack] Map: 20 x 21 Turn: 727
2026-06-02 09:49:01 [self-0003-0-attack] Route planned: Target = 87 Mode = defense city-free reachable tiles = 310 Fallback-Tiles = 312
2026-06-02 09:49:01 [self-0003-0-attack] Priority agent: edge reuse -45000 base = 205473 final = 160473
2026-06-02 09:49:01 [self-0003-0-attack] Move #704: 86 -> 87 | Army: 73 | Target-Terrain: 0 | Target: 87 | Half: False
2026-06-02 09:49:01 [self-0003-0-attack] My general index: 83
2026-06-02 09:49:01 [self-0003-0-attack] Enemy general index: None
2026-06-02 09:49:01 [self-0003-0-attack] Visible enemy tiles: 19
2026-06-02 09:49:01 [self-0003-0-attack] Tiles: 50 / 97
2026-06-02 09:49:01 [self-0003-0-attack] Map: 20 x 21 Turn: 728
2026-06-02 09:49:01 [self-0003-0-attack] Route planned: Target = 86 Mode = defense city-free reachable tiles = 310 Fallback-Tiles = 312
2026-06-02 09:49:01 [self-0003-0-attack] Move #705: 127 -> 126 | Army: 2 | Target-Terrain: 0 | Target: 86 | Half: False
2026-06-02 09:49:02 [self-0003-0-attack] My general index: 83
2026-06-02 09:49:02 [self-0003-0-attack] Enemy general index: None
2026-06-02 09:49:02 [self-0003-0-attack] Visible enemy tiles: 19
2026-06-02 09:49:02 [self-0003-0-attack] Tiles: 50 / 97
2026-06-02 09:49:02 [self-0003-0-attack] Map: 20 x 21 Turn: 729
2026-06-02 09:49:02 [self-0003-0-attack] Route planned: Target = 86 Mode = defense city-free reachable tiles = 310 Fallback-Tiles = 312
2026-06-02 09:49:02 [self-0003-0-attack] Priority agent: flow +6000 base = 138013 final = 144013
2026-06-02 09:49:02 [self-0003-0-attack] Move #706: 126 -> 106 | Army: 3 | Target-Terrain: 0 | Target: 86 | Half: False
2026-06-02 09:49:02 [self-0003-0-attack] My general index: 83
2026-06-02 09:49:02 [self-0003-0-attack] Enemy general index: None
2026-06-02 09:49:02 [self-0003-0-attack] Visible enemy tiles: 19
2026-06-02 09:49:02 [self-0003-0-attack] Tiles: 50 / 97
2026-06-02 09:49:02 [self-0003-0-attack] Map: 20 x 21 Turn: 730
2026-06-02 09:49:02 [self-0003-0-attack] Route planned: Target = 86 Mode = defense city-free reachable tiles = 310 Fallback-Tiles = 312
2026-06-02 09:49:02 [self-0003-0-attack] Priority agent: flow +6000 base = 232753 final = 238753
2026-06-02 09:49:02 [self-0003-0-attack] Move #707: 106 -> 86 | Army: 3 | Target-Terrain: 0 | Target: 86 | Half: False
2026-06-02 09:49:03 [self-0003-0-attack] My general index: 83
2026-06-02 09:49:03 [self-0003-0-attack] Enemy general index: None
2026-06-02 09:49:03 [self-0003-0-attack] Visible enemy tiles: 19
2026-06-02 09:49:03 [self-0003-0-attack] Tiles: 50 / 97
2026-06-02 09:49:03 [self-0003-0-attack] Map: 20 x 21 Turn: 731
2026-06-02 09:49:03 [self-0003-0-attack] Route planned: Target = 86 Mode = defense city-free reachable tiles = 310 Fallback-Tiles = 312
2026-06-02 09:49:03 [self-0003-0-attack] Priority agent: edge reuse -45000 base = 196523 final = 151523
2026-06-02 09:49:03 [self-0003-0-attack] Move #708: 87 -> 86 | Army: 73 | Target-Terrain: 0 | Target: 86 | Half: False
2026-06-02 09:49:03 [self-0003-0-attack] My general index: 83
2026-06-02 09:49:03 [self-0003-0-attack] Enemy general index: None
2026-06-02 09:49:03 [self-0003-0-attack] Visible enemy tiles: 19
2026-06-02 09:49:03 [self-0003-0-attack] Tiles: 50 / 97
2026-06-02 09:49:03 [self-0003-0-attack] Map: 20 x 21 Turn: 732
2026-06-02 09:49:03 [self-0003-0-attack] Route planned: Target = 87 Mode = defense city-free reachable tiles = 310 Fallback-Tiles = 312
2026-06-02 09:49:03 [self-0003-0-attack] Move #709: 245 -> 225 | Army: 3 | Target-Terrain: 0 | Target: 87 | Half: False
2026-06-02 09:49:04 [self-0003-0-attack] My general index: 83
2026-06-02 09:49:04 [self-0003-0-attack] Enemy general index: None
2026-06-02 09:49:04 [self-0003-0-attack] Visible enemy tiles: 19
2026-06-02 09:49:04 [self-0003-0-attack] Tiles: 50 / 97
2026-06-02 09:49:04 [self-0003-0-attack] Map: 20 x 21 Turn: 733
2026-06-02 09:49:04 [self-0003-0-attack] Route planned: Target = 87 Mode = defense city-free reachable tiles = 310 Fallback-Tiles = 312
2026-06-02 09:49:04 [self-0003-0-attack] Priority agent: edge reuse -45000 base = 205475 final = 160475
2026-06-02 09:49:04 [self-0003-0-attack] Move #710: 86 -> 87 | Army: 75 | Target-Terrain: 0 | Target: 87 | Half: False
2026-06-02 09:49:04 [self-0003-0-attack] My general index: 83
2026-06-02 09:49:04 [self-0003-0-attack] Enemy general index: None
2026-06-02 09:49:04 [self-0003-0-attack] Visible enemy tiles: 19
2026-06-02 09:49:04 [self-0003-0-attack] Tiles: 50 / 97
2026-06-02 09:49:04 [self-0003-0-attack] Map: 20 x 21 Turn: 734
2026-06-02 09:49:04 [self-0003-0-attack] Route planned: Target = 86 Mode = defense city-free reachable tiles = 310 Fallback-Tiles = 312
2026-06-02 09:49:04 [self-0003-0-attack] Move #711: 84 -> 85 | Army: 9 | Target-Terrain: 0 | Target: 86 | Half: False
2026-06-02 09:49:05 [self-0003-0-attack] My general index: 83
2026-06-02 09:49:05 [self-0003-0-attack] Enemy general index: None
2026-06-02 09:49:05 [self-0003-0-attack] Visible enemy tiles: 19
2026-06-02 09:49:05 [self-0003-0-attack] Tiles: 50 / 97
2026-06-02 09:49:05 [self-0003-0-attack] Map: 20 x 21 Turn: 735
2026-06-02 09:49:05 [self-0003-0-attack] Route planned: Target = 86 Mode = defense city-free reachable tiles = 310 Fallback-Tiles = 312
2026-06-02 09:49:05 [self-0003-0-attack] Priority agent: flow +6000 base = 230909 final = 236909
2026-06-02 09:49:05 [self-0003-0-attack] Move #712: 85 -> 86 | Army: 9 | Target-Terrain: 0 | Target: 86 | Half: False
2026-06-02 09:49:05 [self-0003-0-attack] My general index: 83
2026-06-02 09:49:05 [self-0003-0-attack] Enemy general index: None
2026-06-02 09:49:05 [self-0003-0-attack] Visible enemy tiles: 19
2026-06-02 09:49:05 [self-0003-0-attack] Tiles: 50 / 97
2026-06-02 09:49:05 [self-0003-0-attack] Map: 20 x 21 Turn: 736
2026-06-02 09:49:05 [self-0003-0-attack] Route planned: Target = 86 Mode = defense city-free reachable tiles = 310 Fallback-Tiles = 312
2026-06-02 09:49:05 [self-0003-0-attack] Priority agent: edge reuse -45000 base = 196525 final = 151525
2026-06-02 09:49:05 [self-0003-0-attack] Move #713: 87 -> 86 | Army: 75 | Target-Terrain: 0 | Target: 86 | Half: False
2026-06-02 09:49:06 [self-0003-0-attack] My general index: 83
2026-06-02 09:49:06 [self-0003-0-attack] Enemy general index: None
2026-06-02 09:49:06 [self-0003-0-attack] Visible enemy tiles: 19
2026-06-02 09:49:06 [self-0003-0-attack] Tiles: 50 / 97
2026-06-02 09:49:06 [self-0003-0-attack] Map: 20 x 21 Turn: 737
2026-06-02 09:49:06 [self-0003-0-attack] Route planned: Target = 87 Mode = defense city-free reachable tiles = 310 Fallback-Tiles = 312
2026-06-02 09:49:06 [self-0003-0-attack] Move #714: 202 -> 203 | Army: 2 | Target-Terrain: 0 | Target: 87 | Half: False
2026-06-02 09:49:06 [self-0003-0-attack] My general index: 83
2026-06-02 09:49:06 [self-0003-0-attack] Enemy general index: None
2026-06-02 09:49:06 [self-0003-0-attack] Visible enemy tiles: 19
2026-06-02 09:49:06 [self-0003-0-attack] Tiles: 50 / 97
2026-06-02 09:49:06 [self-0003-0-attack] Map: 20 x 21 Turn: 738
2026-06-02 09:49:06 [self-0003-0-attack] Route planned: Target = 87 Mode = defense city-free reachable tiles = 310 Fallback-Tiles = 312
2026-06-02 09:49:06 [self-0003-0-attack] Priority agent: edge reuse -45000 base = 205480 final = 160480
2026-06-02 09:49:06 [self-0003-0-attack] Move #715: 86 -> 87 | Army: 83 | Target-Terrain: 0 | Target: 87 | Half: False
2026-06-02 09:49:07 [self-0003-0-attack] My general index: 83
2026-06-02 09:49:07 [self-0003-0-attack] Enemy general index: None
2026-06-02 09:49:07 [self-0003-0-attack] Visible enemy tiles: 19
2026-06-02 09:49:07 [self-0003-0-attack] Tiles: 50 / 97
2026-06-02 09:49:07 [self-0003-0-attack] Map: 20 x 21 Turn: 739
2026-06-02 09:49:07 [self-0003-0-attack] Route planned: Target = 86 Mode = defense city-free reachable tiles = 310 Fallback-Tiles = 312
2026-06-02 09:49:07 [self-0003-0-attack] Move #716: 242 -> 222 | Army: 2 | Target-Terrain: 0 | Target: 86 | Half: False
2026-06-02 09:49:07 [self-0003-0-attack] My general index: 83
2026-06-02 09:49:07 [self-0003-0-attack] Enemy general index: None
2026-06-02 09:49:07 [self-0003-0-attack] Visible enemy tiles: 19
2026-06-02 09:49:07 [self-0003-0-attack] Tiles: 50 / 97
2026-06-02 09:49:07 [self-0003-0-attack] Map: 20 x 21 Turn: 740
2026-06-02 09:49:07 [self-0003-0-attack] Route planned: Target = 86 Mode = defense city-free reachable tiles = 310 Fallback-Tiles = 312
2026-06-02 09:49:07 [self-0003-0-attack] Priority agent: edge reuse -45000 base = 196530 final = 151530
2026-06-02 09:49:07 [self-0003-0-attack] Move #717: 87 -> 86 | Army: 83 | Target-Terrain: 0 | Target: 86 | Half: False
2026-06-02 09:49:08 [self-0003-0-attack] My general index: 83
2026-06-02 09:49:08 [self-0003-0-attack] Enemy general index: None
2026-06-02 09:49:08 [self-0003-0-attack] Visible enemy tiles: 19
2026-06-02 09:49:08 [self-0003-0-attack] Tiles: 50 / 97
2026-06-02 09:49:08 [self-0003-0-attack] Map: 20 x 21 Turn: 741
2026-06-02 09:49:08 [self-0003-0-attack] Route planned: Target = 87 Mode = defense city-free reachable tiles = 310 Fallback-Tiles = 312
2026-06-02 09:49:08 [self-0003-0-attack] Move #718: 64 -> 65 | Army: 28 | Target-Terrain: 0 | Target: 87 | Half: False
2026-06-02 09:49:08 [self-0003-0-attack] My general index: 83
2026-06-02 09:49:08 [self-0003-0-attack] Enemy general index: None
2026-06-02 09:49:08 [self-0003-0-attack] Visible enemy tiles: 19
2026-06-02 09:49:08 [self-0003-0-attack] Tiles: 50 / 97
2026-06-02 09:49:08 [self-0003-0-attack] Map: 20 x 21 Turn: 742
2026-06-02 09:49:08 [self-0003-0-attack] Route planned: Target = 87 Mode = defense city-free reachable tiles = 310 Fallback-Tiles = 312
2026-06-02 09:49:08 [self-0003-0-attack] Priority agent: edge reuse -45000 base = 205480 final = 160480
2026-06-02 09:49:08 [self-0003-0-attack] Move #719: 86 -> 87 | Army: 83 | Target-Terrain: 0 | Target: 87 | Half: False
2026-06-02 09:49:09 [self-0003-0-attack] My general index: 83
2026-06-02 09:49:09 [self-0003-0-attack] Enemy general index: None
2026-06-02 09:49:09 [self-0003-0-attack] Visible enemy tiles: 19
2026-06-02 09:49:09 [self-0003-0-attack] Tiles: 50 / 97
2026-06-02 09:49:09 [self-0003-0-attack] Map: 20 x 21 Turn: 743
2026-06-02 09:49:09 [self-0003-0-attack] Route planned: Target = 86 Mode = defense city-free reachable tiles = 310 Fallback-Tiles = 312
2026-06-02 09:49:09 [self-0003-0-attack] Move #720: 65 -> 85 | Army: 28 | Target-Terrain: 0 | Target: 86 | Half: False
2026-06-02 09:49:09 [self-0003-0-attack] My general index: 83
2026-06-02 09:49:09 [self-0003-0-attack] Enemy general index: None
2026-06-02 09:49:09 [self-0003-0-attack] Visible enemy tiles: 19
2026-06-02 09:49:09 [self-0003-0-attack] Tiles: 50 / 97
2026-06-02 09:49:09 [self-0003-0-attack] Map: 20 x 21 Turn: 744
2026-06-02 09:49:09 [self-0003-0-attack] Route planned: Target = 86 Mode = defense city-free reachable tiles = 310 Fallback-Tiles = 312
2026-06-02 09:49:09 [self-0003-0-attack] Priority agent: edge reuse -9000, flow +6000 base = 232728 final = 229728
2026-06-02 09:49:09 [self-0003-0-attack] Move #721: 85 -> 86 | Army: 28 | Target-Terrain: 0 | Target: 86 | Half: False
2026-06-02 09:49:10 [self-0003-0-attack] My general index: 83
2026-06-02 09:49:10 [self-0003-0-attack] Enemy general index: None
2026-06-02 09:49:10 [self-0003-0-attack] Visible enemy tiles: 18
2026-06-02 09:49:10 [self-0003-0-attack] Tiles: 49 / 98
2026-06-02 09:49:10 [self-0003-0-attack] Map: 20 x 21 Turn: 745
2026-06-02 09:49:10 [self-0003-0-attack] Route planned: Target = 86 Mode = defense city-free reachable tiles = 310 Fallback-Tiles = 312
2026-06-02 09:49:10 [self-0003-0-attack] Priority agent: edge reuse -54000 base = 196530 final = 142530
2026-06-02 09:49:10 [self-0003-0-attack] Move #722: 87 -> 86 | Army: 83 | Target-Terrain: 0 | Target: 86 | Half: False
2026-06-02 09:49:10 [self-0003-0-attack] My general index: 83
2026-06-02 09:49:10 [self-0003-0-attack] Enemy general index: None
2026-06-02 09:49:10 [self-0003-0-attack] Visible enemy tiles: 19
2026-06-02 09:49:10 [self-0003-0-attack] Tiles: 48 / 99
2026-06-02 09:49:10 [self-0003-0-attack] Map: 20 x 21 Turn: 746
2026-06-02 09:49:10 [self-0003-0-attack] Route planned: Target = 87 Mode = defense city-free reachable tiles = 310 Fallback-Tiles = 312
2026-06-02 09:49:10 [self-0003-0-attack] Move #723: 62 -> 63 | Army: 28 | Target-Terrain: 0 | Target: 87 | Half: False
2026-06-02 09:49:11 [self-0003-0-attack] Coach: stabilize tiles 47/100 army 548/1076 cities 0/0 enemy_city_suspect False bias {'expansion_bias': 0.2, 'city_bias': 0.1, 'attack_bias': 0.4, 'defense_bias': 1.2, 'route_bias': 0.6}
2026-06-02 09:49:11 [self-0003-0-attack] My general index: 83
2026-06-02 09:49:11 [self-0003-0-attack] Enemy general index: None
2026-06-02 09:49:11 [self-0003-0-attack] Visible enemy tiles: 19
2026-06-02 09:49:11 [self-0003-0-attack] Tiles: 47 / 100
2026-06-02 09:49:11 [self-0003-0-attack] Map: 20 x 21 Turn: 747
2026-06-02 09:49:11 [self-0003-0-attack] Route planned: Target = 87 Mode = defense city-free reachable tiles = 310 Fallback-Tiles = 312
2026-06-02 09:49:11 [self-0003-0-attack] Priority agent: edge reuse -54000 base = 206680 final = 152680
2026-06-02 09:49:11 [self-0003-0-attack] Move #724: 86 -> 87 | Army: 110 | Target-Terrain: 0 | Target: 87 | Half: False
2026-06-02 09:49:11 [self-0003-0-attack] My general index: 83
2026-06-02 09:49:11 [self-0003-0-attack] Enemy general index: None
2026-06-02 09:49:11 [self-0003-0-attack] Visible enemy tiles: 19
2026-06-02 09:49:11 [self-0003-0-attack] Tiles: 47 / 100
2026-06-02 09:49:11 [self-0003-0-attack] Map: 20 x 21 Turn: 748
2026-06-02 09:49:11 [self-0003-0-attack] Route planned: Target = 86 Mode = defense city-free reachable tiles = 310 Fallback-Tiles = 312
2026-06-02 09:49:11 [self-0003-0-attack] Move #725: 63 -> 64 | Army: 41 | Target-Terrain: 0 | Target: 86 | Half: False
2026-06-02 09:49:12 [self-0003-0-attack] My general index: 83
2026-06-02 09:49:12 [self-0003-0-attack] Enemy general index: None
2026-06-02 09:49:12 [self-0003-0-attack] Visible enemy tiles: 19
2026-06-02 09:49:12 [self-0003-0-attack] Tiles: 47 / 100
2026-06-02 09:49:12 [self-0003-0-attack] Map: 20 x 21 Turn: 749
2026-06-02 09:49:12 [self-0003-0-attack] Route planned: Target = 86 Mode = defense city-free reachable tiles = 310 Fallback-Tiles = 312
2026-06-02 09:49:12 [self-0003-0-attack] Priority agent: flow +6000 base = 139761 final = 145761
2026-06-02 09:49:12 [self-0003-0-attack] Move #726: 64 -> 84 | Army: 41 | Target-Terrain: 0 | Target: 86 | Half: False
2026-06-02 09:49:12 [self-0003-0-attack] My general index: 83
2026-06-02 09:49:12 [self-0003-0-attack] Enemy general index: None
2026-06-02 09:49:12 [self-0003-0-attack] Visible enemy tiles: 19
2026-06-02 09:49:12 [self-0003-0-attack] Tiles: 47 / 100
2026-06-02 09:49:12 [self-0003-0-attack] Map: 20 x 21 Turn: 750
2026-06-02 09:49:12 [self-0003-0-attack] Route planned: Target = 86 Mode = defense city-free reachable tiles = 310 Fallback-Tiles = 312
2026-06-02 09:49:12 [self-0003-0-attack] Move #727: 106 -> 86 | Army: 2 | Target-Terrain: 0 | Target: 86 | Half: False
2026-06-02 09:49:13 [self-0003-0-attack] My general index: 83
2026-06-02 09:49:13 [self-0003-0-attack] Enemy general index: None
2026-06-02 09:49:13 [self-0003-0-attack] Visible enemy tiles: 19
2026-06-02 09:49:13 [self-0003-0-attack] Tiles: 47 / 100
2026-06-02 09:49:13 [self-0003-0-attack] Map: 20 x 21 Turn: 751
2026-06-02 09:49:13 [self-0003-0-attack] Route planned: Target = 86 Mode = defense city-free reachable tiles = 310 Fallback-Tiles = 312
2026-06-02 09:49:13 [self-0003-0-attack] Move #728: 66 -> 86 | Army: 2 | Target-Terrain: 0 | Target: 86 | Half: False
2026-06-02 09:49:13 [self-0003-0-attack] My general index: 83
2026-06-02 09:49:13 [self-0003-0-attack] Enemy general index: None
2026-06-02 09:49:13 [self-0003-0-attack] Visible enemy tiles: 19
2026-06-02 09:49:13 [self-0003-0-attack] Tiles: 47 / 100
2026-06-02 09:49:13 [self-0003-0-attack] Map: 20 x 21 Turn: 752
2026-06-02 09:49:13 [self-0003-0-attack] Route planned: Target = 86 Mode = defense city-free reachable tiles = 310 Fallback-Tiles = 312
2026-06-02 09:49:13 [self-0003-0-attack] Priority agent: edge reuse -9000 base = 228702 final = 219702
2026-06-02 09:49:13 [self-0003-0-attack] Move #729: 85 -> 86 | Army: 2 | Target-Terrain: 0 | Target: 86 | Half: False
2026-06-02 09:49:14 [self-0003-0-attack] My general index: 83
2026-06-02 09:49:14 [self-0003-0-attack] Enemy general index: None
2026-06-02 09:49:14 [self-0003-0-attack] Visible enemy tiles: 19
2026-06-02 09:49:14 [self-0003-0-attack] Tiles: 47 / 100
2026-06-02 09:49:14 [self-0003-0-attack] Map: 20 x 21 Turn: 753
2026-06-02 09:49:14 [self-0003-0-attack] Route planned: Target = 86 Mode = defense city-free reachable tiles = 310 Fallback-Tiles = 312
2026-06-02 09:49:14 [self-0003-0-attack] Priority agent: edge reuse -36000 base = 196530 final = 160530
2026-06-02 09:49:14 [self-0003-0-attack] Move #730: 87 -> 86 | Army: 111 | Target-Terrain: 0 | Target: 86 | Half: False
2026-06-02 09:49:14 [self-0003-0-attack] My general index: 83
2026-06-02 09:49:14 [self-0003-0-attack] Enemy general index: None
2026-06-02 09:49:14 [self-0003-0-attack] Visible enemy tiles: 19
2026-06-02 09:49:14 [self-0003-0-attack] Tiles: 47 / 100
2026-06-02 09:49:14 [self-0003-0-attack] Map: 20 x 21 Turn: 754
2026-06-02 09:49:14 [self-0003-0-attack] Route planned: Target = 87 Mode = defense city-free reachable tiles = 310 Fallback-Tiles = 312
2026-06-02 09:49:14 [self-0003-0-attack] Move #731: 88 -> 87 | Army: 2 | Target-Terrain: 0 | Target: 87 | Half: False
2026-06-02 09:49:15 [self-0003-0-attack] My general index: 83
2026-06-02 09:49:15 [self-0003-0-attack] Enemy general index: None
2026-06-02 09:49:15 [self-0003-0-attack] Visible enemy tiles: 20
2026-06-02 09:49:15 [self-0003-0-attack] Tiles: 46 / 101
2026-06-02 09:49:15 [self-0003-0-attack] Map: 20 x 21 Turn: 755
2026-06-02 09:49:15 [self-0003-0-attack] Route planned: Target = 85 Mode = defense city-free reachable tiles = 310 Fallback-Tiles = 312
2026-06-02 09:49:15 [self-0003-0-attack] Move #732: 84 -> 85 | Army: 42 | Target-Terrain: 0 | Target: 85 | Half: False
2026-06-02 09:49:15 [self-0003-0-attack] My general index: 83
2026-06-02 09:49:15 [self-0003-0-attack] Enemy general index: None
2026-06-02 09:49:15 [self-0003-0-attack] Visible enemy tiles: 21
2026-06-02 09:49:15 [self-0003-0-attack] Tiles: 45 / 102
2026-06-02 09:49:15 [self-0003-0-attack] Map: 20 x 21 Turn: 756
2026-06-02 09:49:15 [self-0003-0-attack] Route planned: Target = 87 Mode = defense city-free reachable tiles = 310 Fallback-Tiles = 312
2026-06-02 09:49:15 [self-0003-0-attack] Priority agent: edge reuse -36000 base = 243530 final = 207530
2026-06-02 09:49:15 [self-0003-0-attack] Move #733: 86 -> 87 | Army: 115 | Target-Terrain: 1 | Target: 87 | Half: False
2026-06-02 09:49:16 [self-0003-0-attack] My general index: 83
2026-06-02 09:49:16 [self-0003-0-attack] Enemy general index: None
2026-06-02 09:49:16 [self-0003-0-attack] Visible enemy tiles: 20
2026-06-02 09:49:16 [self-0003-0-attack] Tiles: 46 / 101
2026-06-02 09:49:16 [self-0003-0-attack] Map: 20 x 21 Turn: 757
2026-06-02 09:49:16 [self-0003-0-attack] Route planned: Target = 86 Mode = defense city-free reachable tiles = 310 Fallback-Tiles = 312
2026-06-02 09:49:16 [self-0003-0-attack] Priority agent: edge reuse -18000 base = 220642 final = 202642
2026-06-02 09:49:16 [self-0003-0-attack] Move #734: 85 -> 86 | Army: 42 | Target-Terrain: 0 | Target: 86 | Half: False
2026-06-02 09:49:16 [self-0003-0-attack] My general index: 83
2026-06-02 09:49:16 [self-0003-0-attack] Enemy general index: None
2026-06-02 09:49:16 [self-0003-0-attack] Visible enemy tiles: 20
2026-06-02 09:49:16 [self-0003-0-attack] Tiles: 46 / 101
2026-06-02 09:49:16 [self-0003-0-attack] Map: 20 x 21 Turn: 758
2026-06-02 09:49:16 [self-0003-0-attack] Route planned: Target = 85 Mode = defense city-free reachable tiles = 310 Fallback-Tiles = 312
2026-06-02 09:49:16 [self-0003-0-attack] Move #735: 65 -> 85 | Army: 2 | Target-Terrain: 0 | Target: 85 | Half: False
2026-06-02 09:49:17 [self-0003-0-attack] My general index: 83
2026-06-02 09:49:17 [self-0003-0-attack] Enemy general index: None
2026-06-02 09:49:17 [self-0003-0-attack] Visible enemy tiles: 20
2026-06-02 09:49:17 [self-0003-0-attack] Tiles: 46 / 101
2026-06-02 09:49:17 [self-0003-0-attack] Map: 20 x 21 Turn: 759
2026-06-02 09:49:17 [self-0003-0-attack] Route planned: Target = 85 Mode = defense city-free reachable tiles = 310 Fallback-Tiles = 312
2026-06-02 09:49:17 [self-0003-0-attack] Priority agent: edge reuse -18000 base = 196492 final = 178492
2026-06-02 09:49:17 [self-0003-0-attack] Move #736: 86 -> 85 | Army: 42 | Target-Terrain: 0 | Target: 85 | Half: False
2026-06-02 09:49:17 [self-0003-0-attack] My general index: 83
2026-06-02 09:49:17 [self-0003-0-attack] Enemy general index: None
2026-06-02 09:49:17 [self-0003-0-attack] Visible enemy tiles: 20
2026-06-02 09:49:17 [self-0003-0-attack] Tiles: 46 / 101
2026-06-02 09:49:17 [self-0003-0-attack] Map: 20 x 21 Turn: 760
2026-06-02 09:49:17 [self-0003-0-attack] Route planned: Target = 86 Mode = defense city-free reachable tiles = 310 Fallback-Tiles = 312
2026-06-02 09:49:17 [self-0003-0-attack] Priority agent: edge reuse -27000 base = 202530 final = 175530
2026-06-02 09:49:17 [self-0003-0-attack] Move #737: 87 -> 86 | Army: 100 | Target-Terrain: 0 | Target: 86 | Half: False
2026-06-02 09:49:18 [self-0003-0-attack] My general index: 83
2026-06-02 09:49:18 [self-0003-0-attack] Enemy general index: None
2026-06-02 09:49:18 [self-0003-0-attack] Visible enemy tiles: 20
2026-06-02 09:49:18 [self-0003-0-attack] Tiles: 46 / 101
2026-06-02 09:49:18 [self-0003-0-attack] Map: 20 x 21 Turn: 761
2026-06-02 09:49:18 [self-0003-0-attack] Route planned: Target = 87 Mode = defense city-free reachable tiles = 310 Fallback-Tiles = 312
2026-06-02 09:49:18 [self-0003-0-attack] Move #738: 107 -> 87 | Army: 2 | Target-Terrain: 0 | Target: 87 | Half: False
2026-06-02 09:49:18 [self-0003-0-attack] My general index: 83
2026-06-02 09:49:18 [self-0003-0-attack] Enemy general index: None
2026-06-02 09:49:18 [self-0003-0-attack] Visible enemy tiles: 20
2026-06-02 09:49:18 [self-0003-0-attack] Tiles: 46 / 101
2026-06-02 09:49:18 [self-0003-0-attack] Map: 20 x 21 Turn: 762
2026-06-02 09:49:18 [self-0003-0-attack] Route planned: Target = 87 Mode = defense city-free reachable tiles = 310 Fallback-Tiles = 312
2026-06-02 09:49:18 [self-0003-0-attack] Move #739: 67 -> 87 | Army: 2 | Target-Terrain: 0 | Target: 87 | Half: False
2026-06-02 09:49:19 [self-0003-0-attack] My general index: 83
2026-06-02 09:49:19 [self-0003-0-attack] Enemy general index: None
2026-06-02 09:49:19 [self-0003-0-attack] Visible enemy tiles: 21
2026-06-02 09:49:19 [self-0003-0-attack] Tiles: 45 / 102
2026-06-02 09:49:19 [self-0003-0-attack] Map: 20 x 21 Turn: 763
2026-06-02 09:49:19 [self-0003-0-attack] Route planned: Target = 87 Mode = defense city-free reachable tiles = 310 Fallback-Tiles = 312
2026-06-02 09:49:19 [self-0003-0-attack] Priority agent: edge reuse -27000 base = 210280 final = 183280
2026-06-02 09:49:19 [self-0003-0-attack] Move #740: 86 -> 87 | Army: 100 | Target-Terrain: 0 | Target: 87 | Half: False
2026-06-02 09:49:19 [self-0003-0-attack] My general index: 83
2026-06-02 09:49:19 [self-0003-0-attack] Enemy general index: None
2026-06-02 09:49:19 [self-0003-0-attack] Visible enemy tiles: 22
2026-06-02 09:49:19 [self-0003-0-attack] Tiles: 44 / 103
2026-06-02 09:49:19 [self-0003-0-attack] Map: 20 x 21 Turn: 764
2026-06-02 09:49:19 [self-0003-0-attack] Route planned: Target = 86 Mode = defense city-free reachable tiles = 310 Fallback-Tiles = 312
2026-06-02 09:49:19 [self-0003-0-attack] Priority agent: edge reuse -27000 base = 200643 final = 173643
2026-06-02 09:49:19 [self-0003-0-attack] Move #741: 85 -> 86 | Army: 43 | Target-Terrain: 0 | Target: 86 | Half: False
2026-06-02 09:49:20 [self-0003-0-attack] My general index: 83
2026-06-02 09:49:20 [self-0003-0-attack] Enemy general index: None
2026-06-02 09:49:20 [self-0003-0-attack] Visible enemy tiles: 23
2026-06-02 09:49:20 [self-0003-0-attack] Tiles: 43 / 104
2026-06-02 09:49:20 [self-0003-0-attack] Map: 20 x 21 Turn: 765
2026-06-02 09:49:20 [self-0003-0-attack] Route planned: Target = 85 Mode = defense city-free reachable tiles = 310 Fallback-Tiles = 312
2026-06-02 09:49:20 [self-0003-0-attack] Move #742: 202 -> 203 | Army: 2 | Target-Terrain: 0 | Target: 85 | Half: False
2026-06-02 09:49:20 [self-0003-0-attack] My general index: 83
2026-06-02 09:49:20 [self-0003-0-attack] Enemy general index: None
2026-06-02 09:49:20 [self-0003-0-attack] Visible enemy tiles: 24
2026-06-02 09:49:20 [self-0003-0-attack] Tiles: 42 / 105
2026-06-02 09:49:20 [self-0003-0-attack] Map: 20 x 21 Turn: 766
2026-06-02 09:49:20 [self-0003-0-attack] Route planned: Target = 85 Mode = defense city-free reachable tiles = 310 Fallback-Tiles = 312
2026-06-02 09:49:20 [self-0003-0-attack] Priority agent: edge reuse -36000 base = 196493 final = 160493
2026-06-02 09:49:20 [self-0003-0-attack] Move #743: 86 -> 85 | Army: 43 | Target-Terrain: 0 | Target: 85 | Half: False
2026-06-02 09:49:21 [self-0003-0-attack] My general index: 83
2026-06-02 09:49:21 [self-0003-0-attack] Enemy general index: None
2026-06-02 09:49:21 [self-0003-0-attack] Visible enemy tiles: 25
2026-06-02 09:49:21 [self-0003-0-attack] Tiles: 41 / 106
2026-06-02 09:49:21 [self-0003-0-attack] Map: 20 x 21 Turn: 767
2026-06-02 09:49:21 [self-0003-0-attack] Route planned: Target = 86 Mode = defense city-free reachable tiles = 310 Fallback-Tiles = 312
2026-06-02 09:49:21 [self-0003-0-attack] Move #744: 203 -> 204 | Army: 7 | Target-Terrain: 1 | Target: 86 | Half: False
2026-06-02 09:49:21 [self-0003-0-attack] My general index: 83
2026-06-02 09:49:21 [self-0003-0-attack] Enemy general index: None
2026-06-02 09:49:21 [self-0003-0-attack] Visible enemy tiles: 25
2026-06-02 09:49:21 [self-0003-0-attack] Tiles: 41 / 106
2026-06-02 09:49:21 [self-0003-0-attack] Map: 20 x 21 Turn: 768
2026-06-02 09:49:21 [self-0003-0-attack] Route planned: Target = 86 Mode = defense city-free reachable tiles = 310 Fallback-Tiles = 312
2026-06-02 09:49:21 [self-0003-0-attack] Priority agent: edge reuse -27000 base = 202530 final = 175530
2026-06-02 09:49:21 [self-0003-0-attack] Move #745: 87 -> 86 | Army: 102 | Target-Terrain: 0 | Target: 86 | Half: False
2026-06-02 09:49:22 [self-0003-0-attack] My general index: 83
2026-06-02 09:49:22 [self-0003-0-attack] Enemy general index: None
2026-06-02 09:49:22 [self-0003-0-attack] Visible enemy tiles: 25
2026-06-02 09:49:22 [self-0003-0-attack] Tiles: 41 / 106
2026-06-02 09:49:22 [self-0003-0-attack] Map: 20 x 21 Turn: 769
2026-06-02 09:49:22 [self-0003-0-attack] Route planned: Target = 124 Mode = defense city-free reachable tiles = 310 Fallback-Tiles = 312
2026-06-02 09:49:22 [self-0003-0-attack] Move #746: 144 -> 124 | Army: 7 | Target-Terrain: 0 | Target: 124 | Half: False
2026-06-02 09:49:22 [self-0003-0-attack] My general index: 83
2026-06-02 09:49:22 [self-0003-0-attack] Enemy general index: None
2026-06-02 09:49:22 [self-0003-0-attack] Visible enemy tiles: 25
2026-06-02 09:49:22 [self-0003-0-attack] Tiles: 41 / 106
2026-06-02 09:49:22 [self-0003-0-attack] Map: 20 x 21 Turn: 770
2026-06-02 09:49:22 [self-0003-0-attack] Route planned: Target = 124 Mode = defense city-free reachable tiles = 310 Fallback-Tiles = 312
2026-06-02 09:49:22 [self-0003-0-attack] Move #747: 104 -> 124 | Army: 2 | Target-Terrain: 0 | Target: 124 | Half: False
2026-06-02 09:49:23 [self-0003-0-attack] My general index: 83
2026-06-02 09:49:23 [self-0003-0-attack] Enemy general index: None
2026-06-02 09:49:23 [self-0003-0-attack] Visible enemy tiles: 25
2026-06-02 09:49:23 [self-0003-0-attack] Tiles: 40 / 107
2026-06-02 09:49:23 [self-0003-0-attack] Map: 20 x 21 Turn: 771
2026-06-02 09:49:23 [self-0003-0-attack] Route planned: Target = 124 Mode = defense city-free reachable tiles = 310 Fallback-Tiles = 312
2026-06-02 09:49:23 [self-0003-0-attack] Move #748: 267 -> 247 | Army: 6 | Target-Terrain: 1 | Target: 124 | Half: False
2026-06-02 09:49:23 [self-0003-0-attack] My general index: 83
2026-06-02 09:49:23 [self-0003-0-attack] Enemy general index: None
2026-06-02 09:49:23 [self-0003-0-attack] Visible enemy tiles: 25
2026-06-02 09:49:23 [self-0003-0-attack] Tiles: 41 / 106
2026-06-02 09:49:23 [self-0003-0-attack] Map: 20 x 21 Turn: 772
2026-06-02 09:49:23 [self-0003-0-attack] Route planned: Target = 124 Mode = defense city-free reachable tiles = 310 Fallback-Tiles = 312
2026-06-02 09:49:23 [self-0003-0-attack] Move #749: 204 -> 184 | Army: 5 | Target-Terrain: 1 | Target: 124 | Half: False
2026-06-02 09:49:24 [self-0003-0-attack] My general index: 83
2026-06-02 09:49:24 [self-0003-0-attack] Enemy general index: None
2026-06-02 09:49:24 [self-0003-0-attack] Visible enemy tiles: 22
2026-06-02 09:49:24 [self-0003-0-attack] Tiles: 41 / 106
2026-06-02 09:49:24 [self-0003-0-attack] Map: 20 x 21 Turn: 773
2026-06-02 09:49:24 [self-0003-0-attack] Route planned: Target = 124 Mode = defense city-free reachable tiles = 310 Fallback-Tiles = 312
2026-06-02 09:49:24 [self-0003-0-attack] Priority agent: flow +6000 base = 174573 final = 180573
2026-06-02 09:49:24 [self-0003-0-attack] Move #750: 184 -> 164 | Army: 3 | Target-Terrain: 1 | Target: 124 | Half: False
2026-06-02 09:49:24 [self-0003-0-attack] My general index: 83
2026-06-02 09:49:24 [self-0003-0-attack] Enemy general index: None
2026-06-02 09:49:24 [self-0003-0-attack] Visible enemy tiles: 21
2026-06-02 09:49:24 [self-0003-0-attack] Tiles: 41 / 106
2026-06-02 09:49:24 [self-0003-0-attack] Map: 20 x 21 Turn: 774
2026-06-02 09:49:24 [self-0003-0-attack] Route planned: Target = 124 Mode = defense city-free reachable tiles = 310 Fallback-Tiles = 312
2026-06-02 09:49:24 [self-0003-0-attack] Move #751: 225 -> 205 | Army: 4 | Target-Terrain: 1 | Target: 124 | Half: False
2026-06-02 09:49:25 [self-0003-0-attack] My general index: 83
2026-06-02 09:49:25 [self-0003-0-attack] Enemy general index: None
2026-06-02 09:49:25 [self-0003-0-attack] Visible enemy tiles: 20
2026-06-02 09:49:25 [self-0003-0-attack] Tiles: 42 / 105
2026-06-02 09:49:25 [self-0003-0-attack] Map: 20 x 21 Turn: 775
2026-06-02 09:49:25 [self-0003-0-attack] Route planned: Target = 124 Mode = defense city-free reachable tiles = 310 Fallback-Tiles = 312
2026-06-02 09:49:25 [self-0003-0-attack] Move #752: 226 -> 206 | Army: 5 | Target-Terrain: 1 | Target: 124 | Half: False
2026-06-02 09:49:25 [self-0003-0-attack] My general index: 83
2026-06-02 09:49:25 [self-0003-0-attack] Enemy general index: None
2026-06-02 09:49:25 [self-0003-0-attack] Visible enemy tiles: 19
2026-06-02 09:49:25 [self-0003-0-attack] Tiles: 43 / 104
2026-06-02 09:49:25 [self-0003-0-attack] Map: 20 x 21 Turn: 776
2026-06-02 09:49:25 [self-0003-0-attack] Route planned: Target = 124 Mode = defense city-free reachable tiles = 310 Fallback-Tiles = 312
2026-06-02 09:49:25 [self-0003-0-attack] Priority agent: flow +6000 base = 139503 final = 145503
2026-06-02 09:49:25 [self-0003-0-attack] Move #753: 206 -> 205 | Army: 3 | Target-Terrain: 0 | Target: 124 | Half: False
2026-06-02 09:49:26 [self-0003-0-attack] My general index: 83
2026-06-02 09:49:26 [self-0003-0-attack] Enemy general index: None
2026-06-02 09:49:26 [self-0003-0-attack] Visible enemy tiles: 20
2026-06-02 09:49:26 [self-0003-0-attack] Tiles: 42 / 105
2026-06-02 09:49:26 [self-0003-0-attack] Map: 20 x 21 Turn: 777
2026-06-02 09:49:26 [self-0003-0-attack] Route planned: Target = 124 Mode = defense city-free reachable tiles = 310 Fallback-Tiles = 312
2026-06-02 09:49:26 [self-0003-0-attack] Move #754: 266 -> 246 | Army: 3 | Target-Terrain: 1 | Target: 124 | Half: False
2026-06-02 09:49:26 [self-0003-0-attack] My general index: 83
2026-06-02 09:49:26 [self-0003-0-attack] Enemy general index: None
2026-06-02 09:49:26 [self-0003-0-attack] Visible enemy tiles: 19
2026-06-02 09:49:26 [self-0003-0-attack] Tiles: 43 / 104
2026-06-02 09:49:26 [self-0003-0-attack] Map: 20 x 21 Turn: 778
2026-06-02 09:49:26 [self-0003-0-attack] Route planned: Target = 124 Mode = defense city-free reachable tiles = 310 Fallback-Tiles = 312
2026-06-02 09:49:26 [self-0003-0-attack] Move #755: 205 -> 204 | Army: 4 | Target-Terrain: 0 | Target: 124 | Half: False
2026-06-02 09:49:27 [self-0003-0-attack] My general index: 83
2026-06-02 09:49:27 [self-0003-0-attack] Enemy general index: None
2026-06-02 09:49:27 [self-0003-0-attack] Visible enemy tiles: 19
2026-06-02 09:49:27 [self-0003-0-attack] Tiles: 43 / 104
2026-06-02 09:49:27 [self-0003-0-attack] Map: 20 x 21 Turn: 779
2026-06-02 09:49:27 [self-0003-0-attack] Route planned: Target = 124 Mode = defense city-free reachable tiles = 310 Fallback-Tiles = 312
2026-06-02 09:49:27 [self-0003-0-attack] Move #756: 85 -> 84 | Army: 43 | Target-Terrain: 0 | Target: 124 | Half: False
2026-06-02 09:49:27 [self-0003-0-attack] My general index: 83
2026-06-02 09:49:27 [self-0003-0-attack] Enemy general index: None
2026-06-02 09:49:27 [self-0003-0-attack] Visible enemy tiles: 20
2026-06-02 09:49:27 [self-0003-0-attack] Tiles: 42 / 105
2026-06-02 09:49:27 [self-0003-0-attack] Map: 20 x 21 Turn: 780
2026-06-02 09:49:27 [self-0003-0-attack] Route planned: Target = 85 Mode = defense city-free reachable tiles = 310 Fallback-Tiles = 312
2026-06-02 09:49:27 [self-0003-0-attack] Priority agent: edge reuse -9000 base = 243530 final = 234530
2026-06-02 09:49:27 [self-0003-0-attack] Move #757: 86 -> 85 | Army: 102 | Target-Terrain: 0 | Target: 85 | Half: False
2026-06-02 09:49:28 [self-0003-0-attack] My general index: 83
2026-06-02 09:49:28 [self-0003-0-attack] Enemy general index: None
2026-06-02 09:49:28 [self-0003-0-attack] Visible enemy tiles: 20
2026-06-02 09:49:28 [self-0003-0-attack] Tiles: 41 / 106
2026-06-02 09:49:28 [self-0003-0-attack] Map: 20 x 21 Turn: 781
2026-06-02 09:49:28 [self-0003-0-attack] Route planned: Target = 86 Mode = defense city-free reachable tiles = 310 Fallback-Tiles = 312
2026-06-02 09:49:28 [self-0003-0-attack] Priority agent: reverse -35000, edge reuse -9000 base = 230780 final = 186780
2026-06-02 09:49:28 [self-0003-0-attack] Move #758: 85 -> 86 | Army: 102 | Target-Terrain: 0 | Target: 86 | Half: False
2026-06-02 09:49:28 [self-0003-0-attack] My general index: 83
2026-06-02 09:49:28 [self-0003-0-attack] Enemy general index: None
2026-06-02 09:49:28 [self-0003-0-attack] Visible enemy tiles: 20
2026-06-02 09:49:28 [self-0003-0-attack] Tiles: 41 / 106
2026-06-02 09:49:28 [self-0003-0-attack] Map: 20 x 21 Turn: 782
2026-06-02 09:49:28 [self-0003-0-attack] Route planned: Target = 85 Mode = defense city-free reachable tiles = 310 Fallback-Tiles = 312
2026-06-02 09:49:28 [self-0003-0-attack] Priority agent: edge reuse -9000 base = 221643 final = 212643
2026-06-02 09:49:28 [self-0003-0-attack] Move #759: 84 -> 85 | Army: 43 | Target-Terrain: 0 | Target: 85 | Half: False
2026-06-02 09:49:29 [self-0003-0-attack] My general index: 83
2026-06-02 09:49:29 [self-0003-0-attack] Enemy general index: None
2026-06-02 09:49:29 [self-0003-0-attack] Visible enemy tiles: 20
2026-06-02 09:49:29 [self-0003-0-attack] Tiles: 41 / 106
2026-06-02 09:49:29 [self-0003-0-attack] Map: 20 x 21 Turn: 783
2026-06-02 09:49:29 [self-0003-0-attack] Route planned: Target = 124 Mode = defense city-free reachable tiles = 310 Fallback-Tiles = 312
2026-06-02 09:49:29 [self-0003-0-attack] Priority agent: edge reuse -9000 base = 171734 final = 162734
2026-06-02 09:49:29 [self-0003-0-attack] Move #760: 204 -> 184 | Army: 4 | Target-Terrain: 1 | Target: 124 | Half: False
2026-06-02 09:49:29 [self-0003-0-attack] My general index: 83
2026-06-02 09:49:29 [self-0003-0-attack] Enemy general index: None
2026-06-02 09:49:29 [self-0003-0-attack] Visible enemy tiles: 15
2026-06-02 09:49:29 [self-0003-0-attack] Tiles: 41 / 106
2026-06-02 09:49:29 [self-0003-0-attack] Map: 20 x 21 Turn: 784
2026-06-02 09:49:29 [self-0003-0-attack] Route planned: Target = 124 Mode = defense city-free reachable tiles = 310 Fallback-Tiles = 312
2026-06-02 09:49:29 [self-0003-0-attack] Move #761: 224 -> 204 | Army: 5 | Target-Terrain: 0 | Target: 124 | Half: False
2026-06-02 09:49:30 [self-0003-0-attack] My general index: 83
2026-06-02 09:49:30 [self-0003-0-attack] Enemy general index: None
2026-06-02 09:49:30 [self-0003-0-attack] Visible enemy tiles: 15
2026-06-02 09:49:30 [self-0003-0-attack] Tiles: 41 / 106
2026-06-02 09:49:30 [self-0003-0-attack] Map: 20 x 21 Turn: 785
2026-06-02 09:49:30 [self-0003-0-attack] Route planned: Target = 124 Mode = defense city-free reachable tiles = 310 Fallback-Tiles = 312
2026-06-02 09:49:30 [self-0003-0-attack] Move #762: 222 -> 202 | Army: 6 | Target-Terrain: 0 | Target: 124 | Half: False
2026-06-02 09:49:30 [self-0003-0-attack] My general index: 83
2026-06-02 09:49:30 [self-0003-0-attack] Enemy general index: None
2026-06-02 09:49:30 [self-0003-0-attack] Visible enemy tiles: 15
2026-06-02 09:49:30 [self-0003-0-attack] Tiles: 41 / 106
2026-06-02 09:49:30 [self-0003-0-attack] Map: 20 x 21 Turn: 786
2026-06-02 09:49:30 [self-0003-0-attack] Route planned: Target = 124 Mode = defense city-free reachable tiles = 310 Fallback-Tiles = 312
2026-06-02 09:49:30 [self-0003-0-attack] Priority agent: flow +6000 base = 145506 final = 151506
2026-06-02 09:49:30 [self-0003-0-attack] Move #763: 202 -> 203 | Army: 6 | Target-Terrain: 0 | Target: 124 | Half: False
2026-06-02 09:49:31 [self-0003-0-attack] My general index: 83
2026-06-02 09:49:31 [self-0003-0-attack] Enemy general index: None
2026-06-02 09:49:31 [self-0003-0-attack] Visible enemy tiles: 15
2026-06-02 09:49:31 [self-0003-0-attack] Tiles: 41 / 106
2026-06-02 09:49:31 [self-0003-0-attack] Map: 20 x 21 Turn: 787
2026-06-02 09:49:31 [self-0003-0-attack] Route planned: Target = 124 Mode = defense city-free reachable tiles = 310 Fallback-Tiles = 312
2026-06-02 09:49:31 [self-0003-0-attack] Priority agent: flow +6000 base = 131746 final = 137746
2026-06-02 09:49:31 [self-0003-0-attack] Move #764: 203 -> 204 | Army: 6 | Target-Terrain: 0 | Target: 124 | Half: False
2026-06-02 09:49:31 [self-0003-0-attack] My general index: 83
2026-06-02 09:49:31 [self-0003-0-attack] Enemy general index: None
2026-06-02 09:49:31 [self-0003-0-attack] Visible enemy tiles: 14
2026-06-02 09:49:31 [self-0003-0-attack] Tiles: 40 / 107
2026-06-02 09:49:31 [self-0003-0-attack] Map: 20 x 21 Turn: 788
2026-06-02 09:49:31 [self-0003-0-attack] Route planned: Target = 124 Mode = defense city-free reachable tiles = 310 Fallback-Tiles = 312
2026-06-02 09:49:31 [self-0003-0-attack] Priority agent: edge reuse -9000, flow +6000 base = 141440 final = 138440
2026-06-02 09:49:31 [self-0003-0-attack] Move #765: 204 -> 184 | Army: 10 | Target-Terrain: 0 | Target: 124 | Half: False
2026-06-02 09:49:32 [self-0003-0-attack] My general index: 83
2026-06-02 09:49:32 [self-0003-0-attack] Enemy general index: None
2026-06-02 09:49:32 [self-0003-0-attack] Visible enemy tiles: 15
2026-06-02 09:49:32 [self-0003-0-attack] Tiles: 39 / 108
2026-06-02 09:49:32 [self-0003-0-attack] Map: 20 x 21 Turn: 789
2026-06-02 09:49:32 [self-0003-0-attack] Route planned: Target = 124 Mode = defense city-free reachable tiles = 310 Fallback-Tiles = 312
2026-06-02 09:49:32 [self-0003-0-attack] Priority agent: flow +6000 base = 174580 final = 180580
2026-06-02 09:49:32 [self-0003-0-attack] Move #766: 184 -> 164 | Army: 10 | Target-Terrain: 1 | Target: 124 | Half: False
2026-06-02 09:49:32 [self-0003-0-attack] My general index: 83
2026-06-02 09:49:32 [self-0003-0-attack] Enemy general index: None
2026-06-02 09:49:32 [self-0003-0-attack] Visible enemy tiles: 15
2026-06-02 09:49:32 [self-0003-0-attack] Tiles: 39 / 108
2026-06-02 09:49:32 [self-0003-0-attack] Map: 20 x 21 Turn: 790
2026-06-02 09:49:32 [self-0003-0-attack] Route planned: Target = 124 Mode = defense city-free reachable tiles = 310 Fallback-Tiles = 312
2026-06-02 09:49:32 [self-0003-0-attack] Priority agent: flow +6000 base = 177018 final = 183018
2026-06-02 09:49:32 [self-0003-0-attack] Move #767: 164 -> 144 | Army: 8 | Target-Terrain: 1 | Target: 124 | Half: False
2026-06-02 09:49:33 [self-0003-0-attack] My general index: 83
2026-06-02 09:49:33 [self-0003-0-attack] Enemy general index: None
2026-06-02 09:49:33 [self-0003-0-attack] Visible enemy tiles: 15
2026-06-02 09:49:33 [self-0003-0-attack] Tiles: 39 / 108
2026-06-02 09:49:33 [self-0003-0-attack] Map: 20 x 21 Turn: 791
2026-06-02 09:49:33 [self-0003-0-attack] Route planned: Target = 124 Mode = defense city-free reachable tiles = 310 Fallback-Tiles = 312
2026-06-02 09:49:33 [self-0003-0-attack] Priority agent: flow +6000 base = 241706 final = 247706
2026-06-02 09:49:33 [self-0003-0-attack] Move #768: 144 -> 124 | Army: 6 | Target-Terrain: 0 | Target: 124 | Half: False
2026-06-02 09:49:33 [self-0003-0-attack] My general index: 83
2026-06-02 09:49:33 [self-0003-0-attack] Enemy general index: None
2026-06-02 09:49:33 [self-0003-0-attack] Visible enemy tiles: 16
2026-06-02 09:49:33 [self-0003-0-attack] Tiles: 38 / 109
2026-06-02 09:49:33 [self-0003-0-attack] Map: 20 x 21 Turn: 792
2026-06-02 09:49:33 [self-0003-0-attack] Route planned: Target = 64 Mode = defense city-free reachable tiles = 310 Fallback-Tiles = 312
2026-06-02 09:49:33 [self-0003-0-attack] Move #769: 63 -> 64 | Army: 2 | Target-Terrain: 0 | Target: 64 | Half: False
2026-06-02 09:49:34 [self-0003-0-attack] My general index: 83
2026-06-02 09:49:34 [self-0003-0-attack] Enemy general index: None
2026-06-02 09:49:34 [self-0003-0-attack] Visible enemy tiles: 17
2026-06-02 09:49:34 [self-0003-0-attack] Tiles: 37 / 110
2026-06-02 09:49:34 [self-0003-0-attack] Map: 20 x 21 Turn: 793
2026-06-02 09:49:34 [self-0003-0-attack] Route planned: Target = 63 Mode = defense city-free reachable tiles = 310 Fallback-Tiles = 312
2026-06-02 09:49:34 [self-0003-0-attack] Move #770: 83 -> 63 | Army: 288 | Target-Terrain: 0 | Target: 63 | Half: True
2026-06-02 09:49:34 [self-0003-0-attack] My general index: 83
2026-06-02 09:49:34 [self-0003-0-attack] Enemy general index: None
2026-06-02 09:49:34 [self-0003-0-attack] Visible enemy tiles: 18
2026-06-02 09:49:34 [self-0003-0-attack] Tiles: 36 / 111
2026-06-02 09:49:34 [self-0003-0-attack] Map: 20 x 21 Turn: 794
2026-06-02 09:49:34 [self-0003-0-attack] Route planned: Target = 64 Mode = defense city-free reachable tiles = 310 Fallback-Tiles = 312
2026-06-02 09:49:34 [self-0003-0-attack] Priority agent: edge reuse -9000, flow +6000 base = 279530 final = 276530
2026-06-02 09:49:34 [self-0003-0-attack] Move #771: 63 -> 64 | Army: 145 | Target-Terrain: 1 | Target: 64 | Half: False
2026-06-02 09:49:35 [self-0003-0-attack] My general index: 83
2026-06-02 09:49:35 [self-0003-0-attack] Enemy general index: None
2026-06-02 09:49:35 [self-0003-0-attack] Visible enemy tiles: 17
2026-06-02 09:49:35 [self-0003-0-attack] Tiles: 37 / 110
2026-06-02 09:49:35 [self-0003-0-attack] Map: 20 x 21 Turn: 795
2026-06-02 09:49:35 [self-0003-0-attack] Route planned: Target = 63 Mode = defense city-free reachable tiles = 310 Fallback-Tiles = 312
2026-06-02 09:49:35 [self-0003-0-attack] Move #772: 62 -> 63 | Army: 2 | Target-Terrain: 0 | Target: 63 | Half: False
2026-06-02 09:49:35 [self-0003-0-attack] My general index: 83
2026-06-02 09:49:35 [self-0003-0-attack] Enemy general index: None
2026-06-02 09:49:35 [self-0003-0-attack] Visible enemy tiles: 17
2026-06-02 09:49:35 [self-0003-0-attack] Tiles: 37 / 110
2026-06-02 09:49:35 [self-0003-0-attack] Map: 20 x 21 Turn: 796
2026-06-02 09:49:35 [self-0003-0-attack] Route planned: Target = 63 Mode = defense city-free reachable tiles = 310 Fallback-Tiles = 312
2026-06-02 09:49:35 [self-0003-0-attack] Priority agent: edge reuse -9000 base = 233030 final = 224030
2026-06-02 09:49:35 [self-0003-0-attack] Move #773: 83 -> 63 | Army: 146 | Target-Terrain: 0 | Target: 63 | Half: True
2026-06-02 09:49:36 [self-0003-0-attack] Coach: stabilize tiles 37/110 army 446/1102 cities 0/0 enemy_city_suspect False bias {'expansion_bias': 0.2, 'city_bias': 0.1, 'attack_bias': 0.4, 'defense_bias': 1.2, 'route_bias': 0.6}
2026-06-02 09:49:36 [self-0003-0-attack] My general index: 83
2026-06-02 09:49:36 [self-0003-0-attack] Enemy general index: None
2026-06-02 09:49:36 [self-0003-0-attack] Visible enemy tiles: 17
2026-06-02 09:49:36 [self-0003-0-attack] Tiles: 37 / 110
2026-06-02 09:49:36 [self-0003-0-attack] Map: 20 x 21 Turn: 797
2026-06-02 09:49:36 [self-0003-0-attack] Route planned: Target = 62 Mode = defense city-free reachable tiles = 310 Fallback-Tiles = 312
2026-06-02 09:49:36 [self-0003-0-attack] Move #774: 82 -> 62 | Army: 3 | Target-Terrain: 0 | Target: 62 | Half: False
2026-06-02 09:49:36 [self-0003-0-attack] My general index: 83
2026-06-02 09:49:36 [self-0003-0-attack] Enemy general index: None
2026-06-02 09:49:36 [self-0003-0-attack] Visible enemy tiles: 17
2026-06-02 09:49:36 [self-0003-0-attack] Tiles: 37 / 110
2026-06-02 09:49:36 [self-0003-0-attack] Map: 20 x 21 Turn: 798
2026-06-02 09:49:36 [self-0003-0-attack] Route planned: Target = 62 Mode = defense city-free reachable tiles = 310 Fallback-Tiles = 312
2026-06-02 09:49:36 [self-0003-0-attack] Priority agent: edge reuse -9000 base = 222325 final = 213325
2026-06-02 09:49:36 [self-0003-0-attack] Move #775: 63 -> 62 | Army: 75 | Target-Terrain: 0 | Target: 62 | Half: False
2026-06-02 09:49:37 [self-0003-0-attack] My general index: 83
2026-06-02 09:49:37 [self-0003-0-attack] Enemy general index: None
2026-06-02 09:49:37 [self-0003-0-attack] Visible enemy tiles: 17
2026-06-02 09:49:37 [self-0003-0-attack] Tiles: 37 / 110
2026-06-02 09:49:37 [self-0003-0-attack] Map: 20 x 21 Turn: 799
2026-06-02 09:49:37 [self-0003-0-attack] Route planned: Target = 63 Mode = defense city-free reachable tiles = 310 Fallback-Tiles = 312
2026-06-02 09:49:37 [self-0003-0-attack] Priority agent: edge reuse -18000 base = 218024 final = 200024
2026-06-02 09:49:37 [self-0003-0-attack] Move #776: 83 -> 63 | Army: 74 | Target-Terrain: 0 | Target: 63 | Half: True
2026-06-02 09:49:37 [self-0003-0-attack] My general index: 83
2026-06-02 09:49:37 [self-0003-0-attack] Enemy general index: None
2026-06-02 09:49:37 [self-0003-0-attack] Visible enemy tiles: 17
2026-06-02 09:49:37 [self-0003-0-attack] Tiles: 37 / 110
2026-06-02 09:49:37 [self-0003-0-attack] Map: 20 x 21 Turn: 800
2026-06-02 09:49:37 [self-0003-0-attack] Route planned: Target = 124 Mode = defense city-free reachable tiles = 310 Fallback-Tiles = 312
2026-06-02 09:49:37 [self-0003-0-attack] Move #777: 104 -> 124 | Army: 2 | Target-Terrain: 0 | Target: 124 | Half: False
2026-06-02 09:49:38 [self-0003-0-attack] My general index: 83
2026-06-02 09:49:38 [self-0003-0-attack] Enemy general index: None
2026-06-02 09:49:38 [self-0003-0-attack] Visible enemy tiles: 17
2026-06-02 09:49:38 [self-0003-0-attack] Tiles: 37 / 110
2026-06-02 09:49:38 [self-0003-0-attack] Map: 20 x 21 Turn: 801
2026-06-02 09:49:38 [self-0003-0-attack] Route planned: Target = 124 Mode = defense city-free reachable tiles = 310 Fallback-Tiles = 312
2026-06-02 09:49:38 [self-0003-0-attack] Priority agent: edge reuse -9000 base = 227502 final = 218502
2026-06-02 09:49:38 [self-0003-0-attack] Move #778: 144 -> 124 | Army: 2 | Target-Terrain: 0 | Target: 124 | Half: False
2026-06-02 09:49:38 [self-0003-0-attack] My general index: 83
2026-06-02 09:49:38 [self-0003-0-attack] Enemy general index: None
2026-06-02 09:49:38 [self-0003-0-attack] Visible enemy tiles: 17
2026-06-02 09:49:38 [self-0003-0-attack] Tiles: 37 / 110
2026-06-02 09:49:38 [self-0003-0-attack] Map: 20 x 21 Turn: 802
2026-06-02 09:49:38 [self-0003-0-attack] Route planned: Target = 124 Mode = defense city-free reachable tiles = 310 Fallback-Tiles = 312
2026-06-02 09:49:38 [self-0003-0-attack] Move #779: 205 -> 204 | Army: 2 | Target-Terrain: 0 | Target: 124 | Half: False
2026-06-02 09:49:39 [self-0003-0-attack] My general index: 83
2026-06-02 09:49:39 [self-0003-0-attack] Enemy general index: None
2026-06-02 09:49:39 [self-0003-0-attack] Visible enemy tiles: 17
2026-06-02 09:49:39 [self-0003-0-attack] Tiles: 37 / 110
2026-06-02 09:49:39 [self-0003-0-attack] Map: 20 x 21 Turn: 803
2026-06-02 09:49:39 [self-0003-0-attack] Route planned: Target = 124 Mode = defense city-free reachable tiles = 310 Fallback-Tiles = 312
2026-06-02 09:49:39 [self-0003-0-attack] Priority agent: flow +6000 base = 141433 final = 147433
2026-06-02 09:49:39 [self-0003-0-attack] Move #780: 204 -> 184 | Army: 3 | Target-Terrain: 0 | Target: 124 | Half: False
2026-06-02 09:49:39 [self-0003-0-attack] My general index: 83
2026-06-02 09:49:39 [self-0003-0-attack] Enemy general index: None
2026-06-02 09:49:39 [self-0003-0-attack] Visible enemy tiles: 17
2026-06-02 09:49:39 [self-0003-0-attack] Tiles: 37 / 110
2026-06-02 09:49:39 [self-0003-0-attack] Map: 20 x 21 Turn: 804
2026-06-02 09:49:39 [self-0003-0-attack] Route planned: Target = 124 Mode = defense city-free reachable tiles = 310 Fallback-Tiles = 312
2026-06-02 09:49:39 [self-0003-0-attack] Priority agent: flow +6000 base = 141524 final = 147524
2026-06-02 09:49:39 [self-0003-0-attack] Move #781: 184 -> 164 | Army: 4 | Target-Terrain: 0 | Target: 124 | Half: False
2026-06-02 09:49:40 [self-0003-0-attack] My general index: 83
2026-06-02 09:49:40 [self-0003-0-attack] Enemy general index: None
2026-06-02 09:49:40 [self-0003-0-attack] Visible enemy tiles: 17
2026-06-02 09:49:40 [self-0003-0-attack] Tiles: 37 / 110
2026-06-02 09:49:40 [self-0003-0-attack] Map: 20 x 21 Turn: 805
2026-06-02 09:49:40 [self-0003-0-attack] Route planned: Target = 124 Mode = defense city-free reachable tiles = 310 Fallback-Tiles = 312
2026-06-02 09:49:40 [self-0003-0-attack] Priority agent: flow +6000 base = 144015 final = 150015
2026-06-02 09:49:40 [self-0003-0-attack] Move #782: 164 -> 144 | Army: 5 | Target-Terrain: 0 | Target: 124 | Half: False
2026-06-02 09:49:40 [self-0003-0-attack] My general index: 83
2026-06-02 09:49:40 [self-0003-0-attack] Enemy general index: None
2026-06-02 09:49:40 [self-0003-0-attack] Visible enemy tiles: 17
2026-06-02 09:49:40 [self-0003-0-attack] Tiles: 37 / 110
2026-06-02 09:49:40 [self-0003-0-attack] Map: 20 x 21 Turn: 806
2026-06-02 09:49:40 [self-0003-0-attack] Route planned: Target = 124 Mode = defense city-free reachable tiles = 310 Fallback-Tiles = 312
2026-06-02 09:49:40 [self-0003-0-attack] Priority agent: edge reuse -9000, flow +6000 base = 229705 final = 226705
2026-06-02 09:49:40 [self-0003-0-attack] Move #783: 144 -> 124 | Army: 5 | Target-Terrain: 0 | Target: 124 | Half: False
2026-06-02 09:49:41 [self-0003-0-attack] My general index: 83
2026-06-02 09:49:41 [self-0003-0-attack] Enemy general index: None
2026-06-02 09:49:41 [self-0003-0-attack] Visible enemy tiles: 17
2026-06-02 09:49:41 [self-0003-0-attack] Tiles: 37 / 110
2026-06-02 09:49:41 [self-0003-0-attack] Map: 20 x 21 Turn: 807
2026-06-02 09:49:41 [self-0003-0-attack] Route planned: Target = 124 Mode = defense city-free reachable tiles = 310 Fallback-Tiles = 312
2026-06-02 09:49:41 [self-0003-0-attack] Move #784: 202 -> 203 | Army: 2 | Target-Terrain: 0 | Target: 124 | Half: False
2026-06-02 09:49:41 [self-0003-0-attack] My general index: 83
2026-06-02 09:49:41 [self-0003-0-attack] Enemy general index: None
2026-06-02 09:49:41 [self-0003-0-attack] Visible enemy tiles: 17
2026-06-02 09:49:41 [self-0003-0-attack] Tiles: 37 / 110
2026-06-02 09:49:41 [self-0003-0-attack] Map: 20 x 21 Turn: 808
2026-06-02 09:49:41 [self-0003-0-attack] Route planned: Target = 124 Mode = defense city-free reachable tiles = 310 Fallback-Tiles = 312
2026-06-02 09:49:41 [self-0003-0-attack] Priority agent: flow +6000 base = 143743 final = 149743
2026-06-02 09:49:41 [self-0003-0-attack] Move #785: 203 -> 204 | Army: 3 | Target-Terrain: 0 | Target: 124 | Half: False
2026-06-02 09:49:42 [self-0003-0-attack] My general index: 83
2026-06-02 09:49:42 [self-0003-0-attack] Enemy general index: None
2026-06-02 09:49:42 [self-0003-0-attack] Visible enemy tiles: 17
2026-06-02 09:49:42 [self-0003-0-attack] Tiles: 37 / 110
2026-06-02 09:49:42 [self-0003-0-attack] Map: 20 x 21 Turn: 809
2026-06-02 09:49:42 [self-0003-0-attack] Route planned: Target = 124 Mode = defense city-free reachable tiles = 310 Fallback-Tiles = 312
2026-06-02 09:49:42 [self-0003-0-attack] Move #786: 86 -> 85 | Army: 103 | Target-Terrain: 0 | Target: 124 | Half: False
2026-06-02 09:49:42 [self-0003-0-attack] My general index: 83
2026-06-02 09:49:42 [self-0003-0-attack] Enemy general index: None
2026-06-02 09:49:42 [self-0003-0-attack] Visible enemy tiles: 17
2026-06-02 09:49:42 [self-0003-0-attack] Tiles: 37 / 110
2026-06-02 09:49:42 [self-0003-0-attack] Map: 20 x 21 Turn: 810
2026-06-02 09:49:42 [self-0003-0-attack] Route planned: Target = 86 Mode = defense city-free reachable tiles = 310 Fallback-Tiles = 312
2026-06-02 09:49:42 [self-0003-0-attack] Move #787: 106 -> 86 | Army: 2 | Target-Terrain: 0 | Target: 86 | Half: False
2026-06-02 09:49:43 [self-0003-0-attack] My general index: 83
2026-06-02 09:49:43 [self-0003-0-attack] Enemy general index: None
2026-06-02 09:49:43 [self-0003-0-attack] Visible enemy tiles: 17
2026-06-02 09:49:43 [self-0003-0-attack] Tiles: 37 / 110
2026-06-02 09:49:43 [self-0003-0-attack] Map: 20 x 21 Turn: 811
2026-06-02 09:49:43 [self-0003-0-attack] Route planned: Target = 86 Mode = defense city-free reachable tiles = 310 Fallback-Tiles = 312
2026-06-02 09:49:43 [self-0003-0-attack] Priority agent: edge reuse -9000 base = 227680 final = 218680
2026-06-02 09:49:43 [self-0003-0-attack] Move #788: 85 -> 86 | Army: 146 | Target-Terrain: 0 | Target: 86 | Half: False
2026-06-02 09:49:43 [self-0003-0-attack] My general index: 83
2026-06-02 09:49:43 [self-0003-0-attack] Enemy general index: None
2026-06-02 09:49:43 [self-0003-0-attack] Visible enemy tiles: 17
2026-06-02 09:49:43 [self-0003-0-attack] Tiles: 37 / 110
2026-06-02 09:49:43 [self-0003-0-attack] Map: 20 x 21 Turn: 812
2026-06-02 09:49:43 [self-0003-0-attack] Route planned: Target = 85 Mode = defense city-free reachable tiles = 310 Fallback-Tiles = 312
2026-06-02 09:49:43 [self-0003-0-attack] Move #789: 84 -> 85 | Army: 2 | Target-Terrain: 0 | Target: 85 | Half: False
2026-06-02 09:49:44 [self-0003-0-attack] My general index: 83
2026-06-02 09:49:44 [self-0003-0-attack] Enemy general index: None
2026-06-02 09:49:44 [self-0003-0-attack] Visible enemy tiles: 17
2026-06-02 09:49:44 [self-0003-0-attack] Tiles: 37 / 110
2026-06-02 09:49:44 [self-0003-0-attack] Map: 20 x 21 Turn: 813
2026-06-02 09:49:44 [self-0003-0-attack] Route planned: Target = 85 Mode = defense city-free reachable tiles = 310 Fallback-Tiles = 312
2026-06-02 09:49:44 [self-0003-0-attack] Priority agent: edge reuse -18000 base = 196530 final = 178530
2026-06-02 09:49:44 [self-0003-0-attack] Move #790: 86 -> 85 | Army: 147 | Target-Terrain: 0 | Target: 85 | Half: False
2026-06-02 09:49:44 [self-0003-0-attack] My general index: 83
2026-06-02 09:49:44 [self-0003-0-attack] Enemy general index: None
2026-06-02 09:49:44 [self-0003-0-attack] Visible enemy tiles: 17
2026-06-02 09:49:44 [self-0003-0-attack] Tiles: 37 / 110
2026-06-02 09:49:44 [self-0003-0-attack] Map: 20 x 21 Turn: 814
2026-06-02 09:49:44 [self-0003-0-attack] Route planned: Target = 86 Mode = defense city-free reachable tiles = 310 Fallback-Tiles = 312
2026-06-02 09:49:44 [self-0003-0-attack] Move #791: 64 -> 65 | Army: 55 | Target-Terrain: 1 | Target: 86 | Half: False
2026-06-02 09:49:45 [self-0003-0-attack] My general index: 83
2026-06-02 09:49:45 [self-0003-0-attack] Enemy general index: None
2026-06-02 09:49:45 [self-0003-0-attack] Visible enemy tiles: 16
2026-06-02 09:49:45 [self-0003-0-attack] Tiles: 38 / 109
2026-06-02 09:49:45 [self-0003-0-attack] Map: 20 x 21 Turn: 815
2026-06-02 09:49:45 [self-0003-0-attack] Route planned: Target = 64 Mode = defense city-free reachable tiles = 310 Fallback-Tiles = 312
2026-06-02 09:49:45 [self-0003-0-attack] Move #792: 63 -> 64 | Army: 39 | Target-Terrain: 0 | Target: 64 | Half: False
2026-06-02 09:49:45 [self-0003-0-attack] My general index: 83
2026-06-02 09:49:45 [self-0003-0-attack] Enemy general index: None
2026-06-02 09:49:45 [self-0003-0-attack] Visible enemy tiles: 16
2026-06-02 09:49:45 [self-0003-0-attack] Tiles: 38 / 109
2026-06-02 09:49:45 [self-0003-0-attack] Map: 20 x 21 Turn: 816
2026-06-02 09:49:45 [self-0003-0-attack] Route planned: Target = 63 Mode = defense city-free reachable tiles = 310 Fallback-Tiles = 312
2026-06-02 09:49:45 [self-0003-0-attack] Move #793: 62 -> 63 | Army: 78 | Target-Terrain: 0 | Target: 63 | Half: False
2026-06-02 09:49:46 [self-0003-0-attack] My general index: 83
2026-06-02 09:49:46 [self-0003-0-attack] Enemy general index: None
2026-06-02 09:49:46 [self-0003-0-attack] Visible enemy tiles: 16
2026-06-02 09:49:46 [self-0003-0-attack] Tiles: 38 / 109
2026-06-02 09:49:46 [self-0003-0-attack] Map: 20 x 21 Turn: 817
2026-06-02 09:49:46 [self-0003-0-attack] Route planned: Target = 62 Mode = defense city-free reachable tiles = 310 Fallback-Tiles = 312
2026-06-02 09:49:46 [self-0003-0-attack] Move #794: 82 -> 62 | Army: 2 | Target-Terrain: 0 | Target: 62 | Half: False
2026-06-02 09:49:46 [self-0003-0-attack] My general index: 83
2026-06-02 09:49:46 [self-0003-0-attack] Enemy general index: None
2026-06-02 09:49:46 [self-0003-0-attack] Visible enemy tiles: 16
2026-06-02 09:49:46 [self-0003-0-attack] Tiles: 38 / 109
2026-06-02 09:49:46 [self-0003-0-attack] Map: 20 x 21 Turn: 818
2026-06-02 09:49:46 [self-0003-0-attack] Route planned: Target = 62 Mode = defense city-free reachable tiles = 310 Fallback-Tiles = 312
2026-06-02 09:49:46 [self-0003-0-attack] Priority agent: edge reuse -9000 base = 222328 final = 213328
2026-06-02 09:49:46 [self-0003-0-attack] Move #795: 63 -> 62 | Army: 78 | Target-Terrain: 0 | Target: 62 | Half: False
2026-06-02 09:49:47 [self-0003-0-attack] My general index: 83
2026-06-02 09:49:47 [self-0003-0-attack] Enemy general index: None
2026-06-02 09:49:47 [self-0003-0-attack] Visible enemy tiles: 16
2026-06-02 09:49:47 [self-0003-0-attack] Tiles: 38 / 109
2026-06-02 09:49:47 [self-0003-0-attack] Map: 20 x 21 Turn: 819
2026-06-02 09:49:47 [self-0003-0-attack] Route planned: Target = 63 Mode = defense city-free reachable tiles = 310 Fallback-Tiles = 312
2026-06-02 09:49:47 [self-0003-0-attack] Priority agent: edge reuse -9000 base = 225889 final = 216889
2026-06-02 09:49:47 [self-0003-0-attack] Move #796: 64 -> 63 | Army: 39 | Target-Terrain: 0 | Target: 63 | Half: False
2026-06-02 09:49:47 [self-0003-0-attack] My general index: 83
2026-06-02 09:49:47 [self-0003-0-attack] Enemy general index: None
2026-06-02 09:49:47 [self-0003-0-attack] Visible enemy tiles: 16
2026-06-02 09:49:47 [self-0003-0-attack] Tiles: 38 / 109
2026-06-02 09:49:47 [self-0003-0-attack] Map: 20 x 21 Turn: 820
2026-06-02 09:49:47 [self-0003-0-attack] Route planned: Target = 64 Mode = defense city-free reachable tiles = 310 Fallback-Tiles = 312
2026-06-02 09:49:47 [self-0003-0-attack] Priority agent: edge reuse -9000 base = 224702 final = 215702
2026-06-02 09:49:47 [self-0003-0-attack] Move #797: 65 -> 64 | Army: 52 | Target-Terrain: 0 | Target: 64 | Half: False
2026-06-02 09:49:48 [self-0003-0-attack] My general index: 83
2026-06-02 09:49:48 [self-0003-0-attack] Enemy general index: None
2026-06-02 09:49:48 [self-0003-0-attack] Visible enemy tiles: 16
2026-06-02 09:49:48 [self-0003-0-attack] Tiles: 38 / 109
2026-06-02 09:49:48 [self-0003-0-attack] Map: 20 x 21 Turn: 821
2026-06-02 09:49:48 [self-0003-0-attack] Route planned: Target = 124 Mode = defense city-free reachable tiles = 310 Fallback-Tiles = 312
2026-06-02 09:49:48 [self-0003-0-attack] Priority agent: flow +6000 base = 139772 final = 145772
2026-06-02 09:49:48 [self-0003-0-attack] Move #798: 64 -> 84 | Army: 52 | Target-Terrain: 0 | Target: 124 | Half: False
2026-06-02 09:49:48 [self-0003-0-attack] My general index: 83
2026-06-02 09:49:48 [self-0003-0-attack] Enemy general index: None
2026-06-02 09:49:48 [self-0003-0-attack] Visible enemy tiles: 16
2026-06-02 09:49:48 [self-0003-0-attack] Tiles: 38 / 109
2026-06-02 09:49:48 [self-0003-0-attack] Map: 20 x 21 Turn: 822
2026-06-02 09:49:48 [self-0003-0-attack] Route planned: Target = 64 Mode = defense city-free reachable tiles = 310 Fallback-Tiles = 312
2026-06-02 09:49:48 [self-0003-0-attack] Priority agent: edge reuse -18000 base = 195839 final = 177839
2026-06-02 09:49:48 [self-0003-0-attack] Move #799: 63 -> 64 | Army: 39 | Target-Terrain: 0 | Target: 64 | Half: False
2026-06-02 09:49:49 [self-0003-0-attack] My general index: 83
2026-06-02 09:49:49 [self-0003-0-attack] Enemy general index: None
2026-06-02 09:49:49 [self-0003-0-attack] Visible enemy tiles: 16
2026-06-02 09:49:49 [self-0003-0-attack] Tiles: 38 / 109
2026-06-02 09:49:49 [self-0003-0-attack] Map: 20 x 21 Turn: 823
2026-06-02 09:49:49 [self-0003-0-attack] Route planned: Target = 63 Mode = defense city-free reachable tiles = 310 Fallback-Tiles = 312
2026-06-02 09:49:49 [self-0003-0-attack] Priority agent: edge reuse -18000 base = 197079 final = 179079
2026-06-02 09:49:49 [self-0003-0-attack] Move #800: 62 -> 63 | Army: 79 | Target-Terrain: 0 | Target: 63 | Half: False
2026-06-02 09:49:49 [self-0003-0-attack] My general index: 83
2026-06-02 09:49:49 [self-0003-0-attack] Enemy general index: None
2026-06-02 09:49:49 [self-0003-0-attack] Visible enemy tiles: 16
2026-06-02 09:49:49 [self-0003-0-attack] Tiles: 38 / 109
2026-06-02 09:49:49 [self-0003-0-attack] Map: 20 x 21 Turn: 824
2026-06-02 09:49:49 [self-0003-0-attack] Route planned: Target = 62 Mode = defense city-free reachable tiles = 310 Fallback-Tiles = 312
2026-06-02 09:49:49 [self-0003-0-attack] Move #801: 85 -> 65 | Army: 148 | Target-Terrain: 0 | Target: 62 | Half: False
2026-06-02 09:49:50 [self-0003-0-attack] My general index: 83
2026-06-02 09:49:50 [self-0003-0-attack] Enemy general index: None
2026-06-02 09:49:50 [self-0003-0-attack] Visible enemy tiles: 16
2026-06-02 09:49:50 [self-0003-0-attack] Tiles: 38 / 109
2026-06-02 09:49:50 [self-0003-0-attack] Map: 20 x 21 Turn: 825
2026-06-02 09:49:50 [self-0003-0-attack] Route planned: Target = 62 Mode = defense city-free reachable tiles = 310 Fallback-Tiles = 312
2026-06-02 09:49:50 [self-0003-0-attack] Priority agent: edge reuse -27000 base = 195329 final = 168329
2026-06-02 09:49:50 [self-0003-0-attack] Move #802: 63 -> 62 | Army: 79 | Target-Terrain: 0 | Target: 62 | Half: False
2026-06-02 09:49:50 [self-0003-0-attack] My general index: 83
2026-06-02 09:49:50 [self-0003-0-attack] Enemy general index: None
2026-06-02 09:49:50 [self-0003-0-attack] Visible enemy tiles: 16
2026-06-02 09:49:50 [self-0003-0-attack] Tiles: 38 / 109
2026-06-02 09:49:50 [self-0003-0-attack] Map: 20 x 21 Turn: 826
2026-06-02 09:49:50 [self-0003-0-attack] Route planned: Target = 63 Mode = defense city-free reachable tiles = 310 Fallback-Tiles = 312
2026-06-02 09:49:50 [self-0003-0-attack] Priority agent: edge reuse -27000 base = 198889 final = 171889
2026-06-02 09:49:50 [self-0003-0-attack] Move #803: 64 -> 63 | Army: 39 | Target-Terrain: 0 | Target: 63 | Half: False
2026-06-02 09:49:51 [self-0003-0-attack] My general index: 83
2026-06-02 09:49:51 [self-0003-0-attack] Enemy general index: None
2026-06-02 09:49:51 [self-0003-0-attack] Visible enemy tiles: 16
2026-06-02 09:49:51 [self-0003-0-attack] Tiles: 38 / 109
2026-06-02 09:49:51 [self-0003-0-attack] Map: 20 x 21 Turn: 827
2026-06-02 09:49:51 [self-0003-0-attack] Route planned: Target = 64 Mode = defense city-free reachable tiles = 310 Fallback-Tiles = 312
2026-06-02 09:49:51 [self-0003-0-attack] Priority agent: edge reuse -9000 base = 212702 final = 203702
2026-06-02 09:49:51 [self-0003-0-attack] Move #804: 84 -> 64 | Army: 52 | Target-Terrain: 0 | Target: 64 | Half: False
2026-06-02 09:49:51 [self-0003-0-attack] My general index: 83
2026-06-02 09:49:51 [self-0003-0-attack] Enemy general index: None
2026-06-02 09:49:51 [self-0003-0-attack] Visible enemy tiles: 16
2026-06-02 09:49:51 [self-0003-0-attack] Tiles: 38 / 109
2026-06-02 09:49:51 [self-0003-0-attack] Map: 20 x 21 Turn: 828
2026-06-02 09:49:51 [self-0003-0-attack] Route planned: Target = 85 Mode = defense city-free reachable tiles = 310 Fallback-Tiles = 312
2026-06-02 09:49:51 [self-0003-0-attack] Priority agent: edge reuse -9000 base = 220480 final = 211480
2026-06-02 09:49:51 [self-0003-0-attack] Move #805: 65 -> 85 | Army: 148 | Target-Terrain: 0 | Target: 85 | Half: False
2026-06-02 09:49:52 [self-0003-0-attack] My general index: 83
2026-06-02 09:49:52 [self-0003-0-attack] Enemy general index: None
2026-06-02 09:49:52 [self-0003-0-attack] Visible enemy tiles: 17
2026-06-02 09:49:52 [self-0003-0-attack] Tiles: 37 / 110
2026-06-02 09:49:52 [self-0003-0-attack] Map: 20 x 21 Turn: 829
2026-06-02 09:49:52 [self-0003-0-attack] Route planned: Target = 84 Mode = defense city-free reachable tiles = 310 Fallback-Tiles = 312
2026-06-02 09:49:52 [self-0003-0-attack] Priority agent: flow +6000 base = 245430 final = 251430
2026-06-02 09:49:52 [self-0003-0-attack] Move #806: 85 -> 84 | Army: 148 | Target-Terrain: 0 | Target: 84 | Half: False
2026-06-02 09:49:52 [self-0003-0-attack] My general index: 83
2026-06-02 09:49:52 [self-0003-0-attack] Enemy general index: None
2026-06-02 09:49:52 [self-0003-0-attack] Visible enemy tiles: 18
2026-06-02 09:49:52 [self-0003-0-attack] Tiles: 36 / 111
2026-06-02 09:49:52 [self-0003-0-attack] Map: 20 x 21 Turn: 830
2026-06-02 09:49:52 [self-0003-0-attack] Route planned: Target = 84 Mode = defense city-free reachable tiles = 310 Fallback-Tiles = 312
2026-06-02 09:49:52 [self-0003-0-attack] Priority agent: edge reuse -18000 base = 193452 final = 175452
2026-06-02 09:49:52 [self-0003-0-attack] Move #807: 64 -> 84 | Army: 52 | Target-Terrain: 0 | Target: 84 | Half: False
2026-06-02 09:49:53 [self-0003-0-attack] My general index: 83
2026-06-02 09:49:53 [self-0003-0-attack] Enemy general index: None
2026-06-02 09:49:53 [self-0003-0-attack] Visible enemy tiles: 18
2026-06-02 09:49:53 [self-0003-0-attack] Tiles: 36 / 111
2026-06-02 09:49:53 [self-0003-0-attack] Map: 20 x 21 Turn: 831
2026-06-02 09:49:53 [self-0003-0-attack] Route planned: Target = 84 Mode = defense city-free reachable tiles = 310 Fallback-Tiles = 312
2026-06-02 09:49:53 [self-0003-0-attack] Move #808: 68 -> 88 | Army: 3 | Target-Terrain: 1 | Target: 84 | Half: False
2026-06-02 09:49:53 [self-0003-0-attack] My general index: 83
2026-06-02 09:49:53 [self-0003-0-attack] Enemy general index: None
2026-06-02 09:49:53 [self-0003-0-attack] Visible enemy tiles: 18
2026-06-02 09:49:53 [self-0003-0-attack] Tiles: 37 / 110
2026-06-02 09:49:53 [self-0003-0-attack] Map: 20 x 21 Turn: 832
2026-06-02 09:49:53 [self-0003-0-attack] Route planned: Target = 84 Mode = defense city-free reachable tiles = 310 Fallback-Tiles = 312
2026-06-02 09:49:53 [self-0003-0-attack] Move #809: 224 -> 204 | Army: 2 | Target-Terrain: 0 | Target: 84 | Half: False
2026-06-02 09:49:54 [self-0003-0-attack] My general index: 83
2026-06-02 09:49:54 [self-0003-0-attack] Enemy general index: None
2026-06-02 09:49:54 [self-0003-0-attack] Visible enemy tiles: 18
2026-06-02 09:49:54 [self-0003-0-attack] Tiles: 36 / 111
2026-06-02 09:49:54 [self-0003-0-attack] Map: 20 x 21 Turn: 833
2026-06-02 09:49:54 [self-0003-0-attack] Route planned: Target = 84 Mode = defense city-free reachable tiles = 310 Fallback-Tiles = 312
2026-06-02 09:49:54 [self-0003-0-attack] Priority agent: flow +6000 base = 141254 final = 147254
2026-06-02 09:49:54 [self-0003-0-attack] Move #810: 204 -> 184 | Army: 4 | Target-Terrain: 0 | Target: 84 | Half: False
2026-06-02 09:49:54 [self-0003-0-attack] My general index: 83
2026-06-02 09:49:54 [self-0003-0-attack] Enemy general index: None
2026-06-02 09:49:54 [self-0003-0-attack] Visible enemy tiles: 14
2026-06-02 09:49:54 [self-0003-0-attack] Tiles: 35 / 112
2026-06-02 09:49:54 [self-0003-0-attack] Map: 20 x 21 Turn: 834
2026-06-02 09:49:54 [self-0003-0-attack] Route planned: Target = 84 Mode = defense city-free reachable tiles = 310 Fallback-Tiles = 312
2026-06-02 09:49:54 [self-0003-0-attack] Priority agent: flow +6000 base = 137744 final = 143744
2026-06-02 09:49:54 [self-0003-0-attack] Move #811: 184 -> 164 | Army: 4 | Target-Terrain: 0 | Target: 84 | Half: False
2026-06-02 09:49:55 [self-0003-0-attack] My general index: 83
2026-06-02 09:49:55 [self-0003-0-attack] Enemy general index: None
2026-06-02 09:49:55 [self-0003-0-attack] Visible enemy tiles: 14
2026-06-02 09:49:55 [self-0003-0-attack] Tiles: 35 / 112
2026-06-02 09:49:55 [self-0003-0-attack] Map: 20 x 21 Turn: 835
2026-06-02 09:49:55 [self-0003-0-attack] Route planned: Target = 84 Mode = defense city-free reachable tiles = 310 Fallback-Tiles = 312
2026-06-02 09:49:55 [self-0003-0-attack] Priority agent: flow +6000 base = 137834 final = 143834
2026-06-02 09:49:55 [self-0003-0-attack] Move #812: 164 -> 144 | Army: 4 | Target-Terrain: 0 | Target: 84 | Half: False
2026-06-02 09:49:55 [self-0003-0-attack] My general index: 83
2026-06-02 09:49:55 [self-0003-0-attack] Enemy general index: None
2026-06-02 09:49:55 [self-0003-0-attack] Visible enemy tiles: 14
2026-06-02 09:49:55 [self-0003-0-attack] Tiles: 35 / 112
2026-06-02 09:49:55 [self-0003-0-attack] Map: 20 x 21 Turn: 836
2026-06-02 09:49:55 [self-0003-0-attack] Route planned: Target = 84 Mode = defense city-free reachable tiles = 310 Fallback-Tiles = 312
2026-06-02 09:49:55 [self-0003-0-attack] Priority agent: flow +6000 base = 137924 final = 143924
2026-06-02 09:49:55 [self-0003-0-attack] Move #813: 144 -> 124 | Army: 4 | Target-Terrain: 0 | Target: 84 | Half: False
2026-06-02 09:49:56 [self-0003-0-attack] My general index: 83
2026-06-02 09:49:56 [self-0003-0-attack] Enemy general index: None
2026-06-02 09:49:56 [self-0003-0-attack] Visible enemy tiles: 14
2026-06-02 09:49:56 [self-0003-0-attack] Tiles: 35 / 112
2026-06-02 09:49:56 [self-0003-0-attack] Map: 20 x 21 Turn: 837
2026-06-02 09:49:56 [self-0003-0-attack] Route planned: Target = 84 Mode = defense city-free reachable tiles = 310 Fallback-Tiles = 312
2026-06-02 09:49:56 [self-0003-0-attack] Priority agent: flow +6000 base = 139841 final = 145841
2026-06-02 09:49:56 [self-0003-0-attack] Move #814: 124 -> 104 | Army: 31 | Target-Terrain: 0 | Target: 84 | Half: False
2026-06-02 09:49:56 [self-0003-0-attack] My general index: 83
2026-06-02 09:49:56 [self-0003-0-attack] Enemy general index: None
2026-06-02 09:49:56 [self-0003-0-attack] Visible enemy tiles: 14
2026-06-02 09:49:56 [self-0003-0-attack] Tiles: 35 / 112
2026-06-02 09:49:56 [self-0003-0-attack] Map: 20 x 21 Turn: 838
2026-06-02 09:49:56 [self-0003-0-attack] Route planned: Target = 84 Mode = defense city-free reachable tiles = 310 Fallback-Tiles = 312
2026-06-02 09:49:56 [self-0003-0-attack] Priority agent: flow +6000 base = 233381 final = 239381
2026-06-02 09:49:56 [self-0003-0-attack] Move #815: 104 -> 84 | Army: 31 | Target-Terrain: 0 | Target: 84 | Half: False
2026-06-02 09:49:57 [self-0003-0-attack] My general index: 83
2026-06-02 09:49:57 [self-0003-0-attack] Enemy general index: None
2026-06-02 09:49:57 [self-0003-0-attack] Visible enemy tiles: 14
2026-06-02 09:49:57 [self-0003-0-attack] Tiles: 35 / 112
2026-06-02 09:49:57 [self-0003-0-attack] Map: 20 x 21 Turn: 839
2026-06-02 09:49:57 [self-0003-0-attack] Route planned: Target = 85 Mode = defense city-free reachable tiles = 310 Fallback-Tiles = 312
2026-06-02 09:49:57 [self-0003-0-attack] Priority agent: edge reuse -9000, flow +6000 base = 281595 final = 278595
2026-06-02 09:49:57 [self-0003-0-attack] Move #816: 84 -> 85 | Army: 45 | Target-Terrain: 1 | Target: 85 | Half: False
2026-06-02 09:49:57 [self-0003-0-attack] My general index: 83
2026-06-02 09:49:57 [self-0003-0-attack] Enemy general index: None
2026-06-02 09:49:57 [self-0003-0-attack] Visible enemy tiles: 13
2026-06-02 09:49:57 [self-0003-0-attack] Tiles: 36 / 111
2026-06-02 09:49:57 [self-0003-0-attack] Map: 20 x 21 Turn: 840
2026-06-02 09:49:57 [self-0003-0-attack] Route planned: Target = 84 Mode = defense city-free reachable tiles = 310 Fallback-Tiles = 312
2026-06-02 09:49:57 [self-0003-0-attack] Priority agent: reverse -35000, edge reuse -18000 base = 198393 final = 145393
2026-06-02 09:49:57 [self-0003-0-attack] Move #817: 85 -> 84 | Army: 43 | Target-Terrain: 0 | Target: 84 | Half: False
2026-06-02 09:49:58 [self-0003-0-attack] My general index: 83
2026-06-02 09:49:58 [self-0003-0-attack] Enemy general index: None
2026-06-02 09:49:58 [self-0003-0-attack] Visible enemy tiles: 13
2026-06-02 09:49:58 [self-0003-0-attack] Tiles: 36 / 111
2026-06-02 09:49:58 [self-0003-0-attack] Map: 20 x 21 Turn: 841
2026-06-02 09:49:58 [self-0003-0-attack] Route planned: Target = 85 Mode = defense city-free reachable tiles = 310 Fallback-Tiles = 312
2026-06-02 09:49:58 [self-0003-0-attack] Move #818: 62 -> 63 | Army: 79 | Target-Terrain: 0 | Target: 85 | Half: False
2026-06-02 09:49:58 [self-0003-0-attack] My general index: 83
2026-06-02 09:49:58 [self-0003-0-attack] Enemy general index: None
2026-06-02 09:49:58 [self-0003-0-attack] Visible enemy tiles: 13
2026-06-02 09:49:58 [self-0003-0-attack] Tiles: 36 / 111
2026-06-02 09:49:58 [self-0003-0-attack] Map: 20 x 21 Turn: 842
2026-06-02 09:49:58 [self-0003-0-attack] Route planned: Target = 85 Mode = defense city-free reachable tiles = 310 Fallback-Tiles = 312
2026-06-02 09:49:58 [self-0003-0-attack] Priority agent: edge reuse -27000 base = 198243 final = 171243
2026-06-02 09:49:58 [self-0003-0-attack] Move #819: 84 -> 85 | Army: 43 | Target-Terrain: 0 | Target: 85 | Half: False
2026-06-02 09:49:59 [self-0003-0-attack] My general index: 83
2026-06-02 09:49:59 [self-0003-0-attack] Enemy general index: None
2026-06-02 09:49:59 [self-0003-0-attack] Visible enemy tiles: 13
2026-06-02 09:49:59 [self-0003-0-attack] Tiles: 36 / 111
2026-06-02 09:49:59 [self-0003-0-attack] Map: 20 x 21 Turn: 843
2026-06-02 09:49:59 [self-0003-0-attack] Route planned: Target = 84 Mode = defense city-free reachable tiles = 310 Fallback-Tiles = 312
2026-06-02 09:49:59 [self-0003-0-attack] Move #820: 63 -> 64 | Army: 117 | Target-Terrain: 0 | Target: 84 | Half: False
2026-06-02 09:49:59 [self-0003-0-attack] My general index: 83
2026-06-02 09:49:59 [self-0003-0-attack] Enemy general index: None
2026-06-02 09:49:59 [self-0003-0-attack] Visible enemy tiles: 13
2026-06-02 09:49:59 [self-0003-0-attack] Tiles: 36 / 111
2026-06-02 09:49:59 [self-0003-0-attack] Map: 20 x 21 Turn: 844
2026-06-02 09:49:59 [self-0003-0-attack] Route planned: Target = 63 Mode = defense city-free reachable tiles = 310 Fallback-Tiles = 312
2026-06-02 09:49:59 [self-0003-0-attack] Move #821: 83 -> 63 | Army: 61 | Target-Terrain: 0 | Target: 63 | Half: True
2026-06-02 09:50:00 [self-0003-0-attack] My general index: 83
2026-06-02 09:50:00 [self-0003-0-attack] Enemy general index: None
2026-06-02 09:50:00 [self-0003-0-attack] Visible enemy tiles: 13
2026-06-02 09:50:00 [self-0003-0-attack] Tiles: 36 / 111
2026-06-02 09:50:00 [self-0003-0-attack] Map: 20 x 21 Turn: 845
2026-06-02 09:50:00 [self-0003-0-attack] Route planned: Target = 84 Mode = defense city-free reachable tiles = 310 Fallback-Tiles = 312
2026-06-02 09:50:00 [self-0003-0-attack] Move #822: 64 -> 84 | Army: 117 | Target-Terrain: 0 | Target: 84 | Half: False
2026-06-02 09:50:00 [self-0003-0-attack] My general index: 83
2026-06-02 09:50:00 [self-0003-0-attack] Enemy general index: None
2026-06-02 09:50:00 [self-0003-0-attack] Visible enemy tiles: 13
2026-06-02 09:50:00 [self-0003-0-attack] Tiles: 36 / 111
2026-06-02 09:50:00 [self-0003-0-attack] Map: 20 x 21 Turn: 846
2026-06-02 09:50:00 [self-0003-0-attack] Route planned: Target = 64 Mode = defense city-free reachable tiles = 310 Fallback-Tiles = 312
2026-06-02 09:50:00 [self-0003-0-attack] Priority agent: edge reuse -9000 base = 242831 final = 233831
2026-06-02 09:50:00 [self-0003-0-attack] Move #823: 63 -> 64 | Army: 31 | Target-Terrain: 0 | Target: 64 | Half: False
2026-06-02 09:50:01 [self-0003-0-attack] Coach: stabilize tiles 35/112 army 273/1077 cities 0/0 enemy_city_suspect True bias {'expansion_bias': 0.2, 'city_bias': 0.1, 'attack_bias': 0.4, 'defense_bias': 1.2, 'route_bias': 0.6}
2026-06-02 09:50:01 [self-0003-0-attack] My general index: 83
2026-06-02 09:50:01 [self-0003-0-attack] Enemy general index: None
2026-06-02 09:50:01 [self-0003-0-attack] Visible enemy tiles: 14
2026-06-02 09:50:01 [self-0003-0-attack] Tiles: 35 / 112
2026-06-02 09:50:01 [self-0003-0-attack] Map: 20 x 21 Turn: 847
2026-06-02 09:50:01 [self-0003-0-attack] Route planned: Target = 63 Mode = defense city-free reachable tiles = 310 Fallback-Tiles = 312
2026-06-02 09:50:01 [self-0003-0-attack] Priority agent: reverse -35000, edge reuse -18000 base = 201981 final = 148981
2026-06-02 09:50:01 [self-0003-0-attack] Move #824: 64 -> 63 | Army: 31 | Target-Terrain: 0 | Target: 63 | Half: False
2026-06-02 09:50:01 [self-0003-0-attack] My general index: 83
2026-06-02 09:50:01 [self-0003-0-attack] Enemy general index: None
2026-06-02 09:50:01 [self-0003-0-attack] Visible enemy tiles: 15
2026-06-02 09:50:01 [self-0003-0-attack] Tiles: 34 / 113
2026-06-02 09:50:01 [self-0003-0-attack] Map: 20 x 21 Turn: 848
2026-06-02 09:50:01 [self-0003-0-attack] Route planned: Target = 84 Mode = defense city-free reachable tiles = 310 Fallback-Tiles = 312
2026-06-02 09:50:01 [self-0003-0-attack] Move #825: 126 -> 106 | Army: 3 | Target-Terrain: 0 | Target: 84 | Half: False
2026-06-02 09:50:02 [self-0003-0-attack] EVENT: ['game_lost', {'killer': 1}, None]
2026-06-02 09:50:02 [self-0003-0-attack] Final map analysis: visible = 0.2143 complete = False symmetry = {'rotated_180': {'compared_pairs': 210, 'blocker_similarity': 0.6048, 'city_similarity': 0.9857}, 'horizontal_mirror': {'compared_pairs': 210, 'blocker_similarity': 0.6524, 'city_similarity': 0.9857}, 'vertical_mirror': {'compared_pairs': 220, 'blocker_similarity': 0.6636, 'city_similarity': 0.9909}}
2026-06-02 09:50:02 [self-0003-0-attack] GAME END: game_lost
2026-06-02 09:50:02 [self-0003-0-attack] Stats saved for reserve turn: 235
2026-06-02 09:50:02 [self-0003-0-attack] Disconnected
