2026-06-02 00:40:56 [self-0002-0-city] Connected
2026-06-02 00:40:56 [self-0002-0-city] Room: https://bot.generals.io/games/TillTestRoom123_self_20260602_004054_0002
2026-06-02 00:40:56 [self-0002-0-city] Reserve ab sichtbarem Turn: 65
2026-06-02 00:40:56 [self-0002-0-city] City-Fokus ab sichtbarem Turn: 73
2026-06-02 00:40:56 [self-0002-0-city] General-Angriff ab sichtbarem Turn: 134
2026-06-02 00:40:56 [self-0002-0-city] Connected
2026-06-02 00:40:56 [self-0002-0-city] Room: https://bot.generals.io/games/TillTestRoom123_self_20260602_004054_0002
2026-06-02 00:40:56 [self-0002-0-city] Reserve ab sichtbarem Turn: 205
2026-06-02 00:40:56 [self-0002-0-city] City-Fokus ab sichtbarem Turn: 108
2026-06-02 00:40:56 [self-0002-0-city] General-Angriff ab sichtbarem Turn: 112
2026-06-02 00:40:56 [self-0002-0-city] SET_USERNAME: ['error_set_username', 'You already have a username! Only Supporters can change usernames.']
2026-06-02 00:40:56 [self-0002-0-city] SET_USERNAME: ['error_set_username', 'You already have a username! Only Supporters can change usernames.']
2026-06-02 00:40:56 [self-0002-0-city] JOIN_PRIVATE: ['chat_message', 'chat_custom_queue_TillTestRoom123_self_20260602_004054_0002', {'text': 'T1LL4_Self_03 joined the custom lobby.'}]
2026-06-02 00:40:56 [self-0002-0-city] EVENT: ['queue_update', {'playerIndices': [0, 1], 'playerColors': [0, 1], 'lobbyIndex': 1, 'isForcing': False, 'numPlayers': 2, 'numForce': [], 'playerCap': 16, 'teamSize': 1, 'teams': [1, 2], 'usernames': ['T1LL4_Self_04', 'T1LL4_Self_03'], 'options': {'map': None, 'modifiers': []}, 'owner': 0, 'bans': [], 'kicks': []}]
2026-06-02 00:40:56 [self-0002-0-city] EVENT: ['chat_message', 'chat_custom_queue_TillTestRoom123_self_20260602_004054_0002', {'text': 'T1LL4_Self_04 joined the custom lobby.'}]
2026-06-02 00:40:56 [self-0002-0-city] EVENT: ['queue_update', {'playerIndices': [0, 1], 'playerColors': [0, 1], 'lobbyIndex': 1, 'isForcing': False, 'numPlayers': 2, 'numForce': [], 'playerCap': 16, 'teamSize': 1, 'teams': [1, 2], 'usernames': ['T1LL4_Self_04', 'T1LL4_Self_03'], 'options': {'map': None, 'modifiers': []}, 'owner': 0, 'bans': [], 'kicks': []}]
2026-06-02 00:40:56 [self-0002-0-city] EVENT: ['notify', 'T1LL4_Self_04 joined the custom game', 'There are now 2 players in the lobby.']
2026-06-02 00:40:56 [self-0002-0-city] EVENT: ['chat_message', 'chat_custom_queue_TillTestRoom123_self_20260602_004054_0002', {'text': 'T1LL4_Self_03 joined the custom lobby.'}]
2026-06-02 00:40:56 [self-0002-0-city] JOIN_PRIVATE: ['chat_message', 'chat_custom_queue_TillTestRoom123_self_20260602_004054_0002', {'text': 'T1LL4_Self_03 joined the custom lobby.'}]
2026-06-02 00:40:56 [self-0002-0-city] EVENT: ['queue_update', {'playerIndices': [0, 1], 'playerColors': [0, 1], 'lobbyIndex': 1, 'isForcing': False, 'numPlayers': 2, 'numForce': [], 'playerCap': 16, 'teamSize': 1, 'teams': [1, 2], 'usernames': ['T1LL4_Self_04', 'T1LL4_Self_03'], 'options': {'map': None, 'modifiers': []}, 'owner': 0, 'bans': [], 'kicks': []}]
2026-06-02 00:40:56 [self-0002-0-city] EVENT: ['notify', 'T1LL4_Self_03 joined the custom game', 'There are now 2 players in the lobby.']
2026-06-02 00:40:56 [self-0002-0-city] EVENT: ['error_user_id']
2026-06-02 00:40:56 [self-0002-0-city] EVENT: ['queue_update', {'playerIndices': [0, 1], 'playerColors': [0, 1], 'lobbyIndex': 1, 'isForcing': False, 'numPlayers': 2, 'numForce': [0], 'playerCap': 16, 'teamSize': 1, 'teams': [1, 2], 'usernames': ['T1LL4_Self_04', 'T1LL4_Self_03'], 'options': {'map': None, 'modifiers': []}, 'owner': 0, 'bans': [], 'kicks': []}]
2026-06-02 00:40:56 [self-0002-0-city] EVENT: ['pre_game_start']
2026-06-02 00:40:59 [self-0002-0-city] EVENT: ['game_start', {'playerIndex': 1, 'playerColors': [0, 1], 'replay_id': 'v3EQiVGUad', 'chat_room': 'game_1780353656589hYxVIWZZIVjKK8lQALTS', 'usernames': ['T1LL4_Self_04', 'T1LL4_Self_03'], 'teams': [1, 2], 'game_type': 'custom', 'swamps': [], 'lights': [], 'options': {'map': None, 'width': None, 'height': None, 'game_speed': None, 'modifiers': [], 'mountain_density': None, 'city_density': None, 'lookout_density': None, 'observatory_density': None, 'swamp_density': None, 'desert_density': None, 'max_players': None, 'city_fairness': None, 'spawn_fairness': None, 'defeat_spectate': None, 'spectate_chat': None, 'public': None, 'chatRecordingDisabled': None, 'eventId': None}, 'queue_chat': None}, None]
2026-06-02 00:40:59 [self-0002-0-city] GAME START!
2026-06-02 00:40:59 [self-0002-0-city] My player index: 1
2026-06-02 00:40:59 [self-0002-0-city] Replay: https://bot.generals.io/replays/v3EQiVGUad
2026-06-02 00:40:59 [self-0002-0-city] EVENT: ['chat_message', 'game_1780353656589hYxVIWZZIVjKK8lQALTS', {'text': ' Chat is being recorded.'}]
2026-06-02 00:40:59 [self-0002-0-city] Enemy general guess: 192 Confidence: 0.46 Grund: rotated spawn, distance 19 near expected 19, unseen tile, far from center bei eigener Position 169 Map: 19x19
2026-06-02 00:40:59 [self-0002-0-city] My general index: 169
2026-06-02 00:40:59 [self-0002-0-city] Enemy general index: None
2026-06-02 00:40:59 [self-0002-0-city] Visible enemy tiles: 0
2026-06-02 00:40:59 [self-0002-0-city] Tiles: 1 / 1
2026-06-02 00:40:59 [self-0002-0-city] Map: 19 x 19 Turn: 1
2026-06-02 00:40:59 [self-0002-0-city] Route planned: Target = 192 Mode = strategy city-free reachable tiles = 264 Fallback-Tiles = 265
2026-06-02 00:40:59 [self-0002-0-city] Waiting until turn 10: turn 1, general has 1 units
2026-06-02 00:40:59 [self-0002-0-city] My general index: 169
2026-06-02 00:40:59 [self-0002-0-city] Enemy general index: None
2026-06-02 00:40:59 [self-0002-0-city] Visible enemy tiles: 0
2026-06-02 00:40:59 [self-0002-0-city] Tiles: 1 / 1
2026-06-02 00:40:59 [self-0002-0-city] Map: 19 x 19 Turn: 2
2026-06-02 00:40:59 [self-0002-0-city] Route planned: Target = 192 Mode = strategy city-free reachable tiles = 264 Fallback-Tiles = 265
2026-06-02 00:40:59 [self-0002-0-city] Waiting until turn 10: turn 1, general has 2 units
2026-06-02 00:41:00 [self-0002-0-city] My general index: 169
2026-06-02 00:41:00 [self-0002-0-city] Enemy general index: None
2026-06-02 00:41:00 [self-0002-0-city] Visible enemy tiles: 0
2026-06-02 00:41:00 [self-0002-0-city] Tiles: 1 / 1
2026-06-02 00:41:00 [self-0002-0-city] Map: 19 x 19 Turn: 3
2026-06-02 00:41:00 [self-0002-0-city] Route planned: Target = 192 Mode = strategy city-free reachable tiles = 264 Fallback-Tiles = 265
2026-06-02 00:41:00 [self-0002-0-city] Waiting until turn 10: turn 2, general has 2 units
2026-06-02 00:41:00 [self-0002-0-city] My general index: 169
2026-06-02 00:41:00 [self-0002-0-city] Enemy general index: None
2026-06-02 00:41:00 [self-0002-0-city] Visible enemy tiles: 0
2026-06-02 00:41:00 [self-0002-0-city] Tiles: 1 / 1
2026-06-02 00:41:00 [self-0002-0-city] Map: 19 x 19 Turn: 4
2026-06-02 00:41:00 [self-0002-0-city] Route planned: Target = 192 Mode = strategy city-free reachable tiles = 264 Fallback-Tiles = 265
2026-06-02 00:41:00 [self-0002-0-city] Waiting until turn 10: turn 2, general has 3 units
2026-06-02 00:41:01 [self-0002-0-city] My general index: 169
2026-06-02 00:41:01 [self-0002-0-city] Enemy general index: None
2026-06-02 00:41:01 [self-0002-0-city] Visible enemy tiles: 0
2026-06-02 00:41:01 [self-0002-0-city] Tiles: 1 / 1
2026-06-02 00:41:01 [self-0002-0-city] Map: 19 x 19 Turn: 5
2026-06-02 00:41:01 [self-0002-0-city] Route planned: Target = 192 Mode = strategy city-free reachable tiles = 264 Fallback-Tiles = 265
2026-06-02 00:41:01 [self-0002-0-city] Waiting until turn 10: turn 3, general has 3 units
2026-06-02 00:41:01 [self-0002-0-city] My general index: 169
2026-06-02 00:41:01 [self-0002-0-city] Enemy general index: None
2026-06-02 00:41:01 [self-0002-0-city] Visible enemy tiles: 0
2026-06-02 00:41:01 [self-0002-0-city] Tiles: 1 / 1
2026-06-02 00:41:01 [self-0002-0-city] Map: 19 x 19 Turn: 6
2026-06-02 00:41:01 [self-0002-0-city] Route planned: Target = 192 Mode = strategy city-free reachable tiles = 264 Fallback-Tiles = 265
2026-06-02 00:41:01 [self-0002-0-city] Waiting until turn 10: turn 3, general has 4 units
2026-06-02 00:41:02 [self-0002-0-city] My general index: 169
2026-06-02 00:41:02 [self-0002-0-city] Enemy general index: None
2026-06-02 00:41:02 [self-0002-0-city] Visible enemy tiles: 0
2026-06-02 00:41:02 [self-0002-0-city] Tiles: 1 / 1
2026-06-02 00:41:02 [self-0002-0-city] Map: 19 x 19 Turn: 7
2026-06-02 00:41:02 [self-0002-0-city] Route planned: Target = 192 Mode = strategy city-free reachable tiles = 264 Fallback-Tiles = 265
2026-06-02 00:41:02 [self-0002-0-city] Waiting until turn 10: turn 4, general has 4 units
2026-06-02 00:41:02 [self-0002-0-city] My general index: 169
2026-06-02 00:41:02 [self-0002-0-city] Enemy general index: None
2026-06-02 00:41:02 [self-0002-0-city] Visible enemy tiles: 0
2026-06-02 00:41:02 [self-0002-0-city] Tiles: 1 / 1
2026-06-02 00:41:02 [self-0002-0-city] Map: 19 x 19 Turn: 8
2026-06-02 00:41:02 [self-0002-0-city] Route planned: Target = 192 Mode = strategy city-free reachable tiles = 264 Fallback-Tiles = 265
2026-06-02 00:41:02 [self-0002-0-city] Waiting until turn 10: turn 4, general has 5 units
2026-06-02 00:41:03 [self-0002-0-city] My general index: 169
2026-06-02 00:41:03 [self-0002-0-city] Enemy general index: None
2026-06-02 00:41:03 [self-0002-0-city] Visible enemy tiles: 0
2026-06-02 00:41:03 [self-0002-0-city] Tiles: 1 / 1
2026-06-02 00:41:03 [self-0002-0-city] Map: 19 x 19 Turn: 9
2026-06-02 00:41:03 [self-0002-0-city] Route planned: Target = 192 Mode = strategy city-free reachable tiles = 264 Fallback-Tiles = 265
2026-06-02 00:41:03 [self-0002-0-city] Waiting until turn 10: turn 5, general has 5 units
2026-06-02 00:41:03 [self-0002-0-city] My general index: 169
2026-06-02 00:41:03 [self-0002-0-city] Enemy general index: None
2026-06-02 00:41:03 [self-0002-0-city] Visible enemy tiles: 0
2026-06-02 00:41:03 [self-0002-0-city] Tiles: 1 / 1
2026-06-02 00:41:03 [self-0002-0-city] Map: 19 x 19 Turn: 10
2026-06-02 00:41:03 [self-0002-0-city] Route planned: Target = 192 Mode = strategy city-free reachable tiles = 264 Fallback-Tiles = 265
2026-06-02 00:41:03 [self-0002-0-city] Waiting until turn 10: turn 5, general has 6 units
2026-06-02 00:41:04 [self-0002-0-city] My general index: 169
2026-06-02 00:41:04 [self-0002-0-city] Enemy general index: None
2026-06-02 00:41:04 [self-0002-0-city] Visible enemy tiles: 0
2026-06-02 00:41:04 [self-0002-0-city] Tiles: 1 / 1
2026-06-02 00:41:04 [self-0002-0-city] Map: 19 x 19 Turn: 11
2026-06-02 00:41:04 [self-0002-0-city] Route planned: Target = 192 Mode = strategy city-free reachable tiles = 264 Fallback-Tiles = 265
2026-06-02 00:41:04 [self-0002-0-city] Waiting until turn 10: turn 6, general has 6 units
2026-06-02 00:41:04 [self-0002-0-city] My general index: 169
2026-06-02 00:41:04 [self-0002-0-city] Enemy general index: None
2026-06-02 00:41:04 [self-0002-0-city] Visible enemy tiles: 0
2026-06-02 00:41:04 [self-0002-0-city] Tiles: 1 / 1
2026-06-02 00:41:04 [self-0002-0-city] Map: 19 x 19 Turn: 12
2026-06-02 00:41:04 [self-0002-0-city] Route planned: Target = 192 Mode = strategy city-free reachable tiles = 264 Fallback-Tiles = 265
2026-06-02 00:41:04 [self-0002-0-city] Waiting until turn 10: turn 6, general has 7 units
2026-06-02 00:41:05 [self-0002-0-city] My general index: 169
2026-06-02 00:41:05 [self-0002-0-city] Enemy general index: None
2026-06-02 00:41:05 [self-0002-0-city] Visible enemy tiles: 0
2026-06-02 00:41:05 [self-0002-0-city] Tiles: 1 / 1
2026-06-02 00:41:05 [self-0002-0-city] Map: 19 x 19 Turn: 13
2026-06-02 00:41:05 [self-0002-0-city] Route planned: Target = 192 Mode = strategy city-free reachable tiles = 264 Fallback-Tiles = 265
2026-06-02 00:41:05 [self-0002-0-city] Waiting until turn 10: turn 7, general has 7 units
2026-06-02 00:41:05 [self-0002-0-city] My general index: 169
2026-06-02 00:41:05 [self-0002-0-city] Enemy general index: None
2026-06-02 00:41:05 [self-0002-0-city] Visible enemy tiles: 0
2026-06-02 00:41:05 [self-0002-0-city] Tiles: 1 / 1
2026-06-02 00:41:05 [self-0002-0-city] Map: 19 x 19 Turn: 14
2026-06-02 00:41:05 [self-0002-0-city] Route planned: Target = 192 Mode = strategy city-free reachable tiles = 264 Fallback-Tiles = 265
2026-06-02 00:41:05 [self-0002-0-city] Waiting until turn 10: turn 7, general has 8 units
2026-06-02 00:41:06 [self-0002-0-city] My general index: 169
2026-06-02 00:41:06 [self-0002-0-city] Enemy general index: None
2026-06-02 00:41:06 [self-0002-0-city] Visible enemy tiles: 0
2026-06-02 00:41:06 [self-0002-0-city] Tiles: 1 / 1
2026-06-02 00:41:06 [self-0002-0-city] Map: 19 x 19 Turn: 15
2026-06-02 00:41:06 [self-0002-0-city] Route planned: Target = 192 Mode = strategy city-free reachable tiles = 264 Fallback-Tiles = 265
2026-06-02 00:41:06 [self-0002-0-city] Waiting until turn 10: turn 8, general has 8 units
2026-06-02 00:41:06 [self-0002-0-city] My general index: 169
2026-06-02 00:41:06 [self-0002-0-city] Enemy general index: None
2026-06-02 00:41:06 [self-0002-0-city] Visible enemy tiles: 0
2026-06-02 00:41:06 [self-0002-0-city] Tiles: 1 / 1
2026-06-02 00:41:06 [self-0002-0-city] Map: 19 x 19 Turn: 16
2026-06-02 00:41:06 [self-0002-0-city] Route planned: Target = 192 Mode = strategy city-free reachable tiles = 264 Fallback-Tiles = 265
2026-06-02 00:41:06 [self-0002-0-city] Waiting until turn 10: turn 8, general has 9 units
2026-06-02 00:41:07 [self-0002-0-city] My general index: 169
2026-06-02 00:41:07 [self-0002-0-city] Enemy general index: None
2026-06-02 00:41:07 [self-0002-0-city] Visible enemy tiles: 0
2026-06-02 00:41:07 [self-0002-0-city] Tiles: 1 / 1
2026-06-02 00:41:07 [self-0002-0-city] Map: 19 x 19 Turn: 17
2026-06-02 00:41:07 [self-0002-0-city] Route planned: Target = 192 Mode = strategy city-free reachable tiles = 264 Fallback-Tiles = 265
2026-06-02 00:41:07 [self-0002-0-city] Waiting until turn 10: turn 9, general has 9 units
2026-06-02 00:41:07 [self-0002-0-city] My general index: 169
2026-06-02 00:41:07 [self-0002-0-city] Enemy general index: None
2026-06-02 00:41:07 [self-0002-0-city] Visible enemy tiles: 0
2026-06-02 00:41:07 [self-0002-0-city] Tiles: 1 / 1
2026-06-02 00:41:07 [self-0002-0-city] Map: 19 x 19 Turn: 18
2026-06-02 00:41:07 [self-0002-0-city] Route planned: Target = 192 Mode = strategy city-free reachable tiles = 264 Fallback-Tiles = 265
2026-06-02 00:41:07 [self-0002-0-city] Waiting until turn 10: turn 9, general has 10 units
2026-06-02 00:41:08 [self-0002-0-city] My general index: 169
2026-06-02 00:41:08 [self-0002-0-city] Enemy general index: None
2026-06-02 00:41:08 [self-0002-0-city] Visible enemy tiles: 0
2026-06-02 00:41:08 [self-0002-0-city] Tiles: 1 / 1
2026-06-02 00:41:08 [self-0002-0-city] Map: 19 x 19 Turn: 19
2026-06-02 00:41:08 [self-0002-0-city] Route planned: Target = 192 Mode = strategy city-free reachable tiles = 264 Fallback-Tiles = 265
2026-06-02 00:41:08 [self-0002-0-city] Move #1: 169 -> 168 | Army: 10 | Target-Terrain: -1 | Target: 192 | Half: False
2026-06-02 00:41:08 [self-0002-0-city] My general index: 169
2026-06-02 00:41:08 [self-0002-0-city] Enemy general index: None
2026-06-02 00:41:08 [self-0002-0-city] Visible enemy tiles: 0
2026-06-02 00:41:08 [self-0002-0-city] Tiles: 2 / 2
2026-06-02 00:41:08 [self-0002-0-city] Map: 19 x 19 Turn: 20
2026-06-02 00:41:08 [self-0002-0-city] Route planned: Target = 192 Mode = strategy city-free reachable tiles = 264 Fallback-Tiles = 265
2026-06-02 00:41:08 [self-0002-0-city] Priority agent: flow +6000 base = 42879 final = 48879
2026-06-02 00:41:08 [self-0002-0-city] Move #2: 168 -> 149 | Army: 9 | Target-Terrain: -1 | Target: 192 | Half: False
2026-06-02 00:41:09 [self-0002-0-city] My general index: 169
2026-06-02 00:41:09 [self-0002-0-city] Enemy general index: None
2026-06-02 00:41:09 [self-0002-0-city] Visible enemy tiles: 0
2026-06-02 00:41:09 [self-0002-0-city] Tiles: 3 / 3
2026-06-02 00:41:09 [self-0002-0-city] Map: 19 x 19 Turn: 21
2026-06-02 00:41:09 [self-0002-0-city] Route planned: Target = 192 Mode = strategy city-free reachable tiles = 264 Fallback-Tiles = 265
2026-06-02 00:41:09 [self-0002-0-city] Priority agent: flow +6000 base = 42968 final = 48968
2026-06-02 00:41:09 [self-0002-0-city] Move #3: 149 -> 148 | Army: 8 | Target-Terrain: -1 | Target: 192 | Half: False
2026-06-02 00:41:09 [self-0002-0-city] My general index: 169
2026-06-02 00:41:09 [self-0002-0-city] Enemy general index: None
2026-06-02 00:41:09 [self-0002-0-city] Visible enemy tiles: 0
2026-06-02 00:41:09 [self-0002-0-city] Tiles: 4 / 4
2026-06-02 00:41:09 [self-0002-0-city] Map: 19 x 19 Turn: 22
2026-06-02 00:41:09 [self-0002-0-city] Route planned: Target = 192 Mode = strategy city-free reachable tiles = 264 Fallback-Tiles = 266
2026-06-02 00:41:09 [self-0002-0-city] Priority agent: flow +6000 base = 43057 final = 49057
2026-06-02 00:41:09 [self-0002-0-city] Move #4: 148 -> 147 | Army: 7 | Target-Terrain: -1 | Target: 192 | Half: False
2026-06-02 00:41:10 [self-0002-0-city] My general index: 169
2026-06-02 00:41:10 [self-0002-0-city] Enemy general index: None
2026-06-02 00:41:10 [self-0002-0-city] Visible enemy tiles: 0
2026-06-02 00:41:10 [self-0002-0-city] Tiles: 5 / 5
2026-06-02 00:41:10 [self-0002-0-city] Map: 19 x 19 Turn: 23
2026-06-02 00:41:10 [self-0002-0-city] Route planned: Target = 192 Mode = strategy city-free reachable tiles = 264 Fallback-Tiles = 266
2026-06-02 00:41:10 [self-0002-0-city] Priority agent: flow +6000 base = 43446 final = 49446
2026-06-02 00:41:10 [self-0002-0-city] Move #5: 147 -> 146 | Army: 6 | Target-Terrain: -1 | Target: 192 | Half: False
2026-06-02 00:41:10 [self-0002-0-city] My general index: 169
2026-06-02 00:41:10 [self-0002-0-city] Enemy general index: None
2026-06-02 00:41:10 [self-0002-0-city] Visible enemy tiles: 0
2026-06-02 00:41:10 [self-0002-0-city] Tiles: 6 / 6
2026-06-02 00:41:10 [self-0002-0-city] Map: 19 x 19 Turn: 24
2026-06-02 00:41:10 [self-0002-0-city] Route planned: Target = 192 Mode = strategy city-free reachable tiles = 264 Fallback-Tiles = 266
2026-06-02 00:41:10 [self-0002-0-city] Priority agent: flow +6000 base = 43535 final = 49535
2026-06-02 00:41:10 [self-0002-0-city] Move #6: 146 -> 165 | Army: 5 | Target-Terrain: -1 | Target: 192 | Half: False
2026-06-02 00:41:11 [self-0002-0-city] My general index: 169
2026-06-02 00:41:11 [self-0002-0-city] Enemy general index: None
2026-06-02 00:41:11 [self-0002-0-city] Visible enemy tiles: 0
2026-06-02 00:41:11 [self-0002-0-city] Tiles: 7 / 7
2026-06-02 00:41:11 [self-0002-0-city] Map: 19 x 19 Turn: 25
2026-06-02 00:41:11 [self-0002-0-city] Route planned: Target = 192 Mode = strategy city-free reachable tiles = 264 Fallback-Tiles = 266
2026-06-02 00:41:11 [self-0002-0-city] Priority agent: flow +6000 base = 43324 final = 49324
2026-06-02 00:41:11 [self-0002-0-city] Move #7: 165 -> 184 | Army: 4 | Target-Terrain: -1 | Target: 192 | Half: False
2026-06-02 00:41:11 [self-0002-0-city] My general index: 169
2026-06-02 00:41:11 [self-0002-0-city] Enemy general index: None
2026-06-02 00:41:11 [self-0002-0-city] Visible enemy tiles: 0
2026-06-02 00:41:11 [self-0002-0-city] Tiles: 8 / 8
2026-06-02 00:41:11 [self-0002-0-city] Map: 19 x 19 Turn: 26
2026-06-02 00:41:11 [self-0002-0-city] Route planned: Target = 192 Mode = strategy city-free reachable tiles = 264 Fallback-Tiles = 267
2026-06-02 00:41:11 [self-0002-0-city] Priority agent: flow +6000 base = 43713 final = 49713
2026-06-02 00:41:11 [self-0002-0-city] Move #8: 184 -> 183 | Army: 3 | Target-Terrain: -1 | Target: 192 | Half: False
2026-06-02 00:41:12 [self-0002-0-city] My general index: 169
2026-06-02 00:41:12 [self-0002-0-city] Enemy general index: None
2026-06-02 00:41:12 [self-0002-0-city] Visible enemy tiles: 0
2026-06-02 00:41:12 [self-0002-0-city] Tiles: 9 / 9
2026-06-02 00:41:12 [self-0002-0-city] Map: 19 x 19 Turn: 27
2026-06-02 00:41:12 [self-0002-0-city] Route planned: Target = 192 Mode = strategy city-free reachable tiles = 264 Fallback-Tiles = 267
2026-06-02 00:41:12 [self-0002-0-city] Priority agent: flow +6000 base = 50552 final = 56552
2026-06-02 00:41:12 [self-0002-0-city] Move #9: 183 -> 182 | Army: 2 | Target-Terrain: -1 | Target: 192 | Half: False
2026-06-02 00:41:12 [self-0002-0-city] My general index: 169
2026-06-02 00:41:12 [self-0002-0-city] Enemy general index: None
2026-06-02 00:41:12 [self-0002-0-city] Visible enemy tiles: 0
2026-06-02 00:41:12 [self-0002-0-city] Tiles: 10 / 10
2026-06-02 00:41:12 [self-0002-0-city] Map: 19 x 19 Turn: 28
2026-06-02 00:41:12 [self-0002-0-city] Route planned: Target = 192 Mode = strategy city-free reachable tiles = 264 Fallback-Tiles = 267
2026-06-02 00:41:12 [self-0002-0-city] Move #10: 169 -> 188 | Army: 6 | Target-Terrain: -1 | Target: 192 | Half: False
2026-06-02 00:41:13 [self-0002-0-city] My general index: 169
2026-06-02 00:41:13 [self-0002-0-city] Enemy general index: None
2026-06-02 00:41:13 [self-0002-0-city] Visible enemy tiles: 0
2026-06-02 00:41:13 [self-0002-0-city] Tiles: 11 / 11
2026-06-02 00:41:13 [self-0002-0-city] Map: 19 x 19 Turn: 29
2026-06-02 00:41:13 [self-0002-0-city] Route planned: Target = 192 Mode = strategy city-free reachable tiles = 264 Fallback-Tiles = 267
2026-06-02 00:41:13 [self-0002-0-city] Priority agent: flow +6000 base = 51825 final = 57825
2026-06-02 00:41:13 [self-0002-0-city] Move #11: 188 -> 187 | Army: 5 | Target-Terrain: -1 | Target: 192 | Half: False
2026-06-02 00:41:13 [self-0002-0-city] My general index: 169
2026-06-02 00:41:13 [self-0002-0-city] Enemy general index: None
2026-06-02 00:41:13 [self-0002-0-city] Visible enemy tiles: 0
2026-06-02 00:41:13 [self-0002-0-city] Tiles: 12 / 12
2026-06-02 00:41:13 [self-0002-0-city] Map: 19 x 19 Turn: 30
2026-06-02 00:41:13 [self-0002-0-city] Route planned: Target = 192 Mode = strategy city-free reachable tiles = 264 Fallback-Tiles = 267
2026-06-02 00:41:13 [self-0002-0-city] Priority agent: flow +6000 base = 52214 final = 58214
2026-06-02 00:41:13 [self-0002-0-city] Move #12: 187 -> 206 | Army: 4 | Target-Terrain: -1 | Target: 192 | Half: False
2026-06-02 00:41:14 [self-0002-0-city] My general index: 169
2026-06-02 00:41:14 [self-0002-0-city] Enemy general index: None
2026-06-02 00:41:14 [self-0002-0-city] Visible enemy tiles: 0
2026-06-02 00:41:14 [self-0002-0-city] Tiles: 13 / 13
2026-06-02 00:41:14 [self-0002-0-city] Map: 19 x 19 Turn: 31
2026-06-02 00:41:14 [self-0002-0-city] Route planned: Target = 192 Mode = strategy city-free reachable tiles = 264 Fallback-Tiles = 267
2026-06-02 00:41:14 [self-0002-0-city] Priority agent: flow +6000 base = 52303 final = 58303
2026-06-02 00:41:14 [self-0002-0-city] Move #13: 206 -> 205 | Army: 3 | Target-Terrain: -1 | Target: 192 | Half: False
2026-06-02 00:41:14 [self-0002-0-city] My general index: 169
2026-06-02 00:41:14 [self-0002-0-city] Enemy general index: None
2026-06-02 00:41:14 [self-0002-0-city] Visible enemy tiles: 0
2026-06-02 00:41:14 [self-0002-0-city] Tiles: 14 / 14
2026-06-02 00:41:14 [self-0002-0-city] Map: 19 x 19 Turn: 32
2026-06-02 00:41:14 [self-0002-0-city] Route planned: Target = 192 Mode = strategy city-free reachable tiles = 264 Fallback-Tiles = 267
2026-06-02 00:41:14 [self-0002-0-city] Priority agent: flow +6000 base = 50492 final = 56492
2026-06-02 00:41:14 [self-0002-0-city] Move #14: 205 -> 204 | Army: 2 | Target-Terrain: -1 | Target: 192 | Half: False
2026-06-02 00:41:15 [self-0002-0-city] My general index: 169
2026-06-02 00:41:15 [self-0002-0-city] Enemy general index: None
2026-06-02 00:41:15 [self-0002-0-city] Visible enemy tiles: 0
2026-06-02 00:41:15 [self-0002-0-city] Tiles: 15 / 15
2026-06-02 00:41:15 [self-0002-0-city] Map: 19 x 19 Turn: 33
2026-06-02 00:41:15 [self-0002-0-city] Route planned: Target = 192 Mode = strategy city-free reachable tiles = 264 Fallback-Tiles = 267
2026-06-02 00:41:15 [self-0002-0-city] Move #15: 169 -> 170 | Army: 3 | Target-Terrain: -1 | Target: 192 | Half: False
2026-06-02 00:41:15 [self-0002-0-city] My general index: 169
2026-06-02 00:41:15 [self-0002-0-city] Enemy general index: None
2026-06-02 00:41:15 [self-0002-0-city] Visible enemy tiles: 0
2026-06-02 00:41:15 [self-0002-0-city] Tiles: 16 / 16
2026-06-02 00:41:15 [self-0002-0-city] Map: 19 x 19 Turn: 34
2026-06-02 00:41:15 [self-0002-0-city] Reinforcement waypoint: 185 final target = 192 turns until reinforcement = 16
2026-06-02 00:41:15 [self-0002-0-city] Route planned: Target = 185 Mode = reinforcement_waypoint city-free reachable tiles = 264 Fallback-Tiles = 267
2026-06-02 00:41:15 [self-0002-0-city] Priority agent: flow +6000 base = 47362 final = 53362
2026-06-02 00:41:15 [self-0002-0-city] Move #16: 170 -> 189 | Army: 2 | Target-Terrain: -1 | Target: 185 | Half: False
2026-06-02 00:41:16 [self-0002-0-city] My general index: 169
2026-06-02 00:41:16 [self-0002-0-city] Enemy general index: None
2026-06-02 00:41:16 [self-0002-0-city] Visible enemy tiles: 0
2026-06-02 00:41:16 [self-0002-0-city] Tiles: 17 / 17
2026-06-02 00:41:16 [self-0002-0-city] Map: 19 x 19 Turn: 35
2026-06-02 00:41:16 [self-0002-0-city] Reinforcement waypoint: 204 final target = 192 turns until reinforcement = 15
2026-06-02 00:41:16 [self-0002-0-city] Route planned: Target = 204 Mode = reinforcement_waypoint city-free reachable tiles = 264 Fallback-Tiles = 267
2026-06-02 00:41:16 [self-0002-0-city] Move #17: 169 -> 168 | Army: 2 | Target-Terrain: 1 | Target: 204 | Half: False
2026-06-02 00:41:16 [self-0002-0-city] My general index: 169
2026-06-02 00:41:16 [self-0002-0-city] Enemy general index: None
2026-06-02 00:41:16 [self-0002-0-city] Visible enemy tiles: 0
2026-06-02 00:41:16 [self-0002-0-city] Tiles: 17 / 17
2026-06-02 00:41:16 [self-0002-0-city] Map: 19 x 19 Turn: 36
2026-06-02 00:41:16 [self-0002-0-city] Reinforcement waypoint: 146 final target = 192 turns until reinforcement = 14
2026-06-02 00:41:16 [self-0002-0-city] Route planned: Target = 146 Mode = reinforcement_waypoint city-free reachable tiles = 264 Fallback-Tiles = 267
2026-06-02 00:41:16 [self-0002-0-city] Priority agent: flow +6000 base = 59382 final = 65382
2026-06-02 00:41:16 [self-0002-0-city] Move #18: 168 -> 167 | Army: 2 | Target-Terrain: -1 | Target: 146 | Half: False
2026-06-02 00:41:17 [self-0002-0-city] My general index: 169
2026-06-02 00:41:17 [self-0002-0-city] Enemy general index: None
2026-06-02 00:41:17 [self-0002-0-city] Visible enemy tiles: 0
2026-06-02 00:41:17 [self-0002-0-city] Tiles: 18 / 17
2026-06-02 00:41:17 [self-0002-0-city] Map: 19 x 19 Turn: 37
2026-06-02 00:41:17 [self-0002-0-city] Reinforcement waypoint: 206 final target = 192 turns until reinforcement = 13
2026-06-02 00:41:17 [self-0002-0-city] Route planned: Target = 206 Mode = reinforcement_waypoint city-free reachable tiles = 264 Fallback-Tiles = 267
2026-06-02 00:41:17 [self-0002-0-city] Priority agent: edge reuse -18000 base = 38072 final = 20072
2026-06-02 00:41:17 [self-0002-0-city] Move #19: 169 -> 188 | Army: 2 | Target-Terrain: 1 | Target: 206 | Half: False
2026-06-02 00:41:17 [self-0002-0-city] My general index: 169
2026-06-02 00:41:17 [self-0002-0-city] Enemy general index: None
2026-06-02 00:41:17 [self-0002-0-city] Visible enemy tiles: 0
2026-06-02 00:41:17 [self-0002-0-city] Tiles: 18 / 18
2026-06-02 00:41:17 [self-0002-0-city] Map: 19 x 19 Turn: 38
2026-06-02 00:41:17 [self-0002-0-city] Reinforcement waypoint: 206 final target = 192 turns until reinforcement = 12
2026-06-02 00:41:17 [self-0002-0-city] Route planned: Target = 206 Mode = reinforcement_waypoint city-free reachable tiles = 264 Fallback-Tiles = 267
2026-06-02 00:41:17 [self-0002-0-city] Priority agent: edge reuse -18000 base = 38072 final = 20072
2026-06-02 00:41:17 [self-0002-0-city] Move #20: 169 -> 168 | Army: 2 | Target-Terrain: 1 | Target: 206 | Half: False
2026-06-02 00:41:18 [self-0002-0-city] My general index: 169
2026-06-02 00:41:18 [self-0002-0-city] Enemy general index: None
2026-06-02 00:41:18 [self-0002-0-city] Visible enemy tiles: 0
2026-06-02 00:41:18 [self-0002-0-city] Tiles: 18 / 19
2026-06-02 00:41:18 [self-0002-0-city] Map: 19 x 19 Turn: 39
2026-06-02 00:41:18 [self-0002-0-city] Reinforcement waypoint: 149 final target = 192 turns until reinforcement = 11
2026-06-02 00:41:18 [self-0002-0-city] Route planned: Target = 149 Mode = reinforcement_waypoint city-free reachable tiles = 264 Fallback-Tiles = 267
2026-06-02 00:41:18 [self-0002-0-city] Priority agent: fresh target pullback -12000, flow +6000 base = 38252 final = 32252
2026-06-02 00:41:18 [self-0002-0-city] Move #21: 168 -> 149 | Army: 2 | Target-Terrain: 1 | Target: 149 | Half: False
2026-06-02 00:41:18 [self-0002-0-city] My general index: 169
2026-06-02 00:41:18 [self-0002-0-city] Enemy general index: None
2026-06-02 00:41:18 [self-0002-0-city] Visible enemy tiles: 0
2026-06-02 00:41:18 [self-0002-0-city] Tiles: 18 / 19
2026-06-02 00:41:18 [self-0002-0-city] Map: 19 x 19 Turn: 40
2026-06-02 00:41:18 [self-0002-0-city] Reinforcement waypoint: 187 final target = 192 turns until reinforcement = 10
2026-06-02 00:41:18 [self-0002-0-city] Route planned: Target = 187 Mode = reinforcement_waypoint city-free reachable tiles = 264 Fallback-Tiles = 267
2026-06-02 00:41:18 [self-0002-0-city] Priority agent: edge reuse -18000, fresh target pullback -12000 base = 38252 final = 8252
2026-06-02 00:41:18 [self-0002-0-city] Move #22: 188 -> 187 | Army: 2 | Target-Terrain: 1 | Target: 187 | Half: False
2026-06-02 00:41:19 [self-0002-0-city] My general index: 169
2026-06-02 00:41:19 [self-0002-0-city] Enemy general index: None
2026-06-02 00:41:19 [self-0002-0-city] Visible enemy tiles: 0
2026-06-02 00:41:19 [self-0002-0-city] Tiles: 18 / 19
2026-06-02 00:41:19 [self-0002-0-city] Map: 19 x 19 Turn: 41
2026-06-02 00:41:19 [self-0002-0-city] Reinforcement waypoint: 206 final target = 192 turns until reinforcement = 9
2026-06-02 00:41:19 [self-0002-0-city] Route planned: Target = 206 Mode = reinforcement_waypoint city-free reachable tiles = 264 Fallback-Tiles = 267
2026-06-02 00:41:19 [self-0002-0-city] Priority agent: edge reuse -18000, fresh target pullback -12000, flow +6000 base = 38252 final = 14252
2026-06-02 00:41:19 [self-0002-0-city] Move #23: 187 -> 206 | Army: 2 | Target-Terrain: 1 | Target: 206 | Half: False
2026-06-02 00:41:19 [self-0002-0-city] My general index: 169
2026-06-02 00:41:19 [self-0002-0-city] Enemy general index: None
2026-06-02 00:41:19 [self-0002-0-city] Visible enemy tiles: 0
2026-06-02 00:41:19 [self-0002-0-city] Tiles: 18 / 19
2026-06-02 00:41:19 [self-0002-0-city] Map: 19 x 19 Turn: 42
2026-06-02 00:41:19 [self-0002-0-city] Reinforcement waypoint: 205 final target = 192 turns until reinforcement = 8
2026-06-02 00:41:19 [self-0002-0-city] Route planned: Target = 205 Mode = reinforcement_waypoint city-free reachable tiles = 264 Fallback-Tiles = 267
2026-06-02 00:41:19 [self-0002-0-city] Priority agent: flow +6000 base = 21772 final = 27772
2026-06-02 00:41:19 [self-0002-0-city] Move #24: 206 -> 225 | Army: 2 | Target-Terrain: -1 | Target: 205 | Half: False
2026-06-02 00:41:20 [self-0002-0-city] My general index: 169
2026-06-02 00:41:20 [self-0002-0-city] Enemy general index: None
2026-06-02 00:41:20 [self-0002-0-city] Visible enemy tiles: 0
2026-06-02 00:41:20 [self-0002-0-city] Tiles: 19 / 20
2026-06-02 00:41:20 [self-0002-0-city] Map: 19 x 19 Turn: 43
2026-06-02 00:41:20 [self-0002-0-city] Reinforcement waypoint: 188 final target = 192 turns until reinforcement = 7
2026-06-02 00:41:20 [self-0002-0-city] Route planned: Target = 188 Mode = reinforcement_waypoint city-free reachable tiles = 264 Fallback-Tiles = 267
2026-06-02 00:41:20 [self-0002-0-city] Priority agent: edge reuse -18000 base = 38253 final = 20253
2026-06-02 00:41:20 [self-0002-0-city] Move #25: 169 -> 188 | Army: 3 | Target-Terrain: 1 | Target: 188 | Half: False
2026-06-02 00:41:20 [self-0002-0-city] My general index: 169
2026-06-02 00:41:20 [self-0002-0-city] Enemy general index: None
2026-06-02 00:41:20 [self-0002-0-city] Visible enemy tiles: 0
2026-06-02 00:41:20 [self-0002-0-city] Tiles: 19 / 20
2026-06-02 00:41:20 [self-0002-0-city] Map: 19 x 19 Turn: 44
2026-06-02 00:41:20 [self-0002-0-city] Reinforcement waypoint: 187 final target = 192 turns until reinforcement = 6
2026-06-02 00:41:20 [self-0002-0-city] Route planned: Target = 187 Mode = reinforcement_waypoint city-free reachable tiles = 264 Fallback-Tiles = 267
2026-06-02 00:41:20 [self-0002-0-city] Priority agent: edge reuse -18000, fresh target pullback -12000, flow +6000 base = 40453 final = 16453
2026-06-02 00:41:20 [self-0002-0-city] Move #26: 188 -> 187 | Army: 3 | Target-Terrain: 1 | Target: 187 | Half: False
2026-06-02 00:41:21 [self-0002-0-city] My general index: 169
2026-06-02 00:41:21 [self-0002-0-city] Enemy general index: None
2026-06-02 00:41:21 [self-0002-0-city] Visible enemy tiles: 0
2026-06-02 00:41:21 [self-0002-0-city] Tiles: 19 / 20
2026-06-02 00:41:21 [self-0002-0-city] Map: 19 x 19 Turn: 45
2026-06-02 00:41:21 [self-0002-0-city] Reinforcement waypoint: 206 final target = 192 turns until reinforcement = 5
2026-06-02 00:41:21 [self-0002-0-city] Route planned: Target = 206 Mode = reinforcement_waypoint city-free reachable tiles = 264 Fallback-Tiles = 267
2026-06-02 00:41:21 [self-0002-0-city] Priority agent: edge reuse -18000, fresh target pullback -12000, flow +6000 base = 40453 final = 16453
2026-06-02 00:41:21 [self-0002-0-city] Move #27: 187 -> 206 | Army: 3 | Target-Terrain: 1 | Target: 206 | Half: False
2026-06-02 00:41:21 [self-0002-0-city] My general index: 169
2026-06-02 00:41:21 [self-0002-0-city] Enemy general index: None
2026-06-02 00:41:21 [self-0002-0-city] Visible enemy tiles: 0
2026-06-02 00:41:21 [self-0002-0-city] Tiles: 19 / 20
2026-06-02 00:41:21 [self-0002-0-city] Map: 19 x 19 Turn: 46
2026-06-02 00:41:21 [self-0002-0-city] Reinforcement waypoint: 205 final target = 192 turns until reinforcement = 4
2026-06-02 00:41:21 [self-0002-0-city] Route planned: Target = 205 Mode = reinforcement_waypoint city-free reachable tiles = 264 Fallback-Tiles = 267
2026-06-02 00:41:21 [self-0002-0-city] Priority agent: fresh target pullback -12000, flow +6000 base = 40453 final = 34453
2026-06-02 00:41:21 [self-0002-0-city] Move #28: 206 -> 205 | Army: 3 | Target-Terrain: 1 | Target: 205 | Half: False
2026-06-02 00:41:22 [self-0002-0-city] Coach: balanced tiles 19/21 army 24/24 cities 0/0 enemy_city_suspect False bias {'expansion_bias': 0.1, 'city_bias': 0.8, 'attack_bias': 0.1, 'defense_bias': 0.0, 'route_bias': 0.5}
2026-06-02 00:41:22 [self-0002-0-city] My general index: 169
2026-06-02 00:41:22 [self-0002-0-city] Enemy general index: None
2026-06-02 00:41:22 [self-0002-0-city] Visible enemy tiles: 0
2026-06-02 00:41:22 [self-0002-0-city] Tiles: 19 / 21
2026-06-02 00:41:22 [self-0002-0-city] Map: 19 x 19 Turn: 47
2026-06-02 00:41:22 [self-0002-0-city] Reinforcement waypoint: 204 final target = 192 turns until reinforcement = 3
2026-06-02 00:41:22 [self-0002-0-city] Route planned: Target = 204 Mode = reinforcement_waypoint city-free reachable tiles = 264 Fallback-Tiles = 267
2026-06-02 00:41:22 [self-0002-0-city] Priority agent: fresh target pullback -12000, flow +6000 base = 40453 final = 34453
2026-06-02 00:41:22 [self-0002-0-city] Move #29: 205 -> 204 | Army: 3 | Target-Terrain: 1 | Target: 204 | Half: False
2026-06-02 00:41:22 [self-0002-0-city] My general index: 169
2026-06-02 00:41:22 [self-0002-0-city] Enemy general index: None
2026-06-02 00:41:22 [self-0002-0-city] Visible enemy tiles: 0
2026-06-02 00:41:22 [self-0002-0-city] Tiles: 19 / 21
2026-06-02 00:41:22 [self-0002-0-city] Map: 19 x 19 Turn: 48
2026-06-02 00:41:22 [self-0002-0-city] Reinforcement waypoint: 185 final target = 192 turns until reinforcement = 2
2026-06-02 00:41:22 [self-0002-0-city] Route planned: Target = 185 Mode = reinforcement_waypoint city-free reachable tiles = 264 Fallback-Tiles = 267
2026-06-02 00:41:22 [self-0002-0-city] Priority agent: flow +6000 base = 62603 final = 68603
2026-06-02 00:41:22 [self-0002-0-city] Move #30: 204 -> 185 | Army: 3 | Target-Terrain: -1 | Target: 185 | Half: False
2026-06-02 00:41:23 [self-0002-0-city] My general index: 169
2026-06-02 00:41:23 [self-0002-0-city] Enemy general index: None
2026-06-02 00:41:23 [self-0002-0-city] Visible enemy tiles: 0
2026-06-02 00:41:23 [self-0002-0-city] Tiles: 20 / 21
2026-06-02 00:41:23 [self-0002-0-city] Map: 19 x 19 Turn: 49
2026-06-02 00:41:23 [self-0002-0-city] Reinforcement waypoint: 184 final target = 192 turns until reinforcement = 1
2026-06-02 00:41:23 [self-0002-0-city] Route planned: Target = 184 Mode = reinforcement_waypoint city-free reachable tiles = 264 Fallback-Tiles = 267
2026-06-02 00:41:23 [self-0002-0-city] Move #31: 149 -> 148 | Army: 2 | Target-Terrain: 1 | Target: 184 | Half: False
2026-06-02 00:41:23 [self-0002-0-city] My general index: 169
2026-06-02 00:41:23 [self-0002-0-city] Enemy general index: None
2026-06-02 00:41:23 [self-0002-0-city] Visible enemy tiles: 0
2026-06-02 00:41:23 [self-0002-0-city] Tiles: 20 / 21
2026-06-02 00:41:23 [self-0002-0-city] Map: 19 x 19 Turn: 50
2026-06-02 00:41:23 [self-0002-0-city] Route planned: Target = 192 Mode = reinforcement_waypoint city-free reachable tiles = 264 Fallback-Tiles = 267
2026-06-02 00:41:23 [self-0002-0-city] Move #32: 182 -> 181 | Army: 2 | Target-Terrain: -1 | Target: 192 | Half: False
2026-06-02 00:41:24 [self-0002-0-city] My general index: 169
2026-06-02 00:41:24 [self-0002-0-city] Enemy general index: None
2026-06-02 00:41:24 [self-0002-0-city] Visible enemy tiles: 0
2026-06-02 00:41:24 [self-0002-0-city] Tiles: 21 / 22
2026-06-02 00:41:24 [self-0002-0-city] Map: 19 x 19 Turn: 51
2026-06-02 00:41:24 [self-0002-0-city] Route planned: Target = 192 Mode = reinforcement_waypoint city-free reachable tiles = 264 Fallback-Tiles = 267
2026-06-02 00:41:24 [self-0002-0-city] Move #33: 146 -> 145 | Army: 2 | Target-Terrain: -1 | Target: 192 | Half: False
2026-06-02 00:41:24 [self-0002-0-city] My general index: 169
2026-06-02 00:41:24 [self-0002-0-city] Enemy general index: None
2026-06-02 00:41:24 [self-0002-0-city] Visible enemy tiles: 1
2026-06-02 00:41:24 [self-0002-0-city] Tiles: 22 / 23
2026-06-02 00:41:24 [self-0002-0-city] Map: 19 x 19 Turn: 52
2026-06-02 00:41:24 [self-0002-0-city] Route planned: Target = 192 Mode = reinforcement_waypoint city-free reachable tiles = 264 Fallback-Tiles = 267
2026-06-02 00:41:24 [self-0002-0-city] Move #34: 225 -> 224 | Army: 2 | Target-Terrain: -1 | Target: 192 | Half: False
2026-06-02 00:41:25 [self-0002-0-city] My general index: 169
2026-06-02 00:41:25 [self-0002-0-city] Enemy general index: None
2026-06-02 00:41:25 [self-0002-0-city] Visible enemy tiles: 1
2026-06-02 00:41:25 [self-0002-0-city] Tiles: 23 / 24
2026-06-02 00:41:25 [self-0002-0-city] Map: 19 x 19 Turn: 53
2026-06-02 00:41:25 [self-0002-0-city] Route planned: Target = 192 Mode = reinforcement_waypoint city-free reachable tiles = 264 Fallback-Tiles = 267
2026-06-02 00:41:25 [self-0002-0-city] Move #35: 165 -> 164 | Army: 2 | Target-Terrain: -1 | Target: 192 | Half: False
2026-06-02 00:41:25 [self-0002-0-city] My general index: 169
2026-06-02 00:41:25 [self-0002-0-city] Enemy general index: None
2026-06-02 00:41:25 [self-0002-0-city] Visible enemy tiles: 2
2026-06-02 00:41:25 [self-0002-0-city] Tiles: 24 / 25
2026-06-02 00:41:25 [self-0002-0-city] Map: 19 x 19 Turn: 54
2026-06-02 00:41:25 [self-0002-0-city] Route planned: Target = 192 Mode = reinforcement_waypoint city-free reachable tiles = 264 Fallback-Tiles = 267
2026-06-02 00:41:25 [self-0002-0-city] Move #36: 169 -> 168 | Army: 8 | Target-Terrain: 1 | Target: 192 | Half: False
2026-06-02 00:41:26 [self-0002-0-city] My general index: 169
2026-06-02 00:41:26 [self-0002-0-city] Enemy general index: None
2026-06-02 00:41:26 [self-0002-0-city] Visible enemy tiles: 2
2026-06-02 00:41:26 [self-0002-0-city] Tiles: 24 / 26
2026-06-02 00:41:26 [self-0002-0-city] Map: 19 x 19 Turn: 55
2026-06-02 00:41:26 [self-0002-0-city] Route planned: Target = 192 Mode = reinforcement_waypoint city-free reachable tiles = 264 Fallback-Tiles = 267
2026-06-02 00:41:26 [self-0002-0-city] Move #37: 183 -> 182 | Army: 2 | Target-Terrain: 1 | Target: 192 | Half: False
2026-06-02 00:41:26 [self-0002-0-city] My general index: 169
2026-06-02 00:41:26 [self-0002-0-city] Enemy general index: None
2026-06-02 00:41:26 [self-0002-0-city] Visible enemy tiles: 2
2026-06-02 00:41:26 [self-0002-0-city] Tiles: 24 / 27
2026-06-02 00:41:26 [self-0002-0-city] Map: 19 x 19 Turn: 56
2026-06-02 00:41:26 [self-0002-0-city] Route planned: Target = 192 Mode = reinforcement_waypoint city-free reachable tiles = 264 Fallback-Tiles = 267
2026-06-02 00:41:26 [self-0002-0-city] Priority agent: flow +6000 base = 24512 final = 30512
2026-06-02 00:41:26 [self-0002-0-city] Move #38: 182 -> 201 | Army: 2 | Target-Terrain: -1 | Target: 192 | Half: False
2026-06-02 00:41:27 [self-0002-0-city] My general index: 169
2026-06-02 00:41:27 [self-0002-0-city] Enemy general index: None
2026-06-02 00:41:27 [self-0002-0-city] Visible enemy tiles: 2
2026-06-02 00:41:27 [self-0002-0-city] Tiles: 25 / 28
2026-06-02 00:41:27 [self-0002-0-city] Map: 19 x 19 Turn: 57
2026-06-02 00:41:27 [self-0002-0-city] Route planned: Target = 192 Mode = reinforcement_waypoint city-free reachable tiles = 264 Fallback-Tiles = 267
2026-06-02 00:41:27 [self-0002-0-city] Move #39: 184 -> 183 | Army: 2 | Target-Terrain: 1 | Target: 192 | Half: False
2026-06-02 00:41:27 [self-0002-0-city] My general index: 169
2026-06-02 00:41:27 [self-0002-0-city] Enemy general index: None
2026-06-02 00:41:27 [self-0002-0-city] Visible enemy tiles: 2
2026-06-02 00:41:27 [self-0002-0-city] Tiles: 25 / 29
2026-06-02 00:41:27 [self-0002-0-city] Map: 19 x 19 Turn: 58
2026-06-02 00:41:27 [self-0002-0-city] Route planned: Target = 192 Mode = reinforcement_waypoint city-free reachable tiles = 264 Fallback-Tiles = 267
2026-06-02 00:41:27 [self-0002-0-city] Move #40: 185 -> 184 | Army: 3 | Target-Terrain: 1 | Target: 192 | Half: False
2026-06-02 00:41:28 [self-0002-0-city] My general index: 169
2026-06-02 00:41:28 [self-0002-0-city] Enemy general index: None
2026-06-02 00:41:28 [self-0002-0-city] Visible enemy tiles: 2
2026-06-02 00:41:28 [self-0002-0-city] Tiles: 25 / 30
2026-06-02 00:41:28 [self-0002-0-city] Map: 19 x 19 Turn: 59
2026-06-02 00:41:28 [self-0002-0-city] Route planned: Target = 192 Mode = reinforcement_waypoint city-free reachable tiles = 264 Fallback-Tiles = 267
2026-06-02 00:41:28 [self-0002-0-city] Move #41: 168 -> 167 | Army: 9 | Target-Terrain: 1 | Target: 192 | Half: False
2026-06-02 00:41:28 [self-0002-0-city] My general index: 169
2026-06-02 00:41:28 [self-0002-0-city] Enemy general index: None
2026-06-02 00:41:28 [self-0002-0-city] Visible enemy tiles: 2
2026-06-02 00:41:28 [self-0002-0-city] Tiles: 25 / 31
2026-06-02 00:41:28 [self-0002-0-city] Map: 19 x 19 Turn: 60
2026-06-02 00:41:28 [self-0002-0-city] Route planned: Target = 192 Mode = reinforcement_waypoint city-free reachable tiles = 264 Fallback-Tiles = 267
2026-06-02 00:41:28 [self-0002-0-city] Move #42: 147 -> 146 | Army: 2 | Target-Terrain: 1 | Target: 192 | Half: False
2026-06-02 00:41:29 [self-0002-0-city] My general index: 169
2026-06-02 00:41:29 [self-0002-0-city] Enemy general index: None
2026-06-02 00:41:29 [self-0002-0-city] Visible enemy tiles: 2
2026-06-02 00:41:29 [self-0002-0-city] Tiles: 25 / 31
2026-06-02 00:41:29 [self-0002-0-city] Map: 19 x 19 Turn: 61
2026-06-02 00:41:29 [self-0002-0-city] Route planned: Target = 192 Mode = reinforcement_waypoint city-free reachable tiles = 264 Fallback-Tiles = 267
2026-06-02 00:41:29 [self-0002-0-city] Move #43: 148 -> 147 | Army: 3 | Target-Terrain: 1 | Target: 192 | Half: False
2026-06-02 00:41:29 [self-0002-0-city] My general index: 169
2026-06-02 00:41:29 [self-0002-0-city] Enemy general index: None
2026-06-02 00:41:29 [self-0002-0-city] Visible enemy tiles: 2
2026-06-02 00:41:29 [self-0002-0-city] Tiles: 25 / 31
2026-06-02 00:41:29 [self-0002-0-city] Map: 19 x 19 Turn: 62
2026-06-02 00:41:29 [self-0002-0-city] Route planned: Target = 192 Mode = reinforcement_waypoint city-free reachable tiles = 264 Fallback-Tiles = 267
2026-06-02 00:41:29 [self-0002-0-city] Move #44: 205 -> 204 | Army: 2 | Target-Terrain: 1 | Target: 192 | Half: False
2026-06-02 00:41:30 [self-0002-0-city] My general index: 169
2026-06-02 00:41:30 [self-0002-0-city] Enemy general index: None
2026-06-02 00:41:30 [self-0002-0-city] Visible enemy tiles: 2
2026-06-02 00:41:30 [self-0002-0-city] Tiles: 25 / 31
2026-06-02 00:41:30 [self-0002-0-city] Map: 19 x 19 Turn: 63
2026-06-02 00:41:30 [self-0002-0-city] Route planned: Target = 192 Mode = reinforcement_waypoint city-free reachable tiles = 264 Fallback-Tiles = 267
2026-06-02 00:41:30 [self-0002-0-city] Move #45: 206 -> 205 | Army: 2 | Target-Terrain: 1 | Target: 192 | Half: False
2026-06-02 00:41:30 [self-0002-0-city] My general index: 169
2026-06-02 00:41:30 [self-0002-0-city] Enemy general index: None
2026-06-02 00:41:30 [self-0002-0-city] Visible enemy tiles: 2
2026-06-02 00:41:30 [self-0002-0-city] Tiles: 25 / 31
2026-06-02 00:41:30 [self-0002-0-city] Map: 19 x 19 Turn: 64
2026-06-02 00:41:30 [self-0002-0-city] Route planned: Target = 192 Mode = reinforcement_waypoint city-free reachable tiles = 264 Fallback-Tiles = 267
2026-06-02 00:41:30 [self-0002-0-city] Move #46: 149 -> 148 | Army: 2 | Target-Terrain: 1 | Target: 192 | Half: False
2026-06-02 00:41:31 [self-0002-0-city] My general index: 169
2026-06-02 00:41:31 [self-0002-0-city] Enemy general index: None
2026-06-02 00:41:31 [self-0002-0-city] Visible enemy tiles: 2
2026-06-02 00:41:31 [self-0002-0-city] Tiles: 25 / 31
2026-06-02 00:41:31 [self-0002-0-city] Map: 19 x 19 Turn: 65
2026-06-02 00:41:31 [self-0002-0-city] Route planned: Target = 192 Mode = reinforcement_waypoint city-free reachable tiles = 264 Fallback-Tiles = 267
2026-06-02 00:41:31 [self-0002-0-city] Move #47: 146 -> 165 | Army: 2 | Target-Terrain: 1 | Target: 192 | Half: False
2026-06-02 00:41:31 [self-0002-0-city] My general index: 169
2026-06-02 00:41:31 [self-0002-0-city] Enemy general index: None
2026-06-02 00:41:31 [self-0002-0-city] Visible enemy tiles: 2
2026-06-02 00:41:31 [self-0002-0-city] Tiles: 25 / 31
2026-06-02 00:41:31 [self-0002-0-city] Map: 19 x 19 Turn: 66
2026-06-02 00:41:31 [self-0002-0-city] Route planned: Target = 192 Mode = reinforcement_waypoint city-free reachable tiles = 264 Fallback-Tiles = 267
2026-06-02 00:41:31 [self-0002-0-city] Move #48: 187 -> 206 | Army: 2 | Target-Terrain: 1 | Target: 192 | Half: False
2026-06-02 00:41:32 [self-0002-0-city] My general index: 169
2026-06-02 00:41:32 [self-0002-0-city] Enemy general index: None
2026-06-02 00:41:32 [self-0002-0-city] Visible enemy tiles: 2
2026-06-02 00:41:32 [self-0002-0-city] Tiles: 25 / 31
2026-06-02 00:41:32 [self-0002-0-city] Map: 19 x 19 Turn: 67
2026-06-02 00:41:32 [self-0002-0-city] Route planned: Target = 192 Mode = reinforcement_waypoint city-free reachable tiles = 264 Fallback-Tiles = 267
2026-06-02 00:41:32 [self-0002-0-city] Move #49: 204 -> 185 | Army: 3 | Target-Terrain: 1 | Target: 192 | Half: False
2026-06-02 00:41:32 [self-0002-0-city] My general index: 169
2026-06-02 00:41:32 [self-0002-0-city] Enemy general index: None
2026-06-02 00:41:32 [self-0002-0-city] Visible enemy tiles: 2
2026-06-02 00:41:32 [self-0002-0-city] Tiles: 25 / 31
2026-06-02 00:41:32 [self-0002-0-city] Map: 19 x 19 Turn: 68
2026-06-02 00:41:32 [self-0002-0-city] Route planned: Target = 192 Mode = reinforcement_waypoint city-free reachable tiles = 264 Fallback-Tiles = 267
2026-06-02 00:41:32 [self-0002-0-city] Move #50: 188 -> 187 | Army: 2 | Target-Terrain: 1 | Target: 192 | Half: False
2026-06-02 00:41:33 [self-0002-0-city] My general index: 169
2026-06-02 00:41:33 [self-0002-0-city] Enemy general index: None
2026-06-02 00:41:33 [self-0002-0-city] Visible enemy tiles: 2
2026-06-02 00:41:33 [self-0002-0-city] Tiles: 25 / 31
2026-06-02 00:41:33 [self-0002-0-city] Map: 19 x 19 Turn: 69
2026-06-02 00:41:33 [self-0002-0-city] Route planned: Target = 192 Mode = reinforcement_waypoint city-free reachable tiles = 264 Fallback-Tiles = 267
2026-06-02 00:41:33 [self-0002-0-city] Move #51: 169 -> 168 | Army: 8 | Target-Terrain: 1 | Target: 192 | Half: False
2026-06-02 00:41:33 [self-0002-0-city] My general index: 169
2026-06-02 00:41:33 [self-0002-0-city] Enemy general index: None
2026-06-02 00:41:33 [self-0002-0-city] Visible enemy tiles: 2
2026-06-02 00:41:33 [self-0002-0-city] Tiles: 25 / 31
2026-06-02 00:41:33 [self-0002-0-city] Map: 19 x 19 Turn: 70
2026-06-02 00:41:33 [self-0002-0-city] Route planned: Target = 192 Mode = reinforcement_waypoint city-free reachable tiles = 264 Fallback-Tiles = 267
2026-06-02 00:41:33 [self-0002-0-city] Move #52: 183 -> 182 | Army: 2 | Target-Terrain: 1 | Target: 192 | Half: False
2026-06-02 00:41:34 [self-0002-0-city] My general index: 169
2026-06-02 00:41:34 [self-0002-0-city] Enemy general index: None
2026-06-02 00:41:34 [self-0002-0-city] Visible enemy tiles: 2
2026-06-02 00:41:34 [self-0002-0-city] Tiles: 25 / 31
2026-06-02 00:41:34 [self-0002-0-city] Map: 19 x 19 Turn: 71
2026-06-02 00:41:34 [self-0002-0-city] Route planned: Target = 192 Mode = reinforcement_waypoint city-free reachable tiles = 264 Fallback-Tiles = 267
2026-06-02 00:41:34 [self-0002-0-city] Move #53: 165 -> 184 | Army: 2 | Target-Terrain: 1 | Target: 192 | Half: False
2026-06-02 00:41:34 [self-0002-0-city] My general index: 169
2026-06-02 00:41:34 [self-0002-0-city] Enemy general index: None
2026-06-02 00:41:34 [self-0002-0-city] Visible enemy tiles: 2
2026-06-02 00:41:34 [self-0002-0-city] Tiles: 25 / 31
2026-06-02 00:41:34 [self-0002-0-city] Map: 19 x 19 Turn: 72
2026-06-02 00:41:34 [self-0002-0-city] Route planned: Target = 192 Mode = reinforcement_waypoint city-free reachable tiles = 264 Fallback-Tiles = 267
2026-06-02 00:41:34 [self-0002-0-city] Move #54: 189 -> 188 | Army: 2 | Target-Terrain: 1 | Target: 192 | Half: False
2026-06-02 00:41:35 [self-0002-0-city] My general index: 169
2026-06-02 00:41:35 [self-0002-0-city] Enemy general index: None
2026-06-02 00:41:35 [self-0002-0-city] Visible enemy tiles: 2
2026-06-02 00:41:35 [self-0002-0-city] Tiles: 25 / 31
2026-06-02 00:41:35 [self-0002-0-city] Map: 19 x 19 Turn: 73
2026-06-02 00:41:35 [self-0002-0-city] Route planned: Target = 161 Mode = strategy city-free reachable tiles = 264 Fallback-Tiles = 267
2026-06-02 00:41:35 [self-0002-0-city] Move #55: 170 -> 151 | Army: 2 | Target-Terrain: -1 | Target: 161 | Half: False
2026-06-02 00:41:35 [self-0002-0-city] My general index: 169
2026-06-02 00:41:35 [self-0002-0-city] Enemy general index: None
2026-06-02 00:41:35 [self-0002-0-city] Visible enemy tiles: 2
2026-06-02 00:41:35 [self-0002-0-city] Tiles: 26 / 31
2026-06-02 00:41:35 [self-0002-0-city] Map: 19 x 19 Turn: 74
2026-06-02 00:41:35 [self-0002-0-city] Route planned: Target = 161 Mode = strategy city-free reachable tiles = 264 Fallback-Tiles = 267
2026-06-02 00:41:35 [self-0002-0-city] Move #56: 185 -> 184 | Army: 3 | Target-Terrain: 1 | Target: 161 | Half: False
2026-06-02 00:41:36 [self-0002-0-city] My general index: 169
2026-06-02 00:41:36 [self-0002-0-city] Enemy general index: None
2026-06-02 00:41:36 [self-0002-0-city] Visible enemy tiles: 2
2026-06-02 00:41:36 [self-0002-0-city] Tiles: 26 / 32
2026-06-02 00:41:36 [self-0002-0-city] Map: 19 x 19 Turn: 75
2026-06-02 00:41:36 [self-0002-0-city] Route planned: Target = 161 Mode = strategy city-free reachable tiles = 264 Fallback-Tiles = 267
2026-06-02 00:41:36 [self-0002-0-city] Move #57: 182 -> 181 | Army: 2 | Target-Terrain: 1 | Target: 161 | Half: False
2026-06-02 00:41:36 [self-0002-0-city] My general index: 169
2026-06-02 00:41:36 [self-0002-0-city] Enemy general index: None
2026-06-02 00:41:36 [self-0002-0-city] Visible enemy tiles: 2
2026-06-02 00:41:36 [self-0002-0-city] Tiles: 26 / 32
2026-06-02 00:41:36 [self-0002-0-city] Map: 19 x 19 Turn: 76
2026-06-02 00:41:36 [self-0002-0-city] Route planned: Target = 161 Mode = strategy city-free reachable tiles = 264 Fallback-Tiles = 267
2026-06-02 00:41:36 [self-0002-0-city] Priority agent: flow +6000 base = 53662 final = 59662
2026-06-02 00:41:36 [self-0002-0-city] Move #58: 181 -> 180 | Army: 2 | Target-Terrain: -1 | Target: 161 | Half: False
2026-06-02 00:41:37 [self-0002-0-city] My general index: 169
2026-06-02 00:41:37 [self-0002-0-city] Enemy general index: None
2026-06-02 00:41:37 [self-0002-0-city] Visible enemy tiles: 3
2026-06-02 00:41:37 [self-0002-0-city] Tiles: 27 / 32
2026-06-02 00:41:37 [self-0002-0-city] Map: 19 x 19 Turn: 77
2026-06-02 00:41:37 [self-0002-0-city] Route planned: Target = 161 Mode = strategy city-free reachable tiles = 264 Fallback-Tiles = 267
2026-06-02 00:41:37 [self-0002-0-city] Move #59: 147 -> 146 | Army: 3 | Target-Terrain: 1 | Target: 161 | Half: False
2026-06-02 00:41:37 [self-0002-0-city] My general index: 169
2026-06-02 00:41:37 [self-0002-0-city] Enemy general index: None
2026-06-02 00:41:37 [self-0002-0-city] Visible enemy tiles: 3
2026-06-02 00:41:37 [self-0002-0-city] Tiles: 27 / 32
2026-06-02 00:41:37 [self-0002-0-city] Map: 19 x 19 Turn: 78
2026-06-02 00:41:37 [self-0002-0-city] Route planned: Target = 161 Mode = strategy city-free reachable tiles = 264 Fallback-Tiles = 267
2026-06-02 00:41:37 [self-0002-0-city] Move #60: 148 -> 147 | Army: 2 | Target-Terrain: 1 | Target: 161 | Half: False
2026-06-02 00:41:38 [self-0002-0-city] My general index: 169
2026-06-02 00:41:38 [self-0002-0-city] Enemy general index: None
2026-06-02 00:41:38 [self-0002-0-city] Visible enemy tiles: 3
2026-06-02 00:41:38 [self-0002-0-city] Tiles: 27 / 32
2026-06-02 00:41:38 [self-0002-0-city] Map: 19 x 19 Turn: 79
2026-06-02 00:41:38 [self-0002-0-city] Route planned: Target = 161 Mode = strategy city-free reachable tiles = 264 Fallback-Tiles = 267
2026-06-02 00:41:38 [self-0002-0-city] Move #61: 184 -> 183 | Army: 6 | Target-Terrain: 1 | Target: 161 | Half: False
2026-06-02 00:41:38 [self-0002-0-city] My general index: 169
2026-06-02 00:41:38 [self-0002-0-city] Enemy general index: None
2026-06-02 00:41:38 [self-0002-0-city] Visible enemy tiles: 3
2026-06-02 00:41:38 [self-0002-0-city] Tiles: 27 / 32
2026-06-02 00:41:38 [self-0002-0-city] Map: 19 x 19 Turn: 80
2026-06-02 00:41:38 [self-0002-0-city] Route planned: Target = 161 Mode = strategy city-free reachable tiles = 264 Fallback-Tiles = 267
2026-06-02 00:41:38 [self-0002-0-city] Move #62: 167 -> 148 | Army: 10 | Target-Terrain: 1 | Target: 161 | Half: False
2026-06-02 00:41:39 [self-0002-0-city] My general index: 169
2026-06-02 00:41:39 [self-0002-0-city] Enemy general index: None
2026-06-02 00:41:39 [self-0002-0-city] Visible enemy tiles: 3
2026-06-02 00:41:39 [self-0002-0-city] Tiles: 27 / 32
2026-06-02 00:41:39 [self-0002-0-city] Map: 19 x 19 Turn: 81
2026-06-02 00:41:39 [self-0002-0-city] Route planned: Target = 161 Mode = strategy city-free reachable tiles = 264 Fallback-Tiles = 267
2026-06-02 00:41:39 [self-0002-0-city] Move #63: 205 -> 204 | Army: 2 | Target-Terrain: 1 | Target: 161 | Half: False
2026-06-02 00:41:39 [self-0002-0-city] My general index: 169
2026-06-02 00:41:39 [self-0002-0-city] Enemy general index: None
2026-06-02 00:41:39 [self-0002-0-city] Visible enemy tiles: 3
2026-06-02 00:41:39 [self-0002-0-city] Tiles: 27 / 32
2026-06-02 00:41:39 [self-0002-0-city] Map: 19 x 19 Turn: 82
2026-06-02 00:41:39 [self-0002-0-city] Route planned: Target = 161 Mode = strategy city-free reachable tiles = 264 Fallback-Tiles = 267
2026-06-02 00:41:39 [self-0002-0-city] Move #64: 146 -> 145 | Army: 3 | Target-Terrain: 1 | Target: 161 | Half: False
2026-06-02 00:41:40 [self-0002-0-city] My general index: 169
2026-06-02 00:41:40 [self-0002-0-city] Enemy general index: None
2026-06-02 00:41:40 [self-0002-0-city] Visible enemy tiles: 3
2026-06-02 00:41:40 [self-0002-0-city] Tiles: 27 / 32
2026-06-02 00:41:40 [self-0002-0-city] Map: 19 x 19 Turn: 83
2026-06-02 00:41:40 [self-0002-0-city] Route planned: Target = 161 Mode = strategy city-free reachable tiles = 264 Fallback-Tiles = 267
2026-06-02 00:41:40 [self-0002-0-city] Priority agent: flow +6000 base = 54883 final = 60883
2026-06-02 00:41:40 [self-0002-0-city] Move #65: 145 -> 144 | Army: 3 | Target-Terrain: -1 | Target: 161 | Half: False
2026-06-02 00:41:40 [self-0002-0-city] My general index: 169
2026-06-02 00:41:40 [self-0002-0-city] Enemy general index: None
2026-06-02 00:41:40 [self-0002-0-city] Visible enemy tiles: 4
2026-06-02 00:41:40 [self-0002-0-city] Tiles: 28 / 32
2026-06-02 00:41:40 [self-0002-0-city] Map: 19 x 19 Turn: 84
2026-06-02 00:41:40 [self-0002-0-city] Reinforcement waypoint: 161 final target = 161 turns until reinforcement = 16
2026-06-02 00:41:40 [self-0002-0-city] Route planned: Target = 161 Mode = reinforcement_waypoint city-free reachable tiles = 264 Fallback-Tiles = 267
2026-06-02 00:41:40 [self-0002-0-city] Move #66: 168 -> 149 | Army: 8 | Target-Terrain: 1 | Target: 161 | Half: False
2026-06-02 00:41:41 [self-0002-0-city] My general index: 169
2026-06-02 00:41:41 [self-0002-0-city] Enemy general index: None
2026-06-02 00:41:41 [self-0002-0-city] Visible enemy tiles: 4
2026-06-02 00:41:41 [self-0002-0-city] Tiles: 28 / 32
2026-06-02 00:41:41 [self-0002-0-city] Map: 19 x 19 Turn: 85
2026-06-02 00:41:41 [self-0002-0-city] Reinforcement waypoint: 161 final target = 161 turns until reinforcement = 15
2026-06-02 00:41:41 [self-0002-0-city] Route planned: Target = 161 Mode = reinforcement_waypoint city-free reachable tiles = 264 Fallback-Tiles = 267
2026-06-02 00:41:41 [self-0002-0-city] Move #67: 183 -> 182 | Army: 6 | Target-Terrain: 1 | Target: 161 | Half: False
2026-06-02 00:41:41 [self-0002-0-city] My general index: 169
2026-06-02 00:41:41 [self-0002-0-city] Enemy general index: None
2026-06-02 00:41:41 [self-0002-0-city] Visible enemy tiles: 4
2026-06-02 00:41:41 [self-0002-0-city] Tiles: 28 / 32
2026-06-02 00:41:41 [self-0002-0-city] Map: 19 x 19 Turn: 86
2026-06-02 00:41:41 [self-0002-0-city] Reinforcement waypoint: 161 final target = 161 turns until reinforcement = 14
2026-06-02 00:41:41 [self-0002-0-city] Route planned: Target = 161 Mode = reinforcement_waypoint city-free reachable tiles = 264 Fallback-Tiles = 267
2026-06-02 00:41:41 [self-0002-0-city] Move #68: 204 -> 185 | Army: 2 | Target-Terrain: 1 | Target: 161 | Half: False
2026-06-02 00:41:42 [self-0002-0-city] My general index: 169
2026-06-02 00:41:42 [self-0002-0-city] Enemy general index: None
2026-06-02 00:41:42 [self-0002-0-city] Visible enemy tiles: 4
2026-06-02 00:41:42 [self-0002-0-city] Tiles: 28 / 32
2026-06-02 00:41:42 [self-0002-0-city] Map: 19 x 19 Turn: 87
2026-06-02 00:41:42 [self-0002-0-city] Reinforcement waypoint: 161 final target = 161 turns until reinforcement = 13
2026-06-02 00:41:42 [self-0002-0-city] Route planned: Target = 161 Mode = reinforcement_waypoint city-free reachable tiles = 264 Fallback-Tiles = 267
2026-06-02 00:41:42 [self-0002-0-city] Move #69: 206 -> 205 | Army: 2 | Target-Terrain: 1 | Target: 161 | Half: False
2026-06-02 00:41:42 [self-0002-0-city] My general index: 169
2026-06-02 00:41:42 [self-0002-0-city] Enemy general index: None
2026-06-02 00:41:42 [self-0002-0-city] Visible enemy tiles: 4
2026-06-02 00:41:42 [self-0002-0-city] Tiles: 27 / 33
2026-06-02 00:41:42 [self-0002-0-city] Map: 19 x 19 Turn: 88
2026-06-02 00:41:42 [self-0002-0-city] Reinforcement waypoint: 162 final target = 161 turns until reinforcement = 12
2026-06-02 00:41:42 [self-0002-0-city] Route planned: Target = 162 Mode = reinforcement_waypoint city-free reachable tiles = 264 Fallback-Tiles = 267
2026-06-02 00:41:42 [self-0002-0-city] Move #70: 169 -> 168 | Army: 11 | Target-Terrain: 1 | Target: 162 | Half: False
2026-06-02 00:41:43 [self-0002-0-city] My general index: 169
2026-06-02 00:41:43 [self-0002-0-city] Enemy general index: None
2026-06-02 00:41:43 [self-0002-0-city] Visible enemy tiles: 4
2026-06-02 00:41:43 [self-0002-0-city] Tiles: 27 / 33
2026-06-02 00:41:43 [self-0002-0-city] Map: 19 x 19 Turn: 89
2026-06-02 00:41:43 [self-0002-0-city] Reinforcement waypoint: 181 final target = 161 turns until reinforcement = 11
2026-06-02 00:41:43 [self-0002-0-city] Route planned: Target = 181 Mode = reinforcement_waypoint city-free reachable tiles = 264 Fallback-Tiles = 267
2026-06-02 00:41:43 [self-0002-0-city] Move #71: 149 -> 148 | Army: 8 | Target-Terrain: 1 | Target: 181 | Half: False
2026-06-02 00:41:43 [self-0002-0-city] My general index: 169
2026-06-02 00:41:43 [self-0002-0-city] Enemy general index: None
2026-06-02 00:41:43 [self-0002-0-city] Visible enemy tiles: 4
2026-06-02 00:41:43 [self-0002-0-city] Tiles: 27 / 33
2026-06-02 00:41:43 [self-0002-0-city] Map: 19 x 19 Turn: 90
2026-06-02 00:41:43 [self-0002-0-city] Reinforcement waypoint: 181 final target = 161 turns until reinforcement = 10
2026-06-02 00:41:43 [self-0002-0-city] Route planned: Target = 181 Mode = reinforcement_waypoint city-free reachable tiles = 264 Fallback-Tiles = 267
2026-06-02 00:41:43 [self-0002-0-city] Move #72: 182 -> 181 | Army: 6 | Target-Terrain: 1 | Target: 181 | Half: False
2026-06-02 00:41:44 [self-0002-0-city] My general index: 169
2026-06-02 00:41:44 [self-0002-0-city] Enemy general index: None
2026-06-02 00:41:44 [self-0002-0-city] Visible enemy tiles: 4
2026-06-02 00:41:44 [self-0002-0-city] Tiles: 27 / 33
2026-06-02 00:41:44 [self-0002-0-city] Map: 19 x 19 Turn: 91
2026-06-02 00:41:44 [self-0002-0-city] Reinforcement waypoint: 162 final target = 161 turns until reinforcement = 9
2026-06-02 00:41:44 [self-0002-0-city] Route planned: Target = 162 Mode = reinforcement_waypoint city-free reachable tiles = 264 Fallback-Tiles = 267
2026-06-02 00:41:44 [self-0002-0-city] Priority agent: flow +6000 base = 93406 final = 99406
2026-06-02 00:41:44 [self-0002-0-city] Move #73: 181 -> 162 | Army: 6 | Target-Terrain: 0 | Target: 162 | Half: False
2026-06-02 00:41:44 [self-0002-0-city] My general index: 169
2026-06-02 00:41:44 [self-0002-0-city] Enemy general index: None
2026-06-02 00:41:44 [self-0002-0-city] Visible enemy tiles: 4
2026-06-02 00:41:44 [self-0002-0-city] Tiles: 28 / 32
2026-06-02 00:41:44 [self-0002-0-city] Map: 19 x 19 Turn: 92
2026-06-02 00:41:44 [self-0002-0-city] Reinforcement waypoint: 161 final target = 180 turns until reinforcement = 8
2026-06-02 00:41:44 [self-0002-0-city] Route planned: Target = 161 Mode = reinforcement_waypoint city-free reachable tiles = 264 Fallback-Tiles = 267
2026-06-02 00:41:44 [self-0002-0-city] Priority agent: flow +6000 base = 93704 final = 99704
2026-06-02 00:41:44 [self-0002-0-city] Move #74: 162 -> 161 | Army: 4 | Target-Terrain: 0 | Target: 161 | Half: False
2026-06-02 00:41:45 [self-0002-0-city] My general index: 169
2026-06-02 00:41:45 [self-0002-0-city] Enemy general index: None
2026-06-02 00:41:45 [self-0002-0-city] Visible enemy tiles: 5
2026-06-02 00:41:45 [self-0002-0-city] Tiles: 29 / 31
2026-06-02 00:41:45 [self-0002-0-city] Map: 19 x 19 Turn: 93
2026-06-02 00:41:45 [self-0002-0-city] Reinforcement waypoint: 180 final target = 180 turns until reinforcement = 7
2026-06-02 00:41:45 [self-0002-0-city] Route planned: Target = 180 Mode = reinforcement_waypoint city-free reachable tiles = 264 Fallback-Tiles = 267
2026-06-02 00:41:45 [self-0002-0-city] Move #75: 168 -> 167 | Army: 11 | Target-Terrain: 1 | Target: 180 | Half: False
2026-06-02 00:41:45 [self-0002-0-city] My general index: 169
2026-06-02 00:41:45 [self-0002-0-city] Enemy general index: None
2026-06-02 00:41:45 [self-0002-0-city] Visible enemy tiles: 5
2026-06-02 00:41:45 [self-0002-0-city] Tiles: 29 / 31
2026-06-02 00:41:45 [self-0002-0-city] Map: 19 x 19 Turn: 94
2026-06-02 00:41:45 [self-0002-0-city] Reinforcement waypoint: 180 final target = 180 turns until reinforcement = 6
2026-06-02 00:41:45 [self-0002-0-city] Route planned: Target = 180 Mode = reinforcement_waypoint city-free reachable tiles = 264 Fallback-Tiles = 267
2026-06-02 00:41:45 [self-0002-0-city] Move #76: 148 -> 147 | Army: 17 | Target-Terrain: 1 | Target: 180 | Half: False
2026-06-02 00:41:46 [self-0002-0-city] My general index: 169
2026-06-02 00:41:46 [self-0002-0-city] Enemy general index: None
2026-06-02 00:41:46 [self-0002-0-city] Visible enemy tiles: 5
2026-06-02 00:41:46 [self-0002-0-city] Tiles: 29 / 31
2026-06-02 00:41:46 [self-0002-0-city] Map: 19 x 19 Turn: 95
2026-06-02 00:41:46 [self-0002-0-city] Reinforcement waypoint: 180 final target = 180 turns until reinforcement = 5
2026-06-02 00:41:46 [self-0002-0-city] Route planned: Target = 180 Mode = reinforcement_waypoint city-free reachable tiles = 264 Fallback-Tiles = 267
2026-06-02 00:41:46 [self-0002-0-city] Priority agent: fresh target pullback -12000, flow +6000 base = 44128 final = 38128
2026-06-02 00:41:46 [self-0002-0-city] Move #77: 147 -> 146 | Army: 18 | Target-Terrain: 1 | Target: 180 | Half: False
2026-06-02 00:41:46 [self-0002-0-city] My general index: 169
2026-06-02 00:41:46 [self-0002-0-city] Enemy general index: None
2026-06-02 00:41:46 [self-0002-0-city] Visible enemy tiles: 5
2026-06-02 00:41:46 [self-0002-0-city] Tiles: 29 / 31
2026-06-02 00:41:46 [self-0002-0-city] Map: 19 x 19 Turn: 96
2026-06-02 00:41:46 [self-0002-0-city] Reinforcement waypoint: 180 final target = 180 turns until reinforcement = 4
2026-06-02 00:41:46 [self-0002-0-city] Route planned: Target = 180 Mode = reinforcement_waypoint city-free reachable tiles = 264 Fallback-Tiles = 267
2026-06-02 00:41:46 [self-0002-0-city] Priority agent: fresh target pullback -12000, flow +6000 base = 44218 final = 38218
2026-06-02 00:41:46 [self-0002-0-city] Move #78: 146 -> 165 | Army: 18 | Target-Terrain: 1 | Target: 180 | Half: False
2026-06-02 00:41:47 [self-0002-0-city] Coach: balanced tiles 29/31 army 66/67 cities 0/0 enemy_city_suspect False bias {'expansion_bias': 0.1, 'city_bias': 0.8, 'attack_bias': 0.1, 'defense_bias': 0.0, 'route_bias': 0.5}
2026-06-02 00:41:47 [self-0002-0-city] My general index: 169
2026-06-02 00:41:47 [self-0002-0-city] Enemy general index: None
2026-06-02 00:41:47 [self-0002-0-city] Visible enemy tiles: 5
2026-06-02 00:41:47 [self-0002-0-city] Tiles: 29 / 31
2026-06-02 00:41:47 [self-0002-0-city] Map: 19 x 19 Turn: 97
2026-06-02 00:41:47 [self-0002-0-city] Reinforcement waypoint: 180 final target = 180 turns until reinforcement = 3
2026-06-02 00:41:47 [self-0002-0-city] Route planned: Target = 180 Mode = reinforcement_waypoint city-free reachable tiles = 264 Fallback-Tiles = 267
2026-06-02 00:41:47 [self-0002-0-city] Move #79: 185 -> 184 | Army: 2 | Target-Terrain: 1 | Target: 180 | Half: False
2026-06-02 00:41:47 [self-0002-0-city] My general index: 169
2026-06-02 00:41:47 [self-0002-0-city] Enemy general index: None
2026-06-02 00:41:47 [self-0002-0-city] Visible enemy tiles: 5
2026-06-02 00:41:47 [self-0002-0-city] Tiles: 29 / 31
2026-06-02 00:41:47 [self-0002-0-city] Map: 19 x 19 Turn: 98
2026-06-02 00:41:47 [self-0002-0-city] Reinforcement waypoint: 180 final target = 180 turns until reinforcement = 2
2026-06-02 00:41:47 [self-0002-0-city] Route planned: Target = 180 Mode = reinforcement_waypoint city-free reachable tiles = 264 Fallback-Tiles = 267
2026-06-02 00:41:47 [self-0002-0-city] Move #80: 205 -> 204 | Army: 2 | Target-Terrain: 1 | Target: 180 | Half: False
2026-06-02 00:41:48 [self-0002-0-city] My general index: 169
2026-06-02 00:41:48 [self-0002-0-city] Enemy general index: None
2026-06-02 00:41:48 [self-0002-0-city] Visible enemy tiles: 5
2026-06-02 00:41:48 [self-0002-0-city] Tiles: 29 / 31
2026-06-02 00:41:48 [self-0002-0-city] Map: 19 x 19 Turn: 99
2026-06-02 00:41:48 [self-0002-0-city] Reinforcement waypoint: 180 final target = 180 turns until reinforcement = 1
2026-06-02 00:41:48 [self-0002-0-city] Route planned: Target = 180 Mode = reinforcement_waypoint city-free reachable tiles = 264 Fallback-Tiles = 267
2026-06-02 00:41:48 [self-0002-0-city] Move #81: 187 -> 206 | Army: 2 | Target-Terrain: 1 | Target: 180 | Half: False
2026-06-02 00:41:48 [self-0002-0-city] My general index: 169
2026-06-02 00:41:48 [self-0002-0-city] Enemy general index: None
2026-06-02 00:41:48 [self-0002-0-city] Visible enemy tiles: 5
2026-06-02 00:41:48 [self-0002-0-city] Tiles: 29 / 31
2026-06-02 00:41:48 [self-0002-0-city] Map: 19 x 19 Turn: 100
2026-06-02 00:41:48 [self-0002-0-city] Route planned: Target = 180 Mode = strategy city-free reachable tiles = 264 Fallback-Tiles = 267
2026-06-02 00:41:48 [self-0002-0-city] Move #82: 201 -> 200 | Army: 2 | Target-Terrain: -1 | Target: 180 | Half: False
2026-06-02 00:41:49 [self-0002-0-city] My general index: 169
2026-06-02 00:41:49 [self-0002-0-city] Enemy general index: None
2026-06-02 00:41:49 [self-0002-0-city] Visible enemy tiles: 5
2026-06-02 00:41:49 [self-0002-0-city] Tiles: 30 / 32
2026-06-02 00:41:49 [self-0002-0-city] Map: 19 x 19 Turn: 101
2026-06-02 00:41:49 [self-0002-0-city] Route planned: Target = 180 Mode = strategy city-free reachable tiles = 264 Fallback-Tiles = 267
2026-06-02 00:41:49 [self-0002-0-city] Move #83: 224 -> 223 | Army: 2 | Target-Terrain: -1 | Target: 180 | Half: False
2026-06-02 00:41:49 [self-0002-0-city] My general index: 169
2026-06-02 00:41:49 [self-0002-0-city] Enemy general index: None
2026-06-02 00:41:49 [self-0002-0-city] Visible enemy tiles: 5
2026-06-02 00:41:49 [self-0002-0-city] Tiles: 31 / 33
2026-06-02 00:41:49 [self-0002-0-city] Map: 19 x 19 Turn: 102
2026-06-02 00:41:49 [self-0002-0-city] Route planned: Target = 180 Mode = strategy city-free reachable tiles = 264 Fallback-Tiles = 267
2026-06-02 00:41:49 [self-0002-0-city] Move #84: 165 -> 184 | Army: 19 | Target-Terrain: 1 | Target: 180 | Half: False
2026-06-02 00:41:50 [self-0002-0-city] My general index: 169
2026-06-02 00:41:50 [self-0002-0-city] Enemy general index: None
2026-06-02 00:41:50 [self-0002-0-city] Visible enemy tiles: 5
2026-06-02 00:41:50 [self-0002-0-city] Tiles: 31 / 33
2026-06-02 00:41:50 [self-0002-0-city] Map: 19 x 19 Turn: 103
2026-06-02 00:41:50 [self-0002-0-city] Route planned: Target = 180 Mode = strategy city-free reachable tiles = 264 Fallback-Tiles = 267
2026-06-02 00:41:50 [self-0002-0-city] Move #85: 169 -> 168 | Army: 9 | Target-Terrain: 1 | Target: 180 | Half: False
2026-06-02 00:41:50 [self-0002-0-city] My general index: 169
2026-06-02 00:41:50 [self-0002-0-city] Enemy general index: None
2026-06-02 00:41:50 [self-0002-0-city] Visible enemy tiles: 5
2026-06-02 00:41:50 [self-0002-0-city] Tiles: 31 / 33
2026-06-02 00:41:50 [self-0002-0-city] Map: 19 x 19 Turn: 104
2026-06-02 00:41:50 [self-0002-0-city] Route planned: Target = 180 Mode = strategy city-free reachable tiles = 264 Fallback-Tiles = 267
2026-06-02 00:41:50 [self-0002-0-city] Move #86: 183 -> 182 | Army: 2 | Target-Terrain: 1 | Target: 180 | Half: False
2026-06-02 00:41:51 [self-0002-0-city] My general index: 169
2026-06-02 00:41:51 [self-0002-0-city] Enemy general index: None
2026-06-02 00:41:51 [self-0002-0-city] Visible enemy tiles: 4
2026-06-02 00:41:51 [self-0002-0-city] Tiles: 30 / 34
2026-06-02 00:41:51 [self-0002-0-city] Map: 19 x 19 Turn: 105
2026-06-02 00:41:51 [self-0002-0-city] Route planned: Target = 180 Mode = strategy city-free reachable tiles = 264 Fallback-Tiles = 267
2026-06-02 00:41:51 [self-0002-0-city] Move #87: 164 -> 183 | Army: 2 | Target-Terrain: 1 | Target: 180 | Half: False
2026-06-02 00:41:51 [self-0002-0-city] My general index: 169
2026-06-02 00:41:51 [self-0002-0-city] Enemy general index: None
2026-06-02 00:41:51 [self-0002-0-city] Visible enemy tiles: 4
2026-06-02 00:41:51 [self-0002-0-city] Tiles: 29 / 35
2026-06-02 00:41:51 [self-0002-0-city] Map: 19 x 19 Turn: 106
2026-06-02 00:41:51 [self-0002-0-city] Route planned: Target = 180 Mode = strategy city-free reachable tiles = 264 Fallback-Tiles = 267
2026-06-02 00:41:51 [self-0002-0-city] Priority agent: flow +6000 base = 26092 final = 32092
2026-06-02 00:41:51 [self-0002-0-city] Move #88: 183 -> 202 | Army: 2 | Target-Terrain: -1 | Target: 180 | Half: False
2026-06-02 00:41:52 [self-0002-0-city] My general index: 169
2026-06-02 00:41:52 [self-0002-0-city] Enemy general index: None
2026-06-02 00:41:52 [self-0002-0-city] Visible enemy tiles: 4
2026-06-02 00:41:52 [self-0002-0-city] Tiles: 29 / 36
2026-06-02 00:41:52 [self-0002-0-city] Map: 19 x 19 Turn: 107
2026-06-02 00:41:52 [self-0002-0-city] Route planned: Target = 180 Mode = strategy city-free reachable tiles = 264 Fallback-Tiles = 267
2026-06-02 00:41:52 [self-0002-0-city] Move #89: 184 -> 183 | Army: 21 | Target-Terrain: 1 | Target: 180 | Half: False
2026-06-02 00:41:52 [self-0002-0-city] My general index: 169
2026-06-02 00:41:52 [self-0002-0-city] Enemy general index: None
2026-06-02 00:41:52 [self-0002-0-city] Visible enemy tiles: 5
2026-06-02 00:41:52 [self-0002-0-city] Tiles: 28 / 37
2026-06-02 00:41:52 [self-0002-0-city] Map: 19 x 19 Turn: 108
2026-06-02 00:41:52 [self-0002-0-city] Route planned: Target = 184 Mode = defense city-free reachable tiles = 264 Fallback-Tiles = 267
2026-06-02 00:41:52 [self-0002-0-city] Priority agent: edge reuse -9000 base = 211652 final = 202652
2026-06-02 00:41:52 [self-0002-0-city] Move #90: 185 -> 184 | Army: 2 | Target-Terrain: 1 | Target: 184 | Half: False
2026-06-02 00:41:53 [self-0002-0-city] My general index: 169
2026-06-02 00:41:53 [self-0002-0-city] Enemy general index: None
2026-06-02 00:41:53 [self-0002-0-city] Visible enemy tiles: 6
2026-06-02 00:41:53 [self-0002-0-city] Tiles: 27 / 38
2026-06-02 00:41:53 [self-0002-0-city] Map: 19 x 19 Turn: 109
2026-06-02 00:41:53 [self-0002-0-city] Route planned: Target = 184 Mode = defense city-free reachable tiles = 264 Fallback-Tiles = 267
2026-06-02 00:41:53 [self-0002-0-city] Priority agent: edge reuse -9000 base = 193071 final = 184071
2026-06-02 00:41:53 [self-0002-0-city] Move #91: 183 -> 184 | Army: 21 | Target-Terrain: 1 | Target: 184 | Half: False
2026-06-02 00:41:53 [self-0002-0-city] My general index: 169
2026-06-02 00:41:53 [self-0002-0-city] Enemy general index: None
2026-06-02 00:41:53 [self-0002-0-city] Visible enemy tiles: 4
2026-06-02 00:41:53 [self-0002-0-city] Tiles: 26 / 39
2026-06-02 00:41:53 [self-0002-0-city] Map: 19 x 19 Turn: 110
2026-06-02 00:41:53 [self-0002-0-city] Route planned: Target = 184 Mode = defense city-free reachable tiles = 264 Fallback-Tiles = 267
2026-06-02 00:41:53 [self-0002-0-city] Move #92: 204 -> 185 | Army: 3 | Target-Terrain: 1 | Target: 184 | Half: False
2026-06-02 00:41:54 [self-0002-0-city] My general index: 169
2026-06-02 00:41:54 [self-0002-0-city] Enemy general index: None
2026-06-02 00:41:54 [self-0002-0-city] Visible enemy tiles: 4
2026-06-02 00:41:54 [self-0002-0-city] Tiles: 26 / 40
2026-06-02 00:41:54 [self-0002-0-city] Map: 19 x 19 Turn: 111
2026-06-02 00:41:54 [self-0002-0-city] Route planned: Target = 184 Mode = defense city-free reachable tiles = 264 Fallback-Tiles = 267
2026-06-02 00:41:54 [self-0002-0-city] Priority agent: edge reuse -18000, flow +6000 base = 199353 final = 187353
2026-06-02 00:41:54 [self-0002-0-city] Move #93: 185 -> 184 | Army: 3 | Target-Terrain: 1 | Target: 184 | Half: False
2026-06-02 00:41:54 [self-0002-0-city] My general index: 169
2026-06-02 00:41:54 [self-0002-0-city] Enemy general index: None
2026-06-02 00:41:54 [self-0002-0-city] Visible enemy tiles: 4
2026-06-02 00:41:54 [self-0002-0-city] Tiles: 26 / 41
2026-06-02 00:41:54 [self-0002-0-city] Map: 19 x 19 Turn: 112
2026-06-02 00:41:54 [self-0002-0-city] Route planned: Target = 184 Mode = defense city-free reachable tiles = 264 Fallback-Tiles = 267
2026-06-02 00:41:54 [self-0002-0-city] Move #94: 146 -> 165 | Army: 2 | Target-Terrain: 1 | Target: 184 | Half: False
2026-06-02 00:41:55 [self-0002-0-city] My general index: 169
2026-06-02 00:41:55 [self-0002-0-city] Enemy general index: None
2026-06-02 00:41:55 [self-0002-0-city] Visible enemy tiles: 4
2026-06-02 00:41:55 [self-0002-0-city] Tiles: 26 / 42
2026-06-02 00:41:55 [self-0002-0-city] Map: 19 x 19 Turn: 113
2026-06-02 00:41:55 [self-0002-0-city] Route planned: Target = 184 Mode = defense city-free reachable tiles = 264 Fallback-Tiles = 267
2026-06-02 00:41:55 [self-0002-0-city] Priority agent: edge reuse -9000, flow +6000 base = 212152 final = 209152
2026-06-02 00:41:55 [self-0002-0-city] Move #95: 165 -> 184 | Army: 2 | Target-Terrain: 1 | Target: 184 | Half: False
2026-06-02 00:41:55 [self-0002-0-city] My general index: 169
2026-06-02 00:41:55 [self-0002-0-city] Enemy general index: None
2026-06-02 00:41:55 [self-0002-0-city] Visible enemy tiles: 4
2026-06-02 00:41:55 [self-0002-0-city] Tiles: 26 / 43
2026-06-02 00:41:55 [self-0002-0-city] Map: 19 x 19 Turn: 114
2026-06-02 00:41:55 [self-0002-0-city] Route planned: Target = 184 Mode = defense city-free reachable tiles = 264 Fallback-Tiles = 267
2026-06-02 00:41:55 [self-0002-0-city] Move #96: 145 -> 146 | Army: 2 | Target-Terrain: 1 | Target: 184 | Half: False
2026-06-02 00:41:56 [self-0002-0-city] My general index: 169
2026-06-02 00:41:56 [self-0002-0-city] Enemy general index: None
2026-06-02 00:41:56 [self-0002-0-city] Visible enemy tiles: 4
2026-06-02 00:41:56 [self-0002-0-city] Tiles: 26 / 44
2026-06-02 00:41:56 [self-0002-0-city] Map: 19 x 19 Turn: 115
2026-06-02 00:41:56 [self-0002-0-city] Route planned: Target = 184 Mode = defense city-free reachable tiles = 264 Fallback-Tiles = 267
2026-06-02 00:41:56 [self-0002-0-city] Move #97: 147 -> 146 | Army: 2 | Target-Terrain: 1 | Target: 184 | Half: False
2026-06-02 00:41:56 [self-0002-0-city] My general index: 169
2026-06-02 00:41:56 [self-0002-0-city] Enemy general index: None
2026-06-02 00:41:56 [self-0002-0-city] Visible enemy tiles: 4
2026-06-02 00:41:56 [self-0002-0-city] Tiles: 26 / 44
2026-06-02 00:41:56 [self-0002-0-city] Map: 19 x 19 Turn: 116
2026-06-02 00:41:56 [self-0002-0-city] Route planned: Target = 184 Mode = defense city-free reachable tiles = 264 Fallback-Tiles = 267
2026-06-02 00:41:56 [self-0002-0-city] Move #98: 205 -> 204 | Army: 2 | Target-Terrain: 1 | Target: 184 | Half: False
2026-06-02 00:41:57 [self-0002-0-city] My general index: 169
2026-06-02 00:41:57 [self-0002-0-city] Enemy general index: None
2026-06-02 00:41:57 [self-0002-0-city] Visible enemy tiles: 4
2026-06-02 00:41:57 [self-0002-0-city] Tiles: 26 / 44
2026-06-02 00:41:57 [self-0002-0-city] Map: 19 x 19 Turn: 117
2026-06-02 00:41:57 [self-0002-0-city] Route planned: Target = 184 Mode = defense city-free reachable tiles = 264 Fallback-Tiles = 267
2026-06-02 00:41:57 [self-0002-0-city] Move #99: 144 -> 145 | Army: 3 | Target-Terrain: 1 | Target: 184 | Half: False
2026-06-02 00:41:57 [self-0002-0-city] My general index: 169
2026-06-02 00:41:57 [self-0002-0-city] Enemy general index: None
2026-06-02 00:41:57 [self-0002-0-city] Visible enemy tiles: 4
2026-06-02 00:41:57 [self-0002-0-city] Tiles: 26 / 44
2026-06-02 00:41:57 [self-0002-0-city] Map: 19 x 19 Turn: 118
2026-06-02 00:41:57 [self-0002-0-city] Route planned: Target = 184 Mode = defense city-free reachable tiles = 264 Fallback-Tiles = 267
2026-06-02 00:41:57 [self-0002-0-city] Priority agent: flow +6000 base = 123773 final = 129773
2026-06-02 00:41:57 [self-0002-0-city] Move #100: 145 -> 164 | Army: 3 | Target-Terrain: 1 | Target: 184 | Half: False
2026-06-02 00:41:58 [self-0002-0-city] My general index: 169
2026-06-02 00:41:58 [self-0002-0-city] Enemy general index: None
2026-06-02 00:41:58 [self-0002-0-city] Visible enemy tiles: 4
2026-06-02 00:41:58 [self-0002-0-city] Tiles: 26 / 44
2026-06-02 00:41:58 [self-0002-0-city] Map: 19 x 19 Turn: 119
2026-06-02 00:41:58 [self-0002-0-city] Route planned: Target = 184 Mode = defense city-free reachable tiles = 264 Fallback-Tiles = 267
2026-06-02 00:41:58 [self-0002-0-city] Priority agent: flow +6000 base = 123863 final = 129863
2026-06-02 00:41:58 [self-0002-0-city] Move #101: 164 -> 165 | Army: 3 | Target-Terrain: 1 | Target: 184 | Half: False
2026-06-02 00:41:58 [self-0002-0-city] My general index: 169
2026-06-02 00:41:58 [self-0002-0-city] Enemy general index: None
2026-06-02 00:41:58 [self-0002-0-city] Visible enemy tiles: 4
2026-06-02 00:41:58 [self-0002-0-city] Tiles: 26 / 44
2026-06-02 00:41:58 [self-0002-0-city] Map: 19 x 19 Turn: 120
2026-06-02 00:41:58 [self-0002-0-city] Route planned: Target = 184 Mode = defense city-free reachable tiles = 264 Fallback-Tiles = 267
2026-06-02 00:41:58 [self-0002-0-city] Priority agent: edge reuse -9000, flow +6000 base = 214353 final = 211353
2026-06-02 00:41:58 [self-0002-0-city] Move #102: 165 -> 184 | Army: 3 | Target-Terrain: 1 | Target: 184 | Half: False
2026-06-02 00:41:59 [self-0002-0-city] My general index: 169
2026-06-02 00:41:59 [self-0002-0-city] Enemy general index: None
2026-06-02 00:41:59 [self-0002-0-city] Visible enemy tiles: 4
2026-06-02 00:41:59 [self-0002-0-city] Tiles: 26 / 44
2026-06-02 00:41:59 [self-0002-0-city] Map: 19 x 19 Turn: 121
2026-06-02 00:41:59 [self-0002-0-city] Route planned: Target = 184 Mode = defense city-free reachable tiles = 264 Fallback-Tiles = 267
2026-06-02 00:41:59 [self-0002-0-city] Move #103: 206 -> 205 | Army: 3 | Target-Terrain: 1 | Target: 184 | Half: False
2026-06-02 00:41:59 [self-0002-0-city] My general index: 169
2026-06-02 00:41:59 [self-0002-0-city] Enemy general index: None
2026-06-02 00:41:59 [self-0002-0-city] Visible enemy tiles: 4
2026-06-02 00:41:59 [self-0002-0-city] Tiles: 26 / 44
2026-06-02 00:41:59 [self-0002-0-city] Map: 19 x 19 Turn: 122
2026-06-02 00:41:59 [self-0002-0-city] Route planned: Target = 184 Mode = defense city-free reachable tiles = 264 Fallback-Tiles = 267
2026-06-02 00:41:59 [self-0002-0-city] Move #104: 148 -> 147 | Army: 2 | Target-Terrain: 1 | Target: 184 | Half: False
2026-06-02 00:42:00 [self-0002-0-city] My general index: 169
2026-06-02 00:42:00 [self-0002-0-city] Enemy general index: None
2026-06-02 00:42:00 [self-0002-0-city] Visible enemy tiles: 4
2026-06-02 00:42:00 [self-0002-0-city] Tiles: 26 / 44
2026-06-02 00:42:00 [self-0002-0-city] Map: 19 x 19 Turn: 123
2026-06-02 00:42:00 [self-0002-0-city] Route planned: Target = 184 Mode = defense city-free reachable tiles = 264 Fallback-Tiles = 267
2026-06-02 00:42:00 [self-0002-0-city] Move #105: 149 -> 148 | Army: 2 | Target-Terrain: 1 | Target: 184 | Half: False
2026-06-02 00:42:00 [self-0002-0-city] My general index: 169
2026-06-02 00:42:00 [self-0002-0-city] Enemy general index: None
2026-06-02 00:42:00 [self-0002-0-city] Visible enemy tiles: 4
2026-06-02 00:42:00 [self-0002-0-city] Tiles: 26 / 44
2026-06-02 00:42:00 [self-0002-0-city] Map: 19 x 19 Turn: 124
2026-06-02 00:42:00 [self-0002-0-city] Route planned: Target = 184 Mode = defense city-free reachable tiles = 264 Fallback-Tiles = 267
2026-06-02 00:42:00 [self-0002-0-city] Move #106: 225 -> 206 | Army: 2 | Target-Terrain: 1 | Target: 184 | Half: False
2026-06-02 00:42:01 [self-0002-0-city] My general index: 169
2026-06-02 00:42:01 [self-0002-0-city] Enemy general index: None
2026-06-02 00:42:01 [self-0002-0-city] Visible enemy tiles: 4
2026-06-02 00:42:01 [self-0002-0-city] Tiles: 26 / 44
2026-06-02 00:42:01 [self-0002-0-city] Map: 19 x 19 Turn: 125
2026-06-02 00:42:01 [self-0002-0-city] Route planned: Target = 184 Mode = defense city-free reachable tiles = 264 Fallback-Tiles = 267
2026-06-02 00:42:01 [self-0002-0-city] Move #107: 204 -> 185 | Army: 2 | Target-Terrain: 1 | Target: 184 | Half: False
2026-06-02 00:42:01 [self-0002-0-city] My general index: 169
2026-06-02 00:42:01 [self-0002-0-city] Enemy general index: None
2026-06-02 00:42:01 [self-0002-0-city] Visible enemy tiles: 4
2026-06-02 00:42:01 [self-0002-0-city] Tiles: 26 / 44
2026-06-02 00:42:01 [self-0002-0-city] Map: 19 x 19 Turn: 126
2026-06-02 00:42:01 [self-0002-0-city] Route planned: Target = 184 Mode = defense city-free reachable tiles = 264 Fallback-Tiles = 267
2026-06-02 00:42:01 [self-0002-0-city] Priority agent: flow +6000 base = 212152 final = 218152
2026-06-02 00:42:01 [self-0002-0-city] Move #108: 185 -> 184 | Army: 2 | Target-Terrain: 1 | Target: 184 | Half: False
2026-06-02 00:42:02 [self-0002-0-city] My general index: 169
2026-06-02 00:42:02 [self-0002-0-city] Enemy general index: None
2026-06-02 00:42:02 [self-0002-0-city] Visible enemy tiles: 5
2026-06-02 00:42:02 [self-0002-0-city] Tiles: 25 / 45
2026-06-02 00:42:02 [self-0002-0-city] Map: 19 x 19 Turn: 127
2026-06-02 00:42:02 [self-0002-0-city] Route planned: Target = 185 Mode = defense city-free reachable tiles = 264 Fallback-Tiles = 267
2026-06-02 00:42:02 [self-0002-0-city] Priority agent: reverse -35000, edge reuse -9000 base = 209378 final = 165378
2026-06-02 00:42:02 [self-0002-0-city] Move #109: 184 -> 185 | Army: 28 | Target-Terrain: 1 | Target: 185 | Half: False
2026-06-02 00:42:02 [self-0002-0-city] My general index: 169
2026-06-02 00:42:02 [self-0002-0-city] Enemy general index: None
2026-06-02 00:42:02 [self-0002-0-city] Visible enemy tiles: 5
2026-06-02 00:42:02 [self-0002-0-city] Tiles: 25 / 45
2026-06-02 00:42:02 [self-0002-0-city] Map: 19 x 19 Turn: 128
2026-06-02 00:42:02 [self-0002-0-city] Route planned: Target = 185 Mode = defense city-free reachable tiles = 264 Fallback-Tiles = 267
2026-06-02 00:42:02 [self-0002-0-city] Move #110: 146 -> 165 | Army: 3 | Target-Terrain: 1 | Target: 185 | Half: False
2026-06-02 00:42:03 [self-0002-0-city] My general index: 169
2026-06-02 00:42:03 [self-0002-0-city] Enemy general index: None
2026-06-02 00:42:03 [self-0002-0-city] Visible enemy tiles: 5
2026-06-02 00:42:03 [self-0002-0-city] Tiles: 25 / 45
2026-06-02 00:42:03 [self-0002-0-city] Map: 19 x 19 Turn: 129
2026-06-02 00:42:03 [self-0002-0-city] Route planned: Target = 185 Mode = defense city-free reachable tiles = 264 Fallback-Tiles = 267
2026-06-02 00:42:03 [self-0002-0-city] Priority agent: edge reuse -9000, flow +6000 base = 117863 final = 114863
2026-06-02 00:42:03 [self-0002-0-city] Move #111: 165 -> 184 | Army: 3 | Target-Terrain: 1 | Target: 185 | Half: False
2026-06-02 00:42:03 [self-0002-0-city] My general index: 169
2026-06-02 00:42:03 [self-0002-0-city] Enemy general index: None
2026-06-02 00:42:03 [self-0002-0-city] Visible enemy tiles: 5
2026-06-02 00:42:03 [self-0002-0-city] Tiles: 25 / 45
2026-06-02 00:42:03 [self-0002-0-city] Map: 19 x 19 Turn: 130
2026-06-02 00:42:03 [self-0002-0-city] Route planned: Target = 185 Mode = defense city-free reachable tiles = 264 Fallback-Tiles = 267
2026-06-02 00:42:03 [self-0002-0-city] Priority agent: edge reuse -18000, flow +6000 base = 180553 final = 168553
2026-06-02 00:42:03 [self-0002-0-city] Move #112: 184 -> 185 | Army: 3 | Target-Terrain: 1 | Target: 185 | Half: False
2026-06-02 00:42:04 [self-0002-0-city] My general index: 169
2026-06-02 00:42:04 [self-0002-0-city] Enemy general index: None
2026-06-02 00:42:04 [self-0002-0-city] Visible enemy tiles: 5
2026-06-02 00:42:04 [self-0002-0-city] Tiles: 25 / 45
2026-06-02 00:42:04 [self-0002-0-city] Map: 19 x 19 Turn: 131
2026-06-02 00:42:04 [self-0002-0-city] Route planned: Target = 185 Mode = defense city-free reachable tiles = 264 Fallback-Tiles = 267
2026-06-02 00:42:04 [self-0002-0-city] Move #113: 205 -> 204 | Army: 3 | Target-Terrain: 1 | Target: 185 | Half: False
2026-06-02 00:42:04 [self-0002-0-city] My general index: 169
2026-06-02 00:42:04 [self-0002-0-city] Enemy general index: None
2026-06-02 00:42:04 [self-0002-0-city] Visible enemy tiles: 5
2026-06-02 00:42:04 [self-0002-0-city] Tiles: 25 / 45
2026-06-02 00:42:04 [self-0002-0-city] Map: 19 x 19 Turn: 132
2026-06-02 00:42:04 [self-0002-0-city] Route planned: Target = 185 Mode = defense city-free reachable tiles = 264 Fallback-Tiles = 267
2026-06-02 00:42:04 [self-0002-0-city] Priority agent: edge reuse -9000, flow +6000 base = 215553 final = 212553
2026-06-02 00:42:04 [self-0002-0-city] Move #114: 204 -> 185 | Army: 3 | Target-Terrain: 1 | Target: 185 | Half: False
2026-06-02 00:42:05 [self-0002-0-city] My general index: 169
2026-06-02 00:42:05 [self-0002-0-city] Enemy general index: None
2026-06-02 00:42:05 [self-0002-0-city] Visible enemy tiles: 5
2026-06-02 00:42:05 [self-0002-0-city] Tiles: 25 / 45
2026-06-02 00:42:05 [self-0002-0-city] Map: 19 x 19 Turn: 133
2026-06-02 00:42:05 [self-0002-0-city] Route planned: Target = 184 Mode = defense city-free reachable tiles = 264 Fallback-Tiles = 267
2026-06-02 00:42:05 [self-0002-0-city] Priority agent: edge reuse -27000, flow +6000 base = 184782 final = 163782
2026-06-02 00:42:05 [self-0002-0-city] Move #115: 185 -> 184 | Army: 32 | Target-Terrain: 1 | Target: 184 | Half: False
2026-06-02 00:42:05 [self-0002-0-city] My general index: 169
2026-06-02 00:42:05 [self-0002-0-city] Enemy general index: None
2026-06-02 00:42:05 [self-0002-0-city] Visible enemy tiles: 5
2026-06-02 00:42:05 [self-0002-0-city] Tiles: 25 / 45
2026-06-02 00:42:05 [self-0002-0-city] Map: 19 x 19 Turn: 134
2026-06-02 00:42:05 [self-0002-0-city] Route planned: Target = 185 Mode = defense city-free reachable tiles = 264 Fallback-Tiles = 267
2026-06-02 00:42:05 [self-0002-0-city] Priority agent: edge reuse -9000 base = 121572 final = 112572
2026-06-02 00:42:05 [self-0002-0-city] Move #116: 206 -> 205 | Army: 2 | Target-Terrain: 1 | Target: 185 | Half: False
2026-06-02 00:42:06 [self-0002-0-city] My general index: 169
2026-06-02 00:42:06 [self-0002-0-city] Enemy general index: None
2026-06-02 00:42:06 [self-0002-0-city] Visible enemy tiles: 5
2026-06-02 00:42:06 [self-0002-0-city] Tiles: 25 / 45
2026-06-02 00:42:06 [self-0002-0-city] Map: 19 x 19 Turn: 135
2026-06-02 00:42:06 [self-0002-0-city] Route planned: Target = 185 Mode = defense city-free reachable tiles = 264 Fallback-Tiles = 267
2026-06-02 00:42:06 [self-0002-0-city] Priority agent: edge reuse -36000 base = 179282 final = 143282
2026-06-02 00:42:06 [self-0002-0-city] Move #117: 184 -> 185 | Army: 32 | Target-Terrain: 1 | Target: 185 | Half: False
2026-06-02 00:42:06 [self-0002-0-city] My general index: 169
2026-06-02 00:42:06 [self-0002-0-city] Enemy general index: None
2026-06-02 00:42:06 [self-0002-0-city] Visible enemy tiles: 5
2026-06-02 00:42:06 [self-0002-0-city] Tiles: 25 / 45
2026-06-02 00:42:06 [self-0002-0-city] Map: 19 x 19 Turn: 136
2026-06-02 00:42:06 [self-0002-0-city] Route planned: Target = 184 Mode = defense city-free reachable tiles = 264 Fallback-Tiles = 267
2026-06-02 00:42:06 [self-0002-0-city] Move #118: 147 -> 146 | Army: 2 | Target-Terrain: 1 | Target: 184 | Half: False
2026-06-02 00:42:07 [self-0002-0-city] My general index: 169
2026-06-02 00:42:07 [self-0002-0-city] Enemy general index: None
2026-06-02 00:42:07 [self-0002-0-city] Visible enemy tiles: 5
2026-06-02 00:42:07 [self-0002-0-city] Tiles: 25 / 45
2026-06-02 00:42:07 [self-0002-0-city] Map: 19 x 19 Turn: 137
2026-06-02 00:42:07 [self-0002-0-city] Route planned: Target = 184 Mode = defense city-free reachable tiles = 264 Fallback-Tiles = 267
2026-06-02 00:42:07 [self-0002-0-city] Priority agent: edge reuse -45000 base = 181682 final = 136682
2026-06-02 00:42:07 [self-0002-0-city] Move #119: 185 -> 184 | Army: 32 | Target-Terrain: 1 | Target: 184 | Half: False
2026-06-02 00:42:07 [self-0002-0-city] My general index: 169
2026-06-02 00:42:07 [self-0002-0-city] Enemy general index: None
2026-06-02 00:42:07 [self-0002-0-city] Visible enemy tiles: 5
2026-06-02 00:42:07 [self-0002-0-city] Tiles: 25 / 45
2026-06-02 00:42:07 [self-0002-0-city] Map: 19 x 19 Turn: 138
2026-06-02 00:42:07 [self-0002-0-city] Route planned: Target = 185 Mode = defense city-free reachable tiles = 264 Fallback-Tiles = 267
2026-06-02 00:42:07 [self-0002-0-city] Priority agent: edge reuse -9000 base = 121662 final = 112662
2026-06-02 00:42:07 [self-0002-0-city] Move #120: 205 -> 204 | Army: 2 | Target-Terrain: 1 | Target: 185 | Half: False
2026-06-02 00:42:08 [self-0002-0-city] My general index: 169
2026-06-02 00:42:08 [self-0002-0-city] Enemy general index: None
2026-06-02 00:42:08 [self-0002-0-city] Visible enemy tiles: 4
2026-06-02 00:42:08 [self-0002-0-city] Tiles: 24 / 46
2026-06-02 00:42:08 [self-0002-0-city] Map: 19 x 19 Turn: 139
2026-06-02 00:42:08 [self-0002-0-city] Route planned: Target = 185 Mode = defense city-free reachable tiles = 264 Fallback-Tiles = 267
2026-06-02 00:42:08 [self-0002-0-city] Priority agent: edge reuse -18000, flow +6000 base = 198352 final = 186352
2026-06-02 00:42:08 [self-0002-0-city] Move #121: 204 -> 185 | Army: 2 | Target-Terrain: 1 | Target: 185 | Half: False
2026-06-02 00:42:08 [self-0002-0-city] My general index: 169
2026-06-02 00:42:08 [self-0002-0-city] Enemy general index: None
2026-06-02 00:42:08 [self-0002-0-city] Visible enemy tiles: 4
2026-06-02 00:42:08 [self-0002-0-city] Tiles: 24 / 46
2026-06-02 00:42:08 [self-0002-0-city] Map: 19 x 19 Turn: 140
2026-06-02 00:42:08 [self-0002-0-city] Route planned: Target = 185 Mode = defense city-free reachable tiles = 264 Fallback-Tiles = 267
2026-06-02 00:42:08 [self-0002-0-city] Priority agent: edge reuse -54000 base = 179282 final = 125282
2026-06-02 00:42:08 [self-0002-0-city] Move #122: 184 -> 185 | Army: 32 | Target-Terrain: 1 | Target: 185 | Half: False
2026-06-02 00:42:09 [self-0002-0-city] My general index: 169
2026-06-02 00:42:09 [self-0002-0-city] Enemy general index: None
2026-06-02 00:42:09 [self-0002-0-city] Visible enemy tiles: 4
2026-06-02 00:42:09 [self-0002-0-city] Tiles: 24 / 46
2026-06-02 00:42:09 [self-0002-0-city] Map: 19 x 19 Turn: 141
2026-06-02 00:42:09 [self-0002-0-city] Route planned: Target = 184 Mode = defense city-free reachable tiles = 264 Fallback-Tiles = 267
2026-06-02 00:42:09 [self-0002-0-city] Move #123: 148 -> 147 | Army: 2 | Target-Terrain: 1 | Target: 184 | Half: False
2026-06-02 00:42:09 [self-0002-0-city] My general index: 169
2026-06-02 00:42:09 [self-0002-0-city] Enemy general index: None
2026-06-02 00:42:09 [self-0002-0-city] Visible enemy tiles: 4
2026-06-02 00:42:09 [self-0002-0-city] Tiles: 24 / 46
2026-06-02 00:42:09 [self-0002-0-city] Map: 19 x 19 Turn: 142
2026-06-02 00:42:09 [self-0002-0-city] Route planned: Target = 184 Mode = defense city-free reachable tiles = 264 Fallback-Tiles = 267
2026-06-02 00:42:09 [self-0002-0-city] Priority agent: edge reuse -45000 base = 181683 final = 136683
2026-06-02 00:42:09 [self-0002-0-city] Move #124: 185 -> 184 | Army: 33 | Target-Terrain: 1 | Target: 184 | Half: False
2026-06-02 00:42:10 [self-0002-0-city] My general index: 169
2026-06-02 00:42:10 [self-0002-0-city] Enemy general index: None
2026-06-02 00:42:10 [self-0002-0-city] Visible enemy tiles: 4
2026-06-02 00:42:10 [self-0002-0-city] Tiles: 24 / 47
2026-06-02 00:42:10 [self-0002-0-city] Map: 19 x 19 Turn: 143
2026-06-02 00:42:10 [self-0002-0-city] Route planned: Target = 185 Mode = defense city-free reachable tiles = 264 Fallback-Tiles = 267
2026-06-02 00:42:10 [self-0002-0-city] Move #125: 146 -> 165 | Army: 2 | Target-Terrain: 1 | Target: 185 | Half: False
2026-06-02 00:42:10 [self-0002-0-city] My general index: 169
2026-06-02 00:42:10 [self-0002-0-city] Enemy general index: None
2026-06-02 00:42:10 [self-0002-0-city] Visible enemy tiles: 5
2026-06-02 00:42:10 [self-0002-0-city] Tiles: 24 / 48
2026-06-02 00:42:10 [self-0002-0-city] Map: 19 x 19 Turn: 144
2026-06-02 00:42:10 [self-0002-0-city] Route planned: Target = 185 Mode = defense city-free reachable tiles = 264 Fallback-Tiles = 267
2026-06-02 00:42:10 [self-0002-0-city] Priority agent: edge reuse -54000 base = 179283 final = 125283
2026-06-02 00:42:10 [self-0002-0-city] Move #126: 184 -> 185 | Army: 33 | Target-Terrain: 1 | Target: 185 | Half: False
2026-06-02 00:42:11 [self-0002-0-city] My general index: 169
2026-06-02 00:42:11 [self-0002-0-city] Enemy general index: None
2026-06-02 00:42:11 [self-0002-0-city] Visible enemy tiles: 6
2026-06-02 00:42:11 [self-0002-0-city] Tiles: 24 / 49
2026-06-02 00:42:11 [self-0002-0-city] Map: 19 x 19 Turn: 145
2026-06-02 00:42:11 [self-0002-0-city] Route planned: Target = 184 Mode = defense city-free reachable tiles = 264 Fallback-Tiles = 267
2026-06-02 00:42:11 [self-0002-0-city] Move #127: 165 -> 184 | Army: 2 | Target-Terrain: 1 | Target: 184 | Half: False
2026-06-02 00:42:11 [self-0002-0-city] My general index: 169
2026-06-02 00:42:11 [self-0002-0-city] Enemy general index: None
2026-06-02 00:42:11 [self-0002-0-city] Visible enemy tiles: 6
2026-06-02 00:42:11 [self-0002-0-city] Tiles: 23 / 50
2026-06-02 00:42:11 [self-0002-0-city] Map: 19 x 19 Turn: 146
2026-06-02 00:42:11 [self-0002-0-city] Route planned: Target = 184 Mode = defense city-free reachable tiles = 264 Fallback-Tiles = 267
2026-06-02 00:42:11 [self-0002-0-city] Priority agent: edge reuse -54000 base = 181683 final = 127683
2026-06-02 00:42:11 [self-0002-0-city] Move #128: 185 -> 184 | Army: 33 | Target-Terrain: 1 | Target: 184 | Half: False
2026-06-02 00:42:12 [self-0002-0-city] Coach: catch_up_expand tiles 22/51 army 104/107 cities 0/0 enemy_city_suspect False bias {'expansion_bias': 1.3, 'city_bias': 0.8, 'attack_bias': 0.1, 'defense_bias': 0.0, 'route_bias': 0.7}
2026-06-02 00:42:12 [self-0002-0-city] My general index: 169
2026-06-02 00:42:12 [self-0002-0-city] Enemy general index: None
2026-06-02 00:42:12 [self-0002-0-city] Visible enemy tiles: 6
2026-06-02 00:42:12 [self-0002-0-city] Tiles: 22 / 51
2026-06-02 00:42:12 [self-0002-0-city] Map: 19 x 19 Turn: 147
2026-06-02 00:42:12 [self-0002-0-city] Route planned: Target = 185 Mode = defense city-free reachable tiles = 264 Fallback-Tiles = 267
2026-06-02 00:42:12 [self-0002-0-city] Priority agent: reverse -35000, edge reuse -63000 base = 182384 final = 84384
2026-06-02 00:42:12 [self-0002-0-city] Move #129: 184 -> 185 | Army: 34 | Target-Terrain: 1 | Target: 185 | Half: False
2026-06-02 00:42:12 [self-0002-0-city] My general index: 169
2026-06-02 00:42:12 [self-0002-0-city] Enemy general index: None
2026-06-02 00:42:12 [self-0002-0-city] Visible enemy tiles: 7
2026-06-02 00:42:12 [self-0002-0-city] Tiles: 21 / 52
2026-06-02 00:42:12 [self-0002-0-city] Map: 19 x 19 Turn: 148
2026-06-02 00:42:12 [self-0002-0-city] Route planned: Target = 167 Mode = defense city-free reachable tiles = 264 Fallback-Tiles = 267
2026-06-02 00:42:12 [self-0002-0-city] Move #130: 168 -> 167 | Army: 10 | Target-Terrain: 1 | Target: 167 | Half: False
2026-06-02 00:42:13 [self-0002-0-city] My general index: 169
2026-06-02 00:42:13 [self-0002-0-city] Enemy general index: None
2026-06-02 00:42:13 [self-0002-0-city] Visible enemy tiles: 8
2026-06-02 00:42:13 [self-0002-0-city] Tiles: 20 / 53
2026-06-02 00:42:13 [self-0002-0-city] Map: 19 x 19 Turn: 149
2026-06-02 00:42:13 [self-0002-0-city] Route planned: Target = 167 Mode = defense city-free reachable tiles = 264 Fallback-Tiles = 267
2026-06-02 00:42:13 [self-0002-0-city] Move #131: 187 -> 168 | Army: 2 | Target-Terrain: 1 | Target: 167 | Half: False
2026-06-02 00:42:13 [self-0002-0-city] My general index: 169
2026-06-02 00:42:13 [self-0002-0-city] Enemy general index: None
2026-06-02 00:42:13 [self-0002-0-city] Visible enemy tiles: 8
2026-06-02 00:42:13 [self-0002-0-city] Tiles: 20 / 53
2026-06-02 00:42:13 [self-0002-0-city] Map: 19 x 19 Turn: 150
2026-06-02 00:42:13 [self-0002-0-city] Route planned: Target = 167 Mode = defense city-free reachable tiles = 264 Fallback-Tiles = 267
2026-06-02 00:42:13 [self-0002-0-city] Move #132: 148 -> 167 | Army: 2 | Target-Terrain: 1 | Target: 167 | Half: False
2026-06-02 00:42:14 [self-0002-0-city] My general index: 169
2026-06-02 00:42:14 [self-0002-0-city] Enemy general index: None
2026-06-02 00:42:14 [self-0002-0-city] Visible enemy tiles: 8
2026-06-02 00:42:14 [self-0002-0-city] Tiles: 20 / 54
2026-06-02 00:42:14 [self-0002-0-city] Map: 19 x 19 Turn: 151
2026-06-02 00:42:14 [self-0002-0-city] Route planned: Target = 167 Mode = defense city-free reachable tiles = 264 Fallback-Tiles = 267
2026-06-02 00:42:14 [self-0002-0-city] Priority agent: edge reuse -9000 base = 216453 final = 207453
2026-06-02 00:42:14 [self-0002-0-city] Move #133: 168 -> 167 | Army: 3 | Target-Terrain: 1 | Target: 167 | Half: False
2026-06-02 00:42:14 [self-0002-0-city] My general index: 169
2026-06-02 00:42:14 [self-0002-0-city] Enemy general index: None
2026-06-02 00:42:14 [self-0002-0-city] Visible enemy tiles: 8
2026-06-02 00:42:14 [self-0002-0-city] Tiles: 20 / 55
2026-06-02 00:42:14 [self-0002-0-city] Map: 19 x 19 Turn: 152
2026-06-02 00:42:14 [self-0002-0-city] Route planned: Target = 167 Mode = defense city-free reachable tiles = 264 Fallback-Tiles = 267
2026-06-02 00:42:14 [self-0002-0-city] Move #134: 188 -> 169 | Army: 4 | Target-Terrain: 1 | Target: 167 | Half: False
2026-06-02 00:42:15 [self-0002-0-city] My general index: 169
2026-06-02 00:42:15 [self-0002-0-city] Enemy general index: None
2026-06-02 00:42:15 [self-0002-0-city] Visible enemy tiles: 8
2026-06-02 00:42:15 [self-0002-0-city] Tiles: 20 / 56
2026-06-02 00:42:15 [self-0002-0-city] Map: 19 x 19 Turn: 153
2026-06-02 00:42:15 [self-0002-0-city] Route planned: Target = 167 Mode = defense city-free reachable tiles = 264 Fallback-Tiles = 267
2026-06-02 00:42:15 [self-0002-0-city] Move #135: 170 -> 169 | Army: 3 | Target-Terrain: 1 | Target: 167 | Half: False
2026-06-02 00:42:15 [self-0002-0-city] My general index: 169
2026-06-02 00:42:15 [self-0002-0-city] Enemy general index: None
2026-06-02 00:42:15 [self-0002-0-city] Visible enemy tiles: 8
2026-06-02 00:42:15 [self-0002-0-city] Tiles: 20 / 56
2026-06-02 00:42:15 [self-0002-0-city] Map: 19 x 19 Turn: 154
2026-06-02 00:42:15 [self-0002-0-city] Route planned: Target = 167 Mode = defense city-free reachable tiles = 264 Fallback-Tiles = 267
2026-06-02 00:42:15 [self-0002-0-city] Move #136: 146 -> 147 | Army: 2 | Target-Terrain: 1 | Target: 167 | Half: False
2026-06-02 00:42:16 [self-0002-0-city] My general index: 169
2026-06-02 00:42:16 [self-0002-0-city] Enemy general index: None
2026-06-02 00:42:16 [self-0002-0-city] Visible enemy tiles: 5
2026-06-02 00:42:16 [self-0002-0-city] Tiles: 19 / 57
2026-06-02 00:42:16 [self-0002-0-city] Map: 19 x 19 Turn: 155
2026-06-02 00:42:16 [self-0002-0-city] Route planned: Target = 167 Mode = defense city-free reachable tiles = 264 Fallback-Tiles = 267
2026-06-02 00:42:16 [self-0002-0-city] Move #137: 189 -> 170 | Army: 3 | Target-Terrain: 1 | Target: 167 | Half: False
2026-06-02 00:42:16 [self-0002-0-city] My general index: 169
2026-06-02 00:42:16 [self-0002-0-city] Enemy general index: None
2026-06-02 00:42:16 [self-0002-0-city] Visible enemy tiles: 6
2026-06-02 00:42:16 [self-0002-0-city] Tiles: 19 / 58
2026-06-02 00:42:16 [self-0002-0-city] Map: 19 x 19 Turn: 156
2026-06-02 00:42:16 [self-0002-0-city] Route planned: Target = 167 Mode = defense city-free reachable tiles = 264 Fallback-Tiles = 267
2026-06-02 00:42:16 [self-0002-0-city] Move #138: 225 -> 206 | Army: 2 | Target-Terrain: 1 | Target: 167 | Half: False
2026-06-02 00:42:17 [self-0002-0-city] My general index: 169
2026-06-02 00:42:17 [self-0002-0-city] Enemy general index: None
2026-06-02 00:42:17 [self-0002-0-city] Visible enemy tiles: 6
2026-06-02 00:42:17 [self-0002-0-city] Tiles: 19 / 58
2026-06-02 00:42:17 [self-0002-0-city] Map: 19 x 19 Turn: 157
2026-06-02 00:42:17 [self-0002-0-city] Route planned: Target = 167 Mode = defense city-free reachable tiles = 264 Fallback-Tiles = 267
2026-06-02 00:42:17 [self-0002-0-city] Priority agent: flow +6000 base = 123773 final = 129773
2026-06-02 00:42:17 [self-0002-0-city] Move #139: 206 -> 187 | Army: 3 | Target-Terrain: 1 | Target: 167 | Half: False
2026-06-02 00:42:17 [self-0002-0-city] My general index: 169
2026-06-02 00:42:17 [self-0002-0-city] Enemy general index: None
2026-06-02 00:42:17 [self-0002-0-city] Visible enemy tiles: 6
2026-06-02 00:42:17 [self-0002-0-city] Tiles: 19 / 58
2026-06-02 00:42:17 [self-0002-0-city] Map: 19 x 19 Turn: 158
2026-06-02 00:42:17 [self-0002-0-city] Route planned: Target = 167 Mode = defense city-free reachable tiles = 264 Fallback-Tiles = 267
2026-06-02 00:42:17 [self-0002-0-city] Priority agent: edge reuse -9000, flow +6000 base = 129364 final = 126364
2026-06-02 00:42:17 [self-0002-0-city] Move #140: 187 -> 168 | Army: 4 | Target-Terrain: 1 | Target: 167 | Half: False
2026-06-02 00:42:18 [self-0002-0-city] My general index: 169
2026-06-02 00:42:18 [self-0002-0-city] Enemy general index: None
2026-06-02 00:42:18 [self-0002-0-city] Visible enemy tiles: 6
2026-06-02 00:42:18 [self-0002-0-city] Tiles: 19 / 58
2026-06-02 00:42:18 [self-0002-0-city] Map: 19 x 19 Turn: 159
2026-06-02 00:42:18 [self-0002-0-city] Route planned: Target = 167 Mode = defense city-free reachable tiles = 264 Fallback-Tiles = 267
2026-06-02 00:42:18 [self-0002-0-city] Priority agent: edge reuse -18000, flow +6000 base = 203654 final = 191654
2026-06-02 00:42:18 [self-0002-0-city] Move #141: 168 -> 167 | Army: 4 | Target-Terrain: 1 | Target: 167 | Half: False
2026-06-02 00:42:18 [self-0002-0-city] My general index: 169
2026-06-02 00:42:18 [self-0002-0-city] Enemy general index: None
2026-06-02 00:42:18 [self-0002-0-city] Visible enemy tiles: 4
2026-06-02 00:42:18 [self-0002-0-city] Tiles: 18 / 59
2026-06-02 00:42:18 [self-0002-0-city] Map: 19 x 19 Turn: 160
2026-06-02 00:42:18 [self-0002-0-city] Route planned: Target = 167 Mode = defense city-free reachable tiles = 264 Fallback-Tiles = 267
2026-06-02 00:42:18 [self-0002-0-city] Move #142: 147 -> 148 | Army: 4 | Target-Terrain: 1 | Target: 167 | Half: False
2026-06-02 00:42:19 [self-0002-0-city] My general index: 169
2026-06-02 00:42:19 [self-0002-0-city] Enemy general index: None
2026-06-02 00:42:19 [self-0002-0-city] Visible enemy tiles: 4
2026-06-02 00:42:19 [self-0002-0-city] Tiles: 18 / 59
2026-06-02 00:42:19 [self-0002-0-city] Map: 19 x 19 Turn: 161
2026-06-02 00:42:19 [self-0002-0-city] Route planned: Target = 167 Mode = defense city-free reachable tiles = 264 Fallback-Tiles = 267
2026-06-02 00:42:19 [self-0002-0-city] Priority agent: edge reuse -9000, flow +6000 base = 218654 final = 215654
2026-06-02 00:42:19 [self-0002-0-city] Move #143: 148 -> 167 | Army: 4 | Target-Terrain: 1 | Target: 167 | Half: False
2026-06-02 00:42:19 [self-0002-0-city] My general index: 169
2026-06-02 00:42:19 [self-0002-0-city] Enemy general index: None
2026-06-02 00:42:19 [self-0002-0-city] Visible enemy tiles: 4
2026-06-02 00:42:19 [self-0002-0-city] Tiles: 18 / 59
2026-06-02 00:42:19 [self-0002-0-city] Map: 19 x 19 Turn: 162
2026-06-02 00:42:19 [self-0002-0-city] Route planned: Target = 166 Mode = defense city-free reachable tiles = 265 Fallback-Tiles = 267
2026-06-02 00:42:19 [self-0002-0-city] Move #144: 205 -> 204 | Army: 2 | Target-Terrain: 1 | Target: 166 | Half: False
2026-06-02 00:42:20 [self-0002-0-city] My general index: 169
2026-06-02 00:42:20 [self-0002-0-city] Enemy general index: None
2026-06-02 00:42:20 [self-0002-0-city] Visible enemy tiles: 4
2026-06-02 00:42:20 [self-0002-0-city] Tiles: 18 / 59
2026-06-02 00:42:20 [self-0002-0-city] Map: 19 x 19 Turn: 163
2026-06-02 00:42:20 [self-0002-0-city] Route planned: Target = 166 Mode = defense city-free reachable tiles = 265 Fallback-Tiles = 267
2026-06-02 00:42:20 [self-0002-0-city] Priority agent: flow +6000 base = 127463 final = 133463
2026-06-02 00:42:20 [self-0002-0-city] Move #145: 204 -> 185 | Army: 3 | Target-Terrain: 1 | Target: 166 | Half: False
2026-06-02 00:42:20 [self-0002-0-city] My general index: 169
2026-06-02 00:42:20 [self-0002-0-city] Enemy general index: None
2026-06-02 00:42:20 [self-0002-0-city] Visible enemy tiles: 4
2026-06-02 00:42:20 [self-0002-0-city] Tiles: 18 / 59
2026-06-02 00:42:20 [self-0002-0-city] Map: 19 x 19 Turn: 164
2026-06-02 00:42:20 [self-0002-0-city] Route planned: Target = 166 Mode = defense city-free reachable tiles = 265 Fallback-Tiles = 267
2026-06-02 00:42:20 [self-0002-0-city] Move #146: 223 -> 204 | Army: 2 | Target-Terrain: 1 | Target: 166 | Half: False
2026-06-02 00:42:21 [self-0002-0-city] My general index: 169
2026-06-02 00:42:21 [self-0002-0-city] Enemy general index: None
2026-06-02 00:42:21 [self-0002-0-city] Visible enemy tiles: 4
2026-06-02 00:42:21 [self-0002-0-city] Tiles: 18 / 59
2026-06-02 00:42:21 [self-0002-0-city] Map: 19 x 19 Turn: 165
2026-06-02 00:42:21 [self-0002-0-city] Route planned: Target = 166 Mode = defense city-free reachable tiles = 265 Fallback-Tiles = 267
2026-06-02 00:42:21 [self-0002-0-city] Move #147: 224 -> 205 | Army: 2 | Target-Terrain: 1 | Target: 166 | Half: False
2026-06-02 00:42:21 [self-0002-0-city] My general index: 169
2026-06-02 00:42:21 [self-0002-0-city] Enemy general index: None
2026-06-02 00:42:21 [self-0002-0-city] Visible enemy tiles: 4
2026-06-02 00:42:21 [self-0002-0-city] Tiles: 18 / 59
2026-06-02 00:42:21 [self-0002-0-city] Map: 19 x 19 Turn: 166
2026-06-02 00:42:21 [self-0002-0-city] Route planned: Target = 166 Mode = defense city-free reachable tiles = 265 Fallback-Tiles = 267
2026-06-02 00:42:21 [self-0002-0-city] Move #148: 149 -> 168 | Army: 2 | Target-Terrain: 1 | Target: 166 | Half: False
2026-06-02 00:42:22 [self-0002-0-city] My general index: 169
2026-06-02 00:42:22 [self-0002-0-city] Enemy general index: None
2026-06-02 00:42:22 [self-0002-0-city] Visible enemy tiles: 4
2026-06-02 00:42:22 [self-0002-0-city] Tiles: 18 / 59
2026-06-02 00:42:22 [self-0002-0-city] Map: 19 x 19 Turn: 167
2026-06-02 00:42:22 [self-0002-0-city] Route planned: Target = 166 Mode = defense city-free reachable tiles = 265 Fallback-Tiles = 267
2026-06-02 00:42:22 [self-0002-0-city] Move #149: 151 -> 170 | Army: 3 | Target-Terrain: 1 | Target: 166 | Half: False
2026-06-02 00:42:22 [self-0002-0-city] My general index: 169
2026-06-02 00:42:22 [self-0002-0-city] Enemy general index: None
2026-06-02 00:42:22 [self-0002-0-city] Visible enemy tiles: 4
2026-06-02 00:42:22 [self-0002-0-city] Tiles: 18 / 59
2026-06-02 00:42:22 [self-0002-0-city] Map: 19 x 19 Turn: 168
2026-06-02 00:42:22 [self-0002-0-city] Route planned: Target = 166 Mode = defense city-free reachable tiles = 265 Fallback-Tiles = 267
2026-06-02 00:42:22 [self-0002-0-city] Priority agent: flow +6000 base = 127985 final = 133985
2026-06-02 00:42:22 [self-0002-0-city] Move #150: 170 -> 169 | Army: 5 | Target-Terrain: 1 | Target: 166 | Half: False
2026-06-02 00:42:23 [self-0002-0-city] My general index: 169
2026-06-02 00:42:23 [self-0002-0-city] Enemy general index: None
2026-06-02 00:42:23 [self-0002-0-city] Visible enemy tiles: 4
2026-06-02 00:42:23 [self-0002-0-city] Tiles: 18 / 59
2026-06-02 00:42:23 [self-0002-0-city] Map: 19 x 19 Turn: 169
2026-06-02 00:42:23 [self-0002-0-city] Route planned: Target = 166 Mode = defense city-free reachable tiles = 265 Fallback-Tiles = 267
2026-06-02 00:42:23 [self-0002-0-city] Priority agent: edge reuse -9000 base = 125262 final = 116262
2026-06-02 00:42:23 [self-0002-0-city] Move #151: 204 -> 185 | Army: 2 | Target-Terrain: 1 | Target: 166 | Half: False
2026-06-02 00:42:23 [self-0002-0-city] My general index: 169
2026-06-02 00:42:23 [self-0002-0-city] Enemy general index: None
2026-06-02 00:42:23 [self-0002-0-city] Visible enemy tiles: 4
2026-06-02 00:42:23 [self-0002-0-city] Tiles: 18 / 59
2026-06-02 00:42:23 [self-0002-0-city] Map: 19 x 19 Turn: 170
2026-06-02 00:42:23 [self-0002-0-city] Route planned: Target = 166 Mode = defense city-free reachable tiles = 265 Fallback-Tiles = 267
2026-06-02 00:42:23 [self-0002-0-city] Priority agent: edge reuse -9000 base = 116362 final = 107362
2026-06-02 00:42:23 [self-0002-0-city] Move #152: 168 -> 167 | Army: 2 | Target-Terrain: 1 | Target: 166 | Half: False
2026-06-02 00:42:24 [self-0002-0-city] My general index: 169
2026-06-02 00:42:24 [self-0002-0-city] Enemy general index: None
2026-06-02 00:42:24 [self-0002-0-city] Visible enemy tiles: 4
2026-06-02 00:42:24 [self-0002-0-city] Tiles: 18 / 59
2026-06-02 00:42:24 [self-0002-0-city] Map: 19 x 19 Turn: 171
2026-06-02 00:42:24 [self-0002-0-city] Route planned: Target = 166 Mode = defense city-free reachable tiles = 265 Fallback-Tiles = 267
2026-06-02 00:42:24 [self-0002-0-city] Priority agent: edge reuse -9000 base = 113872 final = 104872
2026-06-02 00:42:24 [self-0002-0-city] Move #153: 205 -> 204 | Army: 2 | Target-Terrain: 1 | Target: 166 | Half: False
2026-06-02 00:42:24 [self-0002-0-city] My general index: 169
2026-06-02 00:42:24 [self-0002-0-city] Enemy general index: None
2026-06-02 00:42:24 [self-0002-0-city] Visible enemy tiles: 4
2026-06-02 00:42:24 [self-0002-0-city] Tiles: 18 / 59
2026-06-02 00:42:24 [self-0002-0-city] Map: 19 x 19 Turn: 172
2026-06-02 00:42:24 [self-0002-0-city] Route planned: Target = 166 Mode = defense city-free reachable tiles = 265 Fallback-Tiles = 267
2026-06-02 00:42:24 [self-0002-0-city] Priority agent: edge reuse -18000, flow +6000 base = 98262 final = 86262
2026-06-02 00:42:24 [self-0002-0-city] Move #154: 204 -> 185 | Army: 2 | Target-Terrain: 1 | Target: 166 | Half: False
2026-06-02 00:42:25 [self-0002-0-city] My general index: 169
2026-06-02 00:42:25 [self-0002-0-city] Enemy general index: None
2026-06-02 00:42:25 [self-0002-0-city] Visible enemy tiles: 4
2026-06-02 00:42:25 [self-0002-0-city] Tiles: 18 / 59
2026-06-02 00:42:25 [self-0002-0-city] Map: 19 x 19 Turn: 173
2026-06-02 00:42:25 [self-0002-0-city] Route planned: Target = 166 Mode = defense city-free reachable tiles = 265 Fallback-Tiles = 267
2026-06-02 00:42:25 [self-0002-0-city] Priority agent: flow +6000 base = 39559 final = 45559
2026-06-02 00:42:25 [self-0002-0-city] Move #155: 185 -> 184 | Army: 39 | Target-Terrain: 0 | Target: 166 | Half: False
2026-06-02 00:42:25 [self-0002-0-city] My general index: 169
2026-06-02 00:42:25 [self-0002-0-city] Enemy general index: None
2026-06-02 00:42:25 [self-0002-0-city] Visible enemy tiles: 6
2026-06-02 00:42:25 [self-0002-0-city] Tiles: 19 / 58
2026-06-02 00:42:25 [self-0002-0-city] Map: 19 x 19 Turn: 174
2026-06-02 00:42:25 [self-0002-0-city] Route planned: Target = 166 Mode = defense city-free reachable tiles = 265 Fallback-Tiles = 267
2026-06-02 00:42:25 [self-0002-0-city] Priority agent: flow +6000 base = 161641 final = 167641
2026-06-02 00:42:25 [self-0002-0-city] Move #156: 184 -> 165 | Army: 31 | Target-Terrain: 0 | Target: 166 | Half: False
2026-06-02 00:42:26 [self-0002-0-city] My general index: 169
2026-06-02 00:42:26 [self-0002-0-city] Enemy general index: None
2026-06-02 00:42:26 [self-0002-0-city] Visible enemy tiles: 6
2026-06-02 00:42:26 [self-0002-0-city] Tiles: 20 / 57
2026-06-02 00:42:26 [self-0002-0-city] Map: 19 x 19 Turn: 175
2026-06-02 00:42:26 [self-0002-0-city] Route planned: Target = 166 Mode = defense city-free reachable tiles = 265 Fallback-Tiles = 267
2026-06-02 00:42:26 [self-0002-0-city] Priority agent: flow +6000 base = 39247 final = 45247
2026-06-02 00:42:26 [self-0002-0-city] Move #157: 165 -> 146 | Army: 27 | Target-Terrain: 0 | Target: 166 | Half: False
2026-06-02 00:42:26 [self-0002-0-city] My general index: 169
2026-06-02 00:42:26 [self-0002-0-city] Enemy general index: None
2026-06-02 00:42:26 [self-0002-0-city] Visible enemy tiles: 6
2026-06-02 00:42:26 [self-0002-0-city] Tiles: 21 / 56
2026-06-02 00:42:26 [self-0002-0-city] Map: 19 x 19 Turn: 176
2026-06-02 00:42:26 [self-0002-0-city] Route planned: Target = 166 Mode = defense city-free reachable tiles = 265 Fallback-Tiles = 267
2026-06-02 00:42:26 [self-0002-0-city] Priority agent: flow +6000 base = 129984 final = 135984
2026-06-02 00:42:26 [self-0002-0-city] Move #158: 146 -> 147 | Army: 24 | Target-Terrain: 1 | Target: 166 | Half: False
2026-06-02 00:42:27 [self-0002-0-city] My general index: 169
2026-06-02 00:42:27 [self-0002-0-city] Enemy general index: None
2026-06-02 00:42:27 [self-0002-0-city] Visible enemy tiles: 6
2026-06-02 00:42:27 [self-0002-0-city] Tiles: 21 / 56
2026-06-02 00:42:27 [self-0002-0-city] Map: 19 x 19 Turn: 177
2026-06-02 00:42:27 [self-0002-0-city] Route planned: Target = 166 Mode = defense city-free reachable tiles = 265 Fallback-Tiles = 267
2026-06-02 00:42:27 [self-0002-0-city] No move found: blocked tiles = 2 ignored cities = 2 own movable tiles = 2
2026-06-02 00:42:27 [self-0002-0-city] My general index: 169
2026-06-02 00:42:27 [self-0002-0-city] Enemy general index: None
2026-06-02 00:42:27 [self-0002-0-city] Visible enemy tiles: 6
2026-06-02 00:42:27 [self-0002-0-city] Tiles: 20 / 57
2026-06-02 00:42:27 [self-0002-0-city] Map: 19 x 19 Turn: 178
2026-06-02 00:42:27 [self-0002-0-city] Route planned: Target = 166 Mode = defense city-free reachable tiles = 265 Fallback-Tiles = 267
2026-06-02 00:42:27 [self-0002-0-city] Priority agent: reverse -35000, edge reuse -9000 base = 19244 final = -24756
2026-06-02 00:42:27 [self-0002-0-city] Move #159: 147 -> 146 | Army: 24 | Target-Terrain: 0 | Target: 166 | Half: False
2026-06-02 00:42:28 [self-0002-0-city] My general index: 169
2026-06-02 00:42:28 [self-0002-0-city] Enemy general index: None
2026-06-02 00:42:28 [self-0002-0-city] Visible enemy tiles: 6
2026-06-02 00:42:28 [self-0002-0-city] Tiles: 21 / 56
2026-06-02 00:42:28 [self-0002-0-city] Map: 19 x 19 Turn: 179
2026-06-02 00:42:28 [self-0002-0-city] Route planned: Target = 166 Mode = defense city-free reachable tiles = 265 Fallback-Tiles = 267
2026-06-02 00:42:28 [self-0002-0-city] Priority agent: edge reuse -9000, flow +6000 base = 109981 final = 106981
2026-06-02 00:42:28 [self-0002-0-city] Move #160: 146 -> 165 | Army: 21 | Target-Terrain: 1 | Target: 166 | Half: False
2026-06-02 00:42:28 [self-0002-0-city] My general index: 169
2026-06-02 00:42:28 [self-0002-0-city] Enemy general index: None
2026-06-02 00:42:28 [self-0002-0-city] Visible enemy tiles: 6
2026-06-02 00:42:28 [self-0002-0-city] Tiles: 21 / 56
2026-06-02 00:42:28 [self-0002-0-city] Map: 19 x 19 Turn: 180
2026-06-02 00:42:28 [self-0002-0-city] Route planned: Target = 166 Mode = defense city-free reachable tiles = 265 Fallback-Tiles = 267
2026-06-02 00:42:28 [self-0002-0-city] Priority agent: flow +6000 base = 39241 final = 45241
2026-06-02 00:42:28 [self-0002-0-city] Move #161: 165 -> 164 | Army: 21 | Target-Terrain: 0 | Target: 166 | Half: False
2026-06-02 00:42:29 [self-0002-0-city] My general index: 169
2026-06-02 00:42:29 [self-0002-0-city] Enemy general index: None
2026-06-02 00:42:29 [self-0002-0-city] Visible enemy tiles: 7
2026-06-02 00:42:29 [self-0002-0-city] Tiles: 22 / 55
2026-06-02 00:42:29 [self-0002-0-city] Map: 19 x 19 Turn: 181
2026-06-02 00:42:29 [self-0002-0-city] Route planned: Target = 166 Mode = defense city-free reachable tiles = 265 Fallback-Tiles = 267
2026-06-02 00:42:29 [self-0002-0-city] Priority agent: reverse -35000, edge reuse -9000 base = 97979 final = 53979
2026-06-02 00:42:29 [self-0002-0-city] Move #162: 164 -> 165 | Army: 19 | Target-Terrain: 1 | Target: 166 | Half: False
2026-06-02 00:42:29 [self-0002-0-city] My general index: 169
2026-06-02 00:42:29 [self-0002-0-city] Enemy general index: None
2026-06-02 00:42:29 [self-0002-0-city] Visible enemy tiles: 7
2026-06-02 00:42:29 [self-0002-0-city] Tiles: 22 / 55
2026-06-02 00:42:29 [self-0002-0-city] Map: 19 x 19 Turn: 182
2026-06-02 00:42:29 [self-0002-0-city] Route planned: Target = 166 Mode = defense city-free reachable tiles = 265 Fallback-Tiles = 267
2026-06-02 00:42:29 [self-0002-0-city] No move found: blocked tiles = 1 ignored cities = 2 own movable tiles = 2
2026-06-02 00:42:30 [self-0002-0-city] My general index: 169
2026-06-02 00:42:30 [self-0002-0-city] Enemy general index: None
2026-06-02 00:42:30 [self-0002-0-city] Visible enemy tiles: 7
2026-06-02 00:42:30 [self-0002-0-city] Tiles: 22 / 55
2026-06-02 00:42:30 [self-0002-0-city] Map: 19 x 19 Turn: 183
2026-06-02 00:42:30 [self-0002-0-city] Route planned: Target = 166 Mode = defense city-free reachable tiles = 265 Fallback-Tiles = 267
2026-06-02 00:42:30 [self-0002-0-city] No move found: blocked tiles = 1 ignored cities = 2 own movable tiles = 2
2026-06-02 00:42:30 [self-0002-0-city] My general index: 169
2026-06-02 00:42:30 [self-0002-0-city] Enemy general index: None
2026-06-02 00:42:30 [self-0002-0-city] Visible enemy tiles: 7
2026-06-02 00:42:30 [self-0002-0-city] Tiles: 22 / 55
2026-06-02 00:42:30 [self-0002-0-city] Map: 19 x 19 Turn: 184
2026-06-02 00:42:30 [self-0002-0-city] Route planned: Target = 166 Mode = defense city-free reachable tiles = 265 Fallback-Tiles = 267
2026-06-02 00:42:30 [self-0002-0-city] No move found: blocked tiles = 1 ignored cities = 2 own movable tiles = 2
2026-06-02 00:42:31 [self-0002-0-city] My general index: 169
2026-06-02 00:42:31 [self-0002-0-city] Enemy general index: None
2026-06-02 00:42:31 [self-0002-0-city] Visible enemy tiles: 7
2026-06-02 00:42:31 [self-0002-0-city] Tiles: 22 / 55
2026-06-02 00:42:31 [self-0002-0-city] Map: 19 x 19 Turn: 185
2026-06-02 00:42:31 [self-0002-0-city] Route planned: Target = 166 Mode = defense city-free reachable tiles = 265 Fallback-Tiles = 267
2026-06-02 00:42:31 [self-0002-0-city] No move found: blocked tiles = 1 ignored cities = 2 own movable tiles = 2
2026-06-02 00:42:31 [self-0002-0-city] My general index: 169
2026-06-02 00:42:31 [self-0002-0-city] Enemy general index: None
2026-06-02 00:42:31 [self-0002-0-city] Visible enemy tiles: 7
2026-06-02 00:42:31 [self-0002-0-city] Tiles: 22 / 55
2026-06-02 00:42:31 [self-0002-0-city] Map: 19 x 19 Turn: 186
2026-06-02 00:42:31 [self-0002-0-city] Route planned: Target = 166 Mode = defense city-free reachable tiles = 265 Fallback-Tiles = 267
2026-06-02 00:42:31 [self-0002-0-city] No move found: blocked tiles = 1 ignored cities = 2 own movable tiles = 2
2026-06-02 00:42:32 [self-0002-0-city] My general index: 169
2026-06-02 00:42:32 [self-0002-0-city] Enemy general index: None
2026-06-02 00:42:32 [self-0002-0-city] Visible enemy tiles: 7
2026-06-02 00:42:32 [self-0002-0-city] Tiles: 22 / 55
2026-06-02 00:42:32 [self-0002-0-city] Map: 19 x 19 Turn: 187
2026-06-02 00:42:32 [self-0002-0-city] Route planned: Target = 166 Mode = defense city-free reachable tiles = 265 Fallback-Tiles = 267
2026-06-02 00:42:32 [self-0002-0-city] No move found: blocked tiles = 1 ignored cities = 2 own movable tiles = 2
2026-06-02 00:42:32 [self-0002-0-city] My general index: 169
2026-06-02 00:42:32 [self-0002-0-city] Enemy general index: None
2026-06-02 00:42:32 [self-0002-0-city] Visible enemy tiles: 7
2026-06-02 00:42:32 [self-0002-0-city] Tiles: 22 / 55
2026-06-02 00:42:32 [self-0002-0-city] Map: 19 x 19 Turn: 188
2026-06-02 00:42:32 [self-0002-0-city] Route planned: Target = 166 Mode = defense city-free reachable tiles = 265 Fallback-Tiles = 267
2026-06-02 00:42:32 [self-0002-0-city] No move found: blocked tiles = 1 ignored cities = 2 own movable tiles = 2
2026-06-02 00:42:33 [self-0002-0-city] My general index: 169
2026-06-02 00:42:33 [self-0002-0-city] Enemy general index: None
2026-06-02 00:42:33 [self-0002-0-city] Visible enemy tiles: 7
2026-06-02 00:42:33 [self-0002-0-city] Tiles: 22 / 55
2026-06-02 00:42:33 [self-0002-0-city] Map: 19 x 19 Turn: 189
2026-06-02 00:42:33 [self-0002-0-city] Route planned: Target = 166 Mode = defense city-free reachable tiles = 265 Fallback-Tiles = 267
2026-06-02 00:42:33 [self-0002-0-city] No move found: blocked tiles = 1 ignored cities = 2 own movable tiles = 2
2026-06-02 00:42:33 [self-0002-0-city] My general index: 169
2026-06-02 00:42:33 [self-0002-0-city] Enemy general index: None
2026-06-02 00:42:33 [self-0002-0-city] Visible enemy tiles: 7
2026-06-02 00:42:33 [self-0002-0-city] Tiles: 22 / 55
2026-06-02 00:42:33 [self-0002-0-city] Map: 19 x 19 Turn: 190
2026-06-02 00:42:33 [self-0002-0-city] Route planned: Target = 166 Mode = defense city-free reachable tiles = 265 Fallback-Tiles = 267
2026-06-02 00:42:33 [self-0002-0-city] No move found: blocked tiles = 1 ignored cities = 2 own movable tiles = 2
2026-06-02 00:42:34 [self-0002-0-city] My general index: 169
2026-06-02 00:42:34 [self-0002-0-city] Enemy general index: None
2026-06-02 00:42:34 [self-0002-0-city] Visible enemy tiles: 7
2026-06-02 00:42:34 [self-0002-0-city] Tiles: 22 / 55
2026-06-02 00:42:34 [self-0002-0-city] Map: 19 x 19 Turn: 191
2026-06-02 00:42:34 [self-0002-0-city] Route planned: Target = 166 Mode = defense city-free reachable tiles = 265 Fallback-Tiles = 267
2026-06-02 00:42:34 [self-0002-0-city] No move found: blocked tiles = 1 ignored cities = 2 own movable tiles = 2
2026-06-02 00:42:34 [self-0002-0-city] My general index: 169
2026-06-02 00:42:34 [self-0002-0-city] Enemy general index: None
2026-06-02 00:42:34 [self-0002-0-city] Visible enemy tiles: 7
2026-06-02 00:42:34 [self-0002-0-city] Tiles: 22 / 55
2026-06-02 00:42:34 [self-0002-0-city] Map: 19 x 19 Turn: 192
2026-06-02 00:42:34 [self-0002-0-city] Route planned: Target = 166 Mode = defense city-free reachable tiles = 265 Fallback-Tiles = 267
2026-06-02 00:42:34 [self-0002-0-city] No move found: blocked tiles = 1 ignored cities = 2 own movable tiles = 2
2026-06-02 00:42:35 [self-0002-0-city] My general index: 169
2026-06-02 00:42:35 [self-0002-0-city] Enemy general index: None
2026-06-02 00:42:35 [self-0002-0-city] Visible enemy tiles: 7
2026-06-02 00:42:35 [self-0002-0-city] Tiles: 22 / 55
2026-06-02 00:42:35 [self-0002-0-city] Map: 19 x 19 Turn: 193
2026-06-02 00:42:35 [self-0002-0-city] Route planned: Target = 166 Mode = defense city-free reachable tiles = 265 Fallback-Tiles = 267
2026-06-02 00:42:35 [self-0002-0-city] No move found: blocked tiles = 1 ignored cities = 2 own movable tiles = 2
2026-06-02 00:42:35 [self-0002-0-city] My general index: 169
2026-06-02 00:42:35 [self-0002-0-city] Enemy general index: None
2026-06-02 00:42:35 [self-0002-0-city] Visible enemy tiles: 7
2026-06-02 00:42:35 [self-0002-0-city] Tiles: 22 / 55
2026-06-02 00:42:35 [self-0002-0-city] Map: 19 x 19 Turn: 194
2026-06-02 00:42:35 [self-0002-0-city] Route planned: Target = 166 Mode = defense city-free reachable tiles = 265 Fallback-Tiles = 267
2026-06-02 00:42:35 [self-0002-0-city] No move found: blocked tiles = 1 ignored cities = 2 own movable tiles = 2
2026-06-02 00:42:36 [self-0002-0-city] My general index: 169
2026-06-02 00:42:36 [self-0002-0-city] Enemy general index: None
2026-06-02 00:42:36 [self-0002-0-city] Visible enemy tiles: 7
2026-06-02 00:42:36 [self-0002-0-city] Tiles: 22 / 55
2026-06-02 00:42:36 [self-0002-0-city] Map: 19 x 19 Turn: 195
2026-06-02 00:42:36 [self-0002-0-city] Route planned: Target = 166 Mode = defense city-free reachable tiles = 265 Fallback-Tiles = 267
2026-06-02 00:42:36 [self-0002-0-city] No move found: blocked tiles = 1 ignored cities = 2 own movable tiles = 2
2026-06-02 00:42:36 [self-0002-0-city] My general index: 169
2026-06-02 00:42:36 [self-0002-0-city] Enemy general index: None
2026-06-02 00:42:36 [self-0002-0-city] Visible enemy tiles: 7
2026-06-02 00:42:36 [self-0002-0-city] Tiles: 22 / 55
2026-06-02 00:42:36 [self-0002-0-city] Map: 19 x 19 Turn: 196
2026-06-02 00:42:36 [self-0002-0-city] Route planned: Target = 166 Mode = defense city-free reachable tiles = 265 Fallback-Tiles = 267
2026-06-02 00:42:36 [self-0002-0-city] No move found: blocked tiles = 1 ignored cities = 2 own movable tiles = 2
2026-06-02 00:42:37 [self-0002-0-city] Coach: catch_up_expand tiles 22/55 army 128/164 cities 0/0 enemy_city_suspect False bias {'expansion_bias': 1.3, 'city_bias': 0.8, 'attack_bias': 0.1, 'defense_bias': 0.0, 'route_bias': 0.7}
2026-06-02 00:42:37 [self-0002-0-city] My general index: 169
2026-06-02 00:42:37 [self-0002-0-city] Enemy general index: None
2026-06-02 00:42:37 [self-0002-0-city] Visible enemy tiles: 7
2026-06-02 00:42:37 [self-0002-0-city] Tiles: 22 / 55
2026-06-02 00:42:37 [self-0002-0-city] Map: 19 x 19 Turn: 197
2026-06-02 00:42:37 [self-0002-0-city] Route planned: Target = 166 Mode = defense city-free reachable tiles = 265 Fallback-Tiles = 267
2026-06-02 00:42:37 [self-0002-0-city] No move found: blocked tiles = 1 ignored cities = 2 own movable tiles = 2
2026-06-02 00:42:37 [self-0002-0-city] My general index: 169
2026-06-02 00:42:37 [self-0002-0-city] Enemy general index: None
2026-06-02 00:42:37 [self-0002-0-city] Visible enemy tiles: 7
2026-06-02 00:42:37 [self-0002-0-city] Tiles: 22 / 55
2026-06-02 00:42:37 [self-0002-0-city] Map: 19 x 19 Turn: 198
2026-06-02 00:42:37 [self-0002-0-city] Route planned: Target = 166 Mode = defense city-free reachable tiles = 265 Fallback-Tiles = 267
2026-06-02 00:42:37 [self-0002-0-city] No move found: blocked tiles = 1 ignored cities = 2 own movable tiles = 2
2026-06-02 00:42:38 [self-0002-0-city] My general index: 169
2026-06-02 00:42:38 [self-0002-0-city] Enemy general index: None
2026-06-02 00:42:38 [self-0002-0-city] Visible enemy tiles: 7
2026-06-02 00:42:38 [self-0002-0-city] Tiles: 22 / 55
2026-06-02 00:42:38 [self-0002-0-city] Map: 19 x 19 Turn: 199
2026-06-02 00:42:38 [self-0002-0-city] Route planned: Target = 166 Mode = defense city-free reachable tiles = 265 Fallback-Tiles = 267
2026-06-02 00:42:38 [self-0002-0-city] No move found: blocked tiles = 1 ignored cities = 2 own movable tiles = 2
2026-06-02 00:42:38 [self-0002-0-city] My general index: 169
2026-06-02 00:42:38 [self-0002-0-city] Enemy general index: None
2026-06-02 00:42:38 [self-0002-0-city] Visible enemy tiles: 7
2026-06-02 00:42:38 [self-0002-0-city] Tiles: 21 / 56
2026-06-02 00:42:38 [self-0002-0-city] Map: 19 x 19 Turn: 200
2026-06-02 00:42:38 [self-0002-0-city] Route planned: Target = 166 Mode = defense city-free reachable tiles = 265 Fallback-Tiles = 267
2026-06-02 00:42:38 [self-0002-0-city] Move #163: 148 -> 147 | Army: 2 | Target-Terrain: 1 | Target: 166 | Half: False
2026-06-02 00:42:39 [self-0002-0-city] My general index: 169
2026-06-02 00:42:39 [self-0002-0-city] Enemy general index: None
2026-06-02 00:42:39 [self-0002-0-city] Visible enemy tiles: 7
2026-06-02 00:42:39 [self-0002-0-city] Tiles: 21 / 57
2026-06-02 00:42:39 [self-0002-0-city] Map: 19 x 19 Turn: 201
2026-06-02 00:42:39 [self-0002-0-city] Route planned: Target = 166 Mode = defense city-free reachable tiles = 265 Fallback-Tiles = 267
2026-06-02 00:42:39 [self-0002-0-city] Move #164: 187 -> 168 | Army: 2 | Target-Terrain: 1 | Target: 166 | Half: False
2026-06-02 00:42:39 [self-0002-0-city] My general index: 169
2026-06-02 00:42:39 [self-0002-0-city] Enemy general index: None
2026-06-02 00:42:39 [self-0002-0-city] Visible enemy tiles: 7
2026-06-02 00:42:39 [self-0002-0-city] Tiles: 21 / 57
2026-06-02 00:42:39 [self-0002-0-city] Map: 19 x 19 Turn: 202
2026-06-02 00:42:39 [self-0002-0-city] Route planned: Target = 166 Mode = defense city-free reachable tiles = 265 Fallback-Tiles = 267
2026-06-02 00:42:39 [self-0002-0-city] Priority agent: edge reuse -9000, flow +6000 base = 143963 final = 140963
2026-06-02 00:42:39 [self-0002-0-city] Move #165: 168 -> 167 | Army: 3 | Target-Terrain: 1 | Target: 166 | Half: False
2026-06-02 00:42:40 [self-0002-0-city] My general index: 169
2026-06-02 00:42:40 [self-0002-0-city] Enemy general index: None
2026-06-02 00:42:40 [self-0002-0-city] Visible enemy tiles: 6
2026-06-02 00:42:40 [self-0002-0-city] Tiles: 20 / 58
2026-06-02 00:42:40 [self-0002-0-city] Map: 19 x 19 Turn: 203
2026-06-02 00:42:40 [self-0002-0-city] Route planned: Target = 166 Mode = defense city-free reachable tiles = 265 Fallback-Tiles = 267
2026-06-02 00:42:40 [self-0002-0-city] Move #166: 223 -> 204 | Army: 2 | Target-Terrain: 1 | Target: 166 | Half: False
2026-06-02 00:42:40 [self-0002-0-city] My general index: 169
2026-06-02 00:42:40 [self-0002-0-city] Enemy general index: None
2026-06-02 00:42:40 [self-0002-0-city] Visible enemy tiles: 6
2026-06-02 00:42:40 [self-0002-0-city] Tiles: 20 / 58
2026-06-02 00:42:40 [self-0002-0-city] Map: 19 x 19 Turn: 204
2026-06-02 00:42:40 [self-0002-0-city] Route planned: Target = 166 Mode = defense city-free reachable tiles = 265 Fallback-Tiles = 267
2026-06-02 00:42:40 [self-0002-0-city] Priority agent: edge reuse -9000, flow +6000 base = 143263 final = 140263
2026-06-02 00:42:40 [self-0002-0-city] Move #167: 204 -> 185 | Army: 3 | Target-Terrain: 1 | Target: 166 | Half: False
2026-06-02 00:42:41 [self-0002-0-city] My general index: 169
2026-06-02 00:42:41 [self-0002-0-city] Enemy general index: None
2026-06-02 00:42:41 [self-0002-0-city] Visible enemy tiles: 6
2026-06-02 00:42:41 [self-0002-0-city] Tiles: 20 / 58
2026-06-02 00:42:41 [self-0002-0-city] Map: 19 x 19 Turn: 205
2026-06-02 00:42:41 [self-0002-0-city] Route planned: Target = 166 Mode = defense city-free reachable tiles = 265 Fallback-Tiles = 267
2026-06-02 00:42:41 [self-0002-0-city] Move #168: 205 -> 204 | Army: 2 | Target-Terrain: 1 | Target: 166 | Half: False
2026-06-02 00:42:41 [self-0002-0-city] My general index: 169
2026-06-02 00:42:41 [self-0002-0-city] Enemy general index: None
2026-06-02 00:42:41 [self-0002-0-city] Visible enemy tiles: 6
2026-06-02 00:42:41 [self-0002-0-city] Tiles: 20 / 58
2026-06-02 00:42:41 [self-0002-0-city] Map: 19 x 19 Turn: 206
2026-06-02 00:42:41 [self-0002-0-city] Route planned: Target = 166 Mode = defense city-free reachable tiles = 265 Fallback-Tiles = 267
2026-06-02 00:42:41 [self-0002-0-city] Move #169: 170 -> 169 | Army: 2 | Target-Terrain: 1 | Target: 166 | Half: False
2026-06-02 00:42:42 [self-0002-0-city] My general index: 169
2026-06-02 00:42:42 [self-0002-0-city] Enemy general index: None
2026-06-02 00:42:42 [self-0002-0-city] Visible enemy tiles: 6
2026-06-02 00:42:42 [self-0002-0-city] Tiles: 20 / 58
2026-06-02 00:42:42 [self-0002-0-city] Map: 19 x 19 Turn: 207
2026-06-02 00:42:42 [self-0002-0-city] Route planned: Target = 166 Mode = defense city-free reachable tiles = 265 Fallback-Tiles = 267
2026-06-02 00:42:42 [self-0002-0-city] Priority agent: flow +6000 base = 138435 final = 144435
2026-06-02 00:42:42 [self-0002-0-city] Move #170: 169 -> 168 | Army: 65 | Target-Terrain: 1 | Target: 166 | Half: True
2026-06-02 00:42:42 [self-0002-0-city] My general index: 169
2026-06-02 00:42:42 [self-0002-0-city] Enemy general index: None
2026-06-02 00:42:42 [self-0002-0-city] Visible enemy tiles: 6
2026-06-02 00:42:42 [self-0002-0-city] Tiles: 20 / 58
2026-06-02 00:42:42 [self-0002-0-city] Map: 19 x 19 Turn: 208
2026-06-02 00:42:42 [self-0002-0-city] Route planned: Target = 166 Mode = defense city-free reachable tiles = 265 Fallback-Tiles = 267
2026-06-02 00:42:42 [self-0002-0-city] Priority agent: edge reuse -9000, flow +6000 base = 145793 final = 142793
2026-06-02 00:42:42 [self-0002-0-city] Move #171: 168 -> 167 | Army: 33 | Target-Terrain: 1 | Target: 166 | Half: False
2026-06-02 00:42:43 [self-0002-0-city] My general index: 169
2026-06-02 00:42:43 [self-0002-0-city] Enemy general index: None
2026-06-02 00:42:43 [self-0002-0-city] Visible enemy tiles: 6
2026-06-02 00:42:43 [self-0002-0-city] Tiles: 20 / 58
2026-06-02 00:42:43 [self-0002-0-city] Map: 19 x 19 Turn: 209
2026-06-02 00:42:43 [self-0002-0-city] Route planned: Target = 148 Mode = defense city-free reachable tiles = 264 Fallback-Tiles = 267
2026-06-02 00:42:43 [self-0002-0-city] Priority agent: flow +6000 base = 241617 final = 247617
2026-06-02 00:42:43 [self-0002-0-city] Move #172: 167 -> 148 | Army: 67 | Target-Terrain: 1 | Target: 148 | Half: False
2026-06-02 00:42:43 [self-0002-0-city] My general index: 169
2026-06-02 00:42:43 [self-0002-0-city] Enemy general index: None
2026-06-02 00:42:43 [self-0002-0-city] Visible enemy tiles: 6
2026-06-02 00:42:43 [self-0002-0-city] Tiles: 20 / 58
2026-06-02 00:42:43 [self-0002-0-city] Map: 19 x 19 Turn: 210
2026-06-02 00:42:43 [self-0002-0-city] Route planned: Target = 185 Mode = defense city-free reachable tiles = 264 Fallback-Tiles = 267
2026-06-02 00:42:43 [self-0002-0-city] Priority agent: edge reuse -9000 base = 241152 final = 232152
2026-06-02 00:42:43 [self-0002-0-city] Move #173: 204 -> 185 | Army: 2 | Target-Terrain: 1 | Target: 185 | Half: False
2026-06-02 00:42:44 [self-0002-0-city] My general index: 169
2026-06-02 00:42:44 [self-0002-0-city] Enemy general index: None
2026-06-02 00:42:44 [self-0002-0-city] Visible enemy tiles: 6
2026-06-02 00:42:44 [self-0002-0-city] Tiles: 20 / 58
2026-06-02 00:42:44 [self-0002-0-city] Map: 19 x 19 Turn: 211
2026-06-02 00:42:44 [self-0002-0-city] Route planned: Target = 185 Mode = defense city-free reachable tiles = 264 Fallback-Tiles = 267
2026-06-02 00:42:44 [self-0002-0-city] Move #174: 165 -> 184 | Army: 20 | Target-Terrain: 0 | Target: 185 | Half: False
2026-06-02 00:42:44 [self-0002-0-city] My general index: 169
2026-06-02 00:42:44 [self-0002-0-city] Enemy general index: None
2026-06-02 00:42:44 [self-0002-0-city] Visible enemy tiles: 6
2026-06-02 00:42:44 [self-0002-0-city] Tiles: 21 / 57
2026-06-02 00:42:44 [self-0002-0-city] Map: 19 x 19 Turn: 212
2026-06-02 00:42:44 [self-0002-0-city] Route planned: Target = 185 Mode = defense city-free reachable tiles = 264 Fallback-Tiles = 267
2026-06-02 00:42:44 [self-0002-0-city] Priority agent: flow +6000 base = 233166 final = 239166
2026-06-02 00:42:44 [self-0002-0-city] Move #175: 184 -> 185 | Army: 16 | Target-Terrain: 1 | Target: 185 | Half: False
2026-06-02 00:42:45 [self-0002-0-city] My general index: 169
2026-06-02 00:42:45 [self-0002-0-city] Enemy general index: None
2026-06-02 00:42:45 [self-0002-0-city] Visible enemy tiles: 6
2026-06-02 00:42:45 [self-0002-0-city] Tiles: 21 / 57
2026-06-02 00:42:45 [self-0002-0-city] Map: 19 x 19 Turn: 213
2026-06-02 00:42:45 [self-0002-0-city] Route planned: Target = 185 Mode = defense city-free reachable tiles = 264 Fallback-Tiles = 267
2026-06-02 00:42:45 [self-0002-0-city] Move #176: 146 -> 165 | Army: 2 | Target-Terrain: 1 | Target: 185 | Half: False
2026-06-02 00:42:45 [self-0002-0-city] My general index: 169
2026-06-02 00:42:45 [self-0002-0-city] Enemy general index: None
2026-06-02 00:42:45 [self-0002-0-city] Visible enemy tiles: 6
2026-06-02 00:42:45 [self-0002-0-city] Tiles: 21 / 57
2026-06-02 00:42:45 [self-0002-0-city] Map: 19 x 19 Turn: 214
2026-06-02 00:42:45 [self-0002-0-city] Route planned: Target = 185 Mode = defense city-free reachable tiles = 264 Fallback-Tiles = 267
2026-06-02 00:42:45 [self-0002-0-city] Move #177: 206 -> 205 | Army: 2 | Target-Terrain: 1 | Target: 185 | Half: False
2026-06-02 00:42:46 [self-0002-0-city] My general index: 169
2026-06-02 00:42:46 [self-0002-0-city] Enemy general index: None
2026-06-02 00:42:46 [self-0002-0-city] Visible enemy tiles: 6
2026-06-02 00:42:46 [self-0002-0-city] Tiles: 20 / 58
2026-06-02 00:42:46 [self-0002-0-city] Map: 19 x 19 Turn: 215
2026-06-02 00:42:46 [self-0002-0-city] Route planned: Target = 185 Mode = defense city-free reachable tiles = 264 Fallback-Tiles = 267
2026-06-02 00:42:46 [self-0002-0-city] Move #178: 224 -> 205 | Army: 2 | Target-Terrain: 1 | Target: 185 | Half: False
2026-06-02 00:42:46 [self-0002-0-city] My general index: 169
2026-06-02 00:42:46 [self-0002-0-city] Enemy general index: None
2026-06-02 00:42:46 [self-0002-0-city] Visible enemy tiles: 6
2026-06-02 00:42:46 [self-0002-0-city] Tiles: 19 / 59
2026-06-02 00:42:46 [self-0002-0-city] Map: 19 x 19 Turn: 216
2026-06-02 00:42:46 [self-0002-0-city] Route planned: Target = 185 Mode = defense city-free reachable tiles = 264 Fallback-Tiles = 267
2026-06-02 00:42:46 [self-0002-0-city] Move #179: 225 -> 206 | Army: 2 | Target-Terrain: 1 | Target: 185 | Half: False
2026-06-02 00:42:47 [self-0002-0-city] My general index: 169
2026-06-02 00:42:47 [self-0002-0-city] Enemy general index: None
2026-06-02 00:42:47 [self-0002-0-city] Visible enemy tiles: 6
2026-06-02 00:42:47 [self-0002-0-city] Tiles: 19 / 59
2026-06-02 00:42:47 [self-0002-0-city] Map: 19 x 19 Turn: 217
2026-06-02 00:42:47 [self-0002-0-city] Route planned: Target = 149 Mode = defense city-free reachable tiles = 264 Fallback-Tiles = 267
2026-06-02 00:42:47 [self-0002-0-city] Move #180: 148 -> 149 | Army: 67 | Target-Terrain: 1 | Target: 149 | Half: False
2026-06-02 00:42:47 [self-0002-0-city] My general index: 169
2026-06-02 00:42:47 [self-0002-0-city] Enemy general index: None
2026-06-02 00:42:47 [self-0002-0-city] Visible enemy tiles: 6
2026-06-02 00:42:47 [self-0002-0-city] Tiles: 19 / 59
2026-06-02 00:42:47 [self-0002-0-city] Map: 19 x 19 Turn: 218
2026-06-02 00:42:47 [self-0002-0-city] Route planned: Target = 148 Mode = defense city-free reachable tiles = 264 Fallback-Tiles = 267
2026-06-02 00:42:47 [self-0002-0-city] Move #181: 147 -> 148 | Army: 3 | Target-Terrain: 1 | Target: 148 | Half: False
2026-06-02 00:42:48 [self-0002-0-city] My general index: 169
2026-06-02 00:42:48 [self-0002-0-city] Enemy general index: None
2026-06-02 00:42:48 [self-0002-0-city] Visible enemy tiles: 6
2026-06-02 00:42:48 [self-0002-0-city] Tiles: 19 / 59
2026-06-02 00:42:48 [self-0002-0-city] Map: 19 x 19 Turn: 219
2026-06-02 00:42:48 [self-0002-0-city] Route planned: Target = 148 Mode = defense city-free reachable tiles = 264 Fallback-Tiles = 267
2026-06-02 00:42:48 [self-0002-0-city] Priority agent: edge reuse -9000 base = 208918 final = 199918
2026-06-02 00:42:48 [self-0002-0-city] Move #182: 149 -> 148 | Army: 68 | Target-Terrain: 1 | Target: 148 | Half: False
2026-06-02 00:42:48 [self-0002-0-city] My general index: 169
2026-06-02 00:42:48 [self-0002-0-city] Enemy general index: None
2026-06-02 00:42:48 [self-0002-0-city] Visible enemy tiles: 6
2026-06-02 00:42:48 [self-0002-0-city] Tiles: 18 / 60
2026-06-02 00:42:48 [self-0002-0-city] Map: 19 x 19 Turn: 220
2026-06-02 00:42:48 [self-0002-0-city] Route planned: Target = 149 Mode = defense city-free reachable tiles = 264 Fallback-Tiles = 267
2026-06-02 00:42:48 [self-0002-0-city] Priority agent: reverse -35000, edge reuse -18000 base = 210920 final = 157920
2026-06-02 00:42:48 [self-0002-0-city] Move #183: 148 -> 149 | Army: 70 | Target-Terrain: 1 | Target: 149 | Half: False
2026-06-02 00:42:49 [self-0002-0-city] My general index: 169
2026-06-02 00:42:49 [self-0002-0-city] Enemy general index: None
2026-06-02 00:42:49 [self-0002-0-city] Visible enemy tiles: 6
2026-06-02 00:42:49 [self-0002-0-city] Tiles: 18 / 60
2026-06-02 00:42:49 [self-0002-0-city] Map: 19 x 19 Turn: 221
2026-06-02 00:42:49 [self-0002-0-city] Route planned: Target = 148 Mode = defense city-free reachable tiles = 264 Fallback-Tiles = 267
2026-06-02 00:42:49 [self-0002-0-city] Move #184: 188 -> 169 | Army: 2 | Target-Terrain: 1 | Target: 148 | Half: False
2026-06-02 00:42:49 [self-0002-0-city] My general index: 169
2026-06-02 00:42:49 [self-0002-0-city] Enemy general index: None
2026-06-02 00:42:49 [self-0002-0-city] Visible enemy tiles: 6
2026-06-02 00:42:49 [self-0002-0-city] Tiles: 18 / 60
2026-06-02 00:42:49 [self-0002-0-city] Map: 19 x 19 Turn: 222
2026-06-02 00:42:49 [self-0002-0-city] Route planned: Target = 148 Mode = defense city-free reachable tiles = 264 Fallback-Tiles = 267
2026-06-02 00:42:49 [self-0002-0-city] Priority agent: edge reuse -27000 base = 193920 final = 166920
2026-06-02 00:42:49 [self-0002-0-city] Move #185: 149 -> 148 | Army: 70 | Target-Terrain: 1 | Target: 148 | Half: False
2026-06-02 00:42:50 [self-0002-0-city] My general index: 169
2026-06-02 00:42:50 [self-0002-0-city] Enemy general index: None
2026-06-02 00:42:50 [self-0002-0-city] Visible enemy tiles: 6
2026-06-02 00:42:50 [self-0002-0-city] Tiles: 18 / 60
2026-06-02 00:42:50 [self-0002-0-city] Map: 19 x 19 Turn: 223
2026-06-02 00:42:50 [self-0002-0-city] Route planned: Target = 149 Mode = defense city-free reachable tiles = 264 Fallback-Tiles = 267
2026-06-02 00:42:50 [self-0002-0-city] Move #186: 189 -> 170 | Army: 2 | Target-Terrain: 1 | Target: 149 | Half: False
2026-06-02 00:42:50 [self-0002-0-city] My general index: 169
2026-06-02 00:42:50 [self-0002-0-city] Enemy general index: None
2026-06-02 00:42:50 [self-0002-0-city] Visible enemy tiles: 6
2026-06-02 00:42:50 [self-0002-0-city] Tiles: 18 / 60
2026-06-02 00:42:50 [self-0002-0-city] Map: 19 x 19 Turn: 224
2026-06-02 00:42:50 [self-0002-0-city] Route planned: Target = 149 Mode = defense city-free reachable tiles = 264 Fallback-Tiles = 267
2026-06-02 00:42:50 [self-0002-0-city] Priority agent: edge reuse -36000 base = 195820 final = 159820
2026-06-02 00:42:50 [self-0002-0-city] Move #187: 148 -> 149 | Army: 70 | Target-Terrain: 1 | Target: 149 | Half: False
2026-06-02 00:42:51 [self-0002-0-city] My general index: 169
2026-06-02 00:42:51 [self-0002-0-city] Enemy general index: None
2026-06-02 00:42:51 [self-0002-0-city] Visible enemy tiles: 6
2026-06-02 00:42:51 [self-0002-0-city] Tiles: 18 / 60
2026-06-02 00:42:51 [self-0002-0-city] Map: 19 x 19 Turn: 225
2026-06-02 00:42:51 [self-0002-0-city] Route planned: Target = 148 Mode = defense city-free reachable tiles = 264 Fallback-Tiles = 267
2026-06-02 00:42:51 [self-0002-0-city] Move #188: 170 -> 169 | Army: 2 | Target-Terrain: 1 | Target: 148 | Half: False
2026-06-02 00:42:51 [self-0002-0-city] My general index: 169
2026-06-02 00:42:51 [self-0002-0-city] Enemy general index: None
2026-06-02 00:42:51 [self-0002-0-city] Visible enemy tiles: 6
2026-06-02 00:42:51 [self-0002-0-city] Tiles: 18 / 60
2026-06-02 00:42:51 [self-0002-0-city] Map: 19 x 19 Turn: 226
2026-06-02 00:42:51 [self-0002-0-city] Route planned: Target = 148 Mode = defense city-free reachable tiles = 264 Fallback-Tiles = 267
2026-06-02 00:42:51 [self-0002-0-city] Priority agent: edge reuse -45000 base = 193920 final = 148920
2026-06-02 00:42:51 [self-0002-0-city] Move #189: 149 -> 148 | Army: 70 | Target-Terrain: 1 | Target: 148 | Half: False
2026-06-02 00:42:52 [self-0002-0-city] My general index: 169
2026-06-02 00:42:52 [self-0002-0-city] Enemy general index: None
2026-06-02 00:42:52 [self-0002-0-city] Visible enemy tiles: 6
2026-06-02 00:42:52 [self-0002-0-city] Tiles: 18 / 60
2026-06-02 00:42:52 [self-0002-0-city] Map: 19 x 19 Turn: 227
2026-06-02 00:42:52 [self-0002-0-city] Route planned: Target = 149 Mode = defense city-free reachable tiles = 264 Fallback-Tiles = 267
2026-06-02 00:42:52 [self-0002-0-city] Move #190: 206 -> 187 | Army: 2 | Target-Terrain: 1 | Target: 149 | Half: False
2026-06-02 00:42:52 [self-0002-0-city] My general index: 169
2026-06-02 00:42:52 [self-0002-0-city] Enemy general index: None
2026-06-02 00:42:52 [self-0002-0-city] Visible enemy tiles: 6
2026-06-02 00:42:52 [self-0002-0-city] Tiles: 18 / 60
2026-06-02 00:42:52 [self-0002-0-city] Map: 19 x 19 Turn: 228
2026-06-02 00:42:52 [self-0002-0-city] Route planned: Target = 149 Mode = defense city-free reachable tiles = 264 Fallback-Tiles = 267
2026-06-02 00:42:52 [self-0002-0-city] Priority agent: flow +6000 base = 139362 final = 145362
2026-06-02 00:42:52 [self-0002-0-city] Move #191: 187 -> 168 | Army: 2 | Target-Terrain: 1 | Target: 149 | Half: False
2026-06-02 00:42:53 [self-0002-0-city] My general index: 169
2026-06-02 00:42:53 [self-0002-0-city] Enemy general index: None
2026-06-02 00:42:53 [self-0002-0-city] Visible enemy tiles: 6
2026-06-02 00:42:53 [self-0002-0-city] Tiles: 18 / 61
2026-06-02 00:42:53 [self-0002-0-city] Map: 19 x 19 Turn: 229
2026-06-02 00:42:53 [self-0002-0-city] Route planned: Target = 149 Mode = defense city-free reachable tiles = 264 Fallback-Tiles = 267
2026-06-02 00:42:53 [self-0002-0-city] Priority agent: flow +6000 base = 216452 final = 222452
2026-06-02 00:42:53 [self-0002-0-city] Move #192: 168 -> 149 | Army: 2 | Target-Terrain: 1 | Target: 149 | Half: False
2026-06-02 00:42:53 [self-0002-0-city] My general index: 169
2026-06-02 00:42:53 [self-0002-0-city] Enemy general index: None
2026-06-02 00:42:53 [self-0002-0-city] Visible enemy tiles: 6
2026-06-02 00:42:53 [self-0002-0-city] Tiles: 18 / 62
2026-06-02 00:42:53 [self-0002-0-city] Map: 19 x 19 Turn: 230
2026-06-02 00:42:53 [self-0002-0-city] Route planned: Target = 149 Mode = defense city-free reachable tiles = 264 Fallback-Tiles = 267
2026-06-02 00:42:53 [self-0002-0-city] Priority agent: edge reuse -54000 base = 182420 final = 128420
2026-06-02 00:42:53 [self-0002-0-city] Move #193: 148 -> 149 | Army: 70 | Target-Terrain: 1 | Target: 149 | Half: False
2026-06-02 00:42:54 [self-0002-0-city] My general index: 169
2026-06-02 00:42:54 [self-0002-0-city] Enemy general index: None
2026-06-02 00:42:54 [self-0002-0-city] Visible enemy tiles: 6
2026-06-02 00:42:54 [self-0002-0-city] Tiles: 18 / 62
2026-06-02 00:42:54 [self-0002-0-city] Map: 19 x 19 Turn: 231
2026-06-02 00:42:54 [self-0002-0-city] Route planned: Target = 148 Mode = defense city-free reachable tiles = 264 Fallback-Tiles = 267
2026-06-02 00:42:54 [self-0002-0-city] Priority agent: reverse -35000, edge reuse -63000 base = 183621 final = 85621
2026-06-02 00:42:54 [self-0002-0-city] Move #194: 149 -> 148 | Army: 71 | Target-Terrain: 1 | Target: 148 | Half: False
2026-06-02 00:42:54 [self-0002-0-city] My general index: 169
2026-06-02 00:42:54 [self-0002-0-city] Enemy general index: None
2026-06-02 00:42:54 [self-0002-0-city] Visible enemy tiles: 6
2026-06-02 00:42:54 [self-0002-0-city] Tiles: 18 / 62
2026-06-02 00:42:54 [self-0002-0-city] Map: 19 x 19 Turn: 232
2026-06-02 00:42:54 [self-0002-0-city] Route planned: Target = 149 Mode = defense city-free reachable tiles = 264 Fallback-Tiles = 267
2026-06-02 00:42:54 [self-0002-0-city] Move #195: 205 -> 206 | Army: 3 | Target-Terrain: 1 | Target: 149 | Half: False
2026-06-02 00:42:55 [self-0002-0-city] My general index: 169
2026-06-02 00:42:55 [self-0002-0-city] Enemy general index: None
2026-06-02 00:42:55 [self-0002-0-city] Visible enemy tiles: 6
2026-06-02 00:42:55 [self-0002-0-city] Tiles: 18 / 62
2026-06-02 00:42:55 [self-0002-0-city] Map: 19 x 19 Turn: 233
2026-06-02 00:42:55 [self-0002-0-city] Route planned: Target = 149 Mode = defense city-free reachable tiles = 264 Fallback-Tiles = 267
2026-06-02 00:42:55 [self-0002-0-city] Priority agent: edge reuse -9000, flow +6000 base = 123773 final = 120773
2026-06-02 00:42:55 [self-0002-0-city] Move #196: 206 -> 187 | Army: 3 | Target-Terrain: 1 | Target: 149 | Half: False
2026-06-02 00:42:55 [self-0002-0-city] My general index: 169
2026-06-02 00:42:55 [self-0002-0-city] Enemy general index: None
2026-06-02 00:42:55 [self-0002-0-city] Visible enemy tiles: 6
2026-06-02 00:42:55 [self-0002-0-city] Tiles: 18 / 62
2026-06-02 00:42:55 [self-0002-0-city] Map: 19 x 19 Turn: 234
2026-06-02 00:42:55 [self-0002-0-city] Route planned: Target = 149 Mode = defense city-free reachable tiles = 264 Fallback-Tiles = 267
2026-06-02 00:42:55 [self-0002-0-city] Priority agent: edge reuse -54000 base = 182421 final = 128421
2026-06-02 00:42:55 [self-0002-0-city] Move #197: 148 -> 149 | Army: 71 | Target-Terrain: 1 | Target: 149 | Half: False
2026-06-02 00:42:56 [self-0002-0-city] My general index: 169
2026-06-02 00:42:56 [self-0002-0-city] Enemy general index: None
2026-06-02 00:42:56 [self-0002-0-city] Visible enemy tiles: 6
2026-06-02 00:42:56 [self-0002-0-city] Tiles: 18 / 62
2026-06-02 00:42:56 [self-0002-0-city] Map: 19 x 19 Turn: 235
2026-06-02 00:42:56 [self-0002-0-city] Route planned: Target = 148 Mode = defense city-free reachable tiles = 264 Fallback-Tiles = 267
2026-06-02 00:42:56 [self-0002-0-city] Priority agent: edge reuse -9000 base = 125873 final = 116873
2026-06-02 00:42:56 [self-0002-0-city] Move #198: 187 -> 168 | Army: 3 | Target-Terrain: 1 | Target: 148 | Half: False
2026-06-02 00:42:56 [self-0002-0-city] My general index: 169
2026-06-02 00:42:56 [self-0002-0-city] Enemy general index: None
2026-06-02 00:42:56 [self-0002-0-city] Visible enemy tiles: 6
2026-06-02 00:42:56 [self-0002-0-city] Tiles: 18 / 62
2026-06-02 00:42:56 [self-0002-0-city] Map: 19 x 19 Turn: 236
2026-06-02 00:42:56 [self-0002-0-city] Route planned: Target = 148 Mode = defense city-free reachable tiles = 264 Fallback-Tiles = 267
2026-06-02 00:42:56 [self-0002-0-city] Priority agent: flow +6000 base = 128163 final = 134163
2026-06-02 00:42:56 [self-0002-0-city] Move #199: 168 -> 167 | Army: 3 | Target-Terrain: 1 | Target: 148 | Half: False
2026-06-02 00:42:57 [self-0002-0-city] My general index: 169
2026-06-02 00:42:57 [self-0002-0-city] Enemy general index: None
2026-06-02 00:42:57 [self-0002-0-city] Visible enemy tiles: 6
2026-06-02 00:42:57 [self-0002-0-city] Tiles: 18 / 62
2026-06-02 00:42:57 [self-0002-0-city] Map: 19 x 19 Turn: 237
2026-06-02 00:42:57 [self-0002-0-city] Route planned: Target = 148 Mode = defense city-free reachable tiles = 264 Fallback-Tiles = 267
2026-06-02 00:42:57 [self-0002-0-city] Priority agent: flow +6000 base = 216753 final = 222753
2026-06-02 00:42:57 [self-0002-0-city] Move #200: 167 -> 148 | Army: 3 | Target-Terrain: 1 | Target: 148 | Half: False
2026-06-02 00:42:57 [self-0002-0-city] My general index: 169
2026-06-02 00:42:57 [self-0002-0-city] Enemy general index: None
2026-06-02 00:42:57 [self-0002-0-city] Visible enemy tiles: 3
2026-06-02 00:42:57 [self-0002-0-city] Tiles: 17 / 63
2026-06-02 00:42:57 [self-0002-0-city] Map: 19 x 19 Turn: 238
2026-06-02 00:42:57 [self-0002-0-city] Route planned: Target = 148 Mode = defense city-free reachable tiles = 264 Fallback-Tiles = 267
2026-06-02 00:42:57 [self-0002-0-city] Priority agent: edge reuse -45000 base = 180521 final = 135521
2026-06-02 00:42:57 [self-0002-0-city] Move #201: 149 -> 148 | Army: 71 | Target-Terrain: 1 | Target: 148 | Half: False
2026-06-02 00:42:58 [self-0002-0-city] My general index: 169
2026-06-02 00:42:58 [self-0002-0-city] Enemy general index: None
2026-06-02 00:42:58 [self-0002-0-city] Visible enemy tiles: 3
2026-06-02 00:42:58 [self-0002-0-city] Tiles: 17 / 63
2026-06-02 00:42:58 [self-0002-0-city] Map: 19 x 19 Turn: 239
2026-06-02 00:42:58 [self-0002-0-city] Route planned: Target = 149 Mode = defense city-free reachable tiles = 264 Fallback-Tiles = 267
2026-06-02 00:42:58 [self-0002-0-city] Priority agent: reverse -35000, edge reuse -45000 base = 185523 final = 105523
2026-06-02 00:42:58 [self-0002-0-city] Move #202: 148 -> 149 | Army: 73 | Target-Terrain: 1 | Target: 149 | Half: False
2026-06-02 00:42:58 [self-0002-0-city] My general index: 169
2026-06-02 00:42:58 [self-0002-0-city] Enemy general index: None
2026-06-02 00:42:58 [self-0002-0-city] Visible enemy tiles: 3
2026-06-02 00:42:58 [self-0002-0-city] Tiles: 17 / 63
2026-06-02 00:42:58 [self-0002-0-city] Map: 19 x 19 Turn: 240
2026-06-02 00:42:58 [self-0002-0-city] Route planned: Target = 148 Mode = defense city-free reachable tiles = 264 Fallback-Tiles = 267
2026-06-02 00:42:58 [self-0002-0-city] Priority agent: reverse -35000, edge reuse -54000 base = 183623 final = 94623
2026-06-02 00:42:58 [self-0002-0-city] Move #203: 149 -> 148 | Army: 73 | Target-Terrain: 1 | Target: 148 | Half: False
2026-06-02 00:42:59 [self-0002-0-city] My general index: 169
2026-06-02 00:42:59 [self-0002-0-city] Enemy general index: None
2026-06-02 00:42:59 [self-0002-0-city] Visible enemy tiles: 3
2026-06-02 00:42:59 [self-0002-0-city] Tiles: 17 / 63
2026-06-02 00:42:59 [self-0002-0-city] Map: 19 x 19 Turn: 241
2026-06-02 00:42:59 [self-0002-0-city] Route planned: Target = 149 Mode = defense city-free reachable tiles = 264 Fallback-Tiles = 267
2026-06-02 00:42:59 [self-0002-0-city] Priority agent: reverse -35000, edge reuse -54000 base = 185523 final = 96523
2026-06-02 00:42:59 [self-0002-0-city] Move #204: 148 -> 149 | Army: 73 | Target-Terrain: 1 | Target: 149 | Half: False
2026-06-02 00:42:59 [self-0002-0-city] My general index: 169
2026-06-02 00:42:59 [self-0002-0-city] Enemy general index: None
2026-06-02 00:42:59 [self-0002-0-city] Visible enemy tiles: 3
2026-06-02 00:42:59 [self-0002-0-city] Tiles: 17 / 63
2026-06-02 00:42:59 [self-0002-0-city] Map: 19 x 19 Turn: 242
2026-06-02 00:42:59 [self-0002-0-city] Route planned: Target = 148 Mode = defense city-free reachable tiles = 264 Fallback-Tiles = 267
2026-06-02 00:42:59 [self-0002-0-city] Priority agent: reverse -35000, edge reuse -63000 base = 183623 final = 85623
2026-06-02 00:42:59 [self-0002-0-city] Move #205: 149 -> 148 | Army: 73 | Target-Terrain: 1 | Target: 148 | Half: False
2026-06-02 00:43:00 [self-0002-0-city] My general index: 169
2026-06-02 00:43:00 [self-0002-0-city] Enemy general index: None
2026-06-02 00:43:00 [self-0002-0-city] Visible enemy tiles: 3
2026-06-02 00:43:00 [self-0002-0-city] Tiles: 17 / 63
2026-06-02 00:43:00 [self-0002-0-city] Map: 19 x 19 Turn: 243
2026-06-02 00:43:00 [self-0002-0-city] Route planned: Target = 149 Mode = defense city-free reachable tiles = 264 Fallback-Tiles = 267
2026-06-02 00:43:00 [self-0002-0-city] Priority agent: reverse -35000, edge reuse -72000 base = 185523 final = 78523
2026-06-02 00:43:00 [self-0002-0-city] Move #206: 148 -> 149 | Army: 73 | Target-Terrain: 1 | Target: 149 | Half: False
2026-06-02 00:43:00 [self-0002-0-city] My general index: 169
2026-06-02 00:43:00 [self-0002-0-city] Enemy general index: None
2026-06-02 00:43:00 [self-0002-0-city] Visible enemy tiles: 3
2026-06-02 00:43:00 [self-0002-0-city] Tiles: 17 / 63
2026-06-02 00:43:00 [self-0002-0-city] Map: 19 x 19 Turn: 244
2026-06-02 00:43:00 [self-0002-0-city] Route planned: Target = 148 Mode = defense city-free reachable tiles = 264 Fallback-Tiles = 267
2026-06-02 00:43:00 [self-0002-0-city] Priority agent: reverse -35000, edge reuse -81000 base = 183623 final = 67623
2026-06-02 00:43:00 [self-0002-0-city] Move #207: 149 -> 148 | Army: 73 | Target-Terrain: 1 | Target: 148 | Half: False
2026-06-02 00:43:01 [self-0002-0-city] My general index: 169
2026-06-02 00:43:01 [self-0002-0-city] Enemy general index: None
2026-06-02 00:43:01 [self-0002-0-city] Visible enemy tiles: 3
2026-06-02 00:43:01 [self-0002-0-city] Tiles: 17 / 63
2026-06-02 00:43:01 [self-0002-0-city] Map: 19 x 19 Turn: 245
2026-06-02 00:43:01 [self-0002-0-city] Route planned: Target = 149 Mode = defense city-free reachable tiles = 264 Fallback-Tiles = 267
2026-06-02 00:43:01 [self-0002-0-city] Priority agent: reverse -35000, edge reuse -81000 base = 185523 final = 69523
2026-06-02 00:43:01 [self-0002-0-city] Move #208: 148 -> 149 | Army: 73 | Target-Terrain: 1 | Target: 149 | Half: False
2026-06-02 00:43:01 [self-0002-0-city] My general index: 169
2026-06-02 00:43:01 [self-0002-0-city] Enemy general index: None
2026-06-02 00:43:01 [self-0002-0-city] Visible enemy tiles: 3
2026-06-02 00:43:01 [self-0002-0-city] Tiles: 17 / 63
2026-06-02 00:43:01 [self-0002-0-city] Map: 19 x 19 Turn: 246
2026-06-02 00:43:01 [self-0002-0-city] Route planned: Target = 148 Mode = defense city-free reachable tiles = 264 Fallback-Tiles = 267
2026-06-02 00:43:01 [self-0002-0-city] Priority agent: reverse -35000, edge reuse -81000 base = 183623 final = 67623
2026-06-02 00:43:01 [self-0002-0-city] Move #209: 149 -> 148 | Army: 73 | Target-Terrain: 1 | Target: 148 | Half: False
2026-06-02 00:43:02 [self-0002-0-city] Coach: catch_up_expand tiles 17/63 army 163/195 cities 0/0 enemy_city_suspect False bias {'expansion_bias': 1.3, 'city_bias': 0.8, 'attack_bias': 0.1, 'defense_bias': 0.0, 'route_bias': 0.7}
2026-06-02 00:43:02 [self-0002-0-city] My general index: 169
2026-06-02 00:43:02 [self-0002-0-city] Enemy general index: None
2026-06-02 00:43:02 [self-0002-0-city] Visible enemy tiles: 3
2026-06-02 00:43:02 [self-0002-0-city] Tiles: 17 / 63
2026-06-02 00:43:02 [self-0002-0-city] Map: 19 x 19 Turn: 247
2026-06-02 00:43:02 [self-0002-0-city] Route planned: Target = 149 Mode = defense city-free reachable tiles = 264 Fallback-Tiles = 267
2026-06-02 00:43:02 [self-0002-0-city] Priority agent: reverse -35000, edge reuse -90000 base = 185523 final = 60523
2026-06-02 00:43:02 [self-0002-0-city] Move #210: 148 -> 149 | Army: 73 | Target-Terrain: 1 | Target: 149 | Half: False
2026-06-02 00:43:02 [self-0002-0-city] My general index: 169
2026-06-02 00:43:02 [self-0002-0-city] Enemy general index: None
2026-06-02 00:43:02 [self-0002-0-city] Visible enemy tiles: 3
2026-06-02 00:43:02 [self-0002-0-city] Tiles: 17 / 63
2026-06-02 00:43:02 [self-0002-0-city] Map: 19 x 19 Turn: 248
2026-06-02 00:43:02 [self-0002-0-city] Route planned: Target = 148 Mode = defense city-free reachable tiles = 264 Fallback-Tiles = 267
2026-06-02 00:43:02 [self-0002-0-city] Move #211: 185 -> 184 | Army: 20 | Target-Terrain: 0 | Target: 148 | Half: False
2026-06-02 00:43:03 [self-0002-0-city] My general index: 169
2026-06-02 00:43:03 [self-0002-0-city] Enemy general index: None
2026-06-02 00:43:03 [self-0002-0-city] Visible enemy tiles: 5
2026-06-02 00:43:03 [self-0002-0-city] Tiles: 18 / 62
2026-06-02 00:43:03 [self-0002-0-city] Map: 19 x 19 Turn: 249
2026-06-02 00:43:03 [self-0002-0-city] Route planned: Target = 148 Mode = defense city-free reachable tiles = 264 Fallback-Tiles = 267
2026-06-02 00:43:03 [self-0002-0-city] Priority agent: flow +6000 base = 160948 final = 166948
2026-06-02 00:43:03 [self-0002-0-city] Move #212: 184 -> 165 | Army: 18 | Target-Terrain: 0 | Target: 148 | Half: False
2026-06-02 00:43:03 [self-0002-0-city] My general index: 169
2026-06-02 00:43:03 [self-0002-0-city] Enemy general index: None
2026-06-02 00:43:03 [self-0002-0-city] Visible enemy tiles: 6
2026-06-02 00:43:03 [self-0002-0-city] Tiles: 19 / 61
2026-06-02 00:43:03 [self-0002-0-city] Map: 19 x 19 Turn: 250
2026-06-02 00:43:03 [self-0002-0-city] Route planned: Target = 148 Mode = defense city-free reachable tiles = 264 Fallback-Tiles = 267
2026-06-02 00:43:03 [self-0002-0-city] Priority agent: edge reuse -9000 base = 214802 final = 205802
2026-06-02 00:43:03 [self-0002-0-city] Move #213: 167 -> 148 | Army: 2 | Target-Terrain: 1 | Target: 148 | Half: False
2026-06-02 00:43:04 [self-0002-0-city] My general index: 169
2026-06-02 00:43:04 [self-0002-0-city] Enemy general index: None
2026-06-02 00:43:04 [self-0002-0-city] Visible enemy tiles: 6
2026-06-02 00:43:04 [self-0002-0-city] Tiles: 19 / 62
2026-06-02 00:43:04 [self-0002-0-city] Map: 19 x 19 Turn: 251
2026-06-02 00:43:04 [self-0002-0-city] Route planned: Target = 148 Mode = defense city-free reachable tiles = 264 Fallback-Tiles = 267
2026-06-02 00:43:04 [self-0002-0-city] Move #214: 165 -> 146 | Army: 15 | Target-Terrain: 0 | Target: 148 | Half: False
2026-06-02 00:43:04 [self-0002-0-city] My general index: 169
2026-06-02 00:43:04 [self-0002-0-city] Enemy general index: None
2026-06-02 00:43:04 [self-0002-0-city] Visible enemy tiles: 7
2026-06-02 00:43:04 [self-0002-0-city] Tiles: 20 / 62
2026-06-02 00:43:04 [self-0002-0-city] Map: 19 x 19 Turn: 252
2026-06-02 00:43:04 [self-0002-0-city] Route planned: Target = 148 Mode = defense city-free reachable tiles = 264 Fallback-Tiles = 267
2026-06-02 00:43:04 [self-0002-0-city] Priority agent: flow +6000 base = 179722 final = 185722
2026-06-02 00:43:04 [self-0002-0-city] Move #215: 146 -> 147 | Army: 12 | Target-Terrain: 0 | Target: 148 | Half: False
2026-06-02 00:43:05 [self-0002-0-city] My general index: 169
2026-06-02 00:43:05 [self-0002-0-city] Enemy general index: None
2026-06-02 00:43:05 [self-0002-0-city] Visible enemy tiles: 6
2026-06-02 00:43:05 [self-0002-0-city] Tiles: 21 / 61
2026-06-02 00:43:05 [self-0002-0-city] Map: 19 x 19 Turn: 253
2026-06-02 00:43:05 [self-0002-0-city] Route planned: Target = 148 Mode = defense city-free reachable tiles = 264 Fallback-Tiles = 267
2026-06-02 00:43:05 [self-0002-0-city] Priority agent: flow +6000 base = 230159 final = 236159
2026-06-02 00:43:05 [self-0002-0-city] Move #216: 147 -> 148 | Army: 9 | Target-Terrain: 1 | Target: 148 | Half: False
2026-06-02 00:43:05 [self-0002-0-city] My general index: 169
2026-06-02 00:43:05 [self-0002-0-city] Enemy general index: None
2026-06-02 00:43:05 [self-0002-0-city] Visible enemy tiles: 7
2026-06-02 00:43:05 [self-0002-0-city] Tiles: 20 / 62
2026-06-02 00:43:05 [self-0002-0-city] Map: 19 x 19 Turn: 254
2026-06-02 00:43:05 [self-0002-0-city] Route planned: Target = 148 Mode = defense city-free reachable tiles = 264 Fallback-Tiles = 267
2026-06-02 00:43:05 [self-0002-0-city] Move #217: 168 -> 167 | Army: 2 | Target-Terrain: 1 | Target: 148 | Half: False
2026-06-02 00:43:06 [self-0002-0-city] My general index: 169
2026-06-02 00:43:06 [self-0002-0-city] Enemy general index: None
2026-06-02 00:43:06 [self-0002-0-city] Visible enemy tiles: 7
2026-06-02 00:43:06 [self-0002-0-city] Tiles: 20 / 62
2026-06-02 00:43:06 [self-0002-0-city] Map: 19 x 19 Turn: 255
2026-06-02 00:43:06 [self-0002-0-city] Route planned: Target = 148 Mode = defense city-free reachable tiles = 264 Fallback-Tiles = 267
2026-06-02 00:43:06 [self-0002-0-city] Priority agent: edge reuse -9000, flow +6000 base = 227952 final = 224952
2026-06-02 00:43:06 [self-0002-0-city] Move #218: 167 -> 148 | Army: 2 | Target-Terrain: 1 | Target: 148 | Half: False
2026-06-02 00:43:06 [self-0002-0-city] My general index: 169
2026-06-02 00:43:06 [self-0002-0-city] Enemy general index: None
2026-06-02 00:43:06 [self-0002-0-city] Visible enemy tiles: 7
2026-06-02 00:43:06 [self-0002-0-city] Tiles: 20 / 62
2026-06-02 00:43:06 [self-0002-0-city] Map: 19 x 19 Turn: 256
2026-06-02 00:43:06 [self-0002-0-city] Route planned: Target = 148 Mode = defense city-free reachable tiles = 264 Fallback-Tiles = 267
2026-06-02 00:43:06 [self-0002-0-city] Priority agent: edge reuse -54000 base = 213924 final = 159924
2026-06-02 00:43:06 [self-0002-0-city] Move #219: 149 -> 148 | Army: 74 | Target-Terrain: 1 | Target: 148 | Half: False
2026-06-02 00:43:07 [self-0002-0-city] My general index: 169
2026-06-02 00:43:07 [self-0002-0-city] Enemy general index: None
2026-06-02 00:43:07 [self-0002-0-city] Visible enemy tiles: 6
2026-06-02 00:43:07 [self-0002-0-city] Tiles: 19 / 63
2026-06-02 00:43:07 [self-0002-0-city] Map: 19 x 19 Turn: 257
2026-06-02 00:43:07 [self-0002-0-city] Route planned: Target = 149 Mode = defense city-free reachable tiles = 264 Fallback-Tiles = 267
2026-06-02 00:43:07 [self-0002-0-city] Move #220: 169 -> 150 | Army: 61 | Target-Terrain: -1 | Target: 149 | Half: True
2026-06-02 00:43:07 [self-0002-0-city] My general index: 169
2026-06-02 00:43:07 [self-0002-0-city] Enemy general index: None
2026-06-02 00:43:07 [self-0002-0-city] Visible enemy tiles: 6
2026-06-02 00:43:07 [self-0002-0-city] Tiles: 19 / 63
2026-06-02 00:43:07 [self-0002-0-city] Map: 19 x 19 Turn: 258
2026-06-02 00:43:07 [self-0002-0-city] Route planned: Target = 149 Mode = defense city-free reachable tiles = 264 Fallback-Tiles = 267
2026-06-02 00:43:07 [self-0002-0-city] Priority agent: edge reuse -45000 base = 195830 final = 150830
2026-06-02 00:43:07 [self-0002-0-city] Move #221: 148 -> 149 | Army: 85 | Target-Terrain: 1 | Target: 149 | Half: False
2026-06-02 00:43:08 [self-0002-0-city] My general index: 169
2026-06-02 00:43:08 [self-0002-0-city] Enemy general index: None
2026-06-02 00:43:08 [self-0002-0-city] Visible enemy tiles: 6
2026-06-02 00:43:08 [self-0002-0-city] Tiles: 19 / 63
2026-06-02 00:43:08 [self-0002-0-city] Map: 19 x 19 Turn: 259
2026-06-02 00:43:08 [self-0002-0-city] Route planned: Target = 148 Mode = defense city-free reachable tiles = 264 Fallback-Tiles = 267
2026-06-02 00:43:08 [self-0002-0-city] Move #222: 187 -> 168 | Army: 2 | Target-Terrain: 1 | Target: 148 | Half: False
2026-06-02 00:43:08 [self-0002-0-city] My general index: 169
2026-06-02 00:43:08 [self-0002-0-city] Enemy general index: None
2026-06-02 00:43:08 [self-0002-0-city] Visible enemy tiles: 6
2026-06-02 00:43:08 [self-0002-0-city] Tiles: 19 / 63
2026-06-02 00:43:08 [self-0002-0-city] Map: 19 x 19 Turn: 260
2026-06-02 00:43:08 [self-0002-0-city] Route planned: Target = 148 Mode = defense city-free reachable tiles = 264 Fallback-Tiles = 267
2026-06-02 00:43:08 [self-0002-0-city] Priority agent: edge reuse -36000 base = 193930 final = 157930
2026-06-02 00:43:08 [self-0002-0-city] Move #223: 149 -> 148 | Army: 85 | Target-Terrain: 1 | Target: 148 | Half: False
2026-06-02 00:43:09 [self-0002-0-city] My general index: 169
2026-06-02 00:43:09 [self-0002-0-city] Enemy general index: None
2026-06-02 00:43:09 [self-0002-0-city] Visible enemy tiles: 6
2026-06-02 00:43:09 [self-0002-0-city] Tiles: 19 / 63
2026-06-02 00:43:09 [self-0002-0-city] Map: 19 x 19 Turn: 261
2026-06-02 00:43:09 [self-0002-0-city] Route planned: Target = 149 Mode = defense city-free reachable tiles = 264 Fallback-Tiles = 267
2026-06-02 00:43:09 [self-0002-0-city] Move #224: 168 -> 149 | Army: 2 | Target-Terrain: 1 | Target: 149 | Half: False
2026-06-02 00:43:09 [self-0002-0-city] My general index: 169
2026-06-02 00:43:09 [self-0002-0-city] Enemy general index: None
2026-06-02 00:43:09 [self-0002-0-city] Visible enemy tiles: 6
2026-06-02 00:43:09 [self-0002-0-city] Tiles: 19 / 63
2026-06-02 00:43:09 [self-0002-0-city] Map: 19 x 19 Turn: 262
2026-06-02 00:43:09 [self-0002-0-city] Route planned: Target = 149 Mode = defense city-free reachable tiles = 264 Fallback-Tiles = 267
2026-06-02 00:43:09 [self-0002-0-city] Priority agent: edge reuse -27000 base = 195830 final = 168830
2026-06-02 00:43:09 [self-0002-0-city] Move #225: 148 -> 149 | Army: 85 | Target-Terrain: 1 | Target: 149 | Half: False
2026-06-02 00:43:10 [self-0002-0-city] My general index: 169
2026-06-02 00:43:10 [self-0002-0-city] Enemy general index: None
2026-06-02 00:43:10 [self-0002-0-city] Visible enemy tiles: 4
2026-06-02 00:43:10 [self-0002-0-city] Tiles: 18 / 64
2026-06-02 00:43:10 [self-0002-0-city] Map: 19 x 19 Turn: 263
2026-06-02 00:43:10 [self-0002-0-city] Route planned: Target = 148 Mode = defense city-free reachable tiles = 264 Fallback-Tiles = 267
2026-06-02 00:43:10 [self-0002-0-city] Move #226: 170 -> 169 | Army: 2 | Target-Terrain: 1 | Target: 148 | Half: False
2026-06-02 00:43:10 [self-0002-0-city] My general index: 169
2026-06-02 00:43:10 [self-0002-0-city] Enemy general index: None
2026-06-02 00:43:10 [self-0002-0-city] Visible enemy tiles: 4
2026-06-02 00:43:10 [self-0002-0-city] Tiles: 18 / 64
2026-06-02 00:43:10 [self-0002-0-city] Map: 19 x 19 Turn: 264
2026-06-02 00:43:10 [self-0002-0-city] Route planned: Target = 148 Mode = defense city-free reachable tiles = 264 Fallback-Tiles = 267
2026-06-02 00:43:10 [self-0002-0-city] Priority agent: edge reuse -36000 base = 193930 final = 157930
2026-06-02 00:43:10 [self-0002-0-city] Move #227: 149 -> 148 | Army: 86 | Target-Terrain: 1 | Target: 148 | Half: False
2026-06-02 00:43:11 [self-0002-0-city] My general index: 169
2026-06-02 00:43:11 [self-0002-0-city] Enemy general index: None
2026-06-02 00:43:11 [self-0002-0-city] Visible enemy tiles: 4
2026-06-02 00:43:11 [self-0002-0-city] Tiles: 18 / 64
2026-06-02 00:43:11 [self-0002-0-city] Map: 19 x 19 Turn: 265
2026-06-02 00:43:11 [self-0002-0-city] Route planned: Target = 149 Mode = defense city-free reachable tiles = 264 Fallback-Tiles = 267
2026-06-02 00:43:11 [self-0002-0-city] Move #228: 188 -> 169 | Army: 2 | Target-Terrain: 1 | Target: 149 | Half: False
2026-06-02 00:43:11 [self-0002-0-city] My general index: 169
2026-06-02 00:43:11 [self-0002-0-city] Enemy general index: None
2026-06-02 00:43:11 [self-0002-0-city] Visible enemy tiles: 4
2026-06-02 00:43:11 [self-0002-0-city] Tiles: 18 / 64
2026-06-02 00:43:11 [self-0002-0-city] Map: 19 x 19 Turn: 266
2026-06-02 00:43:11 [self-0002-0-city] Route planned: Target = 149 Mode = defense city-free reachable tiles = 264 Fallback-Tiles = 267
2026-06-02 00:43:11 [self-0002-0-city] Priority agent: edge reuse -45000 base = 195830 final = 150830
2026-06-02 00:43:11 [self-0002-0-city] Move #229: 148 -> 149 | Army: 86 | Target-Terrain: 1 | Target: 149 | Half: False
2026-06-02 00:43:12 [self-0002-0-city] My general index: 169
2026-06-02 00:43:12 [self-0002-0-city] Enemy general index: None
2026-06-02 00:43:12 [self-0002-0-city] Visible enemy tiles: 4
2026-06-02 00:43:12 [self-0002-0-city] Tiles: 18 / 64
2026-06-02 00:43:12 [self-0002-0-city] Map: 19 x 19 Turn: 267
2026-06-02 00:43:12 [self-0002-0-city] Route planned: Target = 148 Mode = defense city-free reachable tiles = 264 Fallback-Tiles = 267
2026-06-02 00:43:12 [self-0002-0-city] Move #230: 189 -> 170 | Army: 2 | Target-Terrain: 1 | Target: 148 | Half: False
2026-06-02 00:43:12 [self-0002-0-city] My general index: 169
2026-06-02 00:43:12 [self-0002-0-city] Enemy general index: None
2026-06-02 00:43:12 [self-0002-0-city] Visible enemy tiles: 4
2026-06-02 00:43:12 [self-0002-0-city] Tiles: 18 / 64
2026-06-02 00:43:12 [self-0002-0-city] Map: 19 x 19 Turn: 268
2026-06-02 00:43:12 [self-0002-0-city] Route planned: Target = 148 Mode = defense city-free reachable tiles = 264 Fallback-Tiles = 267
2026-06-02 00:43:12 [self-0002-0-city] Priority agent: edge reuse -54000 base = 193930 final = 139930
2026-06-02 00:43:12 [self-0002-0-city] Move #231: 149 -> 148 | Army: 86 | Target-Terrain: 1 | Target: 148 | Half: False
2026-06-02 00:43:13 [self-0002-0-city] My general index: 169
2026-06-02 00:43:13 [self-0002-0-city] Enemy general index: None
2026-06-02 00:43:13 [self-0002-0-city] Visible enemy tiles: 4
2026-06-02 00:43:13 [self-0002-0-city] Tiles: 18 / 64
2026-06-02 00:43:13 [self-0002-0-city] Map: 19 x 19 Turn: 269
2026-06-02 00:43:13 [self-0002-0-city] Route planned: Target = 149 Mode = defense city-free reachable tiles = 264 Fallback-Tiles = 267
2026-06-02 00:43:13 [self-0002-0-city] Move #232: 225 -> 206 | Army: 2 | Target-Terrain: 1 | Target: 149 | Half: False
2026-06-02 00:43:13 [self-0002-0-city] My general index: 169
2026-06-02 00:43:13 [self-0002-0-city] Enemy general index: None
2026-06-02 00:43:13 [self-0002-0-city] Visible enemy tiles: 4
2026-06-02 00:43:13 [self-0002-0-city] Tiles: 18 / 64
2026-06-02 00:43:13 [self-0002-0-city] Map: 19 x 19 Turn: 270
2026-06-02 00:43:13 [self-0002-0-city] Route planned: Target = 149 Mode = defense city-free reachable tiles = 264 Fallback-Tiles = 267
2026-06-02 00:43:13 [self-0002-0-city] Priority agent: flow +6000 base = 137173 final = 143173
2026-06-02 00:43:13 [self-0002-0-city] Move #233: 206 -> 187 | Army: 3 | Target-Terrain: 1 | Target: 149 | Half: False
2026-06-02 00:43:14 [self-0002-0-city] My general index: 169
2026-06-02 00:43:14 [self-0002-0-city] Enemy general index: None
2026-06-02 00:43:14 [self-0002-0-city] Visible enemy tiles: 4
2026-06-02 00:43:14 [self-0002-0-city] Tiles: 18 / 64
2026-06-02 00:43:14 [self-0002-0-city] Map: 19 x 19 Turn: 271
2026-06-02 00:43:14 [self-0002-0-city] Route planned: Target = 149 Mode = defense city-free reachable tiles = 264 Fallback-Tiles = 267
2026-06-02 00:43:14 [self-0002-0-city] Priority agent: edge reuse -54000 base = 195830 final = 141830
2026-06-02 00:43:14 [self-0002-0-city] Move #234: 148 -> 149 | Army: 86 | Target-Terrain: 1 | Target: 149 | Half: False
2026-06-02 00:43:14 [self-0002-0-city] My general index: 169
2026-06-02 00:43:14 [self-0002-0-city] Enemy general index: None
2026-06-02 00:43:14 [self-0002-0-city] Visible enemy tiles: 4
2026-06-02 00:43:14 [self-0002-0-city] Tiles: 18 / 64
2026-06-02 00:43:14 [self-0002-0-city] Map: 19 x 19 Turn: 272
2026-06-02 00:43:14 [self-0002-0-city] Route planned: Target = 148 Mode = defense city-free reachable tiles = 264 Fallback-Tiles = 267
2026-06-02 00:43:14 [self-0002-0-city] Priority agent: edge reuse -9000 base = 139273 final = 130273
2026-06-02 00:43:14 [self-0002-0-city] Move #235: 187 -> 168 | Army: 3 | Target-Terrain: 1 | Target: 148 | Half: False
2026-06-02 00:43:15 [self-0002-0-city] My general index: 169
2026-06-02 00:43:15 [self-0002-0-city] Enemy general index: None
2026-06-02 00:43:15 [self-0002-0-city] Visible enemy tiles: 4
2026-06-02 00:43:15 [self-0002-0-city] Tiles: 18 / 64
2026-06-02 00:43:15 [self-0002-0-city] Map: 19 x 19 Turn: 273
2026-06-02 00:43:15 [self-0002-0-city] Route planned: Target = 148 Mode = defense city-free reachable tiles = 264 Fallback-Tiles = 267
2026-06-02 00:43:15 [self-0002-0-city] Priority agent: flow +6000 base = 141563 final = 147563
2026-06-02 00:43:15 [self-0002-0-city] Move #236: 168 -> 167 | Army: 3 | Target-Terrain: 1 | Target: 148 | Half: False
2026-06-02 00:43:15 [self-0002-0-city] My general index: 169
2026-06-02 00:43:15 [self-0002-0-city] Enemy general index: None
2026-06-02 00:43:15 [self-0002-0-city] Visible enemy tiles: 4
2026-06-02 00:43:15 [self-0002-0-city] Tiles: 18 / 64
2026-06-02 00:43:15 [self-0002-0-city] Map: 19 x 19 Turn: 274
2026-06-02 00:43:15 [self-0002-0-city] Route planned: Target = 148 Mode = defense city-free reachable tiles = 264 Fallback-Tiles = 267
2026-06-02 00:43:15 [self-0002-0-city] Priority agent: flow +6000 base = 230153 final = 236153
2026-06-02 00:43:15 [self-0002-0-city] Move #237: 167 -> 148 | Army: 3 | Target-Terrain: 1 | Target: 148 | Half: False
2026-06-02 00:43:16 [self-0002-0-city] My general index: 169
2026-06-02 00:43:16 [self-0002-0-city] Enemy general index: None
2026-06-02 00:43:16 [self-0002-0-city] Visible enemy tiles: 4
2026-06-02 00:43:16 [self-0002-0-city] Tiles: 18 / 64
2026-06-02 00:43:16 [self-0002-0-city] Map: 19 x 19 Turn: 275
2026-06-02 00:43:16 [self-0002-0-city] Route planned: Target = 148 Mode = defense city-free reachable tiles = 264 Fallback-Tiles = 267
2026-06-02 00:43:16 [self-0002-0-city] Priority agent: edge reuse -45000 base = 193930 final = 148930
2026-06-02 00:43:16 [self-0002-0-city] Move #238: 149 -> 148 | Army: 86 | Target-Terrain: 1 | Target: 148 | Half: False
2026-06-02 00:43:16 [self-0002-0-city] My general index: 169
2026-06-02 00:43:16 [self-0002-0-city] Enemy general index: None
2026-06-02 00:43:16 [self-0002-0-city] Visible enemy tiles: 4
2026-06-02 00:43:16 [self-0002-0-city] Tiles: 18 / 64
2026-06-02 00:43:16 [self-0002-0-city] Map: 19 x 19 Turn: 276
2026-06-02 00:43:16 [self-0002-0-city] Route planned: Target = 149 Mode = defense city-free reachable tiles = 264 Fallback-Tiles = 267
2026-06-02 00:43:16 [self-0002-0-city] Move #239: 224 -> 205 | Army: 2 | Target-Terrain: 1 | Target: 149 | Half: False
2026-06-02 00:43:17 [self-0002-0-city] My general index: 169
2026-06-02 00:43:17 [self-0002-0-city] Enemy general index: None
2026-06-02 00:43:17 [self-0002-0-city] Visible enemy tiles: 4
2026-06-02 00:43:17 [self-0002-0-city] Tiles: 18 / 64
2026-06-02 00:43:17 [self-0002-0-city] Map: 19 x 19 Turn: 277
2026-06-02 00:43:17 [self-0002-0-city] Route planned: Target = 149 Mode = defense city-free reachable tiles = 264 Fallback-Tiles = 267
2026-06-02 00:43:17 [self-0002-0-city] Priority agent: edge reuse -45000 base = 195830 final = 150830
2026-06-02 00:43:17 [self-0002-0-city] Move #240: 148 -> 149 | Army: 88 | Target-Terrain: 1 | Target: 149 | Half: False
2026-06-02 00:43:17 [self-0002-0-city] My general index: 169
2026-06-02 00:43:17 [self-0002-0-city] Enemy general index: None
2026-06-02 00:43:17 [self-0002-0-city] Visible enemy tiles: 4
2026-06-02 00:43:17 [self-0002-0-city] Tiles: 18 / 64
2026-06-02 00:43:17 [self-0002-0-city] Map: 19 x 19 Turn: 278
2026-06-02 00:43:17 [self-0002-0-city] Route planned: Target = 185 Mode = defense city-free reachable tiles = 264 Fallback-Tiles = 267
2026-06-02 00:43:17 [self-0002-0-city] Move #241: 204 -> 185 | Army: 2 | Target-Terrain: 1 | Target: 185 | Half: False
2026-06-02 00:43:18 [self-0002-0-city] My general index: 169
2026-06-02 00:43:18 [self-0002-0-city] Enemy general index: None
2026-06-02 00:43:18 [self-0002-0-city] Visible enemy tiles: 4
2026-06-02 00:43:18 [self-0002-0-city] Tiles: 18 / 64
2026-06-02 00:43:18 [self-0002-0-city] Map: 19 x 19 Turn: 279
2026-06-02 00:43:18 [self-0002-0-city] Route planned: Target = 185 Mode = defense city-free reachable tiles = 264 Fallback-Tiles = 267
2026-06-02 00:43:18 [self-0002-0-city] Move #242: 205 -> 204 | Army: 3 | Target-Terrain: 1 | Target: 185 | Half: False
2026-06-02 00:43:18 [self-0002-0-city] My general index: 169
2026-06-02 00:43:18 [self-0002-0-city] Enemy general index: None
2026-06-02 00:43:18 [self-0002-0-city] Visible enemy tiles: 4
2026-06-02 00:43:18 [self-0002-0-city] Tiles: 18 / 64
2026-06-02 00:43:18 [self-0002-0-city] Map: 19 x 19 Turn: 280
2026-06-02 00:43:18 [self-0002-0-city] Route planned: Target = 185 Mode = defense city-free reachable tiles = 264 Fallback-Tiles = 267
2026-06-02 00:43:18 [self-0002-0-city] Priority agent: edge reuse -9000, flow +6000 base = 250553 final = 247553
2026-06-02 00:43:18 [self-0002-0-city] Move #243: 204 -> 185 | Army: 3 | Target-Terrain: 1 | Target: 185 | Half: False
2026-06-02 00:43:19 [self-0002-0-city] My general index: 169
2026-06-02 00:43:19 [self-0002-0-city] Enemy general index: None
2026-06-02 00:43:19 [self-0002-0-city] Visible enemy tiles: 4
2026-06-02 00:43:19 [self-0002-0-city] Tiles: 18 / 64
2026-06-02 00:43:19 [self-0002-0-city] Map: 19 x 19 Turn: 281
2026-06-02 00:43:19 [self-0002-0-city] Route planned: Target = 185 Mode = defense city-free reachable tiles = 264 Fallback-Tiles = 267
2026-06-02 00:43:19 [self-0002-0-city] Move #244: 223 -> 204 | Army: 2 | Target-Terrain: 1 | Target: 185 | Half: False
2026-06-02 00:43:19 [self-0002-0-city] My general index: 169
2026-06-02 00:43:19 [self-0002-0-city] Enemy general index: None
2026-06-02 00:43:19 [self-0002-0-city] Visible enemy tiles: 4
2026-06-02 00:43:19 [self-0002-0-city] Tiles: 18 / 64
2026-06-02 00:43:19 [self-0002-0-city] Map: 19 x 19 Turn: 282
2026-06-02 00:43:19 [self-0002-0-city] Route planned: Target = 185 Mode = defense city-free reachable tiles = 264 Fallback-Tiles = 267
2026-06-02 00:43:19 [self-0002-0-city] Priority agent: edge reuse -18000, flow +6000 base = 221352 final = 209352
2026-06-02 00:43:19 [self-0002-0-city] Move #245: 204 -> 185 | Army: 2 | Target-Terrain: 1 | Target: 185 | Half: False
2026-06-02 00:43:20 [self-0002-0-city] My general index: 169
2026-06-02 00:43:20 [self-0002-0-city] Enemy general index: None
2026-06-02 00:43:20 [self-0002-0-city] Visible enemy tiles: 4
2026-06-02 00:43:20 [self-0002-0-city] Tiles: 18 / 64
2026-06-02 00:43:20 [self-0002-0-city] Map: 19 x 19 Turn: 283
2026-06-02 00:43:20 [self-0002-0-city] Route planned: Target = 185 Mode = defense city-free reachable tiles = 264 Fallback-Tiles = 267
2026-06-02 00:43:20 [self-0002-0-city] Move #246: 149 -> 150 | Army: 88 | Target-Terrain: -1 | Target: 185 | Half: False
2026-06-02 00:43:20 [self-0002-0-city] My general index: 169
2026-06-02 00:43:20 [self-0002-0-city] Enemy general index: None
2026-06-02 00:43:20 [self-0002-0-city] Visible enemy tiles: 4
2026-06-02 00:43:20 [self-0002-0-city] Tiles: 19 / 64
2026-06-02 00:43:20 [self-0002-0-city] Map: 19 x 19 Turn: 284
2026-06-02 00:43:20 [self-0002-0-city] Route planned: Target = 185 Mode = defense city-free reachable tiles = 264 Fallback-Tiles = 267
2026-06-02 00:43:20 [self-0002-0-city] Move #247: 170 -> 169 | Army: 2 | Target-Terrain: 1 | Target: 185 | Half: False
2026-06-02 00:43:21 [self-0002-0-city] My general index: 169
2026-06-02 00:43:21 [self-0002-0-city] Enemy general index: None
2026-06-02 00:43:21 [self-0002-0-city] Visible enemy tiles: 4
2026-06-02 00:43:21 [self-0002-0-city] Tiles: 19 / 64
2026-06-02 00:43:21 [self-0002-0-city] Map: 19 x 19 Turn: 285
2026-06-02 00:43:21 [self-0002-0-city] Route planned: Target = 185 Mode = defense city-free reachable tiles = 264 Fallback-Tiles = 267
2026-06-02 00:43:21 [self-0002-0-city] Move #248: 151 -> 170 | Army: 3 | Target-Terrain: 1 | Target: 185 | Half: False
2026-06-02 00:43:21 [self-0002-0-city] My general index: 169
2026-06-02 00:43:21 [self-0002-0-city] Enemy general index: None
2026-06-02 00:43:21 [self-0002-0-city] Visible enemy tiles: 4
2026-06-02 00:43:21 [self-0002-0-city] Tiles: 19 / 64
2026-06-02 00:43:21 [self-0002-0-city] Map: 19 x 19 Turn: 286
2026-06-02 00:43:21 [self-0002-0-city] Route planned: Target = 185 Mode = defense city-free reachable tiles = 264 Fallback-Tiles = 267
2026-06-02 00:43:21 [self-0002-0-city] Move #249: 185 -> 184 | Army: 6 | Target-Terrain: 0 | Target: 185 | Half: False
2026-06-02 00:43:22 [self-0002-0-city] My general index: 169
2026-06-02 00:43:22 [self-0002-0-city] Enemy general index: None
2026-06-02 00:43:22 [self-0002-0-city] Visible enemy tiles: 6
2026-06-02 00:43:22 [self-0002-0-city] Tiles: 20 / 63
2026-06-02 00:43:22 [self-0002-0-city] Map: 19 x 19 Turn: 287
2026-06-02 00:43:22 [self-0002-0-city] Route planned: Target = 185 Mode = defense city-free reachable tiles = 264 Fallback-Tiles = 267
2026-06-02 00:43:22 [self-0002-0-city] Priority agent: reverse -35000, edge reuse -9000 base = 216352 final = 172352
2026-06-02 00:43:22 [self-0002-0-city] Move #250: 184 -> 185 | Army: 2 | Target-Terrain: 1 | Target: 185 | Half: False
2026-06-02 00:43:22 [self-0002-0-city] My general index: 169
2026-06-02 00:43:22 [self-0002-0-city] Enemy general index: None
2026-06-02 00:43:22 [self-0002-0-city] Visible enemy tiles: 4
2026-06-02 00:43:22 [self-0002-0-city] Tiles: 19 / 64
2026-06-02 00:43:22 [self-0002-0-city] Map: 19 x 19 Turn: 288
2026-06-02 00:43:22 [self-0002-0-city] Route planned: Target = 185 Mode = defense city-free reachable tiles = 264 Fallback-Tiles = 267
2026-06-02 00:43:22 [self-0002-0-city] Move #251: 150 -> 169 | Army: 72 | Target-Terrain: 1 | Target: 185 | Half: False
2026-06-02 00:43:23 [self-0002-0-city] My general index: 169
2026-06-02 00:43:23 [self-0002-0-city] Enemy general index: None
2026-06-02 00:43:23 [self-0002-0-city] Visible enemy tiles: 4
2026-06-02 00:43:23 [self-0002-0-city] Tiles: 19 / 64
2026-06-02 00:43:23 [self-0002-0-city] Map: 19 x 19 Turn: 289
2026-06-02 00:43:23 [self-0002-0-city] Route planned: Target = 185 Mode = defense city-free reachable tiles = 264 Fallback-Tiles = 267
2026-06-02 00:43:23 [self-0002-0-city] Priority agent: fresh target pullback -12000, flow +6000 base = 36880 final = 30880
2026-06-02 00:43:23 [self-0002-0-city] Move #252: 169 -> 168 | Army: 121 | Target-Terrain: 1 | Target: 185 | Half: True
2026-06-02 00:43:23 [self-0002-0-city] My general index: 169
2026-06-02 00:43:23 [self-0002-0-city] Enemy general index: None
2026-06-02 00:43:23 [self-0002-0-city] Visible enemy tiles: 4
2026-06-02 00:43:23 [self-0002-0-city] Tiles: 19 / 64
2026-06-02 00:43:23 [self-0002-0-city] Map: 19 x 19 Turn: 290
2026-06-02 00:43:23 [self-0002-0-city] Route planned: Target = 185 Mode = defense city-free reachable tiles = 264 Fallback-Tiles = 267
2026-06-02 00:43:23 [self-0002-0-city] Move #253: 170 -> 189 | Army: 3 | Target-Terrain: 1 | Target: 185 | Half: False
2026-06-02 00:43:24 [self-0002-0-city] My general index: 169
2026-06-02 00:43:24 [self-0002-0-city] Enemy general index: None
2026-06-02 00:43:24 [self-0002-0-city] Visible enemy tiles: 4
2026-06-02 00:43:24 [self-0002-0-city] Tiles: 19 / 64
2026-06-02 00:43:24 [self-0002-0-city] Map: 19 x 19 Turn: 291
2026-06-02 00:43:24 [self-0002-0-city] Route planned: Target = 185 Mode = defense city-free reachable tiles = 264 Fallback-Tiles = 267
2026-06-02 00:43:24 [self-0002-0-city] Priority agent: fresh target pullback -12000, flow +6000 base = 36803 final = 30803
2026-06-02 00:43:24 [self-0002-0-city] Move #254: 189 -> 188 | Army: 3 | Target-Terrain: 1 | Target: 185 | Half: False
2026-06-02 00:43:24 [self-0002-0-city] My general index: 169
2026-06-02 00:43:24 [self-0002-0-city] Enemy general index: None
2026-06-02 00:43:24 [self-0002-0-city] Visible enemy tiles: 4
2026-06-02 00:43:24 [self-0002-0-city] Tiles: 19 / 64
2026-06-02 00:43:24 [self-0002-0-city] Map: 19 x 19 Turn: 292
2026-06-02 00:43:24 [self-0002-0-city] Route planned: Target = 185 Mode = defense city-free reachable tiles = 264 Fallback-Tiles = 267
2026-06-02 00:43:24 [self-0002-0-city] Priority agent: fresh target pullback -12000, flow +6000 base = 36893 final = 30893
2026-06-02 00:43:24 [self-0002-0-city] Move #255: 188 -> 187 | Army: 3 | Target-Terrain: 1 | Target: 185 | Half: False
2026-06-02 00:43:25 [self-0002-0-city] My general index: 169
2026-06-02 00:43:25 [self-0002-0-city] Enemy general index: None
2026-06-02 00:43:25 [self-0002-0-city] Visible enemy tiles: 4
2026-06-02 00:43:25 [self-0002-0-city] Tiles: 19 / 64
2026-06-02 00:43:25 [self-0002-0-city] Map: 19 x 19 Turn: 293
2026-06-02 00:43:25 [self-0002-0-city] Route planned: Target = 185 Mode = defense city-free reachable tiles = 264 Fallback-Tiles = 267
2026-06-02 00:43:25 [self-0002-0-city] Priority agent: fresh target pullback -12000, flow +6000 base = 32683 final = 26683
2026-06-02 00:43:25 [self-0002-0-city] Move #256: 187 -> 206 | Army: 3 | Target-Terrain: 1 | Target: 185 | Half: False
2026-06-02 00:43:25 [self-0002-0-city] My general index: 169
2026-06-02 00:43:25 [self-0002-0-city] Enemy general index: None
2026-06-02 00:43:25 [self-0002-0-city] Visible enemy tiles: 4
2026-06-02 00:43:25 [self-0002-0-city] Tiles: 19 / 64
2026-06-02 00:43:25 [self-0002-0-city] Map: 19 x 19 Turn: 294
2026-06-02 00:43:25 [self-0002-0-city] Route planned: Target = 185 Mode = defense city-free reachable tiles = 264 Fallback-Tiles = 267
2026-06-02 00:43:25 [self-0002-0-city] Priority agent: flow +6000 base = 141473 final = 147473
2026-06-02 00:43:25 [self-0002-0-city] Move #257: 206 -> 205 | Army: 3 | Target-Terrain: 1 | Target: 185 | Half: False
2026-06-02 00:43:26 [self-0002-0-city] My general index: 169
2026-06-02 00:43:26 [self-0002-0-city] Enemy general index: None
2026-06-02 00:43:26 [self-0002-0-city] Visible enemy tiles: 4
2026-06-02 00:43:26 [self-0002-0-city] Tiles: 19 / 64
2026-06-02 00:43:26 [self-0002-0-city] Map: 19 x 19 Turn: 295
2026-06-02 00:43:26 [self-0002-0-city] Route planned: Target = 185 Mode = defense city-free reachable tiles = 264 Fallback-Tiles = 267
2026-06-02 00:43:26 [self-0002-0-city] Priority agent: flow +6000 base = 141563 final = 147563
2026-06-02 00:43:26 [self-0002-0-city] Move #258: 205 -> 204 | Army: 3 | Target-Terrain: 1 | Target: 185 | Half: False
2026-06-02 00:43:26 [self-0002-0-city] My general index: 169
2026-06-02 00:43:26 [self-0002-0-city] Enemy general index: None
2026-06-02 00:43:26 [self-0002-0-city] Visible enemy tiles: 4
2026-06-02 00:43:26 [self-0002-0-city] Tiles: 19 / 64
2026-06-02 00:43:26 [self-0002-0-city] Map: 19 x 19 Turn: 296
2026-06-02 00:43:26 [self-0002-0-city] Route planned: Target = 185 Mode = defense city-free reachable tiles = 264 Fallback-Tiles = 267
2026-06-02 00:43:26 [self-0002-0-city] Priority agent: edge reuse -9000, flow +6000 base = 238553 final = 235553
2026-06-02 00:43:26 [self-0002-0-city] Move #259: 204 -> 185 | Army: 3 | Target-Terrain: 1 | Target: 185 | Half: False
2026-06-02 00:43:27 [self-0002-0-city] Coach: stabilize tiles 19/64 army 149/289 cities 1/0 enemy_city_suspect False bias {'expansion_bias': 0.1, 'city_bias': 0.8, 'attack_bias': -0.30000000000000004, 'defense_bias': 1.2, 'route_bias': 0.3}
2026-06-02 00:43:27 [self-0002-0-city] My general index: 169
2026-06-02 00:43:27 [self-0002-0-city] Enemy general index: None
2026-06-02 00:43:27 [self-0002-0-city] Visible enemy tiles: 4
2026-06-02 00:43:27 [self-0002-0-city] Tiles: 19 / 64
2026-06-02 00:43:27 [self-0002-0-city] Map: 19 x 19 Turn: 297
2026-06-02 00:43:27 [self-0002-0-city] Route planned: Target = 185 Mode = defense city-free reachable tiles = 264 Fallback-Tiles = 267
2026-06-02 00:43:27 [self-0002-0-city] Move #260: 168 -> 187 | Army: 61 | Target-Terrain: 1 | Target: 185 | Half: False
2026-06-02 00:43:27 [self-0002-0-city] My general index: 169
2026-06-02 00:43:27 [self-0002-0-city] Enemy general index: None
2026-06-02 00:43:27 [self-0002-0-city] Visible enemy tiles: 4
2026-06-02 00:43:27 [self-0002-0-city] Tiles: 19 / 64
2026-06-02 00:43:27 [self-0002-0-city] Map: 19 x 19 Turn: 298
2026-06-02 00:43:27 [self-0002-0-city] Reinforcement waypoint: 184 final target = 184 turns until reinforcement = 2
2026-06-02 00:43:27 [self-0002-0-city] Route planned: Target = 184 Mode = reinforcement_waypoint city-free reachable tiles = 264 Fallback-Tiles = 267
2026-06-02 00:43:27 [self-0002-0-city] Priority agent: edge reuse -9000 base = 39326 final = 30326
2026-06-02 00:43:27 [self-0002-0-city] Move #261: 169 -> 150 | Army: 66 | Target-Terrain: 1 | Target: 184 | Half: True
2026-06-02 00:43:28 [self-0002-0-city] My general index: 169
2026-06-02 00:43:28 [self-0002-0-city] Enemy general index: None
2026-06-02 00:43:28 [self-0002-0-city] Visible enemy tiles: 4
2026-06-02 00:43:28 [self-0002-0-city] Tiles: 19 / 64
2026-06-02 00:43:28 [self-0002-0-city] Map: 19 x 19 Turn: 299
2026-06-02 00:43:28 [self-0002-0-city] Reinforcement waypoint: 184 final target = 184 turns until reinforcement = 1
2026-06-02 00:43:28 [self-0002-0-city] Route planned: Target = 184 Mode = reinforcement_waypoint city-free reachable tiles = 264 Fallback-Tiles = 267
2026-06-02 00:43:28 [self-0002-0-city] Priority agent: fresh target pullback -12000, flow +6000 base = 28339 final = 22339
2026-06-02 00:43:28 [self-0002-0-city] Move #262: 150 -> 149 | Army: 39 | Target-Terrain: 1 | Target: 184 | Half: False
2026-06-02 00:43:28 [self-0002-0-city] My general index: 169
2026-06-02 00:43:28 [self-0002-0-city] Enemy general index: None
2026-06-02 00:43:28 [self-0002-0-city] Visible enemy tiles: 4
2026-06-02 00:43:28 [self-0002-0-city] Tiles: 19 / 64
2026-06-02 00:43:28 [self-0002-0-city] Map: 19 x 19 Turn: 300
2026-06-02 00:43:28 [self-0002-0-city] Route planned: Target = 184 Mode = strategy city-free reachable tiles = 264 Fallback-Tiles = 267
2026-06-02 00:43:28 [self-0002-0-city] Priority agent: fresh target pullback -12000, flow +6000 base = 41130 final = 35130
2026-06-02 00:43:28 [self-0002-0-city] Move #263: 149 -> 148 | Army: 40 | Target-Terrain: 1 | Target: 184 | Half: False
2026-06-02 00:43:29 [self-0002-0-city] My general index: 169
2026-06-02 00:43:29 [self-0002-0-city] Enemy general index: None
2026-06-02 00:43:29 [self-0002-0-city] Visible enemy tiles: 4
2026-06-02 00:43:29 [self-0002-0-city] Tiles: 19 / 65
2026-06-02 00:43:29 [self-0002-0-city] Map: 19 x 19 Turn: 301
2026-06-02 00:43:29 [self-0002-0-city] Route planned: Target = 184 Mode = strategy city-free reachable tiles = 264 Fallback-Tiles = 267
2026-06-02 00:43:29 [self-0002-0-city] Priority agent: fresh target pullback -12000, flow +6000 base = 41221 final = 35221
2026-06-02 00:43:29 [self-0002-0-city] Move #264: 148 -> 147 | Army: 41 | Target-Terrain: 1 | Target: 184 | Half: False
2026-06-02 00:43:29 [self-0002-0-city] My general index: 169
2026-06-02 00:43:29 [self-0002-0-city] Enemy general index: None
2026-06-02 00:43:29 [self-0002-0-city] Visible enemy tiles: 4
2026-06-02 00:43:29 [self-0002-0-city] Tiles: 19 / 65
2026-06-02 00:43:29 [self-0002-0-city] Map: 19 x 19 Turn: 302
2026-06-02 00:43:29 [self-0002-0-city] Route planned: Target = 184 Mode = strategy city-free reachable tiles = 264 Fallback-Tiles = 267
2026-06-02 00:43:29 [self-0002-0-city] Priority agent: flow +6000 base = 73362 final = 79362
2026-06-02 00:43:29 [self-0002-0-city] Move #265: 147 -> 146 | Army: 42 | Target-Terrain: 0 | Target: 184 | Half: False
2026-06-02 00:43:30 [self-0002-0-city] My general index: 169
2026-06-02 00:43:30 [self-0002-0-city] Enemy general index: None
2026-06-02 00:43:30 [self-0002-0-city] Visible enemy tiles: 6
2026-06-02 00:43:30 [self-0002-0-city] Tiles: 20 / 65
2026-06-02 00:43:30 [self-0002-0-city] Map: 19 x 19 Turn: 303
2026-06-02 00:43:30 [self-0002-0-city] Route planned: Target = 164 Mode = strategy city-free reachable tiles = 264 Fallback-Tiles = 267
2026-06-02 00:43:30 [self-0002-0-city] Priority agent: flow +6000 base = 77998 final = 83998
2026-06-02 00:43:30 [self-0002-0-city] Move #266: 146 -> 165 | Army: 38 | Target-Terrain: 0 | Target: 164 | Half: False
2026-06-02 00:43:30 [self-0002-0-city] My general index: 169
2026-06-02 00:43:30 [self-0002-0-city] Enemy general index: None
2026-06-02 00:43:30 [self-0002-0-city] Visible enemy tiles: 6
2026-06-02 00:43:30 [self-0002-0-city] Tiles: 21 / 65
2026-06-02 00:43:30 [self-0002-0-city] Map: 19 x 19 Turn: 304
2026-06-02 00:43:30 [self-0002-0-city] Route planned: Target = 183 Mode = strategy city-free reachable tiles = 264 Fallback-Tiles = 267
2026-06-02 00:43:30 [self-0002-0-city] Priority agent: flow +6000 base = 73394 final = 79394
2026-06-02 00:43:30 [self-0002-0-city] Move #267: 165 -> 184 | Army: 34 | Target-Terrain: 0 | Target: 183 | Half: False
2026-06-02 00:43:31 [self-0002-0-city] My general index: 169
2026-06-02 00:43:31 [self-0002-0-city] Enemy general index: None
2026-06-02 00:43:31 [self-0002-0-city] Visible enemy tiles: 6
2026-06-02 00:43:31 [self-0002-0-city] Tiles: 22 / 65
2026-06-02 00:43:31 [self-0002-0-city] Map: 19 x 19 Turn: 305
2026-06-02 00:43:31 [self-0002-0-city] Route planned: Target = 183 Mode = strategy city-free reachable tiles = 264 Fallback-Tiles = 267
2026-06-02 00:43:31 [self-0002-0-city] Priority agent: flow +6000 base = 74030 final = 80030
2026-06-02 00:43:31 [self-0002-0-city] Move #268: 184 -> 183 | Army: 30 | Target-Terrain: 0 | Target: 183 | Half: False
2026-06-02 00:43:31 [self-0002-0-city] My general index: 169
2026-06-02 00:43:31 [self-0002-0-city] Enemy general index: None
2026-06-02 00:43:31 [self-0002-0-city] Visible enemy tiles: 7
2026-06-02 00:43:31 [self-0002-0-city] Tiles: 23 / 64
2026-06-02 00:43:31 [self-0002-0-city] Map: 19 x 19 Turn: 306
2026-06-02 00:43:31 [self-0002-0-city] Route planned: Target = 182 Mode = strategy city-free reachable tiles = 264 Fallback-Tiles = 267
2026-06-02 00:43:31 [self-0002-0-city] Priority agent: flow +6000 base = 73727 final = 79727
2026-06-02 00:43:31 [self-0002-0-city] Move #269: 183 -> 182 | Army: 27 | Target-Terrain: 0 | Target: 182 | Half: False
2026-06-02 00:43:32 [self-0002-0-city] My general index: 169
2026-06-02 00:43:32 [self-0002-0-city] Enemy general index: None
2026-06-02 00:43:32 [self-0002-0-city] Visible enemy tiles: 9
2026-06-02 00:43:32 [self-0002-0-city] Tiles: 24 / 64
2026-06-02 00:43:32 [self-0002-0-city] Map: 19 x 19 Turn: 307
2026-06-02 00:43:32 [self-0002-0-city] Route planned: Target = 181 Mode = strategy city-free reachable tiles = 264 Fallback-Tiles = 267
2026-06-02 00:43:32 [self-0002-0-city] Priority agent: flow +6000 base = 74024 final = 80024
2026-06-02 00:43:32 [self-0002-0-city] Move #270: 182 -> 181 | Army: 24 | Target-Terrain: 0 | Target: 181 | Half: False
2026-06-02 00:43:32 [self-0002-0-city] My general index: 169
2026-06-02 00:43:32 [self-0002-0-city] Enemy general index: None
2026-06-02 00:43:32 [self-0002-0-city] Visible enemy tiles: 12
2026-06-02 00:43:32 [self-0002-0-city] Tiles: 24 / 64
2026-06-02 00:43:32 [self-0002-0-city] Map: 19 x 19 Turn: 308
2026-06-02 00:43:32 [self-0002-0-city] Route planned: Target = 164 Mode = defense city-free reachable tiles = 264 Fallback-Tiles = 267
2026-06-02 00:43:32 [self-0002-0-city] Move #271: 223 -> 204 | Army: 2 | Target-Terrain: 1 | Target: 164 | Half: False
2026-06-02 00:43:33 [self-0002-0-city] My general index: 169
2026-06-02 00:43:33 [self-0002-0-city] Enemy general index: None
2026-06-02 00:43:33 [self-0002-0-city] Visible enemy tiles: 13
2026-06-02 00:43:33 [self-0002-0-city] Tiles: 23 / 65
2026-06-02 00:43:33 [self-0002-0-city] Map: 19 x 19 Turn: 309
2026-06-02 00:43:33 [self-0002-0-city] Route planned: Target = 185 Mode = defense city-free reachable tiles = 264 Fallback-Tiles = 267
2026-06-02 00:43:33 [self-0002-0-city] Priority agent: edge reuse -9000, flow +6000 base = 240953 final = 237953
2026-06-02 00:43:33 [self-0002-0-city] Move #272: 204 -> 185 | Army: 3 | Target-Terrain: 1 | Target: 185 | Half: False
2026-06-02 00:43:33 [self-0002-0-city] My general index: 169
2026-06-02 00:43:33 [self-0002-0-city] Enemy general index: None
2026-06-02 00:43:33 [self-0002-0-city] Visible enemy tiles: 14
2026-06-02 00:43:33 [self-0002-0-city] Tiles: 22 / 66
2026-06-02 00:43:33 [self-0002-0-city] Map: 19 x 19 Turn: 310
2026-06-02 00:43:33 [self-0002-0-city] Route planned: Target = 185 Mode = defense city-free reachable tiles = 264 Fallback-Tiles = 267
2026-06-02 00:43:33 [self-0002-0-city] Move #273: 205 -> 204 | Army: 2 | Target-Terrain: 1 | Target: 185 | Half: False
2026-06-02 00:43:34 [self-0002-0-city] My general index: 169
2026-06-02 00:43:34 [self-0002-0-city] Enemy general index: None
2026-06-02 00:43:34 [self-0002-0-city] Visible enemy tiles: 14
2026-06-02 00:43:34 [self-0002-0-city] Tiles: 22 / 66
2026-06-02 00:43:34 [self-0002-0-city] Map: 19 x 19 Turn: 311
2026-06-02 00:43:34 [self-0002-0-city] Route planned: Target = 185 Mode = defense city-free reachable tiles = 264 Fallback-Tiles = 267
2026-06-02 00:43:34 [self-0002-0-city] Move #274: 206 -> 205 | Army: 2 | Target-Terrain: 1 | Target: 185 | Half: False
2026-06-02 00:43:34 [self-0002-0-city] My general index: 169
2026-06-02 00:43:34 [self-0002-0-city] Enemy general index: None
2026-06-02 00:43:34 [self-0002-0-city] Visible enemy tiles: 14
2026-06-02 00:43:34 [self-0002-0-city] Tiles: 22 / 66
2026-06-02 00:43:34 [self-0002-0-city] Map: 19 x 19 Turn: 312
2026-06-02 00:43:34 [self-0002-0-city] Route planned: Target = 185 Mode = defense city-free reachable tiles = 264 Fallback-Tiles = 267
2026-06-02 00:43:34 [self-0002-0-city] Move #275: 224 -> 205 | Army: 2 | Target-Terrain: 1 | Target: 185 | Half: False
2026-06-02 00:43:35 [self-0002-0-city] My general index: 169
2026-06-02 00:43:35 [self-0002-0-city] Enemy general index: None
2026-06-02 00:43:35 [self-0002-0-city] Visible enemy tiles: 14
2026-06-02 00:43:35 [self-0002-0-city] Tiles: 22 / 66
2026-06-02 00:43:35 [self-0002-0-city] Map: 19 x 19 Turn: 313
2026-06-02 00:43:35 [self-0002-0-city] Route planned: Target = 185 Mode = defense city-free reachable tiles = 264 Fallback-Tiles = 267
2026-06-02 00:43:35 [self-0002-0-city] Move #276: 225 -> 206 | Army: 2 | Target-Terrain: 1 | Target: 185 | Half: False
2026-06-02 00:43:35 [self-0002-0-city] My general index: 169
2026-06-02 00:43:35 [self-0002-0-city] Enemy general index: None
2026-06-02 00:43:35 [self-0002-0-city] Visible enemy tiles: 14
2026-06-02 00:43:35 [self-0002-0-city] Tiles: 22 / 66
2026-06-02 00:43:35 [self-0002-0-city] Map: 19 x 19 Turn: 314
2026-06-02 00:43:35 [self-0002-0-city] Route planned: Target = 185 Mode = defense city-free reachable tiles = 264 Fallback-Tiles = 267
2026-06-02 00:43:35 [self-0002-0-city] Priority agent: edge reuse -9000, flow +6000 base = 127272 final = 124272
2026-06-02 00:43:35 [self-0002-0-city] Move #277: 206 -> 205 | Army: 2 | Target-Terrain: 1 | Target: 185 | Half: False
2026-06-02 00:43:36 [self-0002-0-city] My general index: 169
2026-06-02 00:43:36 [self-0002-0-city] Enemy general index: None
2026-06-02 00:43:36 [self-0002-0-city] Visible enemy tiles: 14
2026-06-02 00:43:36 [self-0002-0-city] Tiles: 22 / 66
2026-06-02 00:43:36 [self-0002-0-city] Map: 19 x 19 Turn: 315
2026-06-02 00:43:36 [self-0002-0-city] Route planned: Target = 185 Mode = defense city-free reachable tiles = 264 Fallback-Tiles = 267
2026-06-02 00:43:36 [self-0002-0-city] Priority agent: edge reuse -9000, flow +6000 base = 129564 final = 126564
2026-06-02 00:43:36 [self-0002-0-city] Move #278: 205 -> 204 | Army: 4 | Target-Terrain: 1 | Target: 185 | Half: False
2026-06-02 00:43:36 [self-0002-0-city] My general index: 169
2026-06-02 00:43:36 [self-0002-0-city] Enemy general index: None
2026-06-02 00:43:36 [self-0002-0-city] Visible enemy tiles: 14
2026-06-02 00:43:36 [self-0002-0-city] Tiles: 22 / 66
2026-06-02 00:43:36 [self-0002-0-city] Map: 19 x 19 Turn: 316
2026-06-02 00:43:36 [self-0002-0-city] Route planned: Target = 185 Mode = defense city-free reachable tiles = 264 Fallback-Tiles = 267
2026-06-02 00:43:36 [self-0002-0-city] Priority agent: edge reuse -9000, flow +6000 base = 270655 final = 267655
2026-06-02 00:43:36 [self-0002-0-city] Move #279: 204 -> 185 | Army: 5 | Target-Terrain: 0 | Target: 185 | Half: False
2026-06-02 00:43:37 [self-0002-0-city] My general index: 169
2026-06-02 00:43:37 [self-0002-0-city] Enemy general index: None
2026-06-02 00:43:37 [self-0002-0-city] Visible enemy tiles: 13
2026-06-02 00:43:37 [self-0002-0-city] Tiles: 23 / 65
2026-06-02 00:43:37 [self-0002-0-city] Map: 19 x 19 Turn: 317
2026-06-02 00:43:37 [self-0002-0-city] Route planned: Target = 185 Mode = defense city-free reachable tiles = 264 Fallback-Tiles = 267
2026-06-02 00:43:37 [self-0002-0-city] Priority agent: edge reuse -9000 base = 140096 final = 131096
2026-06-02 00:43:37 [self-0002-0-city] Move #280: 181 -> 182 | Army: 16 | Target-Terrain: 1 | Target: 185 | Half: False
2026-06-02 00:43:37 [self-0002-0-city] My general index: 169
2026-06-02 00:43:37 [self-0002-0-city] Enemy general index: None
2026-06-02 00:43:37 [self-0002-0-city] Visible enemy tiles: 13
2026-06-02 00:43:37 [self-0002-0-city] Tiles: 23 / 65
2026-06-02 00:43:37 [self-0002-0-city] Map: 19 x 19 Turn: 318
2026-06-02 00:43:37 [self-0002-0-city] Route planned: Target = 185 Mode = defense city-free reachable tiles = 264 Fallback-Tiles = 267
2026-06-02 00:43:37 [self-0002-0-city] Priority agent: edge reuse -9000, flow +6000 base = 172786 final = 169786
2026-06-02 00:43:37 [self-0002-0-city] Move #281: 182 -> 183 | Army: 16 | Target-Terrain: 0 | Target: 185 | Half: False
2026-06-02 00:43:38 [self-0002-0-city] My general index: 169
2026-06-02 00:43:38 [self-0002-0-city] Enemy general index: None
2026-06-02 00:43:38 [self-0002-0-city] Visible enemy tiles: 12
2026-06-02 00:43:38 [self-0002-0-city] Tiles: 24 / 64
2026-06-02 00:43:38 [self-0002-0-city] Map: 19 x 19 Turn: 319
2026-06-02 00:43:38 [self-0002-0-city] Route planned: Target = 185 Mode = defense city-free reachable tiles = 264 Fallback-Tiles = 267
2026-06-02 00:43:38 [self-0002-0-city] Priority agent: edge reuse -9000, flow +6000 base = 172524 final = 169524
2026-06-02 00:43:38 [self-0002-0-city] Move #282: 183 -> 184 | Army: 14 | Target-Terrain: 0 | Target: 185 | Half: False
2026-06-02 00:43:38 [self-0002-0-city] My general index: 169
2026-06-02 00:43:38 [self-0002-0-city] Enemy general index: None
2026-06-02 00:43:38 [self-0002-0-city] Visible enemy tiles: 11
2026-06-02 00:43:38 [self-0002-0-city] Tiles: 25 / 63
2026-06-02 00:43:38 [self-0002-0-city] Map: 19 x 19 Turn: 320
2026-06-02 00:43:38 [self-0002-0-city] Route planned: Target = 185 Mode = defense city-free reachable tiles = 264 Fallback-Tiles = 267
2026-06-02 00:43:38 [self-0002-0-city] Priority agent: flow +6000 base = 230762 final = 236762
2026-06-02 00:43:38 [self-0002-0-city] Move #283: 184 -> 185 | Army: 12 | Target-Terrain: 1 | Target: 185 | Half: False
2026-06-02 00:43:39 [self-0002-0-city] My general index: 169
2026-06-02 00:43:39 [self-0002-0-city] Enemy general index: None
2026-06-02 00:43:39 [self-0002-0-city] Visible enemy tiles: 11
2026-06-02 00:43:39 [self-0002-0-city] Tiles: 25 / 63
2026-06-02 00:43:39 [self-0002-0-city] Map: 19 x 19 Turn: 321
2026-06-02 00:43:39 [self-0002-0-city] Route planned: Target = 185 Mode = defense city-free reachable tiles = 264 Fallback-Tiles = 267
2026-06-02 00:43:39 [self-0002-0-city] Move #284: 188 -> 187 | Army: 2 | Target-Terrain: 1 | Target: 185 | Half: False
2026-06-02 00:43:39 [self-0002-0-city] My general index: 169
2026-06-02 00:43:39 [self-0002-0-city] Enemy general index: None
2026-06-02 00:43:39 [self-0002-0-city] Visible enemy tiles: 11
2026-06-02 00:43:39 [self-0002-0-city] Tiles: 25 / 63
2026-06-02 00:43:39 [self-0002-0-city] Map: 19 x 19 Turn: 322
2026-06-02 00:43:39 [self-0002-0-city] Route planned: Target = 185 Mode = defense city-free reachable tiles = 264 Fallback-Tiles = 267
2026-06-02 00:43:39 [self-0002-0-city] Move #285: 189 -> 188 | Army: 2 | Target-Terrain: 1 | Target: 185 | Half: False
2026-06-02 00:43:40 [self-0002-0-city] My general index: 169
2026-06-02 00:43:40 [self-0002-0-city] Enemy general index: None
2026-06-02 00:43:40 [self-0002-0-city] Visible enemy tiles: 11
2026-06-02 00:43:40 [self-0002-0-city] Tiles: 25 / 63
2026-06-02 00:43:40 [self-0002-0-city] Map: 19 x 19 Turn: 323
2026-06-02 00:43:40 [self-0002-0-city] Route planned: Target = 185 Mode = defense city-free reachable tiles = 264 Fallback-Tiles = 267
2026-06-02 00:43:40 [self-0002-0-city] Move #286: 170 -> 169 | Army: 2 | Target-Terrain: 1 | Target: 185 | Half: False
2026-06-02 00:43:40 [self-0002-0-city] My general index: 169
2026-06-02 00:43:40 [self-0002-0-city] Enemy general index: None
2026-06-02 00:43:40 [self-0002-0-city] Visible enemy tiles: 11
2026-06-02 00:43:40 [self-0002-0-city] Tiles: 25 / 63
2026-06-02 00:43:40 [self-0002-0-city] Map: 19 x 19 Turn: 324
2026-06-02 00:43:40 [self-0002-0-city] Route planned: Target = 185 Mode = defense city-free reachable tiles = 264 Fallback-Tiles = 267
2026-06-02 00:43:40 [self-0002-0-city] Move #287: 151 -> 170 | Army: 2 | Target-Terrain: 1 | Target: 185 | Half: False
2026-06-02 00:43:41 [self-0002-0-city] My general index: 169
2026-06-02 00:43:41 [self-0002-0-city] Enemy general index: None
2026-06-02 00:43:41 [self-0002-0-city] Visible enemy tiles: 11
2026-06-02 00:43:41 [self-0002-0-city] Tiles: 25 / 63
2026-06-02 00:43:41 [self-0002-0-city] Map: 19 x 19 Turn: 325
2026-06-02 00:43:41 [self-0002-0-city] Route planned: Target = 185 Mode = defense city-free reachable tiles = 264 Fallback-Tiles = 267
2026-06-02 00:43:41 [self-0002-0-city] Priority agent: fresh target pullback -12000 base = 31443 final = 19443
2026-06-02 00:43:41 [self-0002-0-city] Move #288: 187 -> 206 | Army: 63 | Target-Terrain: 1 | Target: 185 | Half: False
2026-06-02 00:43:41 [self-0002-0-city] My general index: 169
2026-06-02 00:43:41 [self-0002-0-city] Enemy general index: None
2026-06-02 00:43:41 [self-0002-0-city] Visible enemy tiles: 11
2026-06-02 00:43:41 [self-0002-0-city] Tiles: 25 / 64
2026-06-02 00:43:41 [self-0002-0-city] Map: 19 x 19 Turn: 326
2026-06-02 00:43:41 [self-0002-0-city] Route planned: Target = 185 Mode = defense city-free reachable tiles = 264 Fallback-Tiles = 267
2026-06-02 00:43:41 [self-0002-0-city] Priority agent: edge reuse -9000, flow +6000 base = 131333 final = 128333
2026-06-02 00:43:41 [self-0002-0-city] Move #289: 206 -> 205 | Army: 63 | Target-Terrain: 1 | Target: 185 | Half: False
2026-06-02 00:43:42 [self-0002-0-city] My general index: 169
2026-06-02 00:43:42 [self-0002-0-city] Enemy general index: None
2026-06-02 00:43:42 [self-0002-0-city] Visible enemy tiles: 11
2026-06-02 00:43:42 [self-0002-0-city] Tiles: 25 / 65
2026-06-02 00:43:42 [self-0002-0-city] Map: 19 x 19 Turn: 327
2026-06-02 00:43:42 [self-0002-0-city] Route planned: Target = 185 Mode = defense city-free reachable tiles = 264 Fallback-Tiles = 267
2026-06-02 00:43:42 [self-0002-0-city] Priority agent: edge reuse -9000, flow +6000 base = 143423 final = 140423
2026-06-02 00:43:42 [self-0002-0-city] Move #290: 205 -> 204 | Army: 63 | Target-Terrain: 1 | Target: 185 | Half: False
2026-06-02 00:43:42 [self-0002-0-city] My general index: 169
2026-06-02 00:43:42 [self-0002-0-city] Enemy general index: None
2026-06-02 00:43:42 [self-0002-0-city] Visible enemy tiles: 11
2026-06-02 00:43:42 [self-0002-0-city] Tiles: 25 / 65
2026-06-02 00:43:42 [self-0002-0-city] Map: 19 x 19 Turn: 328
2026-06-02 00:43:42 [self-0002-0-city] Route planned: Target = 185 Mode = defense city-free reachable tiles = 264 Fallback-Tiles = 267
2026-06-02 00:43:42 [self-0002-0-city] Priority agent: edge reuse -9000, flow +6000 base = 230813 final = 227813
2026-06-02 00:43:42 [self-0002-0-city] Move #291: 204 -> 185 | Army: 63 | Target-Terrain: 1 | Target: 185 | Half: False
2026-06-02 00:43:43 [self-0002-0-city] My general index: 169
2026-06-02 00:43:43 [self-0002-0-city] Enemy general index: None
2026-06-02 00:43:43 [self-0002-0-city] Visible enemy tiles: 11
2026-06-02 00:43:43 [self-0002-0-city] Tiles: 25 / 65
2026-06-02 00:43:43 [self-0002-0-city] Map: 19 x 19 Turn: 329
2026-06-02 00:43:43 [self-0002-0-city] Route planned: Target = 164 Mode = defense city-free reachable tiles = 264 Fallback-Tiles = 267
2026-06-02 00:43:43 [self-0002-0-city] Priority agent: flow +6000 base = 161946 final = 167946
2026-06-02 00:43:43 [self-0002-0-city] Move #292: 185 -> 166 | Army: 76 | Target-Terrain: -1 | Target: 164 | Half: False
2026-06-02 00:43:43 [self-0002-0-city] My general index: 169
2026-06-02 00:43:43 [self-0002-0-city] Enemy general index: None
2026-06-02 00:43:43 [self-0002-0-city] Visible enemy tiles: 11
2026-06-02 00:43:43 [self-0002-0-city] Tiles: 26 / 65
2026-06-02 00:43:43 [self-0002-0-city] Map: 19 x 19 Turn: 330
2026-06-02 00:43:43 [self-0002-0-city] Route planned: Target = 185 Mode = defense city-free reachable tiles = 264 Fallback-Tiles = 267
2026-06-02 00:43:43 [self-0002-0-city] Priority agent: reverse -35000, edge reuse -9000 base = 197778 final = 153778
2026-06-02 00:43:43 [self-0002-0-city] Move #293: 166 -> 185 | Army: 28 | Target-Terrain: 1 | Target: 185 | Half: False
2026-06-02 00:43:44 [self-0002-0-city] My general index: 169
2026-06-02 00:43:44 [self-0002-0-city] Enemy general index: None
2026-06-02 00:43:44 [self-0002-0-city] Visible enemy tiles: 11
2026-06-02 00:43:44 [self-0002-0-city] Tiles: 26 / 65
2026-06-02 00:43:44 [self-0002-0-city] Map: 19 x 19 Turn: 331
2026-06-02 00:43:44 [self-0002-0-city] Route planned: Target = 185 Mode = defense city-free reachable tiles = 264 Fallback-Tiles = 267
2026-06-02 00:43:44 [self-0002-0-city] Move #294: 168 -> 187 | Army: 2 | Target-Terrain: 1 | Target: 185 | Half: False
2026-06-02 00:43:44 [self-0002-0-city] My general index: 169
2026-06-02 00:43:44 [self-0002-0-city] Enemy general index: None
2026-06-02 00:43:44 [self-0002-0-city] Visible enemy tiles: 11
2026-06-02 00:43:44 [self-0002-0-city] Tiles: 26 / 65
2026-06-02 00:43:44 [self-0002-0-city] Map: 19 x 19 Turn: 332
2026-06-02 00:43:44 [self-0002-0-city] Route planned: Target = 185 Mode = defense city-free reachable tiles = 264 Fallback-Tiles = 267
2026-06-02 00:43:44 [self-0002-0-city] Priority agent: edge reuse -18000 base = 177552 final = 159552
2026-06-02 00:43:44 [self-0002-0-city] Move #295: 166 -> 185 | Army: 2 | Target-Terrain: 1 | Target: 185 | Half: False
2026-06-02 00:43:45 [self-0002-0-city] My general index: 169
2026-06-02 00:43:45 [self-0002-0-city] Enemy general index: None
2026-06-02 00:43:45 [self-0002-0-city] Visible enemy tiles: 11
2026-06-02 00:43:45 [self-0002-0-city] Tiles: 26 / 65
2026-06-02 00:43:45 [self-0002-0-city] Map: 19 x 19 Turn: 333
2026-06-02 00:43:45 [self-0002-0-city] Route planned: Target = 185 Mode = defense city-free reachable tiles = 264 Fallback-Tiles = 267
2026-06-02 00:43:45 [self-0002-0-city] Move #296: 170 -> 189 | Army: 2 | Target-Terrain: 1 | Target: 185 | Half: False
2026-06-02 00:43:45 [self-0002-0-city] My general index: 169
2026-06-02 00:43:45 [self-0002-0-city] Enemy general index: None
2026-06-02 00:43:45 [self-0002-0-city] Visible enemy tiles: 11
2026-06-02 00:43:45 [self-0002-0-city] Tiles: 26 / 65
2026-06-02 00:43:45 [self-0002-0-city] Map: 19 x 19 Turn: 334
2026-06-02 00:43:45 [self-0002-0-city] Route planned: Target = 185 Mode = defense city-free reachable tiles = 264 Fallback-Tiles = 267
2026-06-02 00:43:45 [self-0002-0-city] Priority agent: edge reuse -27000 base = 177552 final = 150552
2026-06-02 00:43:45 [self-0002-0-city] Move #297: 166 -> 185 | Army: 2 | Target-Terrain: 1 | Target: 185 | Half: False
2026-06-02 00:43:46 [self-0002-0-city] My general index: 169
2026-06-02 00:43:46 [self-0002-0-city] Enemy general index: None
2026-06-02 00:43:46 [self-0002-0-city] Visible enemy tiles: 11
2026-06-02 00:43:46 [self-0002-0-city] Tiles: 26 / 65
2026-06-02 00:43:46 [self-0002-0-city] Map: 19 x 19 Turn: 335
2026-06-02 00:43:46 [self-0002-0-city] Route planned: Target = 185 Mode = defense city-free reachable tiles = 264 Fallback-Tiles = 267
2026-06-02 00:43:46 [self-0002-0-city] Move #298: 150 -> 169 | Army: 20 | Target-Terrain: 1 | Target: 185 | Half: False
2026-06-02 00:43:46 [self-0002-0-city] My general index: 169
2026-06-02 00:43:46 [self-0002-0-city] Enemy general index: None
2026-06-02 00:43:46 [self-0002-0-city] Visible enemy tiles: 11
2026-06-02 00:43:46 [self-0002-0-city] Tiles: 26 / 65
2026-06-02 00:43:46 [self-0002-0-city] Map: 19 x 19 Turn: 336
2026-06-02 00:43:46 [self-0002-0-city] Route planned: Target = 185 Mode = defense city-free reachable tiles = 264 Fallback-Tiles = 267
2026-06-02 00:43:46 [self-0002-0-city] Priority agent: edge reuse -36000 base = 177552 final = 141552
2026-06-02 00:43:46 [self-0002-0-city] Move #299: 166 -> 185 | Army: 2 | Target-Terrain: 1 | Target: 185 | Half: False
2026-06-02 00:43:47 [self-0002-0-city] My general index: 169
2026-06-02 00:43:47 [self-0002-0-city] Enemy general index: None
2026-06-02 00:43:47 [self-0002-0-city] Visible enemy tiles: 11
2026-06-02 00:43:47 [self-0002-0-city] Tiles: 26 / 65
2026-06-02 00:43:47 [self-0002-0-city] Map: 19 x 19 Turn: 337
2026-06-02 00:43:47 [self-0002-0-city] Route planned: Target = 164 Mode = defense city-free reachable tiles = 264 Fallback-Tiles = 267
2026-06-02 00:43:47 [self-0002-0-city] Priority agent: flow +6000 base = 143301 final = 149301
2026-06-02 00:43:47 [self-0002-0-city] Move #300: 185 -> 184 | Army: 31 | Target-Terrain: 1 | Target: 164 | Half: False
2026-06-02 00:43:47 [self-0002-0-city] My general index: 169
2026-06-02 00:43:47 [self-0002-0-city] Enemy general index: None
2026-06-02 00:43:47 [self-0002-0-city] Visible enemy tiles: 11
2026-06-02 00:43:47 [self-0002-0-city] Tiles: 26 / 65
2026-06-02 00:43:47 [self-0002-0-city] Map: 19 x 19 Turn: 338
2026-06-02 00:43:47 [self-0002-0-city] Route planned: Target = 185 Mode = defense city-free reachable tiles = 264 Fallback-Tiles = 267
2026-06-02 00:43:47 [self-0002-0-city] Priority agent: reverse -35000, edge reuse -9000 base = 210781 final = 166781
2026-06-02 00:43:47 [self-0002-0-city] Move #301: 184 -> 185 | Army: 31 | Target-Terrain: 1 | Target: 185 | Half: False
2026-06-02 00:43:48 [self-0002-0-city] My general index: 169
2026-06-02 00:43:48 [self-0002-0-city] Enemy general index: None
2026-06-02 00:43:48 [self-0002-0-city] Visible enemy tiles: 11
2026-06-02 00:43:48 [self-0002-0-city] Tiles: 26 / 65
2026-06-02 00:43:48 [self-0002-0-city] Map: 19 x 19 Turn: 339
2026-06-02 00:43:48 [self-0002-0-city] Route planned: Target = 164 Mode = defense city-free reachable tiles = 264 Fallback-Tiles = 267
2026-06-02 00:43:48 [self-0002-0-city] Move #302: 166 -> 165 | Army: 2 | Target-Terrain: 1 | Target: 164 | Half: False
2026-06-02 00:43:48 [self-0002-0-city] My general index: 169
2026-06-02 00:43:48 [self-0002-0-city] Enemy general index: None
2026-06-02 00:43:48 [self-0002-0-city] Visible enemy tiles: 11
2026-06-02 00:43:48 [self-0002-0-city] Tiles: 26 / 66
2026-06-02 00:43:48 [self-0002-0-city] Map: 19 x 19 Turn: 340
2026-06-02 00:43:48 [self-0002-0-city] Route planned: Target = 164 Mode = defense city-free reachable tiles = 264 Fallback-Tiles = 267
2026-06-02 00:43:48 [self-0002-0-city] Move #303: 150 -> 149 | Army: 4 | Target-Terrain: 1 | Target: 164 | Half: False
2026-06-02 00:43:49 [self-0002-0-city] My general index: 169
2026-06-02 00:43:49 [self-0002-0-city] Enemy general index: None
2026-06-02 00:43:49 [self-0002-0-city] Visible enemy tiles: 11
2026-06-02 00:43:49 [self-0002-0-city] Tiles: 26 / 66
2026-06-02 00:43:49 [self-0002-0-city] Map: 19 x 19 Turn: 341
2026-06-02 00:43:49 [self-0002-0-city] Route planned: Target = 164 Mode = defense city-free reachable tiles = 264 Fallback-Tiles = 267
2026-06-02 00:43:49 [self-0002-0-city] Priority agent: flow +6000 base = 141294 final = 147294
2026-06-02 00:43:49 [self-0002-0-city] Move #304: 149 -> 148 | Army: 4 | Target-Terrain: 1 | Target: 164 | Half: False
2026-06-02 00:43:49 [self-0002-0-city] My general index: 169
2026-06-02 00:43:49 [self-0002-0-city] Enemy general index: None
2026-06-02 00:43:49 [self-0002-0-city] Visible enemy tiles: 11
2026-06-02 00:43:49 [self-0002-0-city] Tiles: 26 / 66
2026-06-02 00:43:49 [self-0002-0-city] Map: 19 x 19 Turn: 342
2026-06-02 00:43:49 [self-0002-0-city] Route planned: Target = 164 Mode = defense city-free reachable tiles = 264 Fallback-Tiles = 267
2026-06-02 00:43:49 [self-0002-0-city] Priority agent: flow +6000 base = 141384 final = 147384
2026-06-02 00:43:49 [self-0002-0-city] Move #305: 148 -> 147 | Army: 4 | Target-Terrain: 1 | Target: 164 | Half: False
2026-06-02 00:43:50 [self-0002-0-city] My general index: 169
2026-06-02 00:43:50 [self-0002-0-city] Enemy general index: None
2026-06-02 00:43:50 [self-0002-0-city] Visible enemy tiles: 9
2026-06-02 00:43:50 [self-0002-0-city] Tiles: 25 / 67
2026-06-02 00:43:50 [self-0002-0-city] Map: 19 x 19 Turn: 343
2026-06-02 00:43:50 [self-0002-0-city] Route planned: Target = 164 Mode = defense city-free reachable tiles = 264 Fallback-Tiles = 267
2026-06-02 00:43:50 [self-0002-0-city] Priority agent: flow +6000 base = 141474 final = 147474
2026-06-02 00:43:50 [self-0002-0-city] Move #306: 147 -> 146 | Army: 4 | Target-Terrain: 1 | Target: 164 | Half: False
2026-06-02 00:43:50 [self-0002-0-city] My general index: 169
2026-06-02 00:43:50 [self-0002-0-city] Enemy general index: None
2026-06-02 00:43:50 [self-0002-0-city] Visible enemy tiles: 7
2026-06-02 00:43:50 [self-0002-0-city] Tiles: 24 / 68
2026-06-02 00:43:50 [self-0002-0-city] Map: 19 x 19 Turn: 344
2026-06-02 00:43:50 [self-0002-0-city] Route planned: Target = 164 Mode = defense city-free reachable tiles = 264 Fallback-Tiles = 267
2026-06-02 00:43:50 [self-0002-0-city] Priority agent: flow +6000 base = 169414 final = 175414
2026-06-02 00:43:50 [self-0002-0-city] Move #307: 146 -> 145 | Army: 4 | Target-Terrain: 0 | Target: 164 | Half: False
2026-06-02 00:43:51 [self-0002-0-city] My general index: 169
2026-06-02 00:43:51 [self-0002-0-city] Enemy general index: None
2026-06-02 00:43:51 [self-0002-0-city] Visible enemy tiles: 7
2026-06-02 00:43:51 [self-0002-0-city] Tiles: 24 / 68
2026-06-02 00:43:51 [self-0002-0-city] Map: 19 x 19 Turn: 345
2026-06-02 00:43:51 [self-0002-0-city] Route planned: Target = 164 Mode = defense city-free reachable tiles = 264 Fallback-Tiles = 267
2026-06-02 00:43:51 [self-0002-0-city] Priority agent: edge reuse -9000 base = 120864 final = 111864
2026-06-02 00:43:51 [self-0002-0-city] Move #308: 166 -> 165 | Army: 4 | Target-Terrain: 1 | Target: 164 | Half: False
2026-06-02 00:43:51 [self-0002-0-city] My general index: 169
2026-06-02 00:43:51 [self-0002-0-city] Enemy general index: None
2026-06-02 00:43:51 [self-0002-0-city] Visible enemy tiles: 7
2026-06-02 00:43:51 [self-0002-0-city] Tiles: 23 / 69
2026-06-02 00:43:51 [self-0002-0-city] Map: 19 x 19 Turn: 346
2026-06-02 00:43:51 [self-0002-0-city] Route planned: Target = 164 Mode = defense city-free reachable tiles = 264 Fallback-Tiles = 267
2026-06-02 00:43:51 [self-0002-0-city] Priority agent: flow +6000 base = 270355 final = 276355
2026-06-02 00:43:51 [self-0002-0-city] Move #309: 165 -> 164 | Army: 5 | Target-Terrain: 0 | Target: 164 | Half: False
2026-06-02 00:43:52 [self-0002-0-city] Coach: stabilize tiles 24/68 army 140/327 cities 2/0 enemy_city_suspect False bias {'expansion_bias': 0.1, 'city_bias': 0.8, 'attack_bias': -0.30000000000000004, 'defense_bias': 1.2, 'route_bias': 0.3}
2026-06-02 00:43:52 [self-0002-0-city] My general index: 169
2026-06-02 00:43:52 [self-0002-0-city] Enemy general index: None
2026-06-02 00:43:52 [self-0002-0-city] Visible enemy tiles: 7
2026-06-02 00:43:52 [self-0002-0-city] Tiles: 24 / 68
2026-06-02 00:43:52 [self-0002-0-city] Map: 19 x 19 Turn: 347
2026-06-02 00:43:52 [self-0002-0-city] Route planned: Target = 164 Mode = defense city-free reachable tiles = 264 Fallback-Tiles = 267
2026-06-02 00:43:52 [self-0002-0-city] Priority agent: edge reuse -18000 base = 154401 final = 136401
2026-06-02 00:43:52 [self-0002-0-city] Move #310: 185 -> 184 | Army: 31 | Target-Terrain: 0 | Target: 164 | Half: False
2026-06-02 00:43:52 [self-0002-0-city] My general index: 169
2026-06-02 00:43:52 [self-0002-0-city] Enemy general index: None
2026-06-02 00:43:52 [self-0002-0-city] Visible enemy tiles: 7
2026-06-02 00:43:52 [self-0002-0-city] Tiles: 25 / 67
2026-06-02 00:43:52 [self-0002-0-city] Map: 19 x 19 Turn: 348
2026-06-02 00:43:52 [self-0002-0-city] Route planned: Target = 185 Mode = defense city-free reachable tiles = 264 Fallback-Tiles = 267
2026-06-02 00:43:52 [self-0002-0-city] Priority agent: edge reuse -18000 base = 201153 final = 183153
2026-06-02 00:43:52 [self-0002-0-city] Move #311: 166 -> 185 | Army: 3 | Target-Terrain: 1 | Target: 185 | Half: False
2026-06-02 00:43:53 [self-0002-0-city] My general index: 169
2026-06-02 00:43:53 [self-0002-0-city] Enemy general index: None
2026-06-02 00:43:53 [self-0002-0-city] Visible enemy tiles: 7
2026-06-02 00:43:53 [self-0002-0-city] Tiles: 25 / 68
2026-06-02 00:43:53 [self-0002-0-city] Map: 19 x 19 Turn: 349
2026-06-02 00:43:53 [self-0002-0-city] Route planned: Target = 185 Mode = defense city-free reachable tiles = 264 Fallback-Tiles = 267
2026-06-02 00:43:53 [self-0002-0-city] Priority agent: edge reuse -27000 base = 196278 final = 169278
2026-06-02 00:43:53 [self-0002-0-city] Move #312: 184 -> 185 | Army: 28 | Target-Terrain: 1 | Target: 185 | Half: False
2026-06-02 00:43:53 [self-0002-0-city] My general index: 169
2026-06-02 00:43:53 [self-0002-0-city] Enemy general index: None
2026-06-02 00:43:53 [self-0002-0-city] Visible enemy tiles: 7
2026-06-02 00:43:53 [self-0002-0-city] Tiles: 25 / 68
2026-06-02 00:43:53 [self-0002-0-city] Map: 19 x 19 Turn: 350
2026-06-02 00:43:53 [self-0002-0-city] Route planned: Target = 164 Mode = defense city-free reachable tiles = 264 Fallback-Tiles = 267
2026-06-02 00:43:53 [self-0002-0-city] Move #313: 145 -> 164 | Army: 2 | Target-Terrain: 1 | Target: 164 | Half: False
2026-06-02 00:43:54 [self-0002-0-city] My general index: 169
2026-06-02 00:43:54 [self-0002-0-city] Enemy general index: None
2026-06-02 00:43:54 [self-0002-0-city] Visible enemy tiles: 7
2026-06-02 00:43:54 [self-0002-0-city] Tiles: 25 / 69
2026-06-02 00:43:54 [self-0002-0-city] Map: 19 x 19 Turn: 351
2026-06-02 00:43:54 [self-0002-0-city] Route planned: Target = 164 Mode = defense city-free reachable tiles = 264 Fallback-Tiles = 267
2026-06-02 00:43:54 [self-0002-0-city] Priority agent: edge reuse -9000 base = 226752 final = 217752
2026-06-02 00:43:54 [self-0002-0-city] Move #314: 165 -> 164 | Army: 2 | Target-Terrain: 1 | Target: 164 | Half: False
2026-06-02 00:43:54 [self-0002-0-city] My general index: 169
2026-06-02 00:43:54 [self-0002-0-city] Enemy general index: None
2026-06-02 00:43:54 [self-0002-0-city] Visible enemy tiles: 7
2026-06-02 00:43:54 [self-0002-0-city] Tiles: 24 / 70
2026-06-02 00:43:54 [self-0002-0-city] Map: 19 x 19 Turn: 352
2026-06-02 00:43:54 [self-0002-0-city] Route planned: Target = 164 Mode = defense city-free reachable tiles = 264 Fallback-Tiles = 267
2026-06-02 00:43:54 [self-0002-0-city] Move #315: 205 -> 204 | Army: 2 | Target-Terrain: 1 | Target: 164 | Half: False
2026-06-02 00:43:55 [self-0002-0-city] My general index: 169
2026-06-02 00:43:55 [self-0002-0-city] Enemy general index: None
2026-06-02 00:43:55 [self-0002-0-city] Visible enemy tiles: 7
2026-06-02 00:43:55 [self-0002-0-city] Tiles: 24 / 71
2026-06-02 00:43:55 [self-0002-0-city] Map: 19 x 19 Turn: 353
2026-06-02 00:43:55 [self-0002-0-city] Route planned: Target = 164 Mode = defense city-free reachable tiles = 264 Fallback-Tiles = 267
2026-06-02 00:43:55 [self-0002-0-city] Move #316: 223 -> 204 | Army: 2 | Target-Terrain: 1 | Target: 164 | Half: False
2026-06-02 00:43:55 [self-0002-0-city] My general index: 169
2026-06-02 00:43:55 [self-0002-0-city] Enemy general index: None
2026-06-02 00:43:55 [self-0002-0-city] Visible enemy tiles: 7
2026-06-02 00:43:55 [self-0002-0-city] Tiles: 24 / 71
2026-06-02 00:43:55 [self-0002-0-city] Map: 19 x 19 Turn: 354
2026-06-02 00:43:55 [self-0002-0-city] Route planned: Target = 164 Mode = defense city-free reachable tiles = 264 Fallback-Tiles = 267
2026-06-02 00:43:55 [self-0002-0-city] Move #317: 146 -> 165 | Army: 2 | Target-Terrain: 1 | Target: 164 | Half: False
2026-06-02 00:43:56 [self-0002-0-city] My general index: 169
2026-06-02 00:43:56 [self-0002-0-city] Enemy general index: None
2026-06-02 00:43:56 [self-0002-0-city] Visible enemy tiles: 7
2026-06-02 00:43:56 [self-0002-0-city] Tiles: 24 / 71
2026-06-02 00:43:56 [self-0002-0-city] Map: 19 x 19 Turn: 355
2026-06-02 00:43:56 [self-0002-0-city] Route planned: Target = 164 Mode = defense city-free reachable tiles = 264 Fallback-Tiles = 267
2026-06-02 00:43:56 [self-0002-0-city] Priority agent: edge reuse -18000, flow +6000 base = 211752 final = 199752
2026-06-02 00:43:56 [self-0002-0-city] Move #318: 165 -> 164 | Army: 2 | Target-Terrain: 1 | Target: 164 | Half: False
2026-06-02 00:43:56 [self-0002-0-city] My general index: 169
2026-06-02 00:43:56 [self-0002-0-city] Enemy general index: None
2026-06-02 00:43:56 [self-0002-0-city] Visible enemy tiles: 7
2026-06-02 00:43:56 [self-0002-0-city] Tiles: 23 / 72
2026-06-02 00:43:56 [self-0002-0-city] Map: 19 x 19 Turn: 356
2026-06-02 00:43:56 [self-0002-0-city] Route planned: Target = 164 Mode = defense city-free reachable tiles = 264 Fallback-Tiles = 267
2026-06-02 00:43:56 [self-0002-0-city] Move #319: 149 -> 148 | Army: 2 | Target-Terrain: 1 | Target: 164 | Half: False
2026-06-02 00:43:57 [self-0002-0-city] My general index: 169
2026-06-02 00:43:57 [self-0002-0-city] Enemy general index: None
2026-06-02 00:43:57 [self-0002-0-city] Visible enemy tiles: 7
2026-06-02 00:43:57 [self-0002-0-city] Tiles: 23 / 72
2026-06-02 00:43:57 [self-0002-0-city] Map: 19 x 19 Turn: 357
2026-06-02 00:43:57 [self-0002-0-city] Route planned: Target = 164 Mode = defense city-free reachable tiles = 264 Fallback-Tiles = 267
2026-06-02 00:43:57 [self-0002-0-city] Priority agent: flow +6000 base = 141383 final = 147383
2026-06-02 00:43:57 [self-0002-0-city] Move #320: 148 -> 147 | Army: 3 | Target-Terrain: 1 | Target: 164 | Half: False
2026-06-02 00:43:57 [self-0002-0-city] My general index: 169
2026-06-02 00:43:57 [self-0002-0-city] Enemy general index: None
2026-06-02 00:43:57 [self-0002-0-city] Visible enemy tiles: 7
2026-06-02 00:43:57 [self-0002-0-city] Tiles: 23 / 72
2026-06-02 00:43:57 [self-0002-0-city] Map: 19 x 19 Turn: 358
2026-06-02 00:43:57 [self-0002-0-city] Route planned: Target = 164 Mode = defense city-free reachable tiles = 264 Fallback-Tiles = 267
2026-06-02 00:43:57 [self-0002-0-city] Priority agent: flow +6000 base = 170674 final = 176674
2026-06-02 00:43:57 [self-0002-0-city] Move #321: 147 -> 146 | Army: 4 | Target-Terrain: 0 | Target: 164 | Half: False
2026-06-02 00:43:58 [self-0002-0-city] My general index: 169
2026-06-02 00:43:58 [self-0002-0-city] Enemy general index: None
2026-06-02 00:43:58 [self-0002-0-city] Visible enemy tiles: 7
2026-06-02 00:43:58 [self-0002-0-city] Tiles: 24 / 71
2026-06-02 00:43:58 [self-0002-0-city] Map: 19 x 19 Turn: 359
2026-06-02 00:43:58 [self-0002-0-city] Route planned: Target = 164 Mode = defense city-free reachable tiles = 264 Fallback-Tiles = 267
2026-06-02 00:43:58 [self-0002-0-city] Move #322: 206 -> 205 | Army: 2 | Target-Terrain: 1 | Target: 164 | Half: False
2026-06-02 00:43:58 [self-0002-0-city] My general index: 169
2026-06-02 00:43:58 [self-0002-0-city] Enemy general index: None
2026-06-02 00:43:58 [self-0002-0-city] Visible enemy tiles: 7
2026-06-02 00:43:58 [self-0002-0-city] Tiles: 23 / 72
2026-06-02 00:43:58 [self-0002-0-city] Map: 19 x 19 Turn: 360
2026-06-02 00:43:58 [self-0002-0-city] Route planned: Target = 165 Mode = defense city-free reachable tiles = 264 Fallback-Tiles = 267
2026-06-02 00:43:58 [self-0002-0-city] Move #323: 184 -> 165 | Army: 2 | Target-Terrain: 1 | Target: 165 | Half: False
2026-06-02 00:43:59 [self-0002-0-city] My general index: 169
2026-06-02 00:43:59 [self-0002-0-city] Enemy general index: None
2026-06-02 00:43:59 [self-0002-0-city] Visible enemy tiles: 8
2026-06-02 00:43:59 [self-0002-0-city] Tiles: 22 / 73
2026-06-02 00:43:59 [self-0002-0-city] Map: 19 x 19 Turn: 361
2026-06-02 00:43:59 [self-0002-0-city] Route planned: Target = 165 Mode = defense city-free reachable tiles = 264 Fallback-Tiles = 267
2026-06-02 00:43:59 [self-0002-0-city] Move #324: 224 -> 205 | Army: 2 | Target-Terrain: 1 | Target: 165 | Half: False
2026-06-02 00:43:59 [self-0002-0-city] My general index: 169
2026-06-02 00:43:59 [self-0002-0-city] Enemy general index: None
2026-06-02 00:43:59 [self-0002-0-city] Visible enemy tiles: 8
2026-06-02 00:43:59 [self-0002-0-city] Tiles: 21 / 74
2026-06-02 00:43:59 [self-0002-0-city] Map: 19 x 19 Turn: 362
2026-06-02 00:43:59 [self-0002-0-city] Route planned: Target = 165 Mode = defense city-free reachable tiles = 264 Fallback-Tiles = 267
2026-06-02 00:43:59 [self-0002-0-city] Move #325: 166 -> 165 | Army: 9 | Target-Terrain: 0 | Target: 165 | Half: False
2026-06-02 00:44:00 [self-0002-0-city] My general index: 169
2026-06-02 00:44:00 [self-0002-0-city] Enemy general index: None
2026-06-02 00:44:00 [self-0002-0-city] Visible enemy tiles: 7
2026-06-02 00:44:00 [self-0002-0-city] Tiles: 22 / 73
2026-06-02 00:44:00 [self-0002-0-city] Map: 19 x 19 Turn: 363
2026-06-02 00:44:00 [self-0002-0-city] Route planned: Target = 165 Mode = defense city-free reachable tiles = 264 Fallback-Tiles = 267
2026-06-02 00:44:00 [self-0002-0-city] Priority agent: edge reuse -18000 base = 196056 final = 178056
2026-06-02 00:44:00 [self-0002-0-city] Move #326: 164 -> 165 | Army: 6 | Target-Terrain: 1 | Target: 165 | Half: False
2026-06-02 00:44:00 [self-0002-0-city] My general index: 169
2026-06-02 00:44:00 [self-0002-0-city] Enemy general index: None
2026-06-02 00:44:00 [self-0002-0-city] Visible enemy tiles: 7
2026-06-02 00:44:00 [self-0002-0-city] Tiles: 22 / 73
2026-06-02 00:44:00 [self-0002-0-city] Map: 19 x 19 Turn: 364
2026-06-02 00:44:00 [self-0002-0-city] Route planned: Target = 165 Mode = defense city-free reachable tiles = 264 Fallback-Tiles = 267
2026-06-02 00:44:00 [self-0002-0-city] Priority agent: edge reuse -9000 base = 212552 final = 203552
2026-06-02 00:44:00 [self-0002-0-city] Move #327: 166 -> 165 | Army: 2 | Target-Terrain: 1 | Target: 165 | Half: False
2026-06-02 00:44:01 [self-0002-0-city] My general index: 169
2026-06-02 00:44:01 [self-0002-0-city] Enemy general index: None
2026-06-02 00:44:01 [self-0002-0-city] Visible enemy tiles: 7
2026-06-02 00:44:01 [self-0002-0-city] Tiles: 22 / 73
2026-06-02 00:44:01 [self-0002-0-city] Map: 19 x 19 Turn: 365
2026-06-02 00:44:01 [self-0002-0-city] Route planned: Target = 165 Mode = defense city-free reachable tiles = 264 Fallback-Tiles = 267
2026-06-02 00:44:01 [self-0002-0-city] Move #328: 185 -> 184 | Army: 31 | Target-Terrain: 0 | Target: 165 | Half: False
2026-06-02 00:44:01 [self-0002-0-city] My general index: 169
2026-06-02 00:44:01 [self-0002-0-city] Enemy general index: None
2026-06-02 00:44:01 [self-0002-0-city] Visible enemy tiles: 7
2026-06-02 00:44:01 [self-0002-0-city] Tiles: 23 / 72
2026-06-02 00:44:01 [self-0002-0-city] Map: 19 x 19 Turn: 366
2026-06-02 00:44:01 [self-0002-0-city] Route planned: Target = 185 Mode = defense city-free reachable tiles = 264 Fallback-Tiles = 267
2026-06-02 00:44:01 [self-0002-0-city] Move #329: 204 -> 185 | Army: 4 | Target-Terrain: 1 | Target: 185 | Half: False
2026-06-02 00:44:02 [self-0002-0-city] My general index: 169
2026-06-02 00:44:02 [self-0002-0-city] Enemy general index: None
2026-06-02 00:44:02 [self-0002-0-city] Visible enemy tiles: 7
2026-06-02 00:44:02 [self-0002-0-city] Tiles: 23 / 72
2026-06-02 00:44:02 [self-0002-0-city] Map: 19 x 19 Turn: 367
2026-06-02 00:44:02 [self-0002-0-city] Route planned: Target = 185 Mode = defense city-free reachable tiles = 264 Fallback-Tiles = 267
2026-06-02 00:44:02 [self-0002-0-city] Move #330: 166 -> 185 | Army: 2 | Target-Terrain: 1 | Target: 185 | Half: False
2026-06-02 00:44:02 [self-0002-0-city] My general index: 169
2026-06-02 00:44:02 [self-0002-0-city] Enemy general index: None
2026-06-02 00:44:02 [self-0002-0-city] Visible enemy tiles: 7
2026-06-02 00:44:02 [self-0002-0-city] Tiles: 23 / 72
2026-06-02 00:44:02 [self-0002-0-city] Map: 19 x 19 Turn: 368
2026-06-02 00:44:02 [self-0002-0-city] Route planned: Target = 185 Mode = defense city-free reachable tiles = 264 Fallback-Tiles = 267
2026-06-02 00:44:02 [self-0002-0-city] Priority agent: edge reuse -9000 base = 216152 final = 207152
2026-06-02 00:44:02 [self-0002-0-city] Move #331: 166 -> 185 | Army: 2 | Target-Terrain: 1 | Target: 185 | Half: False
2026-06-02 00:44:03 [self-0002-0-city] My general index: 169
2026-06-02 00:44:03 [self-0002-0-city] Enemy general index: None
2026-06-02 00:44:03 [self-0002-0-city] Visible enemy tiles: 6
2026-06-02 00:44:03 [self-0002-0-city] Tiles: 22 / 73
2026-06-02 00:44:03 [self-0002-0-city] Map: 19 x 19 Turn: 369
2026-06-02 00:44:03 [self-0002-0-city] Route planned: Target = 185 Mode = defense city-free reachable tiles = 264 Fallback-Tiles = 267
2026-06-02 00:44:03 [self-0002-0-city] Priority agent: edge reuse -9000 base = 210360 final = 201360
2026-06-02 00:44:03 [self-0002-0-city] Move #332: 184 -> 185 | Army: 10 | Target-Terrain: 1 | Target: 185 | Half: False
2026-06-02 00:44:03 [self-0002-0-city] My general index: 169
2026-06-02 00:44:03 [self-0002-0-city] Enemy general index: None
2026-06-02 00:44:03 [self-0002-0-city] Visible enemy tiles: 6
2026-06-02 00:44:03 [self-0002-0-city] Tiles: 21 / 74
2026-06-02 00:44:03 [self-0002-0-city] Map: 19 x 19 Turn: 370
2026-06-02 00:44:03 [self-0002-0-city] Route planned: Target = 167 Mode = defense city-free reachable tiles = 264 Fallback-Tiles = 267
2026-06-02 00:44:03 [self-0002-0-city] Move #333: 168 -> 167 | Army: 2 | Target-Terrain: 1 | Target: 167 | Half: False
2026-06-02 00:44:04 [self-0002-0-city] My general index: 169
2026-06-02 00:44:04 [self-0002-0-city] Enemy general index: None
2026-06-02 00:44:04 [self-0002-0-city] Visible enemy tiles: 4
2026-06-02 00:44:04 [self-0002-0-city] Tiles: 20 / 75
2026-06-02 00:44:04 [self-0002-0-city] Map: 19 x 19 Turn: 371
2026-06-02 00:44:04 [self-0002-0-city] Route planned: Target = 167 Mode = defense city-free reachable tiles = 264 Fallback-Tiles = 267
2026-06-02 00:44:04 [self-0002-0-city] Move #334: 166 -> 167 | Army: 2 | Target-Terrain: 1 | Target: 167 | Half: False
2026-06-02 00:44:04 [self-0002-0-city] My general index: 169
2026-06-02 00:44:04 [self-0002-0-city] Enemy general index: None
2026-06-02 00:44:04 [self-0002-0-city] Visible enemy tiles: 5
2026-06-02 00:44:04 [self-0002-0-city] Tiles: 19 / 76
2026-06-02 00:44:04 [self-0002-0-city] Map: 19 x 19 Turn: 372
2026-06-02 00:44:04 [self-0002-0-city] Route planned: Target = 167 Mode = defense city-free reachable tiles = 264 Fallback-Tiles = 267
2026-06-02 00:44:04 [self-0002-0-city] Priority agent: edge reuse -9000 base = 207052 final = 198052
2026-06-02 00:44:04 [self-0002-0-city] Move #335: 166 -> 167 | Army: 2 | Target-Terrain: 1 | Target: 167 | Half: False
2026-06-02 00:44:05 [self-0002-0-city] My general index: 169
2026-06-02 00:44:05 [self-0002-0-city] Enemy general index: None
2026-06-02 00:44:05 [self-0002-0-city] Visible enemy tiles: 5
2026-06-02 00:44:05 [self-0002-0-city] Tiles: 19 / 76
2026-06-02 00:44:05 [self-0002-0-city] Map: 19 x 19 Turn: 373
2026-06-02 00:44:05 [self-0002-0-city] Route planned: Target = 167 Mode = defense city-free reachable tiles = 264 Fallback-Tiles = 267
2026-06-02 00:44:05 [self-0002-0-city] Move #336: 169 -> 168 | Army: 92 | Target-Terrain: 1 | Target: 167 | Half: True
2026-06-02 00:44:05 [self-0002-0-city] My general index: 169
2026-06-02 00:44:05 [self-0002-0-city] Enemy general index: None
2026-06-02 00:44:05 [self-0002-0-city] Visible enemy tiles: 5
2026-06-02 00:44:05 [self-0002-0-city] Tiles: 19 / 76
2026-06-02 00:44:05 [self-0002-0-city] Map: 19 x 19 Turn: 374
2026-06-02 00:44:05 [self-0002-0-city] Route planned: Target = 167 Mode = defense city-free reachable tiles = 264 Fallback-Tiles = 267
2026-06-02 00:44:05 [self-0002-0-city] Priority agent: edge reuse -9000, flow +6000 base = 233897 final = 230897
2026-06-02 00:44:05 [self-0002-0-city] Move #337: 168 -> 167 | Army: 47 | Target-Terrain: 1 | Target: 167 | Half: False
2026-06-02 00:44:06 [self-0002-0-city] My general index: 169
2026-06-02 00:44:06 [self-0002-0-city] Enemy general index: None
2026-06-02 00:44:06 [self-0002-0-city] Visible enemy tiles: 5
2026-06-02 00:44:06 [self-0002-0-city] Tiles: 19 / 76
2026-06-02 00:44:06 [self-0002-0-city] Map: 19 x 19 Turn: 375
2026-06-02 00:44:06 [self-0002-0-city] Route planned: Target = 166 Mode = defense city-free reachable tiles = 265 Fallback-Tiles = 267
2026-06-02 00:44:06 [self-0002-0-city] Priority agent: edge reuse -18000, flow +6000 base = 237102 final = 225102
2026-06-02 00:44:06 [self-0002-0-city] Move #338: 167 -> 166 | Army: 52 | Target-Terrain: 1 | Target: 166 | Half: False
2026-06-02 00:44:06 [self-0002-0-city] My general index: 169
2026-06-02 00:44:06 [self-0002-0-city] Enemy general index: None
2026-06-02 00:44:06 [self-0002-0-city] Visible enemy tiles: 5
2026-06-02 00:44:06 [self-0002-0-city] Tiles: 19 / 76
2026-06-02 00:44:06 [self-0002-0-city] Map: 19 x 19 Turn: 376
2026-06-02 00:44:06 [self-0002-0-city] Route planned: Target = 167 Mode = defense city-free reachable tiles = 264 Fallback-Tiles = 267
2026-06-02 00:44:06 [self-0002-0-city] Move #339: 188 -> 187 | Army: 3 | Target-Terrain: 1 | Target: 167 | Half: False
2026-06-02 00:44:07 [self-0002-0-city] My general index: 169
2026-06-02 00:44:07 [self-0002-0-city] Enemy general index: None
2026-06-02 00:44:07 [self-0002-0-city] Visible enemy tiles: 5
2026-06-02 00:44:07 [self-0002-0-city] Tiles: 19 / 76
2026-06-02 00:44:07 [self-0002-0-city] Map: 19 x 19 Turn: 377
2026-06-02 00:44:07 [self-0002-0-city] Route planned: Target = 167 Mode = defense city-free reachable tiles = 264 Fallback-Tiles = 267
2026-06-02 00:44:07 [self-0002-0-city] Priority agent: edge reuse -27000 base = 177904 final = 150904
2026-06-02 00:44:07 [self-0002-0-city] Move #340: 166 -> 167 | Army: 54 | Target-Terrain: 1 | Target: 167 | Half: False
2026-06-02 00:44:07 [self-0002-0-city] My general index: 169
2026-06-02 00:44:07 [self-0002-0-city] Enemy general index: None
2026-06-02 00:44:07 [self-0002-0-city] Visible enemy tiles: 5
2026-06-02 00:44:07 [self-0002-0-city] Tiles: 19 / 76
2026-06-02 00:44:07 [self-0002-0-city] Map: 19 x 19 Turn: 378
2026-06-02 00:44:07 [self-0002-0-city] Route planned: Target = 166 Mode = defense city-free reachable tiles = 265 Fallback-Tiles = 267
2026-06-02 00:44:07 [self-0002-0-city] Priority agent: reverse -35000, edge reuse -36000 base = 237104 final = 166104
2026-06-02 00:44:07 [self-0002-0-city] Move #341: 167 -> 166 | Army: 54 | Target-Terrain: 1 | Target: 166 | Half: False
2026-06-02 00:44:08 [self-0002-0-city] My general index: 169
2026-06-02 00:44:08 [self-0002-0-city] Enemy general index: None
2026-06-02 00:44:08 [self-0002-0-city] Visible enemy tiles: 5
2026-06-02 00:44:08 [self-0002-0-city] Tiles: 19 / 76
2026-06-02 00:44:08 [self-0002-0-city] Map: 19 x 19 Turn: 379
2026-06-02 00:44:08 [self-0002-0-city] Route planned: Target = 167 Mode = defense city-free reachable tiles = 264 Fallback-Tiles = 267
2026-06-02 00:44:08 [self-0002-0-city] Move #342: 170 -> 169 | Army: 2 | Target-Terrain: 1 | Target: 167 | Half: False
2026-06-02 00:44:08 [self-0002-0-city] My general index: 169
2026-06-02 00:44:08 [self-0002-0-city] Enemy general index: None
2026-06-02 00:44:08 [self-0002-0-city] Visible enemy tiles: 5
2026-06-02 00:44:08 [self-0002-0-city] Tiles: 19 / 76
2026-06-02 00:44:08 [self-0002-0-city] Map: 19 x 19 Turn: 380
2026-06-02 00:44:08 [self-0002-0-city] Route planned: Target = 167 Mode = defense city-free reachable tiles = 264 Fallback-Tiles = 267
2026-06-02 00:44:08 [self-0002-0-city] Move #343: 189 -> 188 | Army: 3 | Target-Terrain: 1 | Target: 167 | Half: False
2026-06-02 00:44:09 [self-0002-0-city] My general index: 169
2026-06-02 00:44:09 [self-0002-0-city] Enemy general index: None
2026-06-02 00:44:09 [self-0002-0-city] Visible enemy tiles: 5
2026-06-02 00:44:09 [self-0002-0-city] Tiles: 19 / 76
2026-06-02 00:44:09 [self-0002-0-city] Map: 19 x 19 Turn: 381
2026-06-02 00:44:09 [self-0002-0-city] Route planned: Target = 167 Mode = defense city-free reachable tiles = 264 Fallback-Tiles = 267
2026-06-02 00:44:09 [self-0002-0-city] Priority agent: flow +6000 base = 137173 final = 143173
2026-06-02 00:44:09 [self-0002-0-city] Move #344: 188 -> 169 | Army: 3 | Target-Terrain: 1 | Target: 167 | Half: False
2026-06-02 00:44:09 [self-0002-0-city] My general index: 169
2026-06-02 00:44:09 [self-0002-0-city] Enemy general index: None
2026-06-02 00:44:09 [self-0002-0-city] Visible enemy tiles: 5
2026-06-02 00:44:09 [self-0002-0-city] Tiles: 19 / 76
2026-06-02 00:44:09 [self-0002-0-city] Map: 19 x 19 Turn: 382
2026-06-02 00:44:09 [self-0002-0-city] Route planned: Target = 167 Mode = defense city-free reachable tiles = 264 Fallback-Tiles = 267
2026-06-02 00:44:09 [self-0002-0-city] Move #345: 151 -> 170 | Army: 2 | Target-Terrain: 1 | Target: 167 | Half: False
2026-06-02 00:44:10 [self-0002-0-city] My general index: 169
2026-06-02 00:44:10 [self-0002-0-city] Enemy general index: None
2026-06-02 00:44:10 [self-0002-0-city] Visible enemy tiles: 5
2026-06-02 00:44:10 [self-0002-0-city] Tiles: 19 / 76
2026-06-02 00:44:10 [self-0002-0-city] Map: 19 x 19 Turn: 383
2026-06-02 00:44:10 [self-0002-0-city] Route planned: Target = 167 Mode = defense city-free reachable tiles = 264 Fallback-Tiles = 267
2026-06-02 00:44:10 [self-0002-0-city] Move #346: 225 -> 206 | Army: 2 | Target-Terrain: 1 | Target: 167 | Half: False
2026-06-02 00:44:10 [self-0002-0-city] My general index: 169
2026-06-02 00:44:10 [self-0002-0-city] Enemy general index: None
2026-06-02 00:44:10 [self-0002-0-city] Visible enemy tiles: 5
2026-06-02 00:44:10 [self-0002-0-city] Tiles: 19 / 76
2026-06-02 00:44:10 [self-0002-0-city] Map: 19 x 19 Turn: 384
2026-06-02 00:44:10 [self-0002-0-city] Route planned: Target = 167 Mode = defense city-free reachable tiles = 264 Fallback-Tiles = 267
2026-06-02 00:44:10 [self-0002-0-city] Priority agent: flow +6000 base = 134972 final = 140972
2026-06-02 00:44:10 [self-0002-0-city] Move #347: 206 -> 187 | Army: 2 | Target-Terrain: 1 | Target: 167 | Half: False
2026-06-02 00:44:11 [self-0002-0-city] My general index: 169
2026-06-02 00:44:11 [self-0002-0-city] Enemy general index: None
2026-06-02 00:44:11 [self-0002-0-city] Visible enemy tiles: 5
2026-06-02 00:44:11 [self-0002-0-city] Tiles: 19 / 77
2026-06-02 00:44:11 [self-0002-0-city] Map: 19 x 19 Turn: 385
2026-06-02 00:44:11 [self-0002-0-city] Route planned: Target = 167 Mode = defense city-free reachable tiles = 264 Fallback-Tiles = 267
2026-06-02 00:44:11 [self-0002-0-city] Priority agent: flow +6000 base = 138466 final = 144466
2026-06-02 00:44:11 [self-0002-0-city] Move #348: 187 -> 168 | Army: 6 | Target-Terrain: 1 | Target: 167 | Half: False
2026-06-02 00:44:11 [self-0002-0-city] My general index: 169
2026-06-02 00:44:11 [self-0002-0-city] Enemy general index: None
2026-06-02 00:44:11 [self-0002-0-city] Visible enemy tiles: 5
2026-06-02 00:44:11 [self-0002-0-city] Tiles: 19 / 77
2026-06-02 00:44:11 [self-0002-0-city] Map: 19 x 19 Turn: 386
2026-06-02 00:44:11 [self-0002-0-city] Route planned: Target = 167 Mode = defense city-free reachable tiles = 264 Fallback-Tiles = 267
2026-06-02 00:44:11 [self-0002-0-city] Priority agent: edge reuse -9000, flow +6000 base = 232056 final = 229056
2026-06-02 00:44:11 [self-0002-0-city] Move #349: 168 -> 167 | Army: 6 | Target-Terrain: 1 | Target: 167 | Half: False
2026-06-02 00:44:12 [self-0002-0-city] My general index: 169
2026-06-02 00:44:12 [self-0002-0-city] Enemy general index: None
2026-06-02 00:44:12 [self-0002-0-city] Visible enemy tiles: 5
2026-06-02 00:44:12 [self-0002-0-city] Tiles: 19 / 77
2026-06-02 00:44:12 [self-0002-0-city] Map: 19 x 19 Turn: 387
2026-06-02 00:44:12 [self-0002-0-city] Route planned: Target = 167 Mode = defense city-free reachable tiles = 264 Fallback-Tiles = 267
2026-06-02 00:44:12 [self-0002-0-city] Priority agent: edge reuse -27000 base = 197909 final = 170909
2026-06-02 00:44:12 [self-0002-0-city] Move #350: 166 -> 167 | Army: 59 | Target-Terrain: 1 | Target: 167 | Half: False
2026-06-02 00:44:12 [self-0002-0-city] My general index: 169
2026-06-02 00:44:12 [self-0002-0-city] Enemy general index: None
2026-06-02 00:44:12 [self-0002-0-city] Visible enemy tiles: 5
2026-06-02 00:44:12 [self-0002-0-city] Tiles: 19 / 77
2026-06-02 00:44:12 [self-0002-0-city] Map: 19 x 19 Turn: 388
2026-06-02 00:44:12 [self-0002-0-city] Route planned: Target = 166 Mode = defense city-free reachable tiles = 265 Fallback-Tiles = 267
2026-06-02 00:44:12 [self-0002-0-city] Priority agent: reverse -35000, edge reuse -36000 base = 225114 final = 154114
2026-06-02 00:44:12 [self-0002-0-city] Move #351: 167 -> 166 | Army: 64 | Target-Terrain: 1 | Target: 166 | Half: False
2026-06-02 00:44:13 [self-0002-0-city] My general index: 169
2026-06-02 00:44:13 [self-0002-0-city] Enemy general index: None
2026-06-02 00:44:13 [self-0002-0-city] Visible enemy tiles: 5
2026-06-02 00:44:13 [self-0002-0-city] Tiles: 19 / 77
2026-06-02 00:44:13 [self-0002-0-city] Map: 19 x 19 Turn: 389
2026-06-02 00:44:13 [self-0002-0-city] Route planned: Target = 167 Mode = defense city-free reachable tiles = 264 Fallback-Tiles = 267
2026-06-02 00:44:13 [self-0002-0-city] Move #352: 150 -> 149 | Army: 26 | Target-Terrain: 1 | Target: 167 | Half: False
2026-06-02 00:44:13 [self-0002-0-city] My general index: 169
2026-06-02 00:44:13 [self-0002-0-city] Enemy general index: None
2026-06-02 00:44:13 [self-0002-0-city] Visible enemy tiles: 5
2026-06-02 00:44:13 [self-0002-0-city] Tiles: 19 / 78
2026-06-02 00:44:13 [self-0002-0-city] Map: 19 x 19 Turn: 390
2026-06-02 00:44:13 [self-0002-0-city] Route planned: Target = 167 Mode = defense city-free reachable tiles = 264 Fallback-Tiles = 267
2026-06-02 00:44:13 [self-0002-0-city] Priority agent: flow +6000 base = 144586 final = 150586
2026-06-02 00:44:13 [self-0002-0-city] Move #353: 149 -> 168 | Army: 26 | Target-Terrain: 1 | Target: 167 | Half: False
2026-06-02 00:44:14 [self-0002-0-city] My general index: 169
2026-06-02 00:44:14 [self-0002-0-city] Enemy general index: None
2026-06-02 00:44:14 [self-0002-0-city] Visible enemy tiles: 5
2026-06-02 00:44:14 [self-0002-0-city] Tiles: 19 / 78
2026-06-02 00:44:14 [self-0002-0-city] Map: 19 x 19 Turn: 391
2026-06-02 00:44:14 [self-0002-0-city] Route planned: Target = 167 Mode = defense city-free reachable tiles = 264 Fallback-Tiles = 267
2026-06-02 00:44:14 [self-0002-0-city] Priority agent: edge reuse -9000, flow +6000 base = 233876 final = 230876
2026-06-02 00:44:14 [self-0002-0-city] Move #354: 168 -> 167 | Army: 26 | Target-Terrain: 1 | Target: 167 | Half: False
2026-06-02 00:44:14 [self-0002-0-city] My general index: 169
2026-06-02 00:44:14 [self-0002-0-city] Enemy general index: None
2026-06-02 00:44:14 [self-0002-0-city] Visible enemy tiles: 5
2026-06-02 00:44:14 [self-0002-0-city] Tiles: 19 / 78
2026-06-02 00:44:14 [self-0002-0-city] Map: 19 x 19 Turn: 392
2026-06-02 00:44:14 [self-0002-0-city] Route planned: Target = 167 Mode = defense city-free reachable tiles = 264 Fallback-Tiles = 267
2026-06-02 00:44:14 [self-0002-0-city] Priority agent: edge reuse -27000 base = 177917 final = 150917
2026-06-02 00:44:14 [self-0002-0-city] Move #355: 166 -> 167 | Army: 67 | Target-Terrain: 1 | Target: 167 | Half: False
2026-06-02 00:44:15 [self-0002-0-city] My general index: 169
2026-06-02 00:44:15 [self-0002-0-city] Enemy general index: None
2026-06-02 00:44:15 [self-0002-0-city] Visible enemy tiles: 5
2026-06-02 00:44:15 [self-0002-0-city] Tiles: 19 / 78
2026-06-02 00:44:15 [self-0002-0-city] Map: 19 x 19 Turn: 393
2026-06-02 00:44:15 [self-0002-0-city] Route planned: Target = 166 Mode = defense city-free reachable tiles = 265 Fallback-Tiles = 267
2026-06-02 00:44:15 [self-0002-0-city] Priority agent: reverse -35000, edge reuse -27000 base = 237130 final = 175130
2026-06-02 00:44:15 [self-0002-0-city] Move #356: 167 -> 166 | Army: 92 | Target-Terrain: 1 | Target: 166 | Half: False
2026-06-02 00:44:15 [self-0002-0-city] My general index: 169
2026-06-02 00:44:15 [self-0002-0-city] Enemy general index: None
2026-06-02 00:44:15 [self-0002-0-city] Visible enemy tiles: 5
2026-06-02 00:44:15 [self-0002-0-city] Tiles: 19 / 78
2026-06-02 00:44:15 [self-0002-0-city] Map: 19 x 19 Turn: 394
2026-06-02 00:44:15 [self-0002-0-city] Route planned: Target = 167 Mode = defense city-free reachable tiles = 264 Fallback-Tiles = 267
2026-06-02 00:44:15 [self-0002-0-city] Move #357: 170 -> 169 | Army: 2 | Target-Terrain: 1 | Target: 167 | Half: False
2026-06-02 00:44:16 [self-0002-0-city] My general index: 169
2026-06-02 00:44:16 [self-0002-0-city] Enemy general index: None
2026-06-02 00:44:16 [self-0002-0-city] Visible enemy tiles: 5
2026-06-02 00:44:16 [self-0002-0-city] Tiles: 18 / 79
2026-06-02 00:44:16 [self-0002-0-city] Map: 19 x 19 Turn: 395
2026-06-02 00:44:16 [self-0002-0-city] Route planned: Target = 167 Mode = defense city-free reachable tiles = 264 Fallback-Tiles = 267
2026-06-02 00:44:16 [self-0002-0-city] Priority agent: edge reuse -36000 base = 177930 final = 141930
2026-06-02 00:44:16 [self-0002-0-city] Move #358: 166 -> 167 | Army: 93 | Target-Terrain: 1 | Target: 167 | Half: False
2026-06-02 00:44:16 [self-0002-0-city] My general index: 169
2026-06-02 00:44:16 [self-0002-0-city] Enemy general index: None
2026-06-02 00:44:16 [self-0002-0-city] Visible enemy tiles: 6
2026-06-02 00:44:16 [self-0002-0-city] Tiles: 17 / 80
2026-06-02 00:44:16 [self-0002-0-city] Map: 19 x 19 Turn: 396
2026-06-02 00:44:16 [self-0002-0-city] Route planned: Target = 150 Mode = defense city-free reachable tiles = 265 Fallback-Tiles = 267
2026-06-02 00:44:16 [self-0002-0-city] Move #359: 169 -> 150 | Army: 62 | Target-Terrain: 1 | Target: 150 | Half: True
2026-06-02 00:44:17 [self-0002-0-city] Coach: stabilize tiles 16/81 army 176/406 cities 2/0 enemy_city_suspect False bias {'expansion_bias': 0.1, 'city_bias': 0.8, 'attack_bias': -0.30000000000000004, 'defense_bias': 1.2, 'route_bias': 0.3}
2026-06-02 00:44:17 [self-0002-0-city] My general index: 169
2026-06-02 00:44:17 [self-0002-0-city] Enemy general index: None
2026-06-02 00:44:17 [self-0002-0-city] Visible enemy tiles: 7
2026-06-02 00:44:17 [self-0002-0-city] Tiles: 16 / 81
2026-06-02 00:44:17 [self-0002-0-city] Map: 19 x 19 Turn: 397
2026-06-02 00:44:17 [self-0002-0-city] Route planned: Target = 149 Mode = defense city-free reachable tiles = 264 Fallback-Tiles = 267
2026-06-02 00:44:17 [self-0002-0-city] Priority agent: edge reuse -9000, flow +6000 base = 283586 final = 280586
2026-06-02 00:44:17 [self-0002-0-city] Move #360: 150 -> 149 | Army: 36 | Target-Terrain: 0 | Target: 149 | Half: False
2026-06-02 00:44:17 [self-0002-0-city] My general index: 169
2026-06-02 00:44:17 [self-0002-0-city] Enemy general index: None
2026-06-02 00:44:17 [self-0002-0-city] Visible enemy tiles: 6
2026-06-02 00:44:17 [self-0002-0-city] Tiles: 17 / 80
2026-06-02 00:44:17 [self-0002-0-city] Map: 19 x 19 Turn: 398
2026-06-02 00:44:17 [self-0002-0-city] Route planned: Target = 150 Mode = defense city-free reachable tiles = 265 Fallback-Tiles = 267
2026-06-02 00:44:17 [self-0002-0-city] Move #361: 166 -> 147 | Army: 3 | Target-Terrain: 0 | Target: 150 | Half: False
2026-06-02 00:44:18 [self-0002-0-city] My general index: 169
2026-06-02 00:44:18 [self-0002-0-city] Enemy general index: None
2026-06-02 00:44:18 [self-0002-0-city] Visible enemy tiles: 6
2026-06-02 00:44:18 [self-0002-0-city] Tiles: 18 / 79
2026-06-02 00:44:18 [self-0002-0-city] Map: 19 x 19 Turn: 399
2026-06-02 00:44:18 [self-0002-0-city] Route planned: Target = 150 Mode = defense city-free reachable tiles = 265 Fallback-Tiles = 267
2026-06-02 00:44:18 [self-0002-0-city] Move #362: 167 -> 148 | Army: 93 | Target-Terrain: 0 | Target: 150 | Half: False
2026-06-02 00:44:18 [self-0002-0-city] My general index: 169
2026-06-02 00:44:18 [self-0002-0-city] Enemy general index: None
2026-06-02 00:44:18 [self-0002-0-city] Visible enemy tiles: 5
2026-06-02 00:44:18 [self-0002-0-city] Tiles: 19 / 78
2026-06-02 00:44:18 [self-0002-0-city] Map: 19 x 19 Turn: 400
2026-06-02 00:44:18 [self-0002-0-city] Route planned: Target = 150 Mode = defense city-free reachable tiles = 265 Fallback-Tiles = 267
2026-06-02 00:44:18 [self-0002-0-city] Move #363: 147 -> 148 | Army: 2 | Target-Terrain: 1 | Target: 150 | Half: False
2026-06-02 00:44:19 [self-0002-0-city] My general index: 169
2026-06-02 00:44:19 [self-0002-0-city] Enemy general index: None
2026-06-02 00:44:19 [self-0002-0-city] Visible enemy tiles: 5
2026-06-02 00:44:19 [self-0002-0-city] Tiles: 19 / 78
2026-06-02 00:44:19 [self-0002-0-city] Map: 19 x 19 Turn: 401
2026-06-02 00:44:19 [self-0002-0-city] Route planned: Target = 150 Mode = defense city-free reachable tiles = 265 Fallback-Tiles = 267
2026-06-02 00:44:19 [self-0002-0-city] Move #364: 189 -> 188 | Army: 2 | Target-Terrain: 1 | Target: 150 | Half: False
2026-06-02 00:44:19 [self-0002-0-city] My general index: 169
2026-06-02 00:44:19 [self-0002-0-city] Enemy general index: None
2026-06-02 00:44:19 [self-0002-0-city] Visible enemy tiles: 5
2026-06-02 00:44:19 [self-0002-0-city] Tiles: 19 / 78
2026-06-02 00:44:19 [self-0002-0-city] Map: 19 x 19 Turn: 402
2026-06-02 00:44:19 [self-0002-0-city] Route planned: Target = 150 Mode = defense city-free reachable tiles = 265 Fallback-Tiles = 267
2026-06-02 00:44:19 [self-0002-0-city] Priority agent: flow +6000 base = 137263 final = 143263
2026-06-02 00:44:19 [self-0002-0-city] Move #365: 188 -> 169 | Army: 3 | Target-Terrain: 1 | Target: 150 | Half: False
2026-06-02 00:44:20 [self-0002-0-city] My general index: 169
2026-06-02 00:44:20 [self-0002-0-city] Enemy general index: None
2026-06-02 00:44:20 [self-0002-0-city] Visible enemy tiles: 5
2026-06-02 00:44:20 [self-0002-0-city] Tiles: 19 / 78
2026-06-02 00:44:20 [self-0002-0-city] Map: 19 x 19 Turn: 403
2026-06-02 00:44:20 [self-0002-0-city] Route planned: Target = 150 Mode = defense city-free reachable tiles = 265 Fallback-Tiles = 267
2026-06-02 00:44:20 [self-0002-0-city] Move #366: 225 -> 206 | Army: 2 | Target-Terrain: 1 | Target: 150 | Half: False
2026-06-02 00:44:20 [self-0002-0-city] My general index: 169
2026-06-02 00:44:20 [self-0002-0-city] Enemy general index: None
2026-06-02 00:44:20 [self-0002-0-city] Visible enemy tiles: 5
2026-06-02 00:44:20 [self-0002-0-city] Tiles: 19 / 78
2026-06-02 00:44:20 [self-0002-0-city] Map: 19 x 19 Turn: 404
2026-06-02 00:44:20 [self-0002-0-city] Route planned: Target = 150 Mode = defense city-free reachable tiles = 265 Fallback-Tiles = 267
2026-06-02 00:44:20 [self-0002-0-city] Priority agent: flow +6000 base = 137083 final = 143083
2026-06-02 00:44:20 [self-0002-0-city] Move #367: 206 -> 187 | Army: 3 | Target-Terrain: 1 | Target: 150 | Half: False
2026-06-02 00:44:21 [self-0002-0-city] My general index: 169
2026-06-02 00:44:21 [self-0002-0-city] Enemy general index: None
2026-06-02 00:44:21 [self-0002-0-city] Visible enemy tiles: 5
2026-06-02 00:44:21 [self-0002-0-city] Tiles: 19 / 78
2026-06-02 00:44:21 [self-0002-0-city] Map: 19 x 19 Turn: 405
2026-06-02 00:44:21 [self-0002-0-city] Route planned: Target = 150 Mode = defense city-free reachable tiles = 265 Fallback-Tiles = 267
2026-06-02 00:44:21 [self-0002-0-city] Priority agent: flow +6000 base = 138374 final = 144374
2026-06-02 00:44:21 [self-0002-0-city] Move #368: 187 -> 168 | Army: 4 | Target-Terrain: 1 | Target: 150 | Half: False
2026-06-02 00:44:21 [self-0002-0-city] My general index: 169
2026-06-02 00:44:21 [self-0002-0-city] Enemy general index: None
2026-06-02 00:44:21 [self-0002-0-city] Visible enemy tiles: 5
2026-06-02 00:44:21 [self-0002-0-city] Tiles: 19 / 78
2026-06-02 00:44:21 [self-0002-0-city] Map: 19 x 19 Turn: 406
2026-06-02 00:44:21 [self-0002-0-city] Route planned: Target = 150 Mode = defense city-free reachable tiles = 265 Fallback-Tiles = 267
2026-06-02 00:44:21 [self-0002-0-city] Priority agent: flow +6000 base = 143265 final = 149265
2026-06-02 00:44:21 [self-0002-0-city] Move #369: 168 -> 149 | Army: 5 | Target-Terrain: 1 | Target: 150 | Half: False
2026-06-02 00:44:22 [self-0002-0-city] My general index: 169
2026-06-02 00:44:22 [self-0002-0-city] Enemy general index: None
2026-06-02 00:44:22 [self-0002-0-city] Visible enemy tiles: 5
2026-06-02 00:44:22 [self-0002-0-city] Tiles: 19 / 78
2026-06-02 00:44:22 [self-0002-0-city] Map: 19 x 19 Turn: 407
2026-06-02 00:44:22 [self-0002-0-city] Route planned: Target = 150 Mode = defense city-free reachable tiles = 265 Fallback-Tiles = 267
2026-06-02 00:44:22 [self-0002-0-city] Move #370: 224 -> 205 | Army: 2 | Target-Terrain: 1 | Target: 150 | Half: False
2026-06-02 00:44:22 [self-0002-0-city] My general index: 169
2026-06-02 00:44:22 [self-0002-0-city] Enemy general index: None
2026-06-02 00:44:22 [self-0002-0-city] Visible enemy tiles: 5
2026-06-02 00:44:22 [self-0002-0-city] Tiles: 19 / 78
2026-06-02 00:44:22 [self-0002-0-city] Map: 19 x 19 Turn: 408
2026-06-02 00:44:22 [self-0002-0-city] Route planned: Target = 150 Mode = defense city-free reachable tiles = 265 Fallback-Tiles = 267
2026-06-02 00:44:22 [self-0002-0-city] Priority agent: flow +6000 base = 136995 final = 142995
2026-06-02 00:44:22 [self-0002-0-city] Move #371: 205 -> 206 | Army: 5 | Target-Terrain: 1 | Target: 150 | Half: False
2026-06-02 00:44:23 [self-0002-0-city] My general index: 169
2026-06-02 00:44:23 [self-0002-0-city] Enemy general index: None
2026-06-02 00:44:23 [self-0002-0-city] Visible enemy tiles: 5
2026-06-02 00:44:23 [self-0002-0-city] Tiles: 19 / 78
2026-06-02 00:44:23 [self-0002-0-city] Map: 19 x 19 Turn: 409
2026-06-02 00:44:23 [self-0002-0-city] Route planned: Target = 150 Mode = defense city-free reachable tiles = 265 Fallback-Tiles = 267
2026-06-02 00:44:23 [self-0002-0-city] Move #372: 170 -> 169 | Army: 2 | Target-Terrain: 1 | Target: 150 | Half: False
2026-06-02 00:44:23 [self-0002-0-city] My general index: 169
2026-06-02 00:44:23 [self-0002-0-city] Enemy general index: None
2026-06-02 00:44:23 [self-0002-0-city] Visible enemy tiles: 5
2026-06-02 00:44:23 [self-0002-0-city] Tiles: 19 / 78
2026-06-02 00:44:23 [self-0002-0-city] Map: 19 x 19 Turn: 410
2026-06-02 00:44:23 [self-0002-0-city] Route planned: Target = 150 Mode = defense city-free reachable tiles = 265 Fallback-Tiles = 267
2026-06-02 00:44:23 [self-0002-0-city] Move #373: 223 -> 204 | Army: 2 | Target-Terrain: 1 | Target: 150 | Half: False
2026-06-02 00:44:24 [self-0002-0-city] My general index: 169
2026-06-02 00:44:24 [self-0002-0-city] Enemy general index: None
2026-06-02 00:44:24 [self-0002-0-city] Visible enemy tiles: 5
2026-06-02 00:44:24 [self-0002-0-city] Tiles: 18 / 79
2026-06-02 00:44:24 [self-0002-0-city] Map: 19 x 19 Turn: 411
2026-06-02 00:44:24 [self-0002-0-city] Route planned: Target = 150 Mode = defense city-free reachable tiles = 265 Fallback-Tiles = 267
2026-06-02 00:44:24 [self-0002-0-city] Priority agent: flow +6000 base = 136903 final = 142903
2026-06-02 00:44:24 [self-0002-0-city] Move #374: 204 -> 205 | Army: 3 | Target-Terrain: 1 | Target: 150 | Half: False
2026-06-02 00:44:24 [self-0002-0-city] My general index: 169
2026-06-02 00:44:24 [self-0002-0-city] Enemy general index: None
2026-06-02 00:44:24 [self-0002-0-city] Visible enemy tiles: 5
2026-06-02 00:44:24 [self-0002-0-city] Tiles: 18 / 79
2026-06-02 00:44:24 [self-0002-0-city] Map: 19 x 19 Turn: 412
2026-06-02 00:44:24 [self-0002-0-city] Route planned: Target = 150 Mode = defense city-free reachable tiles = 265 Fallback-Tiles = 267
2026-06-02 00:44:24 [self-0002-0-city] Move #375: 148 -> 149 | Army: 93 | Target-Terrain: 1 | Target: 150 | Half: False
2026-06-02 00:44:25 [self-0002-0-city] My general index: 169
2026-06-02 00:44:25 [self-0002-0-city] Enemy general index: None
2026-06-02 00:44:25 [self-0002-0-city] Visible enemy tiles: 6
2026-06-02 00:44:25 [self-0002-0-city] Tiles: 17 / 80
2026-06-02 00:44:25 [self-0002-0-city] Map: 19 x 19 Turn: 413
2026-06-02 00:44:25 [self-0002-0-city] Route planned: Target = 150 Mode = defense city-free reachable tiles = 265 Fallback-Tiles = 267
2026-06-02 00:44:25 [self-0002-0-city] Priority agent: flow +6000 base = 275430 final = 281430
2026-06-02 00:44:25 [self-0002-0-city] Move #376: 149 -> 150 | Army: 105 | Target-Terrain: 1 | Target: 150 | Half: False
2026-06-02 00:44:25 [self-0002-0-city] My general index: 169
2026-06-02 00:44:25 [self-0002-0-city] Enemy general index: None
2026-06-02 00:44:25 [self-0002-0-city] Visible enemy tiles: 7
2026-06-02 00:44:25 [self-0002-0-city] Tiles: 16 / 81
2026-06-02 00:44:25 [self-0002-0-city] Map: 19 x 19 Turn: 414
2026-06-02 00:44:25 [self-0002-0-city] Route planned: Target = 149 Mode = defense city-free reachable tiles = 264 Fallback-Tiles = 267
2026-06-02 00:44:25 [self-0002-0-city] Move #377: 166 -> 147 | Army: 10 | Target-Terrain: 0 | Target: 149 | Half: False
2026-06-02 00:44:26 [self-0002-0-city] My general index: 169
2026-06-02 00:44:26 [self-0002-0-city] Enemy general index: None
2026-06-02 00:44:26 [self-0002-0-city] Visible enemy tiles: 8
2026-06-02 00:44:26 [self-0002-0-city] Tiles: 16 / 81
2026-06-02 00:44:26 [self-0002-0-city] Map: 19 x 19 Turn: 415
2026-06-02 00:44:26 [self-0002-0-city] Route planned: Target = 149 Mode = defense city-free reachable tiles = 264 Fallback-Tiles = 267
2026-06-02 00:44:26 [self-0002-0-city] Priority agent: edge reuse -9000 base = 204030 final = 195030
2026-06-02 00:44:26 [self-0002-0-city] Move #378: 150 -> 149 | Army: 115 | Target-Terrain: 1 | Target: 149 | Half: False
2026-06-02 00:44:26 [self-0002-0-city] My general index: 169
2026-06-02 00:44:26 [self-0002-0-city] Enemy general index: None
2026-06-02 00:44:26 [self-0002-0-city] Visible enemy tiles: 9
2026-06-02 00:44:26 [self-0002-0-city] Tiles: 15 / 82
2026-06-02 00:44:26 [self-0002-0-city] Map: 19 x 19 Turn: 416
2026-06-02 00:44:26 [self-0002-0-city] Route planned: Target = 150 Mode = defense city-free reachable tiles = 265 Fallback-Tiles = 267
2026-06-02 00:44:26 [self-0002-0-city] Priority agent: reverse -35000, edge reuse -18000 base = 242830 final = 189830
2026-06-02 00:44:26 [self-0002-0-city] Move #379: 149 -> 150 | Army: 115 | Target-Terrain: 1 | Target: 150 | Half: False
2026-06-02 00:44:27 [self-0002-0-city] My general index: 169
2026-06-02 00:44:27 [self-0002-0-city] Enemy general index: None
2026-06-02 00:44:27 [self-0002-0-city] Visible enemy tiles: 9
2026-06-02 00:44:27 [self-0002-0-city] Tiles: 15 / 82
2026-06-02 00:44:27 [self-0002-0-city] Map: 19 x 19 Turn: 417
2026-06-02 00:44:27 [self-0002-0-city] Route planned: Target = 170 Mode = defense city-free reachable tiles = 264 Fallback-Tiles = 267
2026-06-02 00:44:27 [self-0002-0-city] Move #380: 151 -> 170 | Army: 2 | Target-Terrain: 1 | Target: 170 | Half: False
2026-06-02 00:44:27 [self-0002-0-city] My general index: 169
2026-06-02 00:44:27 [self-0002-0-city] Enemy general index: None
2026-06-02 00:44:27 [self-0002-0-city] Visible enemy tiles: 9
2026-06-02 00:44:27 [self-0002-0-city] Tiles: 15 / 82
2026-06-02 00:44:27 [self-0002-0-city] Map: 19 x 19 Turn: 418
2026-06-02 00:44:27 [self-0002-0-city] Route planned: Target = 170 Mode = defense city-free reachable tiles = 264 Fallback-Tiles = 267
2026-06-02 00:44:27 [self-0002-0-city] Move #381: 147 -> 148 | Army: 8 | Target-Terrain: 0 | Target: 170 | Half: False
2026-06-02 00:44:28 [self-0002-0-city] My general index: 169
2026-06-02 00:44:28 [self-0002-0-city] Enemy general index: None
2026-06-02 00:44:28 [self-0002-0-city] Visible enemy tiles: 8
2026-06-02 00:44:28 [self-0002-0-city] Tiles: 16 / 81
2026-06-02 00:44:28 [self-0002-0-city] Map: 19 x 19 Turn: 419
2026-06-02 00:44:28 [self-0002-0-city] Route planned: Target = 170 Mode = defense city-free reachable tiles = 264 Fallback-Tiles = 267
2026-06-02 00:44:28 [self-0002-0-city] Priority agent: flow +6000 base = 172436 final = 178436
2026-06-02 00:44:28 [self-0002-0-city] Move #382: 148 -> 167 | Army: 6 | Target-Terrain: 0 | Target: 170 | Half: False
2026-06-02 00:44:28 [self-0002-0-city] My general index: 169
2026-06-02 00:44:28 [self-0002-0-city] Enemy general index: None
2026-06-02 00:44:28 [self-0002-0-city] Visible enemy tiles: 7
2026-06-02 00:44:28 [self-0002-0-city] Tiles: 17 / 80
2026-06-02 00:44:28 [self-0002-0-city] Map: 19 x 19 Turn: 420
2026-06-02 00:44:28 [self-0002-0-city] Route planned: Target = 170 Mode = defense city-free reachable tiles = 264 Fallback-Tiles = 267
2026-06-02 00:44:28 [self-0002-0-city] Move #383: 206 -> 187 | Army: 5 | Target-Terrain: 1 | Target: 170 | Half: False
2026-06-02 00:44:29 [self-0002-0-city] My general index: 169
2026-06-02 00:44:29 [self-0002-0-city] Enemy general index: None
2026-06-02 00:44:29 [self-0002-0-city] Visible enemy tiles: 7
2026-06-02 00:44:29 [self-0002-0-city] Tiles: 17 / 80
2026-06-02 00:44:29 [self-0002-0-city] Map: 19 x 19 Turn: 421
2026-06-02 00:44:29 [self-0002-0-city] Route planned: Target = 170 Mode = defense city-free reachable tiles = 264 Fallback-Tiles = 267
2026-06-02 00:44:29 [self-0002-0-city] Priority agent: flow +6000 base = 137175 final = 143175
2026-06-02 00:44:29 [self-0002-0-city] Move #384: 187 -> 188 | Army: 5 | Target-Terrain: 1 | Target: 170 | Half: False
2026-06-02 00:44:29 [self-0002-0-city] My general index: 169
2026-06-02 00:44:29 [self-0002-0-city] Enemy general index: None
2026-06-02 00:44:29 [self-0002-0-city] Visible enemy tiles: 7
2026-06-02 00:44:29 [self-0002-0-city] Tiles: 17 / 80
2026-06-02 00:44:29 [self-0002-0-city] Map: 19 x 19 Turn: 422
2026-06-02 00:44:29 [self-0002-0-city] Route planned: Target = 170 Mode = defense city-free reachable tiles = 264 Fallback-Tiles = 267
2026-06-02 00:44:29 [self-0002-0-city] Priority agent: flow +6000 base = 140865 final = 146865
2026-06-02 00:44:29 [self-0002-0-city] Move #385: 188 -> 169 | Army: 5 | Target-Terrain: 1 | Target: 170 | Half: False
2026-06-02 00:44:30 [self-0002-0-city] My general index: 169
2026-06-02 00:44:30 [self-0002-0-city] Enemy general index: None
2026-06-02 00:44:30 [self-0002-0-city] Visible enemy tiles: 7
2026-06-02 00:44:30 [self-0002-0-city] Tiles: 17 / 80
2026-06-02 00:44:30 [self-0002-0-city] Map: 19 x 19 Turn: 423
2026-06-02 00:44:30 [self-0002-0-city] Route planned: Target = 170 Mode = defense city-free reachable tiles = 264 Fallback-Tiles = 267
2026-06-02 00:44:30 [self-0002-0-city] Move #386: 205 -> 206 | Army: 3 | Target-Terrain: 1 | Target: 170 | Half: False
2026-06-02 00:44:30 [self-0002-0-city] My general index: 169
2026-06-02 00:44:30 [self-0002-0-city] Enemy general index: None
2026-06-02 00:44:30 [self-0002-0-city] Visible enemy tiles: 7
2026-06-02 00:44:30 [self-0002-0-city] Tiles: 17 / 80
2026-06-02 00:44:30 [self-0002-0-city] Map: 19 x 19 Turn: 424
2026-06-02 00:44:30 [self-0002-0-city] Route planned: Target = 170 Mode = defense city-free reachable tiles = 264 Fallback-Tiles = 267
2026-06-02 00:44:30 [self-0002-0-city] Priority agent: edge reuse -9000, flow +6000 base = 137083 final = 134083
2026-06-02 00:44:30 [self-0002-0-city] Move #387: 206 -> 187 | Army: 3 | Target-Terrain: 1 | Target: 170 | Half: False
2026-06-02 00:44:31 [self-0002-0-city] My general index: 169
2026-06-02 00:44:31 [self-0002-0-city] Enemy general index: None
2026-06-02 00:44:31 [self-0002-0-city] Visible enemy tiles: 7
2026-06-02 00:44:31 [self-0002-0-city] Tiles: 17 / 80
2026-06-02 00:44:31 [self-0002-0-city] Map: 19 x 19 Turn: 425
2026-06-02 00:44:31 [self-0002-0-city] Route planned: Target = 170 Mode = defense city-free reachable tiles = 264 Fallback-Tiles = 267
2026-06-02 00:44:31 [self-0002-0-city] Priority agent: edge reuse -9000, flow +6000 base = 137173 final = 134173
2026-06-02 00:44:31 [self-0002-0-city] Move #388: 187 -> 188 | Army: 3 | Target-Terrain: 1 | Target: 170 | Half: False
2026-06-02 00:44:31 [self-0002-0-city] My general index: 169
2026-06-02 00:44:31 [self-0002-0-city] Enemy general index: None
2026-06-02 00:44:31 [self-0002-0-city] Visible enemy tiles: 7
2026-06-02 00:44:31 [self-0002-0-city] Tiles: 16 / 81
2026-06-02 00:44:31 [self-0002-0-city] Map: 19 x 19 Turn: 426
2026-06-02 00:44:31 [self-0002-0-city] Route planned: Target = 170 Mode = defense city-free reachable tiles = 264 Fallback-Tiles = 267
2026-06-02 00:44:31 [self-0002-0-city] Priority agent: flow +6000 base = 137263 final = 143263
2026-06-02 00:44:31 [self-0002-0-city] Move #389: 188 -> 189 | Army: 3 | Target-Terrain: 1 | Target: 170 | Half: False
2026-06-02 00:44:32 [self-0002-0-city] My general index: 169
2026-06-02 00:44:32 [self-0002-0-city] Enemy general index: None
2026-06-02 00:44:32 [self-0002-0-city] Visible enemy tiles: 5
2026-06-02 00:44:32 [self-0002-0-city] Tiles: 15 / 82
2026-06-02 00:44:32 [self-0002-0-city] Map: 19 x 19 Turn: 427
2026-06-02 00:44:32 [self-0002-0-city] Route planned: Target = 170 Mode = defense city-free reachable tiles = 264 Fallback-Tiles = 267
2026-06-02 00:44:32 [self-0002-0-city] Priority agent: flow +6000 base = 244053 final = 250053
2026-06-02 00:44:32 [self-0002-0-city] Move #390: 189 -> 170 | Army: 3 | Target-Terrain: 1 | Target: 170 | Half: False
2026-06-02 00:44:32 [self-0002-0-city] My general index: 169
2026-06-02 00:44:32 [self-0002-0-city] Enemy general index: None
2026-06-02 00:44:32 [self-0002-0-city] Visible enemy tiles: 6
2026-06-02 00:44:32 [self-0002-0-city] Tiles: 14 / 83
2026-06-02 00:44:32 [self-0002-0-city] Map: 19 x 19 Turn: 428
2026-06-02 00:44:32 [self-0002-0-city] Route planned: Target = 168 Mode = defense city-free reachable tiles = 264 Fallback-Tiles = 267
2026-06-02 00:44:32 [self-0002-0-city] Priority agent: flow +6000 base = 147564 final = 153564
2026-06-02 00:44:32 [self-0002-0-city] Move #391: 170 -> 169 | Army: 4 | Target-Terrain: 1 | Target: 168 | Half: False
2026-06-02 00:44:33 [self-0002-0-city] My general index: 169
2026-06-02 00:44:33 [self-0002-0-city] Enemy general index: None
2026-06-02 00:44:33 [self-0002-0-city] Visible enemy tiles: 6
2026-06-02 00:44:33 [self-0002-0-city] Tiles: 14 / 83
2026-06-02 00:44:33 [self-0002-0-city] Map: 19 x 19 Turn: 429
2026-06-02 00:44:33 [self-0002-0-city] Route planned: Target = 168 Mode = defense city-free reachable tiles = 264 Fallback-Tiles = 267
2026-06-02 00:44:33 [self-0002-0-city] Move #392: 150 -> 169 | Army: 122 | Target-Terrain: 1 | Target: 168 | Half: False
2026-06-02 00:44:33 [self-0002-0-city] My general index: 169
2026-06-02 00:44:33 [self-0002-0-city] Enemy general index: None
2026-06-02 00:44:33 [self-0002-0-city] Visible enemy tiles: 6
2026-06-02 00:44:33 [self-0002-0-city] Tiles: 14 / 83
2026-06-02 00:44:33 [self-0002-0-city] Map: 19 x 19 Turn: 430
2026-06-02 00:44:33 [self-0002-0-city] Route planned: Target = 150 Mode = defense city-free reachable tiles = 265 Fallback-Tiles = 267
2026-06-02 00:44:33 [self-0002-0-city] Priority agent: reverse -35000, edge reuse -9000 base = 257230 final = 213230
2026-06-02 00:44:33 [self-0002-0-city] Move #393: 169 -> 150 | Army: 180 | Target-Terrain: 1 | Target: 150 | Half: True
2026-06-02 00:44:34 [self-0002-0-city] My general index: 169
2026-06-02 00:44:34 [self-0002-0-city] Enemy general index: None
2026-06-02 00:44:34 [self-0002-0-city] Visible enemy tiles: 6
2026-06-02 00:44:34 [self-0002-0-city] Tiles: 14 / 83
2026-06-02 00:44:34 [self-0002-0-city] Map: 19 x 19 Turn: 431
2026-06-02 00:44:34 [self-0002-0-city] Route planned: Target = 168 Mode = defense city-free reachable tiles = 264 Fallback-Tiles = 267
2026-06-02 00:44:34 [self-0002-0-city] Priority agent: flow +3000 base = 275930 final = 278930
2026-06-02 00:44:34 [self-0002-0-city] Move #394: 169 -> 168 | Army: 90 | Target-Terrain: 0 | Target: 168 | Half: True
2026-06-02 00:44:34 [self-0002-0-city] My general index: 169
2026-06-02 00:44:34 [self-0002-0-city] Enemy general index: None
2026-06-02 00:44:34 [self-0002-0-city] Visible enemy tiles: 5
2026-06-02 00:44:34 [self-0002-0-city] Tiles: 15 / 82
2026-06-02 00:44:34 [self-0002-0-city] Map: 19 x 19 Turn: 432
2026-06-02 00:44:34 [self-0002-0-city] Route planned: Target = 170 Mode = defense city-free reachable tiles = 264 Fallback-Tiles = 267
2026-06-02 00:44:34 [self-0002-0-city] Priority agent: flow +3000 base = 129440 final = 132440
2026-06-02 00:44:34 [self-0002-0-city] Move #395: 150 -> 151 | Army: 93 | Target-Terrain: 1 | Target: 170 | Half: False
2026-06-02 00:44:35 [self-0002-0-city] My general index: 169
2026-06-02 00:44:35 [self-0002-0-city] Enemy general index: None
2026-06-02 00:44:35 [self-0002-0-city] Visible enemy tiles: 5
2026-06-02 00:44:35 [self-0002-0-city] Tiles: 15 / 82
2026-06-02 00:44:35 [self-0002-0-city] Map: 19 x 19 Turn: 433
2026-06-02 00:44:35 [self-0002-0-city] Route planned: Target = 150 Mode = defense city-free reachable tiles = 265 Fallback-Tiles = 267
2026-06-02 00:44:35 [self-0002-0-city] Priority agent: reverse -35000, edge reuse -9000 base = 260530 final = 216530
2026-06-02 00:44:35 [self-0002-0-city] Move #396: 151 -> 150 | Army: 93 | Target-Terrain: 1 | Target: 150 | Half: False
2026-06-02 00:44:35 [self-0002-0-city] My general index: 169
2026-06-02 00:44:35 [self-0002-0-city] Enemy general index: None
2026-06-02 00:44:35 [self-0002-0-city] Visible enemy tiles: 5
2026-06-02 00:44:35 [self-0002-0-city] Tiles: 15 / 82
2026-06-02 00:44:35 [self-0002-0-city] Map: 19 x 19 Turn: 434
2026-06-02 00:44:35 [self-0002-0-city] Route planned: Target = 170 Mode = defense city-free reachable tiles = 264 Fallback-Tiles = 267
2026-06-02 00:44:35 [self-0002-0-city] Priority agent: edge reuse -9000 base = 109999 final = 100999
2026-06-02 00:44:35 [self-0002-0-city] Move #397: 168 -> 169 | Army: 39 | Target-Terrain: 1 | Target: 170 | Half: False
2026-06-02 00:44:36 [self-0002-0-city] My general index: 169
2026-06-02 00:44:36 [self-0002-0-city] Enemy general index: None
2026-06-02 00:44:36 [self-0002-0-city] Visible enemy tiles: 5
2026-06-02 00:44:36 [self-0002-0-city] Tiles: 15 / 82
2026-06-02 00:44:36 [self-0002-0-city] Map: 19 x 19 Turn: 435
2026-06-02 00:44:36 [self-0002-0-city] Route planned: Target = 168 Mode = defense city-free reachable tiles = 264 Fallback-Tiles = 267
2026-06-02 00:44:36 [self-0002-0-city] Priority agent: reverse -35000, edge reuse -18000 base = 211530 final = 158530
2026-06-02 00:44:36 [self-0002-0-city] Move #398: 169 -> 168 | Army: 85 | Target-Terrain: 1 | Target: 168 | Half: True
2026-06-02 00:44:36 [self-0002-0-city] My general index: 169
2026-06-02 00:44:36 [self-0002-0-city] Enemy general index: None
2026-06-02 00:44:36 [self-0002-0-city] Visible enemy tiles: 5
2026-06-02 00:44:36 [self-0002-0-city] Tiles: 15 / 82
2026-06-02 00:44:36 [self-0002-0-city] Map: 19 x 19 Turn: 436
2026-06-02 00:44:36 [self-0002-0-city] Route planned: Target = 168 Mode = defense city-free reachable tiles = 264 Fallback-Tiles = 267
2026-06-02 00:44:36 [self-0002-0-city] Move #399: 150 -> 149 | Army: 95 | Target-Terrain: 1 | Target: 168 | Half: False
2026-06-02 00:44:37 [self-0002-0-city] My general index: 169
2026-06-02 00:44:37 [self-0002-0-city] Enemy general index: None
2026-06-02 00:44:37 [self-0002-0-city] Visible enemy tiles: 5
2026-06-02 00:44:37 [self-0002-0-city] Tiles: 15 / 82
2026-06-02 00:44:37 [self-0002-0-city] Map: 19 x 19 Turn: 437
2026-06-02 00:44:37 [self-0002-0-city] Route planned: Target = 150 Mode = defense city-free reachable tiles = 265 Fallback-Tiles = 267
2026-06-02 00:44:37 [self-0002-0-city] Priority agent: reverse -35000, edge reuse -9000 base = 247030 final = 203030
2026-06-02 00:44:37 [self-0002-0-city] Move #400: 149 -> 150 | Army: 95 | Target-Terrain: 1 | Target: 150 | Half: False
2026-06-02 00:44:37 [self-0002-0-city] My general index: 169
2026-06-02 00:44:37 [self-0002-0-city] Enemy general index: None
2026-06-02 00:44:37 [self-0002-0-city] Visible enemy tiles: 5
2026-06-02 00:44:37 [self-0002-0-city] Tiles: 15 / 82
2026-06-02 00:44:37 [self-0002-0-city] Map: 19 x 19 Turn: 438
2026-06-02 00:44:37 [self-0002-0-city] Route planned: Target = 168 Mode = defense city-free reachable tiles = 264 Fallback-Tiles = 267
2026-06-02 00:44:37 [self-0002-0-city] Priority agent: edge reuse -18000, flow +6000 base = 85140 final = 73140
2026-06-02 00:44:37 [self-0002-0-city] Move #401: 150 -> 169 | Army: 96 | Target-Terrain: 1 | Target: 168 | Half: False
2026-06-02 00:44:38 [self-0002-0-city] My general index: 169
2026-06-02 00:44:38 [self-0002-0-city] Enemy general index: None
2026-06-02 00:44:38 [self-0002-0-city] Visible enemy tiles: 5
2026-06-02 00:44:38 [self-0002-0-city] Tiles: 15 / 82
2026-06-02 00:44:38 [self-0002-0-city] Map: 19 x 19 Turn: 439
2026-06-02 00:44:38 [self-0002-0-city] Route planned: Target = 150 Mode = defense city-free reachable tiles = 265 Fallback-Tiles = 267
2026-06-02 00:44:38 [self-0002-0-city] Priority agent: reverse -35000, edge reuse -27000 base = 230230 final = 168230
2026-06-02 00:44:38 [self-0002-0-city] Move #402: 169 -> 150 | Army: 140 | Target-Terrain: 1 | Target: 150 | Half: True
2026-06-02 00:44:38 [self-0002-0-city] My general index: 169
2026-06-02 00:44:38 [self-0002-0-city] Enemy general index: None
2026-06-02 00:44:38 [self-0002-0-city] Visible enemy tiles: 5
2026-06-02 00:44:38 [self-0002-0-city] Tiles: 15 / 82
2026-06-02 00:44:38 [self-0002-0-city] Map: 19 x 19 Turn: 440
2026-06-02 00:44:38 [self-0002-0-city] Route planned: Target = 168 Mode = defense city-free reachable tiles = 264 Fallback-Tiles = 267
2026-06-02 00:44:38 [self-0002-0-city] Priority agent: edge reuse -27000, flow +3000 base = 199521 final = 175521
2026-06-02 00:44:38 [self-0002-0-city] Move #403: 169 -> 168 | Army: 71 | Target-Terrain: 1 | Target: 168 | Half: True
2026-06-02 00:44:39 [self-0002-0-city] My general index: 169
2026-06-02 00:44:39 [self-0002-0-city] Enemy general index: None
2026-06-02 00:44:39 [self-0002-0-city] Visible enemy tiles: 5
2026-06-02 00:44:39 [self-0002-0-city] Tiles: 15 / 82
2026-06-02 00:44:39 [self-0002-0-city] Map: 19 x 19 Turn: 441
2026-06-02 00:44:39 [self-0002-0-city] Route planned: Target = 170 Mode = defense city-free reachable tiles = 264 Fallback-Tiles = 267
2026-06-02 00:44:39 [self-0002-0-city] Priority agent: edge reuse -18000, flow +3000 base = 94432 final = 79432
2026-06-02 00:44:39 [self-0002-0-city] Move #404: 150 -> 151 | Army: 72 | Target-Terrain: 1 | Target: 170 | Half: False
2026-06-02 00:44:39 [self-0002-0-city] My general index: 169
2026-06-02 00:44:39 [self-0002-0-city] Enemy general index: None
2026-06-02 00:44:39 [self-0002-0-city] Visible enemy tiles: 4
2026-06-02 00:44:39 [self-0002-0-city] Tiles: 14 / 83
2026-06-02 00:44:39 [self-0002-0-city] Map: 19 x 19 Turn: 442
2026-06-02 00:44:39 [self-0002-0-city] Route planned: Target = 150 Mode = defense city-free reachable tiles = 265 Fallback-Tiles = 266
2026-06-02 00:44:39 [self-0002-0-city] Priority agent: reverse -35000, edge reuse -27000 base = 233522 final = 171522
2026-06-02 00:44:39 [self-0002-0-city] Move #405: 151 -> 150 | Army: 72 | Target-Terrain: 1 | Target: 150 | Half: False
2026-06-02 00:44:40 [self-0002-0-city] My general index: 169
2026-06-02 00:44:40 [self-0002-0-city] Enemy general index: None
2026-06-02 00:44:40 [self-0002-0-city] Visible enemy tiles: 5
2026-06-02 00:44:40 [self-0002-0-city] Tiles: 13 / 84
2026-06-02 00:44:40 [self-0002-0-city] Map: 19 x 19 Turn: 443
2026-06-02 00:44:40 [self-0002-0-city] Route planned: Target = 170 Mode = defense city-free reachable tiles = 264 Fallback-Tiles = 266
2026-06-02 00:44:40 [self-0002-0-city] Priority agent: edge reuse -36000 base = 95003 final = 59003
2026-06-02 00:44:40 [self-0002-0-city] Move #406: 168 -> 169 | Army: 43 | Target-Terrain: 1 | Target: 170 | Half: False
2026-06-02 00:44:40 [self-0002-0-city] My general index: 169
2026-06-02 00:44:40 [self-0002-0-city] Enemy general index: None
2026-06-02 00:44:40 [self-0002-0-city] Visible enemy tiles: 6
2026-06-02 00:44:40 [self-0002-0-city] Tiles: 12 / 85
2026-06-02 00:44:40 [self-0002-0-city] Map: 19 x 19 Turn: 444
2026-06-02 00:44:40 [self-0002-0-city] Route planned: Target = 150 Mode = defense city-free reachable tiles = 265 Fallback-Tiles = 266
2026-06-02 00:44:40 [self-0002-0-city] Priority agent: edge reuse -27000, flow +6000 base = 264730 final = 243730
2026-06-02 00:44:40 [self-0002-0-city] Move #407: 169 -> 150 | Army: 80 | Target-Terrain: 0 | Target: 150 | Half: True
2026-06-02 00:44:41 [self-0002-0-city] My general index: 169
2026-06-02 00:44:41 [self-0002-0-city] Enemy general index: None
2026-06-02 00:44:41 [self-0002-0-city] Visible enemy tiles: 5
2026-06-02 00:44:41 [self-0002-0-city] Tiles: 13 / 84
2026-06-02 00:44:41 [self-0002-0-city] Map: 19 x 19 Turn: 445
2026-06-02 00:44:41 [self-0002-0-city] Route planned: Target = 150 Mode = defense city-free reachable tiles = 265 Fallback-Tiles = 266
2026-06-02 00:44:41 [self-0002-0-city] Priority agent: edge reuse -18000, flow +6000 base = 3582 final = -8418
2026-06-02 00:44:41 [self-0002-0-city] Move #408: 150 -> 149 | Army: 22 | Target-Terrain: 0 | Target: 150 | Half: False
2026-06-02 00:44:41 [self-0002-0-city] My general index: 169
2026-06-02 00:44:41 [self-0002-0-city] Enemy general index: None
2026-06-02 00:44:41 [self-0002-0-city] Visible enemy tiles: 4
2026-06-02 00:44:41 [self-0002-0-city] Tiles: 14 / 83
2026-06-02 00:44:41 [self-0002-0-city] Map: 19 x 19 Turn: 446
2026-06-02 00:44:41 [self-0002-0-city] Route planned: Target = 150 Mode = defense city-free reachable tiles = 265 Fallback-Tiles = 266
2026-06-02 00:44:41 [self-0002-0-city] Priority agent: flow +6000 base = 37340 final = 43340
2026-06-02 00:44:41 [self-0002-0-city] Move #409: 149 -> 148 | Army: 20 | Target-Terrain: 0 | Target: 150 | Half: False
2026-06-02 00:44:42 [self-0002-0-city] Coach: stabilize tiles 15/82 army 73/384 cities 1/1 enemy_city_suspect False bias {'expansion_bias': 0.1, 'city_bias': 0.8, 'attack_bias': -0.30000000000000004, 'defense_bias': 1.2, 'route_bias': 0.3}
2026-06-02 00:44:42 [self-0002-0-city] My general index: 169
2026-06-02 00:44:42 [self-0002-0-city] Enemy general index: None
2026-06-02 00:44:42 [self-0002-0-city] Visible enemy tiles: 5
2026-06-02 00:44:42 [self-0002-0-city] Tiles: 15 / 82
2026-06-02 00:44:42 [self-0002-0-city] Map: 19 x 19 Turn: 447
2026-06-02 00:44:42 [self-0002-0-city] Route planned: Target = 150 Mode = defense city-free reachable tiles = 265 Fallback-Tiles = 267
2026-06-02 00:44:42 [self-0002-0-city] Priority agent: reverse -35000, edge reuse -9000 base = 121478 final = 77478
2026-06-02 00:44:42 [self-0002-0-city] Move #410: 148 -> 149 | Army: 18 | Target-Terrain: 1 | Target: 150 | Half: False
2026-06-02 00:44:42 [self-0002-0-city] My general index: 169
2026-06-02 00:44:42 [self-0002-0-city] Enemy general index: None
2026-06-02 00:44:42 [self-0002-0-city] Visible enemy tiles: 5
2026-06-02 00:44:42 [self-0002-0-city] Tiles: 15 / 82
2026-06-02 00:44:42 [self-0002-0-city] Map: 19 x 19 Turn: 448
2026-06-02 00:44:42 [self-0002-0-city] Route planned: Target = 150 Mode = defense city-free reachable tiles = 265 Fallback-Tiles = 267
2026-06-02 00:44:42 [self-0002-0-city] No move found: blocked tiles = 2 ignored cities = 1 own movable tiles = 2
2026-06-02 00:44:43 [self-0002-0-city] My general index: 169
2026-06-02 00:44:43 [self-0002-0-city] Enemy general index: None
2026-06-02 00:44:43 [self-0002-0-city] Visible enemy tiles: 5
2026-06-02 00:44:43 [self-0002-0-city] Tiles: 15 / 82
2026-06-02 00:44:43 [self-0002-0-city] Map: 19 x 19 Turn: 449
2026-06-02 00:44:43 [self-0002-0-city] Route planned: Target = 150 Mode = defense city-free reachable tiles = 265 Fallback-Tiles = 267
2026-06-02 00:44:43 [self-0002-0-city] No move found: blocked tiles = 2 ignored cities = 1 own movable tiles = 2
2026-06-02 00:44:43 [self-0002-0-city] My general index: 169
2026-06-02 00:44:43 [self-0002-0-city] Enemy general index: None
2026-06-02 00:44:43 [self-0002-0-city] Visible enemy tiles: 5
2026-06-02 00:44:43 [self-0002-0-city] Tiles: 15 / 82
2026-06-02 00:44:43 [self-0002-0-city] Map: 19 x 19 Turn: 450
2026-06-02 00:44:43 [self-0002-0-city] Route planned: Target = 150 Mode = defense city-free reachable tiles = 265 Fallback-Tiles = 267
2026-06-02 00:44:43 [self-0002-0-city] Move #411: 189 -> 170 | Army: 2 | Target-Terrain: 1 | Target: 150 | Half: False
2026-06-02 00:44:44 [self-0002-0-city] My general index: 169
2026-06-02 00:44:44 [self-0002-0-city] Enemy general index: None
2026-06-02 00:44:44 [self-0002-0-city] Visible enemy tiles: 5
2026-06-02 00:44:44 [self-0002-0-city] Tiles: 15 / 82
2026-06-02 00:44:44 [self-0002-0-city] Map: 19 x 19 Turn: 451
2026-06-02 00:44:44 [self-0002-0-city] Route planned: Target = 150 Mode = defense city-free reachable tiles = 265 Fallback-Tiles = 267
2026-06-02 00:44:44 [self-0002-0-city] Priority agent: flow +6000 base = 144463 final = 150463
2026-06-02 00:44:44 [self-0002-0-city] Move #412: 170 -> 151 | Army: 3 | Target-Terrain: 1 | Target: 150 | Half: False
2026-06-02 00:44:44 [self-0002-0-city] My general index: 169
2026-06-02 00:44:44 [self-0002-0-city] Enemy general index: None
2026-06-02 00:44:44 [self-0002-0-city] Visible enemy tiles: 5
2026-06-02 00:44:44 [self-0002-0-city] Tiles: 15 / 82
2026-06-02 00:44:44 [self-0002-0-city] Map: 19 x 19 Turn: 452
2026-06-02 00:44:44 [self-0002-0-city] Route planned: Target = 150 Mode = defense city-free reachable tiles = 265 Fallback-Tiles = 267
2026-06-02 00:44:44 [self-0002-0-city] Move #413: 187 -> 168 | Army: 2 | Target-Terrain: 1 | Target: 150 | Half: False
2026-06-02 00:44:45 [self-0002-0-city] My general index: 169
2026-06-02 00:44:45 [self-0002-0-city] Enemy general index: None
2026-06-02 00:44:45 [self-0002-0-city] Visible enemy tiles: 5
2026-06-02 00:44:45 [self-0002-0-city] Tiles: 15 / 82
2026-06-02 00:44:45 [self-0002-0-city] Map: 19 x 19 Turn: 453
2026-06-02 00:44:45 [self-0002-0-city] Route planned: Target = 150 Mode = defense city-free reachable tiles = 265 Fallback-Tiles = 267
2026-06-02 00:44:45 [self-0002-0-city] Priority agent: flow +6000 base = 139663 final = 145663
2026-06-02 00:44:45 [self-0002-0-city] Move #414: 168 -> 149 | Army: 3 | Target-Terrain: 1 | Target: 150 | Half: False
2026-06-02 00:44:45 [self-0002-0-city] My general index: 169
2026-06-02 00:44:45 [self-0002-0-city] Enemy general index: None
2026-06-02 00:44:45 [self-0002-0-city] Visible enemy tiles: 5
2026-06-02 00:44:45 [self-0002-0-city] Tiles: 15 / 82
2026-06-02 00:44:45 [self-0002-0-city] Map: 19 x 19 Turn: 454
2026-06-02 00:44:45 [self-0002-0-city] Route planned: Target = 150 Mode = defense city-free reachable tiles = 265 Fallback-Tiles = 267
2026-06-02 00:44:45 [self-0002-0-city] Move #415: 225 -> 206 | Army: 2 | Target-Terrain: 1 | Target: 150 | Half: False
2026-06-02 00:44:46 [self-0002-0-city] My general index: 169
2026-06-02 00:44:46 [self-0002-0-city] Enemy general index: None
2026-06-02 00:44:46 [self-0002-0-city] Visible enemy tiles: 5
2026-06-02 00:44:46 [self-0002-0-city] Tiles: 15 / 82
2026-06-02 00:44:46 [self-0002-0-city] Map: 19 x 19 Turn: 455
2026-06-02 00:44:46 [self-0002-0-city] Route planned: Target = 150 Mode = defense city-free reachable tiles = 265 Fallback-Tiles = 267
2026-06-02 00:44:46 [self-0002-0-city] Move #416: 188 -> 169 | Army: 2 | Target-Terrain: 1 | Target: 150 | Half: False
2026-06-02 00:44:46 [self-0002-0-city] My general index: 169
2026-06-02 00:44:46 [self-0002-0-city] Enemy general index: None
2026-06-02 00:44:46 [self-0002-0-city] Visible enemy tiles: 5
2026-06-02 00:44:46 [self-0002-0-city] Tiles: 15 / 82
2026-06-02 00:44:46 [self-0002-0-city] Map: 19 x 19 Turn: 456
2026-06-02 00:44:46 [self-0002-0-city] Route planned: Target = 150 Mode = defense city-free reachable tiles = 265 Fallback-Tiles = 267
2026-06-02 00:44:46 [self-0002-0-city] Move #417: 224 -> 205 | Army: 2 | Target-Terrain: 1 | Target: 150 | Half: False
2026-06-02 00:44:47 [self-0002-0-city] My general index: 169
2026-06-02 00:44:47 [self-0002-0-city] Enemy general index: None
2026-06-02 00:44:47 [self-0002-0-city] Visible enemy tiles: 5
2026-06-02 00:44:47 [self-0002-0-city] Tiles: 15 / 82
2026-06-02 00:44:47 [self-0002-0-city] Map: 19 x 19 Turn: 457
2026-06-02 00:44:47 [self-0002-0-city] Route planned: Target = 150 Mode = defense city-free reachable tiles = 265 Fallback-Tiles = 267
2026-06-02 00:44:47 [self-0002-0-city] Priority agent: flow +6000 base = 136993 final = 142993
2026-06-02 00:44:47 [self-0002-0-city] Move #418: 205 -> 206 | Army: 3 | Target-Terrain: 1 | Target: 150 | Half: False
2026-06-02 00:44:47 [self-0002-0-city] My general index: 169
2026-06-02 00:44:47 [self-0002-0-city] Enemy general index: None
2026-06-02 00:44:47 [self-0002-0-city] Visible enemy tiles: 5
2026-06-02 00:44:47 [self-0002-0-city] Tiles: 15 / 82
2026-06-02 00:44:47 [self-0002-0-city] Map: 19 x 19 Turn: 458
2026-06-02 00:44:47 [self-0002-0-city] Route planned: Target = 150 Mode = defense city-free reachable tiles = 265 Fallback-Tiles = 267
2026-06-02 00:44:47 [self-0002-0-city] Priority agent: flow +6000 base = 137085 final = 143085
2026-06-02 00:44:47 [self-0002-0-city] Move #419: 206 -> 187 | Army: 5 | Target-Terrain: 1 | Target: 150 | Half: False
2026-06-02 00:44:48 [self-0002-0-city] My general index: 169
2026-06-02 00:44:48 [self-0002-0-city] Enemy general index: None
2026-06-02 00:44:48 [self-0002-0-city] Visible enemy tiles: 5
2026-06-02 00:44:48 [self-0002-0-city] Tiles: 15 / 82
2026-06-02 00:44:48 [self-0002-0-city] Map: 19 x 19 Turn: 459
2026-06-02 00:44:48 [self-0002-0-city] Route planned: Target = 150 Mode = defense city-free reachable tiles = 265 Fallback-Tiles = 267
2026-06-02 00:44:48 [self-0002-0-city] Priority agent: edge reuse -9000, flow +6000 base = 146275 final = 143275
2026-06-02 00:44:48 [self-0002-0-city] Move #420: 187 -> 168 | Army: 5 | Target-Terrain: 1 | Target: 150 | Half: False
2026-06-02 00:44:48 [self-0002-0-city] My general index: 169
2026-06-02 00:44:48 [self-0002-0-city] Enemy general index: None
2026-06-02 00:44:48 [self-0002-0-city] Visible enemy tiles: 5
2026-06-02 00:44:48 [self-0002-0-city] Tiles: 15 / 82
2026-06-02 00:44:48 [self-0002-0-city] Map: 19 x 19 Turn: 460
2026-06-02 00:44:48 [self-0002-0-city] Route planned: Target = 150 Mode = defense city-free reachable tiles = 265 Fallback-Tiles = 267
2026-06-02 00:44:48 [self-0002-0-city] Priority agent: flow +6000 base = 143265 final = 149265
2026-06-02 00:44:48 [self-0002-0-city] Move #421: 168 -> 169 | Army: 5 | Target-Terrain: 1 | Target: 150 | Half: False
2026-06-02 00:44:49 [self-0002-0-city] My general index: 169
2026-06-02 00:44:49 [self-0002-0-city] Enemy general index: None
2026-06-02 00:44:49 [self-0002-0-city] Visible enemy tiles: 5
2026-06-02 00:44:49 [self-0002-0-city] Tiles: 15 / 82
2026-06-02 00:44:49 [self-0002-0-city] Map: 19 x 19 Turn: 461
2026-06-02 00:44:49 [self-0002-0-city] Route planned: Target = 150 Mode = defense city-free reachable tiles = 265 Fallback-Tiles = 267
2026-06-02 00:44:49 [self-0002-0-city] Move #422: 223 -> 224 | Army: 2 | Target-Terrain: 1 | Target: 150 | Half: False
2026-06-02 00:44:49 [self-0002-0-city] My general index: 169
2026-06-02 00:44:49 [self-0002-0-city] Enemy general index: None
2026-06-02 00:44:49 [self-0002-0-city] Visible enemy tiles: 5
2026-06-02 00:44:49 [self-0002-0-city] Tiles: 15 / 82
2026-06-02 00:44:49 [self-0002-0-city] Map: 19 x 19 Turn: 462
2026-06-02 00:44:49 [self-0002-0-city] Route planned: Target = 150 Mode = defense city-free reachable tiles = 265 Fallback-Tiles = 267
2026-06-02 00:44:49 [self-0002-0-city] Priority agent: flow +6000 base = 134702 final = 140702
2026-06-02 00:44:49 [self-0002-0-city] Move #423: 224 -> 225 | Army: 2 | Target-Terrain: 1 | Target: 150 | Half: False
2026-06-02 00:44:50 [self-0002-0-city] My general index: 169
2026-06-02 00:44:50 [self-0002-0-city] Enemy general index: None
2026-06-02 00:44:50 [self-0002-0-city] Visible enemy tiles: 5
2026-06-02 00:44:50 [self-0002-0-city] Tiles: 15 / 82
2026-06-02 00:44:50 [self-0002-0-city] Map: 19 x 19 Turn: 463
2026-06-02 00:44:50 [self-0002-0-city] Route planned: Target = 150 Mode = defense city-free reachable tiles = 265 Fallback-Tiles = 267
2026-06-02 00:44:50 [self-0002-0-city] Priority agent: edge reuse -9000 base = 137462 final = 128462
2026-06-02 00:44:50 [self-0002-0-city] Move #424: 148 -> 149 | Army: 2 | Target-Terrain: 1 | Target: 150 | Half: False
2026-06-02 00:44:50 [self-0002-0-city] My general index: 169
2026-06-02 00:44:50 [self-0002-0-city] Enemy general index: None
2026-06-02 00:44:50 [self-0002-0-city] Visible enemy tiles: 5
2026-06-02 00:44:50 [self-0002-0-city] Tiles: 15 / 82
2026-06-02 00:44:50 [self-0002-0-city] Map: 19 x 19 Turn: 464
2026-06-02 00:44:50 [self-0002-0-city] Route planned: Target = 150 Mode = defense city-free reachable tiles = 265 Fallback-Tiles = 267
2026-06-02 00:44:50 [self-0002-0-city] Priority agent: edge reuse -9000 base = 127092 final = 118092
2026-06-02 00:44:50 [self-0002-0-city] Move #425: 225 -> 206 | Army: 2 | Target-Terrain: 1 | Target: 150 | Half: False
2026-06-02 00:44:51 [self-0002-0-city] My general index: 169
2026-06-02 00:44:51 [self-0002-0-city] Enemy general index: None
2026-06-02 00:44:51 [self-0002-0-city] Visible enemy tiles: 5
2026-06-02 00:44:51 [self-0002-0-city] Tiles: 15 / 82
2026-06-02 00:44:51 [self-0002-0-city] Map: 19 x 19 Turn: 465
2026-06-02 00:44:51 [self-0002-0-city] Route planned: Target = 150 Mode = defense city-free reachable tiles = 265 Fallback-Tiles = 267
2026-06-02 00:44:51 [self-0002-0-city] Priority agent: edge reuse -9000, flow +6000 base = 134882 final = 131882
2026-06-02 00:44:51 [self-0002-0-city] Move #426: 206 -> 187 | Army: 2 | Target-Terrain: 1 | Target: 150 | Half: False
2026-06-02 00:44:51 [self-0002-0-city] My general index: 169
2026-06-02 00:44:51 [self-0002-0-city] Enemy general index: None
2026-06-02 00:44:51 [self-0002-0-city] Visible enemy tiles: 5
2026-06-02 00:44:51 [self-0002-0-city] Tiles: 15 / 82
2026-06-02 00:44:51 [self-0002-0-city] Map: 19 x 19 Turn: 466
2026-06-02 00:44:51 [self-0002-0-city] Route planned: Target = 150 Mode = defense city-free reachable tiles = 265 Fallback-Tiles = 267
2026-06-02 00:44:51 [self-0002-0-city] Priority agent: flow +6000 base = 134972 final = 140972
2026-06-02 00:44:51 [self-0002-0-city] Move #427: 187 -> 188 | Army: 2 | Target-Terrain: 1 | Target: 150 | Half: False
2026-06-02 00:44:52 [self-0002-0-city] My general index: 169
2026-06-02 00:44:52 [self-0002-0-city] Enemy general index: None
2026-06-02 00:44:52 [self-0002-0-city] Visible enemy tiles: 5
2026-06-02 00:44:52 [self-0002-0-city] Tiles: 15 / 82
2026-06-02 00:44:52 [self-0002-0-city] Map: 19 x 19 Turn: 467
2026-06-02 00:44:52 [self-0002-0-city] Route planned: Target = 150 Mode = defense city-free reachable tiles = 265 Fallback-Tiles = 267
2026-06-02 00:44:52 [self-0002-0-city] Priority agent: edge reuse -9000, flow +6000 base = 133362 final = 130362
2026-06-02 00:44:52 [self-0002-0-city] Move #428: 188 -> 169 | Army: 2 | Target-Terrain: 1 | Target: 150 | Half: False
2026-06-02 00:44:52 [self-0002-0-city] My general index: 169
2026-06-02 00:44:52 [self-0002-0-city] Enemy general index: None
2026-06-02 00:44:52 [self-0002-0-city] Visible enemy tiles: 5
2026-06-02 00:44:52 [self-0002-0-city] Tiles: 15 / 82
2026-06-02 00:44:52 [self-0002-0-city] Map: 19 x 19 Turn: 468
2026-06-02 00:44:52 [self-0002-0-city] Route planned: Target = 150 Mode = defense city-free reachable tiles = 265 Fallback-Tiles = 267
2026-06-02 00:44:52 [self-0002-0-city] Move #429: 150 -> 149 | Army: 14 | Target-Terrain: 1 | Target: 150 | Half: False
2026-06-02 00:44:53 [self-0002-0-city] My general index: 169
2026-06-02 00:44:53 [self-0002-0-city] Enemy general index: None
2026-06-02 00:44:53 [self-0002-0-city] Visible enemy tiles: 5
2026-06-02 00:44:53 [self-0002-0-city] Tiles: 15 / 82
2026-06-02 00:44:53 [self-0002-0-city] Map: 19 x 19 Turn: 469
2026-06-02 00:44:53 [self-0002-0-city] Route planned: Target = 150 Mode = defense city-free reachable tiles = 265 Fallback-Tiles = 267
2026-06-02 00:44:53 [self-0002-0-city] Move #430: 151 -> 170 | Army: 4 | Target-Terrain: 1 | Target: 150 | Half: False
2026-06-02 00:44:53 [self-0002-0-city] My general index: 169
2026-06-02 00:44:53 [self-0002-0-city] Enemy general index: None
2026-06-02 00:44:53 [self-0002-0-city] Visible enemy tiles: 5
2026-06-02 00:44:53 [self-0002-0-city] Tiles: 15 / 82
2026-06-02 00:44:53 [self-0002-0-city] Map: 19 x 19 Turn: 470
2026-06-02 00:44:53 [self-0002-0-city] Route planned: Target = 150 Mode = defense city-free reachable tiles = 265 Fallback-Tiles = 267
2026-06-02 00:44:53 [self-0002-0-city] Priority agent: flow +6000 base = 135564 final = 141564
2026-06-02 00:44:53 [self-0002-0-city] Move #431: 170 -> 169 | Army: 4 | Target-Terrain: 1 | Target: 150 | Half: False
2026-06-02 00:44:54 [self-0002-0-city] My general index: 169
2026-06-02 00:44:54 [self-0002-0-city] Enemy general index: None
2026-06-02 00:44:54 [self-0002-0-city] Visible enemy tiles: 5
2026-06-02 00:44:54 [self-0002-0-city] Tiles: 15 / 82
2026-06-02 00:44:54 [self-0002-0-city] Map: 19 x 19 Turn: 471
2026-06-02 00:44:54 [self-0002-0-city] Route planned: Target = 150 Mode = defense city-free reachable tiles = 265 Fallback-Tiles = 267
2026-06-02 00:44:54 [self-0002-0-city] Priority agent: flow +6000 base = 280813 final = 286813
2026-06-02 00:44:54 [self-0002-0-city] Move #432: 169 -> 150 | Army: 63 | Target-Terrain: 1 | Target: 150 | Half: True
2026-06-02 00:44:54 [self-0002-0-city] My general index: 169
2026-06-02 00:44:54 [self-0002-0-city] Enemy general index: None
2026-06-02 00:44:54 [self-0002-0-city] Visible enemy tiles: 5
2026-06-02 00:44:54 [self-0002-0-city] Tiles: 15 / 82
2026-06-02 00:44:54 [self-0002-0-city] Map: 19 x 19 Turn: 472
2026-06-02 00:44:54 [self-0002-0-city] Route planned: Target = 168 Mode = defense city-free reachable tiles = 264 Fallback-Tiles = 267
2026-06-02 00:44:54 [self-0002-0-city] Move #433: 149 -> 168 | Army: 35 | Target-Terrain: 1 | Target: 168 | Half: False
2026-06-02 00:44:55 [self-0002-0-city] My general index: 169
2026-06-02 00:44:55 [self-0002-0-city] Enemy general index: None
2026-06-02 00:44:55 [self-0002-0-city] Visible enemy tiles: 5
2026-06-02 00:44:55 [self-0002-0-city] Tiles: 15 / 82
2026-06-02 00:44:55 [self-0002-0-city] Map: 19 x 19 Turn: 473
2026-06-02 00:44:55 [self-0002-0-city] Route planned: Target = 170 Mode = defense city-free reachable tiles = 264 Fallback-Tiles = 267
2026-06-02 00:44:55 [self-0002-0-city] Priority agent: edge reuse -9000, flow +6000 base = 133095 final = 130095
2026-06-02 00:44:55 [self-0002-0-city] Move #434: 168 -> 169 | Army: 35 | Target-Terrain: 1 | Target: 170 | Half: False
2026-06-02 00:44:55 [self-0002-0-city] My general index: 169
2026-06-02 00:44:55 [self-0002-0-city] Enemy general index: None
2026-06-02 00:44:55 [self-0002-0-city] Visible enemy tiles: 5
2026-06-02 00:44:55 [self-0002-0-city] Tiles: 15 / 82
2026-06-02 00:44:55 [self-0002-0-city] Map: 19 x 19 Turn: 474
2026-06-02 00:44:55 [self-0002-0-city] Route planned: Target = 168 Mode = defense city-free reachable tiles = 264 Fallback-Tiles = 267
2026-06-02 00:44:55 [self-0002-0-city] Priority agent: reverse -35000, edge reuse -18000 base = 211518 final = 158518
2026-06-02 00:44:55 [self-0002-0-city] Move #435: 169 -> 168 | Army: 68 | Target-Terrain: 1 | Target: 168 | Half: True
2026-06-02 00:44:56 [self-0002-0-city] My general index: 169
2026-06-02 00:44:56 [self-0002-0-city] Enemy general index: None
2026-06-02 00:44:56 [self-0002-0-city] Visible enemy tiles: 5
2026-06-02 00:44:56 [self-0002-0-city] Tiles: 15 / 82
2026-06-02 00:44:56 [self-0002-0-city] Map: 19 x 19 Turn: 475
2026-06-02 00:44:56 [self-0002-0-city] Route planned: Target = 170 Mode = defense city-free reachable tiles = 264 Fallback-Tiles = 267
2026-06-02 00:44:56 [self-0002-0-city] Move #436: 150 -> 151 | Army: 35 | Target-Terrain: 1 | Target: 170 | Half: False
2026-06-02 00:44:56 [self-0002-0-city] My general index: 169
2026-06-02 00:44:56 [self-0002-0-city] Enemy general index: None
2026-06-02 00:44:56 [self-0002-0-city] Visible enemy tiles: 5
2026-06-02 00:44:56 [self-0002-0-city] Tiles: 15 / 82
2026-06-02 00:44:56 [self-0002-0-city] Map: 19 x 19 Turn: 476
2026-06-02 00:44:56 [self-0002-0-city] Route planned: Target = 150 Mode = defense city-free reachable tiles = 265 Fallback-Tiles = 267
2026-06-02 00:44:56 [self-0002-0-city] Priority agent: edge reuse -9000 base = 118395 final = 109395
2026-06-02 00:44:56 [self-0002-0-city] Move #437: 168 -> 149 | Army: 35 | Target-Terrain: 1 | Target: 150 | Half: False
2026-06-02 00:44:57 [self-0002-0-city] My general index: 169
2026-06-02 00:44:57 [self-0002-0-city] Enemy general index: None
2026-06-02 00:44:57 [self-0002-0-city] Visible enemy tiles: 5
2026-06-02 00:44:57 [self-0002-0-city] Tiles: 15 / 82
2026-06-02 00:44:57 [self-0002-0-city] Map: 19 x 19 Turn: 477
2026-06-02 00:44:57 [self-0002-0-city] Route planned: Target = 150 Mode = defense city-free reachable tiles = 265 Fallback-Tiles = 267
2026-06-02 00:44:57 [self-0002-0-city] No move found: blocked tiles = 3 ignored cities = 2 own movable tiles = 3
2026-06-02 00:44:57 [self-0002-0-city] My general index: 169
2026-06-02 00:44:57 [self-0002-0-city] Enemy general index: None
2026-06-02 00:44:57 [self-0002-0-city] Visible enemy tiles: 5
2026-06-02 00:44:57 [self-0002-0-city] Tiles: 15 / 82
2026-06-02 00:44:57 [self-0002-0-city] Map: 19 x 19 Turn: 478
2026-06-02 00:44:57 [self-0002-0-city] Route planned: Target = 150 Mode = defense city-free reachable tiles = 265 Fallback-Tiles = 267
2026-06-02 00:44:57 [self-0002-0-city] No move found: blocked tiles = 3 ignored cities = 2 own movable tiles = 3
2026-06-02 00:44:58 [self-0002-0-city] My general index: 169
2026-06-02 00:44:58 [self-0002-0-city] Enemy general index: None
2026-06-02 00:44:58 [self-0002-0-city] Visible enemy tiles: 5
2026-06-02 00:44:58 [self-0002-0-city] Tiles: 15 / 82
2026-06-02 00:44:58 [self-0002-0-city] Map: 19 x 19 Turn: 479
2026-06-02 00:44:58 [self-0002-0-city] Route planned: Target = 150 Mode = defense city-free reachable tiles = 265 Fallback-Tiles = 267
2026-06-02 00:44:58 [self-0002-0-city] No move found: blocked tiles = 3 ignored cities = 2 own movable tiles = 3
2026-06-02 00:44:58 [self-0002-0-city] My general index: 169
2026-06-02 00:44:58 [self-0002-0-city] Enemy general index: None
2026-06-02 00:44:58 [self-0002-0-city] Visible enemy tiles: 5
2026-06-02 00:44:58 [self-0002-0-city] Tiles: 15 / 82
2026-06-02 00:44:58 [self-0002-0-city] Map: 19 x 19 Turn: 480
2026-06-02 00:44:58 [self-0002-0-city] Route planned: Target = 150 Mode = defense city-free reachable tiles = 265 Fallback-Tiles = 267
2026-06-02 00:44:58 [self-0002-0-city] No move found: blocked tiles = 3 ignored cities = 2 own movable tiles = 3
2026-06-02 00:44:59 [self-0002-0-city] My general index: 169
2026-06-02 00:44:59 [self-0002-0-city] Enemy general index: None
2026-06-02 00:44:59 [self-0002-0-city] Visible enemy tiles: 5
2026-06-02 00:44:59 [self-0002-0-city] Tiles: 15 / 82
2026-06-02 00:44:59 [self-0002-0-city] Map: 19 x 19 Turn: 481
2026-06-02 00:44:59 [self-0002-0-city] Route planned: Target = 150 Mode = defense city-free reachable tiles = 265 Fallback-Tiles = 267
2026-06-02 00:44:59 [self-0002-0-city] No move found: blocked tiles = 3 ignored cities = 2 own movable tiles = 3
2026-06-02 00:44:59 [self-0002-0-city] My general index: 169
2026-06-02 00:44:59 [self-0002-0-city] Enemy general index: None
2026-06-02 00:44:59 [self-0002-0-city] Visible enemy tiles: 5
2026-06-02 00:44:59 [self-0002-0-city] Tiles: 15 / 82
2026-06-02 00:44:59 [self-0002-0-city] Map: 19 x 19 Turn: 482
2026-06-02 00:44:59 [self-0002-0-city] Route planned: Target = 150 Mode = defense city-free reachable tiles = 265 Fallback-Tiles = 267
2026-06-02 00:44:59 [self-0002-0-city] No move found: blocked tiles = 3 ignored cities = 2 own movable tiles = 3
2026-06-02 00:45:00 [self-0002-0-city] My general index: 169
2026-06-02 00:45:00 [self-0002-0-city] Enemy general index: None
2026-06-02 00:45:00 [self-0002-0-city] Visible enemy tiles: 5
2026-06-02 00:45:00 [self-0002-0-city] Tiles: 15 / 82
2026-06-02 00:45:00 [self-0002-0-city] Map: 19 x 19 Turn: 483
2026-06-02 00:45:00 [self-0002-0-city] Route planned: Target = 150 Mode = defense city-free reachable tiles = 265 Fallback-Tiles = 267
2026-06-02 00:45:00 [self-0002-0-city] No move found: blocked tiles = 3 ignored cities = 2 own movable tiles = 3
2026-06-02 00:45:00 [self-0002-0-city] My general index: 169
2026-06-02 00:45:00 [self-0002-0-city] Enemy general index: None
2026-06-02 00:45:00 [self-0002-0-city] Visible enemy tiles: 5
2026-06-02 00:45:00 [self-0002-0-city] Tiles: 15 / 82
2026-06-02 00:45:00 [self-0002-0-city] Map: 19 x 19 Turn: 484
2026-06-02 00:45:00 [self-0002-0-city] Route planned: Target = 150 Mode = defense city-free reachable tiles = 265 Fallback-Tiles = 267
2026-06-02 00:45:00 [self-0002-0-city] No move found: blocked tiles = 3 ignored cities = 2 own movable tiles = 3
2026-06-02 00:45:01 [self-0002-0-city] My general index: 169
2026-06-02 00:45:01 [self-0002-0-city] Enemy general index: None
2026-06-02 00:45:01 [self-0002-0-city] Visible enemy tiles: 5
2026-06-02 00:45:01 [self-0002-0-city] Tiles: 15 / 82
2026-06-02 00:45:01 [self-0002-0-city] Map: 19 x 19 Turn: 485
2026-06-02 00:45:01 [self-0002-0-city] Route planned: Target = 150 Mode = defense city-free reachable tiles = 265 Fallback-Tiles = 267
2026-06-02 00:45:01 [self-0002-0-city] No move found: blocked tiles = 3 ignored cities = 2 own movable tiles = 3
2026-06-02 00:45:01 [self-0002-0-city] My general index: 169
2026-06-02 00:45:01 [self-0002-0-city] Enemy general index: None
2026-06-02 00:45:01 [self-0002-0-city] Visible enemy tiles: 5
2026-06-02 00:45:01 [self-0002-0-city] Tiles: 15 / 82
2026-06-02 00:45:01 [self-0002-0-city] Map: 19 x 19 Turn: 486
2026-06-02 00:45:01 [self-0002-0-city] Route planned: Target = 150 Mode = defense city-free reachable tiles = 265 Fallback-Tiles = 267
2026-06-02 00:45:01 [self-0002-0-city] No move found: blocked tiles = 3 ignored cities = 2 own movable tiles = 3
2026-06-02 00:45:02 [self-0002-0-city] My general index: 169
2026-06-02 00:45:02 [self-0002-0-city] Enemy general index: None
2026-06-02 00:45:02 [self-0002-0-city] Visible enemy tiles: 5
2026-06-02 00:45:02 [self-0002-0-city] Tiles: 15 / 82
2026-06-02 00:45:02 [self-0002-0-city] Map: 19 x 19 Turn: 487
2026-06-02 00:45:02 [self-0002-0-city] Route planned: Target = 150 Mode = defense city-free reachable tiles = 265 Fallback-Tiles = 267
2026-06-02 00:45:02 [self-0002-0-city] No move found: blocked tiles = 3 ignored cities = 2 own movable tiles = 3
2026-06-02 00:45:02 [self-0002-0-city] My general index: 169
2026-06-02 00:45:02 [self-0002-0-city] Enemy general index: None
2026-06-02 00:45:02 [self-0002-0-city] Visible enemy tiles: 5
2026-06-02 00:45:02 [self-0002-0-city] Tiles: 15 / 82
2026-06-02 00:45:02 [self-0002-0-city] Map: 19 x 19 Turn: 488
2026-06-02 00:45:02 [self-0002-0-city] Route planned: Target = 150 Mode = defense city-free reachable tiles = 265 Fallback-Tiles = 267
2026-06-02 00:45:02 [self-0002-0-city] No move found: blocked tiles = 3 ignored cities = 2 own movable tiles = 3
2026-06-02 00:45:03 [self-0002-0-city] My general index: 169
2026-06-02 00:45:03 [self-0002-0-city] Enemy general index: None
2026-06-02 00:45:03 [self-0002-0-city] Visible enemy tiles: 5
2026-06-02 00:45:03 [self-0002-0-city] Tiles: 15 / 82
2026-06-02 00:45:03 [self-0002-0-city] Map: 19 x 19 Turn: 489
2026-06-02 00:45:03 [self-0002-0-city] Route planned: Target = 150 Mode = defense city-free reachable tiles = 265 Fallback-Tiles = 267
2026-06-02 00:45:03 [self-0002-0-city] No move found: blocked tiles = 3 ignored cities = 2 own movable tiles = 3
2026-06-02 00:45:03 [self-0002-0-city] My general index: 169
2026-06-02 00:45:03 [self-0002-0-city] Enemy general index: None
2026-06-02 00:45:03 [self-0002-0-city] Visible enemy tiles: 5
2026-06-02 00:45:03 [self-0002-0-city] Tiles: 15 / 82
2026-06-02 00:45:03 [self-0002-0-city] Map: 19 x 19 Turn: 490
2026-06-02 00:45:03 [self-0002-0-city] Route planned: Target = 150 Mode = defense city-free reachable tiles = 265 Fallback-Tiles = 267
2026-06-02 00:45:03 [self-0002-0-city] No move found: blocked tiles = 3 ignored cities = 2 own movable tiles = 3
2026-06-02 00:45:04 [self-0002-0-city] My general index: 169
2026-06-02 00:45:04 [self-0002-0-city] Enemy general index: None
2026-06-02 00:45:04 [self-0002-0-city] Visible enemy tiles: 5
2026-06-02 00:45:04 [self-0002-0-city] Tiles: 15 / 82
2026-06-02 00:45:04 [self-0002-0-city] Map: 19 x 19 Turn: 491
2026-06-02 00:45:04 [self-0002-0-city] Route planned: Target = 150 Mode = defense city-free reachable tiles = 265 Fallback-Tiles = 267
2026-06-02 00:45:04 [self-0002-0-city] No move found: blocked tiles = 3 ignored cities = 2 own movable tiles = 3
2026-06-02 00:45:04 [self-0002-0-city] My general index: 169
2026-06-02 00:45:04 [self-0002-0-city] Enemy general index: None
2026-06-02 00:45:04 [self-0002-0-city] Visible enemy tiles: 5
2026-06-02 00:45:04 [self-0002-0-city] Tiles: 15 / 82
2026-06-02 00:45:04 [self-0002-0-city] Map: 19 x 19 Turn: 492
2026-06-02 00:45:04 [self-0002-0-city] Route planned: Target = 150 Mode = defense city-free reachable tiles = 265 Fallback-Tiles = 267
2026-06-02 00:45:04 [self-0002-0-city] No move found: blocked tiles = 3 ignored cities = 2 own movable tiles = 3
2026-06-02 00:45:05 [self-0002-0-city] My general index: 169
2026-06-02 00:45:05 [self-0002-0-city] Enemy general index: None
2026-06-02 00:45:05 [self-0002-0-city] Visible enemy tiles: 5
2026-06-02 00:45:05 [self-0002-0-city] Tiles: 15 / 82
2026-06-02 00:45:05 [self-0002-0-city] Map: 19 x 19 Turn: 493
2026-06-02 00:45:05 [self-0002-0-city] Route planned: Target = 150 Mode = defense city-free reachable tiles = 265 Fallback-Tiles = 267
2026-06-02 00:45:05 [self-0002-0-city] No move found: blocked tiles = 3 ignored cities = 2 own movable tiles = 3
2026-06-02 00:45:05 [self-0002-0-city] My general index: 169
2026-06-02 00:45:05 [self-0002-0-city] Enemy general index: None
2026-06-02 00:45:05 [self-0002-0-city] Visible enemy tiles: 5
2026-06-02 00:45:05 [self-0002-0-city] Tiles: 15 / 82
2026-06-02 00:45:05 [self-0002-0-city] Map: 19 x 19 Turn: 494
2026-06-02 00:45:05 [self-0002-0-city] Route planned: Target = 150 Mode = defense city-free reachable tiles = 265 Fallback-Tiles = 267
2026-06-02 00:45:05 [self-0002-0-city] No move found: blocked tiles = 3 ignored cities = 2 own movable tiles = 3
2026-06-02 00:45:06 [self-0002-0-city] My general index: 169
2026-06-02 00:45:06 [self-0002-0-city] Enemy general index: None
2026-06-02 00:45:06 [self-0002-0-city] Visible enemy tiles: 4
2026-06-02 00:45:06 [self-0002-0-city] Tiles: 14 / 83
2026-06-02 00:45:06 [self-0002-0-city] Map: 19 x 19 Turn: 495
2026-06-02 00:45:06 [self-0002-0-city] Route planned: Target = 150 Mode = defense city-free reachable tiles = 265 Fallback-Tiles = 266
2026-06-02 00:45:06 [self-0002-0-city] No move found: blocked tiles = 3 ignored cities = 2 own movable tiles = 3
2026-06-02 00:45:06 [self-0002-0-city] My general index: 169
2026-06-02 00:45:06 [self-0002-0-city] Enemy general index: None
2026-06-02 00:45:06 [self-0002-0-city] Visible enemy tiles: 5
2026-06-02 00:45:06 [self-0002-0-city] Tiles: 13 / 84
2026-06-02 00:45:06 [self-0002-0-city] Map: 19 x 19 Turn: 496
2026-06-02 00:45:06 [self-0002-0-city] Route planned: Target = 150 Mode = defense city-free reachable tiles = 265 Fallback-Tiles = 266
2026-06-02 00:45:06 [self-0002-0-city] No move found: blocked tiles = 2 ignored cities = 1 own movable tiles = 2
2026-06-02 00:45:07 [self-0002-0-city] Coach: stabilize tiles 12/85 army 90/518 cities 0/1 enemy_city_suspect True bias {'expansion_bias': 0.1, 'city_bias': 0.8, 'attack_bias': -0.30000000000000004, 'defense_bias': 1.2, 'route_bias': 0.3}
2026-06-02 00:45:07 [self-0002-0-city] My general index: 169
2026-06-02 00:45:07 [self-0002-0-city] Enemy general index: None
2026-06-02 00:45:07 [self-0002-0-city] Visible enemy tiles: 6
2026-06-02 00:45:07 [self-0002-0-city] Tiles: 12 / 85
2026-06-02 00:45:07 [self-0002-0-city] Map: 19 x 19 Turn: 497
2026-06-02 00:45:07 [self-0002-0-city] Route planned: Target = 150 Mode = defense city-free reachable tiles = 265 Fallback-Tiles = 266
2026-06-02 00:45:07 [self-0002-0-city] No move found: blocked tiles = 1 ignored cities = 1 own movable tiles = 1
2026-06-02 00:45:07 [self-0002-0-city] EVENT: ['game_lost', {'killer': 0}, None]
2026-06-02 00:45:07 [self-0002-0-city] Final map analysis: visible = 0.0859 complete = False symmetry = {'rotated_180': {'compared_pairs': 181, 'blocker_similarity': 0.6519, 'city_similarity': 0.989}, 'horizontal_mirror': {'compared_pairs': 190, 'blocker_similarity': 0.7263, 'city_similarity': 0.9895}, 'vertical_mirror': {'compared_pairs': 190, 'blocker_similarity': 0.6895, 'city_similarity': 0.9895}}
2026-06-02 00:45:07 [self-0002-0-city] GAME END: game_lost
2026-06-02 00:45:07 [self-0002-0-city] Stats saved for reserve turn: 65
2026-06-02 00:45:07 [self-0002-0-city] Disconnected
