2026-06-02 00:35:51 [self-0001-0-expand] Connected
2026-06-02 00:35:51 [self-0001-0-expand] Room: https://bot.generals.io/games/TillTestRoom123_self_20260602_003550_0001
2026-06-02 00:35:51 [self-0001-0-expand] Reserve ab sichtbarem Turn: 60
2026-06-02 00:35:51 [self-0001-0-expand] City-Fokus ab sichtbarem Turn: 137
2026-06-02 00:35:51 [self-0001-0-expand] General-Angriff ab sichtbarem Turn: 186
2026-06-02 00:35:51 [self-0001-0-expand] SET_USERNAME: ['error_set_username', 'You already have a username! Only Supporters can change usernames.']
2026-06-02 00:35:52 [self-0001-0-expand] JOIN_PRIVATE: ['chat_message', 'chat_custom_queue_TillTestRoom123_self_20260602_003550_0001', {'text': 'T1LL4_Self_01 joined the custom lobby.'}]
2026-06-02 00:35:52 [self-0001-0-expand] EVENT: ['queue_update', {'playerIndices': [0], 'playerColors': [0], 'lobbyIndex': 0, 'isForcing': False, 'numPlayers': 1, 'numForce': [], 'playerCap': 16, 'teamSize': 1, 'teams': [1], 'usernames': ['T1LL4_Self_01'], 'options': {'map': None, 'modifiers': []}, 'owner': 0, 'bans': [], 'kicks': []}]
2026-06-02 00:35:52 [self-0001-0-expand] EVENT: ['chat_message', 'chat_custom_queue_TillTestRoom123_self_20260602_003550_0001', {'text': 'T1LL4_Self_01 is the lobby owner.', 'multiText': ['T1LL4_Self_01', ' is the lobby owner.'], 'multiColors': [0, None]}]
2026-06-02 00:35:52 [self-0001-0-expand] EVENT: ['chat_message', 'chat_custom_queue_TillTestRoom123_self_20260602_003550_0001', {'text': 'T1LL4_Self_02 joined the custom lobby.'}]
2026-06-02 00:35:52 [self-0001-0-expand] EVENT: ['queue_update', {'playerIndices': [0], 'playerColors': [0], 'lobbyIndex': 0, 'isForcing': False, 'numPlayers': 1, 'numForce': [], 'playerCap': 16, 'teamSize': 1, 'teams': [1], 'usernames': ['T1LL4_Self_01'], 'options': {'map': None, 'modifiers': []}, 'owner': 0, 'bans': [], 'kicks': []}]
2026-06-02 00:35:52 [self-0001-0-expand] EVENT: ['notify', 'T1LL4_Self_02 joined the custom game', 'There are now 1 players in the lobby.']
2026-06-02 00:35:52 [self-0001-0-expand] EVENT: ['queue_update', {'playerIndices': [0, 1], 'playerColors': [0, 1], 'lobbyIndex': 0, 'isForcing': False, 'numPlayers': 2, 'numForce': [], 'playerCap': 16, 'teamSize': 1, 'teams': [1, 2], 'usernames': ['T1LL4_Self_01', 'T1LL4_Self_02'], 'options': {'map': None, 'modifiers': []}, 'owner': 0, 'bans': [], 'kicks': []}]
2026-06-02 00:35:52 [self-0001-0-expand] EVENT: ['queue_update', {'playerIndices': [0, 1], 'playerColors': [0, 1], 'lobbyIndex': 0, 'isForcing': True, 'numPlayers': 2, 'numForce': [0], 'playerCap': 16, 'teamSize': 1, 'teams': [1, 2], 'usernames': ['T1LL4_Self_01', 'T1LL4_Self_02'], 'options': {'map': None, 'modifiers': []}, 'owner': 0, 'bans': [], 'kicks': []}]
2026-06-02 00:35:52 [self-0001-0-expand] EVENT: ['pre_game_start']
2026-06-02 00:35:54 [self-0001-0-expand] EVENT: ['game_start', {'playerIndex': 0, 'playerColors': [0, 1], 'replay_id': 'jermbPfNT', 'chat_room': 'game_1780353352273-4UYz4ObbekEtmXfALSy', 'usernames': ['T1LL4_Self_01', 'T1LL4_Self_02'], 'teams': [1, 2], 'game_type': 'custom', 'swamps': [], 'lights': [], 'options': {'map': None, 'width': None, 'height': None, 'game_speed': None, 'modifiers': [], 'mountain_density': None, 'city_density': None, 'lookout_density': None, 'observatory_density': None, 'swamp_density': None, 'desert_density': None, 'max_players': None, 'city_fairness': None, 'spawn_fairness': None, 'defeat_spectate': None, 'spectate_chat': None, 'public': None, 'chatRecordingDisabled': None, 'eventId': None}, 'queue_chat': None}, None]
2026-06-02 00:35:54 [self-0001-0-expand] GAME START!
2026-06-02 00:35:54 [self-0001-0-expand] My player index: 0
2026-06-02 00:35:54 [self-0001-0-expand] Replay: https://bot.generals.io/replays/jermbPfNT
2026-06-02 00:35:54 [self-0001-0-expand] Enemy general guess: 120 Confidence: 0.39 Grund: rotated spawn, distance 14 near expected 20.9, unseen tile, far from center bei eigener Position 239 Map: 18x20
2026-06-02 00:35:54 [self-0001-0-expand] My general index: 239
2026-06-02 00:35:54 [self-0001-0-expand] Enemy general index: None
2026-06-02 00:35:54 [self-0001-0-expand] Visible enemy tiles: 0
2026-06-02 00:35:54 [self-0001-0-expand] Tiles: 1 / 1
2026-06-02 00:35:54 [self-0001-0-expand] Map: 18 x 20 Turn: 1
2026-06-02 00:35:54 [self-0001-0-expand] Route planned: Target = 120 Mode = strategy city-free reachable tiles = 268 Fallback-Tiles = 269
2026-06-02 00:35:54 [self-0001-0-expand] Waiting until turn 10: turn 1, general has 1 units
2026-06-02 00:35:54 [self-0001-0-expand] EVENT: ['chat_message', 'game_1780353352273-4UYz4ObbekEtmXfALSy', {'text': ' Chat is being recorded.'}]
2026-06-02 00:35:55 [self-0001-0-expand] My general index: 239
2026-06-02 00:35:55 [self-0001-0-expand] Enemy general index: None
2026-06-02 00:35:55 [self-0001-0-expand] Visible enemy tiles: 0
2026-06-02 00:35:55 [self-0001-0-expand] Tiles: 1 / 1
2026-06-02 00:35:55 [self-0001-0-expand] Map: 18 x 20 Turn: 2
2026-06-02 00:35:55 [self-0001-0-expand] Route planned: Target = 120 Mode = strategy city-free reachable tiles = 268 Fallback-Tiles = 269
2026-06-02 00:35:55 [self-0001-0-expand] Waiting until turn 10: turn 1, general has 2 units
2026-06-02 00:35:55 [self-0001-0-expand] My general index: 239
2026-06-02 00:35:55 [self-0001-0-expand] Enemy general index: None
2026-06-02 00:35:55 [self-0001-0-expand] Visible enemy tiles: 0
2026-06-02 00:35:55 [self-0001-0-expand] Tiles: 1 / 1
2026-06-02 00:35:55 [self-0001-0-expand] Map: 18 x 20 Turn: 3
2026-06-02 00:35:55 [self-0001-0-expand] Route planned: Target = 120 Mode = strategy city-free reachable tiles = 268 Fallback-Tiles = 269
2026-06-02 00:35:55 [self-0001-0-expand] Waiting until turn 10: turn 2, general has 2 units
2026-06-02 00:35:56 [self-0001-0-expand] My general index: 239
2026-06-02 00:35:56 [self-0001-0-expand] Enemy general index: None
2026-06-02 00:35:56 [self-0001-0-expand] Visible enemy tiles: 0
2026-06-02 00:35:56 [self-0001-0-expand] Tiles: 1 / 1
2026-06-02 00:35:56 [self-0001-0-expand] Map: 18 x 20 Turn: 4
2026-06-02 00:35:56 [self-0001-0-expand] Route planned: Target = 120 Mode = strategy city-free reachable tiles = 268 Fallback-Tiles = 269
2026-06-02 00:35:56 [self-0001-0-expand] Waiting until turn 10: turn 2, general has 3 units
2026-06-02 00:35:56 [self-0001-0-expand] My general index: 239
2026-06-02 00:35:56 [self-0001-0-expand] Enemy general index: None
2026-06-02 00:35:56 [self-0001-0-expand] Visible enemy tiles: 0
2026-06-02 00:35:56 [self-0001-0-expand] Tiles: 1 / 1
2026-06-02 00:35:56 [self-0001-0-expand] Map: 18 x 20 Turn: 5
2026-06-02 00:35:56 [self-0001-0-expand] Route planned: Target = 120 Mode = strategy city-free reachable tiles = 268 Fallback-Tiles = 269
2026-06-02 00:35:56 [self-0001-0-expand] Waiting until turn 10: turn 3, general has 3 units
2026-06-02 00:35:57 [self-0001-0-expand] My general index: 239
2026-06-02 00:35:57 [self-0001-0-expand] Enemy general index: None
2026-06-02 00:35:57 [self-0001-0-expand] Visible enemy tiles: 0
2026-06-02 00:35:57 [self-0001-0-expand] Tiles: 1 / 1
2026-06-02 00:35:57 [self-0001-0-expand] Map: 18 x 20 Turn: 6
2026-06-02 00:35:57 [self-0001-0-expand] Route planned: Target = 120 Mode = strategy city-free reachable tiles = 268 Fallback-Tiles = 269
2026-06-02 00:35:57 [self-0001-0-expand] Waiting until turn 10: turn 3, general has 4 units
2026-06-02 00:35:57 [self-0001-0-expand] My general index: 239
2026-06-02 00:35:57 [self-0001-0-expand] Enemy general index: None
2026-06-02 00:35:57 [self-0001-0-expand] Visible enemy tiles: 0
2026-06-02 00:35:57 [self-0001-0-expand] Tiles: 1 / 1
2026-06-02 00:35:57 [self-0001-0-expand] Map: 18 x 20 Turn: 7
2026-06-02 00:35:57 [self-0001-0-expand] Route planned: Target = 120 Mode = strategy city-free reachable tiles = 268 Fallback-Tiles = 269
2026-06-02 00:35:57 [self-0001-0-expand] Waiting until turn 10: turn 4, general has 4 units
2026-06-02 00:35:58 [self-0001-0-expand] My general index: 239
2026-06-02 00:35:58 [self-0001-0-expand] Enemy general index: None
2026-06-02 00:35:58 [self-0001-0-expand] Visible enemy tiles: 0
2026-06-02 00:35:58 [self-0001-0-expand] Tiles: 1 / 1
2026-06-02 00:35:58 [self-0001-0-expand] Map: 18 x 20 Turn: 8
2026-06-02 00:35:58 [self-0001-0-expand] Route planned: Target = 120 Mode = strategy city-free reachable tiles = 268 Fallback-Tiles = 269
2026-06-02 00:35:58 [self-0001-0-expand] Waiting until turn 10: turn 4, general has 5 units
2026-06-02 00:35:58 [self-0001-0-expand] My general index: 239
2026-06-02 00:35:58 [self-0001-0-expand] Enemy general index: None
2026-06-02 00:35:58 [self-0001-0-expand] Visible enemy tiles: 0
2026-06-02 00:35:58 [self-0001-0-expand] Tiles: 1 / 1
2026-06-02 00:35:58 [self-0001-0-expand] Map: 18 x 20 Turn: 9
2026-06-02 00:35:58 [self-0001-0-expand] Route planned: Target = 120 Mode = strategy city-free reachable tiles = 268 Fallback-Tiles = 269
2026-06-02 00:35:58 [self-0001-0-expand] Waiting until turn 10: turn 5, general has 5 units
2026-06-02 00:35:59 [self-0001-0-expand] My general index: 239
2026-06-02 00:35:59 [self-0001-0-expand] Enemy general index: None
2026-06-02 00:35:59 [self-0001-0-expand] Visible enemy tiles: 0
2026-06-02 00:35:59 [self-0001-0-expand] Tiles: 1 / 1
2026-06-02 00:35:59 [self-0001-0-expand] Map: 18 x 20 Turn: 10
2026-06-02 00:35:59 [self-0001-0-expand] Route planned: Target = 120 Mode = strategy city-free reachable tiles = 268 Fallback-Tiles = 269
2026-06-02 00:35:59 [self-0001-0-expand] Waiting until turn 10: turn 5, general has 6 units
2026-06-02 00:35:59 [self-0001-0-expand] My general index: 239
2026-06-02 00:35:59 [self-0001-0-expand] Enemy general index: None
2026-06-02 00:35:59 [self-0001-0-expand] Visible enemy tiles: 0
2026-06-02 00:35:59 [self-0001-0-expand] Tiles: 1 / 1
2026-06-02 00:35:59 [self-0001-0-expand] Map: 18 x 20 Turn: 11
2026-06-02 00:35:59 [self-0001-0-expand] Route planned: Target = 120 Mode = strategy city-free reachable tiles = 268 Fallback-Tiles = 269
2026-06-02 00:35:59 [self-0001-0-expand] Waiting until turn 10: turn 6, general has 6 units
2026-06-02 00:36:00 [self-0001-0-expand] My general index: 239
2026-06-02 00:36:00 [self-0001-0-expand] Enemy general index: None
2026-06-02 00:36:00 [self-0001-0-expand] Visible enemy tiles: 0
2026-06-02 00:36:00 [self-0001-0-expand] Tiles: 1 / 1
2026-06-02 00:36:00 [self-0001-0-expand] Map: 18 x 20 Turn: 12
2026-06-02 00:36:00 [self-0001-0-expand] Route planned: Target = 120 Mode = strategy city-free reachable tiles = 268 Fallback-Tiles = 269
2026-06-02 00:36:00 [self-0001-0-expand] Waiting until turn 10: turn 6, general has 7 units
2026-06-02 00:36:00 [self-0001-0-expand] My general index: 239
2026-06-02 00:36:00 [self-0001-0-expand] Enemy general index: None
2026-06-02 00:36:00 [self-0001-0-expand] Visible enemy tiles: 0
2026-06-02 00:36:00 [self-0001-0-expand] Tiles: 1 / 1
2026-06-02 00:36:00 [self-0001-0-expand] Map: 18 x 20 Turn: 13
2026-06-02 00:36:00 [self-0001-0-expand] Route planned: Target = 120 Mode = strategy city-free reachable tiles = 268 Fallback-Tiles = 269
2026-06-02 00:36:00 [self-0001-0-expand] Waiting until turn 10: turn 7, general has 7 units
2026-06-02 00:36:01 [self-0001-0-expand] My general index: 239
2026-06-02 00:36:01 [self-0001-0-expand] Enemy general index: None
2026-06-02 00:36:01 [self-0001-0-expand] Visible enemy tiles: 0
2026-06-02 00:36:01 [self-0001-0-expand] Tiles: 1 / 1
2026-06-02 00:36:01 [self-0001-0-expand] Map: 18 x 20 Turn: 14
2026-06-02 00:36:01 [self-0001-0-expand] Route planned: Target = 120 Mode = strategy city-free reachable tiles = 268 Fallback-Tiles = 269
2026-06-02 00:36:01 [self-0001-0-expand] Waiting until turn 10: turn 7, general has 8 units
2026-06-02 00:36:01 [self-0001-0-expand] My general index: 239
2026-06-02 00:36:01 [self-0001-0-expand] Enemy general index: None
2026-06-02 00:36:01 [self-0001-0-expand] Visible enemy tiles: 0
2026-06-02 00:36:01 [self-0001-0-expand] Tiles: 1 / 1
2026-06-02 00:36:01 [self-0001-0-expand] Map: 18 x 20 Turn: 15
2026-06-02 00:36:01 [self-0001-0-expand] Route planned: Target = 120 Mode = strategy city-free reachable tiles = 268 Fallback-Tiles = 269
2026-06-02 00:36:01 [self-0001-0-expand] Waiting until turn 10: turn 8, general has 8 units
2026-06-02 00:36:02 [self-0001-0-expand] My general index: 239
2026-06-02 00:36:02 [self-0001-0-expand] Enemy general index: None
2026-06-02 00:36:02 [self-0001-0-expand] Visible enemy tiles: 0
2026-06-02 00:36:02 [self-0001-0-expand] Tiles: 1 / 1
2026-06-02 00:36:02 [self-0001-0-expand] Map: 18 x 20 Turn: 16
2026-06-02 00:36:02 [self-0001-0-expand] Route planned: Target = 120 Mode = strategy city-free reachable tiles = 268 Fallback-Tiles = 269
2026-06-02 00:36:02 [self-0001-0-expand] Waiting until turn 10: turn 8, general has 9 units
2026-06-02 00:36:02 [self-0001-0-expand] My general index: 239
2026-06-02 00:36:02 [self-0001-0-expand] Enemy general index: None
2026-06-02 00:36:02 [self-0001-0-expand] Visible enemy tiles: 0
2026-06-02 00:36:02 [self-0001-0-expand] Tiles: 1 / 1
2026-06-02 00:36:02 [self-0001-0-expand] Map: 18 x 20 Turn: 17
2026-06-02 00:36:02 [self-0001-0-expand] Route planned: Target = 120 Mode = strategy city-free reachable tiles = 268 Fallback-Tiles = 269
2026-06-02 00:36:02 [self-0001-0-expand] Waiting until turn 10: turn 9, general has 9 units
2026-06-02 00:36:03 [self-0001-0-expand] My general index: 239
2026-06-02 00:36:03 [self-0001-0-expand] Enemy general index: None
2026-06-02 00:36:03 [self-0001-0-expand] Visible enemy tiles: 0
2026-06-02 00:36:03 [self-0001-0-expand] Tiles: 1 / 1
2026-06-02 00:36:03 [self-0001-0-expand] Map: 18 x 20 Turn: 18
2026-06-02 00:36:03 [self-0001-0-expand] Route planned: Target = 120 Mode = strategy city-free reachable tiles = 268 Fallback-Tiles = 269
2026-06-02 00:36:03 [self-0001-0-expand] Waiting until turn 10: turn 9, general has 10 units
2026-06-02 00:36:03 [self-0001-0-expand] My general index: 239
2026-06-02 00:36:03 [self-0001-0-expand] Enemy general index: None
2026-06-02 00:36:03 [self-0001-0-expand] Visible enemy tiles: 0
2026-06-02 00:36:03 [self-0001-0-expand] Tiles: 1 / 1
2026-06-02 00:36:03 [self-0001-0-expand] Map: 18 x 20 Turn: 19
2026-06-02 00:36:03 [self-0001-0-expand] Route planned: Target = 120 Mode = strategy city-free reachable tiles = 268 Fallback-Tiles = 269
2026-06-02 00:36:03 [self-0001-0-expand] Move #1: 239 -> 240 | Army: 10 | Target-Terrain: -1 | Target: 120 | Half: False
2026-06-02 00:36:04 [self-0001-0-expand] My general index: 239
2026-06-02 00:36:04 [self-0001-0-expand] Enemy general index: None
2026-06-02 00:36:04 [self-0001-0-expand] Visible enemy tiles: 0
2026-06-02 00:36:04 [self-0001-0-expand] Tiles: 2 / 2
2026-06-02 00:36:04 [self-0001-0-expand] Map: 18 x 20 Turn: 20
2026-06-02 00:36:04 [self-0001-0-expand] Route planned: Target = 120 Mode = strategy city-free reachable tiles = 268 Fallback-Tiles = 269
2026-06-02 00:36:04 [self-0001-0-expand] Priority agent: flow +6000 base = 45729 final = 51729
2026-06-02 00:36:04 [self-0001-0-expand] Move #2: 240 -> 241 | Army: 9 | Target-Terrain: -1 | Target: 120 | Half: False
2026-06-02 00:36:04 [self-0001-0-expand] My general index: 239
2026-06-02 00:36:04 [self-0001-0-expand] Enemy general index: None
2026-06-02 00:36:04 [self-0001-0-expand] Visible enemy tiles: 0
2026-06-02 00:36:04 [self-0001-0-expand] Tiles: 3 / 3
2026-06-02 00:36:04 [self-0001-0-expand] Map: 18 x 20 Turn: 21
2026-06-02 00:36:04 [self-0001-0-expand] Route planned: Target = 120 Mode = strategy city-free reachable tiles = 268 Fallback-Tiles = 269
2026-06-02 00:36:04 [self-0001-0-expand] Priority agent: flow +6000 base = 45818 final = 51818
2026-06-02 00:36:04 [self-0001-0-expand] Move #3: 241 -> 242 | Army: 8 | Target-Terrain: -1 | Target: 120 | Half: False
2026-06-02 00:36:05 [self-0001-0-expand] My general index: 239
2026-06-02 00:36:05 [self-0001-0-expand] Enemy general index: None
2026-06-02 00:36:05 [self-0001-0-expand] Visible enemy tiles: 0
2026-06-02 00:36:05 [self-0001-0-expand] Tiles: 4 / 4
2026-06-02 00:36:05 [self-0001-0-expand] Map: 18 x 20 Turn: 22
2026-06-02 00:36:05 [self-0001-0-expand] Route planned: Target = 120 Mode = strategy city-free reachable tiles = 268 Fallback-Tiles = 269
2026-06-02 00:36:05 [self-0001-0-expand] Priority agent: flow +6000 base = 45907 final = 51907
2026-06-02 00:36:05 [self-0001-0-expand] Move #4: 242 -> 224 | Army: 7 | Target-Terrain: -1 | Target: 120 | Half: False
2026-06-02 00:36:05 [self-0001-0-expand] My general index: 239
2026-06-02 00:36:05 [self-0001-0-expand] Enemy general index: None
2026-06-02 00:36:05 [self-0001-0-expand] Visible enemy tiles: 0
2026-06-02 00:36:05 [self-0001-0-expand] Tiles: 5 / 5
2026-06-02 00:36:05 [self-0001-0-expand] Map: 18 x 20 Turn: 23
2026-06-02 00:36:05 [self-0001-0-expand] Route planned: Target = 120 Mode = strategy city-free reachable tiles = 268 Fallback-Tiles = 269
2026-06-02 00:36:05 [self-0001-0-expand] Priority agent: flow +6000 base = 56746 final = 62746
2026-06-02 00:36:05 [self-0001-0-expand] Move #5: 224 -> 206 | Army: 6 | Target-Terrain: -1 | Target: 120 | Half: False
2026-06-02 00:36:06 [self-0001-0-expand] My general index: 239
2026-06-02 00:36:06 [self-0001-0-expand] Enemy general index: None
2026-06-02 00:36:06 [self-0001-0-expand] Visible enemy tiles: 0
2026-06-02 00:36:06 [self-0001-0-expand] Tiles: 6 / 6
2026-06-02 00:36:06 [self-0001-0-expand] Map: 18 x 20 Turn: 24
2026-06-02 00:36:06 [self-0001-0-expand] Route planned: Target = 120 Mode = strategy city-free reachable tiles = 268 Fallback-Tiles = 269
2026-06-02 00:36:06 [self-0001-0-expand] Priority agent: flow +6000 base = 57085 final = 63085
2026-06-02 00:36:06 [self-0001-0-expand] Move #6: 206 -> 188 | Army: 5 | Target-Terrain: -1 | Target: 120 | Half: False
2026-06-02 00:36:06 [self-0001-0-expand] My general index: 239
2026-06-02 00:36:06 [self-0001-0-expand] Enemy general index: None
2026-06-02 00:36:06 [self-0001-0-expand] Visible enemy tiles: 0
2026-06-02 00:36:06 [self-0001-0-expand] Tiles: 7 / 7
2026-06-02 00:36:06 [self-0001-0-expand] Map: 18 x 20 Turn: 25
2026-06-02 00:36:06 [self-0001-0-expand] Route planned: Target = 120 Mode = strategy city-free reachable tiles = 268 Fallback-Tiles = 269
2026-06-02 00:36:06 [self-0001-0-expand] Priority agent: flow +6000 base = 57124 final = 63124
2026-06-02 00:36:06 [self-0001-0-expand] Move #7: 188 -> 170 | Army: 4 | Target-Terrain: -1 | Target: 120 | Half: False
2026-06-02 00:36:07 [self-0001-0-expand] My general index: 239
2026-06-02 00:36:07 [self-0001-0-expand] Enemy general index: None
2026-06-02 00:36:07 [self-0001-0-expand] Visible enemy tiles: 0
2026-06-02 00:36:07 [self-0001-0-expand] Tiles: 8 / 8
2026-06-02 00:36:07 [self-0001-0-expand] Map: 18 x 20 Turn: 26
2026-06-02 00:36:07 [self-0001-0-expand] Route planned: Target = 120 Mode = strategy city-free reachable tiles = 268 Fallback-Tiles = 269
2026-06-02 00:36:07 [self-0001-0-expand] Priority agent: flow +6000 base = 57763 final = 63763
2026-06-02 00:36:07 [self-0001-0-expand] Move #8: 170 -> 152 | Army: 3 | Target-Terrain: -1 | Target: 120 | Half: False
2026-06-02 00:36:07 [self-0001-0-expand] My general index: 239
2026-06-02 00:36:07 [self-0001-0-expand] Enemy general index: None
2026-06-02 00:36:07 [self-0001-0-expand] Visible enemy tiles: 0
2026-06-02 00:36:07 [self-0001-0-expand] Tiles: 9 / 9
2026-06-02 00:36:07 [self-0001-0-expand] Map: 18 x 20 Turn: 27
2026-06-02 00:36:07 [self-0001-0-expand] Route planned: Target = 120 Mode = strategy city-free reachable tiles = 268 Fallback-Tiles = 269
2026-06-02 00:36:07 [self-0001-0-expand] Priority agent: flow +6000 base = 55302 final = 61302
2026-06-02 00:36:07 [self-0001-0-expand] Move #9: 152 -> 153 | Army: 2 | Target-Terrain: -1 | Target: 120 | Half: False
2026-06-02 00:36:08 [self-0001-0-expand] My general index: 239
2026-06-02 00:36:08 [self-0001-0-expand] Enemy general index: None
2026-06-02 00:36:08 [self-0001-0-expand] Visible enemy tiles: 3
2026-06-02 00:36:08 [self-0001-0-expand] Tiles: 10 / 10
2026-06-02 00:36:08 [self-0001-0-expand] Map: 18 x 20 Turn: 28
2026-06-02 00:36:08 [self-0001-0-expand] Route planned: Target = 120 Mode = strategy city-free reachable tiles = 268 Fallback-Tiles = 269
2026-06-02 00:36:08 [self-0001-0-expand] Priority agent: edge reuse -18000 base = 30086 final = 12086
2026-06-02 00:36:08 [self-0001-0-expand] Move #10: 239 -> 240 | Army: 6 | Target-Terrain: 0 | Target: 120 | Half: False
2026-06-02 00:36:08 [self-0001-0-expand] My general index: 239
2026-06-02 00:36:08 [self-0001-0-expand] Enemy general index: None
2026-06-02 00:36:08 [self-0001-0-expand] Visible enemy tiles: 3
2026-06-02 00:36:08 [self-0001-0-expand] Tiles: 10 / 10
2026-06-02 00:36:08 [self-0001-0-expand] Map: 18 x 20 Turn: 29
2026-06-02 00:36:08 [self-0001-0-expand] Route planned: Target = 120 Mode = strategy city-free reachable tiles = 268 Fallback-Tiles = 269
2026-06-02 00:36:08 [self-0001-0-expand] Priority agent: flow +6000 base = 14296 final = 20296
2026-06-02 00:36:08 [self-0001-0-expand] Move #11: 240 -> 258 | Army: 6 | Target-Terrain: -1 | Target: 120 | Half: False
2026-06-02 00:36:09 [self-0001-0-expand] My general index: 239
2026-06-02 00:36:09 [self-0001-0-expand] Enemy general index: None
2026-06-02 00:36:09 [self-0001-0-expand] Visible enemy tiles: 3
2026-06-02 00:36:09 [self-0001-0-expand] Tiles: 11 / 11
2026-06-02 00:36:09 [self-0001-0-expand] Map: 18 x 20 Turn: 30
2026-06-02 00:36:09 [self-0001-0-expand] Route planned: Target = 120 Mode = strategy city-free reachable tiles = 268 Fallback-Tiles = 269
2026-06-02 00:36:09 [self-0001-0-expand] Priority agent: flow +6000 base = 45335 final = 51335
2026-06-02 00:36:09 [self-0001-0-expand] Move #12: 258 -> 259 | Army: 5 | Target-Terrain: -1 | Target: 120 | Half: False
2026-06-02 00:36:09 [self-0001-0-expand] My general index: 239
2026-06-02 00:36:09 [self-0001-0-expand] Enemy general index: None
2026-06-02 00:36:09 [self-0001-0-expand] Visible enemy tiles: 3
2026-06-02 00:36:09 [self-0001-0-expand] Tiles: 12 / 12
2026-06-02 00:36:09 [self-0001-0-expand] Map: 18 x 20 Turn: 31
2026-06-02 00:36:09 [self-0001-0-expand] Route planned: Target = 120 Mode = strategy city-free reachable tiles = 268 Fallback-Tiles = 269
2026-06-02 00:36:09 [self-0001-0-expand] Priority agent: flow +6000 base = 45424 final = 51424
2026-06-02 00:36:09 [self-0001-0-expand] Move #13: 259 -> 260 | Army: 4 | Target-Terrain: -1 | Target: 120 | Half: False
2026-06-02 00:36:10 [self-0001-0-expand] My general index: 239
2026-06-02 00:36:10 [self-0001-0-expand] Enemy general index: None
2026-06-02 00:36:10 [self-0001-0-expand] Visible enemy tiles: 3
2026-06-02 00:36:10 [self-0001-0-expand] Tiles: 13 / 12
2026-06-02 00:36:10 [self-0001-0-expand] Map: 18 x 20 Turn: 32
2026-06-02 00:36:10 [self-0001-0-expand] Route planned: Target = 120 Mode = strategy city-free reachable tiles = 268 Fallback-Tiles = 269
2026-06-02 00:36:10 [self-0001-0-expand] Priority agent: flow +6000 base = 45513 final = 51513
2026-06-02 00:36:10 [self-0001-0-expand] Move #14: 260 -> 261 | Army: 3 | Target-Terrain: -1 | Target: 120 | Half: False
2026-06-02 00:36:10 [self-0001-0-expand] My general index: 239
2026-06-02 00:36:10 [self-0001-0-expand] Enemy general index: None
2026-06-02 00:36:10 [self-0001-0-expand] Visible enemy tiles: 3
2026-06-02 00:36:10 [self-0001-0-expand] Tiles: 14 / 13
2026-06-02 00:36:10 [self-0001-0-expand] Map: 18 x 20 Turn: 33
2026-06-02 00:36:10 [self-0001-0-expand] Route planned: Target = 120 Mode = strategy city-free reachable tiles = 268 Fallback-Tiles = 269
2026-06-02 00:36:10 [self-0001-0-expand] Priority agent: flow +6000 base = 43402 final = 49402
2026-06-02 00:36:10 [self-0001-0-expand] Move #15: 261 -> 243 | Army: 2 | Target-Terrain: -1 | Target: 120 | Half: False
2026-06-02 00:36:11 [self-0001-0-expand] My general index: 239
2026-06-02 00:36:11 [self-0001-0-expand] Enemy general index: None
2026-06-02 00:36:11 [self-0001-0-expand] Visible enemy tiles: 4
2026-06-02 00:36:11 [self-0001-0-expand] Tiles: 15 / 14
2026-06-02 00:36:11 [self-0001-0-expand] Map: 18 x 20 Turn: 34
2026-06-02 00:36:11 [self-0001-0-expand] Reinforcement waypoint: 169 final target = 120 turns until reinforcement = 16
2026-06-02 00:36:11 [self-0001-0-expand] Route planned: Target = 169 Mode = reinforcement_waypoint city-free reachable tiles = 268 Fallback-Tiles = 269
2026-06-02 00:36:11 [self-0001-0-expand] Priority agent: edge reuse -18000 base = 37804 final = 19804
2026-06-02 00:36:11 [self-0001-0-expand] Move #16: 239 -> 240 | Army: 4 | Target-Terrain: 0 | Target: 169 | Half: False
2026-06-02 00:36:11 [self-0001-0-expand] My general index: 239
2026-06-02 00:36:11 [self-0001-0-expand] Enemy general index: None
2026-06-02 00:36:11 [self-0001-0-expand] Visible enemy tiles: 4
2026-06-02 00:36:11 [self-0001-0-expand] Tiles: 15 / 14
2026-06-02 00:36:11 [self-0001-0-expand] Map: 18 x 20 Turn: 35
2026-06-02 00:36:11 [self-0001-0-expand] Reinforcement waypoint: 169 final target = 120 turns until reinforcement = 15
2026-06-02 00:36:11 [self-0001-0-expand] Route planned: Target = 169 Mode = reinforcement_waypoint city-free reachable tiles = 268 Fallback-Tiles = 269
2026-06-02 00:36:11 [self-0001-0-expand] Priority agent: fresh target pullback -12000, flow +6000 base = 40094 final = 34094
2026-06-02 00:36:11 [self-0001-0-expand] Move #17: 240 -> 241 | Army: 4 | Target-Terrain: 0 | Target: 169 | Half: False
2026-06-02 00:36:12 [self-0001-0-expand] My general index: 239
2026-06-02 00:36:12 [self-0001-0-expand] Enemy general index: None
2026-06-02 00:36:12 [self-0001-0-expand] Visible enemy tiles: 4
2026-06-02 00:36:12 [self-0001-0-expand] Tiles: 15 / 14
2026-06-02 00:36:12 [self-0001-0-expand] Map: 18 x 20 Turn: 36
2026-06-02 00:36:12 [self-0001-0-expand] Reinforcement waypoint: 169 final target = 120 turns until reinforcement = 14
2026-06-02 00:36:12 [self-0001-0-expand] Route planned: Target = 169 Mode = reinforcement_waypoint city-free reachable tiles = 268 Fallback-Tiles = 269
2026-06-02 00:36:12 [self-0001-0-expand] Priority agent: flow +6000 base = 54434 final = 60434
2026-06-02 00:36:12 [self-0001-0-expand] Move #18: 241 -> 223 | Army: 4 | Target-Terrain: -1 | Target: 169 | Half: False
2026-06-02 00:36:12 [self-0001-0-expand] My general index: 239
2026-06-02 00:36:12 [self-0001-0-expand] Enemy general index: None
2026-06-02 00:36:12 [self-0001-0-expand] Visible enemy tiles: 4
2026-06-02 00:36:12 [self-0001-0-expand] Tiles: 16 / 14
2026-06-02 00:36:12 [self-0001-0-expand] Map: 18 x 20 Turn: 37
2026-06-02 00:36:12 [self-0001-0-expand] Reinforcement waypoint: 169 final target = 120 turns until reinforcement = 13
2026-06-02 00:36:12 [self-0001-0-expand] Route planned: Target = 169 Mode = reinforcement_waypoint city-free reachable tiles = 268 Fallback-Tiles = 269
2026-06-02 00:36:12 [self-0001-0-expand] Priority agent: flow +6000 base = 55073 final = 61073
2026-06-02 00:36:12 [self-0001-0-expand] Move #19: 223 -> 205 | Army: 3 | Target-Terrain: -1 | Target: 169 | Half: False
2026-06-02 00:36:13 [self-0001-0-expand] My general index: 239
2026-06-02 00:36:13 [self-0001-0-expand] Enemy general index: None
2026-06-02 00:36:13 [self-0001-0-expand] Visible enemy tiles: 4
2026-06-02 00:36:13 [self-0001-0-expand] Tiles: 17 / 14
2026-06-02 00:36:13 [self-0001-0-expand] Map: 18 x 20 Turn: 38
2026-06-02 00:36:13 [self-0001-0-expand] Reinforcement waypoint: 169 final target = 120 turns until reinforcement = 12
2026-06-02 00:36:13 [self-0001-0-expand] Route planned: Target = 169 Mode = reinforcement_waypoint city-free reachable tiles = 268 Fallback-Tiles = 269
2026-06-02 00:36:13 [self-0001-0-expand] Priority agent: flow +6000 base = 52912 final = 58912
2026-06-02 00:36:13 [self-0001-0-expand] Move #20: 205 -> 187 | Army: 2 | Target-Terrain: -1 | Target: 169 | Half: False
2026-06-02 00:36:13 [self-0001-0-expand] My general index: 239
2026-06-02 00:36:13 [self-0001-0-expand] Enemy general index: None
2026-06-02 00:36:13 [self-0001-0-expand] Visible enemy tiles: 4
2026-06-02 00:36:13 [self-0001-0-expand] Tiles: 18 / 14
2026-06-02 00:36:13 [self-0001-0-expand] Map: 18 x 20 Turn: 39
2026-06-02 00:36:13 [self-0001-0-expand] Reinforcement waypoint: 240 final target = 120 turns until reinforcement = 11
2026-06-02 00:36:13 [self-0001-0-expand] Route planned: Target = 240 Mode = reinforcement_waypoint city-free reachable tiles = 268 Fallback-Tiles = 269
2026-06-02 00:36:13 [self-0001-0-expand] Move #21: 239 -> 238 | Army: 3 | Target-Terrain: -1 | Target: 240 | Half: False
2026-06-02 00:36:14 [self-0001-0-expand] My general index: 239
2026-06-02 00:36:14 [self-0001-0-expand] Enemy general index: None
2026-06-02 00:36:14 [self-0001-0-expand] Visible enemy tiles: 4
2026-06-02 00:36:14 [self-0001-0-expand] Tiles: 19 / 14
2026-06-02 00:36:14 [self-0001-0-expand] Map: 18 x 20 Turn: 40
2026-06-02 00:36:14 [self-0001-0-expand] Reinforcement waypoint: 240 final target = 120 turns until reinforcement = 10
2026-06-02 00:36:14 [self-0001-0-expand] Route planned: Target = 240 Mode = reinforcement_waypoint city-free reachable tiles = 268 Fallback-Tiles = 269
2026-06-02 00:36:14 [self-0001-0-expand] Priority agent: flow +6000 base = 14282 final = 20282
2026-06-02 00:36:14 [self-0001-0-expand] Move #22: 238 -> 220 | Army: 2 | Target-Terrain: -1 | Target: 240 | Half: False
2026-06-02 00:36:14 [self-0001-0-expand] My general index: 239
2026-06-02 00:36:14 [self-0001-0-expand] Enemy general index: None
2026-06-02 00:36:14 [self-0001-0-expand] Visible enemy tiles: 2
2026-06-02 00:36:14 [self-0001-0-expand] Tiles: 19 / 15
2026-06-02 00:36:14 [self-0001-0-expand] Map: 18 x 20 Turn: 41
2026-06-02 00:36:14 [self-0001-0-expand] Reinforcement waypoint: 240 final target = 120 turns until reinforcement = 9
2026-06-02 00:36:14 [self-0001-0-expand] Route planned: Target = 240 Mode = reinforcement_waypoint city-free reachable tiles = 268 Fallback-Tiles = 269
2026-06-02 00:36:14 [self-0001-0-expand] Move #23: 239 -> 257 | Army: 2 | Target-Terrain: -1 | Target: 240 | Half: False
2026-06-02 00:36:15 [self-0001-0-expand] My general index: 239
2026-06-02 00:36:15 [self-0001-0-expand] Enemy general index: None
2026-06-02 00:36:15 [self-0001-0-expand] Visible enemy tiles: 3
2026-06-02 00:36:15 [self-0001-0-expand] Tiles: 19 / 16
2026-06-02 00:36:15 [self-0001-0-expand] Map: 18 x 20 Turn: 42
2026-06-02 00:36:15 [self-0001-0-expand] Reinforcement waypoint: 240 final target = 120 turns until reinforcement = 8
2026-06-02 00:36:15 [self-0001-0-expand] Route planned: Target = 240 Mode = reinforcement_waypoint city-free reachable tiles = 268 Fallback-Tiles = 269
2026-06-02 00:36:15 [self-0001-0-expand] Move #24: 239 -> 221 | Army: 2 | Target-Terrain: -1 | Target: 240 | Half: False
2026-06-02 00:36:15 [self-0001-0-expand] My general index: 239
2026-06-02 00:36:15 [self-0001-0-expand] Enemy general index: None
2026-06-02 00:36:15 [self-0001-0-expand] Visible enemy tiles: 3
2026-06-02 00:36:15 [self-0001-0-expand] Tiles: 20 / 17
2026-06-02 00:36:15 [self-0001-0-expand] Map: 18 x 20 Turn: 43
2026-06-02 00:36:15 [self-0001-0-expand] Route planned: Target = 120 Mode = reinforcement_waypoint city-free reachable tiles = 268 Fallback-Tiles = 269
2026-06-02 00:36:15 [self-0001-0-expand] No move found: blocked tiles = 0 ignored cities = 0 own movable tiles = 0
2026-06-02 00:36:16 [self-0001-0-expand] My general index: 239
2026-06-02 00:36:16 [self-0001-0-expand] Enemy general index: None
2026-06-02 00:36:16 [self-0001-0-expand] Visible enemy tiles: 3
2026-06-02 00:36:16 [self-0001-0-expand] Tiles: 20 / 18
2026-06-02 00:36:16 [self-0001-0-expand] Map: 18 x 20 Turn: 44
2026-06-02 00:36:16 [self-0001-0-expand] Reinforcement waypoint: 240 final target = 120 turns until reinforcement = 6
2026-06-02 00:36:16 [self-0001-0-expand] Route planned: Target = 240 Mode = reinforcement_waypoint city-free reachable tiles = 268 Fallback-Tiles = 269
2026-06-02 00:36:16 [self-0001-0-expand] Priority agent: edge reuse -18000 base = 38252 final = 20252
2026-06-02 00:36:16 [self-0001-0-expand] Move #25: 239 -> 240 | Army: 2 | Target-Terrain: 0 | Target: 240 | Half: False
2026-06-02 00:36:16 [self-0001-0-expand] My general index: 239
2026-06-02 00:36:16 [self-0001-0-expand] Enemy general index: None
2026-06-02 00:36:16 [self-0001-0-expand] Visible enemy tiles: 3
2026-06-02 00:36:16 [self-0001-0-expand] Tiles: 20 / 19
2026-06-02 00:36:16 [self-0001-0-expand] Map: 18 x 20 Turn: 45
2026-06-02 00:36:16 [self-0001-0-expand] Reinforcement waypoint: 241 final target = 120 turns until reinforcement = 5
2026-06-02 00:36:16 [self-0001-0-expand] Route planned: Target = 241 Mode = reinforcement_waypoint city-free reachable tiles = 268 Fallback-Tiles = 269
2026-06-02 00:36:16 [self-0001-0-expand] Priority agent: edge reuse -18000, fresh target pullback -12000, flow +6000 base = 38252 final = 14252
2026-06-02 00:36:16 [self-0001-0-expand] Move #26: 240 -> 241 | Army: 2 | Target-Terrain: 0 | Target: 241 | Half: False
2026-06-02 00:36:17 [self-0001-0-expand] My general index: 239
2026-06-02 00:36:17 [self-0001-0-expand] Enemy general index: None
2026-06-02 00:36:17 [self-0001-0-expand] Visible enemy tiles: 3
2026-06-02 00:36:17 [self-0001-0-expand] Tiles: 20 / 20
2026-06-02 00:36:17 [self-0001-0-expand] Map: 18 x 20 Turn: 46
2026-06-02 00:36:17 [self-0001-0-expand] Reinforcement waypoint: 223 final target = 120 turns until reinforcement = 4
2026-06-02 00:36:17 [self-0001-0-expand] Route planned: Target = 223 Mode = reinforcement_waypoint city-free reachable tiles = 268 Fallback-Tiles = 269
2026-06-02 00:36:17 [self-0001-0-expand] Priority agent: edge reuse -18000, fresh target pullback -12000, flow +6000 base = 38252 final = 14252
2026-06-02 00:36:17 [self-0001-0-expand] Move #27: 241 -> 223 | Army: 2 | Target-Terrain: 0 | Target: 223 | Half: False
2026-06-02 00:36:17 [self-0001-0-expand] Coach: balanced tiles 20/20 army 22/22 cities 0/0 enemy_city_suspect False bias {'expansion_bias': 0.7, 'city_bias': 0.1, 'attack_bias': 0.0, 'defense_bias': 0.0, 'route_bias': 0.5}
2026-06-02 00:36:17 [self-0001-0-expand] My general index: 239
2026-06-02 00:36:17 [self-0001-0-expand] Enemy general index: None
2026-06-02 00:36:17 [self-0001-0-expand] Visible enemy tiles: 3
2026-06-02 00:36:17 [self-0001-0-expand] Tiles: 20 / 20
2026-06-02 00:36:17 [self-0001-0-expand] Map: 18 x 20 Turn: 47
2026-06-02 00:36:17 [self-0001-0-expand] Reinforcement waypoint: 205 final target = 120 turns until reinforcement = 3
2026-06-02 00:36:17 [self-0001-0-expand] Route planned: Target = 205 Mode = reinforcement_waypoint city-free reachable tiles = 268 Fallback-Tiles = 269
2026-06-02 00:36:17 [self-0001-0-expand] Priority agent: edge reuse -18000, fresh target pullback -12000, flow +6000 base = 38252 final = 14252
2026-06-02 00:36:17 [self-0001-0-expand] Move #28: 223 -> 205 | Army: 2 | Target-Terrain: 0 | Target: 205 | Half: False
2026-06-02 00:36:18 [self-0001-0-expand] My general index: 239
2026-06-02 00:36:18 [self-0001-0-expand] Enemy general index: None
2026-06-02 00:36:18 [self-0001-0-expand] Visible enemy tiles: 3
2026-06-02 00:36:18 [self-0001-0-expand] Tiles: 20 / 20
2026-06-02 00:36:18 [self-0001-0-expand] Map: 18 x 20 Turn: 48
2026-06-02 00:36:18 [self-0001-0-expand] Reinforcement waypoint: 187 final target = 120 turns until reinforcement = 2
2026-06-02 00:36:18 [self-0001-0-expand] Route planned: Target = 187 Mode = reinforcement_waypoint city-free reachable tiles = 268 Fallback-Tiles = 269
2026-06-02 00:36:18 [self-0001-0-expand] Priority agent: flow +6000 base = 14022 final = 20022
2026-06-02 00:36:18 [self-0001-0-expand] Move #29: 205 -> 204 | Army: 2 | Target-Terrain: -1 | Target: 187 | Half: False
2026-06-02 00:36:18 [self-0001-0-expand] My general index: 239
2026-06-02 00:36:18 [self-0001-0-expand] Enemy general index: None
2026-06-02 00:36:18 [self-0001-0-expand] Visible enemy tiles: 3
2026-06-02 00:36:18 [self-0001-0-expand] Tiles: 21 / 20
2026-06-02 00:36:18 [self-0001-0-expand] Map: 18 x 20 Turn: 49
2026-06-02 00:36:18 [self-0001-0-expand] Reinforcement waypoint: 240 final target = 120 turns until reinforcement = 1
2026-06-02 00:36:18 [self-0001-0-expand] Route planned: Target = 240 Mode = reinforcement_waypoint city-free reachable tiles = 268 Fallback-Tiles = 269
2026-06-02 00:36:18 [self-0001-0-expand] No move found: blocked tiles = 0 ignored cities = 0 own movable tiles = 1
2026-06-02 00:36:19 [self-0001-0-expand] My general index: 239
2026-06-02 00:36:19 [self-0001-0-expand] Enemy general index: None
2026-06-02 00:36:19 [self-0001-0-expand] Visible enemy tiles: 3
2026-06-02 00:36:19 [self-0001-0-expand] Tiles: 21 / 20
2026-06-02 00:36:19 [self-0001-0-expand] Map: 18 x 20 Turn: 50
2026-06-02 00:36:19 [self-0001-0-expand] Route planned: Target = 120 Mode = reinforcement_waypoint city-free reachable tiles = 268 Fallback-Tiles = 269
2026-06-02 00:36:19 [self-0001-0-expand] Move #30: 188 -> 189 | Army: 2 | Target-Terrain: -1 | Target: 120 | Half: False
2026-06-02 00:36:19 [self-0001-0-expand] My general index: 239
2026-06-02 00:36:19 [self-0001-0-expand] Enemy general index: None
2026-06-02 00:36:19 [self-0001-0-expand] Visible enemy tiles: 7
2026-06-02 00:36:19 [self-0001-0-expand] Tiles: 22 / 21
2026-06-02 00:36:19 [self-0001-0-expand] Map: 18 x 20 Turn: 51
2026-06-02 00:36:19 [self-0001-0-expand] Route planned: Target = 120 Mode = reinforcement_waypoint city-free reachable tiles = 268 Fallback-Tiles = 269
2026-06-02 00:36:19 [self-0001-0-expand] Move #31: 187 -> 169 | Army: 2 | Target-Terrain: -1 | Target: 120 | Half: False
2026-06-02 00:36:20 [self-0001-0-expand] My general index: 239
2026-06-02 00:36:20 [self-0001-0-expand] Enemy general index: None
2026-06-02 00:36:20 [self-0001-0-expand] Visible enemy tiles: 8
2026-06-02 00:36:20 [self-0001-0-expand] Tiles: 23 / 22
2026-06-02 00:36:20 [self-0001-0-expand] Map: 18 x 20 Turn: 52
2026-06-02 00:36:20 [self-0001-0-expand] Route planned: Target = 120 Mode = reinforcement_waypoint city-free reachable tiles = 268 Fallback-Tiles = 269
2026-06-02 00:36:20 [self-0001-0-expand] Move #32: 243 -> 244 | Army: 2 | Target-Terrain: -1 | Target: 120 | Half: False
2026-06-02 00:36:20 [self-0001-0-expand] My general index: 239
2026-06-02 00:36:20 [self-0001-0-expand] Enemy general index: None
2026-06-02 00:36:20 [self-0001-0-expand] Visible enemy tiles: 9
2026-06-02 00:36:20 [self-0001-0-expand] Tiles: 24 / 23
2026-06-02 00:36:20 [self-0001-0-expand] Map: 18 x 20 Turn: 53
2026-06-02 00:36:20 [self-0001-0-expand] Route planned: Target = 120 Mode = reinforcement_waypoint city-free reachable tiles = 268 Fallback-Tiles = 269
2026-06-02 00:36:20 [self-0001-0-expand] Move #33: 220 -> 202 | Army: 2 | Target-Terrain: -1 | Target: 120 | Half: False
2026-06-02 00:36:21 [self-0001-0-expand] My general index: 239
2026-06-02 00:36:21 [self-0001-0-expand] Enemy general index: None
2026-06-02 00:36:21 [self-0001-0-expand] Visible enemy tiles: 9
2026-06-02 00:36:21 [self-0001-0-expand] Tiles: 25 / 24
2026-06-02 00:36:21 [self-0001-0-expand] Map: 18 x 20 Turn: 54
2026-06-02 00:36:21 [self-0001-0-expand] Route planned: Target = 120 Mode = reinforcement_waypoint city-free reachable tiles = 268 Fallback-Tiles = 269
2026-06-02 00:36:21 [self-0001-0-expand] Move #34: 206 -> 188 | Army: 2 | Target-Terrain: 0 | Target: 120 | Half: False
2026-06-02 00:36:21 [self-0001-0-expand] My general index: 239
2026-06-02 00:36:21 [self-0001-0-expand] Enemy general index: None
2026-06-02 00:36:21 [self-0001-0-expand] Visible enemy tiles: 9
2026-06-02 00:36:21 [self-0001-0-expand] Tiles: 25 / 24
2026-06-02 00:36:21 [self-0001-0-expand] Map: 18 x 20 Turn: 55
2026-06-02 00:36:21 [self-0001-0-expand] Route planned: Target = 120 Mode = reinforcement_waypoint city-free reachable tiles = 268 Fallback-Tiles = 269
2026-06-02 00:36:21 [self-0001-0-expand] Move #35: 205 -> 187 | Army: 2 | Target-Terrain: 0 | Target: 120 | Half: False
2026-06-02 00:36:22 [self-0001-0-expand] My general index: 239
2026-06-02 00:36:22 [self-0001-0-expand] Enemy general index: None
2026-06-02 00:36:22 [self-0001-0-expand] Visible enemy tiles: 9
2026-06-02 00:36:22 [self-0001-0-expand] Tiles: 25 / 24
2026-06-02 00:36:22 [self-0001-0-expand] Map: 18 x 20 Turn: 56
2026-06-02 00:36:22 [self-0001-0-expand] Route planned: Target = 120 Mode = reinforcement_waypoint city-free reachable tiles = 268 Fallback-Tiles = 269
2026-06-02 00:36:22 [self-0001-0-expand] Move #36: 224 -> 206 | Army: 2 | Target-Terrain: 0 | Target: 120 | Half: False
2026-06-02 00:36:22 [self-0001-0-expand] My general index: 239
2026-06-02 00:36:22 [self-0001-0-expand] Enemy general index: None
2026-06-02 00:36:22 [self-0001-0-expand] Visible enemy tiles: 9
2026-06-02 00:36:22 [self-0001-0-expand] Tiles: 25 / 24
2026-06-02 00:36:22 [self-0001-0-expand] Map: 18 x 20 Turn: 57
2026-06-02 00:36:22 [self-0001-0-expand] Route planned: Target = 120 Mode = reinforcement_waypoint city-free reachable tiles = 268 Fallback-Tiles = 269
2026-06-02 00:36:22 [self-0001-0-expand] Move #37: 223 -> 224 | Army: 2 | Target-Terrain: 0 | Target: 120 | Half: False
2026-06-02 00:36:23 [self-0001-0-expand] My general index: 239
2026-06-02 00:36:23 [self-0001-0-expand] Enemy general index: None
2026-06-02 00:36:23 [self-0001-0-expand] Visible enemy tiles: 9
2026-06-02 00:36:23 [self-0001-0-expand] Tiles: 25 / 24
2026-06-02 00:36:23 [self-0001-0-expand] Map: 18 x 20 Turn: 58
2026-06-02 00:36:23 [self-0001-0-expand] Route planned: Target = 120 Mode = reinforcement_waypoint city-free reachable tiles = 268 Fallback-Tiles = 269
2026-06-02 00:36:23 [self-0001-0-expand] Move #38: 242 -> 224 | Army: 2 | Target-Terrain: 0 | Target: 120 | Half: False
2026-06-02 00:36:23 [self-0001-0-expand] My general index: 239
2026-06-02 00:36:23 [self-0001-0-expand] Enemy general index: None
2026-06-02 00:36:23 [self-0001-0-expand] Visible enemy tiles: 9
2026-06-02 00:36:23 [self-0001-0-expand] Tiles: 25 / 24
2026-06-02 00:36:23 [self-0001-0-expand] Map: 18 x 20 Turn: 59
2026-06-02 00:36:23 [self-0001-0-expand] Route planned: Target = 120 Mode = reinforcement_waypoint city-free reachable tiles = 268 Fallback-Tiles = 269
2026-06-02 00:36:23 [self-0001-0-expand] Priority agent: flow +6000 base = 63693 final = 69693
2026-06-02 00:36:23 [self-0001-0-expand] Move #39: 224 -> 225 | Army: 3 | Target-Terrain: 1 | Target: 120 | Half: False
2026-06-02 00:36:24 [self-0001-0-expand] My general index: 239
2026-06-02 00:36:24 [self-0001-0-expand] Enemy general index: None
2026-06-02 00:36:24 [self-0001-0-expand] Visible enemy tiles: 8
2026-06-02 00:36:24 [self-0001-0-expand] Tiles: 26 / 23
2026-06-02 00:36:24 [self-0001-0-expand] Map: 18 x 20 Turn: 60
2026-06-02 00:36:24 [self-0001-0-expand] Route planned: Target = 120 Mode = reinforcement_waypoint city-free reachable tiles = 268 Fallback-Tiles = 269
2026-06-02 00:36:24 [self-0001-0-expand] Move #40: 239 -> 240 | Army: 10 | Target-Terrain: 0 | Target: 120 | Half: False
2026-06-02 00:36:24 [self-0001-0-expand] My general index: 239
2026-06-02 00:36:24 [self-0001-0-expand] Enemy general index: None
2026-06-02 00:36:24 [self-0001-0-expand] Visible enemy tiles: 8
2026-06-02 00:36:24 [self-0001-0-expand] Tiles: 26 / 23
2026-06-02 00:36:24 [self-0001-0-expand] Map: 18 x 20 Turn: 61
2026-06-02 00:36:24 [self-0001-0-expand] Route planned: Target = 120 Mode = reinforcement_waypoint city-free reachable tiles = 268 Fallback-Tiles = 269
2026-06-02 00:36:24 [self-0001-0-expand] Move #41: 188 -> 170 | Army: 2 | Target-Terrain: 0 | Target: 120 | Half: False
2026-06-02 00:36:25 [self-0001-0-expand] My general index: 239
2026-06-02 00:36:25 [self-0001-0-expand] Enemy general index: None
2026-06-02 00:36:25 [self-0001-0-expand] Visible enemy tiles: 8
2026-06-02 00:36:25 [self-0001-0-expand] Tiles: 26 / 23
2026-06-02 00:36:25 [self-0001-0-expand] Map: 18 x 20 Turn: 62
2026-06-02 00:36:25 [self-0001-0-expand] Route planned: Target = 120 Mode = reinforcement_waypoint city-free reachable tiles = 268 Fallback-Tiles = 269
2026-06-02 00:36:25 [self-0001-0-expand] Move #42: 187 -> 188 | Army: 2 | Target-Terrain: 0 | Target: 120 | Half: False
2026-06-02 00:36:25 [self-0001-0-expand] My general index: 239
2026-06-02 00:36:25 [self-0001-0-expand] Enemy general index: None
2026-06-02 00:36:25 [self-0001-0-expand] Visible enemy tiles: 8
2026-06-02 00:36:25 [self-0001-0-expand] Tiles: 26 / 23
2026-06-02 00:36:25 [self-0001-0-expand] Map: 18 x 20 Turn: 63
2026-06-02 00:36:25 [self-0001-0-expand] Route planned: Target = 120 Mode = reinforcement_waypoint city-free reachable tiles = 268 Fallback-Tiles = 269
2026-06-02 00:36:25 [self-0001-0-expand] Move #43: 261 -> 243 | Army: 2 | Target-Terrain: 0 | Target: 120 | Half: False
2026-06-02 00:36:26 [self-0001-0-expand] My general index: 239
2026-06-02 00:36:26 [self-0001-0-expand] Enemy general index: None
2026-06-02 00:36:26 [self-0001-0-expand] Visible enemy tiles: 8
2026-06-02 00:36:26 [self-0001-0-expand] Tiles: 26 / 23
2026-06-02 00:36:26 [self-0001-0-expand] Map: 18 x 20 Turn: 64
2026-06-02 00:36:26 [self-0001-0-expand] Route planned: Target = 120 Mode = reinforcement_waypoint city-free reachable tiles = 268 Fallback-Tiles = 269
2026-06-02 00:36:26 [self-0001-0-expand] Move #44: 204 -> 205 | Army: 2 | Target-Terrain: 0 | Target: 120 | Half: False
2026-06-02 00:36:26 [self-0001-0-expand] My general index: 239
2026-06-02 00:36:26 [self-0001-0-expand] Enemy general index: None
2026-06-02 00:36:26 [self-0001-0-expand] Visible enemy tiles: 8
2026-06-02 00:36:26 [self-0001-0-expand] Tiles: 26 / 23
2026-06-02 00:36:26 [self-0001-0-expand] Map: 18 x 20 Turn: 65
2026-06-02 00:36:26 [self-0001-0-expand] Route planned: Target = 120 Mode = reinforcement_waypoint city-free reachable tiles = 268 Fallback-Tiles = 269
2026-06-02 00:36:26 [self-0001-0-expand] Move #45: 240 -> 241 | Army: 11 | Target-Terrain: 0 | Target: 120 | Half: False
2026-06-02 00:36:27 [self-0001-0-expand] My general index: 239
2026-06-02 00:36:27 [self-0001-0-expand] Enemy general index: None
2026-06-02 00:36:27 [self-0001-0-expand] Visible enemy tiles: 8
2026-06-02 00:36:27 [self-0001-0-expand] Tiles: 26 / 23
2026-06-02 00:36:27 [self-0001-0-expand] Map: 18 x 20 Turn: 66
2026-06-02 00:36:27 [self-0001-0-expand] Route planned: Target = 120 Mode = reinforcement_waypoint city-free reachable tiles = 268 Fallback-Tiles = 269
2026-06-02 00:36:27 [self-0001-0-expand] Move #46: 260 -> 242 | Army: 2 | Target-Terrain: 0 | Target: 120 | Half: False
2026-06-02 00:36:27 [self-0001-0-expand] My general index: 239
2026-06-02 00:36:27 [self-0001-0-expand] Enemy general index: None
2026-06-02 00:36:27 [self-0001-0-expand] Visible enemy tiles: 8
2026-06-02 00:36:27 [self-0001-0-expand] Tiles: 26 / 23
2026-06-02 00:36:27 [self-0001-0-expand] Map: 18 x 20 Turn: 67
2026-06-02 00:36:27 [self-0001-0-expand] Route planned: Target = 120 Mode = reinforcement_waypoint city-free reachable tiles = 268 Fallback-Tiles = 269
2026-06-02 00:36:27 [self-0001-0-expand] Move #47: 170 -> 152 | Army: 3 | Target-Terrain: 1 | Target: 120 | Half: False
2026-06-02 00:36:28 [self-0001-0-expand] My general index: 239
2026-06-02 00:36:28 [self-0001-0-expand] Enemy general index: None
2026-06-02 00:36:28 [self-0001-0-expand] Visible enemy tiles: 8
2026-06-02 00:36:28 [self-0001-0-expand] Tiles: 27 / 23
2026-06-02 00:36:28 [self-0001-0-expand] Map: 18 x 20 Turn: 68
2026-06-02 00:36:28 [self-0001-0-expand] Route planned: Target = 120 Mode = reinforcement_waypoint city-free reachable tiles = 268 Fallback-Tiles = 269
2026-06-02 00:36:28 [self-0001-0-expand] Move #48: 188 -> 189 | Army: 2 | Target-Terrain: 0 | Target: 120 | Half: False
2026-06-02 00:36:28 [self-0001-0-expand] My general index: 239
2026-06-02 00:36:28 [self-0001-0-expand] Enemy general index: None
2026-06-02 00:36:28 [self-0001-0-expand] Visible enemy tiles: 9
2026-06-02 00:36:28 [self-0001-0-expand] Tiles: 26 / 24
2026-06-02 00:36:28 [self-0001-0-expand] Map: 18 x 20 Turn: 69
2026-06-02 00:36:28 [self-0001-0-expand] Route planned: Target = 150 Mode = defense city-free reachable tiles = 268 Fallback-Tiles = 269
2026-06-02 00:36:28 [self-0001-0-expand] Move #49: 241 -> 223 | Army: 12 | Target-Terrain: 0 | Target: 150 | Half: False
2026-06-02 00:36:29 [self-0001-0-expand] My general index: 239
2026-06-02 00:36:29 [self-0001-0-expand] Enemy general index: None
2026-06-02 00:36:29 [self-0001-0-expand] Visible enemy tiles: 9
2026-06-02 00:36:29 [self-0001-0-expand] Tiles: 25 / 25
2026-06-02 00:36:29 [self-0001-0-expand] Map: 18 x 20 Turn: 70
2026-06-02 00:36:29 [self-0001-0-expand] Route planned: Target = 150 Mode = defense city-free reachable tiles = 268 Fallback-Tiles = 269
2026-06-02 00:36:29 [self-0001-0-expand] Priority agent: flow +6000 base = 124902 final = 130902
2026-06-02 00:36:29 [self-0001-0-expand] Move #50: 223 -> 205 | Army: 12 | Target-Terrain: 0 | Target: 150 | Half: False
2026-06-02 00:36:29 [self-0001-0-expand] My general index: 239
2026-06-02 00:36:29 [self-0001-0-expand] Enemy general index: None
2026-06-02 00:36:29 [self-0001-0-expand] Visible enemy tiles: 9
2026-06-02 00:36:29 [self-0001-0-expand] Tiles: 25 / 25
2026-06-02 00:36:29 [self-0001-0-expand] Map: 18 x 20 Turn: 71
2026-06-02 00:36:29 [self-0001-0-expand] Route planned: Target = 150 Mode = defense city-free reachable tiles = 268 Fallback-Tiles = 269
2026-06-02 00:36:29 [self-0001-0-expand] Priority agent: flow +6000 base = 124993 final = 130993
2026-06-02 00:36:29 [self-0001-0-expand] Move #51: 205 -> 187 | Army: 13 | Target-Terrain: 0 | Target: 150 | Half: False
2026-06-02 00:36:30 [self-0001-0-expand] My general index: 239
2026-06-02 00:36:30 [self-0001-0-expand] Enemy general index: None
2026-06-02 00:36:30 [self-0001-0-expand] Visible enemy tiles: 9
2026-06-02 00:36:30 [self-0001-0-expand] Tiles: 25 / 25
2026-06-02 00:36:30 [self-0001-0-expand] Map: 18 x 20 Turn: 72
2026-06-02 00:36:30 [self-0001-0-expand] Route planned: Target = 150 Mode = defense city-free reachable tiles = 268 Fallback-Tiles = 269
2026-06-02 00:36:30 [self-0001-0-expand] Priority agent: flow +6000 base = 125083 final = 131083
2026-06-02 00:36:30 [self-0001-0-expand] Move #52: 187 -> 169 | Army: 13 | Target-Terrain: 0 | Target: 150 | Half: False
2026-06-02 00:36:30 [self-0001-0-expand] My general index: 239
2026-06-02 00:36:30 [self-0001-0-expand] Enemy general index: None
2026-06-02 00:36:30 [self-0001-0-expand] Visible enemy tiles: 9
2026-06-02 00:36:30 [self-0001-0-expand] Tiles: 25 / 25
2026-06-02 00:36:30 [self-0001-0-expand] Map: 18 x 20 Turn: 73
2026-06-02 00:36:30 [self-0001-0-expand] Route planned: Target = 150 Mode = defense city-free reachable tiles = 268 Fallback-Tiles = 269
2026-06-02 00:36:30 [self-0001-0-expand] Priority agent: flow +6000 base = 161823 final = 167823
2026-06-02 00:36:30 [self-0001-0-expand] Move #53: 169 -> 151 | Army: 13 | Target-Terrain: 1 | Target: 150 | Half: False
2026-06-02 00:36:31 [self-0001-0-expand] My general index: 239
2026-06-02 00:36:31 [self-0001-0-expand] Enemy general index: None
2026-06-02 00:36:31 [self-0001-0-expand] Visible enemy tiles: 8
2026-06-02 00:36:31 [self-0001-0-expand] Tiles: 26 / 24
2026-06-02 00:36:31 [self-0001-0-expand] Map: 18 x 20 Turn: 74
2026-06-02 00:36:31 [self-0001-0-expand] Route planned: Target = 150 Mode = defense city-free reachable tiles = 268 Fallback-Tiles = 269
2026-06-02 00:36:31 [self-0001-0-expand] Priority agent: flow +6000 base = 261261 final = 267261
2026-06-02 00:36:31 [self-0001-0-expand] Move #54: 151 -> 150 | Army: 11 | Target-Terrain: 1 | Target: 150 | Half: False
2026-06-02 00:36:31 [self-0001-0-expand] My general index: 239
2026-06-02 00:36:31 [self-0001-0-expand] Enemy general index: None
2026-06-02 00:36:31 [self-0001-0-expand] Visible enemy tiles: 7
2026-06-02 00:36:31 [self-0001-0-expand] Tiles: 27 / 23
2026-06-02 00:36:31 [self-0001-0-expand] Map: 18 x 20 Turn: 75
2026-06-02 00:36:31 [self-0001-0-expand] Route planned: Target = 150 Mode = defense city-free reachable tiles = 268 Fallback-Tiles = 269
2026-06-02 00:36:31 [self-0001-0-expand] Move #55: 206 -> 188 | Army: 2 | Target-Terrain: 0 | Target: 150 | Half: False
2026-06-02 00:36:32 [self-0001-0-expand] My general index: 239
2026-06-02 00:36:32 [self-0001-0-expand] Enemy general index: None
2026-06-02 00:36:32 [self-0001-0-expand] Visible enemy tiles: 7
2026-06-02 00:36:32 [self-0001-0-expand] Tiles: 27 / 23
2026-06-02 00:36:32 [self-0001-0-expand] Map: 18 x 20 Turn: 76
2026-06-02 00:36:32 [self-0001-0-expand] Route planned: Target = 150 Mode = defense city-free reachable tiles = 268 Fallback-Tiles = 269
2026-06-02 00:36:32 [self-0001-0-expand] Move #56: 238 -> 220 | Army: 2 | Target-Terrain: 0 | Target: 150 | Half: False
2026-06-02 00:36:32 [self-0001-0-expand] My general index: 239
2026-06-02 00:36:32 [self-0001-0-expand] Enemy general index: None
2026-06-02 00:36:32 [self-0001-0-expand] Visible enemy tiles: 8
2026-06-02 00:36:32 [self-0001-0-expand] Tiles: 26 / 24
2026-06-02 00:36:32 [self-0001-0-expand] Map: 18 x 20 Turn: 77
2026-06-02 00:36:32 [self-0001-0-expand] Route planned: Target = 150 Mode = defense city-free reachable tiles = 268 Fallback-Tiles = 269
2026-06-02 00:36:32 [self-0001-0-expand] Priority agent: flow +6000 base = 120802 final = 126802
2026-06-02 00:36:32 [self-0001-0-expand] Move #57: 220 -> 202 | Army: 2 | Target-Terrain: 0 | Target: 150 | Half: False
2026-06-02 00:36:33 [self-0001-0-expand] My general index: 239
2026-06-02 00:36:33 [self-0001-0-expand] Enemy general index: None
2026-06-02 00:36:33 [self-0001-0-expand] Visible enemy tiles: 8
2026-06-02 00:36:33 [self-0001-0-expand] Tiles: 26 / 24
2026-06-02 00:36:33 [self-0001-0-expand] Map: 18 x 20 Turn: 78
2026-06-02 00:36:33 [self-0001-0-expand] Route planned: Target = 150 Mode = defense city-free reachable tiles = 268 Fallback-Tiles = 269
2026-06-02 00:36:33 [self-0001-0-expand] Priority agent: flow +6000 base = 135492 final = 141492
2026-06-02 00:36:33 [self-0001-0-expand] Move #58: 202 -> 184 | Army: 2 | Target-Terrain: -1 | Target: 150 | Half: False
2026-06-02 00:36:33 [self-0001-0-expand] My general index: 239
2026-06-02 00:36:33 [self-0001-0-expand] Enemy general index: None
2026-06-02 00:36:33 [self-0001-0-expand] Visible enemy tiles: 8
2026-06-02 00:36:33 [self-0001-0-expand] Tiles: 27 / 24
2026-06-02 00:36:33 [self-0001-0-expand] Map: 18 x 20 Turn: 79
2026-06-02 00:36:33 [self-0001-0-expand] Route planned: Target = 150 Mode = defense city-free reachable tiles = 268 Fallback-Tiles = 269
2026-06-02 00:36:33 [self-0001-0-expand] Move #59: 188 -> 187 | Army: 2 | Target-Terrain: 0 | Target: 150 | Half: False
2026-06-02 00:36:34 [self-0001-0-expand] My general index: 239
2026-06-02 00:36:34 [self-0001-0-expand] Enemy general index: None
2026-06-02 00:36:34 [self-0001-0-expand] Visible enemy tiles: 8
2026-06-02 00:36:34 [self-0001-0-expand] Tiles: 27 / 24
2026-06-02 00:36:34 [self-0001-0-expand] Map: 18 x 20 Turn: 80
2026-06-02 00:36:34 [self-0001-0-expand] Route planned: Target = 150 Mode = defense city-free reachable tiles = 268 Fallback-Tiles = 269
2026-06-02 00:36:34 [self-0001-0-expand] Move #60: 242 -> 224 | Army: 2 | Target-Terrain: 0 | Target: 150 | Half: False
2026-06-02 00:36:34 [self-0001-0-expand] My general index: 239
2026-06-02 00:36:34 [self-0001-0-expand] Enemy general index: None
2026-06-02 00:36:34 [self-0001-0-expand] Visible enemy tiles: 8
2026-06-02 00:36:34 [self-0001-0-expand] Tiles: 27 / 24
2026-06-02 00:36:34 [self-0001-0-expand] Map: 18 x 20 Turn: 81
2026-06-02 00:36:34 [self-0001-0-expand] Route planned: Target = 150 Mode = defense city-free reachable tiles = 268 Fallback-Tiles = 269
2026-06-02 00:36:34 [self-0001-0-expand] Priority agent: flow +6000 base = 120802 final = 126802
2026-06-02 00:36:34 [self-0001-0-expand] Move #61: 224 -> 223 | Army: 2 | Target-Terrain: 0 | Target: 150 | Half: False
2026-06-02 00:36:35 [self-0001-0-expand] My general index: 239
2026-06-02 00:36:35 [self-0001-0-expand] Enemy general index: None
2026-06-02 00:36:35 [self-0001-0-expand] Visible enemy tiles: 8
2026-06-02 00:36:35 [self-0001-0-expand] Tiles: 27 / 24
2026-06-02 00:36:35 [self-0001-0-expand] Map: 18 x 20 Turn: 82
2026-06-02 00:36:35 [self-0001-0-expand] Route planned: Target = 150 Mode = defense city-free reachable tiles = 268 Fallback-Tiles = 269
2026-06-02 00:36:35 [self-0001-0-expand] Move #62: 259 -> 241 | Army: 2 | Target-Terrain: 0 | Target: 150 | Half: False
2026-06-02 00:36:35 [self-0001-0-expand] My general index: 239
2026-06-02 00:36:35 [self-0001-0-expand] Enemy general index: None
2026-06-02 00:36:35 [self-0001-0-expand] Visible enemy tiles: 8
2026-06-02 00:36:35 [self-0001-0-expand] Tiles: 27 / 24
2026-06-02 00:36:35 [self-0001-0-expand] Map: 18 x 20 Turn: 83
2026-06-02 00:36:35 [self-0001-0-expand] Route planned: Target = 150 Mode = defense city-free reachable tiles = 268 Fallback-Tiles = 269
2026-06-02 00:36:35 [self-0001-0-expand] Move #63: 189 -> 188 | Army: 2 | Target-Terrain: 0 | Target: 150 | Half: False
2026-06-02 00:36:36 [self-0001-0-expand] My general index: 239
2026-06-02 00:36:36 [self-0001-0-expand] Enemy general index: None
2026-06-02 00:36:36 [self-0001-0-expand] Visible enemy tiles: 8
2026-06-02 00:36:36 [self-0001-0-expand] Tiles: 27 / 24
2026-06-02 00:36:36 [self-0001-0-expand] Map: 18 x 20 Turn: 84
2026-06-02 00:36:36 [self-0001-0-expand] Route planned: Target = 150 Mode = defense city-free reachable tiles = 268 Fallback-Tiles = 269
2026-06-02 00:36:36 [self-0001-0-expand] Move #64: 241 -> 223 | Army: 2 | Target-Terrain: 0 | Target: 150 | Half: False
2026-06-02 00:36:36 [self-0001-0-expand] My general index: 239
2026-06-02 00:36:36 [self-0001-0-expand] Enemy general index: None
2026-06-02 00:36:36 [self-0001-0-expand] Visible enemy tiles: 8
2026-06-02 00:36:36 [self-0001-0-expand] Tiles: 27 / 24
2026-06-02 00:36:36 [self-0001-0-expand] Map: 18 x 20 Turn: 85
2026-06-02 00:36:36 [self-0001-0-expand] Route planned: Target = 150 Mode = defense city-free reachable tiles = 268 Fallback-Tiles = 269
2026-06-02 00:36:36 [self-0001-0-expand] Priority agent: flow +6000 base = 123093 final = 129093
2026-06-02 00:36:36 [self-0001-0-expand] Move #65: 223 -> 205 | Army: 3 | Target-Terrain: 0 | Target: 150 | Half: False
2026-06-02 00:36:37 [self-0001-0-expand] My general index: 239
2026-06-02 00:36:37 [self-0001-0-expand] Enemy general index: None
2026-06-02 00:36:37 [self-0001-0-expand] Visible enemy tiles: 8
2026-06-02 00:36:37 [self-0001-0-expand] Tiles: 27 / 24
2026-06-02 00:36:37 [self-0001-0-expand] Map: 18 x 20 Turn: 86
2026-06-02 00:36:37 [self-0001-0-expand] Route planned: Target = 150 Mode = defense city-free reachable tiles = 268 Fallback-Tiles = 269
2026-06-02 00:36:37 [self-0001-0-expand] Priority agent: flow +6000 base = 123183 final = 129183
2026-06-02 00:36:37 [self-0001-0-expand] Move #66: 205 -> 187 | Army: 3 | Target-Terrain: 0 | Target: 150 | Half: False
2026-06-02 00:36:37 [self-0001-0-expand] My general index: 239
2026-06-02 00:36:37 [self-0001-0-expand] Enemy general index: None
2026-06-02 00:36:37 [self-0001-0-expand] Visible enemy tiles: 8
2026-06-02 00:36:37 [self-0001-0-expand] Tiles: 27 / 24
2026-06-02 00:36:37 [self-0001-0-expand] Map: 18 x 20 Turn: 87
2026-06-02 00:36:37 [self-0001-0-expand] Route planned: Target = 150 Mode = defense city-free reachable tiles = 268 Fallback-Tiles = 269
2026-06-02 00:36:37 [self-0001-0-expand] Priority agent: flow +6000 base = 123274 final = 129274
2026-06-02 00:36:37 [self-0001-0-expand] Move #67: 187 -> 169 | Army: 4 | Target-Terrain: 0 | Target: 150 | Half: False
2026-06-02 00:36:38 [self-0001-0-expand] My general index: 239
2026-06-02 00:36:38 [self-0001-0-expand] Enemy general index: None
2026-06-02 00:36:38 [self-0001-0-expand] Visible enemy tiles: 8
2026-06-02 00:36:38 [self-0001-0-expand] Tiles: 27 / 24
2026-06-02 00:36:38 [self-0001-0-expand] Map: 18 x 20 Turn: 88
2026-06-02 00:36:38 [self-0001-0-expand] Route planned: Target = 150 Mode = defense city-free reachable tiles = 268 Fallback-Tiles = 269
2026-06-02 00:36:38 [self-0001-0-expand] Priority agent: flow +6000 base = 138114 final = 144114
2026-06-02 00:36:38 [self-0001-0-expand] Move #68: 169 -> 168 | Army: 4 | Target-Terrain: -1 | Target: 150 | Half: False
2026-06-02 00:36:38 [self-0001-0-expand] My general index: 239
2026-06-02 00:36:38 [self-0001-0-expand] Enemy general index: None
2026-06-02 00:36:38 [self-0001-0-expand] Visible enemy tiles: 8
2026-06-02 00:36:38 [self-0001-0-expand] Tiles: 28 / 24
2026-06-02 00:36:38 [self-0001-0-expand] Map: 18 x 20 Turn: 89
2026-06-02 00:36:38 [self-0001-0-expand] Route planned: Target = 150 Mode = defense city-free reachable tiles = 268 Fallback-Tiles = 269
2026-06-02 00:36:38 [self-0001-0-expand] Priority agent: flow +6000 base = 225853 final = 231853
2026-06-02 00:36:38 [self-0001-0-expand] Move #69: 168 -> 150 | Army: 3 | Target-Terrain: 0 | Target: 150 | Half: False
2026-06-02 00:36:39 [self-0001-0-expand] My general index: 239
2026-06-02 00:36:39 [self-0001-0-expand] Enemy general index: None
2026-06-02 00:36:39 [self-0001-0-expand] Visible enemy tiles: 7
2026-06-02 00:36:39 [self-0001-0-expand] Tiles: 27 / 25
2026-06-02 00:36:39 [self-0001-0-expand] Map: 18 x 20 Turn: 90
2026-06-02 00:36:39 [self-0001-0-expand] Route planned: Target = 150 Mode = defense city-free reachable tiles = 268 Fallback-Tiles = 269
2026-06-02 00:36:39 [self-0001-0-expand] Move #70: 243 -> 225 | Army: 2 | Target-Terrain: 0 | Target: 150 | Half: False
2026-06-02 00:36:39 [self-0001-0-expand] My general index: 239
2026-06-02 00:36:39 [self-0001-0-expand] Enemy general index: None
2026-06-02 00:36:39 [self-0001-0-expand] Visible enemy tiles: 7
2026-06-02 00:36:39 [self-0001-0-expand] Tiles: 27 / 25
2026-06-02 00:36:39 [self-0001-0-expand] Map: 18 x 20 Turn: 91
2026-06-02 00:36:39 [self-0001-0-expand] Route planned: Target = 150 Mode = defense city-free reachable tiles = 268 Fallback-Tiles = 269
2026-06-02 00:36:39 [self-0001-0-expand] Priority agent: flow +6000 base = 120712 final = 126712
2026-06-02 00:36:39 [self-0001-0-expand] Move #71: 225 -> 224 | Army: 2 | Target-Terrain: 0 | Target: 150 | Half: False
2026-06-02 00:36:40 [self-0001-0-expand] My general index: 239
2026-06-02 00:36:40 [self-0001-0-expand] Enemy general index: None
2026-06-02 00:36:40 [self-0001-0-expand] Visible enemy tiles: 7
2026-06-02 00:36:40 [self-0001-0-expand] Tiles: 27 / 25
2026-06-02 00:36:40 [self-0001-0-expand] Map: 18 x 20 Turn: 92
2026-06-02 00:36:40 [self-0001-0-expand] Route planned: Target = 150 Mode = defense city-free reachable tiles = 268 Fallback-Tiles = 269
2026-06-02 00:36:40 [self-0001-0-expand] Priority agent: edge reuse -9000, flow +6000 base = 108802 final = 105802
2026-06-02 00:36:40 [self-0001-0-expand] Move #72: 224 -> 223 | Army: 2 | Target-Terrain: 0 | Target: 150 | Half: False
2026-06-02 00:36:40 [self-0001-0-expand] My general index: 239
2026-06-02 00:36:40 [self-0001-0-expand] Enemy general index: None
2026-06-02 00:36:40 [self-0001-0-expand] Visible enemy tiles: 7
2026-06-02 00:36:40 [self-0001-0-expand] Tiles: 27 / 25
2026-06-02 00:36:40 [self-0001-0-expand] Map: 18 x 20 Turn: 93
2026-06-02 00:36:40 [self-0001-0-expand] Route planned: Target = 150 Mode = defense city-free reachable tiles = 268 Fallback-Tiles = 269
2026-06-02 00:36:40 [self-0001-0-expand] Priority agent: edge reuse -9000, flow +6000 base = 120892 final = 117892
2026-06-02 00:36:40 [self-0001-0-expand] Move #73: 223 -> 205 | Army: 2 | Target-Terrain: 0 | Target: 150 | Half: False
2026-06-02 00:36:41 [self-0001-0-expand] My general index: 239
2026-06-02 00:36:41 [self-0001-0-expand] Enemy general index: None
2026-06-02 00:36:41 [self-0001-0-expand] Visible enemy tiles: 7
2026-06-02 00:36:41 [self-0001-0-expand] Tiles: 27 / 25
2026-06-02 00:36:41 [self-0001-0-expand] Map: 18 x 20 Turn: 94
2026-06-02 00:36:41 [self-0001-0-expand] Route planned: Target = 150 Mode = defense city-free reachable tiles = 268 Fallback-Tiles = 269
2026-06-02 00:36:41 [self-0001-0-expand] Move #74: 188 -> 187 | Army: 2 | Target-Terrain: 0 | Target: 150 | Half: False
2026-06-02 00:36:41 [self-0001-0-expand] My general index: 239
2026-06-02 00:36:41 [self-0001-0-expand] Enemy general index: None
2026-06-02 00:36:41 [self-0001-0-expand] Visible enemy tiles: 7
2026-06-02 00:36:41 [self-0001-0-expand] Tiles: 27 / 25
2026-06-02 00:36:41 [self-0001-0-expand] Map: 18 x 20 Turn: 95
2026-06-02 00:36:41 [self-0001-0-expand] Route planned: Target = 150 Mode = defense city-free reachable tiles = 268 Fallback-Tiles = 269
2026-06-02 00:36:41 [self-0001-0-expand] Priority agent: edge reuse -9000, flow +6000 base = 121072 final = 118072
2026-06-02 00:36:41 [self-0001-0-expand] Move #75: 187 -> 169 | Army: 2 | Target-Terrain: 0 | Target: 150 | Half: False
2026-06-02 00:36:42 [self-0001-0-expand] My general index: 239
2026-06-02 00:36:42 [self-0001-0-expand] Enemy general index: None
2026-06-02 00:36:42 [self-0001-0-expand] Visible enemy tiles: 7
2026-06-02 00:36:42 [self-0001-0-expand] Tiles: 26 / 26
2026-06-02 00:36:42 [self-0001-0-expand] Map: 18 x 20 Turn: 96
2026-06-02 00:36:42 [self-0001-0-expand] Route planned: Target = 150 Mode = defense city-free reachable tiles = 268 Fallback-Tiles = 269
2026-06-02 00:36:42 [self-0001-0-expand] Priority agent: flow +6000 base = 124762 final = 130762
2026-06-02 00:36:42 [self-0001-0-expand] Move #76: 169 -> 151 | Army: 2 | Target-Terrain: 0 | Target: 150 | Half: False
2026-06-02 00:36:42 [self-0001-0-expand] Coach: balanced tiles 26/26 army 59/58 cities 0/0 enemy_city_suspect False bias {'expansion_bias': 0.7, 'city_bias': 0.1, 'attack_bias': 0.0, 'defense_bias': 0.0, 'route_bias': 0.5}
2026-06-02 00:36:42 [self-0001-0-expand] My general index: 239
2026-06-02 00:36:42 [self-0001-0-expand] Enemy general index: None
2026-06-02 00:36:42 [self-0001-0-expand] Visible enemy tiles: 7
2026-06-02 00:36:42 [self-0001-0-expand] Tiles: 26 / 26
2026-06-02 00:36:42 [self-0001-0-expand] Map: 18 x 20 Turn: 97
2026-06-02 00:36:42 [self-0001-0-expand] Route planned: Target = 150 Mode = defense city-free reachable tiles = 268 Fallback-Tiles = 269
2026-06-02 00:36:42 [self-0001-0-expand] Priority agent: flow +6000 base = 223652 final = 229652
2026-06-02 00:36:42 [self-0001-0-expand] Move #77: 151 -> 150 | Army: 2 | Target-Terrain: 0 | Target: 150 | Half: False
2026-06-02 00:36:43 [self-0001-0-expand] My general index: 239
2026-06-02 00:36:43 [self-0001-0-expand] Enemy general index: None
2026-06-02 00:36:43 [self-0001-0-expand] Visible enemy tiles: 8
2026-06-02 00:36:43 [self-0001-0-expand] Tiles: 25 / 27
2026-06-02 00:36:43 [self-0001-0-expand] Map: 18 x 20 Turn: 98
2026-06-02 00:36:43 [self-0001-0-expand] Route planned: Target = 149 Mode = defense city-free reachable tiles = 268 Fallback-Tiles = 269
2026-06-02 00:36:43 [self-0001-0-expand] Priority agent: flow +6000 base = 244161 final = 250161
2026-06-02 00:36:43 [self-0001-0-expand] Move #78: 150 -> 149 | Army: 11 | Target-Terrain: -1 | Target: 149 | Half: False
2026-06-02 00:36:43 [self-0001-0-expand] My general index: 239
2026-06-02 00:36:43 [self-0001-0-expand] Enemy general index: None
2026-06-02 00:36:43 [self-0001-0-expand] Visible enemy tiles: 8
2026-06-02 00:36:43 [self-0001-0-expand] Tiles: 25 / 28
2026-06-02 00:36:43 [self-0001-0-expand] Map: 18 x 20 Turn: 99
2026-06-02 00:36:43 [self-0001-0-expand] Route planned: Target = 205 Mode = defense city-free reachable tiles = 268 Fallback-Tiles = 269
2026-06-02 00:36:43 [self-0001-0-expand] Priority agent: flow +6000 base = 137400 final = 143400
2026-06-02 00:36:43 [self-0001-0-expand] Move #79: 149 -> 167 | Army: 10 | Target-Terrain: -1 | Target: 205 | Half: False
2026-06-02 00:36:44 [self-0001-0-expand] My general index: 239
2026-06-02 00:36:44 [self-0001-0-expand] Enemy general index: None
2026-06-02 00:36:44 [self-0001-0-expand] Visible enemy tiles: 8
2026-06-02 00:36:44 [self-0001-0-expand] Tiles: 25 / 29
2026-06-02 00:36:44 [self-0001-0-expand] Map: 18 x 20 Turn: 100
2026-06-02 00:36:44 [self-0001-0-expand] Route planned: Target = 223 Mode = defense city-free reachable tiles = 268 Fallback-Tiles = 269
2026-06-02 00:36:44 [self-0001-0-expand] Move #80: 241 -> 223 | Army: 2 | Target-Terrain: 0 | Target: 223 | Half: False
2026-06-02 00:36:44 [self-0001-0-expand] My general index: 239
2026-06-02 00:36:44 [self-0001-0-expand] Enemy general index: None
2026-06-02 00:36:44 [self-0001-0-expand] Visible enemy tiles: 8
2026-06-02 00:36:44 [self-0001-0-expand] Tiles: 24 / 30
2026-06-02 00:36:44 [self-0001-0-expand] Map: 18 x 20 Turn: 101
2026-06-02 00:36:44 [self-0001-0-expand] Route planned: Target = 241 Mode = defense city-free reachable tiles = 268 Fallback-Tiles = 269
2026-06-02 00:36:44 [self-0001-0-expand] Move #81: 240 -> 241 | Army: 2 | Target-Terrain: 0 | Target: 241 | Half: False
2026-06-02 00:36:45 [self-0001-0-expand] My general index: 239
2026-06-02 00:36:45 [self-0001-0-expand] Enemy general index: None
2026-06-02 00:36:45 [self-0001-0-expand] Visible enemy tiles: 9
2026-06-02 00:36:45 [self-0001-0-expand] Tiles: 23 / 31
2026-06-02 00:36:45 [self-0001-0-expand] Map: 18 x 20 Turn: 102
2026-06-02 00:36:45 [self-0001-0-expand] Route planned: Target = 241 Mode = defense city-free reachable tiles = 268 Fallback-Tiles = 269
2026-06-02 00:36:45 [self-0001-0-expand] Move #82: 242 -> 241 | Army: 2 | Target-Terrain: 0 | Target: 241 | Half: False
2026-06-02 00:36:45 [self-0001-0-expand] My general index: 239
2026-06-02 00:36:45 [self-0001-0-expand] Enemy general index: None
2026-06-02 00:36:45 [self-0001-0-expand] Visible enemy tiles: 9
2026-06-02 00:36:45 [self-0001-0-expand] Tiles: 23 / 31
2026-06-02 00:36:45 [self-0001-0-expand] Map: 18 x 20 Turn: 103
2026-06-02 00:36:45 [self-0001-0-expand] Route planned: Target = 241 Mode = defense city-free reachable tiles = 268 Fallback-Tiles = 269
2026-06-02 00:36:45 [self-0001-0-expand] Move #83: 259 -> 241 | Army: 2 | Target-Terrain: 0 | Target: 241 | Half: False
2026-06-02 00:36:46 [self-0001-0-expand] My general index: 239
2026-06-02 00:36:46 [self-0001-0-expand] Enemy general index: None
2026-06-02 00:36:46 [self-0001-0-expand] Visible enemy tiles: 9
2026-06-02 00:36:46 [self-0001-0-expand] Tiles: 23 / 31
2026-06-02 00:36:46 [self-0001-0-expand] Map: 18 x 20 Turn: 104
2026-06-02 00:36:46 [self-0001-0-expand] Route planned: Target = 241 Mode = defense city-free reachable tiles = 268 Fallback-Tiles = 269
2026-06-02 00:36:46 [self-0001-0-expand] Move #84: 258 -> 259 | Army: 3 | Target-Terrain: 0 | Target: 241 | Half: False
2026-06-02 00:36:46 [self-0001-0-expand] My general index: 239
2026-06-02 00:36:46 [self-0001-0-expand] Enemy general index: None
2026-06-02 00:36:46 [self-0001-0-expand] Visible enemy tiles: 9
2026-06-02 00:36:46 [self-0001-0-expand] Tiles: 23 / 31
2026-06-02 00:36:46 [self-0001-0-expand] Map: 18 x 20 Turn: 105
2026-06-02 00:36:46 [self-0001-0-expand] Route planned: Target = 241 Mode = defense city-free reachable tiles = 268 Fallback-Tiles = 269
2026-06-02 00:36:46 [self-0001-0-expand] Priority agent: edge reuse -9000, flow +6000 base = 215553 final = 212553
2026-06-02 00:36:46 [self-0001-0-expand] Move #85: 259 -> 241 | Army: 3 | Target-Terrain: 0 | Target: 241 | Half: False
2026-06-02 00:36:47 [self-0001-0-expand] My general index: 239
2026-06-02 00:36:47 [self-0001-0-expand] Enemy general index: None
2026-06-02 00:36:47 [self-0001-0-expand] Visible enemy tiles: 9
2026-06-02 00:36:47 [self-0001-0-expand] Tiles: 23 / 31
2026-06-02 00:36:47 [self-0001-0-expand] Map: 18 x 20 Turn: 106
2026-06-02 00:36:47 [self-0001-0-expand] Route planned: Target = 241 Mode = defense city-free reachable tiles = 268 Fallback-Tiles = 269
2026-06-02 00:36:47 [self-0001-0-expand] Move #86: 260 -> 259 | Army: 2 | Target-Terrain: 0 | Target: 241 | Half: False
2026-06-02 00:36:47 [self-0001-0-expand] My general index: 239
2026-06-02 00:36:47 [self-0001-0-expand] Enemy general index: None
2026-06-02 00:36:47 [self-0001-0-expand] Visible enemy tiles: 9
2026-06-02 00:36:47 [self-0001-0-expand] Tiles: 23 / 31
2026-06-02 00:36:47 [self-0001-0-expand] Map: 18 x 20 Turn: 107
2026-06-02 00:36:47 [self-0001-0-expand] Route planned: Target = 241 Mode = defense city-free reachable tiles = 268 Fallback-Tiles = 269
2026-06-02 00:36:47 [self-0001-0-expand] Priority agent: edge reuse -18000, flow +6000 base = 198352 final = 186352
2026-06-02 00:36:47 [self-0001-0-expand] Move #87: 259 -> 241 | Army: 2 | Target-Terrain: 0 | Target: 241 | Half: False
2026-06-02 00:36:48 [self-0001-0-expand] My general index: 239
2026-06-02 00:36:48 [self-0001-0-expand] Enemy general index: None
2026-06-02 00:36:48 [self-0001-0-expand] Visible enemy tiles: 9
2026-06-02 00:36:48 [self-0001-0-expand] Tiles: 23 / 31
2026-06-02 00:36:48 [self-0001-0-expand] Map: 18 x 20 Turn: 108
2026-06-02 00:36:48 [self-0001-0-expand] Route planned: Target = 241 Mode = defense city-free reachable tiles = 268 Fallback-Tiles = 269
2026-06-02 00:36:48 [self-0001-0-expand] Move #88: 239 -> 240 | Army: 26 | Target-Terrain: 0 | Target: 241 | Half: False
2026-06-02 00:36:48 [self-0001-0-expand] My general index: 239
2026-06-02 00:36:48 [self-0001-0-expand] Enemy general index: None
2026-06-02 00:36:48 [self-0001-0-expand] Visible enemy tiles: 9
2026-06-02 00:36:48 [self-0001-0-expand] Tiles: 23 / 31
2026-06-02 00:36:48 [self-0001-0-expand] Map: 18 x 20 Turn: 109
2026-06-02 00:36:48 [self-0001-0-expand] Route planned: Target = 241 Mode = defense city-free reachable tiles = 268 Fallback-Tiles = 269
2026-06-02 00:36:48 [self-0001-0-expand] Priority agent: edge reuse -9000, flow +6000 base = 217376 final = 214376
2026-06-02 00:36:48 [self-0001-0-expand] Move #89: 240 -> 241 | Army: 26 | Target-Terrain: 0 | Target: 241 | Half: False
2026-06-02 00:36:49 [self-0001-0-expand] My general index: 239
2026-06-02 00:36:49 [self-0001-0-expand] Enemy general index: None
2026-06-02 00:36:49 [self-0001-0-expand] Visible enemy tiles: 9
2026-06-02 00:36:49 [self-0001-0-expand] Tiles: 23 / 31
2026-06-02 00:36:49 [self-0001-0-expand] Map: 18 x 20 Turn: 110
2026-06-02 00:36:49 [self-0001-0-expand] Route planned: Target = 223 Mode = defense city-free reachable tiles = 268 Fallback-Tiles = 269
2026-06-02 00:36:49 [self-0001-0-expand] Priority agent: edge reuse -9000, flow +6000 base = 270182 final = 267182
2026-06-02 00:36:49 [self-0001-0-expand] Move #90: 241 -> 223 | Army: 32 | Target-Terrain: 1 | Target: 223 | Half: False
2026-06-02 00:36:49 [self-0001-0-expand] My general index: 239
2026-06-02 00:36:49 [self-0001-0-expand] Enemy general index: None
2026-06-02 00:36:49 [self-0001-0-expand] Visible enemy tiles: 8
2026-06-02 00:36:49 [self-0001-0-expand] Tiles: 24 / 30
2026-06-02 00:36:49 [self-0001-0-expand] Map: 18 x 20 Turn: 111
2026-06-02 00:36:49 [self-0001-0-expand] Route planned: Target = 241 Mode = defense city-free reachable tiles = 268 Fallback-Tiles = 269
2026-06-02 00:36:49 [self-0001-0-expand] Priority agent: reverse -35000, edge reuse -18000 base = 181879 final = 128879
2026-06-02 00:36:49 [self-0001-0-expand] Move #91: 223 -> 241 | Army: 29 | Target-Terrain: 0 | Target: 241 | Half: False
2026-06-02 00:36:50 [self-0001-0-expand] My general index: 239
2026-06-02 00:36:50 [self-0001-0-expand] Enemy general index: None
2026-06-02 00:36:50 [self-0001-0-expand] Visible enemy tiles: 8
2026-06-02 00:36:50 [self-0001-0-expand] Tiles: 24 / 30
2026-06-02 00:36:50 [self-0001-0-expand] Map: 18 x 20 Turn: 112
2026-06-02 00:36:50 [self-0001-0-expand] Route planned: Target = 241 Mode = defense city-free reachable tiles = 268 Fallback-Tiles = 269
2026-06-02 00:36:50 [self-0001-0-expand] Move #92: 224 -> 242 | Army: 2 | Target-Terrain: 0 | Target: 241 | Half: False
2026-06-02 00:36:50 [self-0001-0-expand] My general index: 239
2026-06-02 00:36:50 [self-0001-0-expand] Enemy general index: None
2026-06-02 00:36:50 [self-0001-0-expand] Visible enemy tiles: 8
2026-06-02 00:36:50 [self-0001-0-expand] Tiles: 24 / 30
2026-06-02 00:36:50 [self-0001-0-expand] Map: 18 x 20 Turn: 113
2026-06-02 00:36:50 [self-0001-0-expand] Route planned: Target = 241 Mode = defense city-free reachable tiles = 268 Fallback-Tiles = 269
2026-06-02 00:36:50 [self-0001-0-expand] Priority agent: edge reuse -9000, flow +6000 base = 212852 final = 209852
2026-06-02 00:36:50 [self-0001-0-expand] Move #93: 242 -> 241 | Army: 2 | Target-Terrain: 0 | Target: 241 | Half: False
2026-06-02 00:36:51 [self-0001-0-expand] My general index: 239
2026-06-02 00:36:51 [self-0001-0-expand] Enemy general index: None
2026-06-02 00:36:51 [self-0001-0-expand] Visible enemy tiles: 8
2026-06-02 00:36:51 [self-0001-0-expand] Tiles: 24 / 30
2026-06-02 00:36:51 [self-0001-0-expand] Map: 18 x 20 Turn: 114
2026-06-02 00:36:51 [self-0001-0-expand] Route planned: Target = 241 Mode = defense city-free reachable tiles = 268 Fallback-Tiles = 269
2026-06-02 00:36:51 [self-0001-0-expand] Move #94: 149 -> 150 | Army: 2 | Target-Terrain: 0 | Target: 241 | Half: False
2026-06-02 00:36:51 [self-0001-0-expand] My general index: 239
2026-06-02 00:36:51 [self-0001-0-expand] Enemy general index: None
2026-06-02 00:36:51 [self-0001-0-expand] Visible enemy tiles: 8
2026-06-02 00:36:51 [self-0001-0-expand] Tiles: 24 / 30
2026-06-02 00:36:51 [self-0001-0-expand] Map: 18 x 20 Turn: 115
2026-06-02 00:36:51 [self-0001-0-expand] Route planned: Target = 241 Mode = defense city-free reachable tiles = 268 Fallback-Tiles = 269
2026-06-02 00:36:51 [self-0001-0-expand] Priority agent: flow +6000 base = 123003 final = 129003
2026-06-02 00:36:51 [self-0001-0-expand] Move #95: 150 -> 168 | Army: 3 | Target-Terrain: 0 | Target: 241 | Half: False
2026-06-02 00:36:52 [self-0001-0-expand] My general index: 239
2026-06-02 00:36:52 [self-0001-0-expand] Enemy general index: None
2026-06-02 00:36:52 [self-0001-0-expand] Visible enemy tiles: 8
2026-06-02 00:36:52 [self-0001-0-expand] Tiles: 24 / 30
2026-06-02 00:36:52 [self-0001-0-expand] Map: 18 x 20 Turn: 116
2026-06-02 00:36:52 [self-0001-0-expand] Route planned: Target = 241 Mode = defense city-free reachable tiles = 268 Fallback-Tiles = 269
2026-06-02 00:36:52 [self-0001-0-expand] Move #96: 243 -> 242 | Army: 2 | Target-Terrain: 0 | Target: 241 | Half: False
2026-06-02 00:36:52 [self-0001-0-expand] My general index: 239
2026-06-02 00:36:52 [self-0001-0-expand] Enemy general index: None
2026-06-02 00:36:52 [self-0001-0-expand] Visible enemy tiles: 8
2026-06-02 00:36:52 [self-0001-0-expand] Tiles: 24 / 30
2026-06-02 00:36:52 [self-0001-0-expand] Map: 18 x 20 Turn: 117
2026-06-02 00:36:52 [self-0001-0-expand] Route planned: Target = 241 Mode = defense city-free reachable tiles = 268 Fallback-Tiles = 269
2026-06-02 00:36:52 [self-0001-0-expand] Priority agent: edge reuse -9000, flow +6000 base = 212852 final = 209852
2026-06-02 00:36:52 [self-0001-0-expand] Move #97: 242 -> 241 | Army: 2 | Target-Terrain: 0 | Target: 241 | Half: False
2026-06-02 00:36:53 [self-0001-0-expand] My general index: 239
2026-06-02 00:36:53 [self-0001-0-expand] Enemy general index: None
2026-06-02 00:36:53 [self-0001-0-expand] Visible enemy tiles: 8
2026-06-02 00:36:53 [self-0001-0-expand] Tiles: 24 / 30
2026-06-02 00:36:53 [self-0001-0-expand] Map: 18 x 20 Turn: 118
2026-06-02 00:36:53 [self-0001-0-expand] Route planned: Target = 223 Mode = defense city-free reachable tiles = 268 Fallback-Tiles = 269
2026-06-02 00:36:53 [self-0001-0-expand] Priority agent: edge reuse -18000, flow +6000 base = 197481 final = 185481
2026-06-02 00:36:53 [self-0001-0-expand] Move #98: 241 -> 223 | Army: 31 | Target-Terrain: 0 | Target: 223 | Half: False
2026-06-02 00:36:53 [self-0001-0-expand] My general index: 239
2026-06-02 00:36:53 [self-0001-0-expand] Enemy general index: None
2026-06-02 00:36:53 [self-0001-0-expand] Visible enemy tiles: 8
2026-06-02 00:36:53 [self-0001-0-expand] Tiles: 24 / 30
2026-06-02 00:36:53 [self-0001-0-expand] Map: 18 x 20 Turn: 119
2026-06-02 00:36:53 [self-0001-0-expand] Route planned: Target = 241 Mode = defense city-free reachable tiles = 268 Fallback-Tiles = 269
2026-06-02 00:36:53 [self-0001-0-expand] Move #99: 221 -> 239 | Army: 3 | Target-Terrain: 0 | Target: 241 | Half: False
2026-06-02 00:36:54 [self-0001-0-expand] My general index: 239
2026-06-02 00:36:54 [self-0001-0-expand] Enemy general index: None
2026-06-02 00:36:54 [self-0001-0-expand] Visible enemy tiles: 8
2026-06-02 00:36:54 [self-0001-0-expand] Tiles: 24 / 30
2026-06-02 00:36:54 [self-0001-0-expand] Map: 18 x 20 Turn: 120
2026-06-02 00:36:54 [self-0001-0-expand] Route planned: Target = 241 Mode = defense city-free reachable tiles = 268 Fallback-Tiles = 269
2026-06-02 00:36:54 [self-0001-0-expand] Priority agent: edge reuse -27000 base = 178781 final = 151781
2026-06-02 00:36:54 [self-0001-0-expand] Move #100: 223 -> 241 | Army: 31 | Target-Terrain: 0 | Target: 241 | Half: False
2026-06-02 00:36:54 [self-0001-0-expand] My general index: 239
2026-06-02 00:36:54 [self-0001-0-expand] Enemy general index: None
2026-06-02 00:36:54 [self-0001-0-expand] Visible enemy tiles: 9
2026-06-02 00:36:54 [self-0001-0-expand] Tiles: 23 / 31
2026-06-02 00:36:54 [self-0001-0-expand] Map: 18 x 20 Turn: 121
2026-06-02 00:36:54 [self-0001-0-expand] Route planned: Target = 223 Mode = defense city-free reachable tiles = 268 Fallback-Tiles = 269
2026-06-02 00:36:54 [self-0001-0-expand] Move #101: 167 -> 168 | Army: 10 | Target-Terrain: 1 | Target: 223 | Half: False
2026-06-02 00:36:55 [self-0001-0-expand] My general index: 239
2026-06-02 00:36:55 [self-0001-0-expand] Enemy general index: None
2026-06-02 00:36:55 [self-0001-0-expand] Visible enemy tiles: 8
2026-06-02 00:36:55 [self-0001-0-expand] Tiles: 24 / 30
2026-06-02 00:36:55 [self-0001-0-expand] Map: 18 x 20 Turn: 122
2026-06-02 00:36:55 [self-0001-0-expand] Route planned: Target = 223 Mode = defense city-free reachable tiles = 268 Fallback-Tiles = 269
2026-06-02 00:36:55 [self-0001-0-expand] Priority agent: flow +6000 base = 156038 final = 162038
2026-06-02 00:36:55 [self-0001-0-expand] Move #102: 168 -> 169 | Army: 8 | Target-Terrain: 1 | Target: 223 | Half: False
2026-06-02 00:36:55 [self-0001-0-expand] My general index: 239
2026-06-02 00:36:55 [self-0001-0-expand] Enemy general index: None
2026-06-02 00:36:55 [self-0001-0-expand] Visible enemy tiles: 10
2026-06-02 00:36:55 [self-0001-0-expand] Tiles: 25 / 29
2026-06-02 00:36:55 [self-0001-0-expand] Map: 18 x 20 Turn: 123
2026-06-02 00:36:55 [self-0001-0-expand] Route planned: Target = 223 Mode = defense city-free reachable tiles = 268 Fallback-Tiles = 269
2026-06-02 00:36:55 [self-0001-0-expand] Priority agent: flow +6000 base = 159676 final = 165676
2026-06-02 00:36:55 [self-0001-0-expand] Move #103: 169 -> 187 | Army: 6 | Target-Terrain: 1 | Target: 223 | Half: False
2026-06-02 00:36:56 [self-0001-0-expand] My general index: 239
2026-06-02 00:36:56 [self-0001-0-expand] Enemy general index: None
2026-06-02 00:36:56 [self-0001-0-expand] Visible enemy tiles: 9
2026-06-02 00:36:56 [self-0001-0-expand] Tiles: 26 / 28
2026-06-02 00:36:56 [self-0001-0-expand] Map: 18 x 20 Turn: 124
2026-06-02 00:36:56 [self-0001-0-expand] Route planned: Target = 223 Mode = defense city-free reachable tiles = 268 Fallback-Tiles = 269
2026-06-02 00:36:56 [self-0001-0-expand] Priority agent: flow +6000 base = 162114 final = 168114
2026-06-02 00:36:56 [self-0001-0-expand] Move #104: 187 -> 205 | Army: 4 | Target-Terrain: 1 | Target: 223 | Half: False
2026-06-02 00:36:56 [self-0001-0-expand] My general index: 239
2026-06-02 00:36:56 [self-0001-0-expand] Enemy general index: None
2026-06-02 00:36:56 [self-0001-0-expand] Visible enemy tiles: 8
2026-06-02 00:36:56 [self-0001-0-expand] Tiles: 27 / 27
2026-06-02 00:36:56 [self-0001-0-expand] Map: 18 x 20 Turn: 125
2026-06-02 00:36:56 [self-0001-0-expand] Route planned: Target = 223 Mode = defense city-free reachable tiles = 268 Fallback-Tiles = 269
2026-06-02 00:36:56 [self-0001-0-expand] Priority agent: flow +6000 base = 228452 final = 234452
2026-06-02 00:36:56 [self-0001-0-expand] Move #105: 205 -> 223 | Army: 2 | Target-Terrain: 0 | Target: 223 | Half: False
2026-06-02 00:36:57 [self-0001-0-expand] My general index: 239
2026-06-02 00:36:57 [self-0001-0-expand] Enemy general index: None
2026-06-02 00:36:57 [self-0001-0-expand] Visible enemy tiles: 8
2026-06-02 00:36:57 [self-0001-0-expand] Tiles: 27 / 27
2026-06-02 00:36:57 [self-0001-0-expand] Map: 18 x 20 Turn: 126
2026-06-02 00:36:57 [self-0001-0-expand] Route planned: Target = 223 Mode = defense city-free reachable tiles = 268 Fallback-Tiles = 269
2026-06-02 00:36:57 [self-0001-0-expand] Priority agent: edge reuse -18000 base = 182381 final = 164381
2026-06-02 00:36:57 [self-0001-0-expand] Move #106: 241 -> 223 | Army: 31 | Target-Terrain: 0 | Target: 223 | Half: False
2026-06-02 00:36:57 [self-0001-0-expand] My general index: 239
2026-06-02 00:36:57 [self-0001-0-expand] Enemy general index: None
2026-06-02 00:36:57 [self-0001-0-expand] Visible enemy tiles: 9
2026-06-02 00:36:57 [self-0001-0-expand] Tiles: 26 / 28
2026-06-02 00:36:57 [self-0001-0-expand] Map: 18 x 20 Turn: 127
2026-06-02 00:36:57 [self-0001-0-expand] Route planned: Target = 241 Mode = defense city-free reachable tiles = 268 Fallback-Tiles = 269
2026-06-02 00:36:57 [self-0001-0-expand] Move #107: 204 -> 205 | Army: 2 | Target-Terrain: 0 | Target: 241 | Half: False
2026-06-02 00:36:58 [self-0001-0-expand] My general index: 239
2026-06-02 00:36:58 [self-0001-0-expand] Enemy general index: None
2026-06-02 00:36:58 [self-0001-0-expand] Visible enemy tiles: 9
2026-06-02 00:36:58 [self-0001-0-expand] Tiles: 26 / 28
2026-06-02 00:36:58 [self-0001-0-expand] Map: 18 x 20 Turn: 128
2026-06-02 00:36:58 [self-0001-0-expand] Route planned: Target = 241 Mode = defense city-free reachable tiles = 268 Fallback-Tiles = 269
2026-06-02 00:36:58 [self-0001-0-expand] Priority agent: edge reuse -27000 base = 178782 final = 151782
2026-06-02 00:36:58 [self-0001-0-expand] Move #108: 223 -> 241 | Army: 32 | Target-Terrain: 0 | Target: 241 | Half: False
2026-06-02 00:36:58 [self-0001-0-expand] My general index: 239
2026-06-02 00:36:58 [self-0001-0-expand] Enemy general index: None
2026-06-02 00:36:58 [self-0001-0-expand] Visible enemy tiles: 9
2026-06-02 00:36:58 [self-0001-0-expand] Tiles: 26 / 28
2026-06-02 00:36:58 [self-0001-0-expand] Map: 18 x 20 Turn: 129
2026-06-02 00:36:58 [self-0001-0-expand] Route planned: Target = 223 Mode = defense city-free reachable tiles = 268 Fallback-Tiles = 269
2026-06-02 00:36:58 [self-0001-0-expand] Priority agent: edge reuse -9000 base = 216452 final = 207452
2026-06-02 00:36:58 [self-0001-0-expand] Move #109: 205 -> 223 | Army: 2 | Target-Terrain: 0 | Target: 223 | Half: False
2026-06-02 00:36:59 [self-0001-0-expand] My general index: 239
2026-06-02 00:36:59 [self-0001-0-expand] Enemy general index: None
2026-06-02 00:36:59 [self-0001-0-expand] Visible enemy tiles: 8
2026-06-02 00:36:59 [self-0001-0-expand] Tiles: 25 / 29
2026-06-02 00:36:59 [self-0001-0-expand] Map: 18 x 20 Turn: 130
2026-06-02 00:36:59 [self-0001-0-expand] Route planned: Target = 223 Mode = defense city-free reachable tiles = 268 Fallback-Tiles = 269
2026-06-02 00:36:59 [self-0001-0-expand] Priority agent: edge reuse -36000 base = 182382 final = 146382
2026-06-02 00:36:59 [self-0001-0-expand] Move #110: 241 -> 223 | Army: 32 | Target-Terrain: 0 | Target: 223 | Half: False
2026-06-02 00:36:59 [self-0001-0-expand] My general index: 239
2026-06-02 00:36:59 [self-0001-0-expand] Enemy general index: None
2026-06-02 00:36:59 [self-0001-0-expand] Visible enemy tiles: 9
2026-06-02 00:36:59 [self-0001-0-expand] Tiles: 24 / 30
2026-06-02 00:36:59 [self-0001-0-expand] Map: 18 x 20 Turn: 131
2026-06-02 00:36:59 [self-0001-0-expand] Route planned: Target = 241 Mode = defense city-free reachable tiles = 268 Fallback-Tiles = 269
2026-06-02 00:36:59 [self-0001-0-expand] Move #111: 225 -> 224 | Army: 2 | Target-Terrain: 0 | Target: 241 | Half: False
2026-06-02 00:37:00 [self-0001-0-expand] My general index: 239
2026-06-02 00:37:00 [self-0001-0-expand] Enemy general index: None
2026-06-02 00:37:00 [self-0001-0-expand] Visible enemy tiles: 8
2026-06-02 00:37:00 [self-0001-0-expand] Tiles: 23 / 31
2026-06-02 00:37:00 [self-0001-0-expand] Map: 18 x 20 Turn: 132
2026-06-02 00:37:00 [self-0001-0-expand] Route planned: Target = 241 Mode = defense city-free reachable tiles = 268 Fallback-Tiles = 269
2026-06-02 00:37:00 [self-0001-0-expand] Priority agent: edge reuse -45000 base = 179283 final = 134283
2026-06-02 00:37:00 [self-0001-0-expand] Move #112: 223 -> 241 | Army: 33 | Target-Terrain: 0 | Target: 241 | Half: False
2026-06-02 00:37:00 [self-0001-0-expand] My general index: 239
2026-06-02 00:37:00 [self-0001-0-expand] Enemy general index: None
2026-06-02 00:37:00 [self-0001-0-expand] Visible enemy tiles: 9
2026-06-02 00:37:00 [self-0001-0-expand] Tiles: 22 / 32
2026-06-02 00:37:00 [self-0001-0-expand] Map: 18 x 20 Turn: 133
2026-06-02 00:37:00 [self-0001-0-expand] Route planned: Target = 223 Mode = defense city-free reachable tiles = 268 Fallback-Tiles = 269
2026-06-02 00:37:00 [self-0001-0-expand] Move #113: 224 -> 223 | Army: 2 | Target-Terrain: 0 | Target: 223 | Half: False
2026-06-02 00:37:01 [self-0001-0-expand] My general index: 239
2026-06-02 00:37:01 [self-0001-0-expand] Enemy general index: None
2026-06-02 00:37:01 [self-0001-0-expand] Visible enemy tiles: 7
2026-06-02 00:37:01 [self-0001-0-expand] Tiles: 21 / 33
2026-06-02 00:37:01 [self-0001-0-expand] Map: 18 x 20 Turn: 134
2026-06-02 00:37:01 [self-0001-0-expand] Route planned: Target = 223 Mode = defense city-free reachable tiles = 268 Fallback-Tiles = 269
2026-06-02 00:37:01 [self-0001-0-expand] Priority agent: edge reuse -45000 base = 182883 final = 137883
2026-06-02 00:37:01 [self-0001-0-expand] Move #114: 241 -> 223 | Army: 33 | Target-Terrain: 0 | Target: 223 | Half: False
2026-06-02 00:37:01 [self-0001-0-expand] My general index: 239
2026-06-02 00:37:01 [self-0001-0-expand] Enemy general index: None
2026-06-02 00:37:01 [self-0001-0-expand] Visible enemy tiles: 7
2026-06-02 00:37:01 [self-0001-0-expand] Tiles: 21 / 33
2026-06-02 00:37:01 [self-0001-0-expand] Map: 18 x 20 Turn: 135
2026-06-02 00:37:01 [self-0001-0-expand] Route planned: Target = 241 Mode = defense city-free reachable tiles = 268 Fallback-Tiles = 269
2026-06-02 00:37:01 [self-0001-0-expand] Move #115: 257 -> 239 | Army: 3 | Target-Terrain: 0 | Target: 241 | Half: False
2026-06-02 00:37:02 [self-0001-0-expand] My general index: 239
2026-06-02 00:37:02 [self-0001-0-expand] Enemy general index: None
2026-06-02 00:37:02 [self-0001-0-expand] Visible enemy tiles: 7
2026-06-02 00:37:02 [self-0001-0-expand] Tiles: 21 / 33
2026-06-02 00:37:02 [self-0001-0-expand] Map: 18 x 20 Turn: 136
2026-06-02 00:37:02 [self-0001-0-expand] Route planned: Target = 241 Mode = defense city-free reachable tiles = 268 Fallback-Tiles = 269
2026-06-02 00:37:02 [self-0001-0-expand] Priority agent: edge reuse -45000 base = 179284 final = 134284
2026-06-02 00:37:02 [self-0001-0-expand] Move #116: 223 -> 241 | Army: 34 | Target-Terrain: 0 | Target: 241 | Half: False
2026-06-02 00:37:02 [self-0001-0-expand] My general index: 239
2026-06-02 00:37:02 [self-0001-0-expand] Enemy general index: None
2026-06-02 00:37:02 [self-0001-0-expand] Visible enemy tiles: 7
2026-06-02 00:37:02 [self-0001-0-expand] Tiles: 21 / 33
2026-06-02 00:37:02 [self-0001-0-expand] Map: 18 x 20 Turn: 137
2026-06-02 00:37:02 [self-0001-0-expand] Route planned: Target = 223 Mode = defense city-free reachable tiles = 268 Fallback-Tiles = 269
2026-06-02 00:37:02 [self-0001-0-expand] Move #117: 238 -> 239 | Army: 2 | Target-Terrain: 0 | Target: 223 | Half: False
2026-06-02 00:37:03 [self-0001-0-expand] My general index: 239
2026-06-02 00:37:03 [self-0001-0-expand] Enemy general index: None
2026-06-02 00:37:03 [self-0001-0-expand] Visible enemy tiles: 7
2026-06-02 00:37:03 [self-0001-0-expand] Tiles: 21 / 33
2026-06-02 00:37:03 [self-0001-0-expand] Map: 18 x 20 Turn: 138
2026-06-02 00:37:03 [self-0001-0-expand] Route planned: Target = 223 Mode = defense city-free reachable tiles = 268 Fallback-Tiles = 269
2026-06-02 00:37:03 [self-0001-0-expand] Priority agent: edge reuse -54000 base = 182884 final = 128884
2026-06-02 00:37:03 [self-0001-0-expand] Move #118: 241 -> 223 | Army: 34 | Target-Terrain: 0 | Target: 223 | Half: False
2026-06-02 00:37:03 [self-0001-0-expand] My general index: 239
2026-06-02 00:37:03 [self-0001-0-expand] Enemy general index: None
2026-06-02 00:37:03 [self-0001-0-expand] Visible enemy tiles: 7
2026-06-02 00:37:03 [self-0001-0-expand] Tiles: 21 / 33
2026-06-02 00:37:03 [self-0001-0-expand] Map: 18 x 20 Turn: 139
2026-06-02 00:37:03 [self-0001-0-expand] Route planned: Target = 241 Mode = defense city-free reachable tiles = 268 Fallback-Tiles = 269
2026-06-02 00:37:03 [self-0001-0-expand] Move #119: 244 -> 243 | Army: 2 | Target-Terrain: 0 | Target: 241 | Half: False
2026-06-02 00:37:04 [self-0001-0-expand] My general index: 239
2026-06-02 00:37:04 [self-0001-0-expand] Enemy general index: None
2026-06-02 00:37:04 [self-0001-0-expand] Visible enemy tiles: 7
2026-06-02 00:37:04 [self-0001-0-expand] Tiles: 21 / 33
2026-06-02 00:37:04 [self-0001-0-expand] Map: 18 x 20 Turn: 140
2026-06-02 00:37:04 [self-0001-0-expand] Route planned: Target = 241 Mode = defense city-free reachable tiles = 268 Fallback-Tiles = 269
2026-06-02 00:37:04 [self-0001-0-expand] Priority agent: flow +6000 base = 121662 final = 127662
2026-06-02 00:37:04 [self-0001-0-expand] Move #120: 243 -> 242 | Army: 2 | Target-Terrain: 0 | Target: 241 | Half: False
2026-06-02 00:37:04 [self-0001-0-expand] My general index: 239
2026-06-02 00:37:04 [self-0001-0-expand] Enemy general index: None
2026-06-02 00:37:04 [self-0001-0-expand] Visible enemy tiles: 7
2026-06-02 00:37:04 [self-0001-0-expand] Tiles: 21 / 33
2026-06-02 00:37:04 [self-0001-0-expand] Map: 18 x 20 Turn: 141
2026-06-02 00:37:04 [self-0001-0-expand] Route planned: Target = 241 Mode = defense city-free reachable tiles = 268 Fallback-Tiles = 269
2026-06-02 00:37:04 [self-0001-0-expand] Priority agent: flow +6000 base = 215202 final = 221202
2026-06-02 00:37:04 [self-0001-0-expand] Move #121: 242 -> 241 | Army: 2 | Target-Terrain: 0 | Target: 241 | Half: False
2026-06-02 00:37:05 [self-0001-0-expand] My general index: 239
2026-06-02 00:37:05 [self-0001-0-expand] Enemy general index: None
2026-06-02 00:37:05 [self-0001-0-expand] Visible enemy tiles: 7
2026-06-02 00:37:05 [self-0001-0-expand] Tiles: 21 / 33
2026-06-02 00:37:05 [self-0001-0-expand] Map: 18 x 20 Turn: 142
2026-06-02 00:37:05 [self-0001-0-expand] Route planned: Target = 241 Mode = defense city-free reachable tiles = 268 Fallback-Tiles = 269
2026-06-02 00:37:05 [self-0001-0-expand] Priority agent: edge reuse -54000 base = 181134 final = 127134
2026-06-02 00:37:05 [self-0001-0-expand] Move #122: 223 -> 241 | Army: 34 | Target-Terrain: 0 | Target: 241 | Half: False
2026-06-02 00:37:05 [self-0001-0-expand] My general index: 239
2026-06-02 00:37:05 [self-0001-0-expand] Enemy general index: None
2026-06-02 00:37:05 [self-0001-0-expand] Visible enemy tiles: 7
2026-06-02 00:37:05 [self-0001-0-expand] Tiles: 21 / 33
2026-06-02 00:37:05 [self-0001-0-expand] Map: 18 x 20 Turn: 143
2026-06-02 00:37:05 [self-0001-0-expand] Route planned: Target = 223 Mode = defense city-free reachable tiles = 268 Fallback-Tiles = 269
2026-06-02 00:37:05 [self-0001-0-expand] Move #123: 261 -> 260 | Army: 2 | Target-Terrain: 0 | Target: 223 | Half: False
2026-06-02 00:37:06 [self-0001-0-expand] My general index: 239
2026-06-02 00:37:06 [self-0001-0-expand] Enemy general index: None
2026-06-02 00:37:06 [self-0001-0-expand] Visible enemy tiles: 7
2026-06-02 00:37:06 [self-0001-0-expand] Tiles: 21 / 33
2026-06-02 00:37:06 [self-0001-0-expand] Map: 18 x 20 Turn: 144
2026-06-02 00:37:06 [self-0001-0-expand] Route planned: Target = 223 Mode = defense city-free reachable tiles = 268 Fallback-Tiles = 269
2026-06-02 00:37:06 [self-0001-0-expand] Priority agent: flow +6000 base = 124622 final = 130622
2026-06-02 00:37:06 [self-0001-0-expand] Move #124: 260 -> 259 | Army: 2 | Target-Terrain: 0 | Target: 223 | Half: False
2026-06-02 00:37:06 [self-0001-0-expand] My general index: 239
2026-06-02 00:37:06 [self-0001-0-expand] Enemy general index: None
2026-06-02 00:37:06 [self-0001-0-expand] Visible enemy tiles: 7
2026-06-02 00:37:06 [self-0001-0-expand] Tiles: 21 / 33
2026-06-02 00:37:06 [self-0001-0-expand] Map: 18 x 20 Turn: 145
2026-06-02 00:37:06 [self-0001-0-expand] Route planned: Target = 223 Mode = defense city-free reachable tiles = 268 Fallback-Tiles = 269
2026-06-02 00:37:06 [self-0001-0-expand] Priority agent: edge reuse -45000 base = 182885 final = 137885
2026-06-02 00:37:06 [self-0001-0-expand] Move #125: 241 -> 223 | Army: 35 | Target-Terrain: 0 | Target: 223 | Half: False
2026-06-02 00:37:07 [self-0001-0-expand] My general index: 239
2026-06-02 00:37:07 [self-0001-0-expand] Enemy general index: None
2026-06-02 00:37:07 [self-0001-0-expand] Visible enemy tiles: 7
2026-06-02 00:37:07 [self-0001-0-expand] Tiles: 21 / 33
2026-06-02 00:37:07 [self-0001-0-expand] Map: 18 x 20 Turn: 146
2026-06-02 00:37:07 [self-0001-0-expand] Route planned: Target = 241 Mode = defense city-free reachable tiles = 268 Fallback-Tiles = 269
2026-06-02 00:37:07 [self-0001-0-expand] Move #126: 259 -> 241 | Army: 2 | Target-Terrain: 0 | Target: 241 | Half: False
2026-06-02 00:37:07 [self-0001-0-expand] Coach: catch_up_expand tiles 21/33 army 83/86 cities 0/0 enemy_city_suspect False bias {'expansion_bias': 1.9, 'city_bias': 0.1, 'attack_bias': 0.0, 'defense_bias': 0.0, 'route_bias': 0.7}
2026-06-02 00:37:07 [self-0001-0-expand] My general index: 239
2026-06-02 00:37:07 [self-0001-0-expand] Enemy general index: None
2026-06-02 00:37:07 [self-0001-0-expand] Visible enemy tiles: 7
2026-06-02 00:37:07 [self-0001-0-expand] Tiles: 21 / 33
2026-06-02 00:37:07 [self-0001-0-expand] Map: 18 x 20 Turn: 147
2026-06-02 00:37:07 [self-0001-0-expand] Route planned: Target = 241 Mode = defense city-free reachable tiles = 268 Fallback-Tiles = 269
2026-06-02 00:37:07 [self-0001-0-expand] Priority agent: edge reuse -45000 base = 181135 final = 136135
2026-06-02 00:37:07 [self-0001-0-expand] Move #127: 223 -> 241 | Army: 35 | Target-Terrain: 0 | Target: 241 | Half: False
2026-06-02 00:37:08 [self-0001-0-expand] My general index: 239
2026-06-02 00:37:08 [self-0001-0-expand] Enemy general index: None
2026-06-02 00:37:08 [self-0001-0-expand] Visible enemy tiles: 7
2026-06-02 00:37:08 [self-0001-0-expand] Tiles: 20 / 34
2026-06-02 00:37:08 [self-0001-0-expand] Map: 18 x 20 Turn: 148
2026-06-02 00:37:08 [self-0001-0-expand] Route planned: Target = 223 Mode = defense city-free reachable tiles = 268 Fallback-Tiles = 269
2026-06-02 00:37:08 [self-0001-0-expand] Priority agent: reverse -35000, edge reuse -54000 base = 189586 final = 100586
2026-06-02 00:37:08 [self-0001-0-expand] Move #128: 241 -> 223 | Army: 36 | Target-Terrain: 0 | Target: 223 | Half: False
2026-06-02 00:37:08 [self-0001-0-expand] My general index: 239
2026-06-02 00:37:08 [self-0001-0-expand] Enemy general index: None
2026-06-02 00:37:08 [self-0001-0-expand] Visible enemy tiles: 7
2026-06-02 00:37:08 [self-0001-0-expand] Tiles: 20 / 34
2026-06-02 00:37:08 [self-0001-0-expand] Map: 18 x 20 Turn: 149
2026-06-02 00:37:08 [self-0001-0-expand] Route planned: Target = 241 Mode = defense city-free reachable tiles = 268 Fallback-Tiles = 269
2026-06-02 00:37:08 [self-0001-0-expand] Move #129: 220 -> 238 | Army: 2 | Target-Terrain: 0 | Target: 241 | Half: False
2026-06-02 00:37:09 [self-0001-0-expand] My general index: 239
2026-06-02 00:37:09 [self-0001-0-expand] Enemy general index: None
2026-06-02 00:37:09 [self-0001-0-expand] Visible enemy tiles: 7
2026-06-02 00:37:09 [self-0001-0-expand] Tiles: 20 / 34
2026-06-02 00:37:09 [self-0001-0-expand] Map: 18 x 20 Turn: 150
2026-06-02 00:37:09 [self-0001-0-expand] Route planned: Target = 241 Mode = defense city-free reachable tiles = 268 Fallback-Tiles = 269
2026-06-02 00:37:09 [self-0001-0-expand] Move #130: 240 -> 241 | Army: 2 | Target-Terrain: 0 | Target: 241 | Half: False
2026-06-02 00:37:09 [self-0001-0-expand] My general index: 239
2026-06-02 00:37:09 [self-0001-0-expand] Enemy general index: None
2026-06-02 00:37:09 [self-0001-0-expand] Visible enemy tiles: 7
2026-06-02 00:37:09 [self-0001-0-expand] Tiles: 20 / 34
2026-06-02 00:37:09 [self-0001-0-expand] Map: 18 x 20 Turn: 151
2026-06-02 00:37:09 [self-0001-0-expand] Route planned: Target = 241 Mode = defense city-free reachable tiles = 268 Fallback-Tiles = 269
2026-06-02 00:37:09 [self-0001-0-expand] Priority agent: edge reuse -9000 base = 217602 final = 208602
2026-06-02 00:37:09 [self-0001-0-expand] Move #131: 242 -> 241 | Army: 2 | Target-Terrain: 0 | Target: 241 | Half: False
2026-06-02 00:37:10 [self-0001-0-expand] My general index: 239
2026-06-02 00:37:10 [self-0001-0-expand] Enemy general index: None
2026-06-02 00:37:10 [self-0001-0-expand] Visible enemy tiles: 7
2026-06-02 00:37:10 [self-0001-0-expand] Tiles: 20 / 34
2026-06-02 00:37:10 [self-0001-0-expand] Map: 18 x 20 Turn: 152
2026-06-02 00:37:10 [self-0001-0-expand] Route planned: Target = 241 Mode = defense city-free reachable tiles = 268 Fallback-Tiles = 269
2026-06-02 00:37:10 [self-0001-0-expand] Priority agent: edge reuse -9000 base = 215752 final = 206752
2026-06-02 00:37:10 [self-0001-0-expand] Move #132: 259 -> 241 | Army: 2 | Target-Terrain: 0 | Target: 241 | Half: False
2026-06-02 00:37:10 [self-0001-0-expand] My general index: 239
2026-06-02 00:37:10 [self-0001-0-expand] Enemy general index: None
2026-06-02 00:37:10 [self-0001-0-expand] Visible enemy tiles: 7
2026-06-02 00:37:10 [self-0001-0-expand] Tiles: 20 / 34
2026-06-02 00:37:10 [self-0001-0-expand] Map: 18 x 20 Turn: 153
2026-06-02 00:37:10 [self-0001-0-expand] Route planned: Target = 241 Mode = defense city-free reachable tiles = 268 Fallback-Tiles = 269
2026-06-02 00:37:10 [self-0001-0-expand] Priority agent: edge reuse -36000 base = 183537 final = 147537
2026-06-02 00:37:10 [self-0001-0-expand] Move #133: 223 -> 241 | Army: 37 | Target-Terrain: 0 | Target: 241 | Half: False
2026-06-02 00:37:11 [self-0001-0-expand] My general index: 239
2026-06-02 00:37:11 [self-0001-0-expand] Enemy general index: None
2026-06-02 00:37:11 [self-0001-0-expand] Visible enemy tiles: 8
2026-06-02 00:37:11 [self-0001-0-expand] Tiles: 19 / 35
2026-06-02 00:37:11 [self-0001-0-expand] Map: 18 x 20 Turn: 154
2026-06-02 00:37:11 [self-0001-0-expand] Route planned: Target = 223 Mode = defense city-free reachable tiles = 268 Fallback-Tiles = 269
2026-06-02 00:37:11 [self-0001-0-expand] Move #134: 258 -> 259 | Army: 2 | Target-Terrain: 0 | Target: 223 | Half: False
2026-06-02 00:37:11 [self-0001-0-expand] My general index: 239
2026-06-02 00:37:11 [self-0001-0-expand] Enemy general index: None
2026-06-02 00:37:11 [self-0001-0-expand] Visible enemy tiles: 8
2026-06-02 00:37:11 [self-0001-0-expand] Tiles: 19 / 35
2026-06-02 00:37:11 [self-0001-0-expand] Map: 18 x 20 Turn: 155
2026-06-02 00:37:11 [self-0001-0-expand] Route planned: Target = 223 Mode = defense city-free reachable tiles = 268 Fallback-Tiles = 269
2026-06-02 00:37:11 [self-0001-0-expand] Priority agent: edge reuse -45000 base = 186491 final = 141491
2026-06-02 00:37:11 [self-0001-0-expand] Move #135: 241 -> 223 | Army: 41 | Target-Terrain: 0 | Target: 223 | Half: False
2026-06-02 00:37:12 [self-0001-0-expand] My general index: 239
2026-06-02 00:37:12 [self-0001-0-expand] Enemy general index: None
2026-06-02 00:37:12 [self-0001-0-expand] Visible enemy tiles: 8
2026-06-02 00:37:12 [self-0001-0-expand] Tiles: 19 / 35
2026-06-02 00:37:12 [self-0001-0-expand] Map: 18 x 20 Turn: 156
2026-06-02 00:37:12 [self-0001-0-expand] Route planned: Target = 241 Mode = defense city-free reachable tiles = 268 Fallback-Tiles = 269
2026-06-02 00:37:12 [self-0001-0-expand] Priority agent: edge reuse -18000 base = 200752 final = 182752
2026-06-02 00:37:12 [self-0001-0-expand] Move #136: 259 -> 241 | Army: 2 | Target-Terrain: 0 | Target: 241 | Half: False
2026-06-02 00:37:12 [self-0001-0-expand] My general index: 239
2026-06-02 00:37:12 [self-0001-0-expand] Enemy general index: None
2026-06-02 00:37:12 [self-0001-0-expand] Visible enemy tiles: 8
2026-06-02 00:37:12 [self-0001-0-expand] Tiles: 19 / 35
2026-06-02 00:37:12 [self-0001-0-expand] Map: 18 x 20 Turn: 157
2026-06-02 00:37:12 [self-0001-0-expand] Route planned: Target = 241 Mode = defense city-free reachable tiles = 268 Fallback-Tiles = 269
2026-06-02 00:37:12 [self-0001-0-expand] Priority agent: edge reuse -45000 base = 183541 final = 138541
2026-06-02 00:37:12 [self-0001-0-expand] Move #137: 223 -> 241 | Army: 41 | Target-Terrain: 0 | Target: 241 | Half: False
2026-06-02 00:37:13 [self-0001-0-expand] My general index: 239
2026-06-02 00:37:13 [self-0001-0-expand] Enemy general index: None
2026-06-02 00:37:13 [self-0001-0-expand] Visible enemy tiles: 8
2026-06-02 00:37:13 [self-0001-0-expand] Tiles: 19 / 35
2026-06-02 00:37:13 [self-0001-0-expand] Map: 18 x 20 Turn: 158
2026-06-02 00:37:13 [self-0001-0-expand] Route planned: Target = 223 Mode = defense city-free reachable tiles = 268 Fallback-Tiles = 269
2026-06-02 00:37:13 [self-0001-0-expand] Move #138: 243 -> 242 | Army: 2 | Target-Terrain: 0 | Target: 223 | Half: False
2026-06-02 00:37:13 [self-0001-0-expand] My general index: 239
2026-06-02 00:37:13 [self-0001-0-expand] Enemy general index: None
2026-06-02 00:37:13 [self-0001-0-expand] Visible enemy tiles: 8
2026-06-02 00:37:13 [self-0001-0-expand] Tiles: 19 / 35
2026-06-02 00:37:13 [self-0001-0-expand] Map: 18 x 20 Turn: 159
2026-06-02 00:37:13 [self-0001-0-expand] Route planned: Target = 223 Mode = defense city-free reachable tiles = 268 Fallback-Tiles = 269
2026-06-02 00:37:13 [self-0001-0-expand] Priority agent: edge reuse -54000 base = 186492 final = 132492
2026-06-02 00:37:13 [self-0001-0-expand] Move #139: 241 -> 223 | Army: 42 | Target-Terrain: 0 | Target: 223 | Half: False
2026-06-02 00:37:14 [self-0001-0-expand] My general index: 239
2026-06-02 00:37:14 [self-0001-0-expand] Enemy general index: None
2026-06-02 00:37:14 [self-0001-0-expand] Visible enemy tiles: 8
2026-06-02 00:37:14 [self-0001-0-expand] Tiles: 19 / 35
2026-06-02 00:37:14 [self-0001-0-expand] Map: 18 x 20 Turn: 160
2026-06-02 00:37:14 [self-0001-0-expand] Route planned: Target = 241 Mode = defense city-free reachable tiles = 268 Fallback-Tiles = 269
2026-06-02 00:37:14 [self-0001-0-expand] Priority agent: edge reuse -9000 base = 217602 final = 208602
2026-06-02 00:37:14 [self-0001-0-expand] Move #140: 242 -> 241 | Army: 2 | Target-Terrain: 0 | Target: 241 | Half: False
2026-06-02 00:37:14 [self-0001-0-expand] My general index: 239
2026-06-02 00:37:14 [self-0001-0-expand] Enemy general index: None
2026-06-02 00:37:14 [self-0001-0-expand] Visible enemy tiles: 8
2026-06-02 00:37:14 [self-0001-0-expand] Tiles: 19 / 35
2026-06-02 00:37:14 [self-0001-0-expand] Map: 18 x 20 Turn: 161
2026-06-02 00:37:14 [self-0001-0-expand] Route planned: Target = 241 Mode = defense city-free reachable tiles = 268 Fallback-Tiles = 269
2026-06-02 00:37:14 [self-0001-0-expand] Priority agent: edge reuse -54000 base = 183542 final = 129542
2026-06-02 00:37:14 [self-0001-0-expand] Move #141: 223 -> 241 | Army: 42 | Target-Terrain: 0 | Target: 241 | Half: False
2026-06-02 00:37:15 [self-0001-0-expand] My general index: 239
2026-06-02 00:37:15 [self-0001-0-expand] Enemy general index: None
2026-06-02 00:37:15 [self-0001-0-expand] Visible enemy tiles: 8
2026-06-02 00:37:15 [self-0001-0-expand] Tiles: 19 / 35
2026-06-02 00:37:15 [self-0001-0-expand] Map: 18 x 20 Turn: 162
2026-06-02 00:37:15 [self-0001-0-expand] Route planned: Target = 223 Mode = defense city-free reachable tiles = 268 Fallback-Tiles = 269
2026-06-02 00:37:15 [self-0001-0-expand] Move #142: 260 -> 259 | Army: 2 | Target-Terrain: 0 | Target: 223 | Half: False
2026-06-02 00:37:15 [self-0001-0-expand] My general index: 239
2026-06-02 00:37:15 [self-0001-0-expand] Enemy general index: None
2026-06-02 00:37:15 [self-0001-0-expand] Visible enemy tiles: 8
2026-06-02 00:37:15 [self-0001-0-expand] Tiles: 19 / 35
2026-06-02 00:37:15 [self-0001-0-expand] Map: 18 x 20 Turn: 163
2026-06-02 00:37:15 [self-0001-0-expand] Route planned: Target = 223 Mode = defense city-free reachable tiles = 268 Fallback-Tiles = 269
2026-06-02 00:37:15 [self-0001-0-expand] Priority agent: edge reuse -45000 base = 186493 final = 141493
2026-06-02 00:37:15 [self-0001-0-expand] Move #143: 241 -> 223 | Army: 43 | Target-Terrain: 0 | Target: 223 | Half: False
2026-06-02 00:37:16 [self-0001-0-expand] My general index: 239
2026-06-02 00:37:16 [self-0001-0-expand] Enemy general index: None
2026-06-02 00:37:16 [self-0001-0-expand] Visible enemy tiles: 8
2026-06-02 00:37:16 [self-0001-0-expand] Tiles: 19 / 35
2026-06-02 00:37:16 [self-0001-0-expand] Map: 18 x 20 Turn: 164
2026-06-02 00:37:16 [self-0001-0-expand] Route planned: Target = 241 Mode = defense city-free reachable tiles = 268 Fallback-Tiles = 269
2026-06-02 00:37:16 [self-0001-0-expand] Priority agent: edge reuse -18000 base = 200752 final = 182752
2026-06-02 00:37:16 [self-0001-0-expand] Move #144: 259 -> 241 | Army: 2 | Target-Terrain: 0 | Target: 241 | Half: False
2026-06-02 00:37:16 [self-0001-0-expand] My general index: 239
2026-06-02 00:37:16 [self-0001-0-expand] Enemy general index: None
2026-06-02 00:37:16 [self-0001-0-expand] Visible enemy tiles: 8
2026-06-02 00:37:16 [self-0001-0-expand] Tiles: 19 / 35
2026-06-02 00:37:16 [self-0001-0-expand] Map: 18 x 20 Turn: 165
2026-06-02 00:37:16 [self-0001-0-expand] Route planned: Target = 241 Mode = defense city-free reachable tiles = 268 Fallback-Tiles = 269
2026-06-02 00:37:16 [self-0001-0-expand] Priority agent: edge reuse -54000 base = 183543 final = 129543
2026-06-02 00:37:16 [self-0001-0-expand] Move #145: 223 -> 241 | Army: 43 | Target-Terrain: 0 | Target: 241 | Half: False
2026-06-02 00:37:17 [self-0001-0-expand] My general index: 239
2026-06-02 00:37:17 [self-0001-0-expand] Enemy general index: None
2026-06-02 00:37:17 [self-0001-0-expand] Visible enemy tiles: 8
2026-06-02 00:37:17 [self-0001-0-expand] Tiles: 19 / 35
2026-06-02 00:37:17 [self-0001-0-expand] Map: 18 x 20 Turn: 166
2026-06-02 00:37:17 [self-0001-0-expand] Route planned: Target = 223 Mode = defense city-free reachable tiles = 268 Fallback-Tiles = 269
2026-06-02 00:37:17 [self-0001-0-expand] Move #146: 244 -> 243 | Army: 2 | Target-Terrain: 0 | Target: 223 | Half: False
2026-06-02 00:37:17 [self-0001-0-expand] My general index: 239
2026-06-02 00:37:17 [self-0001-0-expand] Enemy general index: None
2026-06-02 00:37:17 [self-0001-0-expand] Visible enemy tiles: 8
2026-06-02 00:37:17 [self-0001-0-expand] Tiles: 19 / 35
2026-06-02 00:37:17 [self-0001-0-expand] Map: 18 x 20 Turn: 167
2026-06-02 00:37:17 [self-0001-0-expand] Route planned: Target = 223 Mode = defense city-free reachable tiles = 268 Fallback-Tiles = 269
2026-06-02 00:37:17 [self-0001-0-expand] Priority agent: flow +6000 base = 121572 final = 127572
2026-06-02 00:37:17 [self-0001-0-expand] Move #147: 243 -> 225 | Army: 2 | Target-Terrain: 0 | Target: 223 | Half: False
2026-06-02 00:37:18 [self-0001-0-expand] My general index: 239
2026-06-02 00:37:18 [self-0001-0-expand] Enemy general index: None
2026-06-02 00:37:18 [self-0001-0-expand] Visible enemy tiles: 8
2026-06-02 00:37:18 [self-0001-0-expand] Tiles: 19 / 35
2026-06-02 00:37:18 [self-0001-0-expand] Map: 18 x 20 Turn: 168
2026-06-02 00:37:18 [self-0001-0-expand] Route planned: Target = 223 Mode = defense city-free reachable tiles = 268 Fallback-Tiles = 269
2026-06-02 00:37:18 [self-0001-0-expand] Priority agent: flow +6000 base = 163863 final = 169863
2026-06-02 00:37:18 [self-0001-0-expand] Move #148: 225 -> 224 | Army: 3 | Target-Terrain: 1 | Target: 223 | Half: False
2026-06-02 00:37:18 [self-0001-0-expand] My general index: 239
2026-06-02 00:37:18 [self-0001-0-expand] Enemy general index: None
2026-06-02 00:37:18 [self-0001-0-expand] Visible enemy tiles: 7
2026-06-02 00:37:18 [self-0001-0-expand] Tiles: 20 / 34
2026-06-02 00:37:18 [self-0001-0-expand] Map: 18 x 20 Turn: 169
2026-06-02 00:37:18 [self-0001-0-expand] Route planned: Target = 223 Mode = defense city-free reachable tiles = 268 Fallback-Tiles = 269
2026-06-02 00:37:18 [self-0001-0-expand] Priority agent: edge reuse -54000 base = 186494 final = 132494
2026-06-02 00:37:18 [self-0001-0-expand] Move #149: 241 -> 223 | Army: 44 | Target-Terrain: 0 | Target: 223 | Half: False
2026-06-02 00:37:19 [self-0001-0-expand] My general index: 239
2026-06-02 00:37:19 [self-0001-0-expand] Enemy general index: None
2026-06-02 00:37:19 [self-0001-0-expand] Visible enemy tiles: 7
2026-06-02 00:37:19 [self-0001-0-expand] Tiles: 20 / 34
2026-06-02 00:37:19 [self-0001-0-expand] Map: 18 x 20 Turn: 170
2026-06-02 00:37:19 [self-0001-0-expand] Route planned: Target = 241 Mode = defense city-free reachable tiles = 268 Fallback-Tiles = 269
2026-06-02 00:37:19 [self-0001-0-expand] Move #150: 221 -> 239 | Army: 2 | Target-Terrain: 0 | Target: 241 | Half: False
2026-06-02 00:37:19 [self-0001-0-expand] My general index: 239
2026-06-02 00:37:19 [self-0001-0-expand] Enemy general index: None
2026-06-02 00:37:19 [self-0001-0-expand] Visible enemy tiles: 7
2026-06-02 00:37:19 [self-0001-0-expand] Tiles: 19 / 35
2026-06-02 00:37:19 [self-0001-0-expand] Map: 18 x 20 Turn: 171
2026-06-02 00:37:19 [self-0001-0-expand] Route planned: Target = 241 Mode = defense city-free reachable tiles = 268 Fallback-Tiles = 269
2026-06-02 00:37:19 [self-0001-0-expand] Priority agent: edge reuse -54000 base = 183544 final = 129544
2026-06-02 00:37:19 [self-0001-0-expand] Move #151: 223 -> 241 | Army: 44 | Target-Terrain: 0 | Target: 241 | Half: False
2026-06-02 00:37:20 [self-0001-0-expand] My general index: 239
2026-06-02 00:37:20 [self-0001-0-expand] Enemy general index: None
2026-06-02 00:37:20 [self-0001-0-expand] Visible enemy tiles: 7
2026-06-02 00:37:20 [self-0001-0-expand] Tiles: 18 / 36
2026-06-02 00:37:20 [self-0001-0-expand] Map: 18 x 20 Turn: 172
2026-06-02 00:37:20 [self-0001-0-expand] Route planned: Target = 223 Mode = defense city-free reachable tiles = 268 Fallback-Tiles = 269
2026-06-02 00:37:20 [self-0001-0-expand] Move #152: 261 -> 260 | Army: 2 | Target-Terrain: 0 | Target: 223 | Half: False
2026-06-02 00:37:20 [self-0001-0-expand] My general index: 239
2026-06-02 00:37:20 [self-0001-0-expand] Enemy general index: None
2026-06-02 00:37:20 [self-0001-0-expand] Visible enemy tiles: 7
2026-06-02 00:37:20 [self-0001-0-expand] Tiles: 17 / 37
2026-06-02 00:37:20 [self-0001-0-expand] Map: 18 x 20 Turn: 173
2026-06-02 00:37:20 [self-0001-0-expand] Route planned: Target = 223 Mode = defense city-free reachable tiles = 268 Fallback-Tiles = 269
2026-06-02 00:37:20 [self-0001-0-expand] Priority agent: edge reuse -54000 base = 229994 final = 175994
2026-06-02 00:37:20 [self-0001-0-expand] Move #153: 241 -> 223 | Army: 44 | Target-Terrain: 1 | Target: 223 | Half: False
2026-06-02 00:37:21 [self-0001-0-expand] My general index: 239
2026-06-02 00:37:21 [self-0001-0-expand] Enemy general index: None
2026-06-02 00:37:21 [self-0001-0-expand] Visible enemy tiles: 7
2026-06-02 00:37:21 [self-0001-0-expand] Tiles: 18 / 36
2026-06-02 00:37:21 [self-0001-0-expand] Map: 18 x 20 Turn: 174
2026-06-02 00:37:21 [self-0001-0-expand] Route planned: Target = 241 Mode = defense city-free reachable tiles = 268 Fallback-Tiles = 269
2026-06-02 00:37:21 [self-0001-0-expand] Move #154: 220 -> 238 | Army: 2 | Target-Terrain: 0 | Target: 241 | Half: False
2026-06-02 00:37:21 [self-0001-0-expand] My general index: 239
2026-06-02 00:37:21 [self-0001-0-expand] Enemy general index: None
2026-06-02 00:37:21 [self-0001-0-expand] Visible enemy tiles: 7
2026-06-02 00:37:21 [self-0001-0-expand] Tiles: 18 / 36
2026-06-02 00:37:21 [self-0001-0-expand] Map: 18 x 20 Turn: 175
2026-06-02 00:37:21 [self-0001-0-expand] Route planned: Target = 241 Mode = defense city-free reachable tiles = 268 Fallback-Tiles = 269
2026-06-02 00:37:21 [self-0001-0-expand] Priority agent: flow +6000 base = 123774 final = 129774
2026-06-02 00:37:21 [self-0001-0-expand] Move #155: 238 -> 239 | Army: 4 | Target-Terrain: 0 | Target: 241 | Half: False
2026-06-02 00:37:22 [self-0001-0-expand] My general index: 239
2026-06-02 00:37:22 [self-0001-0-expand] Enemy general index: None
2026-06-02 00:37:22 [self-0001-0-expand] Visible enemy tiles: 7
2026-06-02 00:37:22 [self-0001-0-expand] Tiles: 18 / 36
2026-06-02 00:37:22 [self-0001-0-expand] Map: 18 x 20 Turn: 176
2026-06-02 00:37:22 [self-0001-0-expand] Route planned: Target = 241 Mode = defense city-free reachable tiles = 268 Fallback-Tiles = 269
2026-06-02 00:37:22 [self-0001-0-expand] Priority agent: edge reuse -45000 base = 183531 final = 138531
2026-06-02 00:37:22 [self-0001-0-expand] Move #156: 223 -> 241 | Army: 31 | Target-Terrain: 0 | Target: 241 | Half: False
2026-06-02 00:37:22 [self-0001-0-expand] My general index: 239
2026-06-02 00:37:22 [self-0001-0-expand] Enemy general index: None
2026-06-02 00:37:22 [self-0001-0-expand] Visible enemy tiles: 7
2026-06-02 00:37:22 [self-0001-0-expand] Tiles: 18 / 36
2026-06-02 00:37:22 [self-0001-0-expand] Map: 18 x 20 Turn: 177
2026-06-02 00:37:22 [self-0001-0-expand] Route planned: Target = 223 Mode = defense city-free reachable tiles = 268 Fallback-Tiles = 269
2026-06-02 00:37:22 [self-0001-0-expand] Move #157: 260 -> 259 | Army: 2 | Target-Terrain: 0 | Target: 223 | Half: False
2026-06-02 00:37:23 [self-0001-0-expand] My general index: 239
2026-06-02 00:37:23 [self-0001-0-expand] Enemy general index: None
2026-06-02 00:37:23 [self-0001-0-expand] Visible enemy tiles: 7
2026-06-02 00:37:23 [self-0001-0-expand] Tiles: 18 / 36
2026-06-02 00:37:23 [self-0001-0-expand] Map: 18 x 20 Turn: 178
2026-06-02 00:37:23 [self-0001-0-expand] Route planned: Target = 223 Mode = defense city-free reachable tiles = 268 Fallback-Tiles = 269
2026-06-02 00:37:23 [self-0001-0-expand] Priority agent: edge reuse -45000 base = 192481 final = 147481
2026-06-02 00:37:23 [self-0001-0-expand] Move #158: 241 -> 223 | Army: 31 | Target-Terrain: 0 | Target: 223 | Half: False
2026-06-02 00:37:23 [self-0001-0-expand] My general index: 239
2026-06-02 00:37:23 [self-0001-0-expand] Enemy general index: None
2026-06-02 00:37:23 [self-0001-0-expand] Visible enemy tiles: 7
2026-06-02 00:37:23 [self-0001-0-expand] Tiles: 18 / 36
2026-06-02 00:37:23 [self-0001-0-expand] Map: 18 x 20 Turn: 179
2026-06-02 00:37:23 [self-0001-0-expand] Route planned: Target = 241 Mode = defense city-free reachable tiles = 268 Fallback-Tiles = 269
2026-06-02 00:37:23 [self-0001-0-expand] Move #159: 259 -> 241 | Army: 2 | Target-Terrain: 0 | Target: 241 | Half: False
2026-06-02 00:37:24 [self-0001-0-expand] My general index: 239
2026-06-02 00:37:24 [self-0001-0-expand] Enemy general index: None
2026-06-02 00:37:24 [self-0001-0-expand] Visible enemy tiles: 7
2026-06-02 00:37:24 [self-0001-0-expand] Tiles: 18 / 36
2026-06-02 00:37:24 [self-0001-0-expand] Map: 18 x 20 Turn: 180
2026-06-02 00:37:24 [self-0001-0-expand] Route planned: Target = 241 Mode = defense city-free reachable tiles = 268 Fallback-Tiles = 269
2026-06-02 00:37:24 [self-0001-0-expand] Priority agent: edge reuse -45000 base = 183531 final = 138531
2026-06-02 00:37:24 [self-0001-0-expand] Move #160: 223 -> 241 | Army: 31 | Target-Terrain: 0 | Target: 241 | Half: False
2026-06-02 00:37:24 [self-0001-0-expand] My general index: 239
2026-06-02 00:37:24 [self-0001-0-expand] Enemy general index: None
2026-06-02 00:37:24 [self-0001-0-expand] Visible enemy tiles: 7
2026-06-02 00:37:24 [self-0001-0-expand] Tiles: 18 / 36
2026-06-02 00:37:24 [self-0001-0-expand] Map: 18 x 20 Turn: 181
2026-06-02 00:37:24 [self-0001-0-expand] Route planned: Target = 223 Mode = defense city-free reachable tiles = 268 Fallback-Tiles = 269
2026-06-02 00:37:24 [self-0001-0-expand] Move #161: 257 -> 258 | Army: 2 | Target-Terrain: 0 | Target: 223 | Half: False
2026-06-02 00:37:25 [self-0001-0-expand] My general index: 239
2026-06-02 00:37:25 [self-0001-0-expand] Enemy general index: None
2026-06-02 00:37:25 [self-0001-0-expand] Visible enemy tiles: 7
2026-06-02 00:37:25 [self-0001-0-expand] Tiles: 18 / 36
2026-06-02 00:37:25 [self-0001-0-expand] Map: 18 x 20 Turn: 182
2026-06-02 00:37:25 [self-0001-0-expand] Route planned: Target = 223 Mode = defense city-free reachable tiles = 268 Fallback-Tiles = 269
2026-06-02 00:37:25 [self-0001-0-expand] Priority agent: edge reuse -54000 base = 192482 final = 138482
2026-06-02 00:37:25 [self-0001-0-expand] Move #162: 241 -> 223 | Army: 32 | Target-Terrain: 0 | Target: 223 | Half: False
2026-06-02 00:37:25 [self-0001-0-expand] My general index: 239
2026-06-02 00:37:25 [self-0001-0-expand] Enemy general index: None
2026-06-02 00:37:25 [self-0001-0-expand] Visible enemy tiles: 7
2026-06-02 00:37:25 [self-0001-0-expand] Tiles: 17 / 37
2026-06-02 00:37:25 [self-0001-0-expand] Map: 18 x 20 Turn: 183
2026-06-02 00:37:25 [self-0001-0-expand] Route planned: Target = 241 Mode = defense city-free reachable tiles = 268 Fallback-Tiles = 269
2026-06-02 00:37:25 [self-0001-0-expand] Move #163: 258 -> 259 | Army: 2 | Target-Terrain: 0 | Target: 241 | Half: False
2026-06-02 00:37:26 [self-0001-0-expand] My general index: 239
2026-06-02 00:37:26 [self-0001-0-expand] Enemy general index: None
2026-06-02 00:37:26 [self-0001-0-expand] Visible enemy tiles: 7
2026-06-02 00:37:26 [self-0001-0-expand] Tiles: 17 / 37
2026-06-02 00:37:26 [self-0001-0-expand] Map: 18 x 20 Turn: 184
2026-06-02 00:37:26 [self-0001-0-expand] Route planned: Target = 241 Mode = defense city-free reachable tiles = 268 Fallback-Tiles = 269
2026-06-02 00:37:26 [self-0001-0-expand] Priority agent: edge reuse -9000, flow +6000 base = 215752 final = 212752
2026-06-02 00:37:26 [self-0001-0-expand] Move #164: 259 -> 241 | Army: 2 | Target-Terrain: 0 | Target: 241 | Half: False
2026-06-02 00:37:26 [self-0001-0-expand] My general index: 239
2026-06-02 00:37:26 [self-0001-0-expand] Enemy general index: None
2026-06-02 00:37:26 [self-0001-0-expand] Visible enemy tiles: 8
2026-06-02 00:37:26 [self-0001-0-expand] Tiles: 16 / 38
2026-06-02 00:37:26 [self-0001-0-expand] Map: 18 x 20 Turn: 185
2026-06-02 00:37:26 [self-0001-0-expand] Route planned: Target = 241 Mode = defense city-free reachable tiles = 268 Fallback-Tiles = 269
2026-06-02 00:37:26 [self-0001-0-expand] Priority agent: edge reuse -54000 base = 183532 final = 129532
2026-06-02 00:37:26 [self-0001-0-expand] Move #165: 223 -> 241 | Army: 32 | Target-Terrain: 0 | Target: 241 | Half: False
2026-06-02 00:37:27 [self-0001-0-expand] My general index: 239
2026-06-02 00:37:27 [self-0001-0-expand] Enemy general index: None
2026-06-02 00:37:27 [self-0001-0-expand] Visible enemy tiles: 8
2026-06-02 00:37:27 [self-0001-0-expand] Tiles: 16 / 38
2026-06-02 00:37:27 [self-0001-0-expand] Map: 18 x 20 Turn: 186
2026-06-02 00:37:27 [self-0001-0-expand] Route planned: Target = 223 Mode = defense city-free reachable tiles = 268 Fallback-Tiles = 269
2026-06-02 00:37:27 [self-0001-0-expand] Priority agent: reverse -35000, edge reuse -54000 base = 195583 final = 106583
2026-06-02 00:37:27 [self-0001-0-expand] Move #166: 241 -> 223 | Army: 33 | Target-Terrain: 0 | Target: 223 | Half: False
2026-06-02 00:37:27 [self-0001-0-expand] My general index: 239
2026-06-02 00:37:27 [self-0001-0-expand] Enemy general index: None
2026-06-02 00:37:27 [self-0001-0-expand] Visible enemy tiles: 8
2026-06-02 00:37:27 [self-0001-0-expand] Tiles: 16 / 38
2026-06-02 00:37:27 [self-0001-0-expand] Map: 18 x 20 Turn: 187
2026-06-02 00:37:27 [self-0001-0-expand] Route planned: Target = 241 Mode = defense city-free reachable tiles = 268 Fallback-Tiles = 269
2026-06-02 00:37:27 [self-0001-0-expand] Move #167: 202 -> 220 | Army: 3 | Target-Terrain: 0 | Target: 241 | Half: False
2026-06-02 00:37:28 [self-0001-0-expand] My general index: 239
2026-06-02 00:37:28 [self-0001-0-expand] Enemy general index: None
2026-06-02 00:37:28 [self-0001-0-expand] Visible enemy tiles: 8
2026-06-02 00:37:28 [self-0001-0-expand] Tiles: 16 / 38
2026-06-02 00:37:28 [self-0001-0-expand] Map: 18 x 20 Turn: 188
2026-06-02 00:37:28 [self-0001-0-expand] Route planned: Target = 241 Mode = defense city-free reachable tiles = 268 Fallback-Tiles = 269
2026-06-02 00:37:28 [self-0001-0-expand] Priority agent: flow +6000 base = 123683 final = 129683
2026-06-02 00:37:28 [self-0001-0-expand] Move #168: 220 -> 221 | Army: 3 | Target-Terrain: 0 | Target: 241 | Half: False
2026-06-02 00:37:28 [self-0001-0-expand] My general index: 239
2026-06-02 00:37:28 [self-0001-0-expand] Enemy general index: None
2026-06-02 00:37:28 [self-0001-0-expand] Visible enemy tiles: 8
2026-06-02 00:37:28 [self-0001-0-expand] Tiles: 16 / 38
2026-06-02 00:37:28 [self-0001-0-expand] Map: 18 x 20 Turn: 189
2026-06-02 00:37:28 [self-0001-0-expand] Route planned: Target = 241 Mode = defense city-free reachable tiles = 268 Fallback-Tiles = 269
2026-06-02 00:37:28 [self-0001-0-expand] Priority agent: flow +6000 base = 125623 final = 131623
2026-06-02 00:37:28 [self-0001-0-expand] Move #169: 221 -> 239 | Army: 3 | Target-Terrain: 0 | Target: 241 | Half: False
2026-06-02 00:37:29 [self-0001-0-expand] My general index: 239
2026-06-02 00:37:29 [self-0001-0-expand] Enemy general index: None
2026-06-02 00:37:29 [self-0001-0-expand] Visible enemy tiles: 8
2026-06-02 00:37:29 [self-0001-0-expand] Tiles: 16 / 38
2026-06-02 00:37:29 [self-0001-0-expand] Map: 18 x 20 Turn: 190
2026-06-02 00:37:29 [self-0001-0-expand] Route planned: Target = 241 Mode = defense city-free reachable tiles = 268 Fallback-Tiles = 269
2026-06-02 00:37:29 [self-0001-0-expand] Priority agent: edge reuse -54000 base = 183533 final = 129533
2026-06-02 00:37:29 [self-0001-0-expand] Move #170: 223 -> 241 | Army: 33 | Target-Terrain: 0 | Target: 241 | Half: False
2026-06-02 00:37:29 [self-0001-0-expand] My general index: 239
2026-06-02 00:37:29 [self-0001-0-expand] Enemy general index: None
2026-06-02 00:37:29 [self-0001-0-expand] Visible enemy tiles: 8
2026-06-02 00:37:29 [self-0001-0-expand] Tiles: 16 / 38
2026-06-02 00:37:29 [self-0001-0-expand] Map: 18 x 20 Turn: 191
2026-06-02 00:37:29 [self-0001-0-expand] Route planned: Target = 223 Mode = defense city-free reachable tiles = 268 Fallback-Tiles = 269
2026-06-02 00:37:29 [self-0001-0-expand] Priority agent: reverse -35000, edge reuse -54000 base = 195583 final = 106583
2026-06-02 00:37:29 [self-0001-0-expand] Move #171: 241 -> 223 | Army: 33 | Target-Terrain: 0 | Target: 223 | Half: False
2026-06-02 00:37:30 [self-0001-0-expand] My general index: 239
2026-06-02 00:37:30 [self-0001-0-expand] Enemy general index: None
2026-06-02 00:37:30 [self-0001-0-expand] Visible enemy tiles: 8
2026-06-02 00:37:30 [self-0001-0-expand] Tiles: 16 / 38
2026-06-02 00:37:30 [self-0001-0-expand] Map: 18 x 20 Turn: 192
2026-06-02 00:37:30 [self-0001-0-expand] Route planned: Target = 241 Mode = defense city-free reachable tiles = 268 Fallback-Tiles = 269
2026-06-02 00:37:30 [self-0001-0-expand] Move #172: 184 -> 202 | Army: 3 | Target-Terrain: 0 | Target: 241 | Half: False
2026-06-02 00:37:30 [self-0001-0-expand] My general index: 239
2026-06-02 00:37:30 [self-0001-0-expand] Enemy general index: None
2026-06-02 00:37:30 [self-0001-0-expand] Visible enemy tiles: 8
2026-06-02 00:37:30 [self-0001-0-expand] Tiles: 16 / 38
2026-06-02 00:37:30 [self-0001-0-expand] Map: 18 x 20 Turn: 193
2026-06-02 00:37:30 [self-0001-0-expand] Route planned: Target = 241 Mode = defense city-free reachable tiles = 268 Fallback-Tiles = 269
2026-06-02 00:37:30 [self-0001-0-expand] Priority agent: edge reuse -54000 base = 183533 final = 129533
2026-06-02 00:37:30 [self-0001-0-expand] Move #173: 223 -> 241 | Army: 33 | Target-Terrain: 0 | Target: 241 | Half: False
2026-06-02 00:37:31 [self-0001-0-expand] My general index: 239
2026-06-02 00:37:31 [self-0001-0-expand] Enemy general index: None
2026-06-02 00:37:31 [self-0001-0-expand] Visible enemy tiles: 8
2026-06-02 00:37:31 [self-0001-0-expand] Tiles: 16 / 38
2026-06-02 00:37:31 [self-0001-0-expand] Map: 18 x 20 Turn: 194
2026-06-02 00:37:31 [self-0001-0-expand] Route planned: Target = 223 Mode = defense city-free reachable tiles = 268 Fallback-Tiles = 269
2026-06-02 00:37:31 [self-0001-0-expand] Priority agent: reverse -35000, edge reuse -63000 base = 195583 final = 97583
2026-06-02 00:37:31 [self-0001-0-expand] Move #174: 241 -> 223 | Army: 33 | Target-Terrain: 0 | Target: 223 | Half: False
2026-06-02 00:37:31 [self-0001-0-expand] My general index: 239
2026-06-02 00:37:31 [self-0001-0-expand] Enemy general index: None
2026-06-02 00:37:31 [self-0001-0-expand] Visible enemy tiles: 8
2026-06-02 00:37:31 [self-0001-0-expand] Tiles: 16 / 38
2026-06-02 00:37:31 [self-0001-0-expand] Map: 18 x 20 Turn: 195
2026-06-02 00:37:31 [self-0001-0-expand] Route planned: Target = 241 Mode = defense city-free reachable tiles = 268 Fallback-Tiles = 269
2026-06-02 00:37:31 [self-0001-0-expand] Priority agent: edge reuse -9000 base = 123243 final = 114243
2026-06-02 00:37:31 [self-0001-0-expand] Move #175: 202 -> 220 | Army: 3 | Target-Terrain: 0 | Target: 241 | Half: False
2026-06-02 00:37:32 [self-0001-0-expand] My general index: 239
2026-06-02 00:37:32 [self-0001-0-expand] Enemy general index: None
2026-06-02 00:37:32 [self-0001-0-expand] Visible enemy tiles: 8
2026-06-02 00:37:32 [self-0001-0-expand] Tiles: 16 / 38
2026-06-02 00:37:32 [self-0001-0-expand] Map: 18 x 20 Turn: 196
2026-06-02 00:37:32 [self-0001-0-expand] Route planned: Target = 241 Mode = defense city-free reachable tiles = 268 Fallback-Tiles = 269
2026-06-02 00:37:32 [self-0001-0-expand] Priority agent: flow +6000 base = 125533 final = 131533
2026-06-02 00:37:32 [self-0001-0-expand] Move #176: 220 -> 238 | Army: 3 | Target-Terrain: 0 | Target: 241 | Half: False
2026-06-02 00:37:32 [self-0001-0-expand] Coach: catch_up_expand tiles 16/38 army 106/123 cities 0/0 enemy_city_suspect False bias {'expansion_bias': 1.9, 'city_bias': 0.1, 'attack_bias': 0.0, 'defense_bias': 0.0, 'route_bias': 0.7}
2026-06-02 00:37:32 [self-0001-0-expand] My general index: 239
2026-06-02 00:37:32 [self-0001-0-expand] Enemy general index: None
2026-06-02 00:37:32 [self-0001-0-expand] Visible enemy tiles: 8
2026-06-02 00:37:32 [self-0001-0-expand] Tiles: 16 / 38
2026-06-02 00:37:32 [self-0001-0-expand] Map: 18 x 20 Turn: 197
2026-06-02 00:37:32 [self-0001-0-expand] Route planned: Target = 241 Mode = defense city-free reachable tiles = 268 Fallback-Tiles = 269
2026-06-02 00:37:32 [self-0001-0-expand] Priority agent: flow +6000 base = 123773 final = 129773
2026-06-02 00:37:32 [self-0001-0-expand] Move #177: 238 -> 239 | Army: 3 | Target-Terrain: 0 | Target: 241 | Half: False
2026-06-02 00:37:33 [self-0001-0-expand] My general index: 239
2026-06-02 00:37:33 [self-0001-0-expand] Enemy general index: None
2026-06-02 00:37:33 [self-0001-0-expand] Visible enemy tiles: 8
2026-06-02 00:37:33 [self-0001-0-expand] Tiles: 15 / 39
2026-06-02 00:37:33 [self-0001-0-expand] Map: 18 x 20 Turn: 198
2026-06-02 00:37:33 [self-0001-0-expand] Route planned: Target = 241 Mode = defense city-free reachable tiles = 268 Fallback-Tiles = 269
2026-06-02 00:37:33 [self-0001-0-expand] Priority agent: edge reuse -54000 base = 183533 final = 129533
2026-06-02 00:37:33 [self-0001-0-expand] Move #178: 223 -> 241 | Army: 33 | Target-Terrain: 0 | Target: 241 | Half: False
2026-06-02 00:37:33 [self-0001-0-expand] My general index: 239
2026-06-02 00:37:33 [self-0001-0-expand] Enemy general index: None
2026-06-02 00:37:33 [self-0001-0-expand] Visible enemy tiles: 8
2026-06-02 00:37:33 [self-0001-0-expand] Tiles: 15 / 39
2026-06-02 00:37:33 [self-0001-0-expand] Map: 18 x 20 Turn: 199
2026-06-02 00:37:33 [self-0001-0-expand] Route planned: Target = 223 Mode = defense city-free reachable tiles = 268 Fallback-Tiles = 269
2026-06-02 00:37:33 [self-0001-0-expand] Priority agent: reverse -35000, edge reuse -63000 base = 195583 final = 97583
2026-06-02 00:37:33 [self-0001-0-expand] Move #179: 241 -> 223 | Army: 33 | Target-Terrain: 0 | Target: 223 | Half: False
2026-06-02 00:37:34 [self-0001-0-expand] My general index: 239
2026-06-02 00:37:34 [self-0001-0-expand] Enemy general index: None
2026-06-02 00:37:34 [self-0001-0-expand] Visible enemy tiles: 8
2026-06-02 00:37:34 [self-0001-0-expand] Tiles: 15 / 39
2026-06-02 00:37:34 [self-0001-0-expand] Map: 18 x 20 Turn: 200
2026-06-02 00:37:34 [self-0001-0-expand] Route planned: Target = 241 Mode = defense city-free reachable tiles = 268 Fallback-Tiles = 269
2026-06-02 00:37:34 [self-0001-0-expand] Move #180: 242 -> 241 | Army: 2 | Target-Terrain: 0 | Target: 241 | Half: False
2026-06-02 00:37:34 [self-0001-0-expand] My general index: 239
2026-06-02 00:37:34 [self-0001-0-expand] Enemy general index: None
2026-06-02 00:37:34 [self-0001-0-expand] Visible enemy tiles: 8
2026-06-02 00:37:34 [self-0001-0-expand] Tiles: 15 / 39
2026-06-02 00:37:34 [self-0001-0-expand] Map: 18 x 20 Turn: 201
2026-06-02 00:37:34 [self-0001-0-expand] Route planned: Target = 241 Mode = defense city-free reachable tiles = 268 Fallback-Tiles = 269
2026-06-02 00:37:34 [self-0001-0-expand] Move #181: 240 -> 241 | Army: 2 | Target-Terrain: 0 | Target: 241 | Half: False
2026-06-02 00:37:35 [self-0001-0-expand] My general index: 239
2026-06-02 00:37:35 [self-0001-0-expand] Enemy general index: None
2026-06-02 00:37:35 [self-0001-0-expand] Visible enemy tiles: 8
2026-06-02 00:37:35 [self-0001-0-expand] Tiles: 15 / 39
2026-06-02 00:37:35 [self-0001-0-expand] Map: 18 x 20 Turn: 202
2026-06-02 00:37:35 [self-0001-0-expand] Route planned: Target = 241 Mode = defense city-free reachable tiles = 268 Fallback-Tiles = 269
2026-06-02 00:37:35 [self-0001-0-expand] Move #182: 259 -> 241 | Army: 2 | Target-Terrain: 0 | Target: 241 | Half: False
2026-06-02 00:37:35 [self-0001-0-expand] My general index: 239
2026-06-02 00:37:35 [self-0001-0-expand] Enemy general index: None
2026-06-02 00:37:35 [self-0001-0-expand] Visible enemy tiles: 8
2026-06-02 00:37:35 [self-0001-0-expand] Tiles: 15 / 39
2026-06-02 00:37:35 [self-0001-0-expand] Map: 18 x 20 Turn: 203
2026-06-02 00:37:35 [self-0001-0-expand] Route planned: Target = 241 Mode = defense city-free reachable tiles = 268 Fallback-Tiles = 269
2026-06-02 00:37:35 [self-0001-0-expand] Priority agent: edge reuse -54000 base = 196923 final = 142923
2026-06-02 00:37:35 [self-0001-0-expand] Move #183: 223 -> 241 | Army: 23 | Target-Terrain: 0 | Target: 241 | Half: False
2026-06-02 00:37:36 [self-0001-0-expand] My general index: 239
2026-06-02 00:37:36 [self-0001-0-expand] Enemy general index: None
2026-06-02 00:37:36 [self-0001-0-expand] Visible enemy tiles: 8
2026-06-02 00:37:36 [self-0001-0-expand] Tiles: 15 / 39
2026-06-02 00:37:36 [self-0001-0-expand] Map: 18 x 20 Turn: 204
2026-06-02 00:37:36 [self-0001-0-expand] Route planned: Target = 241 Mode = defense city-free reachable tiles = 268 Fallback-Tiles = 269
2026-06-02 00:37:36 [self-0001-0-expand] Move #184: 260 -> 259 | Army: 2 | Target-Terrain: 0 | Target: 241 | Half: False
2026-06-02 00:37:36 [self-0001-0-expand] My general index: 239
2026-06-02 00:37:36 [self-0001-0-expand] Enemy general index: None
2026-06-02 00:37:36 [self-0001-0-expand] Visible enemy tiles: 8
2026-06-02 00:37:36 [self-0001-0-expand] Tiles: 15 / 39
2026-06-02 00:37:36 [self-0001-0-expand] Map: 18 x 20 Turn: 205
2026-06-02 00:37:36 [self-0001-0-expand] Route planned: Target = 241 Mode = defense city-free reachable tiles = 268 Fallback-Tiles = 269
2026-06-02 00:37:36 [self-0001-0-expand] Priority agent: edge reuse -9000, flow +6000 base = 229152 final = 226152
2026-06-02 00:37:36 [self-0001-0-expand] Move #185: 259 -> 241 | Army: 2 | Target-Terrain: 0 | Target: 241 | Half: False
2026-06-02 00:37:37 [self-0001-0-expand] My general index: 239
2026-06-02 00:37:37 [self-0001-0-expand] Enemy general index: None
2026-06-02 00:37:37 [self-0001-0-expand] Visible enemy tiles: 8
2026-06-02 00:37:37 [self-0001-0-expand] Tiles: 15 / 39
2026-06-02 00:37:37 [self-0001-0-expand] Map: 18 x 20 Turn: 206
2026-06-02 00:37:37 [self-0001-0-expand] Route planned: Target = 241 Mode = defense city-free reachable tiles = 268 Fallback-Tiles = 269
2026-06-02 00:37:37 [self-0001-0-expand] Move #186: 258 -> 259 | Army: 2 | Target-Terrain: 0 | Target: 241 | Half: False
2026-06-02 00:37:37 [self-0001-0-expand] My general index: 239
2026-06-02 00:37:37 [self-0001-0-expand] Enemy general index: None
2026-06-02 00:37:37 [self-0001-0-expand] Visible enemy tiles: 8
2026-06-02 00:37:37 [self-0001-0-expand] Tiles: 15 / 39
2026-06-02 00:37:37 [self-0001-0-expand] Map: 18 x 20 Turn: 207
2026-06-02 00:37:37 [self-0001-0-expand] Route planned: Target = 241 Mode = defense city-free reachable tiles = 268 Fallback-Tiles = 269
2026-06-02 00:37:37 [self-0001-0-expand] Priority agent: edge reuse -18000, flow +6000 base = 214152 final = 202152
2026-06-02 00:37:37 [self-0001-0-expand] Move #187: 259 -> 241 | Army: 2 | Target-Terrain: 0 | Target: 241 | Half: False
2026-06-02 00:37:38 [self-0001-0-expand] My general index: 239
2026-06-02 00:37:38 [self-0001-0-expand] Enemy general index: None
2026-06-02 00:37:38 [self-0001-0-expand] Visible enemy tiles: 8
2026-06-02 00:37:38 [self-0001-0-expand] Tiles: 15 / 39
2026-06-02 00:37:38 [self-0001-0-expand] Map: 18 x 20 Turn: 208
2026-06-02 00:37:38 [self-0001-0-expand] Route planned: Target = 241 Mode = defense city-free reachable tiles = 268 Fallback-Tiles = 269
2026-06-02 00:37:38 [self-0001-0-expand] Move #188: 221 -> 239 | Army: 2 | Target-Terrain: 0 | Target: 241 | Half: False
2026-06-02 00:37:38 [self-0001-0-expand] My general index: 239
2026-06-02 00:37:38 [self-0001-0-expand] Enemy general index: None
2026-06-02 00:37:38 [self-0001-0-expand] Visible enemy tiles: 8
2026-06-02 00:37:38 [self-0001-0-expand] Tiles: 15 / 39
2026-06-02 00:37:38 [self-0001-0-expand] Map: 18 x 20 Turn: 209
2026-06-02 00:37:38 [self-0001-0-expand] Route planned: Target = 223 Mode = defense city-free reachable tiles = 268 Fallback-Tiles = 269
2026-06-02 00:37:38 [self-0001-0-expand] Priority agent: edge reuse -27000 base = 217879 final = 190879
2026-06-02 00:37:38 [self-0001-0-expand] Move #189: 241 -> 223 | Army: 29 | Target-Terrain: 0 | Target: 223 | Half: False
2026-06-02 00:37:39 [self-0001-0-expand] My general index: 239
2026-06-02 00:37:39 [self-0001-0-expand] Enemy general index: None
2026-06-02 00:37:39 [self-0001-0-expand] Visible enemy tiles: 8
2026-06-02 00:37:39 [self-0001-0-expand] Tiles: 15 / 39
2026-06-02 00:37:39 [self-0001-0-expand] Map: 18 x 20 Turn: 210
2026-06-02 00:37:39 [self-0001-0-expand] Route planned: Target = 241 Mode = defense city-free reachable tiles = 268 Fallback-Tiles = 269
2026-06-02 00:37:39 [self-0001-0-expand] Move #190: 261 -> 260 | Army: 2 | Target-Terrain: 0 | Target: 241 | Half: False
2026-06-02 00:37:39 [self-0001-0-expand] My general index: 239
2026-06-02 00:37:39 [self-0001-0-expand] Enemy general index: None
2026-06-02 00:37:39 [self-0001-0-expand] Visible enemy tiles: 8
2026-06-02 00:37:39 [self-0001-0-expand] Tiles: 14 / 40
2026-06-02 00:37:39 [self-0001-0-expand] Map: 18 x 20 Turn: 211
2026-06-02 00:37:39 [self-0001-0-expand] Route planned: Target = 240 Mode = defense city-free reachable tiles = 268 Fallback-Tiles = 269
2026-06-02 00:37:39 [self-0001-0-expand] Move #191: 239 -> 240 | Army: 68 | Target-Terrain: 0 | Target: 240 | Half: True
2026-06-02 00:37:40 [self-0001-0-expand] My general index: 239
2026-06-02 00:37:40 [self-0001-0-expand] Enemy general index: None
2026-06-02 00:37:40 [self-0001-0-expand] Visible enemy tiles: 9
2026-06-02 00:37:40 [self-0001-0-expand] Tiles: 13 / 41
2026-06-02 00:37:40 [self-0001-0-expand] Map: 18 x 20 Turn: 212
2026-06-02 00:37:40 [self-0001-0-expand] Route planned: Target = 241 Mode = defense city-free reachable tiles = 268 Fallback-Tiles = 269
2026-06-02 00:37:40 [self-0001-0-expand] Priority agent: edge reuse -9000, flow +6000 base = 264185 final = 261185
2026-06-02 00:37:40 [self-0001-0-expand] Move #192: 240 -> 241 | Army: 35 | Target-Terrain: 1 | Target: 241 | Half: False
2026-06-02 00:37:40 [self-0001-0-expand] My general index: 239
2026-06-02 00:37:40 [self-0001-0-expand] Enemy general index: None
2026-06-02 00:37:40 [self-0001-0-expand] Visible enemy tiles: 8
2026-06-02 00:37:40 [self-0001-0-expand] Tiles: 14 / 40
2026-06-02 00:37:40 [self-0001-0-expand] Map: 18 x 20 Turn: 213
2026-06-02 00:37:40 [self-0001-0-expand] Route planned: Target = 240 Mode = defense city-free reachable tiles = 268 Fallback-Tiles = 269
2026-06-02 00:37:40 [self-0001-0-expand] Priority agent: reverse -35000, edge reuse -18000 base = 213214 final = 160214
2026-06-02 00:37:40 [self-0001-0-expand] Move #193: 241 -> 240 | Army: 14 | Target-Terrain: 0 | Target: 240 | Half: False
2026-06-02 00:37:41 [self-0001-0-expand] My general index: 239
2026-06-02 00:37:41 [self-0001-0-expand] Enemy general index: None
2026-06-02 00:37:41 [self-0001-0-expand] Visible enemy tiles: 8
2026-06-02 00:37:41 [self-0001-0-expand] Tiles: 14 / 40
2026-06-02 00:37:41 [self-0001-0-expand] Map: 18 x 20 Turn: 214
2026-06-02 00:37:41 [self-0001-0-expand] Route planned: Target = 240 Mode = defense city-free reachable tiles = 268 Fallback-Tiles = 269
2026-06-02 00:37:41 [self-0001-0-expand] Move #194: 238 -> 239 | Army: 2 | Target-Terrain: 0 | Target: 240 | Half: False
2026-06-02 00:37:41 [self-0001-0-expand] My general index: 239
2026-06-02 00:37:41 [self-0001-0-expand] Enemy general index: None
2026-06-02 00:37:41 [self-0001-0-expand] Visible enemy tiles: 8
2026-06-02 00:37:41 [self-0001-0-expand] Tiles: 14 / 40
2026-06-02 00:37:41 [self-0001-0-expand] Map: 18 x 20 Turn: 215
2026-06-02 00:37:41 [self-0001-0-expand] Route planned: Target = 240 Mode = defense city-free reachable tiles = 268 Fallback-Tiles = 269
2026-06-02 00:37:41 [self-0001-0-expand] Move #195: 220 -> 238 | Army: 2 | Target-Terrain: 0 | Target: 240 | Half: False
2026-06-02 00:37:42 [self-0001-0-expand] My general index: 239
2026-06-02 00:37:42 [self-0001-0-expand] Enemy general index: None
2026-06-02 00:37:42 [self-0001-0-expand] Visible enemy tiles: 8
2026-06-02 00:37:42 [self-0001-0-expand] Tiles: 14 / 40
2026-06-02 00:37:42 [self-0001-0-expand] Map: 18 x 20 Turn: 216
2026-06-02 00:37:42 [self-0001-0-expand] Route planned: Target = 240 Mode = defense city-free reachable tiles = 268 Fallback-Tiles = 269
2026-06-02 00:37:42 [self-0001-0-expand] Move #196: 202 -> 220 | Army: 2 | Target-Terrain: 0 | Target: 240 | Half: False
2026-06-02 00:37:42 [self-0001-0-expand] My general index: 239
2026-06-02 00:37:42 [self-0001-0-expand] Enemy general index: None
2026-06-02 00:37:42 [self-0001-0-expand] Visible enemy tiles: 8
2026-06-02 00:37:42 [self-0001-0-expand] Tiles: 14 / 40
2026-06-02 00:37:42 [self-0001-0-expand] Map: 18 x 20 Turn: 217
2026-06-02 00:37:42 [self-0001-0-expand] Route planned: Target = 240 Mode = defense city-free reachable tiles = 268 Fallback-Tiles = 269
2026-06-02 00:37:42 [self-0001-0-expand] Priority agent: flow +6000 base = 134972 final = 140972
2026-06-02 00:37:42 [self-0001-0-expand] Move #197: 220 -> 221 | Army: 2 | Target-Terrain: 0 | Target: 240 | Half: False
2026-06-02 00:37:43 [self-0001-0-expand] My general index: 239
2026-06-02 00:37:43 [self-0001-0-expand] Enemy general index: None
2026-06-02 00:37:43 [self-0001-0-expand] Visible enemy tiles: 8
2026-06-02 00:37:43 [self-0001-0-expand] Tiles: 14 / 40
2026-06-02 00:37:43 [self-0001-0-expand] Map: 18 x 20 Turn: 218
2026-06-02 00:37:43 [self-0001-0-expand] Route planned: Target = 240 Mode = defense city-free reachable tiles = 268 Fallback-Tiles = 269
2026-06-02 00:37:43 [self-0001-0-expand] Move #198: 184 -> 202 | Army: 2 | Target-Terrain: 0 | Target: 240 | Half: False
2026-06-02 00:37:43 [self-0001-0-expand] My general index: 239
2026-06-02 00:37:43 [self-0001-0-expand] Enemy general index: None
2026-06-02 00:37:43 [self-0001-0-expand] Visible enemy tiles: 8
2026-06-02 00:37:43 [self-0001-0-expand] Tiles: 14 / 40
2026-06-02 00:37:43 [self-0001-0-expand] Map: 18 x 20 Turn: 219
2026-06-02 00:37:43 [self-0001-0-expand] Route planned: Target = 240 Mode = defense city-free reachable tiles = 268 Fallback-Tiles = 269
2026-06-02 00:37:43 [self-0001-0-expand] Move #199: 260 -> 259 | Army: 2 | Target-Terrain: 0 | Target: 240 | Half: False
2026-06-02 00:37:44 [self-0001-0-expand] My general index: 239
2026-06-02 00:37:44 [self-0001-0-expand] Enemy general index: None
2026-06-02 00:37:44 [self-0001-0-expand] Visible enemy tiles: 8
2026-06-02 00:37:44 [self-0001-0-expand] Tiles: 14 / 40
2026-06-02 00:37:44 [self-0001-0-expand] Map: 18 x 20 Turn: 220
2026-06-02 00:37:44 [self-0001-0-expand] Route planned: Target = 240 Mode = defense city-free reachable tiles = 268 Fallback-Tiles = 269
2026-06-02 00:37:44 [self-0001-0-expand] Move #200: 257 -> 258 | Army: 2 | Target-Terrain: 0 | Target: 240 | Half: False
2026-06-02 00:37:44 [self-0001-0-expand] My general index: 239
2026-06-02 00:37:44 [self-0001-0-expand] Enemy general index: None
2026-06-02 00:37:44 [self-0001-0-expand] Visible enemy tiles: 8
2026-06-02 00:37:44 [self-0001-0-expand] Tiles: 14 / 40
2026-06-02 00:37:44 [self-0001-0-expand] Map: 18 x 20 Turn: 221
2026-06-02 00:37:44 [self-0001-0-expand] Route planned: Target = 240 Mode = defense city-free reachable tiles = 268 Fallback-Tiles = 269
2026-06-02 00:37:44 [self-0001-0-expand] Priority agent: flow +6000 base = 230352 final = 236352
2026-06-02 00:37:44 [self-0001-0-expand] Move #201: 258 -> 240 | Army: 2 | Target-Terrain: 0 | Target: 240 | Half: False
2026-06-02 00:37:45 [self-0001-0-expand] My general index: 239
2026-06-02 00:37:45 [self-0001-0-expand] Enemy general index: None
2026-06-02 00:37:45 [self-0001-0-expand] Visible enemy tiles: 8
2026-06-02 00:37:45 [self-0001-0-expand] Tiles: 14 / 40
2026-06-02 00:37:45 [self-0001-0-expand] Map: 18 x 20 Turn: 222
2026-06-02 00:37:45 [self-0001-0-expand] Route planned: Target = 240 Mode = defense city-free reachable tiles = 268 Fallback-Tiles = 269
2026-06-02 00:37:45 [self-0001-0-expand] Move #202: 259 -> 241 | Army: 2 | Target-Terrain: 0 | Target: 240 | Half: False
2026-06-02 00:37:45 [self-0001-0-expand] My general index: 239
2026-06-02 00:37:45 [self-0001-0-expand] Enemy general index: None
2026-06-02 00:37:45 [self-0001-0-expand] Visible enemy tiles: 8
2026-06-02 00:37:45 [self-0001-0-expand] Tiles: 14 / 40
2026-06-02 00:37:45 [self-0001-0-expand] Map: 18 x 20 Turn: 223
2026-06-02 00:37:45 [self-0001-0-expand] Route planned: Target = 240 Mode = defense city-free reachable tiles = 268 Fallback-Tiles = 269
2026-06-02 00:37:45 [self-0001-0-expand] Priority agent: edge reuse -18000, flow +6000 base = 217202 final = 205202
2026-06-02 00:37:45 [self-0001-0-expand] Move #203: 241 -> 240 | Army: 2 | Target-Terrain: 0 | Target: 240 | Half: False
2026-06-02 00:37:46 [self-0001-0-expand] My general index: 239
2026-06-02 00:37:46 [self-0001-0-expand] Enemy general index: None
2026-06-02 00:37:46 [self-0001-0-expand] Visible enemy tiles: 8
2026-06-02 00:37:46 [self-0001-0-expand] Tiles: 14 / 40
2026-06-02 00:37:46 [self-0001-0-expand] Map: 18 x 20 Turn: 224
2026-06-02 00:37:46 [self-0001-0-expand] Route planned: Target = 240 Mode = defense city-free reachable tiles = 268 Fallback-Tiles = 269
2026-06-02 00:37:46 [self-0001-0-expand] Move #204: 221 -> 239 | Army: 2 | Target-Terrain: 0 | Target: 240 | Half: False
2026-06-02 00:37:46 [self-0001-0-expand] My general index: 239
2026-06-02 00:37:46 [self-0001-0-expand] Enemy general index: None
2026-06-02 00:37:46 [self-0001-0-expand] Visible enemy tiles: 8
2026-06-02 00:37:46 [self-0001-0-expand] Tiles: 14 / 40
2026-06-02 00:37:46 [self-0001-0-expand] Map: 18 x 20 Turn: 225
2026-06-02 00:37:46 [self-0001-0-expand] Route planned: Target = 240 Mode = defense city-free reachable tiles = 268 Fallback-Tiles = 269
2026-06-02 00:37:46 [self-0001-0-expand] Move #205: 223 -> 241 | Army: 29 | Target-Terrain: 0 | Target: 240 | Half: False
2026-06-02 00:37:47 [self-0001-0-expand] My general index: 239
2026-06-02 00:37:47 [self-0001-0-expand] Enemy general index: None
2026-06-02 00:37:47 [self-0001-0-expand] Visible enemy tiles: 8
2026-06-02 00:37:47 [self-0001-0-expand] Tiles: 14 / 40
2026-06-02 00:37:47 [self-0001-0-expand] Map: 18 x 20 Turn: 226
2026-06-02 00:37:47 [self-0001-0-expand] Route planned: Target = 240 Mode = defense city-free reachable tiles = 268 Fallback-Tiles = 269
2026-06-02 00:37:47 [self-0001-0-expand] Priority agent: edge reuse -27000, flow +6000 base = 221229 final = 200229
2026-06-02 00:37:47 [self-0001-0-expand] Move #206: 241 -> 240 | Army: 29 | Target-Terrain: 0 | Target: 240 | Half: False
2026-06-02 00:37:47 [self-0001-0-expand] My general index: 239
2026-06-02 00:37:47 [self-0001-0-expand] Enemy general index: None
2026-06-02 00:37:47 [self-0001-0-expand] Visible enemy tiles: 7
2026-06-02 00:37:47 [self-0001-0-expand] Tiles: 13 / 41
2026-06-02 00:37:47 [self-0001-0-expand] Map: 18 x 20 Turn: 227
2026-06-02 00:37:47 [self-0001-0-expand] Route planned: Target = 241 Mode = defense city-free reachable tiles = 268 Fallback-Tiles = 269
2026-06-02 00:37:47 [self-0001-0-expand] Priority agent: reverse -35000, edge reuse -27000 base = 198194 final = 136194
2026-06-02 00:37:47 [self-0001-0-expand] Move #207: 240 -> 241 | Army: 44 | Target-Terrain: 0 | Target: 241 | Half: False
2026-06-02 00:37:48 [self-0001-0-expand] My general index: 239
2026-06-02 00:37:48 [self-0001-0-expand] Enemy general index: None
2026-06-02 00:37:48 [self-0001-0-expand] Visible enemy tiles: 7
2026-06-02 00:37:48 [self-0001-0-expand] Tiles: 13 / 41
2026-06-02 00:37:48 [self-0001-0-expand] Map: 18 x 20 Turn: 228
2026-06-02 00:37:48 [self-0001-0-expand] Route planned: Target = 240 Mode = defense city-free reachable tiles = 268 Fallback-Tiles = 269
2026-06-02 00:37:48 [self-0001-0-expand] Priority agent: reverse -35000, edge reuse -27000, flow +3000 base = 201240 final = 142240
2026-06-02 00:37:48 [self-0001-0-expand] Move #208: 241 -> 240 | Army: 40 | Target-Terrain: 0 | Target: 240 | Half: False
2026-06-02 00:37:48 [self-0001-0-expand] My general index: 239
2026-06-02 00:37:48 [self-0001-0-expand] Enemy general index: None
2026-06-02 00:37:48 [self-0001-0-expand] Visible enemy tiles: 7
2026-06-02 00:37:48 [self-0001-0-expand] Tiles: 13 / 41
2026-06-02 00:37:48 [self-0001-0-expand] Map: 18 x 20 Turn: 229
2026-06-02 00:37:48 [self-0001-0-expand] Route planned: Target = 241 Mode = defense city-free reachable tiles = 268 Fallback-Tiles = 269
2026-06-02 00:37:48 [self-0001-0-expand] Move #209: 238 -> 239 | Army: 2 | Target-Terrain: 0 | Target: 241 | Half: False
2026-06-02 00:37:49 [self-0001-0-expand] My general index: 239
2026-06-02 00:37:49 [self-0001-0-expand] Enemy general index: None
2026-06-02 00:37:49 [self-0001-0-expand] Visible enemy tiles: 7
2026-06-02 00:37:49 [self-0001-0-expand] Tiles: 13 / 41
2026-06-02 00:37:49 [self-0001-0-expand] Map: 18 x 20 Turn: 230
2026-06-02 00:37:49 [self-0001-0-expand] Route planned: Target = 241 Mode = defense city-free reachable tiles = 268 Fallback-Tiles = 269
2026-06-02 00:37:49 [self-0001-0-expand] Priority agent: edge reuse -36000 base = 195090 final = 159090
2026-06-02 00:37:49 [self-0001-0-expand] Move #210: 240 -> 241 | Army: 40 | Target-Terrain: 0 | Target: 241 | Half: False
2026-06-02 00:37:49 [self-0001-0-expand] My general index: 239
2026-06-02 00:37:49 [self-0001-0-expand] Enemy general index: None
2026-06-02 00:37:49 [self-0001-0-expand] Visible enemy tiles: 7
2026-06-02 00:37:49 [self-0001-0-expand] Tiles: 13 / 41
2026-06-02 00:37:49 [self-0001-0-expand] Map: 18 x 20 Turn: 231
2026-06-02 00:37:49 [self-0001-0-expand] Route planned: Target = 240 Mode = defense city-free reachable tiles = 268 Fallback-Tiles = 269
2026-06-02 00:37:49 [self-0001-0-expand] Move #211: 202 -> 220 | Army: 2 | Target-Terrain: 0 | Target: 240 | Half: False
2026-06-02 00:37:50 [self-0001-0-expand] My general index: 239
2026-06-02 00:37:50 [self-0001-0-expand] Enemy general index: None
2026-06-02 00:37:50 [self-0001-0-expand] Visible enemy tiles: 7
2026-06-02 00:37:50 [self-0001-0-expand] Tiles: 13 / 41
2026-06-02 00:37:50 [self-0001-0-expand] Map: 18 x 20 Turn: 232
2026-06-02 00:37:50 [self-0001-0-expand] Route planned: Target = 240 Mode = defense city-free reachable tiles = 268 Fallback-Tiles = 269
2026-06-02 00:37:50 [self-0001-0-expand] Priority agent: edge reuse -45000 base = 198140 final = 153140
2026-06-02 00:37:50 [self-0001-0-expand] Move #212: 241 -> 240 | Army: 40 | Target-Terrain: 0 | Target: 240 | Half: False
2026-06-02 00:37:50 [self-0001-0-expand] My general index: 239
2026-06-02 00:37:50 [self-0001-0-expand] Enemy general index: None
2026-06-02 00:37:50 [self-0001-0-expand] Visible enemy tiles: 7
2026-06-02 00:37:50 [self-0001-0-expand] Tiles: 13 / 41
2026-06-02 00:37:50 [self-0001-0-expand] Map: 18 x 20 Turn: 233
2026-06-02 00:37:50 [self-0001-0-expand] Route planned: Target = 241 Mode = defense city-free reachable tiles = 268 Fallback-Tiles = 269
2026-06-02 00:37:50 [self-0001-0-expand] Move #213: 220 -> 238 | Army: 2 | Target-Terrain: 0 | Target: 241 | Half: False
2026-06-02 00:37:51 [self-0001-0-expand] My general index: 239
2026-06-02 00:37:51 [self-0001-0-expand] Enemy general index: None
2026-06-02 00:37:51 [self-0001-0-expand] Visible enemy tiles: 7
2026-06-02 00:37:51 [self-0001-0-expand] Tiles: 13 / 41
2026-06-02 00:37:51 [self-0001-0-expand] Map: 18 x 20 Turn: 234
2026-06-02 00:37:51 [self-0001-0-expand] Route planned: Target = 241 Mode = defense city-free reachable tiles = 268 Fallback-Tiles = 269
2026-06-02 00:37:51 [self-0001-0-expand] Priority agent: edge reuse -54000 base = 195090 final = 141090
2026-06-02 00:37:51 [self-0001-0-expand] Move #214: 240 -> 241 | Army: 40 | Target-Terrain: 0 | Target: 241 | Half: False
2026-06-02 00:37:51 [self-0001-0-expand] My general index: 239
2026-06-02 00:37:51 [self-0001-0-expand] Enemy general index: None
2026-06-02 00:37:51 [self-0001-0-expand] Visible enemy tiles: 7
2026-06-02 00:37:51 [self-0001-0-expand] Tiles: 13 / 41
2026-06-02 00:37:51 [self-0001-0-expand] Map: 18 x 20 Turn: 235
2026-06-02 00:37:51 [self-0001-0-expand] Route planned: Target = 240 Mode = defense city-free reachable tiles = 268 Fallback-Tiles = 269
2026-06-02 00:37:51 [self-0001-0-expand] Priority agent: edge reuse -9000 base = 126662 final = 117662
2026-06-02 00:37:51 [self-0001-0-expand] Move #215: 238 -> 239 | Army: 2 | Target-Terrain: 0 | Target: 240 | Half: False
2026-06-02 00:37:52 [self-0001-0-expand] My general index: 239
2026-06-02 00:37:52 [self-0001-0-expand] Enemy general index: None
2026-06-02 00:37:52 [self-0001-0-expand] Visible enemy tiles: 7
2026-06-02 00:37:52 [self-0001-0-expand] Tiles: 13 / 41
2026-06-02 00:37:52 [self-0001-0-expand] Map: 18 x 20 Turn: 236
2026-06-02 00:37:52 [self-0001-0-expand] Route planned: Target = 240 Mode = defense city-free reachable tiles = 268 Fallback-Tiles = 269
2026-06-02 00:37:52 [self-0001-0-expand] Priority agent: edge reuse -63000 base = 198140 final = 135140
2026-06-02 00:37:52 [self-0001-0-expand] Move #216: 241 -> 240 | Army: 40 | Target-Terrain: 0 | Target: 240 | Half: False
2026-06-02 00:37:52 [self-0001-0-expand] My general index: 239
2026-06-02 00:37:52 [self-0001-0-expand] Enemy general index: None
2026-06-02 00:37:52 [self-0001-0-expand] Visible enemy tiles: 7
2026-06-02 00:37:52 [self-0001-0-expand] Tiles: 13 / 41
2026-06-02 00:37:52 [self-0001-0-expand] Map: 18 x 20 Turn: 237
2026-06-02 00:37:52 [self-0001-0-expand] Route planned: Target = 241 Mode = defense city-free reachable tiles = 268 Fallback-Tiles = 269
2026-06-02 00:37:52 [self-0001-0-expand] Priority agent: reverse -35000, edge reuse -72000 base = 198190 final = 91190
2026-06-02 00:37:52 [self-0001-0-expand] Move #217: 240 -> 241 | Army: 40 | Target-Terrain: 0 | Target: 241 | Half: False
2026-06-02 00:37:53 [self-0001-0-expand] My general index: 239
2026-06-02 00:37:53 [self-0001-0-expand] Enemy general index: None
2026-06-02 00:37:53 [self-0001-0-expand] Visible enemy tiles: 7
2026-06-02 00:37:53 [self-0001-0-expand] Tiles: 13 / 41
2026-06-02 00:37:53 [self-0001-0-expand] Map: 18 x 20 Turn: 238
2026-06-02 00:37:53 [self-0001-0-expand] Route planned: Target = 240 Mode = defense city-free reachable tiles = 268 Fallback-Tiles = 269
2026-06-02 00:37:53 [self-0001-0-expand] Priority agent: reverse -35000, edge reuse -72000 base = 201240 final = 94240
2026-06-02 00:37:53 [self-0001-0-expand] Move #218: 241 -> 240 | Army: 40 | Target-Terrain: 0 | Target: 240 | Half: False
2026-06-02 00:37:53 [self-0001-0-expand] My general index: 239
2026-06-02 00:37:53 [self-0001-0-expand] Enemy general index: None
2026-06-02 00:37:53 [self-0001-0-expand] Visible enemy tiles: 7
2026-06-02 00:37:53 [self-0001-0-expand] Tiles: 13 / 41
2026-06-02 00:37:53 [self-0001-0-expand] Map: 18 x 20 Turn: 239
2026-06-02 00:37:53 [self-0001-0-expand] Route planned: Target = 241 Mode = defense city-free reachable tiles = 268 Fallback-Tiles = 269
2026-06-02 00:37:53 [self-0001-0-expand] Priority agent: reverse -35000, edge reuse -81000 base = 198190 final = 82190
2026-06-02 00:37:53 [self-0001-0-expand] Move #219: 240 -> 241 | Army: 40 | Target-Terrain: 0 | Target: 241 | Half: False
2026-06-02 00:37:54 [self-0001-0-expand] My general index: 239
2026-06-02 00:37:54 [self-0001-0-expand] Enemy general index: None
2026-06-02 00:37:54 [self-0001-0-expand] Visible enemy tiles: 7
2026-06-02 00:37:54 [self-0001-0-expand] Tiles: 13 / 41
2026-06-02 00:37:54 [self-0001-0-expand] Map: 18 x 20 Turn: 240
2026-06-02 00:37:54 [self-0001-0-expand] Route planned: Target = 240 Mode = defense city-free reachable tiles = 268 Fallback-Tiles = 269
2026-06-02 00:37:54 [self-0001-0-expand] Priority agent: reverse -35000, edge reuse -90000 base = 201240 final = 76240
2026-06-02 00:37:54 [self-0001-0-expand] Move #220: 241 -> 240 | Army: 40 | Target-Terrain: 0 | Target: 240 | Half: False
2026-06-02 00:37:54 [self-0001-0-expand] My general index: 239
2026-06-02 00:37:54 [self-0001-0-expand] Enemy general index: None
2026-06-02 00:37:54 [self-0001-0-expand] Visible enemy tiles: 7
2026-06-02 00:37:54 [self-0001-0-expand] Tiles: 13 / 41
2026-06-02 00:37:54 [self-0001-0-expand] Map: 18 x 20 Turn: 241
2026-06-02 00:37:54 [self-0001-0-expand] Route planned: Target = 241 Mode = defense city-free reachable tiles = 268 Fallback-Tiles = 269
2026-06-02 00:37:54 [self-0001-0-expand] Priority agent: reverse -35000, edge reuse -90000 base = 198190 final = 73190
2026-06-02 00:37:54 [self-0001-0-expand] Move #221: 240 -> 241 | Army: 40 | Target-Terrain: 0 | Target: 241 | Half: False
2026-06-02 00:37:55 [self-0001-0-expand] My general index: 239
2026-06-02 00:37:55 [self-0001-0-expand] Enemy general index: None
2026-06-02 00:37:55 [self-0001-0-expand] Visible enemy tiles: 7
2026-06-02 00:37:55 [self-0001-0-expand] Tiles: 13 / 41
2026-06-02 00:37:55 [self-0001-0-expand] Map: 18 x 20 Turn: 242
2026-06-02 00:37:55 [self-0001-0-expand] Route planned: Target = 240 Mode = defense city-free reachable tiles = 268 Fallback-Tiles = 269
2026-06-02 00:37:55 [self-0001-0-expand] Priority agent: reverse -35000, edge reuse -90000 base = 201240 final = 76240
2026-06-02 00:37:55 [self-0001-0-expand] Move #222: 241 -> 240 | Army: 40 | Target-Terrain: 0 | Target: 240 | Half: False
2026-06-02 00:37:55 [self-0001-0-expand] My general index: 239
2026-06-02 00:37:55 [self-0001-0-expand] Enemy general index: None
2026-06-02 00:37:55 [self-0001-0-expand] Visible enemy tiles: 7
2026-06-02 00:37:55 [self-0001-0-expand] Tiles: 13 / 41
2026-06-02 00:37:55 [self-0001-0-expand] Map: 18 x 20 Turn: 243
2026-06-02 00:37:55 [self-0001-0-expand] Route planned: Target = 241 Mode = defense city-free reachable tiles = 268 Fallback-Tiles = 269
2026-06-02 00:37:55 [self-0001-0-expand] Priority agent: reverse -35000, edge reuse -90000 base = 198190 final = 73190
2026-06-02 00:37:55 [self-0001-0-expand] Move #223: 240 -> 241 | Army: 40 | Target-Terrain: 0 | Target: 241 | Half: False
2026-06-02 00:37:56 [self-0001-0-expand] My general index: 239
2026-06-02 00:37:56 [self-0001-0-expand] Enemy general index: None
2026-06-02 00:37:56 [self-0001-0-expand] Visible enemy tiles: 7
2026-06-02 00:37:56 [self-0001-0-expand] Tiles: 13 / 41
2026-06-02 00:37:56 [self-0001-0-expand] Map: 18 x 20 Turn: 244
2026-06-02 00:37:56 [self-0001-0-expand] Route planned: Target = 240 Mode = defense city-free reachable tiles = 268 Fallback-Tiles = 269
2026-06-02 00:37:56 [self-0001-0-expand] Priority agent: reverse -35000, edge reuse -99000 base = 201240 final = 67240
2026-06-02 00:37:56 [self-0001-0-expand] Move #224: 241 -> 240 | Army: 40 | Target-Terrain: 0 | Target: 240 | Half: False
2026-06-02 00:37:56 [self-0001-0-expand] My general index: 239
2026-06-02 00:37:56 [self-0001-0-expand] Enemy general index: None
2026-06-02 00:37:56 [self-0001-0-expand] Visible enemy tiles: 7
2026-06-02 00:37:56 [self-0001-0-expand] Tiles: 13 / 41
2026-06-02 00:37:56 [self-0001-0-expand] Map: 18 x 20 Turn: 245
2026-06-02 00:37:56 [self-0001-0-expand] Route planned: Target = 241 Mode = defense city-free reachable tiles = 268 Fallback-Tiles = 269
2026-06-02 00:37:56 [self-0001-0-expand] Priority agent: reverse -35000, edge reuse -99000 base = 198190 final = 64190
2026-06-02 00:37:56 [self-0001-0-expand] Move #225: 240 -> 241 | Army: 40 | Target-Terrain: 0 | Target: 241 | Half: False
2026-06-02 00:37:57 [self-0001-0-expand] My general index: 239
2026-06-02 00:37:57 [self-0001-0-expand] Enemy general index: None
2026-06-02 00:37:57 [self-0001-0-expand] Visible enemy tiles: 7
2026-06-02 00:37:57 [self-0001-0-expand] Tiles: 13 / 41
2026-06-02 00:37:57 [self-0001-0-expand] Map: 18 x 20 Turn: 246
2026-06-02 00:37:57 [self-0001-0-expand] Route planned: Target = 240 Mode = defense city-free reachable tiles = 268 Fallback-Tiles = 269
2026-06-02 00:37:57 [self-0001-0-expand] Priority agent: reverse -35000, edge reuse -108000 base = 201240 final = 58240
2026-06-02 00:37:57 [self-0001-0-expand] Move #226: 241 -> 240 | Army: 40 | Target-Terrain: 0 | Target: 240 | Half: False
2026-06-02 00:37:57 [self-0001-0-expand] Coach: stabilize tiles 13/41 army 107/148 cities 0/0 enemy_city_suspect False bias {'expansion_bias': 0.7, 'city_bias': 0.1, 'attack_bias': -0.4, 'defense_bias': 1.2, 'route_bias': 0.3}
2026-06-02 00:37:57 [self-0001-0-expand] My general index: 239
2026-06-02 00:37:57 [self-0001-0-expand] Enemy general index: None
2026-06-02 00:37:57 [self-0001-0-expand] Visible enemy tiles: 7
2026-06-02 00:37:57 [self-0001-0-expand] Tiles: 13 / 41
2026-06-02 00:37:57 [self-0001-0-expand] Map: 18 x 20 Turn: 247
2026-06-02 00:37:57 [self-0001-0-expand] Route planned: Target = 241 Mode = defense city-free reachable tiles = 268 Fallback-Tiles = 269
2026-06-02 00:37:57 [self-0001-0-expand] Priority agent: reverse -35000, edge reuse -108000 base = 198190 final = 55190
2026-06-02 00:37:57 [self-0001-0-expand] Move #227: 240 -> 241 | Army: 40 | Target-Terrain: 0 | Target: 241 | Half: False
2026-06-02 00:37:58 [self-0001-0-expand] My general index: 239
2026-06-02 00:37:58 [self-0001-0-expand] Enemy general index: None
2026-06-02 00:37:58 [self-0001-0-expand] Visible enemy tiles: 7
2026-06-02 00:37:58 [self-0001-0-expand] Tiles: 13 / 41
2026-06-02 00:37:58 [self-0001-0-expand] Map: 18 x 20 Turn: 248
2026-06-02 00:37:58 [self-0001-0-expand] Route planned: Target = 240 Mode = defense city-free reachable tiles = 268 Fallback-Tiles = 269
2026-06-02 00:37:58 [self-0001-0-expand] Priority agent: reverse -35000, edge reuse -117000 base = 201240 final = 49240
2026-06-02 00:37:58 [self-0001-0-expand] Move #228: 241 -> 240 | Army: 40 | Target-Terrain: 0 | Target: 240 | Half: False
2026-06-02 00:37:58 [self-0001-0-expand] My general index: 239
2026-06-02 00:37:58 [self-0001-0-expand] Enemy general index: None
2026-06-02 00:37:58 [self-0001-0-expand] Visible enemy tiles: 7
2026-06-02 00:37:58 [self-0001-0-expand] Tiles: 13 / 41
2026-06-02 00:37:58 [self-0001-0-expand] Map: 18 x 20 Turn: 249
2026-06-02 00:37:58 [self-0001-0-expand] Route planned: Target = 241 Mode = defense city-free reachable tiles = 268 Fallback-Tiles = 269
2026-06-02 00:37:58 [self-0001-0-expand] Priority agent: reverse -35000, edge reuse -117000 base = 198190 final = 46190
2026-06-02 00:37:58 [self-0001-0-expand] Move #229: 240 -> 241 | Army: 40 | Target-Terrain: 0 | Target: 241 | Half: False
2026-06-02 00:37:59 [self-0001-0-expand] My general index: 239
2026-06-02 00:37:59 [self-0001-0-expand] Enemy general index: None
2026-06-02 00:37:59 [self-0001-0-expand] Visible enemy tiles: 7
2026-06-02 00:37:59 [self-0001-0-expand] Tiles: 13 / 41
2026-06-02 00:37:59 [self-0001-0-expand] Map: 18 x 20 Turn: 250
2026-06-02 00:37:59 [self-0001-0-expand] Route planned: Target = 240 Mode = defense city-free reachable tiles = 268 Fallback-Tiles = 269
2026-06-02 00:37:59 [self-0001-0-expand] Move #230: 258 -> 240 | Army: 2 | Target-Terrain: 0 | Target: 240 | Half: False
2026-06-02 00:37:59 [self-0001-0-expand] My general index: 239
2026-06-02 00:37:59 [self-0001-0-expand] Enemy general index: None
2026-06-02 00:37:59 [self-0001-0-expand] Visible enemy tiles: 8
2026-06-02 00:37:59 [self-0001-0-expand] Tiles: 13 / 42
2026-06-02 00:37:59 [self-0001-0-expand] Map: 18 x 20 Turn: 251
2026-06-02 00:37:59 [self-0001-0-expand] Route planned: Target = 240 Mode = defense city-free reachable tiles = 268 Fallback-Tiles = 269
2026-06-02 00:37:59 [self-0001-0-expand] Move #231: 221 -> 239 | Army: 2 | Target-Terrain: 0 | Target: 240 | Half: False
2026-06-02 00:38:00 [self-0001-0-expand] My general index: 239
2026-06-02 00:38:00 [self-0001-0-expand] Enemy general index: None
2026-06-02 00:38:00 [self-0001-0-expand] Visible enemy tiles: 8
2026-06-02 00:38:00 [self-0001-0-expand] Tiles: 13 / 43
2026-06-02 00:38:00 [self-0001-0-expand] Map: 18 x 20 Turn: 252
2026-06-02 00:38:00 [self-0001-0-expand] Route planned: Target = 240 Mode = defense city-free reachable tiles = 268 Fallback-Tiles = 269
2026-06-02 00:38:00 [self-0001-0-expand] Priority agent: flow +6000 base = 232611 final = 238611
2026-06-02 00:38:00 [self-0001-0-expand] Move #232: 239 -> 240 | Army: 61 | Target-Terrain: 0 | Target: 240 | Half: True
2026-06-02 00:38:00 [self-0001-0-expand] My general index: 239
2026-06-02 00:38:00 [self-0001-0-expand] Enemy general index: None
2026-06-02 00:38:00 [self-0001-0-expand] Visible enemy tiles: 8
2026-06-02 00:38:00 [self-0001-0-expand] Tiles: 13 / 43
2026-06-02 00:38:00 [self-0001-0-expand] Map: 18 x 20 Turn: 253
2026-06-02 00:38:00 [self-0001-0-expand] Route planned: Target = 242 Mode = defense city-free reachable tiles = 268 Fallback-Tiles = 269
2026-06-02 00:38:00 [self-0001-0-expand] Move #233: 241 -> 242 | Army: 41 | Target-Terrain: 1 | Target: 242 | Half: False
2026-06-02 00:38:01 [self-0001-0-expand] My general index: 239
2026-06-02 00:38:01 [self-0001-0-expand] Enemy general index: None
2026-06-02 00:38:01 [self-0001-0-expand] Visible enemy tiles: 8
2026-06-02 00:38:01 [self-0001-0-expand] Tiles: 14 / 42
2026-06-02 00:38:01 [self-0001-0-expand] Map: 18 x 20 Turn: 254
2026-06-02 00:38:01 [self-0001-0-expand] Route planned: Target = 241 Mode = defense city-free reachable tiles = 268 Fallback-Tiles = 269
2026-06-02 00:38:01 [self-0001-0-expand] Move #234: 259 -> 241 | Army: 2 | Target-Terrain: 0 | Target: 241 | Half: False
2026-06-02 00:38:01 [self-0001-0-expand] My general index: 239
2026-06-02 00:38:01 [self-0001-0-expand] Enemy general index: None
2026-06-02 00:38:01 [self-0001-0-expand] Visible enemy tiles: 8
2026-06-02 00:38:01 [self-0001-0-expand] Tiles: 14 / 42
2026-06-02 00:38:01 [self-0001-0-expand] Map: 18 x 20 Turn: 255
2026-06-02 00:38:01 [self-0001-0-expand] Route planned: Target = 241 Mode = defense city-free reachable tiles = 268 Fallback-Tiles = 269
2026-06-02 00:38:01 [self-0001-0-expand] Priority agent: edge reuse -9000 base = 211938 final = 202938
2026-06-02 00:38:01 [self-0001-0-expand] Move #235: 242 -> 241 | Army: 38 | Target-Terrain: 0 | Target: 241 | Half: False
2026-06-02 00:38:02 [self-0001-0-expand] My general index: 239
2026-06-02 00:38:02 [self-0001-0-expand] Enemy general index: None
2026-06-02 00:38:02 [self-0001-0-expand] Visible enemy tiles: 8
2026-06-02 00:38:02 [self-0001-0-expand] Tiles: 14 / 42
2026-06-02 00:38:02 [self-0001-0-expand] Map: 18 x 20 Turn: 256
2026-06-02 00:38:02 [self-0001-0-expand] Route planned: Target = 242 Mode = defense city-free reachable tiles = 268 Fallback-Tiles = 269
2026-06-02 00:38:02 [self-0001-0-expand] Move #236: 260 -> 242 | Army: 2 | Target-Terrain: 0 | Target: 242 | Half: False
2026-06-02 00:38:02 [self-0001-0-expand] My general index: 239
2026-06-02 00:38:02 [self-0001-0-expand] Enemy general index: None
2026-06-02 00:38:02 [self-0001-0-expand] Visible enemy tiles: 8
2026-06-02 00:38:02 [self-0001-0-expand] Tiles: 14 / 42
2026-06-02 00:38:02 [self-0001-0-expand] Map: 18 x 20 Turn: 257
2026-06-02 00:38:02 [self-0001-0-expand] Route planned: Target = 242 Mode = defense city-free reachable tiles = 268 Fallback-Tiles = 269
2026-06-02 00:38:02 [self-0001-0-expand] Priority agent: edge reuse -18000 base = 196289 final = 178289
2026-06-02 00:38:02 [self-0001-0-expand] Move #237: 241 -> 242 | Army: 39 | Target-Terrain: 0 | Target: 242 | Half: False
2026-06-02 00:38:03 [self-0001-0-expand] My general index: 239
2026-06-02 00:38:03 [self-0001-0-expand] Enemy general index: None
2026-06-02 00:38:03 [self-0001-0-expand] Visible enemy tiles: 8
2026-06-02 00:38:03 [self-0001-0-expand] Tiles: 14 / 42
2026-06-02 00:38:03 [self-0001-0-expand] Map: 18 x 20 Turn: 258
2026-06-02 00:38:03 [self-0001-0-expand] Route planned: Target = 241 Mode = defense city-free reachable tiles = 268 Fallback-Tiles = 269
2026-06-02 00:38:03 [self-0001-0-expand] Priority agent: edge reuse -54000 base = 215083 final = 161083
2026-06-02 00:38:03 [self-0001-0-expand] Move #238: 240 -> 241 | Army: 33 | Target-Terrain: 0 | Target: 241 | Half: False
2026-06-02 00:38:03 [self-0001-0-expand] My general index: 239
2026-06-02 00:38:03 [self-0001-0-expand] Enemy general index: None
2026-06-02 00:38:03 [self-0001-0-expand] Visible enemy tiles: 8
2026-06-02 00:38:03 [self-0001-0-expand] Tiles: 14 / 42
2026-06-02 00:38:03 [self-0001-0-expand] Map: 18 x 20 Turn: 259
2026-06-02 00:38:03 [self-0001-0-expand] Route planned: Target = 240 Mode = defense city-free reachable tiles = 268 Fallback-Tiles = 269
2026-06-02 00:38:03 [self-0001-0-expand] Move #239: 261 -> 260 | Army: 2 | Target-Terrain: 0 | Target: 240 | Half: False
2026-06-02 00:38:04 [self-0001-0-expand] My general index: 239
2026-06-02 00:38:04 [self-0001-0-expand] Enemy general index: None
2026-06-02 00:38:04 [self-0001-0-expand] Visible enemy tiles: 8
2026-06-02 00:38:04 [self-0001-0-expand] Tiles: 14 / 42
2026-06-02 00:38:04 [self-0001-0-expand] Map: 18 x 20 Turn: 260
2026-06-02 00:38:04 [self-0001-0-expand] Route planned: Target = 240 Mode = defense city-free reachable tiles = 268 Fallback-Tiles = 269
2026-06-02 00:38:04 [self-0001-0-expand] Priority agent: edge reuse -45000 base = 198133 final = 153133
2026-06-02 00:38:04 [self-0001-0-expand] Move #240: 241 -> 240 | Army: 33 | Target-Terrain: 0 | Target: 240 | Half: False
2026-06-02 00:38:04 [self-0001-0-expand] My general index: 239
2026-06-02 00:38:04 [self-0001-0-expand] Enemy general index: None
2026-06-02 00:38:04 [self-0001-0-expand] Visible enemy tiles: 8
2026-06-02 00:38:04 [self-0001-0-expand] Tiles: 14 / 42
2026-06-02 00:38:04 [self-0001-0-expand] Map: 18 x 20 Turn: 261
2026-06-02 00:38:04 [self-0001-0-expand] Route planned: Target = 241 Mode = defense city-free reachable tiles = 268 Fallback-Tiles = 269
2026-06-02 00:38:04 [self-0001-0-expand] Priority agent: edge reuse -27000 base = 196937 final = 169937
2026-06-02 00:38:04 [self-0001-0-expand] Move #241: 242 -> 241 | Army: 37 | Target-Terrain: 0 | Target: 241 | Half: False
2026-06-02 00:38:05 [self-0001-0-expand] My general index: 239
2026-06-02 00:38:05 [self-0001-0-expand] Enemy general index: None
2026-06-02 00:38:05 [self-0001-0-expand] Visible enemy tiles: 8
2026-06-02 00:38:05 [self-0001-0-expand] Tiles: 14 / 42
2026-06-02 00:38:05 [self-0001-0-expand] Map: 18 x 20 Turn: 262
2026-06-02 00:38:05 [self-0001-0-expand] Route planned: Target = 242 Mode = defense city-free reachable tiles = 268 Fallback-Tiles = 269
2026-06-02 00:38:05 [self-0001-0-expand] Priority agent: edge reuse -9000 base = 230352 final = 221352
2026-06-02 00:38:05 [self-0001-0-expand] Move #242: 260 -> 242 | Army: 2 | Target-Terrain: 0 | Target: 242 | Half: False
2026-06-02 00:38:05 [self-0001-0-expand] My general index: 239
2026-06-02 00:38:05 [self-0001-0-expand] Enemy general index: None
2026-06-02 00:38:05 [self-0001-0-expand] Visible enemy tiles: 8
2026-06-02 00:38:05 [self-0001-0-expand] Tiles: 14 / 42
2026-06-02 00:38:05 [self-0001-0-expand] Map: 18 x 20 Turn: 263
2026-06-02 00:38:05 [self-0001-0-expand] Route planned: Target = 242 Mode = defense city-free reachable tiles = 268 Fallback-Tiles = 269
2026-06-02 00:38:05 [self-0001-0-expand] Priority agent: edge reuse -36000 base = 196287 final = 160287
2026-06-02 00:38:05 [self-0001-0-expand] Move #243: 241 -> 242 | Army: 37 | Target-Terrain: 0 | Target: 242 | Half: False
2026-06-02 00:38:06 [self-0001-0-expand] My general index: 239
2026-06-02 00:38:06 [self-0001-0-expand] Enemy general index: None
2026-06-02 00:38:06 [self-0001-0-expand] Visible enemy tiles: 8
2026-06-02 00:38:06 [self-0001-0-expand] Tiles: 14 / 42
2026-06-02 00:38:06 [self-0001-0-expand] Map: 18 x 20 Turn: 264
2026-06-02 00:38:06 [self-0001-0-expand] Route planned: Target = 241 Mode = defense city-free reachable tiles = 268 Fallback-Tiles = 269
2026-06-02 00:38:06 [self-0001-0-expand] Priority agent: edge reuse -18000 base = 195083 final = 177083
2026-06-02 00:38:06 [self-0001-0-expand] Move #244: 240 -> 241 | Army: 33 | Target-Terrain: 0 | Target: 241 | Half: False
2026-06-02 00:38:06 [self-0001-0-expand] My general index: 239
2026-06-02 00:38:06 [self-0001-0-expand] Enemy general index: None
2026-06-02 00:38:06 [self-0001-0-expand] Visible enemy tiles: 8
2026-06-02 00:38:06 [self-0001-0-expand] Tiles: 14 / 42
2026-06-02 00:38:06 [self-0001-0-expand] Map: 18 x 20 Turn: 265
2026-06-02 00:38:06 [self-0001-0-expand] Route planned: Target = 240 Mode = defense city-free reachable tiles = 268 Fallback-Tiles = 269
2026-06-02 00:38:06 [self-0001-0-expand] Priority agent: reverse -35000, edge reuse -27000 base = 201233 final = 139233
2026-06-02 00:38:06 [self-0001-0-expand] Move #245: 241 -> 240 | Army: 33 | Target-Terrain: 0 | Target: 240 | Half: False
2026-06-02 00:38:07 [self-0001-0-expand] My general index: 239
2026-06-02 00:38:07 [self-0001-0-expand] Enemy general index: None
2026-06-02 00:38:07 [self-0001-0-expand] Visible enemy tiles: 8
2026-06-02 00:38:07 [self-0001-0-expand] Tiles: 14 / 42
2026-06-02 00:38:07 [self-0001-0-expand] Map: 18 x 20 Turn: 266
2026-06-02 00:38:07 [self-0001-0-expand] Route planned: Target = 241 Mode = defense city-free reachable tiles = 268 Fallback-Tiles = 269
2026-06-02 00:38:07 [self-0001-0-expand] Priority agent: edge reuse -45000 base = 196938 final = 151938
2026-06-02 00:38:07 [self-0001-0-expand] Move #246: 242 -> 241 | Army: 38 | Target-Terrain: 0 | Target: 241 | Half: False
2026-06-02 00:38:07 [self-0001-0-expand] My general index: 239
2026-06-02 00:38:07 [self-0001-0-expand] Enemy general index: None
2026-06-02 00:38:07 [self-0001-0-expand] Visible enemy tiles: 8
2026-06-02 00:38:07 [self-0001-0-expand] Tiles: 14 / 42
2026-06-02 00:38:07 [self-0001-0-expand] Map: 18 x 20 Turn: 267
2026-06-02 00:38:07 [self-0001-0-expand] Route planned: Target = 242 Mode = defense city-free reachable tiles = 268 Fallback-Tiles = 269
2026-06-02 00:38:07 [self-0001-0-expand] Move #247: 238 -> 239 | Army: 2 | Target-Terrain: 0 | Target: 242 | Half: False
2026-06-02 00:38:08 [self-0001-0-expand] My general index: 239
2026-06-02 00:38:08 [self-0001-0-expand] Enemy general index: None
2026-06-02 00:38:08 [self-0001-0-expand] Visible enemy tiles: 8
2026-06-02 00:38:08 [self-0001-0-expand] Tiles: 14 / 42
2026-06-02 00:38:08 [self-0001-0-expand] Map: 18 x 20 Turn: 268
2026-06-02 00:38:08 [self-0001-0-expand] Route planned: Target = 242 Mode = defense city-free reachable tiles = 268 Fallback-Tiles = 269
2026-06-02 00:38:08 [self-0001-0-expand] Priority agent: edge reuse -45000 base = 196288 final = 151288
2026-06-02 00:38:08 [self-0001-0-expand] Move #248: 241 -> 242 | Army: 38 | Target-Terrain: 0 | Target: 242 | Half: False
2026-06-02 00:38:08 [self-0001-0-expand] My general index: 239
2026-06-02 00:38:08 [self-0001-0-expand] Enemy general index: None
2026-06-02 00:38:08 [self-0001-0-expand] Visible enemy tiles: 8
2026-06-02 00:38:08 [self-0001-0-expand] Tiles: 14 / 42
2026-06-02 00:38:08 [self-0001-0-expand] Map: 18 x 20 Turn: 269
2026-06-02 00:38:08 [self-0001-0-expand] Route planned: Target = 241 Mode = defense city-free reachable tiles = 268 Fallback-Tiles = 269
2026-06-02 00:38:08 [self-0001-0-expand] Priority agent: edge reuse -36000 base = 195083 final = 159083
2026-06-02 00:38:08 [self-0001-0-expand] Move #249: 240 -> 241 | Army: 33 | Target-Terrain: 0 | Target: 241 | Half: False
2026-06-02 00:38:09 [self-0001-0-expand] My general index: 239
2026-06-02 00:38:09 [self-0001-0-expand] Enemy general index: None
2026-06-02 00:38:09 [self-0001-0-expand] Visible enemy tiles: 8
2026-06-02 00:38:09 [self-0001-0-expand] Tiles: 14 / 42
2026-06-02 00:38:09 [self-0001-0-expand] Map: 18 x 20 Turn: 270
2026-06-02 00:38:09 [self-0001-0-expand] Route planned: Target = 240 Mode = defense city-free reachable tiles = 268 Fallback-Tiles = 269
2026-06-02 00:38:09 [self-0001-0-expand] Move #250: 257 -> 239 | Army: 2 | Target-Terrain: 0 | Target: 240 | Half: False
2026-06-02 00:38:09 [self-0001-0-expand] My general index: 239
2026-06-02 00:38:09 [self-0001-0-expand] Enemy general index: None
2026-06-02 00:38:09 [self-0001-0-expand] Visible enemy tiles: 8
2026-06-02 00:38:09 [self-0001-0-expand] Tiles: 14 / 42
2026-06-02 00:38:09 [self-0001-0-expand] Map: 18 x 20 Turn: 271
2026-06-02 00:38:09 [self-0001-0-expand] Route planned: Target = 240 Mode = defense city-free reachable tiles = 268 Fallback-Tiles = 269
2026-06-02 00:38:09 [self-0001-0-expand] Priority agent: edge reuse -45000 base = 198133 final = 153133
2026-06-02 00:38:09 [self-0001-0-expand] Move #251: 241 -> 240 | Army: 33 | Target-Terrain: 0 | Target: 240 | Half: False
2026-06-02 00:38:10 [self-0001-0-expand] My general index: 239
2026-06-02 00:38:10 [self-0001-0-expand] Enemy general index: None
2026-06-02 00:38:10 [self-0001-0-expand] Visible enemy tiles: 8
2026-06-02 00:38:10 [self-0001-0-expand] Tiles: 14 / 42
2026-06-02 00:38:10 [self-0001-0-expand] Map: 18 x 20 Turn: 272
2026-06-02 00:38:10 [self-0001-0-expand] Route planned: Target = 260 Mode = defense city-free reachable tiles = 268 Fallback-Tiles = 269
2026-06-02 00:38:10 [self-0001-0-expand] Priority agent: edge reuse -9000 base = 240338 final = 231338
2026-06-02 00:38:10 [self-0001-0-expand] Move #252: 242 -> 260 | Army: 38 | Target-Terrain: 0 | Target: 260 | Half: False
2026-06-02 00:38:10 [self-0001-0-expand] My general index: 239
2026-06-02 00:38:10 [self-0001-0-expand] Enemy general index: None
2026-06-02 00:38:10 [self-0001-0-expand] Visible enemy tiles: 8
2026-06-02 00:38:10 [self-0001-0-expand] Tiles: 14 / 42
2026-06-02 00:38:10 [self-0001-0-expand] Map: 18 x 20 Turn: 273
2026-06-02 00:38:10 [self-0001-0-expand] Route planned: Target = 242 Mode = defense city-free reachable tiles = 268 Fallback-Tiles = 269
2026-06-02 00:38:10 [self-0001-0-expand] Priority agent: reverse -35000, edge reuse -18000 base = 199388 final = 146388
2026-06-02 00:38:10 [self-0001-0-expand] Move #253: 260 -> 242 | Army: 38 | Target-Terrain: 0 | Target: 242 | Half: False
2026-06-02 00:38:11 [self-0001-0-expand] My general index: 239
2026-06-02 00:38:11 [self-0001-0-expand] Enemy general index: None
2026-06-02 00:38:11 [self-0001-0-expand] Visible enemy tiles: 8
2026-06-02 00:38:11 [self-0001-0-expand] Tiles: 14 / 42
2026-06-02 00:38:11 [self-0001-0-expand] Map: 18 x 20 Turn: 274
2026-06-02 00:38:11 [self-0001-0-expand] Route planned: Target = 260 Mode = defense city-free reachable tiles = 268 Fallback-Tiles = 269
2026-06-02 00:38:11 [self-0001-0-expand] Priority agent: reverse -35000, edge reuse -27000 base = 208436 final = 146436
2026-06-02 00:38:11 [self-0001-0-expand] Move #254: 242 -> 260 | Army: 36 | Target-Terrain: 0 | Target: 260 | Half: False
2026-06-02 00:38:11 [self-0001-0-expand] My general index: 239
2026-06-02 00:38:11 [self-0001-0-expand] Enemy general index: None
2026-06-02 00:38:11 [self-0001-0-expand] Visible enemy tiles: 8
2026-06-02 00:38:11 [self-0001-0-expand] Tiles: 14 / 42
2026-06-02 00:38:11 [self-0001-0-expand] Map: 18 x 20 Turn: 275
2026-06-02 00:38:11 [self-0001-0-expand] Route planned: Target = 242 Mode = defense city-free reachable tiles = 268 Fallback-Tiles = 269
2026-06-02 00:38:11 [self-0001-0-expand] Move #255: 220 -> 238 | Army: 2 | Target-Terrain: 0 | Target: 242 | Half: False
2026-06-02 00:38:12 [self-0001-0-expand] My general index: 239
2026-06-02 00:38:12 [self-0001-0-expand] Enemy general index: None
2026-06-02 00:38:12 [self-0001-0-expand] Visible enemy tiles: 8
2026-06-02 00:38:12 [self-0001-0-expand] Tiles: 14 / 42
2026-06-02 00:38:12 [self-0001-0-expand] Map: 18 x 20 Turn: 276
2026-06-02 00:38:12 [self-0001-0-expand] Route planned: Target = 242 Mode = defense city-free reachable tiles = 268 Fallback-Tiles = 269
2026-06-02 00:38:12 [self-0001-0-expand] Priority agent: edge reuse -36000 base = 196286 final = 160286
2026-06-02 00:38:12 [self-0001-0-expand] Move #256: 260 -> 242 | Army: 36 | Target-Terrain: 0 | Target: 242 | Half: False
2026-06-02 00:38:12 [self-0001-0-expand] My general index: 239
2026-06-02 00:38:12 [self-0001-0-expand] Enemy general index: None
2026-06-02 00:38:12 [self-0001-0-expand] Visible enemy tiles: 8
2026-06-02 00:38:12 [self-0001-0-expand] Tiles: 14 / 42
2026-06-02 00:38:12 [self-0001-0-expand] Map: 18 x 20 Turn: 277
2026-06-02 00:38:12 [self-0001-0-expand] Route planned: Target = 260 Mode = defense city-free reachable tiles = 268 Fallback-Tiles = 269
2026-06-02 00:38:12 [self-0001-0-expand] Move #257: 240 -> 258 | Army: 33 | Target-Terrain: 0 | Target: 260 | Half: False
2026-06-02 00:38:13 [self-0001-0-expand] My general index: 239
2026-06-02 00:38:13 [self-0001-0-expand] Enemy general index: None
2026-06-02 00:38:13 [self-0001-0-expand] Visible enemy tiles: 8
2026-06-02 00:38:13 [self-0001-0-expand] Tiles: 14 / 42
2026-06-02 00:38:13 [self-0001-0-expand] Map: 18 x 20 Turn: 278
2026-06-02 00:38:13 [self-0001-0-expand] Route planned: Target = 260 Mode = defense city-free reachable tiles = 268 Fallback-Tiles = 269
2026-06-02 00:38:13 [self-0001-0-expand] Priority agent: edge reuse -36000 base = 193336 final = 157336
2026-06-02 00:38:13 [self-0001-0-expand] Move #258: 242 -> 260 | Army: 36 | Target-Terrain: 0 | Target: 260 | Half: False
2026-06-02 00:38:13 [self-0001-0-expand] My general index: 239
2026-06-02 00:38:13 [self-0001-0-expand] Enemy general index: None
2026-06-02 00:38:13 [self-0001-0-expand] Visible enemy tiles: 8
2026-06-02 00:38:13 [self-0001-0-expand] Tiles: 14 / 42
2026-06-02 00:38:13 [self-0001-0-expand] Map: 18 x 20 Turn: 279
2026-06-02 00:38:13 [self-0001-0-expand] Route planned: Target = 242 Mode = defense city-free reachable tiles = 268 Fallback-Tiles = 269
2026-06-02 00:38:13 [self-0001-0-expand] Move #259: 202 -> 220 | Army: 2 | Target-Terrain: 0 | Target: 242 | Half: False
2026-06-02 00:38:14 [self-0001-0-expand] My general index: 239
2026-06-02 00:38:14 [self-0001-0-expand] Enemy general index: None
2026-06-02 00:38:14 [self-0001-0-expand] Visible enemy tiles: 8
2026-06-02 00:38:14 [self-0001-0-expand] Tiles: 13 / 43
2026-06-02 00:38:14 [self-0001-0-expand] Map: 18 x 20 Turn: 280
2026-06-02 00:38:14 [self-0001-0-expand] Route planned: Target = 224 Mode = strategy city-free reachable tiles = 268 Fallback-Tiles = 269
2026-06-02 00:38:14 [self-0001-0-expand] Move #260: 184 -> 185 | Army: 2 | Target-Terrain: -1 | Target: 224 | Half: False
2026-06-02 00:38:14 [self-0001-0-expand] My general index: 239
2026-06-02 00:38:14 [self-0001-0-expand] Enemy general index: None
2026-06-02 00:38:14 [self-0001-0-expand] Visible enemy tiles: 9
2026-06-02 00:38:14 [self-0001-0-expand] Tiles: 14 / 43
2026-06-02 00:38:14 [self-0001-0-expand] Map: 18 x 20 Turn: 281
2026-06-02 00:38:14 [self-0001-0-expand] Route planned: Target = 224 Mode = strategy city-free reachable tiles = 268 Fallback-Tiles = 269
2026-06-02 00:38:14 [self-0001-0-expand] Move #261: 260 -> 278 | Army: 36 | Target-Terrain: -1 | Target: 224 | Half: False
2026-06-02 00:38:15 [self-0001-0-expand] My general index: 239
2026-06-02 00:38:15 [self-0001-0-expand] Enemy general index: None
2026-06-02 00:38:15 [self-0001-0-expand] Visible enemy tiles: 9
2026-06-02 00:38:15 [self-0001-0-expand] Tiles: 15 / 43
2026-06-02 00:38:15 [self-0001-0-expand] Map: 18 x 20 Turn: 282
2026-06-02 00:38:15 [self-0001-0-expand] Route planned: Target = 224 Mode = strategy city-free reachable tiles = 268 Fallback-Tiles = 269
2026-06-02 00:38:15 [self-0001-0-expand] Priority agent: flow +6000 base = 30575 final = 36575
2026-06-02 00:38:15 [self-0001-0-expand] Move #262: 278 -> 277 | Army: 35 | Target-Terrain: -1 | Target: 224 | Half: False
2026-06-02 00:38:15 [self-0001-0-expand] My general index: 239
2026-06-02 00:38:15 [self-0001-0-expand] Enemy general index: None
2026-06-02 00:38:15 [self-0001-0-expand] Visible enemy tiles: 9
2026-06-02 00:38:15 [self-0001-0-expand] Tiles: 16 / 43
2026-06-02 00:38:15 [self-0001-0-expand] Map: 18 x 20 Turn: 283
2026-06-02 00:38:15 [self-0001-0-expand] Route planned: Target = 224 Mode = strategy city-free reachable tiles = 268 Fallback-Tiles = 269
2026-06-02 00:38:15 [self-0001-0-expand] Priority agent: flow +6000 base = 29934 final = 35934
2026-06-02 00:38:15 [self-0001-0-expand] Move #263: 277 -> 276 | Army: 34 | Target-Terrain: -1 | Target: 224 | Half: False
2026-06-02 00:38:16 [self-0001-0-expand] My general index: 239
2026-06-02 00:38:16 [self-0001-0-expand] Enemy general index: None
2026-06-02 00:38:16 [self-0001-0-expand] Visible enemy tiles: 9
2026-06-02 00:38:16 [self-0001-0-expand] Tiles: 17 / 43
2026-06-02 00:38:16 [self-0001-0-expand] Map: 18 x 20 Turn: 284
2026-06-02 00:38:16 [self-0001-0-expand] Reinforcement waypoint: 224 final target = 224 turns until reinforcement = 16
2026-06-02 00:38:16 [self-0001-0-expand] Route planned: Target = 224 Mode = reinforcement_waypoint city-free reachable tiles = 268 Fallback-Tiles = 269
2026-06-02 00:38:16 [self-0001-0-expand] Move #264: 258 -> 259 | Army: 33 | Target-Terrain: 0 | Target: 224 | Half: False
2026-06-02 00:38:16 [self-0001-0-expand] My general index: 239
2026-06-02 00:38:16 [self-0001-0-expand] Enemy general index: None
2026-06-02 00:38:16 [self-0001-0-expand] Visible enemy tiles: 9
2026-06-02 00:38:16 [self-0001-0-expand] Tiles: 17 / 43
2026-06-02 00:38:16 [self-0001-0-expand] Map: 18 x 20 Turn: 285
2026-06-02 00:38:16 [self-0001-0-expand] Reinforcement waypoint: 224 final target = 224 turns until reinforcement = 15
2026-06-02 00:38:16 [self-0001-0-expand] Route planned: Target = 224 Mode = reinforcement_waypoint city-free reachable tiles = 268 Fallback-Tiles = 269
2026-06-02 00:38:16 [self-0001-0-expand] Move #265: 238 -> 239 | Army: 2 | Target-Terrain: 0 | Target: 224 | Half: False
2026-06-02 00:38:17 [self-0001-0-expand] My general index: 239
2026-06-02 00:38:17 [self-0001-0-expand] Enemy general index: None
2026-06-02 00:38:17 [self-0001-0-expand] Visible enemy tiles: 9
2026-06-02 00:38:17 [self-0001-0-expand] Tiles: 17 / 43
2026-06-02 00:38:17 [self-0001-0-expand] Map: 18 x 20 Turn: 286
2026-06-02 00:38:17 [self-0001-0-expand] Reinforcement waypoint: 224 final target = 224 turns until reinforcement = 14
2026-06-02 00:38:17 [self-0001-0-expand] Route planned: Target = 224 Mode = reinforcement_waypoint city-free reachable tiles = 268 Fallback-Tiles = 269
2026-06-02 00:38:17 [self-0001-0-expand] Move #266: 220 -> 221 | Army: 2 | Target-Terrain: 0 | Target: 224 | Half: False
2026-06-02 00:38:17 [self-0001-0-expand] My general index: 239
2026-06-02 00:38:17 [self-0001-0-expand] Enemy general index: None
2026-06-02 00:38:17 [self-0001-0-expand] Visible enemy tiles: 9
2026-06-02 00:38:17 [self-0001-0-expand] Tiles: 17 / 43
2026-06-02 00:38:17 [self-0001-0-expand] Map: 18 x 20 Turn: 287
2026-06-02 00:38:17 [self-0001-0-expand] Reinforcement waypoint: 224 final target = 224 turns until reinforcement = 13
2026-06-02 00:38:17 [self-0001-0-expand] Route planned: Target = 224 Mode = reinforcement_waypoint city-free reachable tiles = 268 Fallback-Tiles = 269
2026-06-02 00:38:17 [self-0001-0-expand] Priority agent: fresh target pullback -12000, flow +6000 base = 39242 final = 33242
2026-06-02 00:38:17 [self-0001-0-expand] Move #267: 221 -> 239 | Army: 2 | Target-Terrain: 0 | Target: 224 | Half: False
2026-06-02 00:38:18 [self-0001-0-expand] My general index: 239
2026-06-02 00:38:18 [self-0001-0-expand] Enemy general index: None
2026-06-02 00:38:18 [self-0001-0-expand] Visible enemy tiles: 9
2026-06-02 00:38:18 [self-0001-0-expand] Tiles: 17 / 43
2026-06-02 00:38:18 [self-0001-0-expand] Map: 18 x 20 Turn: 288
2026-06-02 00:38:18 [self-0001-0-expand] Reinforcement waypoint: 223 final target = 224 turns until reinforcement = 12
2026-06-02 00:38:18 [self-0001-0-expand] Route planned: Target = 223 Mode = reinforcement_waypoint city-free reachable tiles = 268 Fallback-Tiles = 269
2026-06-02 00:38:18 [self-0001-0-expand] Move #268: 276 -> 258 | Army: 33 | Target-Terrain: 0 | Target: 223 | Half: False
2026-06-02 00:38:18 [self-0001-0-expand] My general index: 239
2026-06-02 00:38:18 [self-0001-0-expand] Enemy general index: None
2026-06-02 00:38:18 [self-0001-0-expand] Visible enemy tiles: 9
2026-06-02 00:38:18 [self-0001-0-expand] Tiles: 17 / 43
2026-06-02 00:38:18 [self-0001-0-expand] Map: 18 x 20 Turn: 289
2026-06-02 00:38:18 [self-0001-0-expand] Reinforcement waypoint: 241 final target = 224 turns until reinforcement = 11
2026-06-02 00:38:18 [self-0001-0-expand] Route planned: Target = 241 Mode = reinforcement_waypoint city-free reachable tiles = 268 Fallback-Tiles = 269
2026-06-02 00:38:18 [self-0001-0-expand] Move #269: 259 -> 241 | Army: 33 | Target-Terrain: 0 | Target: 241 | Half: False
2026-06-02 00:38:19 [self-0001-0-expand] My general index: 239
2026-06-02 00:38:19 [self-0001-0-expand] Enemy general index: None
2026-06-02 00:38:19 [self-0001-0-expand] Visible enemy tiles: 9
2026-06-02 00:38:19 [self-0001-0-expand] Tiles: 17 / 43
2026-06-02 00:38:19 [self-0001-0-expand] Map: 18 x 20 Turn: 290
2026-06-02 00:38:19 [self-0001-0-expand] Route planned: Target = 168 Mode = defense city-free reachable tiles = 268 Fallback-Tiles = 269
2026-06-02 00:38:19 [self-0001-0-expand] Priority agent: flow +6000 base = 169123 final = 175123
2026-06-02 00:38:19 [self-0001-0-expand] Move #270: 241 -> 223 | Army: 33 | Target-Terrain: 1 | Target: 168 | Half: False
2026-06-02 00:38:19 [self-0001-0-expand] My general index: 239
2026-06-02 00:38:19 [self-0001-0-expand] Enemy general index: None
2026-06-02 00:38:19 [self-0001-0-expand] Visible enemy tiles: 10
2026-06-02 00:38:19 [self-0001-0-expand] Tiles: 18 / 42
2026-06-02 00:38:19 [self-0001-0-expand] Map: 18 x 20 Turn: 291
2026-06-02 00:38:19 [self-0001-0-expand] Route planned: Target = 168 Mode = defense city-free reachable tiles = 268 Fallback-Tiles = 269
2026-06-02 00:38:19 [self-0001-0-expand] Priority agent: flow +6000 base = 169761 final = 175761
2026-06-02 00:38:19 [self-0001-0-expand] Move #271: 223 -> 205 | Army: 31 | Target-Terrain: 1 | Target: 168 | Half: False
2026-06-02 00:38:20 [self-0001-0-expand] My general index: 239
2026-06-02 00:38:20 [self-0001-0-expand] Enemy general index: None
2026-06-02 00:38:20 [self-0001-0-expand] Visible enemy tiles: 11
2026-06-02 00:38:20 [self-0001-0-expand] Tiles: 19 / 41
2026-06-02 00:38:20 [self-0001-0-expand] Map: 18 x 20 Turn: 292
2026-06-02 00:38:20 [self-0001-0-expand] Route planned: Target = 168 Mode = defense city-free reachable tiles = 268 Fallback-Tiles = 269
2026-06-02 00:38:20 [self-0001-0-expand] Priority agent: flow +6000 base = 169799 final = 175799
2026-06-02 00:38:20 [self-0001-0-expand] Move #272: 205 -> 187 | Army: 29 | Target-Terrain: 1 | Target: 168 | Half: False
2026-06-02 00:38:20 [self-0001-0-expand] My general index: 239
2026-06-02 00:38:20 [self-0001-0-expand] Enemy general index: None
2026-06-02 00:38:20 [self-0001-0-expand] Visible enemy tiles: 12
2026-06-02 00:38:20 [self-0001-0-expand] Tiles: 20 / 40
2026-06-02 00:38:20 [self-0001-0-expand] Map: 18 x 20 Turn: 293
2026-06-02 00:38:20 [self-0001-0-expand] Route planned: Target = 168 Mode = defense city-free reachable tiles = 268 Fallback-Tiles = 269
2026-06-02 00:38:20 [self-0001-0-expand] Priority agent: flow +6000 base = 170437 final = 176437
2026-06-02 00:38:20 [self-0001-0-expand] Move #273: 187 -> 169 | Army: 27 | Target-Terrain: 1 | Target: 168 | Half: False
2026-06-02 00:38:21 [self-0001-0-expand] My general index: 239
2026-06-02 00:38:21 [self-0001-0-expand] Enemy general index: None
2026-06-02 00:38:21 [self-0001-0-expand] Visible enemy tiles: 14
2026-06-02 00:38:21 [self-0001-0-expand] Tiles: 21 / 39
2026-06-02 00:38:21 [self-0001-0-expand] Map: 18 x 20 Turn: 294
2026-06-02 00:38:21 [self-0001-0-expand] Route planned: Target = 168 Mode = defense city-free reachable tiles = 268 Fallback-Tiles = 269
2026-06-02 00:38:21 [self-0001-0-expand] Priority agent: flow +6000 base = 34645 final = 40645
2026-06-02 00:38:21 [self-0001-0-expand] Move #274: 169 -> 151 | Army: 25 | Target-Terrain: 1 | Target: 168 | Half: False
2026-06-02 00:38:21 [self-0001-0-expand] My general index: 239
2026-06-02 00:38:21 [self-0001-0-expand] Enemy general index: None
2026-06-02 00:38:21 [self-0001-0-expand] Visible enemy tiles: 12
2026-06-02 00:38:21 [self-0001-0-expand] Tiles: 20 / 40
2026-06-02 00:38:21 [self-0001-0-expand] Map: 18 x 20 Turn: 295
2026-06-02 00:38:21 [self-0001-0-expand] Route planned: Target = 169 Mode = defense city-free reachable tiles = 268 Fallback-Tiles = 269
2026-06-02 00:38:21 [self-0001-0-expand] Move #275: 258 -> 240 | Army: 33 | Target-Terrain: 0 | Target: 169 | Half: False
2026-06-02 00:38:22 [self-0001-0-expand] My general index: 239
2026-06-02 00:38:22 [self-0001-0-expand] Enemy general index: None
2026-06-02 00:38:22 [self-0001-0-expand] Visible enemy tiles: 11
2026-06-02 00:38:22 [self-0001-0-expand] Tiles: 19 / 41
2026-06-02 00:38:22 [self-0001-0-expand] Map: 18 x 20 Turn: 296
2026-06-02 00:38:22 [self-0001-0-expand] Route planned: Target = 187 Mode = defense city-free reachable tiles = 268 Fallback-Tiles = 269
2026-06-02 00:38:22 [self-0001-0-expand] Priority agent: flow +6000 base = 138913 final = 144913
2026-06-02 00:38:22 [self-0001-0-expand] Move #276: 240 -> 241 | Army: 33 | Target-Terrain: 0 | Target: 187 | Half: False
2026-06-02 00:38:22 [self-0001-0-expand] Coach: stabilize tiles 18/42 army 106/175 cities 0/0 enemy_city_suspect False bias {'expansion_bias': 0.7, 'city_bias': 0.1, 'attack_bias': -0.4, 'defense_bias': 1.2, 'route_bias': 0.3}
2026-06-02 00:38:22 [self-0001-0-expand] My general index: 239
2026-06-02 00:38:22 [self-0001-0-expand] Enemy general index: None
2026-06-02 00:38:22 [self-0001-0-expand] Visible enemy tiles: 10
2026-06-02 00:38:22 [self-0001-0-expand] Tiles: 18 / 42
2026-06-02 00:38:22 [self-0001-0-expand] Map: 18 x 20 Turn: 297
2026-06-02 00:38:22 [self-0001-0-expand] Route planned: Target = 205 Mode = defense city-free reachable tiles = 268 Fallback-Tiles = 269
2026-06-02 00:38:22 [self-0001-0-expand] Priority agent: edge reuse -9000, flow +6000 base = 139093 final = 136093
2026-06-02 00:38:22 [self-0001-0-expand] Move #277: 241 -> 223 | Army: 33 | Target-Terrain: 0 | Target: 205 | Half: False
2026-06-02 00:38:23 [self-0001-0-expand] My general index: 239
2026-06-02 00:38:23 [self-0001-0-expand] Enemy general index: None
2026-06-02 00:38:23 [self-0001-0-expand] Visible enemy tiles: 9
2026-06-02 00:38:23 [self-0001-0-expand] Tiles: 17 / 43
2026-06-02 00:38:23 [self-0001-0-expand] Map: 18 x 20 Turn: 298
2026-06-02 00:38:23 [self-0001-0-expand] Reinforcement waypoint: 240 final target = 224 turns until reinforcement = 2
2026-06-02 00:38:23 [self-0001-0-expand] Route planned: Target = 240 Mode = reinforcement_waypoint city-free reachable tiles = 268 Fallback-Tiles = 269
2026-06-02 00:38:23 [self-0001-0-expand] No move found: blocked tiles = 0 ignored cities = 0 own movable tiles = 0
2026-06-02 00:38:23 [self-0001-0-expand] My general index: 239
2026-06-02 00:38:23 [self-0001-0-expand] Enemy general index: None
2026-06-02 00:38:23 [self-0001-0-expand] Visible enemy tiles: 9
2026-06-02 00:38:23 [self-0001-0-expand] Tiles: 16 / 44
2026-06-02 00:38:23 [self-0001-0-expand] Map: 18 x 20 Turn: 299
2026-06-02 00:38:23 [self-0001-0-expand] Route planned: Target = 259 Mode = defense city-free reachable tiles = 268 Fallback-Tiles = 269
2026-06-02 00:38:23 [self-0001-0-expand] No move found: blocked tiles = 0 ignored cities = 0 own movable tiles = 0
2026-06-02 00:38:24 [self-0001-0-expand] My general index: 239
2026-06-02 00:38:24 [self-0001-0-expand] Enemy general index: None
2026-06-02 00:38:24 [self-0001-0-expand] Visible enemy tiles: 10
2026-06-02 00:38:24 [self-0001-0-expand] Tiles: 15 / 45
2026-06-02 00:38:24 [self-0001-0-expand] Map: 18 x 20 Turn: 300
2026-06-02 00:38:24 [self-0001-0-expand] Route planned: Target = 259 Mode = defense city-free reachable tiles = 268 Fallback-Tiles = 269
2026-06-02 00:38:24 [self-0001-0-expand] Move #278: 278 -> 277 | Army: 2 | Target-Terrain: 0 | Target: 259 | Half: False
2026-06-02 00:38:24 [self-0001-0-expand] My general index: 239
2026-06-02 00:38:24 [self-0001-0-expand] Enemy general index: None
2026-06-02 00:38:24 [self-0001-0-expand] Visible enemy tiles: 11
2026-06-02 00:38:24 [self-0001-0-expand] Tiles: 14 / 46
2026-06-02 00:38:24 [self-0001-0-expand] Map: 18 x 20 Turn: 301
2026-06-02 00:38:24 [self-0001-0-expand] Route planned: Target = 259 Mode = defense city-free reachable tiles = 268 Fallback-Tiles = 269
2026-06-02 00:38:24 [self-0001-0-expand] Move #279: 261 -> 260 | Army: 2 | Target-Terrain: 0 | Target: 259 | Half: False
2026-06-02 00:38:25 [self-0001-0-expand] My general index: 239
2026-06-02 00:38:25 [self-0001-0-expand] Enemy general index: None
2026-06-02 00:38:25 [self-0001-0-expand] Visible enemy tiles: 12
2026-06-02 00:38:25 [self-0001-0-expand] Tiles: 13 / 47
2026-06-02 00:38:25 [self-0001-0-expand] Map: 18 x 20 Turn: 302
2026-06-02 00:38:25 [self-0001-0-expand] Route planned: Target = 259 Mode = defense city-free reachable tiles = 268 Fallback-Tiles = 269
2026-06-02 00:38:25 [self-0001-0-expand] Priority agent: flow +6000 base = 274103 final = 280103
2026-06-02 00:38:25 [self-0001-0-expand] Move #280: 260 -> 259 | Army: 3 | Target-Terrain: 1 | Target: 259 | Half: False
2026-06-02 00:38:25 [self-0001-0-expand] My general index: 239
2026-06-02 00:38:25 [self-0001-0-expand] Enemy general index: None
2026-06-02 00:38:25 [self-0001-0-expand] Visible enemy tiles: 12
2026-06-02 00:38:25 [self-0001-0-expand] Tiles: 13 / 47
2026-06-02 00:38:25 [self-0001-0-expand] Map: 18 x 20 Turn: 303
2026-06-02 00:38:25 [self-0001-0-expand] Route planned: Target = 240 Mode = defense city-free reachable tiles = 268 Fallback-Tiles = 269
2026-06-02 00:38:25 [self-0001-0-expand] Move #281: 239 -> 240 | Army: 61 | Target-Terrain: 0 | Target: 240 | Half: True
2026-06-02 00:38:26 [self-0001-0-expand] My general index: 239
2026-06-02 00:38:26 [self-0001-0-expand] Enemy general index: None
2026-06-02 00:38:26 [self-0001-0-expand] Visible enemy tiles: 12
2026-06-02 00:38:26 [self-0001-0-expand] Tiles: 13 / 47
2026-06-02 00:38:26 [self-0001-0-expand] Map: 18 x 20 Turn: 304
2026-06-02 00:38:26 [self-0001-0-expand] Route planned: Target = 240 Mode = defense city-free reachable tiles = 268 Fallback-Tiles = 269
2026-06-02 00:38:26 [self-0001-0-expand] Move #282: 221 -> 239 | Army: 2 | Target-Terrain: 0 | Target: 240 | Half: False
2026-06-02 00:38:26 [self-0001-0-expand] My general index: 239
2026-06-02 00:38:26 [self-0001-0-expand] Enemy general index: None
2026-06-02 00:38:26 [self-0001-0-expand] Visible enemy tiles: 12
2026-06-02 00:38:26 [self-0001-0-expand] Tiles: 13 / 47
2026-06-02 00:38:26 [self-0001-0-expand] Map: 18 x 20 Turn: 305
2026-06-02 00:38:26 [self-0001-0-expand] Route planned: Target = 240 Mode = defense city-free reachable tiles = 268 Fallback-Tiles = 269
2026-06-02 00:38:26 [self-0001-0-expand] Move #283: 220 -> 238 | Army: 2 | Target-Terrain: 0 | Target: 240 | Half: False
2026-06-02 00:38:27 [self-0001-0-expand] My general index: 239
2026-06-02 00:38:27 [self-0001-0-expand] Enemy general index: None
2026-06-02 00:38:27 [self-0001-0-expand] Visible enemy tiles: 12
2026-06-02 00:38:27 [self-0001-0-expand] Tiles: 13 / 47
2026-06-02 00:38:27 [self-0001-0-expand] Map: 18 x 20 Turn: 306
2026-06-02 00:38:27 [self-0001-0-expand] Route planned: Target = 240 Mode = defense city-free reachable tiles = 268 Fallback-Tiles = 269
2026-06-02 00:38:27 [self-0001-0-expand] Priority agent: flow +6000 base = 137263 final = 143263
2026-06-02 00:38:27 [self-0001-0-expand] Move #284: 238 -> 239 | Army: 3 | Target-Terrain: 0 | Target: 240 | Half: False
2026-06-02 00:38:27 [self-0001-0-expand] My general index: 239
2026-06-02 00:38:27 [self-0001-0-expand] Enemy general index: None
2026-06-02 00:38:27 [self-0001-0-expand] Visible enemy tiles: 12
2026-06-02 00:38:27 [self-0001-0-expand] Tiles: 13 / 47
2026-06-02 00:38:27 [self-0001-0-expand] Map: 18 x 20 Turn: 307
2026-06-02 00:38:27 [self-0001-0-expand] Route planned: Target = 240 Mode = defense city-free reachable tiles = 268 Fallback-Tiles = 269
2026-06-02 00:38:27 [self-0001-0-expand] Move #285: 202 -> 220 | Army: 2 | Target-Terrain: 0 | Target: 240 | Half: False
2026-06-02 00:38:28 [self-0001-0-expand] My general index: 239
2026-06-02 00:38:28 [self-0001-0-expand] Enemy general index: None
2026-06-02 00:38:28 [self-0001-0-expand] Visible enemy tiles: 12
2026-06-02 00:38:28 [self-0001-0-expand] Tiles: 13 / 47
2026-06-02 00:38:28 [self-0001-0-expand] Map: 18 x 20 Turn: 308
2026-06-02 00:38:28 [self-0001-0-expand] Route planned: Target = 240 Mode = defense city-free reachable tiles = 268 Fallback-Tiles = 269
2026-06-02 00:38:28 [self-0001-0-expand] Priority agent: flow +6000 base = 134972 final = 140972
2026-06-02 00:38:28 [self-0001-0-expand] Move #286: 220 -> 221 | Army: 2 | Target-Terrain: 0 | Target: 240 | Half: False
2026-06-02 00:38:28 [self-0001-0-expand] My general index: 239
2026-06-02 00:38:28 [self-0001-0-expand] Enemy general index: None
2026-06-02 00:38:28 [self-0001-0-expand] Visible enemy tiles: 12
2026-06-02 00:38:28 [self-0001-0-expand] Tiles: 13 / 47
2026-06-02 00:38:28 [self-0001-0-expand] Map: 18 x 20 Turn: 309
2026-06-02 00:38:28 [self-0001-0-expand] Route planned: Target = 240 Mode = defense city-free reachable tiles = 268 Fallback-Tiles = 269
2026-06-02 00:38:28 [self-0001-0-expand] Move #287: 184 -> 202 | Army: 2 | Target-Terrain: 0 | Target: 240 | Half: False
2026-06-02 00:38:29 [self-0001-0-expand] My general index: 239
2026-06-02 00:38:29 [self-0001-0-expand] Enemy general index: None
2026-06-02 00:38:29 [self-0001-0-expand] Visible enemy tiles: 12
2026-06-02 00:38:29 [self-0001-0-expand] Tiles: 13 / 47
2026-06-02 00:38:29 [self-0001-0-expand] Map: 18 x 20 Turn: 310
2026-06-02 00:38:29 [self-0001-0-expand] Route planned: Target = 240 Mode = defense city-free reachable tiles = 268 Fallback-Tiles = 269
2026-06-02 00:38:29 [self-0001-0-expand] Priority agent: edge reuse -9000, flow +6000 base = 136732 final = 133732
2026-06-02 00:38:29 [self-0001-0-expand] Move #288: 202 -> 220 | Army: 2 | Target-Terrain: 0 | Target: 240 | Half: False
2026-06-02 00:38:29 [self-0001-0-expand] My general index: 239
2026-06-02 00:38:29 [self-0001-0-expand] Enemy general index: None
2026-06-02 00:38:29 [self-0001-0-expand] Visible enemy tiles: 12
2026-06-02 00:38:29 [self-0001-0-expand] Tiles: 13 / 47
2026-06-02 00:38:29 [self-0001-0-expand] Map: 18 x 20 Turn: 311
2026-06-02 00:38:29 [self-0001-0-expand] Route planned: Target = 240 Mode = defense city-free reachable tiles = 268 Fallback-Tiles = 269
2026-06-02 00:38:29 [self-0001-0-expand] Priority agent: edge reuse -9000, flow +6000 base = 136822 final = 133822
2026-06-02 00:38:29 [self-0001-0-expand] Move #289: 220 -> 238 | Army: 2 | Target-Terrain: 0 | Target: 240 | Half: False
2026-06-02 00:38:30 [self-0001-0-expand] My general index: 239
2026-06-02 00:38:30 [self-0001-0-expand] Enemy general index: None
2026-06-02 00:38:30 [self-0001-0-expand] Visible enemy tiles: 12
2026-06-02 00:38:30 [self-0001-0-expand] Tiles: 13 / 47
2026-06-02 00:38:30 [self-0001-0-expand] Map: 18 x 20 Turn: 312
2026-06-02 00:38:30 [self-0001-0-expand] Route planned: Target = 240 Mode = defense city-free reachable tiles = 268 Fallback-Tiles = 269
2026-06-02 00:38:30 [self-0001-0-expand] Move #290: 257 -> 239 | Army: 2 | Target-Terrain: 0 | Target: 240 | Half: False
2026-06-02 00:38:30 [self-0001-0-expand] My general index: 239
2026-06-02 00:38:30 [self-0001-0-expand] Enemy general index: None
2026-06-02 00:38:30 [self-0001-0-expand] Visible enemy tiles: 12
2026-06-02 00:38:30 [self-0001-0-expand] Tiles: 13 / 47
2026-06-02 00:38:30 [self-0001-0-expand] Map: 18 x 20 Turn: 313
2026-06-02 00:38:30 [self-0001-0-expand] Route planned: Target = 240 Mode = defense city-free reachable tiles = 268 Fallback-Tiles = 269
2026-06-02 00:38:30 [self-0001-0-expand] Priority agent: edge reuse -9000 base = 124912 final = 115912
2026-06-02 00:38:30 [self-0001-0-expand] Move #291: 221 -> 239 | Army: 2 | Target-Terrain: 0 | Target: 240 | Half: False
2026-06-02 00:38:31 [self-0001-0-expand] My general index: 239
2026-06-02 00:38:31 [self-0001-0-expand] Enemy general index: None
2026-06-02 00:38:31 [self-0001-0-expand] Visible enemy tiles: 12
2026-06-02 00:38:31 [self-0001-0-expand] Tiles: 13 / 47
2026-06-02 00:38:31 [self-0001-0-expand] Map: 18 x 20 Turn: 314
2026-06-02 00:38:31 [self-0001-0-expand] Route planned: Target = 240 Mode = defense city-free reachable tiles = 268 Fallback-Tiles = 269
2026-06-02 00:38:31 [self-0001-0-expand] Priority agent: edge reuse -9000 base = 123062 final = 114062
2026-06-02 00:38:31 [self-0001-0-expand] Move #292: 238 -> 239 | Army: 2 | Target-Terrain: 0 | Target: 240 | Half: False
2026-06-02 00:38:31 [self-0001-0-expand] My general index: 239
2026-06-02 00:38:31 [self-0001-0-expand] Enemy general index: None
2026-06-02 00:38:31 [self-0001-0-expand] Visible enemy tiles: 12
2026-06-02 00:38:31 [self-0001-0-expand] Tiles: 13 / 47
2026-06-02 00:38:31 [self-0001-0-expand] Map: 18 x 20 Turn: 315
2026-06-02 00:38:31 [self-0001-0-expand] Route planned: Target = 240 Mode = defense city-free reachable tiles = 268 Fallback-Tiles = 269
2026-06-02 00:38:31 [self-0001-0-expand] Move #293: 240 -> 258 | Army: 29 | Target-Terrain: 1 | Target: 240 | Half: False
2026-06-02 00:38:32 [self-0001-0-expand] My general index: 239
2026-06-02 00:38:32 [self-0001-0-expand] Enemy general index: None
2026-06-02 00:38:32 [self-0001-0-expand] Visible enemy tiles: 11
2026-06-02 00:38:32 [self-0001-0-expand] Tiles: 14 / 46
2026-06-02 00:38:32 [self-0001-0-expand] Map: 18 x 20 Turn: 316
2026-06-02 00:38:32 [self-0001-0-expand] Route planned: Target = 240 Mode = defense city-free reachable tiles = 268 Fallback-Tiles = 269
2026-06-02 00:38:32 [self-0001-0-expand] Priority agent: reverse -35000, edge reuse -9000 base = 222777 final = 178777
2026-06-02 00:38:32 [self-0001-0-expand] Move #294: 258 -> 240 | Army: 27 | Target-Terrain: 0 | Target: 240 | Half: False
2026-06-02 00:38:32 [self-0001-0-expand] My general index: 239
2026-06-02 00:38:32 [self-0001-0-expand] Enemy general index: None
2026-06-02 00:38:32 [self-0001-0-expand] Visible enemy tiles: 11
2026-06-02 00:38:32 [self-0001-0-expand] Tiles: 14 / 46
2026-06-02 00:38:32 [self-0001-0-expand] Map: 18 x 20 Turn: 317
2026-06-02 00:38:32 [self-0001-0-expand] Route planned: Target = 240 Mode = defense city-free reachable tiles = 268 Fallback-Tiles = 269
2026-06-02 00:38:32 [self-0001-0-expand] Priority agent: flow +6000 base = 34987 final = 40987
2026-06-02 00:38:32 [self-0001-0-expand] Move #295: 240 -> 241 | Army: 27 | Target-Terrain: 1 | Target: 240 | Half: False
2026-06-02 00:38:33 [self-0001-0-expand] My general index: 239
2026-06-02 00:38:33 [self-0001-0-expand] Enemy general index: None
2026-06-02 00:38:33 [self-0001-0-expand] Visible enemy tiles: 11
2026-06-02 00:38:33 [self-0001-0-expand] Tiles: 15 / 45
2026-06-02 00:38:33 [self-0001-0-expand] Map: 18 x 20 Turn: 318
2026-06-02 00:38:33 [self-0001-0-expand] Route planned: Target = 240 Mode = defense city-free reachable tiles = 268 Fallback-Tiles = 269
2026-06-02 00:38:33 [self-0001-0-expand] Priority agent: reverse -35000, edge reuse -9000 base = 224624 final = 180624
2026-06-02 00:38:33 [self-0001-0-expand] Move #296: 241 -> 240 | Army: 24 | Target-Terrain: 0 | Target: 240 | Half: False
2026-06-02 00:38:33 [self-0001-0-expand] My general index: 239
2026-06-02 00:38:33 [self-0001-0-expand] Enemy general index: None
2026-06-02 00:38:33 [self-0001-0-expand] Visible enemy tiles: 11
2026-06-02 00:38:33 [self-0001-0-expand] Tiles: 15 / 45
2026-06-02 00:38:33 [self-0001-0-expand] Map: 18 x 20 Turn: 319
2026-06-02 00:38:33 [self-0001-0-expand] Route planned: Target = 240 Mode = defense city-free reachable tiles = 268 Fallback-Tiles = 269
2026-06-02 00:38:33 [self-0001-0-expand] Move #297: 185 -> 184 | Army: 2 | Target-Terrain: 0 | Target: 240 | Half: False
2026-06-02 00:38:34 [self-0001-0-expand] My general index: 239
2026-06-02 00:38:34 [self-0001-0-expand] Enemy general index: None
2026-06-02 00:38:34 [self-0001-0-expand] Visible enemy tiles: 11
2026-06-02 00:38:34 [self-0001-0-expand] Tiles: 14 / 46
2026-06-02 00:38:34 [self-0001-0-expand] Map: 18 x 20 Turn: 320
2026-06-02 00:38:34 [self-0001-0-expand] Route planned: Target = 240 Mode = defense city-free reachable tiles = 268 Fallback-Tiles = 269
2026-06-02 00:38:34 [self-0001-0-expand] Priority agent: edge reuse -9000, flow +6000 base = 136642 final = 133642
2026-06-02 00:38:34 [self-0001-0-expand] Move #298: 184 -> 202 | Army: 2 | Target-Terrain: 0 | Target: 240 | Half: False
2026-06-02 00:38:34 [self-0001-0-expand] My general index: 239
2026-06-02 00:38:34 [self-0001-0-expand] Enemy general index: None
2026-06-02 00:38:34 [self-0001-0-expand] Visible enemy tiles: 11
2026-06-02 00:38:34 [self-0001-0-expand] Tiles: 14 / 46
2026-06-02 00:38:34 [self-0001-0-expand] Map: 18 x 20 Turn: 321
2026-06-02 00:38:34 [self-0001-0-expand] Route planned: Target = 240 Mode = defense city-free reachable tiles = 268 Fallback-Tiles = 269
2026-06-02 00:38:34 [self-0001-0-expand] Priority agent: edge reuse -18000, flow +6000 base = 109732 final = 97732
2026-06-02 00:38:34 [self-0001-0-expand] Move #299: 202 -> 220 | Army: 2 | Target-Terrain: 0 | Target: 240 | Half: False
2026-06-02 00:38:35 [self-0001-0-expand] My general index: 239
2026-06-02 00:38:35 [self-0001-0-expand] Enemy general index: None
2026-06-02 00:38:35 [self-0001-0-expand] Visible enemy tiles: 11
2026-06-02 00:38:35 [self-0001-0-expand] Tiles: 14 / 46
2026-06-02 00:38:35 [self-0001-0-expand] Map: 18 x 20 Turn: 322
2026-06-02 00:38:35 [self-0001-0-expand] Route planned: Target = 240 Mode = defense city-free reachable tiles = 268 Fallback-Tiles = 269
2026-06-02 00:38:35 [self-0001-0-expand] Priority agent: edge reuse -9000, flow +6000 base = 136822 final = 133822
2026-06-02 00:38:35 [self-0001-0-expand] Move #300: 220 -> 238 | Army: 2 | Target-Terrain: 0 | Target: 240 | Half: False
2026-06-02 00:38:35 [self-0001-0-expand] My general index: 239
2026-06-02 00:38:35 [self-0001-0-expand] Enemy general index: None
2026-06-02 00:38:35 [self-0001-0-expand] Visible enemy tiles: 11
2026-06-02 00:38:35 [self-0001-0-expand] Tiles: 14 / 46
2026-06-02 00:38:35 [self-0001-0-expand] Map: 18 x 20 Turn: 323
2026-06-02 00:38:35 [self-0001-0-expand] Route planned: Target = 240 Mode = defense city-free reachable tiles = 268 Fallback-Tiles = 269
2026-06-02 00:38:35 [self-0001-0-expand] Priority agent: edge reuse -9000, flow +6000 base = 124262 final = 121262
2026-06-02 00:38:35 [self-0001-0-expand] Move #301: 238 -> 239 | Army: 2 | Target-Terrain: 0 | Target: 240 | Half: False
2026-06-02 00:38:36 [self-0001-0-expand] My general index: 239
2026-06-02 00:38:36 [self-0001-0-expand] Enemy general index: None
2026-06-02 00:38:36 [self-0001-0-expand] Visible enemy tiles: 11
2026-06-02 00:38:36 [self-0001-0-expand] Tiles: 14 / 46
2026-06-02 00:38:36 [self-0001-0-expand] Map: 18 x 20 Turn: 324
2026-06-02 00:38:36 [self-0001-0-expand] Route planned: Target = 240 Mode = defense city-free reachable tiles = 268 Fallback-Tiles = 269
2026-06-02 00:38:36 [self-0001-0-expand] Priority agent: edge reuse -18000 base = -3116 final = -21116
2026-06-02 00:38:36 [self-0001-0-expand] Move #302: 240 -> 241 | Army: 24 | Target-Terrain: 1 | Target: 240 | Half: False
2026-06-02 00:38:36 [self-0001-0-expand] My general index: 239
2026-06-02 00:38:36 [self-0001-0-expand] Enemy general index: None
2026-06-02 00:38:36 [self-0001-0-expand] Visible enemy tiles: 11
2026-06-02 00:38:36 [self-0001-0-expand] Tiles: 15 / 45
2026-06-02 00:38:36 [self-0001-0-expand] Map: 18 x 20 Turn: 325
2026-06-02 00:38:36 [self-0001-0-expand] Route planned: Target = 240 Mode = defense city-free reachable tiles = 268 Fallback-Tiles = 269
2026-06-02 00:38:36 [self-0001-0-expand] Priority agent: reverse -35000, edge reuse -27000 base = 200021 final = 138021
2026-06-02 00:38:36 [self-0001-0-expand] Move #303: 241 -> 240 | Army: 21 | Target-Terrain: 0 | Target: 240 | Half: False
2026-06-02 00:38:37 [self-0001-0-expand] My general index: 239
2026-06-02 00:38:37 [self-0001-0-expand] Enemy general index: None
2026-06-02 00:38:37 [self-0001-0-expand] Visible enemy tiles: 11
2026-06-02 00:38:37 [self-0001-0-expand] Tiles: 14 / 46
2026-06-02 00:38:37 [self-0001-0-expand] Map: 18 x 20 Turn: 326
2026-06-02 00:38:37 [self-0001-0-expand] Route planned: Target = 240 Mode = defense city-free reachable tiles = 268 Fallback-Tiles = 269
2026-06-02 00:38:37 [self-0001-0-expand] No move found: blocked tiles = 0 ignored cities = 0 own movable tiles = 0
2026-06-02 00:38:37 [self-0001-0-expand] My general index: 239
2026-06-02 00:38:37 [self-0001-0-expand] Enemy general index: None
2026-06-02 00:38:37 [self-0001-0-expand] Visible enemy tiles: 11
2026-06-02 00:38:37 [self-0001-0-expand] Tiles: 13 / 47
2026-06-02 00:38:37 [self-0001-0-expand] Map: 18 x 20 Turn: 327
2026-06-02 00:38:37 [self-0001-0-expand] Route planned: Target = 240 Mode = defense city-free reachable tiles = 268 Fallback-Tiles = 269
2026-06-02 00:38:37 [self-0001-0-expand] No move found: blocked tiles = 0 ignored cities = 0 own movable tiles = 0
2026-06-02 00:38:38 [self-0001-0-expand] My general index: 239
2026-06-02 00:38:38 [self-0001-0-expand] Enemy general index: None
2026-06-02 00:38:38 [self-0001-0-expand] Visible enemy tiles: 11
2026-06-02 00:38:38 [self-0001-0-expand] Tiles: 13 / 47
2026-06-02 00:38:38 [self-0001-0-expand] Map: 18 x 20 Turn: 328
2026-06-02 00:38:38 [self-0001-0-expand] Route planned: Target = 240 Mode = defense city-free reachable tiles = 268 Fallback-Tiles = 269
2026-06-02 00:38:38 [self-0001-0-expand] No move found: blocked tiles = 0 ignored cities = 0 own movable tiles = 0
2026-06-02 00:38:38 [self-0001-0-expand] My general index: 239
2026-06-02 00:38:38 [self-0001-0-expand] Enemy general index: None
2026-06-02 00:38:38 [self-0001-0-expand] Visible enemy tiles: 11
2026-06-02 00:38:38 [self-0001-0-expand] Tiles: 13 / 47
2026-06-02 00:38:38 [self-0001-0-expand] Map: 18 x 20 Turn: 329
2026-06-02 00:38:38 [self-0001-0-expand] Route planned: Target = 240 Mode = defense city-free reachable tiles = 268 Fallback-Tiles = 269
2026-06-02 00:38:38 [self-0001-0-expand] No move found: blocked tiles = 0 ignored cities = 0 own movable tiles = 0
2026-06-02 00:38:39 [self-0001-0-expand] My general index: 239
2026-06-02 00:38:39 [self-0001-0-expand] Enemy general index: None
2026-06-02 00:38:39 [self-0001-0-expand] Visible enemy tiles: 11
2026-06-02 00:38:39 [self-0001-0-expand] Tiles: 13 / 47
2026-06-02 00:38:39 [self-0001-0-expand] Map: 18 x 20 Turn: 330
2026-06-02 00:38:39 [self-0001-0-expand] Route planned: Target = 240 Mode = defense city-free reachable tiles = 268 Fallback-Tiles = 269
2026-06-02 00:38:39 [self-0001-0-expand] No move found: blocked tiles = 0 ignored cities = 0 own movable tiles = 0
2026-06-02 00:38:39 [self-0001-0-expand] My general index: 239
2026-06-02 00:38:39 [self-0001-0-expand] Enemy general index: None
2026-06-02 00:38:39 [self-0001-0-expand] Visible enemy tiles: 11
2026-06-02 00:38:39 [self-0001-0-expand] Tiles: 13 / 47
2026-06-02 00:38:39 [self-0001-0-expand] Map: 18 x 20 Turn: 331
2026-06-02 00:38:39 [self-0001-0-expand] Route planned: Target = 240 Mode = defense city-free reachable tiles = 268 Fallback-Tiles = 269
2026-06-02 00:38:39 [self-0001-0-expand] No move found: blocked tiles = 0 ignored cities = 0 own movable tiles = 0
2026-06-02 00:38:40 [self-0001-0-expand] My general index: 239
2026-06-02 00:38:40 [self-0001-0-expand] Enemy general index: None
2026-06-02 00:38:40 [self-0001-0-expand] Visible enemy tiles: 11
2026-06-02 00:38:40 [self-0001-0-expand] Tiles: 13 / 47
2026-06-02 00:38:40 [self-0001-0-expand] Map: 18 x 20 Turn: 332
2026-06-02 00:38:40 [self-0001-0-expand] Route planned: Target = 240 Mode = defense city-free reachable tiles = 268 Fallback-Tiles = 269
2026-06-02 00:38:40 [self-0001-0-expand] No move found: blocked tiles = 0 ignored cities = 0 own movable tiles = 0
2026-06-02 00:38:40 [self-0001-0-expand] My general index: 239
2026-06-02 00:38:40 [self-0001-0-expand] Enemy general index: None
2026-06-02 00:38:40 [self-0001-0-expand] Visible enemy tiles: 11
2026-06-02 00:38:40 [self-0001-0-expand] Tiles: 13 / 47
2026-06-02 00:38:40 [self-0001-0-expand] Map: 18 x 20 Turn: 333
2026-06-02 00:38:40 [self-0001-0-expand] Route planned: Target = 240 Mode = defense city-free reachable tiles = 268 Fallback-Tiles = 269
2026-06-02 00:38:40 [self-0001-0-expand] No move found: blocked tiles = 0 ignored cities = 0 own movable tiles = 0
2026-06-02 00:38:41 [self-0001-0-expand] My general index: 239
2026-06-02 00:38:41 [self-0001-0-expand] Enemy general index: None
2026-06-02 00:38:41 [self-0001-0-expand] Visible enemy tiles: 11
2026-06-02 00:38:41 [self-0001-0-expand] Tiles: 13 / 47
2026-06-02 00:38:41 [self-0001-0-expand] Map: 18 x 20 Turn: 334
2026-06-02 00:38:41 [self-0001-0-expand] Route planned: Target = 240 Mode = defense city-free reachable tiles = 268 Fallback-Tiles = 269
2026-06-02 00:38:41 [self-0001-0-expand] No move found: blocked tiles = 0 ignored cities = 0 own movable tiles = 0
2026-06-02 00:38:41 [self-0001-0-expand] My general index: 239
2026-06-02 00:38:41 [self-0001-0-expand] Enemy general index: None
2026-06-02 00:38:41 [self-0001-0-expand] Visible enemy tiles: 11
2026-06-02 00:38:41 [self-0001-0-expand] Tiles: 13 / 47
2026-06-02 00:38:41 [self-0001-0-expand] Map: 18 x 20 Turn: 335
2026-06-02 00:38:41 [self-0001-0-expand] Route planned: Target = 240 Mode = defense city-free reachable tiles = 268 Fallback-Tiles = 269
2026-06-02 00:38:41 [self-0001-0-expand] No move found: blocked tiles = 0 ignored cities = 0 own movable tiles = 0
2026-06-02 00:38:42 [self-0001-0-expand] My general index: 239
2026-06-02 00:38:42 [self-0001-0-expand] Enemy general index: None
2026-06-02 00:38:42 [self-0001-0-expand] Visible enemy tiles: 11
2026-06-02 00:38:42 [self-0001-0-expand] Tiles: 13 / 47
2026-06-02 00:38:42 [self-0001-0-expand] Map: 18 x 20 Turn: 336
2026-06-02 00:38:42 [self-0001-0-expand] Route planned: Target = 240 Mode = defense city-free reachable tiles = 268 Fallback-Tiles = 269
2026-06-02 00:38:42 [self-0001-0-expand] No move found: blocked tiles = 0 ignored cities = 0 own movable tiles = 0
2026-06-02 00:38:42 [self-0001-0-expand] My general index: 239
2026-06-02 00:38:42 [self-0001-0-expand] Enemy general index: None
2026-06-02 00:38:42 [self-0001-0-expand] Visible enemy tiles: 11
2026-06-02 00:38:42 [self-0001-0-expand] Tiles: 13 / 47
2026-06-02 00:38:42 [self-0001-0-expand] Map: 18 x 20 Turn: 337
2026-06-02 00:38:42 [self-0001-0-expand] Route planned: Target = 240 Mode = defense city-free reachable tiles = 268 Fallback-Tiles = 269
2026-06-02 00:38:42 [self-0001-0-expand] No move found: blocked tiles = 0 ignored cities = 0 own movable tiles = 0
2026-06-02 00:38:43 [self-0001-0-expand] My general index: 239
2026-06-02 00:38:43 [self-0001-0-expand] Enemy general index: None
2026-06-02 00:38:43 [self-0001-0-expand] Visible enemy tiles: 11
2026-06-02 00:38:43 [self-0001-0-expand] Tiles: 13 / 47
2026-06-02 00:38:43 [self-0001-0-expand] Map: 18 x 20 Turn: 338
2026-06-02 00:38:43 [self-0001-0-expand] Route planned: Target = 240 Mode = defense city-free reachable tiles = 268 Fallback-Tiles = 269
2026-06-02 00:38:43 [self-0001-0-expand] No move found: blocked tiles = 0 ignored cities = 0 own movable tiles = 0
2026-06-02 00:38:43 [self-0001-0-expand] My general index: 239
2026-06-02 00:38:43 [self-0001-0-expand] Enemy general index: None
2026-06-02 00:38:43 [self-0001-0-expand] Visible enemy tiles: 11
2026-06-02 00:38:43 [self-0001-0-expand] Tiles: 13 / 47
2026-06-02 00:38:43 [self-0001-0-expand] Map: 18 x 20 Turn: 339
2026-06-02 00:38:43 [self-0001-0-expand] Route planned: Target = 240 Mode = defense city-free reachable tiles = 268 Fallback-Tiles = 269
2026-06-02 00:38:43 [self-0001-0-expand] No move found: blocked tiles = 0 ignored cities = 0 own movable tiles = 0
2026-06-02 00:38:44 [self-0001-0-expand] My general index: 239
2026-06-02 00:38:44 [self-0001-0-expand] Enemy general index: None
2026-06-02 00:38:44 [self-0001-0-expand] Visible enemy tiles: 11
2026-06-02 00:38:44 [self-0001-0-expand] Tiles: 13 / 47
2026-06-02 00:38:44 [self-0001-0-expand] Map: 18 x 20 Turn: 340
2026-06-02 00:38:44 [self-0001-0-expand] Route planned: Target = 240 Mode = defense city-free reachable tiles = 268 Fallback-Tiles = 269
2026-06-02 00:38:44 [self-0001-0-expand] No move found: blocked tiles = 0 ignored cities = 0 own movable tiles = 0
2026-06-02 00:38:44 [self-0001-0-expand] My general index: 239
2026-06-02 00:38:44 [self-0001-0-expand] Enemy general index: None
2026-06-02 00:38:44 [self-0001-0-expand] Visible enemy tiles: 11
2026-06-02 00:38:44 [self-0001-0-expand] Tiles: 13 / 47
2026-06-02 00:38:44 [self-0001-0-expand] Map: 18 x 20 Turn: 341
2026-06-02 00:38:44 [self-0001-0-expand] Route planned: Target = 240 Mode = defense city-free reachable tiles = 268 Fallback-Tiles = 269
2026-06-02 00:38:44 [self-0001-0-expand] No move found: blocked tiles = 0 ignored cities = 0 own movable tiles = 0
2026-06-02 00:38:45 [self-0001-0-expand] My general index: 239
2026-06-02 00:38:45 [self-0001-0-expand] Enemy general index: None
2026-06-02 00:38:45 [self-0001-0-expand] Visible enemy tiles: 11
2026-06-02 00:38:45 [self-0001-0-expand] Tiles: 13 / 47
2026-06-02 00:38:45 [self-0001-0-expand] Map: 18 x 20 Turn: 342
2026-06-02 00:38:45 [self-0001-0-expand] Route planned: Target = 240 Mode = defense city-free reachable tiles = 268 Fallback-Tiles = 269
2026-06-02 00:38:45 [self-0001-0-expand] No move found: blocked tiles = 0 ignored cities = 0 own movable tiles = 0
2026-06-02 00:38:45 [self-0001-0-expand] My general index: 239
2026-06-02 00:38:45 [self-0001-0-expand] Enemy general index: None
2026-06-02 00:38:45 [self-0001-0-expand] Visible enemy tiles: 11
2026-06-02 00:38:45 [self-0001-0-expand] Tiles: 13 / 47
2026-06-02 00:38:45 [self-0001-0-expand] Map: 18 x 20 Turn: 343
2026-06-02 00:38:45 [self-0001-0-expand] Route planned: Target = 240 Mode = defense city-free reachable tiles = 268 Fallback-Tiles = 269
2026-06-02 00:38:45 [self-0001-0-expand] No move found: blocked tiles = 0 ignored cities = 0 own movable tiles = 0
2026-06-02 00:38:46 [self-0001-0-expand] My general index: 239
2026-06-02 00:38:46 [self-0001-0-expand] Enemy general index: None
2026-06-02 00:38:46 [self-0001-0-expand] Visible enemy tiles: 11
2026-06-02 00:38:46 [self-0001-0-expand] Tiles: 13 / 47
2026-06-02 00:38:46 [self-0001-0-expand] Map: 18 x 20 Turn: 344
2026-06-02 00:38:46 [self-0001-0-expand] Route planned: Target = 240 Mode = defense city-free reachable tiles = 268 Fallback-Tiles = 269
2026-06-02 00:38:46 [self-0001-0-expand] No move found: blocked tiles = 0 ignored cities = 0 own movable tiles = 0
2026-06-02 00:38:46 [self-0001-0-expand] My general index: 239
2026-06-02 00:38:46 [self-0001-0-expand] Enemy general index: None
2026-06-02 00:38:46 [self-0001-0-expand] Visible enemy tiles: 11
2026-06-02 00:38:46 [self-0001-0-expand] Tiles: 13 / 47
2026-06-02 00:38:46 [self-0001-0-expand] Map: 18 x 20 Turn: 345
2026-06-02 00:38:46 [self-0001-0-expand] Route planned: Target = 240 Mode = defense city-free reachable tiles = 268 Fallback-Tiles = 269
2026-06-02 00:38:46 [self-0001-0-expand] No move found: blocked tiles = 0 ignored cities = 0 own movable tiles = 0
2026-06-02 00:38:47 [self-0001-0-expand] My general index: 239
2026-06-02 00:38:47 [self-0001-0-expand] Enemy general index: None
2026-06-02 00:38:47 [self-0001-0-expand] Visible enemy tiles: 11
2026-06-02 00:38:47 [self-0001-0-expand] Tiles: 13 / 47
2026-06-02 00:38:47 [self-0001-0-expand] Map: 18 x 20 Turn: 346
2026-06-02 00:38:47 [self-0001-0-expand] Route planned: Target = 240 Mode = defense city-free reachable tiles = 268 Fallback-Tiles = 269
2026-06-02 00:38:47 [self-0001-0-expand] No move found: blocked tiles = 0 ignored cities = 0 own movable tiles = 0
2026-06-02 00:38:47 [self-0001-0-expand] Coach: stabilize tiles 13/47 army 72/171 cities 0/0 enemy_city_suspect False bias {'expansion_bias': 0.7, 'city_bias': 0.1, 'attack_bias': -0.4, 'defense_bias': 1.2, 'route_bias': 0.3}
2026-06-02 00:38:47 [self-0001-0-expand] My general index: 239
2026-06-02 00:38:47 [self-0001-0-expand] Enemy general index: None
2026-06-02 00:38:47 [self-0001-0-expand] Visible enemy tiles: 11
2026-06-02 00:38:47 [self-0001-0-expand] Tiles: 13 / 47
2026-06-02 00:38:47 [self-0001-0-expand] Map: 18 x 20 Turn: 347
2026-06-02 00:38:47 [self-0001-0-expand] Route planned: Target = 240 Mode = defense city-free reachable tiles = 268 Fallback-Tiles = 269
2026-06-02 00:38:47 [self-0001-0-expand] No move found: blocked tiles = 0 ignored cities = 0 own movable tiles = 0
2026-06-02 00:38:48 [self-0001-0-expand] My general index: 239
2026-06-02 00:38:48 [self-0001-0-expand] Enemy general index: None
2026-06-02 00:38:48 [self-0001-0-expand] Visible enemy tiles: 11
2026-06-02 00:38:48 [self-0001-0-expand] Tiles: 13 / 47
2026-06-02 00:38:48 [self-0001-0-expand] Map: 18 x 20 Turn: 348
2026-06-02 00:38:48 [self-0001-0-expand] Route planned: Target = 240 Mode = defense city-free reachable tiles = 268 Fallback-Tiles = 269
2026-06-02 00:38:48 [self-0001-0-expand] No move found: blocked tiles = 0 ignored cities = 0 own movable tiles = 1
2026-06-02 00:38:48 [self-0001-0-expand] My general index: 239
2026-06-02 00:38:48 [self-0001-0-expand] Enemy general index: None
2026-06-02 00:38:48 [self-0001-0-expand] Visible enemy tiles: 11
2026-06-02 00:38:48 [self-0001-0-expand] Tiles: 13 / 47
2026-06-02 00:38:48 [self-0001-0-expand] Map: 18 x 20 Turn: 349
2026-06-02 00:38:48 [self-0001-0-expand] Route planned: Target = 240 Mode = defense city-free reachable tiles = 268 Fallback-Tiles = 269
2026-06-02 00:38:48 [self-0001-0-expand] No move found: blocked tiles = 0 ignored cities = 0 own movable tiles = 1
2026-06-02 00:38:49 [self-0001-0-expand] My general index: 239
2026-06-02 00:38:49 [self-0001-0-expand] Enemy general index: None
2026-06-02 00:38:49 [self-0001-0-expand] Visible enemy tiles: 11
2026-06-02 00:38:49 [self-0001-0-expand] Tiles: 13 / 47
2026-06-02 00:38:49 [self-0001-0-expand] Map: 18 x 20 Turn: 350
2026-06-02 00:38:49 [self-0001-0-expand] Route planned: Target = 240 Mode = defense city-free reachable tiles = 268 Fallback-Tiles = 269
2026-06-02 00:38:49 [self-0001-0-expand] Move #304: 239 -> 240 | Army: 63 | Target-Terrain: 1 | Target: 240 | Half: True
2026-06-02 00:38:49 [self-0001-0-expand] My general index: 239
2026-06-02 00:38:49 [self-0001-0-expand] Enemy general index: None
2026-06-02 00:38:49 [self-0001-0-expand] Visible enemy tiles: 11
2026-06-02 00:38:49 [self-0001-0-expand] Tiles: 13 / 47
2026-06-02 00:38:49 [self-0001-0-expand] Map: 18 x 20 Turn: 351
2026-06-02 00:38:49 [self-0001-0-expand] Route planned: Target = 240 Mode = defense city-free reachable tiles = 268 Fallback-Tiles = 269
2026-06-02 00:38:49 [self-0001-0-expand] Move #305: 260 -> 259 | Army: 2 | Target-Terrain: 0 | Target: 240 | Half: False
2026-06-02 00:38:50 [self-0001-0-expand] My general index: 239
2026-06-02 00:38:50 [self-0001-0-expand] Enemy general index: None
2026-06-02 00:38:50 [self-0001-0-expand] Visible enemy tiles: 11
2026-06-02 00:38:50 [self-0001-0-expand] Tiles: 13 / 47
2026-06-02 00:38:50 [self-0001-0-expand] Map: 18 x 20 Turn: 352
2026-06-02 00:38:50 [self-0001-0-expand] Route planned: Target = 240 Mode = defense city-free reachable tiles = 268 Fallback-Tiles = 269
2026-06-02 00:38:50 [self-0001-0-expand] Priority agent: flow +6000 base = 139113 final = 145113
2026-06-02 00:38:50 [self-0001-0-expand] Move #306: 259 -> 258 | Army: 3 | Target-Terrain: 0 | Target: 240 | Half: False
2026-06-02 00:38:50 [self-0001-0-expand] My general index: 239
2026-06-02 00:38:50 [self-0001-0-expand] Enemy general index: None
2026-06-02 00:38:50 [self-0001-0-expand] Visible enemy tiles: 11
2026-06-02 00:38:50 [self-0001-0-expand] Tiles: 13 / 47
2026-06-02 00:38:50 [self-0001-0-expand] Map: 18 x 20 Turn: 353
2026-06-02 00:38:50 [self-0001-0-expand] Route planned: Target = 240 Mode = defense city-free reachable tiles = 268 Fallback-Tiles = 269
2026-06-02 00:38:50 [self-0001-0-expand] Move #307: 221 -> 239 | Army: 2 | Target-Terrain: 0 | Target: 240 | Half: False
2026-06-02 00:38:51 [self-0001-0-expand] My general index: 239
2026-06-02 00:38:51 [self-0001-0-expand] Enemy general index: None
2026-06-02 00:38:51 [self-0001-0-expand] Visible enemy tiles: 11
2026-06-02 00:38:51 [self-0001-0-expand] Tiles: 13 / 47
2026-06-02 00:38:51 [self-0001-0-expand] Map: 18 x 20 Turn: 354
2026-06-02 00:38:51 [self-0001-0-expand] Route planned: Target = 240 Mode = defense city-free reachable tiles = 268 Fallback-Tiles = 269
2026-06-02 00:38:51 [self-0001-0-expand] Move #308: 257 -> 239 | Army: 2 | Target-Terrain: 0 | Target: 240 | Half: False
2026-06-02 00:38:51 [self-0001-0-expand] My general index: 239
2026-06-02 00:38:51 [self-0001-0-expand] Enemy general index: None
2026-06-02 00:38:51 [self-0001-0-expand] Visible enemy tiles: 11
2026-06-02 00:38:51 [self-0001-0-expand] Tiles: 13 / 47
2026-06-02 00:38:51 [self-0001-0-expand] Map: 18 x 20 Turn: 355
2026-06-02 00:38:51 [self-0001-0-expand] Route planned: Target = 240 Mode = defense city-free reachable tiles = 268 Fallback-Tiles = 269
2026-06-02 00:38:51 [self-0001-0-expand] Priority agent: edge reuse -9000 base = 146422 final = 137422
2026-06-02 00:38:51 [self-0001-0-expand] Move #309: 220 -> 238 | Army: 2 | Target-Terrain: 0 | Target: 240 | Half: False
2026-06-02 00:38:52 [self-0001-0-expand] My general index: 239
2026-06-02 00:38:52 [self-0001-0-expand] Enemy general index: None
2026-06-02 00:38:52 [self-0001-0-expand] Visible enemy tiles: 11
2026-06-02 00:38:52 [self-0001-0-expand] Tiles: 13 / 47
2026-06-02 00:38:52 [self-0001-0-expand] Map: 18 x 20 Turn: 356
2026-06-02 00:38:52 [self-0001-0-expand] Route planned: Target = 240 Mode = defense city-free reachable tiles = 268 Fallback-Tiles = 269
2026-06-02 00:38:52 [self-0001-0-expand] Priority agent: edge reuse -9000, flow +6000 base = 144463 final = 141463
2026-06-02 00:38:52 [self-0001-0-expand] Move #310: 238 -> 239 | Army: 3 | Target-Terrain: 0 | Target: 240 | Half: False
2026-06-02 00:38:52 [self-0001-0-expand] My general index: 239
2026-06-02 00:38:52 [self-0001-0-expand] Enemy general index: None
2026-06-02 00:38:52 [self-0001-0-expand] Visible enemy tiles: 11
2026-06-02 00:38:52 [self-0001-0-expand] Tiles: 13 / 47
2026-06-02 00:38:52 [self-0001-0-expand] Map: 18 x 20 Turn: 357
2026-06-02 00:38:52 [self-0001-0-expand] Route planned: Target = 240 Mode = defense city-free reachable tiles = 268 Fallback-Tiles = 269
2026-06-02 00:38:52 [self-0001-0-expand] Move #311: 261 -> 260 | Army: 2 | Target-Terrain: 0 | Target: 240 | Half: False
2026-06-02 00:38:53 [self-0001-0-expand] My general index: 239
2026-06-02 00:38:53 [self-0001-0-expand] Enemy general index: None
2026-06-02 00:38:53 [self-0001-0-expand] Visible enemy tiles: 11
2026-06-02 00:38:53 [self-0001-0-expand] Tiles: 13 / 47
2026-06-02 00:38:53 [self-0001-0-expand] Map: 18 x 20 Turn: 358
2026-06-02 00:38:53 [self-0001-0-expand] Route planned: Target = 240 Mode = defense city-free reachable tiles = 268 Fallback-Tiles = 269
2026-06-02 00:38:53 [self-0001-0-expand] Priority agent: edge reuse -9000, flow +6000 base = 144022 final = 141022
2026-06-02 00:38:53 [self-0001-0-expand] Move #312: 260 -> 259 | Army: 2 | Target-Terrain: 0 | Target: 240 | Half: False
2026-06-02 00:38:53 [self-0001-0-expand] My general index: 239
2026-06-02 00:38:53 [self-0001-0-expand] Enemy general index: None
2026-06-02 00:38:53 [self-0001-0-expand] Visible enemy tiles: 11
2026-06-02 00:38:53 [self-0001-0-expand] Tiles: 13 / 47
2026-06-02 00:38:53 [self-0001-0-expand] Map: 18 x 20 Turn: 359
2026-06-02 00:38:53 [self-0001-0-expand] Route planned: Target = 240 Mode = defense city-free reachable tiles = 268 Fallback-Tiles = 269
2026-06-02 00:38:53 [self-0001-0-expand] Move #313: 278 -> 260 | Army: 2 | Target-Terrain: 0 | Target: 240 | Half: False
2026-06-02 00:38:54 [self-0001-0-expand] My general index: 239
2026-06-02 00:38:54 [self-0001-0-expand] Enemy general index: None
2026-06-02 00:38:54 [self-0001-0-expand] Visible enemy tiles: 11
2026-06-02 00:38:54 [self-0001-0-expand] Tiles: 13 / 47
2026-06-02 00:38:54 [self-0001-0-expand] Map: 18 x 20 Turn: 360
2026-06-02 00:38:54 [self-0001-0-expand] Route planned: Target = 240 Mode = defense city-free reachable tiles = 268 Fallback-Tiles = 269
2026-06-02 00:38:54 [self-0001-0-expand] Move #314: 202 -> 220 | Army: 2 | Target-Terrain: 0 | Target: 240 | Half: False
2026-06-02 00:38:54 [self-0001-0-expand] My general index: 239
2026-06-02 00:38:54 [self-0001-0-expand] Enemy general index: None
2026-06-02 00:38:54 [self-0001-0-expand] Visible enemy tiles: 11
2026-06-02 00:38:54 [self-0001-0-expand] Tiles: 13 / 47
2026-06-02 00:38:54 [self-0001-0-expand] Map: 18 x 20 Turn: 361
2026-06-02 00:38:54 [self-0001-0-expand] Route planned: Target = 240 Mode = defense city-free reachable tiles = 268 Fallback-Tiles = 269
2026-06-02 00:38:54 [self-0001-0-expand] Priority agent: edge reuse -9000, flow +6000 base = 146422 final = 143422
2026-06-02 00:38:54 [self-0001-0-expand] Move #315: 220 -> 238 | Army: 2 | Target-Terrain: 0 | Target: 240 | Half: False
2026-06-02 00:38:55 [self-0001-0-expand] My general index: 239
2026-06-02 00:38:55 [self-0001-0-expand] Enemy general index: None
2026-06-02 00:38:55 [self-0001-0-expand] Visible enemy tiles: 11
2026-06-02 00:38:55 [self-0001-0-expand] Tiles: 13 / 47
2026-06-02 00:38:55 [self-0001-0-expand] Map: 18 x 20 Turn: 362
2026-06-02 00:38:55 [self-0001-0-expand] Route planned: Target = 240 Mode = defense city-free reachable tiles = 268 Fallback-Tiles = 269
2026-06-02 00:38:55 [self-0001-0-expand] Priority agent: edge reuse -9000, flow +6000 base = 142262 final = 139262
2026-06-02 00:38:55 [self-0001-0-expand] Move #316: 238 -> 239 | Army: 2 | Target-Terrain: 0 | Target: 240 | Half: False
2026-06-02 00:38:55 [self-0001-0-expand] My general index: 239
2026-06-02 00:38:55 [self-0001-0-expand] Enemy general index: None
2026-06-02 00:38:55 [self-0001-0-expand] Visible enemy tiles: 11
2026-06-02 00:38:55 [self-0001-0-expand] Tiles: 13 / 47
2026-06-02 00:38:55 [self-0001-0-expand] Map: 18 x 20 Turn: 363
2026-06-02 00:38:55 [self-0001-0-expand] Route planned: Target = 240 Mode = defense city-free reachable tiles = 268 Fallback-Tiles = 269
2026-06-02 00:38:55 [self-0001-0-expand] Move #317: 184 -> 202 | Army: 2 | Target-Terrain: 0 | Target: 240 | Half: False
2026-06-02 00:38:56 [self-0001-0-expand] My general index: 239
2026-06-02 00:38:56 [self-0001-0-expand] Enemy general index: None
2026-06-02 00:38:56 [self-0001-0-expand] Visible enemy tiles: 11
2026-06-02 00:38:56 [self-0001-0-expand] Tiles: 13 / 47
2026-06-02 00:38:56 [self-0001-0-expand] Map: 18 x 20 Turn: 364
2026-06-02 00:38:56 [self-0001-0-expand] Route planned: Target = 240 Mode = defense city-free reachable tiles = 268 Fallback-Tiles = 269
2026-06-02 00:38:56 [self-0001-0-expand] Priority agent: edge reuse -9000, flow +6000 base = 136732 final = 133732
2026-06-02 00:38:56 [self-0001-0-expand] Move #318: 202 -> 220 | Army: 2 | Target-Terrain: 0 | Target: 240 | Half: False
2026-06-02 00:38:56 [self-0001-0-expand] My general index: 239
2026-06-02 00:38:56 [self-0001-0-expand] Enemy general index: None
2026-06-02 00:38:56 [self-0001-0-expand] Visible enemy tiles: 12
2026-06-02 00:38:56 [self-0001-0-expand] Tiles: 12 / 48
2026-06-02 00:38:56 [self-0001-0-expand] Map: 18 x 20 Turn: 365
2026-06-02 00:38:56 [self-0001-0-expand] Route planned: Target = 240 Mode = defense city-free reachable tiles = 268 Fallback-Tiles = 269
2026-06-02 00:38:56 [self-0001-0-expand] Priority agent: flow +6000 base = 134972 final = 140972
2026-06-02 00:38:56 [self-0001-0-expand] Move #319: 220 -> 221 | Army: 2 | Target-Terrain: 0 | Target: 240 | Half: False
2026-06-02 00:38:57 [self-0001-0-expand] My general index: 239
2026-06-02 00:38:57 [self-0001-0-expand] Enemy general index: None
2026-06-02 00:38:57 [self-0001-0-expand] Visible enemy tiles: 12
2026-06-02 00:38:57 [self-0001-0-expand] Tiles: 12 / 48
2026-06-02 00:38:57 [self-0001-0-expand] Map: 18 x 20 Turn: 366
2026-06-02 00:38:57 [self-0001-0-expand] Route planned: Target = 240 Mode = defense city-free reachable tiles = 268 Fallback-Tiles = 269
2026-06-02 00:38:57 [self-0001-0-expand] Priority agent: edge reuse -9000, flow +6000 base = 145312 final = 142312
2026-06-02 00:38:57 [self-0001-0-expand] Move #320: 221 -> 239 | Army: 2 | Target-Terrain: 0 | Target: 240 | Half: False
2026-06-02 00:38:57 [self-0001-0-expand] My general index: 239
2026-06-02 00:38:57 [self-0001-0-expand] Enemy general index: None
2026-06-02 00:38:57 [self-0001-0-expand] Visible enemy tiles: 12
2026-06-02 00:38:57 [self-0001-0-expand] Tiles: 12 / 48
2026-06-02 00:38:57 [self-0001-0-expand] Map: 18 x 20 Turn: 367
2026-06-02 00:38:57 [self-0001-0-expand] Route planned: Target = 240 Mode = defense city-free reachable tiles = 268 Fallback-Tiles = 269
2026-06-02 00:38:57 [self-0001-0-expand] Move #321: 259 -> 258 | Army: 2 | Target-Terrain: 0 | Target: 240 | Half: False
2026-06-02 00:38:58 [self-0001-0-expand] My general index: 239
2026-06-02 00:38:58 [self-0001-0-expand] Enemy general index: None
2026-06-02 00:38:58 [self-0001-0-expand] Visible enemy tiles: 12
2026-06-02 00:38:58 [self-0001-0-expand] Tiles: 12 / 48
2026-06-02 00:38:58 [self-0001-0-expand] Map: 18 x 20 Turn: 368
2026-06-02 00:38:58 [self-0001-0-expand] Route planned: Target = 240 Mode = defense city-free reachable tiles = 268 Fallback-Tiles = 269
2026-06-02 00:38:58 [self-0001-0-expand] Priority agent: edge reuse -9000 base = 144022 final = 135022
2026-06-02 00:38:58 [self-0001-0-expand] Move #322: 260 -> 259 | Army: 2 | Target-Terrain: 0 | Target: 240 | Half: False
2026-06-02 00:38:58 [self-0001-0-expand] My general index: 239
2026-06-02 00:38:58 [self-0001-0-expand] Enemy general index: None
2026-06-02 00:38:58 [self-0001-0-expand] Visible enemy tiles: 12
2026-06-02 00:38:58 [self-0001-0-expand] Tiles: 12 / 48
2026-06-02 00:38:58 [self-0001-0-expand] Map: 18 x 20 Turn: 369
2026-06-02 00:38:58 [self-0001-0-expand] Route planned: Target = 240 Mode = defense city-free reachable tiles = 268 Fallback-Tiles = 269
2026-06-02 00:38:58 [self-0001-0-expand] Priority agent: edge reuse -9000, flow +6000 base = 136912 final = 133912
2026-06-02 00:38:58 [self-0001-0-expand] Move #323: 259 -> 258 | Army: 2 | Target-Terrain: 0 | Target: 240 | Half: False
2026-06-02 00:38:59 [self-0001-0-expand] My general index: 239
2026-06-02 00:38:59 [self-0001-0-expand] Enemy general index: None
2026-06-02 00:38:59 [self-0001-0-expand] Visible enemy tiles: 12
2026-06-02 00:38:59 [self-0001-0-expand] Tiles: 12 / 48
2026-06-02 00:38:59 [self-0001-0-expand] Map: 18 x 20 Turn: 370
2026-06-02 00:38:59 [self-0001-0-expand] Route planned: Target = 240 Mode = defense city-free reachable tiles = 268 Fallback-Tiles = 269
2026-06-02 00:38:59 [self-0001-0-expand] Priority agent: flow +6000 base = 32826 final = 38826
2026-06-02 00:38:59 [self-0001-0-expand] Move #324: 258 -> 276 | Army: 6 | Target-Terrain: 1 | Target: 240 | Half: False
2026-06-02 00:38:59 [self-0001-0-expand] My general index: 239
2026-06-02 00:38:59 [self-0001-0-expand] Enemy general index: None
2026-06-02 00:38:59 [self-0001-0-expand] Visible enemy tiles: 11
2026-06-02 00:38:59 [self-0001-0-expand] Tiles: 13 / 47
2026-06-02 00:38:59 [self-0001-0-expand] Map: 18 x 20 Turn: 371
2026-06-02 00:38:59 [self-0001-0-expand] Route planned: Target = 240 Mode = defense city-free reachable tiles = 268 Fallback-Tiles = 269
2026-06-02 00:38:59 [self-0001-0-expand] Priority agent: reverse -35000, edge reuse -9000 base = 107113 final = 63113
2026-06-02 00:38:59 [self-0001-0-expand] Move #325: 276 -> 258 | Army: 3 | Target-Terrain: 0 | Target: 240 | Half: False
2026-06-02 00:39:00 [self-0001-0-expand] My general index: 239
2026-06-02 00:39:00 [self-0001-0-expand] Enemy general index: None
2026-06-02 00:39:00 [self-0001-0-expand] Visible enemy tiles: 11
2026-06-02 00:39:00 [self-0001-0-expand] Tiles: 13 / 47
2026-06-02 00:39:00 [self-0001-0-expand] Map: 18 x 20 Turn: 372
2026-06-02 00:39:00 [self-0001-0-expand] Route planned: Target = 240 Mode = defense city-free reachable tiles = 268 Fallback-Tiles = 269
2026-06-02 00:39:00 [self-0001-0-expand] No move found: blocked tiles = 2 ignored cities = 0 own movable tiles = 2
2026-06-02 00:39:00 [self-0001-0-expand] My general index: 239
2026-06-02 00:39:00 [self-0001-0-expand] Enemy general index: None
2026-06-02 00:39:00 [self-0001-0-expand] Visible enemy tiles: 11
2026-06-02 00:39:00 [self-0001-0-expand] Tiles: 13 / 47
2026-06-02 00:39:00 [self-0001-0-expand] Map: 18 x 20 Turn: 373
2026-06-02 00:39:00 [self-0001-0-expand] Route planned: Target = 240 Mode = defense city-free reachable tiles = 268 Fallback-Tiles = 269
2026-06-02 00:39:00 [self-0001-0-expand] No move found: blocked tiles = 2 ignored cities = 0 own movable tiles = 2
2026-06-02 00:39:01 [self-0001-0-expand] My general index: 239
2026-06-02 00:39:01 [self-0001-0-expand] Enemy general index: None
2026-06-02 00:39:01 [self-0001-0-expand] Visible enemy tiles: 11
2026-06-02 00:39:01 [self-0001-0-expand] Tiles: 13 / 47
2026-06-02 00:39:01 [self-0001-0-expand] Map: 18 x 20 Turn: 374
2026-06-02 00:39:01 [self-0001-0-expand] Route planned: Target = 240 Mode = defense city-free reachable tiles = 268 Fallback-Tiles = 269
2026-06-02 00:39:01 [self-0001-0-expand] No move found: blocked tiles = 2 ignored cities = 0 own movable tiles = 2
2026-06-02 00:39:01 [self-0001-0-expand] My general index: 239
2026-06-02 00:39:01 [self-0001-0-expand] Enemy general index: None
2026-06-02 00:39:01 [self-0001-0-expand] Visible enemy tiles: 11
2026-06-02 00:39:01 [self-0001-0-expand] Tiles: 13 / 47
2026-06-02 00:39:01 [self-0001-0-expand] Map: 18 x 20 Turn: 375
2026-06-02 00:39:01 [self-0001-0-expand] Route planned: Target = 240 Mode = defense city-free reachable tiles = 268 Fallback-Tiles = 269
2026-06-02 00:39:01 [self-0001-0-expand] No move found: blocked tiles = 2 ignored cities = 0 own movable tiles = 2
2026-06-02 00:39:02 [self-0001-0-expand] My general index: 239
2026-06-02 00:39:02 [self-0001-0-expand] Enemy general index: None
2026-06-02 00:39:02 [self-0001-0-expand] Visible enemy tiles: 11
2026-06-02 00:39:02 [self-0001-0-expand] Tiles: 13 / 47
2026-06-02 00:39:02 [self-0001-0-expand] Map: 18 x 20 Turn: 376
2026-06-02 00:39:02 [self-0001-0-expand] Route planned: Target = 240 Mode = defense city-free reachable tiles = 268 Fallback-Tiles = 269
2026-06-02 00:39:02 [self-0001-0-expand] No move found: blocked tiles = 2 ignored cities = 0 own movable tiles = 2
2026-06-02 00:39:02 [self-0001-0-expand] My general index: 239
2026-06-02 00:39:02 [self-0001-0-expand] Enemy general index: None
2026-06-02 00:39:02 [self-0001-0-expand] Visible enemy tiles: 11
2026-06-02 00:39:02 [self-0001-0-expand] Tiles: 13 / 47
2026-06-02 00:39:02 [self-0001-0-expand] Map: 18 x 20 Turn: 377
2026-06-02 00:39:02 [self-0001-0-expand] Route planned: Target = 240 Mode = defense city-free reachable tiles = 268 Fallback-Tiles = 269
2026-06-02 00:39:02 [self-0001-0-expand] No move found: blocked tiles = 2 ignored cities = 0 own movable tiles = 2
2026-06-02 00:39:03 [self-0001-0-expand] My general index: 239
2026-06-02 00:39:03 [self-0001-0-expand] Enemy general index: None
2026-06-02 00:39:03 [self-0001-0-expand] Visible enemy tiles: 11
2026-06-02 00:39:03 [self-0001-0-expand] Tiles: 13 / 47
2026-06-02 00:39:03 [self-0001-0-expand] Map: 18 x 20 Turn: 378
2026-06-02 00:39:03 [self-0001-0-expand] Route planned: Target = 240 Mode = defense city-free reachable tiles = 268 Fallback-Tiles = 269
2026-06-02 00:39:03 [self-0001-0-expand] No move found: blocked tiles = 2 ignored cities = 0 own movable tiles = 2
2026-06-02 00:39:03 [self-0001-0-expand] My general index: 239
2026-06-02 00:39:03 [self-0001-0-expand] Enemy general index: None
2026-06-02 00:39:03 [self-0001-0-expand] Visible enemy tiles: 11
2026-06-02 00:39:03 [self-0001-0-expand] Tiles: 13 / 47
2026-06-02 00:39:03 [self-0001-0-expand] Map: 18 x 20 Turn: 379
2026-06-02 00:39:03 [self-0001-0-expand] Route planned: Target = 240 Mode = defense city-free reachable tiles = 268 Fallback-Tiles = 269
2026-06-02 00:39:03 [self-0001-0-expand] No move found: blocked tiles = 2 ignored cities = 0 own movable tiles = 2
2026-06-02 00:39:04 [self-0001-0-expand] My general index: 239
2026-06-02 00:39:04 [self-0001-0-expand] Enemy general index: None
2026-06-02 00:39:04 [self-0001-0-expand] Visible enemy tiles: 11
2026-06-02 00:39:04 [self-0001-0-expand] Tiles: 13 / 47
2026-06-02 00:39:04 [self-0001-0-expand] Map: 18 x 20 Turn: 380
2026-06-02 00:39:04 [self-0001-0-expand] Route planned: Target = 240 Mode = defense city-free reachable tiles = 268 Fallback-Tiles = 269
2026-06-02 00:39:04 [self-0001-0-expand] No move found: blocked tiles = 2 ignored cities = 0 own movable tiles = 2
2026-06-02 00:39:04 [self-0001-0-expand] My general index: 239
2026-06-02 00:39:04 [self-0001-0-expand] Enemy general index: None
2026-06-02 00:39:04 [self-0001-0-expand] Visible enemy tiles: 11
2026-06-02 00:39:04 [self-0001-0-expand] Tiles: 13 / 47
2026-06-02 00:39:04 [self-0001-0-expand] Map: 18 x 20 Turn: 381
2026-06-02 00:39:04 [self-0001-0-expand] Route planned: Target = 240 Mode = defense city-free reachable tiles = 268 Fallback-Tiles = 269
2026-06-02 00:39:04 [self-0001-0-expand] No move found: blocked tiles = 2 ignored cities = 0 own movable tiles = 2
2026-06-02 00:39:05 [self-0001-0-expand] My general index: 239
2026-06-02 00:39:05 [self-0001-0-expand] Enemy general index: None
2026-06-02 00:39:05 [self-0001-0-expand] Visible enemy tiles: 11
2026-06-02 00:39:05 [self-0001-0-expand] Tiles: 13 / 47
2026-06-02 00:39:05 [self-0001-0-expand] Map: 18 x 20 Turn: 382
2026-06-02 00:39:05 [self-0001-0-expand] Route planned: Target = 240 Mode = defense city-free reachable tiles = 268 Fallback-Tiles = 269
2026-06-02 00:39:05 [self-0001-0-expand] No move found: blocked tiles = 2 ignored cities = 0 own movable tiles = 2
2026-06-02 00:39:05 [self-0001-0-expand] My general index: 239
2026-06-02 00:39:05 [self-0001-0-expand] Enemy general index: None
2026-06-02 00:39:05 [self-0001-0-expand] Visible enemy tiles: 11
2026-06-02 00:39:05 [self-0001-0-expand] Tiles: 13 / 47
2026-06-02 00:39:05 [self-0001-0-expand] Map: 18 x 20 Turn: 383
2026-06-02 00:39:05 [self-0001-0-expand] Route planned: Target = 240 Mode = defense city-free reachable tiles = 268 Fallback-Tiles = 269
2026-06-02 00:39:05 [self-0001-0-expand] No move found: blocked tiles = 2 ignored cities = 0 own movable tiles = 2
2026-06-02 00:39:06 [self-0001-0-expand] My general index: 239
2026-06-02 00:39:06 [self-0001-0-expand] Enemy general index: None
2026-06-02 00:39:06 [self-0001-0-expand] Visible enemy tiles: 11
2026-06-02 00:39:06 [self-0001-0-expand] Tiles: 13 / 47
2026-06-02 00:39:06 [self-0001-0-expand] Map: 18 x 20 Turn: 384
2026-06-02 00:39:06 [self-0001-0-expand] Route planned: Target = 240 Mode = defense city-free reachable tiles = 268 Fallback-Tiles = 269
2026-06-02 00:39:06 [self-0001-0-expand] No move found: blocked tiles = 2 ignored cities = 0 own movable tiles = 2
2026-06-02 00:39:06 [self-0001-0-expand] My general index: 239
2026-06-02 00:39:06 [self-0001-0-expand] Enemy general index: None
2026-06-02 00:39:06 [self-0001-0-expand] Visible enemy tiles: 11
2026-06-02 00:39:06 [self-0001-0-expand] Tiles: 13 / 47
2026-06-02 00:39:06 [self-0001-0-expand] Map: 18 x 20 Turn: 385
2026-06-02 00:39:06 [self-0001-0-expand] Route planned: Target = 240 Mode = defense city-free reachable tiles = 268 Fallback-Tiles = 269
2026-06-02 00:39:06 [self-0001-0-expand] No move found: blocked tiles = 2 ignored cities = 0 own movable tiles = 2
2026-06-02 00:39:07 [self-0001-0-expand] My general index: 239
2026-06-02 00:39:07 [self-0001-0-expand] Enemy general index: None
2026-06-02 00:39:07 [self-0001-0-expand] Visible enemy tiles: 11
2026-06-02 00:39:07 [self-0001-0-expand] Tiles: 13 / 47
2026-06-02 00:39:07 [self-0001-0-expand] Map: 18 x 20 Turn: 386
2026-06-02 00:39:07 [self-0001-0-expand] Route planned: Target = 240 Mode = defense city-free reachable tiles = 268 Fallback-Tiles = 269
2026-06-02 00:39:07 [self-0001-0-expand] No move found: blocked tiles = 2 ignored cities = 0 own movable tiles = 2
2026-06-02 00:39:07 [self-0001-0-expand] My general index: 239
2026-06-02 00:39:07 [self-0001-0-expand] Enemy general index: None
2026-06-02 00:39:07 [self-0001-0-expand] Visible enemy tiles: 11
2026-06-02 00:39:07 [self-0001-0-expand] Tiles: 13 / 47
2026-06-02 00:39:07 [self-0001-0-expand] Map: 18 x 20 Turn: 387
2026-06-02 00:39:07 [self-0001-0-expand] Route planned: Target = 240 Mode = defense city-free reachable tiles = 268 Fallback-Tiles = 269
2026-06-02 00:39:07 [self-0001-0-expand] No move found: blocked tiles = 2 ignored cities = 0 own movable tiles = 2
2026-06-02 00:39:08 [self-0001-0-expand] My general index: 239
2026-06-02 00:39:08 [self-0001-0-expand] Enemy general index: None
2026-06-02 00:39:08 [self-0001-0-expand] Visible enemy tiles: 11
2026-06-02 00:39:08 [self-0001-0-expand] Tiles: 13 / 47
2026-06-02 00:39:08 [self-0001-0-expand] Map: 18 x 20 Turn: 388
2026-06-02 00:39:08 [self-0001-0-expand] Route planned: Target = 240 Mode = defense city-free reachable tiles = 268 Fallback-Tiles = 269
2026-06-02 00:39:08 [self-0001-0-expand] No move found: blocked tiles = 2 ignored cities = 0 own movable tiles = 2
2026-06-02 00:39:08 [self-0001-0-expand] My general index: 239
2026-06-02 00:39:08 [self-0001-0-expand] Enemy general index: None
2026-06-02 00:39:08 [self-0001-0-expand] Visible enemy tiles: 11
2026-06-02 00:39:08 [self-0001-0-expand] Tiles: 13 / 47
2026-06-02 00:39:08 [self-0001-0-expand] Map: 18 x 20 Turn: 389
2026-06-02 00:39:08 [self-0001-0-expand] Route planned: Target = 240 Mode = defense city-free reachable tiles = 268 Fallback-Tiles = 269
2026-06-02 00:39:08 [self-0001-0-expand] No move found: blocked tiles = 2 ignored cities = 0 own movable tiles = 2
2026-06-02 00:39:09 [self-0001-0-expand] My general index: 239
2026-06-02 00:39:09 [self-0001-0-expand] Enemy general index: None
2026-06-02 00:39:09 [self-0001-0-expand] Visible enemy tiles: 11
2026-06-02 00:39:09 [self-0001-0-expand] Tiles: 13 / 47
2026-06-02 00:39:09 [self-0001-0-expand] Map: 18 x 20 Turn: 390
2026-06-02 00:39:09 [self-0001-0-expand] Route planned: Target = 240 Mode = defense city-free reachable tiles = 268 Fallback-Tiles = 269
2026-06-02 00:39:09 [self-0001-0-expand] No move found: blocked tiles = 2 ignored cities = 0 own movable tiles = 2
2026-06-02 00:39:09 [self-0001-0-expand] My general index: 239
2026-06-02 00:39:09 [self-0001-0-expand] Enemy general index: None
2026-06-02 00:39:09 [self-0001-0-expand] Visible enemy tiles: 11
2026-06-02 00:39:09 [self-0001-0-expand] Tiles: 13 / 47
2026-06-02 00:39:09 [self-0001-0-expand] Map: 18 x 20 Turn: 391
2026-06-02 00:39:09 [self-0001-0-expand] Route planned: Target = 240 Mode = defense city-free reachable tiles = 268 Fallback-Tiles = 269
2026-06-02 00:39:09 [self-0001-0-expand] No move found: blocked tiles = 2 ignored cities = 0 own movable tiles = 2
2026-06-02 00:39:10 [self-0001-0-expand] My general index: 239
2026-06-02 00:39:10 [self-0001-0-expand] Enemy general index: None
2026-06-02 00:39:10 [self-0001-0-expand] Visible enemy tiles: 11
2026-06-02 00:39:10 [self-0001-0-expand] Tiles: 13 / 47
2026-06-02 00:39:10 [self-0001-0-expand] Map: 18 x 20 Turn: 392
2026-06-02 00:39:10 [self-0001-0-expand] Route planned: Target = 240 Mode = defense city-free reachable tiles = 268 Fallback-Tiles = 269
2026-06-02 00:39:10 [self-0001-0-expand] No move found: blocked tiles = 2 ignored cities = 0 own movable tiles = 2
2026-06-02 00:39:10 [self-0001-0-expand] My general index: 239
2026-06-02 00:39:10 [self-0001-0-expand] Enemy general index: None
2026-06-02 00:39:10 [self-0001-0-expand] Visible enemy tiles: 11
2026-06-02 00:39:10 [self-0001-0-expand] Tiles: 13 / 47
2026-06-02 00:39:10 [self-0001-0-expand] Map: 18 x 20 Turn: 393
2026-06-02 00:39:10 [self-0001-0-expand] Route planned: Target = 240 Mode = defense city-free reachable tiles = 268 Fallback-Tiles = 269
2026-06-02 00:39:10 [self-0001-0-expand] No move found: blocked tiles = 2 ignored cities = 0 own movable tiles = 2
2026-06-02 00:39:11 [self-0001-0-expand] My general index: 239
2026-06-02 00:39:11 [self-0001-0-expand] Enemy general index: None
2026-06-02 00:39:11 [self-0001-0-expand] Visible enemy tiles: 11
2026-06-02 00:39:11 [self-0001-0-expand] Tiles: 13 / 47
2026-06-02 00:39:11 [self-0001-0-expand] Map: 18 x 20 Turn: 394
2026-06-02 00:39:11 [self-0001-0-expand] Route planned: Target = 240 Mode = defense city-free reachable tiles = 268 Fallback-Tiles = 269
2026-06-02 00:39:11 [self-0001-0-expand] No move found: blocked tiles = 2 ignored cities = 0 own movable tiles = 2
2026-06-02 00:39:11 [self-0001-0-expand] My general index: 239
2026-06-02 00:39:11 [self-0001-0-expand] Enemy general index: None
2026-06-02 00:39:11 [self-0001-0-expand] Visible enemy tiles: 11
2026-06-02 00:39:11 [self-0001-0-expand] Tiles: 13 / 47
2026-06-02 00:39:11 [self-0001-0-expand] Map: 18 x 20 Turn: 395
2026-06-02 00:39:11 [self-0001-0-expand] Route planned: Target = 240 Mode = defense city-free reachable tiles = 268 Fallback-Tiles = 269
2026-06-02 00:39:11 [self-0001-0-expand] No move found: blocked tiles = 2 ignored cities = 0 own movable tiles = 2
2026-06-02 00:39:12 [self-0001-0-expand] My general index: 239
2026-06-02 00:39:12 [self-0001-0-expand] Enemy general index: None
2026-06-02 00:39:12 [self-0001-0-expand] Visible enemy tiles: 11
2026-06-02 00:39:12 [self-0001-0-expand] Tiles: 13 / 47
2026-06-02 00:39:12 [self-0001-0-expand] Map: 18 x 20 Turn: 396
2026-06-02 00:39:12 [self-0001-0-expand] Route planned: Target = 240 Mode = defense city-free reachable tiles = 268 Fallback-Tiles = 269
2026-06-02 00:39:12 [self-0001-0-expand] Move #326: 239 -> 240 | Army: 61 | Target-Terrain: 1 | Target: 240 | Half: True
2026-06-02 00:39:12 [self-0001-0-expand] Coach: stabilize tiles 13/47 army 46/179 cities 0/0 enemy_city_suspect False bias {'expansion_bias': 0.7, 'city_bias': 0.1, 'attack_bias': -0.4, 'defense_bias': 1.2, 'route_bias': 0.3}
2026-06-02 00:39:12 [self-0001-0-expand] My general index: 239
2026-06-02 00:39:12 [self-0001-0-expand] Enemy general index: None
2026-06-02 00:39:12 [self-0001-0-expand] Visible enemy tiles: 11
2026-06-02 00:39:12 [self-0001-0-expand] Tiles: 13 / 47
2026-06-02 00:39:12 [self-0001-0-expand] Map: 18 x 20 Turn: 397
2026-06-02 00:39:12 [self-0001-0-expand] Route planned: Target = 240 Mode = defense city-free reachable tiles = 268 Fallback-Tiles = 269
2026-06-02 00:39:12 [self-0001-0-expand] No move found: blocked tiles = 2 ignored cities = 0 own movable tiles = 2
2026-06-02 00:39:13 [self-0001-0-expand] My general index: 239
2026-06-02 00:39:13 [self-0001-0-expand] Enemy general index: None
2026-06-02 00:39:13 [self-0001-0-expand] Visible enemy tiles: 11
2026-06-02 00:39:13 [self-0001-0-expand] Tiles: 13 / 47
2026-06-02 00:39:13 [self-0001-0-expand] Map: 18 x 20 Turn: 398
2026-06-02 00:39:13 [self-0001-0-expand] Route planned: Target = 240 Mode = defense city-free reachable tiles = 268 Fallback-Tiles = 269
2026-06-02 00:39:13 [self-0001-0-expand] No move found: blocked tiles = 2 ignored cities = 0 own movable tiles = 2
2026-06-02 00:39:13 [self-0001-0-expand] My general index: 239
2026-06-02 00:39:13 [self-0001-0-expand] Enemy general index: None
2026-06-02 00:39:13 [self-0001-0-expand] Visible enemy tiles: 11
2026-06-02 00:39:13 [self-0001-0-expand] Tiles: 13 / 47
2026-06-02 00:39:13 [self-0001-0-expand] Map: 18 x 20 Turn: 399
2026-06-02 00:39:13 [self-0001-0-expand] Route planned: Target = 240 Mode = defense city-free reachable tiles = 268 Fallback-Tiles = 269
2026-06-02 00:39:13 [self-0001-0-expand] No move found: blocked tiles = 2 ignored cities = 0 own movable tiles = 2
2026-06-02 00:39:14 [self-0001-0-expand] My general index: 239
2026-06-02 00:39:14 [self-0001-0-expand] Enemy general index: None
2026-06-02 00:39:14 [self-0001-0-expand] Visible enemy tiles: 11
2026-06-02 00:39:14 [self-0001-0-expand] Tiles: 13 / 47
2026-06-02 00:39:14 [self-0001-0-expand] Map: 18 x 20 Turn: 400
2026-06-02 00:39:14 [self-0001-0-expand] Route planned: Target = 240 Mode = defense city-free reachable tiles = 268 Fallback-Tiles = 269
2026-06-02 00:39:14 [self-0001-0-expand] Move #327: 257 -> 239 | Army: 2 | Target-Terrain: 0 | Target: 240 | Half: False
2026-06-02 00:39:14 [self-0001-0-expand] My general index: 239
2026-06-02 00:39:14 [self-0001-0-expand] Enemy general index: None
2026-06-02 00:39:14 [self-0001-0-expand] Visible enemy tiles: 11
2026-06-02 00:39:14 [self-0001-0-expand] Tiles: 13 / 47
2026-06-02 00:39:14 [self-0001-0-expand] Map: 18 x 20 Turn: 401
2026-06-02 00:39:14 [self-0001-0-expand] Route planned: Target = 240 Mode = defense city-free reachable tiles = 268 Fallback-Tiles = 269
2026-06-02 00:39:14 [self-0001-0-expand] Priority agent: edge reuse -9000 base = 159712 final = 150712
2026-06-02 00:39:14 [self-0001-0-expand] Move #328: 221 -> 239 | Army: 2 | Target-Terrain: 0 | Target: 240 | Half: False
2026-06-02 00:39:15 [self-0001-0-expand] My general index: 239
2026-06-02 00:39:15 [self-0001-0-expand] Enemy general index: None
2026-06-02 00:39:15 [self-0001-0-expand] Visible enemy tiles: 11
2026-06-02 00:39:15 [self-0001-0-expand] Tiles: 13 / 47
2026-06-02 00:39:15 [self-0001-0-expand] Map: 18 x 20 Turn: 402
2026-06-02 00:39:15 [self-0001-0-expand] Route planned: Target = 240 Mode = defense city-free reachable tiles = 268 Fallback-Tiles = 269
2026-06-02 00:39:15 [self-0001-0-expand] Priority agent: edge reuse -9000 base = 157862 final = 148862
2026-06-02 00:39:15 [self-0001-0-expand] Move #329: 238 -> 239 | Army: 2 | Target-Terrain: 0 | Target: 240 | Half: False
2026-06-02 00:39:15 [self-0001-0-expand] My general index: 239
2026-06-02 00:39:15 [self-0001-0-expand] Enemy general index: None
2026-06-02 00:39:15 [self-0001-0-expand] Visible enemy tiles: 11
2026-06-02 00:39:15 [self-0001-0-expand] Tiles: 13 / 47
2026-06-02 00:39:15 [self-0001-0-expand] Map: 18 x 20 Turn: 403
2026-06-02 00:39:15 [self-0001-0-expand] Route planned: Target = 240 Mode = defense city-free reachable tiles = 268 Fallback-Tiles = 269
2026-06-02 00:39:15 [self-0001-0-expand] Move #330: 220 -> 238 | Army: 2 | Target-Terrain: 0 | Target: 240 | Half: False
2026-06-02 00:39:16 [self-0001-0-expand] My general index: 239
2026-06-02 00:39:16 [self-0001-0-expand] Enemy general index: None
2026-06-02 00:39:16 [self-0001-0-expand] Visible enemy tiles: 11
2026-06-02 00:39:16 [self-0001-0-expand] Tiles: 13 / 47
2026-06-02 00:39:16 [self-0001-0-expand] Map: 18 x 20 Turn: 404
2026-06-02 00:39:16 [self-0001-0-expand] Route planned: Target = 240 Mode = defense city-free reachable tiles = 268 Fallback-Tiles = 269
2026-06-02 00:39:16 [self-0001-0-expand] Priority agent: edge reuse -9000, flow +6000 base = 157862 final = 154862
2026-06-02 00:39:16 [self-0001-0-expand] Move #331: 238 -> 239 | Army: 2 | Target-Terrain: 0 | Target: 240 | Half: False
2026-06-02 00:39:16 [self-0001-0-expand] My general index: 239
2026-06-02 00:39:16 [self-0001-0-expand] Enemy general index: None
2026-06-02 00:39:16 [self-0001-0-expand] Visible enemy tiles: 11
2026-06-02 00:39:16 [self-0001-0-expand] Tiles: 13 / 47
2026-06-02 00:39:16 [self-0001-0-expand] Map: 18 x 20 Turn: 405
2026-06-02 00:39:16 [self-0001-0-expand] Route planned: Target = 240 Mode = defense city-free reachable tiles = 268 Fallback-Tiles = 269
2026-06-02 00:39:16 [self-0001-0-expand] Move #332: 261 -> 260 | Army: 2 | Target-Terrain: 0 | Target: 240 | Half: False
2026-06-02 00:39:17 [self-0001-0-expand] My general index: 239
2026-06-02 00:39:17 [self-0001-0-expand] Enemy general index: None
2026-06-02 00:39:17 [self-0001-0-expand] Visible enemy tiles: 11
2026-06-02 00:39:17 [self-0001-0-expand] Tiles: 13 / 47
2026-06-02 00:39:17 [self-0001-0-expand] Map: 18 x 20 Turn: 406
2026-06-02 00:39:17 [self-0001-0-expand] Route planned: Target = 240 Mode = defense city-free reachable tiles = 268 Fallback-Tiles = 269
2026-06-02 00:39:17 [self-0001-0-expand] Priority agent: flow +6000 base = 182673 final = 188673
2026-06-02 00:39:17 [self-0001-0-expand] Move #333: 260 -> 242 | Army: 3 | Target-Terrain: 1 | Target: 240 | Half: False
2026-06-02 00:39:17 [self-0001-0-expand] My general index: 239
2026-06-02 00:39:17 [self-0001-0-expand] Enemy general index: None
2026-06-02 00:39:17 [self-0001-0-expand] Visible enemy tiles: 13
2026-06-02 00:39:17 [self-0001-0-expand] Tiles: 14 / 46
2026-06-02 00:39:17 [self-0001-0-expand] Map: 18 x 20 Turn: 407
2026-06-02 00:39:17 [self-0001-0-expand] Route planned: Target = 240 Mode = defense city-free reachable tiles = 268 Fallback-Tiles = 269
2026-06-02 00:39:17 [self-0001-0-expand] Move #334: 202 -> 220 | Army: 2 | Target-Terrain: 0 | Target: 240 | Half: False
2026-06-02 00:39:18 [self-0001-0-expand] My general index: 239
2026-06-02 00:39:18 [self-0001-0-expand] Enemy general index: None
2026-06-02 00:39:18 [self-0001-0-expand] Visible enemy tiles: 13
2026-06-02 00:39:18 [self-0001-0-expand] Tiles: 14 / 46
2026-06-02 00:39:18 [self-0001-0-expand] Map: 18 x 20 Turn: 408
2026-06-02 00:39:18 [self-0001-0-expand] Route planned: Target = 240 Mode = defense city-free reachable tiles = 268 Fallback-Tiles = 269
2026-06-02 00:39:18 [self-0001-0-expand] Priority agent: edge reuse -9000, flow +6000 base = 154822 final = 151822
2026-06-02 00:39:18 [self-0001-0-expand] Move #335: 220 -> 238 | Army: 2 | Target-Terrain: 0 | Target: 240 | Half: False
2026-06-02 00:39:18 [self-0001-0-expand] My general index: 239
2026-06-02 00:39:18 [self-0001-0-expand] Enemy general index: None
2026-06-02 00:39:18 [self-0001-0-expand] Visible enemy tiles: 13
2026-06-02 00:39:18 [self-0001-0-expand] Tiles: 14 / 46
2026-06-02 00:39:18 [self-0001-0-expand] Map: 18 x 20 Turn: 409
2026-06-02 00:39:18 [self-0001-0-expand] Route planned: Target = 240 Mode = defense city-free reachable tiles = 268 Fallback-Tiles = 269
2026-06-02 00:39:18 [self-0001-0-expand] Move #336: 278 -> 260 | Army: 2 | Target-Terrain: 0 | Target: 240 | Half: False
2026-06-02 00:39:19 [self-0001-0-expand] My general index: 239
2026-06-02 00:39:19 [self-0001-0-expand] Enemy general index: None
2026-06-02 00:39:19 [self-0001-0-expand] Visible enemy tiles: 13
2026-06-02 00:39:19 [self-0001-0-expand] Tiles: 14 / 46
2026-06-02 00:39:19 [self-0001-0-expand] Map: 18 x 20 Turn: 410
2026-06-02 00:39:19 [self-0001-0-expand] Route planned: Target = 240 Mode = defense city-free reachable tiles = 268 Fallback-Tiles = 269
2026-06-02 00:39:19 [self-0001-0-expand] Priority agent: edge reuse -9000, flow +6000 base = 149372 final = 146372
2026-06-02 00:39:19 [self-0001-0-expand] Move #337: 260 -> 242 | Army: 2 | Target-Terrain: 0 | Target: 240 | Half: False
2026-06-02 00:39:19 [self-0001-0-expand] EVENT: ['game_lost', {'killer': 1}, None]
2026-06-02 00:39:19 [self-0001-0-expand] Final map analysis: visible = 0.1278 complete = False symmetry = {'rotated_180': {'compared_pairs': 180, 'blocker_similarity': 0.5889, 'city_similarity': 0.9944}, 'horizontal_mirror': {'compared_pairs': 180, 'blocker_similarity': 0.6444, 'city_similarity': 0.9944}, 'vertical_mirror': {'compared_pairs': 180, 'blocker_similarity': 0.6222, 'city_similarity': 0.9944}}
2026-06-02 00:39:19 [self-0001-0-expand] GAME END: game_lost
2026-06-02 00:39:19 [self-0001-0-expand] Stats saved for reserve turn: 60
2026-06-02 00:39:20 [self-0001-0-expand] Disconnected
