2026-06-02 10:29:05 [self-0019-1-defense] Connected
2026-06-02 10:29:05 [self-0019-1-defense] Room: https://bot.generals.io/games/TillTestRoom123_self_20260602_102258_0019
2026-06-02 10:29:05 [self-0019-1-defense] Reserve ab sichtbarem Turn: 275
2026-06-02 10:29:05 [self-0019-1-defense] City-Fokus ab sichtbarem Turn: 168
2026-06-02 10:29:05 [self-0019-1-defense] General-Angriff ab sichtbarem Turn: 132
2026-06-02 10:29:05 [self-0019-1-defense] SET_USERNAME: ['error_set_username', 'You already have a username! Only Supporters can change usernames.']
2026-06-02 10:29:05 [self-0019-1-defense] JOIN_PRIVATE: ['chat_message', 'chat_custom_queue_TillTestRoom123_self_20260602_102258_0019', {'text': 'T1LL4_Self_08 joined the custom lobby.'}]
2026-06-02 10:29:05 [self-0019-1-defense] EVENT: ['queue_update', {'playerIndices': [0], 'playerColors': [0], 'lobbyIndex': 0, 'isForcing': False, 'numPlayers': 1, 'numForce': [], 'playerCap': 16, 'teamSize': 1, 'teams': [1], 'usernames': ['T1LL4_Self_08'], 'options': {'map': None, 'modifiers': []}, 'owner': 0, 'bans': [], 'kicks': []}]
2026-06-02 10:29:05 [self-0019-1-defense] EVENT: ['chat_message', 'chat_custom_queue_TillTestRoom123_self_20260602_102258_0019', {'text': 'T1LL4_Self_08 is the lobby owner.', 'multiText': ['T1LL4_Self_08', ' is the lobby owner.'], 'multiColors': [0, None]}]
2026-06-02 10:29:05 [self-0019-1-defense] EVENT: ['chat_message', 'chat_custom_queue_TillTestRoom123_self_20260602_102258_0019', {'text': 'T1LL4_Self_07 joined the custom lobby.'}]
2026-06-02 10:29:05 [self-0019-1-defense] EVENT: ['queue_update', {'playerIndices': [0], 'playerColors': [0], 'lobbyIndex': 0, 'isForcing': False, 'numPlayers': 1, 'numForce': [], 'playerCap': 16, 'teamSize': 1, 'teams': [1], 'usernames': ['T1LL4_Self_08'], 'options': {'map': None, 'modifiers': []}, 'owner': 0, 'bans': [], 'kicks': []}]
2026-06-02 10:29:05 [self-0019-1-defense] EVENT: ['notify', 'T1LL4_Self_07 joined the custom game', 'There are now 1 players in the lobby.']
2026-06-02 10:29:05 [self-0019-1-defense] EVENT: ['queue_update', {'playerIndices': [0, 1], 'playerColors': [0, 1], 'lobbyIndex': 0, 'isForcing': False, 'numPlayers': 2, 'numForce': [], 'playerCap': 16, 'teamSize': 1, 'teams': [1, 2], 'usernames': ['T1LL4_Self_08', 'T1LL4_Self_07'], 'options': {'map': None, 'modifiers': []}, 'owner': 0, 'bans': [], 'kicks': []}]
2026-06-02 10:29:05 [self-0019-1-defense] EVENT: ['queue_update', {'playerIndices': [0, 1], 'playerColors': [0, 1], 'lobbyIndex': 0, 'isForcing': True, 'numPlayers': 2, 'numForce': [0], 'playerCap': 16, 'teamSize': 1, 'teams': [1, 2], 'usernames': ['T1LL4_Self_08', 'T1LL4_Self_07'], 'options': {'map': None, 'modifiers': []}, 'owner': 0, 'bans': [], 'kicks': []}]
2026-06-02 10:29:05 [self-0019-1-defense] EVENT: ['pre_game_start']
2026-06-02 10:29:08 [self-0019-1-defense] EVENT: ['game_start', {'playerIndex': 0, 'playerColors': [0, 1], 'replay_id': 'KDPlU7W1c', 'chat_room': 'game_17803889460258WT4EH0OaCkvHnkDAAbx', 'usernames': ['T1LL4_Self_08', 'T1LL4_Self_07'], 'teams': [1, 2], 'game_type': 'custom', 'swamps': [], 'lights': [], 'options': {'map': None, 'width': None, 'height': None, 'game_speed': None, 'modifiers': [], 'mountain_density': None, 'city_density': None, 'lookout_density': None, 'observatory_density': None, 'swamp_density': None, 'desert_density': None, 'max_players': None, 'city_fairness': None, 'spawn_fairness': None, 'defeat_spectate': None, 'spectate_chat': None, 'public': None, 'chatRecordingDisabled': None, 'eventId': None}, 'queue_chat': None}, None]
2026-06-02 10:29:08 [self-0019-1-defense] GAME START!
2026-06-02 10:29:08 [self-0019-1-defense] My player index: 0
2026-06-02 10:29:08 [self-0019-1-defense] Replay: https://bot.generals.io/replays/KDPlU7W1c
2026-06-02 10:29:08 [self-0019-1-defense] EVENT: ['chat_message', 'game_17803889460258WT4EH0OaCkvHnkDAAbx', {'text': ' Chat is being recorded.'}]
2026-06-02 10:29:08 [self-0019-1-defense] Enemy general guess: 175 Confidence: 0.38 Grund: rotated spawn, distance 12 near expected 22.55, unseen tile, far from center bei eigener Position 239 Map: 18x23
2026-06-02 10:29:08 [self-0019-1-defense] My general index: 239
2026-06-02 10:29:08 [self-0019-1-defense] Enemy general index: None
2026-06-02 10:29:08 [self-0019-1-defense] Visible enemy tiles: 0
2026-06-02 10:29:08 [self-0019-1-defense] Tiles: 1 / 1
2026-06-02 10:29:08 [self-0019-1-defense] Map: 18 x 23 Turn: 1
2026-06-02 10:29:08 [self-0019-1-defense] Route planned: Target = 175 Mode = strategy city-free reachable tiles = 327 Fallback-Tiles = 327
2026-06-02 10:29:08 [self-0019-1-defense] Waiting until turn 10: turn 1, general has 1 units
2026-06-02 10:29:08 [self-0019-1-defense] My general index: 239
2026-06-02 10:29:08 [self-0019-1-defense] Enemy general index: None
2026-06-02 10:29:08 [self-0019-1-defense] Visible enemy tiles: 0
2026-06-02 10:29:08 [self-0019-1-defense] Tiles: 1 / 1
2026-06-02 10:29:08 [self-0019-1-defense] Map: 18 x 23 Turn: 2
2026-06-02 10:29:08 [self-0019-1-defense] Route planned: Target = 175 Mode = strategy city-free reachable tiles = 327 Fallback-Tiles = 327
2026-06-02 10:29:08 [self-0019-1-defense] Waiting until turn 10: turn 1, general has 2 units
2026-06-02 10:29:09 [self-0019-1-defense] My general index: 239
2026-06-02 10:29:09 [self-0019-1-defense] Enemy general index: None
2026-06-02 10:29:09 [self-0019-1-defense] Visible enemy tiles: 0
2026-06-02 10:29:09 [self-0019-1-defense] Tiles: 1 / 1
2026-06-02 10:29:09 [self-0019-1-defense] Map: 18 x 23 Turn: 3
2026-06-02 10:29:09 [self-0019-1-defense] Route planned: Target = 175 Mode = strategy city-free reachable tiles = 327 Fallback-Tiles = 327
2026-06-02 10:29:09 [self-0019-1-defense] Waiting until turn 10: turn 2, general has 2 units
2026-06-02 10:29:09 [self-0019-1-defense] My general index: 239
2026-06-02 10:29:09 [self-0019-1-defense] Enemy general index: None
2026-06-02 10:29:09 [self-0019-1-defense] Visible enemy tiles: 0
2026-06-02 10:29:09 [self-0019-1-defense] Tiles: 1 / 1
2026-06-02 10:29:09 [self-0019-1-defense] Map: 18 x 23 Turn: 4
2026-06-02 10:29:09 [self-0019-1-defense] Route planned: Target = 175 Mode = strategy city-free reachable tiles = 327 Fallback-Tiles = 327
2026-06-02 10:29:09 [self-0019-1-defense] Waiting until turn 10: turn 2, general has 3 units
2026-06-02 10:29:10 [self-0019-1-defense] My general index: 239
2026-06-02 10:29:10 [self-0019-1-defense] Enemy general index: None
2026-06-02 10:29:10 [self-0019-1-defense] Visible enemy tiles: 0
2026-06-02 10:29:10 [self-0019-1-defense] Tiles: 1 / 1
2026-06-02 10:29:10 [self-0019-1-defense] Map: 18 x 23 Turn: 5
2026-06-02 10:29:10 [self-0019-1-defense] Route planned: Target = 175 Mode = strategy city-free reachable tiles = 327 Fallback-Tiles = 327
2026-06-02 10:29:10 [self-0019-1-defense] Waiting until turn 10: turn 3, general has 3 units
2026-06-02 10:29:10 [self-0019-1-defense] My general index: 239
2026-06-02 10:29:10 [self-0019-1-defense] Enemy general index: None
2026-06-02 10:29:10 [self-0019-1-defense] Visible enemy tiles: 0
2026-06-02 10:29:10 [self-0019-1-defense] Tiles: 1 / 1
2026-06-02 10:29:10 [self-0019-1-defense] Map: 18 x 23 Turn: 6
2026-06-02 10:29:10 [self-0019-1-defense] Route planned: Target = 175 Mode = strategy city-free reachable tiles = 327 Fallback-Tiles = 327
2026-06-02 10:29:10 [self-0019-1-defense] Waiting until turn 10: turn 3, general has 4 units
2026-06-02 10:29:11 [self-0019-1-defense] My general index: 239
2026-06-02 10:29:11 [self-0019-1-defense] Enemy general index: None
2026-06-02 10:29:11 [self-0019-1-defense] Visible enemy tiles: 0
2026-06-02 10:29:11 [self-0019-1-defense] Tiles: 1 / 1
2026-06-02 10:29:11 [self-0019-1-defense] Map: 18 x 23 Turn: 7
2026-06-02 10:29:11 [self-0019-1-defense] Route planned: Target = 175 Mode = strategy city-free reachable tiles = 327 Fallback-Tiles = 327
2026-06-02 10:29:11 [self-0019-1-defense] Waiting until turn 10: turn 4, general has 4 units
2026-06-02 10:29:11 [self-0019-1-defense] My general index: 239
2026-06-02 10:29:11 [self-0019-1-defense] Enemy general index: None
2026-06-02 10:29:11 [self-0019-1-defense] Visible enemy tiles: 0
2026-06-02 10:29:11 [self-0019-1-defense] Tiles: 1 / 1
2026-06-02 10:29:11 [self-0019-1-defense] Map: 18 x 23 Turn: 8
2026-06-02 10:29:11 [self-0019-1-defense] Route planned: Target = 175 Mode = strategy city-free reachable tiles = 327 Fallback-Tiles = 327
2026-06-02 10:29:11 [self-0019-1-defense] Waiting until turn 10: turn 4, general has 5 units
2026-06-02 10:29:12 [self-0019-1-defense] My general index: 239
2026-06-02 10:29:12 [self-0019-1-defense] Enemy general index: None
2026-06-02 10:29:12 [self-0019-1-defense] Visible enemy tiles: 0
2026-06-02 10:29:12 [self-0019-1-defense] Tiles: 1 / 1
2026-06-02 10:29:12 [self-0019-1-defense] Map: 18 x 23 Turn: 9
2026-06-02 10:29:12 [self-0019-1-defense] Route planned: Target = 175 Mode = strategy city-free reachable tiles = 327 Fallback-Tiles = 327
2026-06-02 10:29:12 [self-0019-1-defense] Waiting until turn 10: turn 5, general has 5 units
2026-06-02 10:29:12 [self-0019-1-defense] My general index: 239
2026-06-02 10:29:12 [self-0019-1-defense] Enemy general index: None
2026-06-02 10:29:12 [self-0019-1-defense] Visible enemy tiles: 0
2026-06-02 10:29:12 [self-0019-1-defense] Tiles: 1 / 1
2026-06-02 10:29:12 [self-0019-1-defense] Map: 18 x 23 Turn: 10
2026-06-02 10:29:12 [self-0019-1-defense] Route planned: Target = 175 Mode = strategy city-free reachable tiles = 327 Fallback-Tiles = 327
2026-06-02 10:29:12 [self-0019-1-defense] Waiting until turn 10: turn 5, general has 6 units
2026-06-02 10:29:13 [self-0019-1-defense] My general index: 239
2026-06-02 10:29:13 [self-0019-1-defense] Enemy general index: None
2026-06-02 10:29:13 [self-0019-1-defense] Visible enemy tiles: 0
2026-06-02 10:29:13 [self-0019-1-defense] Tiles: 1 / 1
2026-06-02 10:29:13 [self-0019-1-defense] Map: 18 x 23 Turn: 11
2026-06-02 10:29:13 [self-0019-1-defense] Route planned: Target = 175 Mode = strategy city-free reachable tiles = 327 Fallback-Tiles = 327
2026-06-02 10:29:13 [self-0019-1-defense] Waiting until turn 10: turn 6, general has 6 units
2026-06-02 10:29:13 [self-0019-1-defense] My general index: 239
2026-06-02 10:29:13 [self-0019-1-defense] Enemy general index: None
2026-06-02 10:29:13 [self-0019-1-defense] Visible enemy tiles: 0
2026-06-02 10:29:13 [self-0019-1-defense] Tiles: 1 / 1
2026-06-02 10:29:13 [self-0019-1-defense] Map: 18 x 23 Turn: 12
2026-06-02 10:29:13 [self-0019-1-defense] Route planned: Target = 175 Mode = strategy city-free reachable tiles = 327 Fallback-Tiles = 327
2026-06-02 10:29:13 [self-0019-1-defense] Waiting until turn 10: turn 6, general has 7 units
2026-06-02 10:29:14 [self-0019-1-defense] My general index: 239
2026-06-02 10:29:14 [self-0019-1-defense] Enemy general index: None
2026-06-02 10:29:14 [self-0019-1-defense] Visible enemy tiles: 0
2026-06-02 10:29:14 [self-0019-1-defense] Tiles: 1 / 1
2026-06-02 10:29:14 [self-0019-1-defense] Map: 18 x 23 Turn: 13
2026-06-02 10:29:14 [self-0019-1-defense] Route planned: Target = 175 Mode = strategy city-free reachable tiles = 327 Fallback-Tiles = 327
2026-06-02 10:29:14 [self-0019-1-defense] Waiting until turn 10: turn 7, general has 7 units
2026-06-02 10:29:14 [self-0019-1-defense] My general index: 239
2026-06-02 10:29:14 [self-0019-1-defense] Enemy general index: None
2026-06-02 10:29:14 [self-0019-1-defense] Visible enemy tiles: 0
2026-06-02 10:29:14 [self-0019-1-defense] Tiles: 1 / 1
2026-06-02 10:29:14 [self-0019-1-defense] Map: 18 x 23 Turn: 14
2026-06-02 10:29:14 [self-0019-1-defense] Route planned: Target = 175 Mode = strategy city-free reachable tiles = 327 Fallback-Tiles = 327
2026-06-02 10:29:14 [self-0019-1-defense] Waiting until turn 10: turn 7, general has 8 units
2026-06-02 10:29:15 [self-0019-1-defense] My general index: 239
2026-06-02 10:29:15 [self-0019-1-defense] Enemy general index: None
2026-06-02 10:29:15 [self-0019-1-defense] Visible enemy tiles: 0
2026-06-02 10:29:15 [self-0019-1-defense] Tiles: 1 / 1
2026-06-02 10:29:15 [self-0019-1-defense] Map: 18 x 23 Turn: 15
2026-06-02 10:29:15 [self-0019-1-defense] Route planned: Target = 175 Mode = strategy city-free reachable tiles = 327 Fallback-Tiles = 327
2026-06-02 10:29:15 [self-0019-1-defense] Waiting until turn 10: turn 8, general has 8 units
2026-06-02 10:29:15 [self-0019-1-defense] My general index: 239
2026-06-02 10:29:15 [self-0019-1-defense] Enemy general index: None
2026-06-02 10:29:15 [self-0019-1-defense] Visible enemy tiles: 0
2026-06-02 10:29:15 [self-0019-1-defense] Tiles: 1 / 1
2026-06-02 10:29:15 [self-0019-1-defense] Map: 18 x 23 Turn: 16
2026-06-02 10:29:15 [self-0019-1-defense] Route planned: Target = 175 Mode = strategy city-free reachable tiles = 327 Fallback-Tiles = 327
2026-06-02 10:29:15 [self-0019-1-defense] Waiting until turn 10: turn 8, general has 9 units
2026-06-02 10:29:16 [self-0019-1-defense] My general index: 239
2026-06-02 10:29:16 [self-0019-1-defense] Enemy general index: None
2026-06-02 10:29:16 [self-0019-1-defense] Visible enemy tiles: 0
2026-06-02 10:29:16 [self-0019-1-defense] Tiles: 1 / 1
2026-06-02 10:29:16 [self-0019-1-defense] Map: 18 x 23 Turn: 17
2026-06-02 10:29:16 [self-0019-1-defense] Route planned: Target = 175 Mode = strategy city-free reachable tiles = 327 Fallback-Tiles = 327
2026-06-02 10:29:16 [self-0019-1-defense] Waiting until turn 10: turn 9, general has 9 units
2026-06-02 10:29:16 [self-0019-1-defense] My general index: 239
2026-06-02 10:29:16 [self-0019-1-defense] Enemy general index: None
2026-06-02 10:29:16 [self-0019-1-defense] Visible enemy tiles: 0
2026-06-02 10:29:16 [self-0019-1-defense] Tiles: 1 / 1
2026-06-02 10:29:16 [self-0019-1-defense] Map: 18 x 23 Turn: 18
2026-06-02 10:29:16 [self-0019-1-defense] Route planned: Target = 175 Mode = strategy city-free reachable tiles = 327 Fallback-Tiles = 327
2026-06-02 10:29:16 [self-0019-1-defense] Waiting until turn 10: turn 9, general has 10 units
2026-06-02 10:29:17 [self-0019-1-defense] My general index: 239
2026-06-02 10:29:17 [self-0019-1-defense] Enemy general index: None
2026-06-02 10:29:17 [self-0019-1-defense] Visible enemy tiles: 0
2026-06-02 10:29:17 [self-0019-1-defense] Tiles: 1 / 1
2026-06-02 10:29:17 [self-0019-1-defense] Map: 18 x 23 Turn: 19
2026-06-02 10:29:17 [self-0019-1-defense] Route planned: Target = 175 Mode = strategy city-free reachable tiles = 327 Fallback-Tiles = 327
2026-06-02 10:29:17 [self-0019-1-defense] Move #1: 239 -> 221 | Army: 10 | Target-Terrain: -1 | Target: 175 | Half: False
2026-06-02 10:29:17 [self-0019-1-defense] My general index: 239
2026-06-02 10:29:17 [self-0019-1-defense] Enemy general index: None
2026-06-02 10:29:17 [self-0019-1-defense] Visible enemy tiles: 0
2026-06-02 10:29:17 [self-0019-1-defense] Tiles: 2 / 2
2026-06-02 10:29:17 [self-0019-1-defense] Map: 18 x 23 Turn: 20
2026-06-02 10:29:17 [self-0019-1-defense] Route planned: Target = 175 Mode = strategy city-free reachable tiles = 327 Fallback-Tiles = 327
2026-06-02 10:29:17 [self-0019-1-defense] Priority agent: flow +6000 base = 43309 final = 49309
2026-06-02 10:29:17 [self-0019-1-defense] Move #2: 221 -> 203 | Army: 9 | Target-Terrain: -1 | Target: 175 | Half: False
2026-06-02 10:29:18 [self-0019-1-defense] My general index: 239
2026-06-02 10:29:18 [self-0019-1-defense] Enemy general index: None
2026-06-02 10:29:18 [self-0019-1-defense] Visible enemy tiles: 0
2026-06-02 10:29:18 [self-0019-1-defense] Tiles: 3 / 3
2026-06-02 10:29:18 [self-0019-1-defense] Map: 18 x 23 Turn: 21
2026-06-02 10:29:18 [self-0019-1-defense] Route planned: Target = 175 Mode = strategy city-free reachable tiles = 327 Fallback-Tiles = 327
2026-06-02 10:29:18 [self-0019-1-defense] Priority agent: flow +6000 base = 43098 final = 49098
2026-06-02 10:29:18 [self-0019-1-defense] Move #3: 203 -> 204 | Army: 8 | Target-Terrain: -1 | Target: 175 | Half: False
2026-06-02 10:29:18 [self-0019-1-defense] My general index: 239
2026-06-02 10:29:18 [self-0019-1-defense] Enemy general index: None
2026-06-02 10:29:18 [self-0019-1-defense] Visible enemy tiles: 0
2026-06-02 10:29:18 [self-0019-1-defense] Tiles: 4 / 4
2026-06-02 10:29:18 [self-0019-1-defense] Map: 18 x 23 Turn: 22
2026-06-02 10:29:18 [self-0019-1-defense] Route planned: Target = 175 Mode = strategy city-free reachable tiles = 327 Fallback-Tiles = 327
2026-06-02 10:29:18 [self-0019-1-defense] Priority agent: flow +6000 base = 52987 final = 58987
2026-06-02 10:29:18 [self-0019-1-defense] Move #4: 204 -> 205 | Army: 7 | Target-Terrain: -1 | Target: 175 | Half: False
2026-06-02 10:29:19 [self-0019-1-defense] My general index: 239
2026-06-02 10:29:19 [self-0019-1-defense] Enemy general index: None
2026-06-02 10:29:19 [self-0019-1-defense] Visible enemy tiles: 0
2026-06-02 10:29:19 [self-0019-1-defense] Tiles: 5 / 5
2026-06-02 10:29:19 [self-0019-1-defense] Map: 18 x 23 Turn: 23
2026-06-02 10:29:19 [self-0019-1-defense] Route planned: Target = 175 Mode = strategy city-free reachable tiles = 327 Fallback-Tiles = 327
2026-06-02 10:29:19 [self-0019-1-defense] Priority agent: flow +6000 base = 53326 final = 59326
2026-06-02 10:29:19 [self-0019-1-defense] Move #5: 205 -> 206 | Army: 6 | Target-Terrain: -1 | Target: 175 | Half: False
2026-06-02 10:29:19 [self-0019-1-defense] My general index: 239
2026-06-02 10:29:19 [self-0019-1-defense] Enemy general index: None
2026-06-02 10:29:19 [self-0019-1-defense] Visible enemy tiles: 0
2026-06-02 10:29:19 [self-0019-1-defense] Tiles: 6 / 6
2026-06-02 10:29:19 [self-0019-1-defense] Map: 18 x 23 Turn: 24
2026-06-02 10:29:19 [self-0019-1-defense] Route planned: Target = 175 Mode = strategy city-free reachable tiles = 327 Fallback-Tiles = 327
2026-06-02 10:29:19 [self-0019-1-defense] Priority agent: flow +6000 base = 53665 final = 59665
2026-06-02 10:29:19 [self-0019-1-defense] Move #6: 206 -> 207 | Army: 5 | Target-Terrain: -1 | Target: 175 | Half: False
2026-06-02 10:29:20 [self-0019-1-defense] My general index: 239
2026-06-02 10:29:20 [self-0019-1-defense] Enemy general index: None
2026-06-02 10:29:20 [self-0019-1-defense] Visible enemy tiles: 0
2026-06-02 10:29:20 [self-0019-1-defense] Tiles: 7 / 7
2026-06-02 10:29:20 [self-0019-1-defense] Map: 18 x 23 Turn: 25
2026-06-02 10:29:20 [self-0019-1-defense] Route planned: Target = 175 Mode = strategy city-free reachable tiles = 327 Fallback-Tiles = 328
2026-06-02 10:29:20 [self-0019-1-defense] Priority agent: flow +6000 base = 54004 final = 60004
2026-06-02 10:29:20 [self-0019-1-defense] Move #7: 207 -> 208 | Army: 4 | Target-Terrain: -1 | Target: 175 | Half: False
2026-06-02 10:29:20 [self-0019-1-defense] My general index: 239
2026-06-02 10:29:20 [self-0019-1-defense] Enemy general index: None
2026-06-02 10:29:20 [self-0019-1-defense] Visible enemy tiles: 0
2026-06-02 10:29:20 [self-0019-1-defense] Tiles: 8 / 8
2026-06-02 10:29:20 [self-0019-1-defense] Map: 18 x 23 Turn: 26
2026-06-02 10:29:20 [self-0019-1-defense] Route planned: Target = 175 Mode = strategy city-free reachable tiles = 327 Fallback-Tiles = 328
2026-06-02 10:29:20 [self-0019-1-defense] Priority agent: flow +6000 base = 54343 final = 60343
2026-06-02 10:29:20 [self-0019-1-defense] Move #8: 208 -> 209 | Army: 3 | Target-Terrain: -1 | Target: 175 | Half: False
2026-06-02 10:29:21 [self-0019-1-defense] My general index: 239
2026-06-02 10:29:21 [self-0019-1-defense] Enemy general index: None
2026-06-02 10:29:21 [self-0019-1-defense] Visible enemy tiles: 0
2026-06-02 10:29:21 [self-0019-1-defense] Tiles: 9 / 9
2026-06-02 10:29:21 [self-0019-1-defense] Map: 18 x 23 Turn: 27
2026-06-02 10:29:21 [self-0019-1-defense] Route planned: Target = 175 Mode = strategy city-free reachable tiles = 327 Fallback-Tiles = 328
2026-06-02 10:29:21 [self-0019-1-defense] Priority agent: flow +6000 base = 52482 final = 58482
2026-06-02 10:29:21 [self-0019-1-defense] Move #9: 209 -> 210 | Army: 2 | Target-Terrain: -1 | Target: 175 | Half: False
2026-06-02 10:29:21 [self-0019-1-defense] My general index: 239
2026-06-02 10:29:21 [self-0019-1-defense] Enemy general index: None
2026-06-02 10:29:21 [self-0019-1-defense] Visible enemy tiles: 1
2026-06-02 10:29:21 [self-0019-1-defense] Tiles: 10 / 10
2026-06-02 10:29:21 [self-0019-1-defense] Map: 18 x 23 Turn: 28
2026-06-02 10:29:21 [self-0019-1-defense] Route planned: Target = 175 Mode = strategy city-free reachable tiles = 327 Fallback-Tiles = 328
2026-06-02 10:29:21 [self-0019-1-defense] Priority agent: edge reuse -18000 base = 29766 final = 11766
2026-06-02 10:29:21 [self-0019-1-defense] Move #10: 239 -> 221 | Army: 6 | Target-Terrain: 0 | Target: 175 | Half: False
2026-06-02 10:29:22 [self-0019-1-defense] My general index: 239
2026-06-02 10:29:22 [self-0019-1-defense] Enemy general index: None
2026-06-02 10:29:22 [self-0019-1-defense] Visible enemy tiles: 1
2026-06-02 10:29:22 [self-0019-1-defense] Tiles: 10 / 11
2026-06-02 10:29:22 [self-0019-1-defense] Map: 18 x 23 Turn: 29
2026-06-02 10:29:22 [self-0019-1-defense] Route planned: Target = 175 Mode = strategy city-free reachable tiles = 327 Fallback-Tiles = 328
2026-06-02 10:29:22 [self-0019-1-defense] Priority agent: flow +6000 base = 12376 final = 18376
2026-06-02 10:29:22 [self-0019-1-defense] Move #11: 221 -> 220 | Army: 6 | Target-Terrain: -1 | Target: 175 | Half: False
2026-06-02 10:29:22 [self-0019-1-defense] My general index: 239
2026-06-02 10:29:22 [self-0019-1-defense] Enemy general index: None
2026-06-02 10:29:22 [self-0019-1-defense] Visible enemy tiles: 1
2026-06-02 10:29:22 [self-0019-1-defense] Tiles: 11 / 12
2026-06-02 10:29:22 [self-0019-1-defense] Map: 18 x 23 Turn: 30
2026-06-02 10:29:22 [self-0019-1-defense] Route planned: Target = 175 Mode = strategy city-free reachable tiles = 327 Fallback-Tiles = 328
2026-06-02 10:29:22 [self-0019-1-defense] Priority agent: flow +6000 base = 42615 final = 48615
2026-06-02 10:29:22 [self-0019-1-defense] Move #12: 220 -> 202 | Army: 5 | Target-Terrain: -1 | Target: 175 | Half: False
2026-06-02 10:29:23 [self-0019-1-defense] My general index: 239
2026-06-02 10:29:23 [self-0019-1-defense] Enemy general index: None
2026-06-02 10:29:23 [self-0019-1-defense] Visible enemy tiles: 1
2026-06-02 10:29:23 [self-0019-1-defense] Tiles: 12 / 13
2026-06-02 10:29:23 [self-0019-1-defense] Map: 18 x 23 Turn: 31
2026-06-02 10:29:23 [self-0019-1-defense] Route planned: Target = 175 Mode = strategy city-free reachable tiles = 327 Fallback-Tiles = 328
2026-06-02 10:29:23 [self-0019-1-defense] Priority agent: fresh target pullback -12000, flow +6000 base = 32054 final = 26054
2026-06-02 10:29:23 [self-0019-1-defense] Move #13: 202 -> 203 | Army: 4 | Target-Terrain: 0 | Target: 175 | Half: False
2026-06-02 10:29:23 [self-0019-1-defense] My general index: 239
2026-06-02 10:29:23 [self-0019-1-defense] Enemy general index: None
2026-06-02 10:29:23 [self-0019-1-defense] Visible enemy tiles: 1
2026-06-02 10:29:23 [self-0019-1-defense] Tiles: 12 / 14
2026-06-02 10:29:23 [self-0019-1-defense] Map: 18 x 23 Turn: 32
2026-06-02 10:29:23 [self-0019-1-defense] Route planned: Target = 175 Mode = strategy city-free reachable tiles = 327 Fallback-Tiles = 328
2026-06-02 10:29:23 [self-0019-1-defense] Priority agent: flow +6000 base = 33664 final = 39664
2026-06-02 10:29:23 [self-0019-1-defense] Move #14: 203 -> 185 | Army: 4 | Target-Terrain: -1 | Target: 175 | Half: False
2026-06-02 10:29:24 [self-0019-1-defense] My general index: 239
2026-06-02 10:29:24 [self-0019-1-defense] Enemy general index: None
2026-06-02 10:29:24 [self-0019-1-defense] Visible enemy tiles: 1
2026-06-02 10:29:24 [self-0019-1-defense] Tiles: 13 / 15
2026-06-02 10:29:24 [self-0019-1-defense] Map: 18 x 23 Turn: 33
2026-06-02 10:29:24 [self-0019-1-defense] Route planned: Target = 175 Mode = strategy city-free reachable tiles = 327 Fallback-Tiles = 328
2026-06-02 10:29:24 [self-0019-1-defense] Priority agent: flow +6000 base = 52203 final = 58203
2026-06-02 10:29:24 [self-0019-1-defense] Move #15: 185 -> 186 | Army: 3 | Target-Terrain: -1 | Target: 175 | Half: False
2026-06-02 10:29:24 [self-0019-1-defense] My general index: 239
2026-06-02 10:29:24 [self-0019-1-defense] Enemy general index: None
2026-06-02 10:29:24 [self-0019-1-defense] Visible enemy tiles: 1
2026-06-02 10:29:24 [self-0019-1-defense] Tiles: 14 / 15
2026-06-02 10:29:24 [self-0019-1-defense] Map: 18 x 23 Turn: 34
2026-06-02 10:29:24 [self-0019-1-defense] Reinforcement waypoint: 209 final target = 175 turns until reinforcement = 16
2026-06-02 10:29:24 [self-0019-1-defense] Route planned: Target = 209 Mode = reinforcement_waypoint city-free reachable tiles = 327 Fallback-Tiles = 328
2026-06-02 10:29:24 [self-0019-1-defense] Priority agent: flow +6000 base = 49252 final = 55252
2026-06-02 10:29:24 [self-0019-1-defense] Move #16: 186 -> 187 | Army: 2 | Target-Terrain: -1 | Target: 209 | Half: False
2026-06-02 10:29:25 [self-0019-1-defense] My general index: 239
2026-06-02 10:29:25 [self-0019-1-defense] Enemy general index: None
2026-06-02 10:29:25 [self-0019-1-defense] Visible enemy tiles: 1
2026-06-02 10:29:25 [self-0019-1-defense] Tiles: 15 / 16
2026-06-02 10:29:25 [self-0019-1-defense] Map: 18 x 23 Turn: 35
2026-06-02 10:29:25 [self-0019-1-defense] Reinforcement waypoint: 206 final target = 175 turns until reinforcement = 15
2026-06-02 10:29:25 [self-0019-1-defense] Route planned: Target = 206 Mode = reinforcement_waypoint city-free reachable tiles = 327 Fallback-Tiles = 328
2026-06-02 10:29:25 [self-0019-1-defense] Priority agent: edge reuse -18000 base = 37394 final = 19394
2026-06-02 10:29:25 [self-0019-1-defense] Move #17: 239 -> 221 | Army: 4 | Target-Terrain: 0 | Target: 206 | Half: False
2026-06-02 10:29:25 [self-0019-1-defense] My general index: 239
2026-06-02 10:29:25 [self-0019-1-defense] Enemy general index: None
2026-06-02 10:29:25 [self-0019-1-defense] Visible enemy tiles: 1
2026-06-02 10:29:25 [self-0019-1-defense] Tiles: 15 / 16
2026-06-02 10:29:25 [self-0019-1-defense] Map: 18 x 23 Turn: 36
2026-06-02 10:29:25 [self-0019-1-defense] Reinforcement waypoint: 206 final target = 175 turns until reinforcement = 14
2026-06-02 10:29:25 [self-0019-1-defense] Route planned: Target = 206 Mode = reinforcement_waypoint city-free reachable tiles = 327 Fallback-Tiles = 328
2026-06-02 10:29:25 [self-0019-1-defense] Priority agent: fresh target pullback -12000, flow +6000 base = 39684 final = 33684
2026-06-02 10:29:25 [self-0019-1-defense] Move #18: 221 -> 203 | Army: 4 | Target-Terrain: 0 | Target: 206 | Half: False
2026-06-02 10:29:26 [self-0019-1-defense] My general index: 239
2026-06-02 10:29:26 [self-0019-1-defense] Enemy general index: None
2026-06-02 10:29:26 [self-0019-1-defense] Visible enemy tiles: 1
2026-06-02 10:29:26 [self-0019-1-defense] Tiles: 15 / 16
2026-06-02 10:29:26 [self-0019-1-defense] Map: 18 x 23 Turn: 37
2026-06-02 10:29:26 [self-0019-1-defense] Reinforcement waypoint: 206 final target = 175 turns until reinforcement = 13
2026-06-02 10:29:26 [self-0019-1-defense] Route planned: Target = 206 Mode = reinforcement_waypoint city-free reachable tiles = 327 Fallback-Tiles = 328
2026-06-02 10:29:26 [self-0019-1-defense] Priority agent: fresh target pullback -12000, flow +6000 base = 39774 final = 33774
2026-06-02 10:29:26 [self-0019-1-defense] Move #19: 203 -> 204 | Army: 4 | Target-Terrain: 0 | Target: 206 | Half: False
2026-06-02 10:29:26 [self-0019-1-defense] My general index: 239
2026-06-02 10:29:26 [self-0019-1-defense] Enemy general index: None
2026-06-02 10:29:26 [self-0019-1-defense] Visible enemy tiles: 1
2026-06-02 10:29:26 [self-0019-1-defense] Tiles: 15 / 17
2026-06-02 10:29:26 [self-0019-1-defense] Map: 18 x 23 Turn: 38
2026-06-02 10:29:26 [self-0019-1-defense] Reinforcement waypoint: 206 final target = 175 turns until reinforcement = 12
2026-06-02 10:29:26 [self-0019-1-defense] Route planned: Target = 206 Mode = reinforcement_waypoint city-free reachable tiles = 327 Fallback-Tiles = 328
2026-06-02 10:29:26 [self-0019-1-defense] Priority agent: fresh target pullback -12000, flow +6000 base = 39864 final = 33864
2026-06-02 10:29:26 [self-0019-1-defense] Move #20: 204 -> 205 | Army: 4 | Target-Terrain: 0 | Target: 206 | Half: False
2026-06-02 10:29:27 [self-0019-1-defense] My general index: 239
2026-06-02 10:29:27 [self-0019-1-defense] Enemy general index: None
2026-06-02 10:29:27 [self-0019-1-defense] Visible enemy tiles: 1
2026-06-02 10:29:27 [self-0019-1-defense] Tiles: 15 / 17
2026-06-02 10:29:27 [self-0019-1-defense] Map: 18 x 23 Turn: 39
2026-06-02 10:29:27 [self-0019-1-defense] Reinforcement waypoint: 206 final target = 175 turns until reinforcement = 11
2026-06-02 10:29:27 [self-0019-1-defense] Route planned: Target = 206 Mode = reinforcement_waypoint city-free reachable tiles = 327 Fallback-Tiles = 328
2026-06-02 10:29:27 [self-0019-1-defense] Priority agent: fresh target pullback -12000, flow +6000 base = 39954 final = 33954
2026-06-02 10:29:27 [self-0019-1-defense] Move #21: 205 -> 206 | Army: 4 | Target-Terrain: 0 | Target: 206 | Half: False
2026-06-02 10:29:27 [self-0019-1-defense] My general index: 239
2026-06-02 10:29:27 [self-0019-1-defense] Enemy general index: None
2026-06-02 10:29:27 [self-0019-1-defense] Visible enemy tiles: 1
2026-06-02 10:29:27 [self-0019-1-defense] Tiles: 15 / 17
2026-06-02 10:29:27 [self-0019-1-defense] Map: 18 x 23 Turn: 40
2026-06-02 10:29:27 [self-0019-1-defense] Reinforcement waypoint: 207 final target = 175 turns until reinforcement = 10
2026-06-02 10:29:27 [self-0019-1-defense] Route planned: Target = 207 Mode = reinforcement_waypoint city-free reachable tiles = 327 Fallback-Tiles = 328
2026-06-02 10:29:27 [self-0019-1-defense] Priority agent: fresh target pullback -12000, flow +6000 base = 39954 final = 33954
2026-06-02 10:29:27 [self-0019-1-defense] Move #22: 206 -> 207 | Army: 4 | Target-Terrain: 0 | Target: 207 | Half: False
2026-06-02 10:29:28 [self-0019-1-defense] My general index: 239
2026-06-02 10:29:28 [self-0019-1-defense] Enemy general index: None
2026-06-02 10:29:28 [self-0019-1-defense] Visible enemy tiles: 1
2026-06-02 10:29:28 [self-0019-1-defense] Tiles: 15 / 17
2026-06-02 10:29:28 [self-0019-1-defense] Map: 18 x 23 Turn: 41
2026-06-02 10:29:28 [self-0019-1-defense] Reinforcement waypoint: 208 final target = 175 turns until reinforcement = 9
2026-06-02 10:29:28 [self-0019-1-defense] Route planned: Target = 208 Mode = reinforcement_waypoint city-free reachable tiles = 327 Fallback-Tiles = 328
2026-06-02 10:29:28 [self-0019-1-defense] Priority agent: fresh target pullback -12000, flow +6000 base = 39954 final = 33954
2026-06-02 10:29:28 [self-0019-1-defense] Move #23: 207 -> 208 | Army: 4 | Target-Terrain: 0 | Target: 208 | Half: False
2026-06-02 10:29:28 [self-0019-1-defense] My general index: 239
2026-06-02 10:29:28 [self-0019-1-defense] Enemy general index: None
2026-06-02 10:29:28 [self-0019-1-defense] Visible enemy tiles: 1
2026-06-02 10:29:28 [self-0019-1-defense] Tiles: 15 / 18
2026-06-02 10:29:28 [self-0019-1-defense] Map: 18 x 23 Turn: 42
2026-06-02 10:29:28 [self-0019-1-defense] Reinforcement waypoint: 209 final target = 175 turns until reinforcement = 8
2026-06-02 10:29:28 [self-0019-1-defense] Route planned: Target = 209 Mode = reinforcement_waypoint city-free reachable tiles = 327 Fallback-Tiles = 328
2026-06-02 10:29:28 [self-0019-1-defense] Priority agent: fresh target pullback -12000, flow +6000 base = 39954 final = 33954
2026-06-02 10:29:28 [self-0019-1-defense] Move #24: 208 -> 209 | Army: 4 | Target-Terrain: 0 | Target: 209 | Half: False
2026-06-02 10:29:29 [self-0019-1-defense] My general index: 239
2026-06-02 10:29:29 [self-0019-1-defense] Enemy general index: None
2026-06-02 10:29:29 [self-0019-1-defense] Visible enemy tiles: 1
2026-06-02 10:29:29 [self-0019-1-defense] Tiles: 15 / 19
2026-06-02 10:29:29 [self-0019-1-defense] Map: 18 x 23 Turn: 43
2026-06-02 10:29:29 [self-0019-1-defense] Reinforcement waypoint: 191 final target = 175 turns until reinforcement = 7
2026-06-02 10:29:29 [self-0019-1-defense] Route planned: Target = 191 Mode = reinforcement_waypoint city-free reachable tiles = 327 Fallback-Tiles = 328
2026-06-02 10:29:29 [self-0019-1-defense] Priority agent: flow +6000 base = 62404 final = 68404
2026-06-02 10:29:29 [self-0019-1-defense] Move #25: 209 -> 191 | Army: 4 | Target-Terrain: -1 | Target: 191 | Half: False
2026-06-02 10:29:29 [self-0019-1-defense] My general index: 239
2026-06-02 10:29:29 [self-0019-1-defense] Enemy general index: None
2026-06-02 10:29:29 [self-0019-1-defense] Visible enemy tiles: 1
2026-06-02 10:29:29 [self-0019-1-defense] Tiles: 16 / 19
2026-06-02 10:29:29 [self-0019-1-defense] Map: 18 x 23 Turn: 44
2026-06-02 10:29:29 [self-0019-1-defense] Reinforcement waypoint: 192 final target = 175 turns until reinforcement = 6
2026-06-02 10:29:29 [self-0019-1-defense] Route planned: Target = 192 Mode = reinforcement_waypoint city-free reachable tiles = 327 Fallback-Tiles = 328
2026-06-02 10:29:29 [self-0019-1-defense] Priority agent: flow +6000 base = 62103 final = 68103
2026-06-02 10:29:29 [self-0019-1-defense] Move #26: 191 -> 192 | Army: 3 | Target-Terrain: -1 | Target: 192 | Half: False
2026-06-02 10:29:30 [self-0019-1-defense] Enemy general guess: 140 Confidence: 0.36 Grund: rotated spawn, distance 21 near expected 22.55, unseen tile, far from center bei eigener Position 239 Map: 18x23
2026-06-02 10:29:30 [self-0019-1-defense] My general index: 239
2026-06-02 10:29:30 [self-0019-1-defense] Enemy general index: None
2026-06-02 10:29:30 [self-0019-1-defense] Visible enemy tiles: 1
2026-06-02 10:29:30 [self-0019-1-defense] Tiles: 17 / 19
2026-06-02 10:29:30 [self-0019-1-defense] Map: 18 x 23 Turn: 45
2026-06-02 10:29:30 [self-0019-1-defense] Reinforcement waypoint: 193 final target = 175 turns until reinforcement = 5
2026-06-02 10:29:30 [self-0019-1-defense] Route planned: Target = 193 Mode = reinforcement_waypoint city-free reachable tiles = 327 Fallback-Tiles = 328
2026-06-02 10:29:30 [self-0019-1-defense] Priority agent: flow +6000 base = 60502 final = 66502
2026-06-02 10:29:30 [self-0019-1-defense] Move #27: 192 -> 193 | Army: 2 | Target-Terrain: -1 | Target: 193 | Half: False
2026-06-02 10:29:30 [self-0019-1-defense] My general index: 239
2026-06-02 10:29:30 [self-0019-1-defense] Enemy general index: None
2026-06-02 10:29:30 [self-0019-1-defense] Visible enemy tiles: 2
2026-06-02 10:29:30 [self-0019-1-defense] Tiles: 18 / 19
2026-06-02 10:29:30 [self-0019-1-defense] Map: 18 x 23 Turn: 46
2026-06-02 10:29:30 [self-0019-1-defense] Reinforcement waypoint: 221 final target = 211 turns until reinforcement = 4
2026-06-02 10:29:30 [self-0019-1-defense] Route planned: Target = 221 Mode = reinforcement_waypoint city-free reachable tiles = 327 Fallback-Tiles = 328
2026-06-02 10:29:30 [self-0019-1-defense] Priority agent: edge reuse -18000 base = 37757 final = 19757
2026-06-02 10:29:30 [self-0019-1-defense] Move #28: 239 -> 221 | Army: 7 | Target-Terrain: 0 | Target: 221 | Half: False
2026-06-02 10:29:31 [self-0019-1-defense] Coach: balanced tiles 18/19 army 24/24 cities 0/0 enemy_city_suspect False bias {'expansion_bias': 0.1, 'city_bias': 0.2, 'attack_bias': -0.1, 'defense_bias': 0.8, 'route_bias': 0.30000000000000004}
2026-06-02 10:29:31 [self-0019-1-defense] My general index: 239
2026-06-02 10:29:31 [self-0019-1-defense] Enemy general index: None
2026-06-02 10:29:31 [self-0019-1-defense] Visible enemy tiles: 2
2026-06-02 10:29:31 [self-0019-1-defense] Tiles: 18 / 19
2026-06-02 10:29:31 [self-0019-1-defense] Map: 18 x 23 Turn: 47
2026-06-02 10:29:31 [self-0019-1-defense] Reinforcement waypoint: 203 final target = 211 turns until reinforcement = 3
2026-06-02 10:29:31 [self-0019-1-defense] Route planned: Target = 203 Mode = reinforcement_waypoint city-free reachable tiles = 327 Fallback-Tiles = 328
2026-06-02 10:29:31 [self-0019-1-defense] Priority agent: edge reuse -18000, fresh target pullback -12000, flow +6000 base = 39957 final = 15957
2026-06-02 10:29:31 [self-0019-1-defense] Move #29: 221 -> 203 | Army: 7 | Target-Terrain: 0 | Target: 203 | Half: False
2026-06-02 10:29:31 [self-0019-1-defense] My general index: 239
2026-06-02 10:29:31 [self-0019-1-defense] Enemy general index: None
2026-06-02 10:29:31 [self-0019-1-defense] Visible enemy tiles: 2
2026-06-02 10:29:31 [self-0019-1-defense] Tiles: 18 / 20
2026-06-02 10:29:31 [self-0019-1-defense] Map: 18 x 23 Turn: 48
2026-06-02 10:29:31 [self-0019-1-defense] Reinforcement waypoint: 204 final target = 211 turns until reinforcement = 2
2026-06-02 10:29:31 [self-0019-1-defense] Route planned: Target = 204 Mode = reinforcement_waypoint city-free reachable tiles = 327 Fallback-Tiles = 328
2026-06-02 10:29:31 [self-0019-1-defense] Priority agent: edge reuse -18000, fresh target pullback -12000, flow +6000 base = 39957 final = 15957
2026-06-02 10:29:31 [self-0019-1-defense] Move #30: 203 -> 204 | Army: 7 | Target-Terrain: 0 | Target: 204 | Half: False
2026-06-02 10:29:32 [self-0019-1-defense] My general index: 239
2026-06-02 10:29:32 [self-0019-1-defense] Enemy general index: None
2026-06-02 10:29:32 [self-0019-1-defense] Visible enemy tiles: 2
2026-06-02 10:29:32 [self-0019-1-defense] Tiles: 18 / 20
2026-06-02 10:29:32 [self-0019-1-defense] Map: 18 x 23 Turn: 49
2026-06-02 10:29:32 [self-0019-1-defense] Reinforcement waypoint: 205 final target = 211 turns until reinforcement = 1
2026-06-02 10:29:32 [self-0019-1-defense] Route planned: Target = 205 Mode = reinforcement_waypoint city-free reachable tiles = 327 Fallback-Tiles = 328
2026-06-02 10:29:32 [self-0019-1-defense] Priority agent: edge reuse -18000, fresh target pullback -12000, flow +6000 base = 39957 final = 15957
2026-06-02 10:29:32 [self-0019-1-defense] Move #31: 204 -> 205 | Army: 7 | Target-Terrain: 0 | Target: 205 | Half: False
2026-06-02 10:29:32 [self-0019-1-defense] My general index: 239
2026-06-02 10:29:32 [self-0019-1-defense] Enemy general index: None
2026-06-02 10:29:32 [self-0019-1-defense] Visible enemy tiles: 2
2026-06-02 10:29:32 [self-0019-1-defense] Tiles: 18 / 20
2026-06-02 10:29:32 [self-0019-1-defense] Map: 18 x 23 Turn: 50
2026-06-02 10:29:32 [self-0019-1-defense] Route planned: Target = 211 Mode = strategy city-free reachable tiles = 327 Fallback-Tiles = 328
2026-06-02 10:29:32 [self-0019-1-defense] Move #32: 187 -> 188 | Army: 2 | Target-Terrain: -1 | Target: 211 | Half: False
2026-06-02 10:29:33 [self-0019-1-defense] My general index: 239
2026-06-02 10:29:33 [self-0019-1-defense] Enemy general index: None
2026-06-02 10:29:33 [self-0019-1-defense] Visible enemy tiles: 3
2026-06-02 10:29:33 [self-0019-1-defense] Tiles: 19 / 21
2026-06-02 10:29:33 [self-0019-1-defense] Map: 18 x 23 Turn: 51
2026-06-02 10:29:33 [self-0019-1-defense] Route planned: Target = 211 Mode = strategy city-free reachable tiles = 327 Fallback-Tiles = 328
2026-06-02 10:29:33 [self-0019-1-defense] Move #33: 192 -> 210 | Army: 2 | Target-Terrain: 0 | Target: 211 | Half: False
2026-06-02 10:29:33 [self-0019-1-defense] My general index: 239
2026-06-02 10:29:33 [self-0019-1-defense] Enemy general index: None
2026-06-02 10:29:33 [self-0019-1-defense] Visible enemy tiles: 3
2026-06-02 10:29:33 [self-0019-1-defense] Tiles: 19 / 22
2026-06-02 10:29:33 [self-0019-1-defense] Map: 18 x 23 Turn: 52
2026-06-02 10:29:33 [self-0019-1-defense] Route planned: Target = 211 Mode = strategy city-free reachable tiles = 327 Fallback-Tiles = 328
2026-06-02 10:29:33 [self-0019-1-defense] Priority agent: flow +6000 base = 29273 final = 35273
2026-06-02 10:29:33 [self-0019-1-defense] Move #34: 210 -> 228 | Army: 3 | Target-Terrain: -1 | Target: 211 | Half: False
2026-06-02 10:29:34 [self-0019-1-defense] My general index: 239
2026-06-02 10:29:34 [self-0019-1-defense] Enemy general index: None
2026-06-02 10:29:34 [self-0019-1-defense] Visible enemy tiles: 3
2026-06-02 10:29:34 [self-0019-1-defense] Tiles: 20 / 23
2026-06-02 10:29:34 [self-0019-1-defense] Map: 18 x 23 Turn: 53
2026-06-02 10:29:34 [self-0019-1-defense] Route planned: Target = 211 Mode = strategy city-free reachable tiles = 327 Fallback-Tiles = 328
2026-06-02 10:29:34 [self-0019-1-defense] Priority agent: flow +6000 base = 26432 final = 32432
2026-06-02 10:29:34 [self-0019-1-defense] Move #35: 228 -> 246 | Army: 2 | Target-Terrain: -1 | Target: 211 | Half: False
2026-06-02 10:29:34 [self-0019-1-defense] My general index: 239
2026-06-02 10:29:34 [self-0019-1-defense] Enemy general index: None
2026-06-02 10:29:34 [self-0019-1-defense] Visible enemy tiles: 3
2026-06-02 10:29:34 [self-0019-1-defense] Tiles: 21 / 24
2026-06-02 10:29:34 [self-0019-1-defense] Map: 18 x 23 Turn: 54
2026-06-02 10:29:34 [self-0019-1-defense] Route planned: Target = 211 Mode = strategy city-free reachable tiles = 327 Fallback-Tiles = 328
2026-06-02 10:29:34 [self-0019-1-defense] Move #36: 205 -> 206 | Army: 8 | Target-Terrain: 0 | Target: 211 | Half: False
2026-06-02 10:29:35 [self-0019-1-defense] My general index: 239
2026-06-02 10:29:35 [self-0019-1-defense] Enemy general index: None
2026-06-02 10:29:35 [self-0019-1-defense] Visible enemy tiles: 3
2026-06-02 10:29:35 [self-0019-1-defense] Tiles: 21 / 25
2026-06-02 10:29:35 [self-0019-1-defense] Map: 18 x 23 Turn: 55
2026-06-02 10:29:35 [self-0019-1-defense] Route planned: Target = 211 Mode = strategy city-free reachable tiles = 327 Fallback-Tiles = 328
2026-06-02 10:29:35 [self-0019-1-defense] Priority agent: flow +6000 base = 27919 final = 33919
2026-06-02 10:29:35 [self-0019-1-defense] Move #37: 206 -> 224 | Army: 9 | Target-Terrain: -1 | Target: 211 | Half: False
2026-06-02 10:29:35 [self-0019-1-defense] My general index: 239
2026-06-02 10:29:35 [self-0019-1-defense] Enemy general index: None
2026-06-02 10:29:35 [self-0019-1-defense] Visible enemy tiles: 3
2026-06-02 10:29:35 [self-0019-1-defense] Tiles: 22 / 26
2026-06-02 10:29:35 [self-0019-1-defense] Map: 18 x 23 Turn: 56
2026-06-02 10:29:35 [self-0019-1-defense] Route planned: Target = 211 Mode = strategy city-free reachable tiles = 327 Fallback-Tiles = 328
2026-06-02 10:29:35 [self-0019-1-defense] Priority agent: flow +6000 base = 58408 final = 64408
2026-06-02 10:29:35 [self-0019-1-defense] Move #38: 224 -> 225 | Army: 8 | Target-Terrain: -1 | Target: 211 | Half: False
2026-06-02 10:29:36 [self-0019-1-defense] My general index: 239
2026-06-02 10:29:36 [self-0019-1-defense] Enemy general index: None
2026-06-02 10:29:36 [self-0019-1-defense] Visible enemy tiles: 3
2026-06-02 10:29:36 [self-0019-1-defense] Tiles: 23 / 27
2026-06-02 10:29:36 [self-0019-1-defense] Map: 18 x 23 Turn: 57
2026-06-02 10:29:36 [self-0019-1-defense] Route planned: Target = 211 Mode = strategy city-free reachable tiles = 327 Fallback-Tiles = 328
2026-06-02 10:29:36 [self-0019-1-defense] Priority agent: flow +6000 base = 54047 final = 60047
2026-06-02 10:29:36 [self-0019-1-defense] Move #39: 225 -> 226 | Army: 7 | Target-Terrain: -1 | Target: 211 | Half: False
2026-06-02 10:29:36 [self-0019-1-defense] My general index: 239
2026-06-02 10:29:36 [self-0019-1-defense] Enemy general index: None
2026-06-02 10:29:36 [self-0019-1-defense] Visible enemy tiles: 3
2026-06-02 10:29:36 [self-0019-1-defense] Tiles: 24 / 28
2026-06-02 10:29:36 [self-0019-1-defense] Map: 18 x 23 Turn: 58
2026-06-02 10:29:36 [self-0019-1-defense] Route planned: Target = 211 Mode = strategy city-free reachable tiles = 327 Fallback-Tiles = 328
2026-06-02 10:29:36 [self-0019-1-defense] Priority agent: flow +6000 base = 54086 final = 60086
2026-06-02 10:29:36 [self-0019-1-defense] Move #40: 226 -> 227 | Army: 6 | Target-Terrain: -1 | Target: 211 | Half: False
2026-06-02 10:29:37 [self-0019-1-defense] My general index: 239
2026-06-02 10:29:37 [self-0019-1-defense] Enemy general index: None
2026-06-02 10:29:37 [self-0019-1-defense] Visible enemy tiles: 3
2026-06-02 10:29:37 [self-0019-1-defense] Tiles: 25 / 29
2026-06-02 10:29:37 [self-0019-1-defense] Map: 18 x 23 Turn: 59
2026-06-02 10:29:37 [self-0019-1-defense] Route planned: Target = 211 Mode = strategy city-free reachable tiles = 327 Fallback-Tiles = 328
2026-06-02 10:29:37 [self-0019-1-defense] Move #41: 209 -> 210 | Army: 2 | Target-Terrain: 0 | Target: 211 | Half: False
2026-06-02 10:29:37 [self-0019-1-defense] My general index: 239
2026-06-02 10:29:37 [self-0019-1-defense] Enemy general index: None
2026-06-02 10:29:37 [self-0019-1-defense] Visible enemy tiles: 3
2026-06-02 10:29:37 [self-0019-1-defense] Tiles: 25 / 30
2026-06-02 10:29:37 [self-0019-1-defense] Map: 18 x 23 Turn: 60
2026-06-02 10:29:37 [self-0019-1-defense] Route planned: Target = 211 Mode = strategy city-free reachable tiles = 327 Fallback-Tiles = 328
2026-06-02 10:29:37 [self-0019-1-defense] Move #42: 191 -> 192 | Army: 2 | Target-Terrain: 0 | Target: 211 | Half: False
2026-06-02 10:29:38 [self-0019-1-defense] My general index: 239
2026-06-02 10:29:38 [self-0019-1-defense] Enemy general index: None
2026-06-02 10:29:38 [self-0019-1-defense] Visible enemy tiles: 3
2026-06-02 10:29:38 [self-0019-1-defense] Tiles: 25 / 30
2026-06-02 10:29:38 [self-0019-1-defense] Map: 18 x 23 Turn: 61
2026-06-02 10:29:38 [self-0019-1-defense] Route planned: Target = 211 Mode = strategy city-free reachable tiles = 327 Fallback-Tiles = 328
2026-06-02 10:29:38 [self-0019-1-defense] Move #43: 208 -> 209 | Army: 2 | Target-Terrain: 0 | Target: 211 | Half: False
2026-06-02 10:29:38 [self-0019-1-defense] My general index: 239
2026-06-02 10:29:38 [self-0019-1-defense] Enemy general index: None
2026-06-02 10:29:38 [self-0019-1-defense] Visible enemy tiles: 3
2026-06-02 10:29:38 [self-0019-1-defense] Tiles: 25 / 30
2026-06-02 10:29:38 [self-0019-1-defense] Map: 18 x 23 Turn: 62
2026-06-02 10:29:38 [self-0019-1-defense] Route planned: Target = 211 Mode = strategy city-free reachable tiles = 327 Fallback-Tiles = 328
2026-06-02 10:29:38 [self-0019-1-defense] Move #44: 207 -> 208 | Army: 2 | Target-Terrain: 0 | Target: 211 | Half: False
2026-06-02 10:29:39 [self-0019-1-defense] My general index: 239
2026-06-02 10:29:39 [self-0019-1-defense] Enemy general index: None
2026-06-02 10:29:39 [self-0019-1-defense] Visible enemy tiles: 3
2026-06-02 10:29:39 [self-0019-1-defense] Tiles: 25 / 30
2026-06-02 10:29:39 [self-0019-1-defense] Map: 18 x 23 Turn: 63
2026-06-02 10:29:39 [self-0019-1-defense] Route planned: Target = 211 Mode = strategy city-free reachable tiles = 327 Fallback-Tiles = 328
2026-06-02 10:29:39 [self-0019-1-defense] Move #45: 227 -> 209 | Army: 5 | Target-Terrain: 0 | Target: 211 | Half: False
2026-06-02 10:29:39 [self-0019-1-defense] My general index: 239
2026-06-02 10:29:39 [self-0019-1-defense] Enemy general index: None
2026-06-02 10:29:39 [self-0019-1-defense] Visible enemy tiles: 3
2026-06-02 10:29:39 [self-0019-1-defense] Tiles: 25 / 30
2026-06-02 10:29:39 [self-0019-1-defense] Map: 18 x 23 Turn: 64
2026-06-02 10:29:39 [self-0019-1-defense] Route planned: Target = 211 Mode = strategy city-free reachable tiles = 327 Fallback-Tiles = 328
2026-06-02 10:29:39 [self-0019-1-defense] Move #46: 204 -> 205 | Army: 2 | Target-Terrain: 0 | Target: 211 | Half: False
2026-06-02 10:29:40 [self-0019-1-defense] My general index: 239
2026-06-02 10:29:40 [self-0019-1-defense] Enemy general index: None
2026-06-02 10:29:40 [self-0019-1-defense] Visible enemy tiles: 3
2026-06-02 10:29:40 [self-0019-1-defense] Tiles: 25 / 30
2026-06-02 10:29:40 [self-0019-1-defense] Map: 18 x 23 Turn: 65
2026-06-02 10:29:40 [self-0019-1-defense] Route planned: Target = 211 Mode = strategy city-free reachable tiles = 327 Fallback-Tiles = 328
2026-06-02 10:29:40 [self-0019-1-defense] Move #47: 192 -> 193 | Army: 2 | Target-Terrain: 0 | Target: 211 | Half: False
2026-06-02 10:29:40 [self-0019-1-defense] My general index: 239
2026-06-02 10:29:40 [self-0019-1-defense] Enemy general index: None
2026-06-02 10:29:40 [self-0019-1-defense] Visible enemy tiles: 3
2026-06-02 10:29:40 [self-0019-1-defense] Tiles: 25 / 30
2026-06-02 10:29:40 [self-0019-1-defense] Map: 18 x 23 Turn: 66
2026-06-02 10:29:40 [self-0019-1-defense] Route planned: Target = 211 Mode = strategy city-free reachable tiles = 327 Fallback-Tiles = 328
2026-06-02 10:29:40 [self-0019-1-defense] Move #48: 186 -> 187 | Army: 2 | Target-Terrain: 0 | Target: 211 | Half: False
2026-06-02 10:29:41 [self-0019-1-defense] My general index: 239
2026-06-02 10:29:41 [self-0019-1-defense] Enemy general index: None
2026-06-02 10:29:41 [self-0019-1-defense] Visible enemy tiles: 3
2026-06-02 10:29:41 [self-0019-1-defense] Tiles: 25 / 30
2026-06-02 10:29:41 [self-0019-1-defense] Map: 18 x 23 Turn: 67
2026-06-02 10:29:41 [self-0019-1-defense] Route planned: Target = 211 Mode = strategy city-free reachable tiles = 327 Fallback-Tiles = 328
2026-06-02 10:29:41 [self-0019-1-defense] Move #49: 203 -> 204 | Army: 2 | Target-Terrain: 0 | Target: 211 | Half: False
2026-06-02 10:29:41 [self-0019-1-defense] My general index: 239
2026-06-02 10:29:41 [self-0019-1-defense] Enemy general index: None
2026-06-02 10:29:41 [self-0019-1-defense] Visible enemy tiles: 3
2026-06-02 10:29:41 [self-0019-1-defense] Tiles: 25 / 30
2026-06-02 10:29:41 [self-0019-1-defense] Map: 18 x 23 Turn: 68
2026-06-02 10:29:41 [self-0019-1-defense] Route planned: Target = 211 Mode = strategy city-free reachable tiles = 327 Fallback-Tiles = 328
2026-06-02 10:29:41 [self-0019-1-defense] Move #50: 185 -> 186 | Army: 2 | Target-Terrain: 0 | Target: 211 | Half: False
2026-06-02 10:29:42 [self-0019-1-defense] My general index: 239
2026-06-02 10:29:42 [self-0019-1-defense] Enemy general index: None
2026-06-02 10:29:42 [self-0019-1-defense] Visible enemy tiles: 3
2026-06-02 10:29:42 [self-0019-1-defense] Tiles: 25 / 31
2026-06-02 10:29:42 [self-0019-1-defense] Map: 18 x 23 Turn: 69
2026-06-02 10:29:42 [self-0019-1-defense] Route planned: Target = 211 Mode = strategy city-free reachable tiles = 327 Fallback-Tiles = 328
2026-06-02 10:29:42 [self-0019-1-defense] Move #51: 205 -> 206 | Army: 2 | Target-Terrain: 0 | Target: 211 | Half: False
2026-06-02 10:29:42 [self-0019-1-defense] My general index: 239
2026-06-02 10:29:42 [self-0019-1-defense] Enemy general index: None
2026-06-02 10:29:42 [self-0019-1-defense] Visible enemy tiles: 3
2026-06-02 10:29:42 [self-0019-1-defense] Tiles: 25 / 31
2026-06-02 10:29:42 [self-0019-1-defense] Map: 18 x 23 Turn: 70
2026-06-02 10:29:42 [self-0019-1-defense] Route planned: Target = 211 Mode = strategy city-free reachable tiles = 327 Fallback-Tiles = 328
2026-06-02 10:29:42 [self-0019-1-defense] Move #52: 202 -> 203 | Army: 2 | Target-Terrain: 0 | Target: 211 | Half: False
2026-06-02 10:29:43 [self-0019-1-defense] My general index: 239
2026-06-02 10:29:43 [self-0019-1-defense] Enemy general index: None
2026-06-02 10:29:43 [self-0019-1-defense] Visible enemy tiles: 3
2026-06-02 10:29:43 [self-0019-1-defense] Tiles: 25 / 31
2026-06-02 10:29:43 [self-0019-1-defense] Map: 18 x 23 Turn: 71
2026-06-02 10:29:43 [self-0019-1-defense] Route planned: Target = 211 Mode = strategy city-free reachable tiles = 327 Fallback-Tiles = 328
2026-06-02 10:29:43 [self-0019-1-defense] Move #53: 239 -> 221 | Army: 14 | Target-Terrain: 0 | Target: 211 | Half: False
2026-06-02 10:29:43 [self-0019-1-defense] My general index: 239
2026-06-02 10:29:43 [self-0019-1-defense] Enemy general index: None
2026-06-02 10:29:43 [self-0019-1-defense] Visible enemy tiles: 3
2026-06-02 10:29:43 [self-0019-1-defense] Tiles: 25 / 31
2026-06-02 10:29:43 [self-0019-1-defense] Map: 18 x 23 Turn: 72
2026-06-02 10:29:43 [self-0019-1-defense] Route planned: Target = 211 Mode = strategy city-free reachable tiles = 327 Fallback-Tiles = 328
2026-06-02 10:29:43 [self-0019-1-defense] Priority agent: fresh target pullback -12000, flow +6000 base = 36445 final = 30445
2026-06-02 10:29:43 [self-0019-1-defense] Move #54: 221 -> 203 | Army: 15 | Target-Terrain: 0 | Target: 211 | Half: False
2026-06-02 10:29:44 [self-0019-1-defense] My general index: 239
2026-06-02 10:29:44 [self-0019-1-defense] Enemy general index: None
2026-06-02 10:29:44 [self-0019-1-defense] Visible enemy tiles: 3
2026-06-02 10:29:44 [self-0019-1-defense] Tiles: 25 / 31
2026-06-02 10:29:44 [self-0019-1-defense] Map: 18 x 23 Turn: 73
2026-06-02 10:29:44 [self-0019-1-defense] Route planned: Target = 211 Mode = strategy city-free reachable tiles = 327 Fallback-Tiles = 328
2026-06-02 10:29:44 [self-0019-1-defense] Move #55: 187 -> 188 | Army: 2 | Target-Terrain: 0 | Target: 211 | Half: False
2026-06-02 10:29:44 [self-0019-1-defense] My general index: 239
2026-06-02 10:29:44 [self-0019-1-defense] Enemy general index: None
2026-06-02 10:29:44 [self-0019-1-defense] Visible enemy tiles: 3
2026-06-02 10:29:44 [self-0019-1-defense] Tiles: 25 / 31
2026-06-02 10:29:44 [self-0019-1-defense] Map: 18 x 23 Turn: 74
2026-06-02 10:29:44 [self-0019-1-defense] Route planned: Target = 211 Mode = strategy city-free reachable tiles = 327 Fallback-Tiles = 328
2026-06-02 10:29:44 [self-0019-1-defense] Priority agent: flow +6000 base = 51502 final = 57502
2026-06-02 10:29:44 [self-0019-1-defense] Move #56: 188 -> 189 | Army: 2 | Target-Terrain: -1 | Target: 211 | Half: False
2026-06-02 10:29:45 [self-0019-1-defense] My general index: 239
2026-06-02 10:29:45 [self-0019-1-defense] Enemy general index: None
2026-06-02 10:29:45 [self-0019-1-defense] Visible enemy tiles: 3
2026-06-02 10:29:45 [self-0019-1-defense] Tiles: 26 / 31
2026-06-02 10:29:45 [self-0019-1-defense] Map: 18 x 23 Turn: 75
2026-06-02 10:29:45 [self-0019-1-defense] Route planned: Target = 211 Mode = strategy city-free reachable tiles = 327 Fallback-Tiles = 328
2026-06-02 10:29:45 [self-0019-1-defense] Move #57: 209 -> 210 | Army: 6 | Target-Terrain: 0 | Target: 211 | Half: False
2026-06-02 10:29:45 [self-0019-1-defense] My general index: 239
2026-06-02 10:29:45 [self-0019-1-defense] Enemy general index: None
2026-06-02 10:29:45 [self-0019-1-defense] Visible enemy tiles: 3
2026-06-02 10:29:45 [self-0019-1-defense] Tiles: 26 / 31
2026-06-02 10:29:45 [self-0019-1-defense] Map: 18 x 23 Turn: 76
2026-06-02 10:29:45 [self-0019-1-defense] Route planned: Target = 211 Mode = strategy city-free reachable tiles = 327 Fallback-Tiles = 328
2026-06-02 10:29:45 [self-0019-1-defense] Priority agent: flow +6000 base = 72907 final = 78907
2026-06-02 10:29:45 [self-0019-1-defense] Move #58: 210 -> 211 | Army: 7 | Target-Terrain: 1 | Target: 211 | Half: False
2026-06-02 10:29:46 [self-0019-1-defense] My general index: 239
2026-06-02 10:29:46 [self-0019-1-defense] Enemy general index: None
2026-06-02 10:29:46 [self-0019-1-defense] Visible enemy tiles: 3
2026-06-02 10:29:46 [self-0019-1-defense] Tiles: 27 / 30
2026-06-02 10:29:46 [self-0019-1-defense] Map: 18 x 23 Turn: 77
2026-06-02 10:29:46 [self-0019-1-defense] Route planned: Target = 212 Mode = strategy city-free reachable tiles = 327 Fallback-Tiles = 328
2026-06-02 10:29:46 [self-0019-1-defense] Priority agent: flow +6000 base = 63953 final = 69953
2026-06-02 10:29:46 [self-0019-1-defense] Move #59: 211 -> 212 | Army: 3 | Target-Terrain: 1 | Target: 212 | Half: False
2026-06-02 10:29:46 [self-0019-1-defense] My general index: 239
2026-06-02 10:29:46 [self-0019-1-defense] Enemy general index: None
2026-06-02 10:29:46 [self-0019-1-defense] Visible enemy tiles: 4
2026-06-02 10:29:46 [self-0019-1-defense] Tiles: 28 / 29
2026-06-02 10:29:46 [self-0019-1-defense] Map: 18 x 23 Turn: 78
2026-06-02 10:29:46 [self-0019-1-defense] Route planned: Target = 229 Mode = strategy city-free reachable tiles = 327 Fallback-Tiles = 328
2026-06-02 10:29:46 [self-0019-1-defense] Move #60: 193 -> 211 | Army: 3 | Target-Terrain: 0 | Target: 229 | Half: False
2026-06-02 10:29:47 [self-0019-1-defense] My general index: 239
2026-06-02 10:29:47 [self-0019-1-defense] Enemy general index: None
2026-06-02 10:29:47 [self-0019-1-defense] Visible enemy tiles: 4
2026-06-02 10:29:47 [self-0019-1-defense] Tiles: 28 / 29
2026-06-02 10:29:47 [self-0019-1-defense] Map: 18 x 23 Turn: 79
2026-06-02 10:29:47 [self-0019-1-defense] Route planned: Target = 229 Mode = strategy city-free reachable tiles = 327 Fallback-Tiles = 328
2026-06-02 10:29:47 [self-0019-1-defense] Priority agent: flow +6000 base = 63653 final = 69653
2026-06-02 10:29:47 [self-0019-1-defense] Move #61: 211 -> 229 | Army: 3 | Target-Terrain: 1 | Target: 229 | Half: False
2026-06-02 10:29:47 [self-0019-1-defense] My general index: 239
2026-06-02 10:29:47 [self-0019-1-defense] Enemy general index: None
2026-06-02 10:29:47 [self-0019-1-defense] Visible enemy tiles: 4
2026-06-02 10:29:47 [self-0019-1-defense] Tiles: 29 / 28
2026-06-02 10:29:47 [self-0019-1-defense] Map: 18 x 23 Turn: 80
2026-06-02 10:29:47 [self-0019-1-defense] Route planned: Target = 213 Mode = strategy city-free reachable tiles = 327 Fallback-Tiles = 328
2026-06-02 10:29:47 [self-0019-1-defense] Move #62: 208 -> 209 | Army: 2 | Target-Terrain: 0 | Target: 213 | Half: False
2026-06-02 10:29:48 [self-0019-1-defense] My general index: 239
2026-06-02 10:29:48 [self-0019-1-defense] Enemy general index: None
2026-06-02 10:29:48 [self-0019-1-defense] Visible enemy tiles: 4
2026-06-02 10:29:48 [self-0019-1-defense] Tiles: 29 / 28
2026-06-02 10:29:48 [self-0019-1-defense] Map: 18 x 23 Turn: 81
2026-06-02 10:29:48 [self-0019-1-defense] Route planned: Target = 213 Mode = strategy city-free reachable tiles = 327 Fallback-Tiles = 328
2026-06-02 10:29:48 [self-0019-1-defense] Move #63: 206 -> 207 | Army: 2 | Target-Terrain: 0 | Target: 213 | Half: False
2026-06-02 10:29:48 [self-0019-1-defense] My general index: 239
2026-06-02 10:29:48 [self-0019-1-defense] Enemy general index: None
2026-06-02 10:29:48 [self-0019-1-defense] Visible enemy tiles: 4
2026-06-02 10:29:48 [self-0019-1-defense] Tiles: 29 / 28
2026-06-02 10:29:48 [self-0019-1-defense] Map: 18 x 23 Turn: 82
2026-06-02 10:29:48 [self-0019-1-defense] Route planned: Target = 213 Mode = strategy city-free reachable tiles = 327 Fallback-Tiles = 328
2026-06-02 10:29:48 [self-0019-1-defense] Move #64: 203 -> 204 | Army: 16 | Target-Terrain: 0 | Target: 213 | Half: False
2026-06-02 10:29:49 [self-0019-1-defense] My general index: 239
2026-06-02 10:29:49 [self-0019-1-defense] Enemy general index: None
2026-06-02 10:29:49 [self-0019-1-defense] Visible enemy tiles: 4
2026-06-02 10:29:49 [self-0019-1-defense] Tiles: 29 / 28
2026-06-02 10:29:49 [self-0019-1-defense] Map: 18 x 23 Turn: 83
2026-06-02 10:29:49 [self-0019-1-defense] Route planned: Target = 213 Mode = strategy city-free reachable tiles = 327 Fallback-Tiles = 328
2026-06-02 10:29:49 [self-0019-1-defense] Priority agent: fresh target pullback -12000, flow +6000 base = 36447 final = 30447
2026-06-02 10:29:49 [self-0019-1-defense] Move #65: 204 -> 205 | Army: 17 | Target-Terrain: 0 | Target: 213 | Half: False
2026-06-02 10:29:49 [self-0019-1-defense] My general index: 239
2026-06-02 10:29:49 [self-0019-1-defense] Enemy general index: None
2026-06-02 10:29:49 [self-0019-1-defense] Visible enemy tiles: 3
2026-06-02 10:29:49 [self-0019-1-defense] Tiles: 28 / 29
2026-06-02 10:29:49 [self-0019-1-defense] Map: 18 x 23 Turn: 84
2026-06-02 10:29:49 [self-0019-1-defense] Reinforcement waypoint: 213 final target = 213 turns until reinforcement = 16
2026-06-02 10:29:49 [self-0019-1-defense] Route planned: Target = 213 Mode = reinforcement_waypoint city-free reachable tiles = 327 Fallback-Tiles = 328
2026-06-02 10:29:49 [self-0019-1-defense] Priority agent: fresh target pullback -12000, flow +6000 base = 43537 final = 37537
2026-06-02 10:29:49 [self-0019-1-defense] Move #66: 205 -> 206 | Army: 17 | Target-Terrain: 0 | Target: 213 | Half: False
2026-06-02 10:29:50 [self-0019-1-defense] My general index: 239
2026-06-02 10:29:50 [self-0019-1-defense] Enemy general index: None
2026-06-02 10:29:50 [self-0019-1-defense] Visible enemy tiles: 4
2026-06-02 10:29:50 [self-0019-1-defense] Tiles: 27 / 30
2026-06-02 10:29:50 [self-0019-1-defense] Map: 18 x 23 Turn: 85
2026-06-02 10:29:50 [self-0019-1-defense] Reinforcement waypoint: 213 final target = 213 turns until reinforcement = 15
2026-06-02 10:29:50 [self-0019-1-defense] Route planned: Target = 213 Mode = reinforcement_waypoint city-free reachable tiles = 327 Fallback-Tiles = 328
2026-06-02 10:29:50 [self-0019-1-defense] Move #67: 186 -> 187 | Army: 2 | Target-Terrain: 0 | Target: 213 | Half: False
2026-06-02 10:29:50 [self-0019-1-defense] My general index: 239
2026-06-02 10:29:50 [self-0019-1-defense] Enemy general index: None
2026-06-02 10:29:50 [self-0019-1-defense] Visible enemy tiles: 5
2026-06-02 10:29:50 [self-0019-1-defense] Tiles: 26 / 31
2026-06-02 10:29:50 [self-0019-1-defense] Map: 18 x 23 Turn: 86
2026-06-02 10:29:50 [self-0019-1-defense] Reinforcement waypoint: 213 final target = 213 turns until reinforcement = 14
2026-06-02 10:29:50 [self-0019-1-defense] Route planned: Target = 213 Mode = reinforcement_waypoint city-free reachable tiles = 327 Fallback-Tiles = 328
2026-06-02 10:29:50 [self-0019-1-defense] Move #68: 207 -> 208 | Army: 2 | Target-Terrain: 0 | Target: 213 | Half: False
2026-06-02 10:29:51 [self-0019-1-defense] My general index: 239
2026-06-02 10:29:51 [self-0019-1-defense] Enemy general index: None
2026-06-02 10:29:51 [self-0019-1-defense] Visible enemy tiles: 6
2026-06-02 10:29:51 [self-0019-1-defense] Tiles: 25 / 32
2026-06-02 10:29:51 [self-0019-1-defense] Map: 18 x 23 Turn: 87
2026-06-02 10:29:51 [self-0019-1-defense] Route planned: Target = 207 Mode = defense city-free reachable tiles = 327 Fallback-Tiles = 328
2026-06-02 10:29:51 [self-0019-1-defense] Priority agent: edge reuse -9000 base = 234867 final = 225867
2026-06-02 10:29:51 [self-0019-1-defense] Move #69: 206 -> 207 | Army: 17 | Target-Terrain: 0 | Target: 207 | Half: False
2026-06-02 10:29:51 [self-0019-1-defense] My general index: 239
2026-06-02 10:29:51 [self-0019-1-defense] Enemy general index: None
2026-06-02 10:29:51 [self-0019-1-defense] Visible enemy tiles: 7
2026-06-02 10:29:51 [self-0019-1-defense] Tiles: 24 / 33
2026-06-02 10:29:51 [self-0019-1-defense] Map: 18 x 23 Turn: 88
2026-06-02 10:29:51 [self-0019-1-defense] Route planned: Target = 207 Mode = defense city-free reachable tiles = 327 Fallback-Tiles = 328
2026-06-02 10:29:51 [self-0019-1-defense] Priority agent: edge reuse -9000 base = 202452 final = 193452
2026-06-02 10:29:51 [self-0019-1-defense] Move #70: 208 -> 207 | Army: 2 | Target-Terrain: 0 | Target: 207 | Half: False
2026-06-02 10:29:52 [self-0019-1-defense] My general index: 239
2026-06-02 10:29:52 [self-0019-1-defense] Enemy general index: None
2026-06-02 10:29:52 [self-0019-1-defense] Visible enemy tiles: 7
2026-06-02 10:29:52 [self-0019-1-defense] Tiles: 24 / 33
2026-06-02 10:29:52 [self-0019-1-defense] Map: 18 x 23 Turn: 89
2026-06-02 10:29:52 [self-0019-1-defense] Route planned: Target = 207 Mode = defense city-free reachable tiles = 327 Fallback-Tiles = 328
2026-06-02 10:29:52 [self-0019-1-defense] Move #71: 187 -> 188 | Army: 2 | Target-Terrain: 0 | Target: 207 | Half: False
2026-06-02 10:29:52 [self-0019-1-defense] My general index: 239
2026-06-02 10:29:52 [self-0019-1-defense] Enemy general index: None
2026-06-02 10:29:52 [self-0019-1-defense] Visible enemy tiles: 7
2026-06-02 10:29:52 [self-0019-1-defense] Tiles: 24 / 33
2026-06-02 10:29:52 [self-0019-1-defense] Map: 18 x 23 Turn: 90
2026-06-02 10:29:52 [self-0019-1-defense] Route planned: Target = 207 Mode = defense city-free reachable tiles = 327 Fallback-Tiles = 328
2026-06-02 10:29:52 [self-0019-1-defense] Priority agent: flow +6000 base = 131962 final = 137962
2026-06-02 10:29:52 [self-0019-1-defense] Move #72: 188 -> 206 | Army: 2 | Target-Terrain: 0 | Target: 207 | Half: False
2026-06-02 10:29:53 [self-0019-1-defense] My general index: 239
2026-06-02 10:29:53 [self-0019-1-defense] Enemy general index: None
2026-06-02 10:29:53 [self-0019-1-defense] Visible enemy tiles: 7
2026-06-02 10:29:53 [self-0019-1-defense] Tiles: 24 / 33
2026-06-02 10:29:53 [self-0019-1-defense] Map: 18 x 23 Turn: 91
2026-06-02 10:29:53 [self-0019-1-defense] Route planned: Target = 207 Mode = defense city-free reachable tiles = 327 Fallback-Tiles = 328
2026-06-02 10:29:53 [self-0019-1-defense] Priority agent: edge reuse -18000, flow +6000 base = 207452 final = 195452
2026-06-02 10:29:53 [self-0019-1-defense] Move #73: 206 -> 207 | Army: 2 | Target-Terrain: 0 | Target: 207 | Half: False
2026-06-02 10:29:53 [self-0019-1-defense] My general index: 239
2026-06-02 10:29:53 [self-0019-1-defense] Enemy general index: None
2026-06-02 10:29:53 [self-0019-1-defense] Visible enemy tiles: 7
2026-06-02 10:29:53 [self-0019-1-defense] Tiles: 24 / 33
2026-06-02 10:29:53 [self-0019-1-defense] Map: 18 x 23 Turn: 92
2026-06-02 10:29:53 [self-0019-1-defense] Route planned: Target = 207 Mode = defense city-free reachable tiles = 327 Fallback-Tiles = 328
2026-06-02 10:29:53 [self-0019-1-defense] Move #74: 239 -> 221 | Army: 12 | Target-Terrain: 0 | Target: 207 | Half: False
2026-06-02 10:29:54 [self-0019-1-defense] My general index: 239
2026-06-02 10:29:54 [self-0019-1-defense] Enemy general index: None
2026-06-02 10:29:54 [self-0019-1-defense] Visible enemy tiles: 7
2026-06-02 10:29:54 [self-0019-1-defense] Tiles: 24 / 33
2026-06-02 10:29:54 [self-0019-1-defense] Map: 18 x 23 Turn: 93
2026-06-02 10:29:54 [self-0019-1-defense] Route planned: Target = 207 Mode = defense city-free reachable tiles = 327 Fallback-Tiles = 328
2026-06-02 10:29:54 [self-0019-1-defense] Priority agent: flow +6000 base = 134502 final = 140502
2026-06-02 10:29:54 [self-0019-1-defense] Move #75: 221 -> 203 | Army: 12 | Target-Terrain: 0 | Target: 207 | Half: False
2026-06-02 10:29:54 [self-0019-1-defense] My general index: 239
2026-06-02 10:29:54 [self-0019-1-defense] Enemy general index: None
2026-06-02 10:29:54 [self-0019-1-defense] Visible enemy tiles: 7
2026-06-02 10:29:54 [self-0019-1-defense] Tiles: 24 / 33
2026-06-02 10:29:54 [self-0019-1-defense] Map: 18 x 23 Turn: 94
2026-06-02 10:29:54 [self-0019-1-defense] Route planned: Target = 207 Mode = defense city-free reachable tiles = 327 Fallback-Tiles = 328
2026-06-02 10:29:54 [self-0019-1-defense] Priority agent: edge reuse -9000, flow +6000 base = 134592 final = 131592
2026-06-02 10:29:54 [self-0019-1-defense] Move #76: 203 -> 204 | Army: 12 | Target-Terrain: 0 | Target: 207 | Half: False
2026-06-02 10:29:55 [self-0019-1-defense] My general index: 239
2026-06-02 10:29:55 [self-0019-1-defense] Enemy general index: None
2026-06-02 10:29:55 [self-0019-1-defense] Visible enemy tiles: 7
2026-06-02 10:29:55 [self-0019-1-defense] Tiles: 24 / 33
2026-06-02 10:29:55 [self-0019-1-defense] Map: 18 x 23 Turn: 95
2026-06-02 10:29:55 [self-0019-1-defense] Route planned: Target = 207 Mode = defense city-free reachable tiles = 327 Fallback-Tiles = 328
2026-06-02 10:29:55 [self-0019-1-defense] Priority agent: edge reuse -9000, flow +6000 base = 134682 final = 131682
2026-06-02 10:29:55 [self-0019-1-defense] Move #77: 204 -> 205 | Army: 12 | Target-Terrain: 0 | Target: 207 | Half: False
2026-06-02 10:29:55 [self-0019-1-defense] My general index: 239
2026-06-02 10:29:55 [self-0019-1-defense] Enemy general index: None
2026-06-02 10:29:55 [self-0019-1-defense] Visible enemy tiles: 7
2026-06-02 10:29:55 [self-0019-1-defense] Tiles: 24 / 33
2026-06-02 10:29:55 [self-0019-1-defense] Map: 18 x 23 Turn: 96
2026-06-02 10:29:55 [self-0019-1-defense] Route planned: Target = 207 Mode = defense city-free reachable tiles = 327 Fallback-Tiles = 328
2026-06-02 10:29:55 [self-0019-1-defense] Move #78: 220 -> 202 | Army: 2 | Target-Terrain: 0 | Target: 207 | Half: False
2026-06-02 10:29:56 [self-0019-1-defense] Coach: catch_up_expand tiles 24/33 army 56/58 cities 0/0 enemy_city_suspect False bias {'expansion_bias': 1.3, 'city_bias': 0.2, 'attack_bias': -0.1, 'defense_bias': 0.8, 'route_bias': 0.5}
2026-06-02 10:29:56 [self-0019-1-defense] My general index: 239
2026-06-02 10:29:56 [self-0019-1-defense] Enemy general index: None
2026-06-02 10:29:56 [self-0019-1-defense] Visible enemy tiles: 7
2026-06-02 10:29:56 [self-0019-1-defense] Tiles: 24 / 33
2026-06-02 10:29:56 [self-0019-1-defense] Map: 18 x 23 Turn: 97
2026-06-02 10:29:56 [self-0019-1-defense] Route planned: Target = 207 Mode = defense city-free reachable tiles = 327 Fallback-Tiles = 328
2026-06-02 10:29:56 [self-0019-1-defense] Priority agent: flow +6000 base = 130492 final = 136492
2026-06-02 10:29:56 [self-0019-1-defense] Move #79: 202 -> 203 | Army: 2 | Target-Terrain: 0 | Target: 207 | Half: False
2026-06-02 10:29:56 [self-0019-1-defense] My general index: 239
2026-06-02 10:29:56 [self-0019-1-defense] Enemy general index: None
2026-06-02 10:29:56 [self-0019-1-defense] Visible enemy tiles: 7
2026-06-02 10:29:56 [self-0019-1-defense] Tiles: 24 / 33
2026-06-02 10:29:56 [self-0019-1-defense] Map: 18 x 23 Turn: 98
2026-06-02 10:29:56 [self-0019-1-defense] Route planned: Target = 207 Mode = defense city-free reachable tiles = 327 Fallback-Tiles = 328
2026-06-02 10:29:56 [self-0019-1-defense] Priority agent: edge reuse -9000, flow +6000 base = 130582 final = 127582
2026-06-02 10:29:56 [self-0019-1-defense] Move #80: 203 -> 204 | Army: 2 | Target-Terrain: 0 | Target: 207 | Half: False
2026-06-02 10:29:57 [self-0019-1-defense] My general index: 239
2026-06-02 10:29:57 [self-0019-1-defense] Enemy general index: None
2026-06-02 10:29:57 [self-0019-1-defense] Visible enemy tiles: 7
2026-06-02 10:29:57 [self-0019-1-defense] Tiles: 24 / 33
2026-06-02 10:29:57 [self-0019-1-defense] Map: 18 x 23 Turn: 99
2026-06-02 10:29:57 [self-0019-1-defense] Route planned: Target = 207 Mode = defense city-free reachable tiles = 327 Fallback-Tiles = 328
2026-06-02 10:29:57 [self-0019-1-defense] Move #81: 205 -> 206 | Army: 12 | Target-Terrain: 0 | Target: 207 | Half: False
2026-06-02 10:29:57 [self-0019-1-defense] My general index: 239
2026-06-02 10:29:57 [self-0019-1-defense] Enemy general index: None
2026-06-02 10:29:57 [self-0019-1-defense] Visible enemy tiles: 8
2026-06-02 10:29:57 [self-0019-1-defense] Tiles: 24 / 34
2026-06-02 10:29:57 [self-0019-1-defense] Map: 18 x 23 Turn: 100
2026-06-02 10:29:57 [self-0019-1-defense] Route planned: Target = 207 Mode = defense city-free reachable tiles = 327 Fallback-Tiles = 328
2026-06-02 10:29:57 [self-0019-1-defense] Move #82: 225 -> 207 | Army: 2 | Target-Terrain: 0 | Target: 207 | Half: False
2026-06-02 10:29:58 [self-0019-1-defense] My general index: 239
2026-06-02 10:29:58 [self-0019-1-defense] Enemy general index: None
2026-06-02 10:29:58 [self-0019-1-defense] Visible enemy tiles: 9
2026-06-02 10:29:58 [self-0019-1-defense] Tiles: 23 / 35
2026-06-02 10:29:58 [self-0019-1-defense] Map: 18 x 23 Turn: 101
2026-06-02 10:29:58 [self-0019-1-defense] Route planned: Target = 207 Mode = defense city-free reachable tiles = 327 Fallback-Tiles = 328
2026-06-02 10:29:58 [self-0019-1-defense] Move #83: 189 -> 207 | Army: 2 | Target-Terrain: 0 | Target: 207 | Half: False
2026-06-02 10:29:58 [self-0019-1-defense] My general index: 239
2026-06-02 10:29:58 [self-0019-1-defense] Enemy general index: None
2026-06-02 10:29:58 [self-0019-1-defense] Visible enemy tiles: 10
2026-06-02 10:29:58 [self-0019-1-defense] Tiles: 23 / 36
2026-06-02 10:29:58 [self-0019-1-defense] Map: 18 x 23 Turn: 102
2026-06-02 10:29:58 [self-0019-1-defense] Route planned: Target = 207 Mode = defense city-free reachable tiles = 327 Fallback-Tiles = 328
2026-06-02 10:29:58 [self-0019-1-defense] Priority agent: edge reuse -9000 base = 225563 final = 216563
2026-06-02 10:29:58 [self-0019-1-defense] Move #84: 206 -> 207 | Army: 13 | Target-Terrain: 0 | Target: 207 | Half: False
2026-06-02 10:29:59 [self-0019-1-defense] My general index: 239
2026-06-02 10:29:59 [self-0019-1-defense] Enemy general index: None
2026-06-02 10:29:59 [self-0019-1-defense] Visible enemy tiles: 10
2026-06-02 10:29:59 [self-0019-1-defense] Tiles: 23 / 37
2026-06-02 10:29:59 [self-0019-1-defense] Map: 18 x 23 Turn: 103
2026-06-02 10:29:59 [self-0019-1-defense] Route planned: Target = 245 Mode = defense city-free reachable tiles = 327 Fallback-Tiles = 328
2026-06-02 10:29:59 [self-0019-1-defense] Priority agent: flow +6000 base = 144014 final = 150014
2026-06-02 10:29:59 [self-0019-1-defense] Move #85: 207 -> 208 | Army: 34 | Target-Terrain: 0 | Target: 245 | Half: False
2026-06-02 10:29:59 [self-0019-1-defense] My general index: 239
2026-06-02 10:29:59 [self-0019-1-defense] Enemy general index: None
2026-06-02 10:29:59 [self-0019-1-defense] Visible enemy tiles: 10
2026-06-02 10:29:59 [self-0019-1-defense] Tiles: 23 / 38
2026-06-02 10:29:59 [self-0019-1-defense] Map: 18 x 23 Turn: 104
2026-06-02 10:29:59 [self-0019-1-defense] Route planned: Target = 207 Mode = defense city-free reachable tiles = 327 Fallback-Tiles = 328
2026-06-02 10:29:59 [self-0019-1-defense] Priority agent: reverse -35000, edge reuse -9000 base = 206485 final = 162485
2026-06-02 10:29:59 [self-0019-1-defense] Move #86: 208 -> 207 | Army: 35 | Target-Terrain: 0 | Target: 207 | Half: False
2026-06-02 10:30:00 [self-0019-1-defense] My general index: 239
2026-06-02 10:30:00 [self-0019-1-defense] Enemy general index: None
2026-06-02 10:30:00 [self-0019-1-defense] Visible enemy tiles: 10
2026-06-02 10:30:00 [self-0019-1-defense] Tiles: 23 / 39
2026-06-02 10:30:00 [self-0019-1-defense] Map: 18 x 23 Turn: 105
2026-06-02 10:30:00 [self-0019-1-defense] Route planned: Target = 245 Mode = defense city-free reachable tiles = 327 Fallback-Tiles = 328
2026-06-02 10:30:00 [self-0019-1-defense] Move #87: 226 -> 244 | Army: 2 | Target-Terrain: -1 | Target: 245 | Half: False
2026-06-02 10:30:00 [self-0019-1-defense] My general index: 239
2026-06-02 10:30:00 [self-0019-1-defense] Enemy general index: None
2026-06-02 10:30:00 [self-0019-1-defense] Visible enemy tiles: 10
2026-06-02 10:30:00 [self-0019-1-defense] Tiles: 24 / 39
2026-06-02 10:30:00 [self-0019-1-defense] Map: 18 x 23 Turn: 106
2026-06-02 10:30:00 [self-0019-1-defense] Route planned: Target = 245 Mode = defense city-free reachable tiles = 327 Fallback-Tiles = 328
2026-06-02 10:30:00 [self-0019-1-defense] Move #88: 205 -> 223 | Army: 2 | Target-Terrain: -1 | Target: 245 | Half: False
2026-06-02 10:30:01 [self-0019-1-defense] My general index: 239
2026-06-02 10:30:01 [self-0019-1-defense] Enemy general index: None
2026-06-02 10:30:01 [self-0019-1-defense] Visible enemy tiles: 10
2026-06-02 10:30:01 [self-0019-1-defense] Tiles: 25 / 39
2026-06-02 10:30:01 [self-0019-1-defense] Map: 18 x 23 Turn: 107
2026-06-02 10:30:01 [self-0019-1-defense] Route planned: Target = 245 Mode = defense city-free reachable tiles = 327 Fallback-Tiles = 328
2026-06-02 10:30:01 [self-0019-1-defense] Move #89: 229 -> 228 | Army: 2 | Target-Terrain: 0 | Target: 245 | Half: False
2026-06-02 10:30:01 [self-0019-1-defense] My general index: 239
2026-06-02 10:30:01 [self-0019-1-defense] Enemy general index: None
2026-06-02 10:30:01 [self-0019-1-defense] Visible enemy tiles: 10
2026-06-02 10:30:01 [self-0019-1-defense] Tiles: 25 / 39
2026-06-02 10:30:01 [self-0019-1-defense] Map: 18 x 23 Turn: 108
2026-06-02 10:30:01 [self-0019-1-defense] Route planned: Target = 245 Mode = defense city-free reachable tiles = 327 Fallback-Tiles = 328
2026-06-02 10:30:01 [self-0019-1-defense] Priority agent: flow +6000 base = 171213 final = 177213
2026-06-02 10:30:01 [self-0019-1-defense] Move #90: 228 -> 246 | Army: 3 | Target-Terrain: 1 | Target: 245 | Half: False
2026-06-02 10:30:02 [self-0019-1-defense] My general index: 239
2026-06-02 10:30:02 [self-0019-1-defense] Enemy general index: None
2026-06-02 10:30:02 [self-0019-1-defense] Visible enemy tiles: 10
2026-06-02 10:30:02 [self-0019-1-defense] Tiles: 25 / 39
2026-06-02 10:30:02 [self-0019-1-defense] Map: 18 x 23 Turn: 109
2026-06-02 10:30:02 [self-0019-1-defense] Route planned: Target = 245 Mode = defense city-free reachable tiles = 327 Fallback-Tiles = 328
2026-06-02 10:30:02 [self-0019-1-defense] Move #91: 192 -> 191 | Army: 2 | Target-Terrain: 0 | Target: 245 | Half: False
2026-06-02 10:30:02 [self-0019-1-defense] My general index: 239
2026-06-02 10:30:02 [self-0019-1-defense] Enemy general index: None
2026-06-02 10:30:02 [self-0019-1-defense] Visible enemy tiles: 10
2026-06-02 10:30:02 [self-0019-1-defense] Tiles: 25 / 39
2026-06-02 10:30:02 [self-0019-1-defense] Map: 18 x 23 Turn: 110
2026-06-02 10:30:02 [self-0019-1-defense] Route planned: Target = 245 Mode = defense city-free reachable tiles = 327 Fallback-Tiles = 328
2026-06-02 10:30:02 [self-0019-1-defense] Move #92: 224 -> 225 | Army: 2 | Target-Terrain: 0 | Target: 245 | Half: False
2026-06-02 10:30:03 [self-0019-1-defense] My general index: 239
2026-06-02 10:30:03 [self-0019-1-defense] Enemy general index: None
2026-06-02 10:30:03 [self-0019-1-defense] Visible enemy tiles: 10
2026-06-02 10:30:03 [self-0019-1-defense] Tiles: 25 / 39
2026-06-02 10:30:03 [self-0019-1-defense] Map: 18 x 23 Turn: 111
2026-06-02 10:30:03 [self-0019-1-defense] Route planned: Target = 245 Mode = defense city-free reachable tiles = 327 Fallback-Tiles = 328
2026-06-02 10:30:03 [self-0019-1-defense] Priority agent: flow +6000 base = 132872 final = 138872
2026-06-02 10:30:03 [self-0019-1-defense] Move #93: 225 -> 226 | Army: 2 | Target-Terrain: 0 | Target: 245 | Half: False
2026-06-02 10:30:03 [self-0019-1-defense] My general index: 239
2026-06-02 10:30:03 [self-0019-1-defense] Enemy general index: None
2026-06-02 10:30:03 [self-0019-1-defense] Visible enemy tiles: 10
2026-06-02 10:30:03 [self-0019-1-defense] Tiles: 25 / 39
2026-06-02 10:30:03 [self-0019-1-defense] Map: 18 x 23 Turn: 112
2026-06-02 10:30:03 [self-0019-1-defense] Route planned: Target = 245 Mode = defense city-free reachable tiles = 327 Fallback-Tiles = 328
2026-06-02 10:30:03 [self-0019-1-defense] Move #94: 193 -> 192 | Army: 2 | Target-Terrain: 0 | Target: 245 | Half: False
2026-06-02 10:30:04 [self-0019-1-defense] My general index: 239
2026-06-02 10:30:04 [self-0019-1-defense] Enemy general index: None
2026-06-02 10:30:04 [self-0019-1-defense] Visible enemy tiles: 10
2026-06-02 10:30:04 [self-0019-1-defense] Tiles: 25 / 39
2026-06-02 10:30:04 [self-0019-1-defense] Map: 18 x 23 Turn: 113
2026-06-02 10:30:04 [self-0019-1-defense] Route planned: Target = 245 Mode = defense city-free reachable tiles = 327 Fallback-Tiles = 328
2026-06-02 10:30:04 [self-0019-1-defense] Priority agent: edge reuse -18000 base = 160065 final = 142065
2026-06-02 10:30:04 [self-0019-1-defense] Move #95: 207 -> 208 | Army: 35 | Target-Terrain: 1 | Target: 245 | Half: False
2026-06-02 10:30:04 [self-0019-1-defense] My general index: 239
2026-06-02 10:30:04 [self-0019-1-defense] Enemy general index: None
2026-06-02 10:30:04 [self-0019-1-defense] Visible enemy tiles: 9
2026-06-02 10:30:04 [self-0019-1-defense] Tiles: 26 / 38
2026-06-02 10:30:04 [self-0019-1-defense] Map: 18 x 23 Turn: 114
2026-06-02 10:30:04 [self-0019-1-defense] Route planned: Target = 207 Mode = defense city-free reachable tiles = 327 Fallback-Tiles = 328
2026-06-02 10:30:04 [self-0019-1-defense] Move #96: 188 -> 189 | Army: 2 | Target-Terrain: 0 | Target: 207 | Half: False
2026-06-02 10:30:05 [self-0019-1-defense] My general index: 239
2026-06-02 10:30:05 [self-0019-1-defense] Enemy general index: None
2026-06-02 10:30:05 [self-0019-1-defense] Visible enemy tiles: 9
2026-06-02 10:30:05 [self-0019-1-defense] Tiles: 26 / 38
2026-06-02 10:30:05 [self-0019-1-defense] Map: 18 x 23 Turn: 115
2026-06-02 10:30:05 [self-0019-1-defense] Route planned: Target = 207 Mode = defense city-free reachable tiles = 327 Fallback-Tiles = 328
2026-06-02 10:30:05 [self-0019-1-defense] Priority agent: edge reuse -9000, flow +6000 base = 222452 final = 219452
2026-06-02 10:30:05 [self-0019-1-defense] Move #97: 189 -> 207 | Army: 2 | Target-Terrain: 0 | Target: 207 | Half: False
2026-06-02 10:30:05 [self-0019-1-defense] My general index: 239
2026-06-02 10:30:05 [self-0019-1-defense] Enemy general index: None
2026-06-02 10:30:05 [self-0019-1-defense] Visible enemy tiles: 9
2026-06-02 10:30:05 [self-0019-1-defense] Tiles: 26 / 38
2026-06-02 10:30:05 [self-0019-1-defense] Map: 18 x 23 Turn: 116
2026-06-02 10:30:05 [self-0019-1-defense] Route planned: Target = 207 Mode = defense city-free reachable tiles = 327 Fallback-Tiles = 328
2026-06-02 10:30:05 [self-0019-1-defense] Priority agent: edge reuse -27000 base = 188383 final = 161383
2026-06-02 10:30:05 [self-0019-1-defense] Move #98: 208 -> 207 | Army: 33 | Target-Terrain: 0 | Target: 207 | Half: False
2026-06-02 10:30:06 [self-0019-1-defense] My general index: 239
2026-06-02 10:30:06 [self-0019-1-defense] Enemy general index: None
2026-06-02 10:30:06 [self-0019-1-defense] Visible enemy tiles: 9
2026-06-02 10:30:06 [self-0019-1-defense] Tiles: 26 / 38
2026-06-02 10:30:06 [self-0019-1-defense] Map: 18 x 23 Turn: 117
2026-06-02 10:30:06 [self-0019-1-defense] Route planned: Target = 245 Mode = defense city-free reachable tiles = 327 Fallback-Tiles = 328
2026-06-02 10:30:06 [self-0019-1-defense] Priority agent: flow +6000 base = 134614 final = 140614
2026-06-02 10:30:06 [self-0019-1-defense] Move #99: 207 -> 225 | Army: 34 | Target-Terrain: 0 | Target: 245 | Half: False
2026-06-02 10:30:06 [self-0019-1-defense] My general index: 239
2026-06-02 10:30:06 [self-0019-1-defense] Enemy general index: None
2026-06-02 10:30:06 [self-0019-1-defense] Visible enemy tiles: 9
2026-06-02 10:30:06 [self-0019-1-defense] Tiles: 26 / 38
2026-06-02 10:30:06 [self-0019-1-defense] Map: 18 x 23 Turn: 118
2026-06-02 10:30:06 [self-0019-1-defense] Route planned: Target = 207 Mode = defense city-free reachable tiles = 327 Fallback-Tiles = 328
2026-06-02 10:30:06 [self-0019-1-defense] Priority agent: reverse -35000, edge reuse -9000 base = 208684 final = 164684
2026-06-02 10:30:06 [self-0019-1-defense] Move #100: 225 -> 207 | Army: 34 | Target-Terrain: 0 | Target: 207 | Half: False
2026-06-02 10:30:07 [self-0019-1-defense] My general index: 239
2026-06-02 10:30:07 [self-0019-1-defense] Enemy general index: None
2026-06-02 10:30:07 [self-0019-1-defense] Visible enemy tiles: 9
2026-06-02 10:30:07 [self-0019-1-defense] Tiles: 26 / 38
2026-06-02 10:30:07 [self-0019-1-defense] Map: 18 x 23 Turn: 119
2026-06-02 10:30:07 [self-0019-1-defense] Route planned: Target = 245 Mode = defense city-free reachable tiles = 327 Fallback-Tiles = 328
2026-06-02 10:30:07 [self-0019-1-defense] Move #101: 204 -> 205 | Army: 3 | Target-Terrain: 0 | Target: 245 | Half: False
2026-06-02 10:30:07 [self-0019-1-defense] My general index: 239
2026-06-02 10:30:07 [self-0019-1-defense] Enemy general index: None
2026-06-02 10:30:07 [self-0019-1-defense] Visible enemy tiles: 9
2026-06-02 10:30:07 [self-0019-1-defense] Tiles: 26 / 38
2026-06-02 10:30:07 [self-0019-1-defense] Map: 18 x 23 Turn: 120
2026-06-02 10:30:07 [self-0019-1-defense] Route planned: Target = 245 Mode = defense city-free reachable tiles = 327 Fallback-Tiles = 328
2026-06-02 10:30:07 [self-0019-1-defense] Priority agent: flow +6000 base = 136003 final = 142003
2026-06-02 10:30:07 [self-0019-1-defense] Move #102: 205 -> 206 | Army: 3 | Target-Terrain: 0 | Target: 245 | Half: False
2026-06-02 10:30:08 [self-0019-1-defense] My general index: 239
2026-06-02 10:30:08 [self-0019-1-defense] Enemy general index: None
2026-06-02 10:30:08 [self-0019-1-defense] Visible enemy tiles: 9
2026-06-02 10:30:08 [self-0019-1-defense] Tiles: 26 / 38
2026-06-02 10:30:08 [self-0019-1-defense] Map: 18 x 23 Turn: 121
2026-06-02 10:30:08 [self-0019-1-defense] Route planned: Target = 245 Mode = defense city-free reachable tiles = 327 Fallback-Tiles = 328
2026-06-02 10:30:08 [self-0019-1-defense] Priority agent: flow +6000 base = 132693 final = 138693
2026-06-02 10:30:08 [self-0019-1-defense] Move #103: 206 -> 224 | Army: 3 | Target-Terrain: 0 | Target: 245 | Half: False
2026-06-02 10:30:08 [self-0019-1-defense] My general index: 239
2026-06-02 10:30:08 [self-0019-1-defense] Enemy general index: None
2026-06-02 10:30:08 [self-0019-1-defense] Visible enemy tiles: 9
2026-06-02 10:30:08 [self-0019-1-defense] Tiles: 26 / 38
2026-06-02 10:30:08 [self-0019-1-defense] Map: 18 x 23 Turn: 122
2026-06-02 10:30:08 [self-0019-1-defense] Route planned: Target = 245 Mode = defense city-free reachable tiles = 327 Fallback-Tiles = 328
2026-06-02 10:30:08 [self-0019-1-defense] Move #104: 187 -> 188 | Army: 2 | Target-Terrain: 0 | Target: 245 | Half: False
2026-06-02 10:30:09 [self-0019-1-defense] My general index: 239
2026-06-02 10:30:09 [self-0019-1-defense] Enemy general index: None
2026-06-02 10:30:09 [self-0019-1-defense] Visible enemy tiles: 9
2026-06-02 10:30:09 [self-0019-1-defense] Tiles: 26 / 38
2026-06-02 10:30:09 [self-0019-1-defense] Map: 18 x 23 Turn: 123
2026-06-02 10:30:09 [self-0019-1-defense] Route planned: Target = 245 Mode = defense city-free reachable tiles = 327 Fallback-Tiles = 328
2026-06-02 10:30:09 [self-0019-1-defense] Priority agent: flow +6000 base = 131602 final = 137602
2026-06-02 10:30:09 [self-0019-1-defense] Move #105: 188 -> 206 | Army: 2 | Target-Terrain: 0 | Target: 245 | Half: False
2026-06-02 10:30:09 [self-0019-1-defense] My general index: 239
2026-06-02 10:30:09 [self-0019-1-defense] Enemy general index: None
2026-06-02 10:30:09 [self-0019-1-defense] Visible enemy tiles: 9
2026-06-02 10:30:09 [self-0019-1-defense] Tiles: 26 / 38
2026-06-02 10:30:09 [self-0019-1-defense] Map: 18 x 23 Turn: 124
2026-06-02 10:30:09 [self-0019-1-defense] Route planned: Target = 245 Mode = defense city-free reachable tiles = 327 Fallback-Tiles = 328
2026-06-02 10:30:09 [self-0019-1-defense] Move #106: 192 -> 191 | Army: 2 | Target-Terrain: 0 | Target: 245 | Half: False
2026-06-02 10:30:10 [self-0019-1-defense] My general index: 239
2026-06-02 10:30:10 [self-0019-1-defense] Enemy general index: None
2026-06-02 10:30:10 [self-0019-1-defense] Visible enemy tiles: 9
2026-06-02 10:30:10 [self-0019-1-defense] Tiles: 26 / 38
2026-06-02 10:30:10 [self-0019-1-defense] Map: 18 x 23 Turn: 125
2026-06-02 10:30:10 [self-0019-1-defense] Route planned: Target = 245 Mode = defense city-free reachable tiles = 327 Fallback-Tiles = 328
2026-06-02 10:30:10 [self-0019-1-defense] Priority agent: flow +6000 base = 173274 final = 179274
2026-06-02 10:30:10 [self-0019-1-defense] Move #107: 191 -> 209 | Army: 4 | Target-Terrain: 1 | Target: 245 | Half: False
2026-06-02 10:30:10 [self-0019-1-defense] My general index: 239
2026-06-02 10:30:10 [self-0019-1-defense] Enemy general index: None
2026-06-02 10:30:10 [self-0019-1-defense] Visible enemy tiles: 8
2026-06-02 10:30:10 [self-0019-1-defense] Tiles: 27 / 37
2026-06-02 10:30:10 [self-0019-1-defense] Map: 18 x 23 Turn: 126
2026-06-02 10:30:10 [self-0019-1-defense] Route planned: Target = 245 Mode = defense city-free reachable tiles = 327 Fallback-Tiles = 328
2026-06-02 10:30:10 [self-0019-1-defense] Move #108: 224 -> 225 | Army: 3 | Target-Terrain: 0 | Target: 245 | Half: False
2026-06-02 10:30:11 [self-0019-1-defense] My general index: 239
2026-06-02 10:30:11 [self-0019-1-defense] Enemy general index: None
2026-06-02 10:30:11 [self-0019-1-defense] Visible enemy tiles: 8
2026-06-02 10:30:11 [self-0019-1-defense] Tiles: 27 / 37
2026-06-02 10:30:11 [self-0019-1-defense] Map: 18 x 23 Turn: 127
2026-06-02 10:30:11 [self-0019-1-defense] Route planned: Target = 245 Mode = defense city-free reachable tiles = 327 Fallback-Tiles = 328
2026-06-02 10:30:11 [self-0019-1-defense] Priority agent: flow +6000 base = 135073 final = 141073
2026-06-02 10:30:11 [self-0019-1-defense] Move #109: 225 -> 226 | Army: 3 | Target-Terrain: 0 | Target: 245 | Half: False
2026-06-02 10:30:11 [self-0019-1-defense] My general index: 239
2026-06-02 10:30:11 [self-0019-1-defense] Enemy general index: None
2026-06-02 10:30:11 [self-0019-1-defense] Visible enemy tiles: 8
2026-06-02 10:30:11 [self-0019-1-defense] Tiles: 27 / 37
2026-06-02 10:30:11 [self-0019-1-defense] Map: 18 x 23 Turn: 128
2026-06-02 10:30:11 [self-0019-1-defense] Route planned: Target = 245 Mode = defense city-free reachable tiles = 327 Fallback-Tiles = 328
2026-06-02 10:30:11 [self-0019-1-defense] Priority agent: flow +6000 base = 167314 final = 173314
2026-06-02 10:30:11 [self-0019-1-defense] Move #110: 226 -> 227 | Army: 4 | Target-Terrain: 1 | Target: 245 | Half: False
2026-06-02 10:30:12 [self-0019-1-defense] My general index: 239
2026-06-02 10:30:12 [self-0019-1-defense] Enemy general index: None
2026-06-02 10:30:12 [self-0019-1-defense] Visible enemy tiles: 7
2026-06-02 10:30:12 [self-0019-1-defense] Tiles: 28 / 36
2026-06-02 10:30:12 [self-0019-1-defense] Map: 18 x 23 Turn: 129
2026-06-02 10:30:12 [self-0019-1-defense] Route planned: Target = 245 Mode = defense city-free reachable tiles = 327 Fallback-Tiles = 328
2026-06-02 10:30:12 [self-0019-1-defense] Move #111: 186 -> 187 | Army: 2 | Target-Terrain: 0 | Target: 245 | Half: False
2026-06-02 10:30:12 [self-0019-1-defense] My general index: 239
2026-06-02 10:30:12 [self-0019-1-defense] Enemy general index: None
2026-06-02 10:30:12 [self-0019-1-defense] Visible enemy tiles: 6
2026-06-02 10:30:12 [self-0019-1-defense] Tiles: 27 / 37
2026-06-02 10:30:12 [self-0019-1-defense] Map: 18 x 23 Turn: 130
2026-06-02 10:30:12 [self-0019-1-defense] Route planned: Target = 245 Mode = defense city-free reachable tiles = 327 Fallback-Tiles = 328
2026-06-02 10:30:12 [self-0019-1-defense] Priority agent: flow +6000 base = 130312 final = 136312
2026-06-02 10:30:12 [self-0019-1-defense] Move #112: 187 -> 205 | Army: 2 | Target-Terrain: 0 | Target: 245 | Half: False
2026-06-02 10:30:13 [self-0019-1-defense] My general index: 239
2026-06-02 10:30:13 [self-0019-1-defense] Enemy general index: None
2026-06-02 10:30:13 [self-0019-1-defense] Visible enemy tiles: 7
2026-06-02 10:30:13 [self-0019-1-defense] Tiles: 26 / 38
2026-06-02 10:30:13 [self-0019-1-defense] Map: 18 x 23 Turn: 131
2026-06-02 10:30:13 [self-0019-1-defense] Route planned: Target = 245 Mode = defense city-free reachable tiles = 327 Fallback-Tiles = 328
2026-06-02 10:30:13 [self-0019-1-defense] Move #113: 207 -> 208 | Army: 34 | Target-Terrain: 0 | Target: 245 | Half: False
2026-06-02 10:30:13 [self-0019-1-defense] My general index: 239
2026-06-02 10:30:13 [self-0019-1-defense] Enemy general index: None
2026-06-02 10:30:13 [self-0019-1-defense] Visible enemy tiles: 8
2026-06-02 10:30:13 [self-0019-1-defense] Tiles: 25 / 39
2026-06-02 10:30:13 [self-0019-1-defense] Map: 18 x 23 Turn: 132
2026-06-02 10:30:13 [self-0019-1-defense] Route planned: Target = 225 Mode = defense city-free reachable tiles = 327 Fallback-Tiles = 328
2026-06-02 10:30:13 [self-0019-1-defense] Priority agent: flow +6000 base = 140794 final = 146794
2026-06-02 10:30:13 [self-0019-1-defense] Move #114: 208 -> 226 | Army: 34 | Target-Terrain: 0 | Target: 225 | Half: False
2026-06-02 10:30:14 [self-0019-1-defense] My general index: 239
2026-06-02 10:30:14 [self-0019-1-defense] Enemy general index: None
2026-06-02 10:30:14 [self-0019-1-defense] Visible enemy tiles: 9
2026-06-02 10:30:14 [self-0019-1-defense] Tiles: 24 / 40
2026-06-02 10:30:14 [self-0019-1-defense] Map: 18 x 23 Turn: 133
2026-06-02 10:30:14 [self-0019-1-defense] Route planned: Target = 225 Mode = defense city-free reachable tiles = 327 Fallback-Tiles = 328
2026-06-02 10:30:14 [self-0019-1-defense] Priority agent: edge reuse -9000, flow +6000 base = 218484 final = 215484
2026-06-02 10:30:14 [self-0019-1-defense] Move #115: 226 -> 225 | Army: 34 | Target-Terrain: 0 | Target: 225 | Half: False
2026-06-02 10:30:14 [self-0019-1-defense] My general index: 239
2026-06-02 10:30:14 [self-0019-1-defense] Enemy general index: None
2026-06-02 10:30:14 [self-0019-1-defense] Visible enemy tiles: 10
2026-06-02 10:30:14 [self-0019-1-defense] Tiles: 23 / 41
2026-06-02 10:30:14 [self-0019-1-defense] Map: 18 x 23 Turn: 134
2026-06-02 10:30:14 [self-0019-1-defense] Route planned: Target = 206 Mode = defense city-free reachable tiles = 327 Fallback-Tiles = 328
2026-06-02 10:30:14 [self-0019-1-defense] Priority agent: edge reuse -9000 base = 224652 final = 215652
2026-06-02 10:30:14 [self-0019-1-defense] Move #116: 205 -> 206 | Army: 2 | Target-Terrain: 0 | Target: 206 | Half: False
2026-06-02 10:30:15 [self-0019-1-defense] My general index: 239
2026-06-02 10:30:15 [self-0019-1-defense] Enemy general index: None
2026-06-02 10:30:15 [self-0019-1-defense] Visible enemy tiles: 11
2026-06-02 10:30:15 [self-0019-1-defense] Tiles: 22 / 42
2026-06-02 10:30:15 [self-0019-1-defense] Map: 18 x 23 Turn: 135
2026-06-02 10:30:15 [self-0019-1-defense] Route planned: Target = 205 Mode = defense city-free reachable tiles = 327 Fallback-Tiles = 328
2026-06-02 10:30:15 [self-0019-1-defense] Move #117: 225 -> 207 | Army: 34 | Target-Terrain: 1 | Target: 205 | Half: False
2026-06-02 10:30:15 [self-0019-1-defense] My general index: 239
2026-06-02 10:30:15 [self-0019-1-defense] Enemy general index: None
2026-06-02 10:30:15 [self-0019-1-defense] Visible enemy tiles: 10
2026-06-02 10:30:15 [self-0019-1-defense] Tiles: 23 / 41
2026-06-02 10:30:15 [self-0019-1-defense] Map: 18 x 23 Turn: 136
2026-06-02 10:30:15 [self-0019-1-defense] Route planned: Target = 205 Mode = defense city-free reachable tiles = 327 Fallback-Tiles = 328
2026-06-02 10:30:15 [self-0019-1-defense] Priority agent: edge reuse -9000 base = 214453 final = 205453
2026-06-02 10:30:15 [self-0019-1-defense] Move #118: 206 -> 205 | Army: 3 | Target-Terrain: 0 | Target: 205 | Half: False
2026-06-02 10:30:16 [self-0019-1-defense] My general index: 239
2026-06-02 10:30:16 [self-0019-1-defense] Enemy general index: None
2026-06-02 10:30:16 [self-0019-1-defense] Visible enemy tiles: 10
2026-06-02 10:30:16 [self-0019-1-defense] Tiles: 23 / 41
2026-06-02 10:30:16 [self-0019-1-defense] Map: 18 x 23 Turn: 137
2026-06-02 10:30:16 [self-0019-1-defense] Route planned: Target = 205 Mode = defense city-free reachable tiles = 327 Fallback-Tiles = 328
2026-06-02 10:30:16 [self-0019-1-defense] Move #119: 203 -> 204 | Army: 2 | Target-Terrain: 0 | Target: 205 | Half: False
2026-06-02 10:30:16 [self-0019-1-defense] My general index: 239
2026-06-02 10:30:16 [self-0019-1-defense] Enemy general index: None
2026-06-02 10:30:16 [self-0019-1-defense] Visible enemy tiles: 10
2026-06-02 10:30:16 [self-0019-1-defense] Tiles: 23 / 41
2026-06-02 10:30:16 [self-0019-1-defense] Map: 18 x 23 Turn: 138
2026-06-02 10:30:16 [self-0019-1-defense] Route planned: Target = 205 Mode = defense city-free reachable tiles = 327 Fallback-Tiles = 328
2026-06-02 10:30:16 [self-0019-1-defense] Priority agent: flow +6000 base = 224652 final = 230652
2026-06-02 10:30:16 [self-0019-1-defense] Move #120: 204 -> 205 | Army: 2 | Target-Terrain: 0 | Target: 205 | Half: False
2026-06-02 10:30:17 [self-0019-1-defense] My general index: 239
2026-06-02 10:30:17 [self-0019-1-defense] Enemy general index: None
2026-06-02 10:30:17 [self-0019-1-defense] Visible enemy tiles: 10
2026-06-02 10:30:17 [self-0019-1-defense] Tiles: 23 / 41
2026-06-02 10:30:17 [self-0019-1-defense] Map: 18 x 23 Turn: 139
2026-06-02 10:30:17 [self-0019-1-defense] Route planned: Target = 205 Mode = defense city-free reachable tiles = 327 Fallback-Tiles = 328
2026-06-02 10:30:17 [self-0019-1-defense] Move #121: 207 -> 206 | Army: 29 | Target-Terrain: 0 | Target: 205 | Half: False
2026-06-02 10:30:17 [self-0019-1-defense] My general index: 239
2026-06-02 10:30:17 [self-0019-1-defense] Enemy general index: None
2026-06-02 10:30:17 [self-0019-1-defense] Visible enemy tiles: 10
2026-06-02 10:30:17 [self-0019-1-defense] Tiles: 23 / 42
2026-06-02 10:30:17 [self-0019-1-defense] Map: 18 x 23 Turn: 140
2026-06-02 10:30:17 [self-0019-1-defense] Route planned: Target = 205 Mode = defense city-free reachable tiles = 327 Fallback-Tiles = 328
2026-06-02 10:30:17 [self-0019-1-defense] Priority agent: edge reuse -18000, flow +6000 base = 191479 final = 179479
2026-06-02 10:30:17 [self-0019-1-defense] Move #122: 206 -> 205 | Army: 29 | Target-Terrain: 0 | Target: 205 | Half: False
2026-06-02 10:30:18 [self-0019-1-defense] My general index: 239
2026-06-02 10:30:18 [self-0019-1-defense] Enemy general index: None
2026-06-02 10:30:18 [self-0019-1-defense] Visible enemy tiles: 10
2026-06-02 10:30:18 [self-0019-1-defense] Tiles: 23 / 43
2026-06-02 10:30:18 [self-0019-1-defense] Map: 18 x 23 Turn: 141
2026-06-02 10:30:18 [self-0019-1-defense] Route planned: Target = 206 Mode = defense city-free reachable tiles = 327 Fallback-Tiles = 328
2026-06-02 10:30:18 [self-0019-1-defense] Priority agent: reverse -35000, edge reuse -27000 base = 197282 final = 135282
2026-06-02 10:30:18 [self-0019-1-defense] Move #123: 205 -> 206 | Army: 32 | Target-Terrain: 0 | Target: 206 | Half: False
2026-06-02 10:30:18 [self-0019-1-defense] My general index: 239
2026-06-02 10:30:18 [self-0019-1-defense] Enemy general index: None
2026-06-02 10:30:18 [self-0019-1-defense] Visible enemy tiles: 10
2026-06-02 10:30:18 [self-0019-1-defense] Tiles: 23 / 43
2026-06-02 10:30:18 [self-0019-1-defense] Map: 18 x 23 Turn: 142
2026-06-02 10:30:18 [self-0019-1-defense] Route planned: Target = 205 Mode = defense city-free reachable tiles = 327 Fallback-Tiles = 328
2026-06-02 10:30:18 [self-0019-1-defense] Move #124: 185 -> 186 | Army: 2 | Target-Terrain: 0 | Target: 205 | Half: False
2026-06-02 10:30:19 [self-0019-1-defense] My general index: 239
2026-06-02 10:30:19 [self-0019-1-defense] Enemy general index: None
2026-06-02 10:30:19 [self-0019-1-defense] Visible enemy tiles: 10
2026-06-02 10:30:19 [self-0019-1-defense] Tiles: 23 / 43
2026-06-02 10:30:19 [self-0019-1-defense] Map: 18 x 23 Turn: 143
2026-06-02 10:30:19 [self-0019-1-defense] Route planned: Target = 205 Mode = defense city-free reachable tiles = 327 Fallback-Tiles = 328
2026-06-02 10:30:19 [self-0019-1-defense] Priority agent: edge reuse -36000 base = 188382 final = 152382
2026-06-02 10:30:19 [self-0019-1-defense] Move #125: 206 -> 205 | Army: 32 | Target-Terrain: 0 | Target: 205 | Half: False
2026-06-02 10:30:19 [self-0019-1-defense] My general index: 239
2026-06-02 10:30:19 [self-0019-1-defense] Enemy general index: None
2026-06-02 10:30:19 [self-0019-1-defense] Visible enemy tiles: 10
2026-06-02 10:30:19 [self-0019-1-defense] Tiles: 23 / 43
2026-06-02 10:30:19 [self-0019-1-defense] Map: 18 x 23 Turn: 144
2026-06-02 10:30:19 [self-0019-1-defense] Route planned: Target = 206 Mode = defense city-free reachable tiles = 327 Fallback-Tiles = 328
2026-06-02 10:30:19 [self-0019-1-defense] Move #126: 186 -> 187 | Army: 2 | Target-Terrain: 0 | Target: 206 | Half: False
2026-06-02 10:30:20 [self-0019-1-defense] My general index: 239
2026-06-02 10:30:20 [self-0019-1-defense] Enemy general index: None
2026-06-02 10:30:20 [self-0019-1-defense] Visible enemy tiles: 10
2026-06-02 10:30:20 [self-0019-1-defense] Tiles: 23 / 43
2026-06-02 10:30:20 [self-0019-1-defense] Map: 18 x 23 Turn: 145
2026-06-02 10:30:20 [self-0019-1-defense] Route planned: Target = 206 Mode = defense city-free reachable tiles = 327 Fallback-Tiles = 328
2026-06-02 10:30:20 [self-0019-1-defense] Priority agent: edge reuse -45000 base = 194182 final = 149182
2026-06-02 10:30:20 [self-0019-1-defense] Move #127: 205 -> 206 | Army: 32 | Target-Terrain: 0 | Target: 206 | Half: False
2026-06-02 10:30:20 [self-0019-1-defense] My general index: 239
2026-06-02 10:30:20 [self-0019-1-defense] Enemy general index: None
2026-06-02 10:30:20 [self-0019-1-defense] Visible enemy tiles: 10
2026-06-02 10:30:20 [self-0019-1-defense] Tiles: 23 / 43
2026-06-02 10:30:20 [self-0019-1-defense] Map: 18 x 23 Turn: 146
2026-06-02 10:30:20 [self-0019-1-defense] Route planned: Target = 205 Mode = defense city-free reachable tiles = 327 Fallback-Tiles = 328
2026-06-02 10:30:20 [self-0019-1-defense] Move #128: 187 -> 205 | Army: 2 | Target-Terrain: 0 | Target: 205 | Half: False
2026-06-02 10:30:21 [self-0019-1-defense] Coach: catch_up_expand tiles 23/43 army 86/98 cities 0/0 enemy_city_suspect False bias {'expansion_bias': 1.3, 'city_bias': 0.2, 'attack_bias': -0.1, 'defense_bias': 0.8, 'route_bias': 0.5}
2026-06-02 10:30:21 [self-0019-1-defense] My general index: 239
2026-06-02 10:30:21 [self-0019-1-defense] Enemy general index: None
2026-06-02 10:30:21 [self-0019-1-defense] Visible enemy tiles: 10
2026-06-02 10:30:21 [self-0019-1-defense] Tiles: 23 / 43
2026-06-02 10:30:21 [self-0019-1-defense] Map: 18 x 23 Turn: 147
2026-06-02 10:30:21 [self-0019-1-defense] Route planned: Target = 205 Mode = defense city-free reachable tiles = 327 Fallback-Tiles = 328
2026-06-02 10:30:21 [self-0019-1-defense] Priority agent: edge reuse -54000 base = 188382 final = 134382
2026-06-02 10:30:21 [self-0019-1-defense] Move #129: 206 -> 205 | Army: 32 | Target-Terrain: 0 | Target: 205 | Half: False
2026-06-02 10:30:21 [self-0019-1-defense] My general index: 239
2026-06-02 10:30:21 [self-0019-1-defense] Enemy general index: None
2026-06-02 10:30:21 [self-0019-1-defense] Visible enemy tiles: 10
2026-06-02 10:30:21 [self-0019-1-defense] Tiles: 23 / 43
2026-06-02 10:30:21 [self-0019-1-defense] Map: 18 x 23 Turn: 148
2026-06-02 10:30:21 [self-0019-1-defense] Route planned: Target = 206 Mode = defense city-free reachable tiles = 327 Fallback-Tiles = 328
2026-06-02 10:30:21 [self-0019-1-defense] Move #130: 202 -> 203 | Army: 2 | Target-Terrain: 0 | Target: 206 | Half: False
2026-06-02 10:30:22 [self-0019-1-defense] My general index: 239
2026-06-02 10:30:22 [self-0019-1-defense] Enemy general index: None
2026-06-02 10:30:22 [self-0019-1-defense] Visible enemy tiles: 10
2026-06-02 10:30:22 [self-0019-1-defense] Tiles: 23 / 43
2026-06-02 10:30:22 [self-0019-1-defense] Map: 18 x 23 Turn: 149
2026-06-02 10:30:22 [self-0019-1-defense] Route planned: Target = 206 Mode = defense city-free reachable tiles = 327 Fallback-Tiles = 328
2026-06-02 10:30:22 [self-0019-1-defense] Priority agent: edge reuse -54000 base = 194183 final = 140183
2026-06-02 10:30:22 [self-0019-1-defense] Move #131: 205 -> 206 | Army: 33 | Target-Terrain: 0 | Target: 206 | Half: False
2026-06-02 10:30:22 [self-0019-1-defense] My general index: 239
2026-06-02 10:30:22 [self-0019-1-defense] Enemy general index: None
2026-06-02 10:30:22 [self-0019-1-defense] Visible enemy tiles: 10
2026-06-02 10:30:22 [self-0019-1-defense] Tiles: 23 / 43
2026-06-02 10:30:22 [self-0019-1-defense] Map: 18 x 23 Turn: 150
2026-06-02 10:30:22 [self-0019-1-defense] Route planned: Target = 205 Mode = defense city-free reachable tiles = 327 Fallback-Tiles = 328
2026-06-02 10:30:22 [self-0019-1-defense] Move #132: 223 -> 205 | Army: 2 | Target-Terrain: 0 | Target: 205 | Half: False
2026-06-02 10:30:23 [self-0019-1-defense] My general index: 239
2026-06-02 10:30:23 [self-0019-1-defense] Enemy general index: None
2026-06-02 10:30:23 [self-0019-1-defense] Visible enemy tiles: 10
2026-06-02 10:30:23 [self-0019-1-defense] Tiles: 23 / 44
2026-06-02 10:30:23 [self-0019-1-defense] Map: 18 x 23 Turn: 151
2026-06-02 10:30:23 [self-0019-1-defense] Route planned: Target = 205 Mode = defense city-free reachable tiles = 327 Fallback-Tiles = 328
2026-06-02 10:30:23 [self-0019-1-defense] Priority agent: edge reuse -9000 base = 224652 final = 215652
2026-06-02 10:30:23 [self-0019-1-defense] Move #133: 204 -> 205 | Army: 2 | Target-Terrain: 0 | Target: 205 | Half: False
2026-06-02 10:30:23 [self-0019-1-defense] My general index: 239
2026-06-02 10:30:23 [self-0019-1-defense] Enemy general index: None
2026-06-02 10:30:23 [self-0019-1-defense] Visible enemy tiles: 10
2026-06-02 10:30:23 [self-0019-1-defense] Tiles: 23 / 45
2026-06-02 10:30:23 [self-0019-1-defense] Map: 18 x 23 Turn: 152
2026-06-02 10:30:23 [self-0019-1-defense] Route planned: Target = 205 Mode = defense city-free reachable tiles = 327 Fallback-Tiles = 328
2026-06-02 10:30:23 [self-0019-1-defense] Priority agent: edge reuse -9000 base = 222452 final = 213452
2026-06-02 10:30:23 [self-0019-1-defense] Move #134: 187 -> 205 | Army: 2 | Target-Terrain: 0 | Target: 205 | Half: False
2026-06-02 10:30:24 [self-0019-1-defense] My general index: 239
2026-06-02 10:30:24 [self-0019-1-defense] Enemy general index: None
2026-06-02 10:30:24 [self-0019-1-defense] Visible enemy tiles: 10
2026-06-02 10:30:24 [self-0019-1-defense] Tiles: 23 / 46
2026-06-02 10:30:24 [self-0019-1-defense] Map: 18 x 23 Turn: 153
2026-06-02 10:30:24 [self-0019-1-defense] Route planned: Target = 205 Mode = defense city-free reachable tiles = 327 Fallback-Tiles = 328
2026-06-02 10:30:24 [self-0019-1-defense] Move #135: 225 -> 207 | Army: 2 | Target-Terrain: 0 | Target: 205 | Half: False
2026-06-02 10:30:24 [self-0019-1-defense] My general index: 239
2026-06-02 10:30:24 [self-0019-1-defense] Enemy general index: None
2026-06-02 10:30:24 [self-0019-1-defense] Visible enemy tiles: 10
2026-06-02 10:30:24 [self-0019-1-defense] Tiles: 23 / 46
2026-06-02 10:30:24 [self-0019-1-defense] Map: 18 x 23 Turn: 154
2026-06-02 10:30:24 [self-0019-1-defense] Route planned: Target = 205 Mode = defense city-free reachable tiles = 327 Fallback-Tiles = 328
2026-06-02 10:30:24 [self-0019-1-defense] Move #136: 244 -> 226 | Army: 2 | Target-Terrain: 0 | Target: 205 | Half: False
2026-06-02 10:30:25 [self-0019-1-defense] My general index: 239
2026-06-02 10:30:25 [self-0019-1-defense] Enemy general index: None
2026-06-02 10:30:25 [self-0019-1-defense] Visible enemy tiles: 10
2026-06-02 10:30:25 [self-0019-1-defense] Tiles: 23 / 46
2026-06-02 10:30:25 [self-0019-1-defense] Map: 18 x 23 Turn: 155
2026-06-02 10:30:25 [self-0019-1-defense] Route planned: Target = 205 Mode = defense city-free reachable tiles = 327 Fallback-Tiles = 328
2026-06-02 10:30:25 [self-0019-1-defense] Priority agent: edge reuse -45000 base = 188384 final = 143384
2026-06-02 10:30:25 [self-0019-1-defense] Move #137: 206 -> 205 | Army: 34 | Target-Terrain: 0 | Target: 205 | Half: False
2026-06-02 10:30:25 [self-0019-1-defense] My general index: 239
2026-06-02 10:30:25 [self-0019-1-defense] Enemy general index: None
2026-06-02 10:30:25 [self-0019-1-defense] Visible enemy tiles: 10
2026-06-02 10:30:25 [self-0019-1-defense] Tiles: 23 / 46
2026-06-02 10:30:25 [self-0019-1-defense] Map: 18 x 23 Turn: 156
2026-06-02 10:30:25 [self-0019-1-defense] Route planned: Target = 206 Mode = defense city-free reachable tiles = 327 Fallback-Tiles = 328
2026-06-02 10:30:25 [self-0019-1-defense] Move #138: 224 -> 206 | Army: 2 | Target-Terrain: 0 | Target: 206 | Half: False
2026-06-02 10:30:26 [self-0019-1-defense] My general index: 239
2026-06-02 10:30:26 [self-0019-1-defense] Enemy general index: None
2026-06-02 10:30:26 [self-0019-1-defense] Visible enemy tiles: 10
2026-06-02 10:30:26 [self-0019-1-defense] Tiles: 23 / 46
2026-06-02 10:30:26 [self-0019-1-defense] Map: 18 x 23 Turn: 157
2026-06-02 10:30:26 [self-0019-1-defense] Route planned: Target = 206 Mode = defense city-free reachable tiles = 327 Fallback-Tiles = 328
2026-06-02 10:30:26 [self-0019-1-defense] Move #139: 207 -> 206 | Army: 3 | Target-Terrain: 0 | Target: 206 | Half: False
2026-06-02 10:30:26 [self-0019-1-defense] My general index: 239
2026-06-02 10:30:26 [self-0019-1-defense] Enemy general index: None
2026-06-02 10:30:26 [self-0019-1-defense] Visible enemy tiles: 11
2026-06-02 10:30:26 [self-0019-1-defense] Tiles: 22 / 47
2026-06-02 10:30:26 [self-0019-1-defense] Map: 18 x 23 Turn: 158
2026-06-02 10:30:26 [self-0019-1-defense] Route planned: Target = 206 Mode = defense city-free reachable tiles = 327 Fallback-Tiles = 328
2026-06-02 10:30:26 [self-0019-1-defense] Move #140: 188 -> 206 | Army: 2 | Target-Terrain: 0 | Target: 206 | Half: False
2026-06-02 10:30:27 [self-0019-1-defense] My general index: 239
2026-06-02 10:30:27 [self-0019-1-defense] Enemy general index: None
2026-06-02 10:30:27 [self-0019-1-defense] Visible enemy tiles: 12
2026-06-02 10:30:27 [self-0019-1-defense] Tiles: 21 / 48
2026-06-02 10:30:27 [self-0019-1-defense] Map: 18 x 23 Turn: 159
2026-06-02 10:30:27 [self-0019-1-defense] Route planned: Target = 206 Mode = defense city-free reachable tiles = 327 Fallback-Tiles = 328
2026-06-02 10:30:27 [self-0019-1-defense] Move #141: 226 -> 208 | Army: 3 | Target-Terrain: 1 | Target: 206 | Half: False
2026-06-02 10:30:27 [self-0019-1-defense] My general index: 239
2026-06-02 10:30:27 [self-0019-1-defense] Enemy general index: None
2026-06-02 10:30:27 [self-0019-1-defense] Visible enemy tiles: 11
2026-06-02 10:30:27 [self-0019-1-defense] Tiles: 22 / 47
2026-06-02 10:30:27 [self-0019-1-defense] Map: 18 x 23 Turn: 160
2026-06-02 10:30:27 [self-0019-1-defense] Route planned: Target = 206 Mode = defense city-free reachable tiles = 327 Fallback-Tiles = 328
2026-06-02 10:30:27 [self-0019-1-defense] Priority agent: edge reuse -27000 base = 195388 final = 168388
2026-06-02 10:30:27 [self-0019-1-defense] Move #142: 205 -> 206 | Army: 38 | Target-Terrain: 0 | Target: 206 | Half: False
2026-06-02 10:30:28 [self-0019-1-defense] My general index: 239
2026-06-02 10:30:28 [self-0019-1-defense] Enemy general index: None
2026-06-02 10:30:28 [self-0019-1-defense] Visible enemy tiles: 11
2026-06-02 10:30:28 [self-0019-1-defense] Tiles: 22 / 47
2026-06-02 10:30:28 [self-0019-1-defense] Map: 18 x 23 Turn: 161
2026-06-02 10:30:28 [self-0019-1-defense] Route planned: Target = 205 Mode = defense city-free reachable tiles = 327 Fallback-Tiles = 328
2026-06-02 10:30:28 [self-0019-1-defense] Move #143: 203 -> 204 | Army: 3 | Target-Terrain: 0 | Target: 205 | Half: False
2026-06-02 10:30:28 [self-0019-1-defense] My general index: 239
2026-06-02 10:30:28 [self-0019-1-defense] Enemy general index: None
2026-06-02 10:30:28 [self-0019-1-defense] Visible enemy tiles: 11
2026-06-02 10:30:28 [self-0019-1-defense] Tiles: 22 / 47
2026-06-02 10:30:28 [self-0019-1-defense] Map: 18 x 23 Turn: 162
2026-06-02 10:30:28 [self-0019-1-defense] Route planned: Target = 205 Mode = defense city-free reachable tiles = 327 Fallback-Tiles = 328
2026-06-02 10:30:28 [self-0019-1-defense] Priority agent: edge reuse -9000, flow +6000 base = 226853 final = 223853
2026-06-02 10:30:28 [self-0019-1-defense] Move #144: 204 -> 205 | Army: 3 | Target-Terrain: 0 | Target: 205 | Half: False
2026-06-02 10:30:29 [self-0019-1-defense] My general index: 239
2026-06-02 10:30:29 [self-0019-1-defense] Enemy general index: None
2026-06-02 10:30:29 [self-0019-1-defense] Visible enemy tiles: 11
2026-06-02 10:30:29 [self-0019-1-defense] Tiles: 22 / 47
2026-06-02 10:30:29 [self-0019-1-defense] Map: 18 x 23 Turn: 163
2026-06-02 10:30:29 [self-0019-1-defense] Route planned: Target = 205 Mode = defense city-free reachable tiles = 327 Fallback-Tiles = 328
2026-06-02 10:30:29 [self-0019-1-defense] Priority agent: edge reuse -27000 base = 188392 final = 161392
2026-06-02 10:30:29 [self-0019-1-defense] Move #145: 206 -> 205 | Army: 42 | Target-Terrain: 0 | Target: 205 | Half: False
2026-06-02 10:30:29 [self-0019-1-defense] My general index: 239
2026-06-02 10:30:29 [self-0019-1-defense] Enemy general index: None
2026-06-02 10:30:29 [self-0019-1-defense] Visible enemy tiles: 11
2026-06-02 10:30:29 [self-0019-1-defense] Tiles: 22 / 47
2026-06-02 10:30:29 [self-0019-1-defense] Map: 18 x 23 Turn: 164
2026-06-02 10:30:29 [self-0019-1-defense] Route planned: Target = 206 Mode = defense city-free reachable tiles = 327 Fallback-Tiles = 328
2026-06-02 10:30:29 [self-0019-1-defense] Priority agent: reverse -35000, edge reuse -27000 base = 198494 final = 136494
2026-06-02 10:30:29 [self-0019-1-defense] Move #146: 205 -> 206 | Army: 44 | Target-Terrain: 0 | Target: 206 | Half: False
2026-06-02 10:30:30 [self-0019-1-defense] My general index: 239
2026-06-02 10:30:30 [self-0019-1-defense] Enemy general index: None
2026-06-02 10:30:30 [self-0019-1-defense] Visible enemy tiles: 11
2026-06-02 10:30:30 [self-0019-1-defense] Tiles: 22 / 47
2026-06-02 10:30:30 [self-0019-1-defense] Map: 18 x 23 Turn: 165
2026-06-02 10:30:30 [self-0019-1-defense] Route planned: Target = 205 Mode = defense city-free reachable tiles = 327 Fallback-Tiles = 328
2026-06-02 10:30:30 [self-0019-1-defense] Move #147: 186 -> 187 | Army: 2 | Target-Terrain: 0 | Target: 205 | Half: False
2026-06-02 10:30:30 [self-0019-1-defense] My general index: 239
2026-06-02 10:30:30 [self-0019-1-defense] Enemy general index: None
2026-06-02 10:30:30 [self-0019-1-defense] Visible enemy tiles: 11
2026-06-02 10:30:30 [self-0019-1-defense] Tiles: 22 / 47
2026-06-02 10:30:30 [self-0019-1-defense] Map: 18 x 23 Turn: 166
2026-06-02 10:30:30 [self-0019-1-defense] Route planned: Target = 205 Mode = defense city-free reachable tiles = 327 Fallback-Tiles = 328
2026-06-02 10:30:30 [self-0019-1-defense] Priority agent: edge reuse -9000, flow +6000 base = 222452 final = 219452
2026-06-02 10:30:30 [self-0019-1-defense] Move #148: 187 -> 205 | Army: 2 | Target-Terrain: 0 | Target: 205 | Half: False
2026-06-02 10:30:31 [self-0019-1-defense] My general index: 239
2026-06-02 10:30:31 [self-0019-1-defense] Enemy general index: None
2026-06-02 10:30:31 [self-0019-1-defense] Visible enemy tiles: 11
2026-06-02 10:30:31 [self-0019-1-defense] Tiles: 22 / 47
2026-06-02 10:30:31 [self-0019-1-defense] Map: 18 x 23 Turn: 167
2026-06-02 10:30:31 [self-0019-1-defense] Route planned: Target = 205 Mode = defense city-free reachable tiles = 327 Fallback-Tiles = 328
2026-06-02 10:30:31 [self-0019-1-defense] Priority agent: edge reuse -36000 base = 188394 final = 152394
2026-06-02 10:30:31 [self-0019-1-defense] Move #149: 206 -> 205 | Army: 44 | Target-Terrain: 0 | Target: 205 | Half: False
2026-06-02 10:30:31 [self-0019-1-defense] My general index: 239
2026-06-02 10:30:31 [self-0019-1-defense] Enemy general index: None
2026-06-02 10:30:31 [self-0019-1-defense] Visible enemy tiles: 11
2026-06-02 10:30:31 [self-0019-1-defense] Tiles: 22 / 47
2026-06-02 10:30:31 [self-0019-1-defense] Map: 18 x 23 Turn: 168
2026-06-02 10:30:31 [self-0019-1-defense] Route planned: Target = 206 Mode = defense city-free reachable tiles = 327 Fallback-Tiles = 328
2026-06-02 10:30:31 [self-0019-1-defense] Move #150: 221 -> 203 | Army: 3 | Target-Terrain: 0 | Target: 206 | Half: False
2026-06-02 10:30:32 [self-0019-1-defense] My general index: 239
2026-06-02 10:30:32 [self-0019-1-defense] Enemy general index: None
2026-06-02 10:30:32 [self-0019-1-defense] Visible enemy tiles: 11
2026-06-02 10:30:32 [self-0019-1-defense] Tiles: 22 / 47
2026-06-02 10:30:32 [self-0019-1-defense] Map: 18 x 23 Turn: 169
2026-06-02 10:30:32 [self-0019-1-defense] Route planned: Target = 206 Mode = defense city-free reachable tiles = 327 Fallback-Tiles = 328
2026-06-02 10:30:32 [self-0019-1-defense] Priority agent: edge reuse -45000 base = 195395 final = 150395
2026-06-02 10:30:32 [self-0019-1-defense] Move #151: 205 -> 206 | Army: 45 | Target-Terrain: 0 | Target: 206 | Half: False
2026-06-02 10:30:32 [self-0019-1-defense] My general index: 239
2026-06-02 10:30:32 [self-0019-1-defense] Enemy general index: None
2026-06-02 10:30:32 [self-0019-1-defense] Visible enemy tiles: 11
2026-06-02 10:30:32 [self-0019-1-defense] Tiles: 22 / 47
2026-06-02 10:30:32 [self-0019-1-defense] Map: 18 x 23 Turn: 170
2026-06-02 10:30:32 [self-0019-1-defense] Route planned: Target = 205 Mode = defense city-free reachable tiles = 327 Fallback-Tiles = 328
2026-06-02 10:30:32 [self-0019-1-defense] Move #152: 185 -> 186 | Army: 2 | Target-Terrain: 0 | Target: 205 | Half: False
2026-06-02 10:30:33 [self-0019-1-defense] My general index: 239
2026-06-02 10:30:33 [self-0019-1-defense] Enemy general index: None
2026-06-02 10:30:33 [self-0019-1-defense] Visible enemy tiles: 11
2026-06-02 10:30:33 [self-0019-1-defense] Tiles: 22 / 47
2026-06-02 10:30:33 [self-0019-1-defense] Map: 18 x 23 Turn: 171
2026-06-02 10:30:33 [self-0019-1-defense] Route planned: Target = 205 Mode = defense city-free reachable tiles = 327 Fallback-Tiles = 328
2026-06-02 10:30:33 [self-0019-1-defense] Priority agent: edge reuse -45000 base = 188395 final = 143395
2026-06-02 10:30:33 [self-0019-1-defense] Move #153: 206 -> 205 | Army: 45 | Target-Terrain: 0 | Target: 205 | Half: False
2026-06-02 10:30:33 [self-0019-1-defense] My general index: 239
2026-06-02 10:30:33 [self-0019-1-defense] Enemy general index: None
2026-06-02 10:30:33 [self-0019-1-defense] Visible enemy tiles: 11
2026-06-02 10:30:33 [self-0019-1-defense] Tiles: 22 / 47
2026-06-02 10:30:33 [self-0019-1-defense] Map: 18 x 23 Turn: 172
2026-06-02 10:30:33 [self-0019-1-defense] Route planned: Target = 206 Mode = defense city-free reachable tiles = 327 Fallback-Tiles = 328
2026-06-02 10:30:33 [self-0019-1-defense] Move #154: 202 -> 203 | Army: 2 | Target-Terrain: 0 | Target: 206 | Half: False
2026-06-02 10:30:34 [self-0019-1-defense] My general index: 239
2026-06-02 10:30:34 [self-0019-1-defense] Enemy general index: None
2026-06-02 10:30:34 [self-0019-1-defense] Visible enemy tiles: 12
2026-06-02 10:30:34 [self-0019-1-defense] Tiles: 21 / 48
2026-06-02 10:30:34 [self-0019-1-defense] Map: 18 x 23 Turn: 173
2026-06-02 10:30:34 [self-0019-1-defense] Route planned: Target = 206 Mode = defense city-free reachable tiles = 327 Fallback-Tiles = 328
2026-06-02 10:30:34 [self-0019-1-defense] Priority agent: edge reuse -54000 base = 195395 final = 141395
2026-06-02 10:30:34 [self-0019-1-defense] Move #155: 205 -> 206 | Army: 45 | Target-Terrain: 0 | Target: 206 | Half: False
2026-06-02 10:30:34 [self-0019-1-defense] My general index: 239
2026-06-02 10:30:34 [self-0019-1-defense] Enemy general index: None
2026-06-02 10:30:34 [self-0019-1-defense] Visible enemy tiles: 12
2026-06-02 10:30:34 [self-0019-1-defense] Tiles: 21 / 48
2026-06-02 10:30:34 [self-0019-1-defense] Map: 18 x 23 Turn: 174
2026-06-02 10:30:34 [self-0019-1-defense] Route planned: Target = 205 Mode = defense city-free reachable tiles = 327 Fallback-Tiles = 328
2026-06-02 10:30:34 [self-0019-1-defense] Move #156: 220 -> 202 | Army: 3 | Target-Terrain: 0 | Target: 205 | Half: False
2026-06-02 10:30:35 [self-0019-1-defense] My general index: 239
2026-06-02 10:30:35 [self-0019-1-defense] Enemy general index: None
2026-06-02 10:30:35 [self-0019-1-defense] Visible enemy tiles: 12
2026-06-02 10:30:35 [self-0019-1-defense] Tiles: 21 / 48
2026-06-02 10:30:35 [self-0019-1-defense] Map: 18 x 23 Turn: 175
2026-06-02 10:30:35 [self-0019-1-defense] Route planned: Target = 205 Mode = defense city-free reachable tiles = 327 Fallback-Tiles = 328
2026-06-02 10:30:35 [self-0019-1-defense] Priority agent: edge reuse -54000 base = 188395 final = 134395
2026-06-02 10:30:35 [self-0019-1-defense] Move #157: 206 -> 205 | Army: 45 | Target-Terrain: 0 | Target: 205 | Half: False
2026-06-02 10:30:35 [self-0019-1-defense] My general index: 239
2026-06-02 10:30:35 [self-0019-1-defense] Enemy general index: None
2026-06-02 10:30:35 [self-0019-1-defense] Visible enemy tiles: 12
2026-06-02 10:30:35 [self-0019-1-defense] Tiles: 21 / 48
2026-06-02 10:30:35 [self-0019-1-defense] Map: 18 x 23 Turn: 176
2026-06-02 10:30:35 [self-0019-1-defense] Route planned: Target = 206 Mode = defense city-free reachable tiles = 327 Fallback-Tiles = 328
2026-06-02 10:30:35 [self-0019-1-defense] Move #158: 203 -> 204 | Army: 4 | Target-Terrain: 0 | Target: 206 | Half: False
2026-06-02 10:30:36 [self-0019-1-defense] My general index: 239
2026-06-02 10:30:36 [self-0019-1-defense] Enemy general index: None
2026-06-02 10:30:36 [self-0019-1-defense] Visible enemy tiles: 12
2026-06-02 10:30:36 [self-0019-1-defense] Tiles: 21 / 48
2026-06-02 10:30:36 [self-0019-1-defense] Map: 18 x 23 Turn: 177
2026-06-02 10:30:36 [self-0019-1-defense] Route planned: Target = 206 Mode = defense city-free reachable tiles = 327 Fallback-Tiles = 328
2026-06-02 10:30:36 [self-0019-1-defense] Priority agent: flow +6000 base = 126764 final = 132764
2026-06-02 10:30:36 [self-0019-1-defense] Move #159: 204 -> 205 | Army: 4 | Target-Terrain: 0 | Target: 206 | Half: False
2026-06-02 10:30:36 [self-0019-1-defense] My general index: 239
2026-06-02 10:30:36 [self-0019-1-defense] Enemy general index: None
2026-06-02 10:30:36 [self-0019-1-defense] Visible enemy tiles: 12
2026-06-02 10:30:36 [self-0019-1-defense] Tiles: 21 / 48
2026-06-02 10:30:36 [self-0019-1-defense] Map: 18 x 23 Turn: 178
2026-06-02 10:30:36 [self-0019-1-defense] Route planned: Target = 206 Mode = defense city-free reachable tiles = 327 Fallback-Tiles = 328
2026-06-02 10:30:36 [self-0019-1-defense] Priority agent: edge reuse -54000, flow +6000 base = 198498 final = 150498
2026-06-02 10:30:36 [self-0019-1-defense] Move #160: 205 -> 206 | Army: 48 | Target-Terrain: 0 | Target: 206 | Half: False
2026-06-02 10:30:37 [self-0019-1-defense] My general index: 239
2026-06-02 10:30:37 [self-0019-1-defense] Enemy general index: None
2026-06-02 10:30:37 [self-0019-1-defense] Visible enemy tiles: 12
2026-06-02 10:30:37 [self-0019-1-defense] Tiles: 20 / 49
2026-06-02 10:30:37 [self-0019-1-defense] Map: 18 x 23 Turn: 179
2026-06-02 10:30:37 [self-0019-1-defense] Route planned: Target = 205 Mode = defense city-free reachable tiles = 327 Fallback-Tiles = 328
2026-06-02 10:30:37 [self-0019-1-defense] Move #161: 186 -> 204 | Army: 2 | Target-Terrain: 0 | Target: 205 | Half: False
2026-06-02 10:30:37 [self-0019-1-defense] My general index: 239
2026-06-02 10:30:37 [self-0019-1-defense] Enemy general index: None
2026-06-02 10:30:37 [self-0019-1-defense] Visible enemy tiles: 12
2026-06-02 10:30:37 [self-0019-1-defense] Tiles: 20 / 49
2026-06-02 10:30:37 [self-0019-1-defense] Map: 18 x 23 Turn: 180
2026-06-02 10:30:37 [self-0019-1-defense] Route planned: Target = 205 Mode = defense city-free reachable tiles = 327 Fallback-Tiles = 328
2026-06-02 10:30:37 [self-0019-1-defense] Priority agent: edge reuse -9000, flow +6000 base = 224652 final = 221652
2026-06-02 10:30:37 [self-0019-1-defense] Move #162: 204 -> 205 | Army: 2 | Target-Terrain: 0 | Target: 205 | Half: False
2026-06-02 10:30:38 [self-0019-1-defense] My general index: 239
2026-06-02 10:30:38 [self-0019-1-defense] Enemy general index: None
2026-06-02 10:30:38 [self-0019-1-defense] Visible enemy tiles: 12
2026-06-02 10:30:38 [self-0019-1-defense] Tiles: 20 / 49
2026-06-02 10:30:38 [self-0019-1-defense] Map: 18 x 23 Turn: 181
2026-06-02 10:30:38 [self-0019-1-defense] Route planned: Target = 205 Mode = defense city-free reachable tiles = 327 Fallback-Tiles = 328
2026-06-02 10:30:38 [self-0019-1-defense] Priority agent: edge reuse -54000 base = 188398 final = 134398
2026-06-02 10:30:38 [self-0019-1-defense] Move #163: 206 -> 205 | Army: 48 | Target-Terrain: 0 | Target: 205 | Half: False
2026-06-02 10:30:38 [self-0019-1-defense] My general index: 239
2026-06-02 10:30:38 [self-0019-1-defense] Enemy general index: None
2026-06-02 10:30:38 [self-0019-1-defense] Visible enemy tiles: 12
2026-06-02 10:30:38 [self-0019-1-defense] Tiles: 20 / 49
2026-06-02 10:30:38 [self-0019-1-defense] Map: 18 x 23 Turn: 182
2026-06-02 10:30:38 [self-0019-1-defense] Route planned: Target = 206 Mode = defense city-free reachable tiles = 327 Fallback-Tiles = 328
2026-06-02 10:30:38 [self-0019-1-defense] Move #164: 189 -> 188 | Army: 2 | Target-Terrain: 0 | Target: 206 | Half: False
2026-06-02 10:30:39 [self-0019-1-defense] My general index: 239
2026-06-02 10:30:39 [self-0019-1-defense] Enemy general index: None
2026-06-02 10:30:39 [self-0019-1-defense] Visible enemy tiles: 12
2026-06-02 10:30:39 [self-0019-1-defense] Tiles: 20 / 49
2026-06-02 10:30:39 [self-0019-1-defense] Map: 18 x 23 Turn: 183
2026-06-02 10:30:39 [self-0019-1-defense] Route planned: Target = 206 Mode = defense city-free reachable tiles = 327 Fallback-Tiles = 328
2026-06-02 10:30:39 [self-0019-1-defense] Priority agent: flow +6000 base = 227252 final = 233252
2026-06-02 10:30:39 [self-0019-1-defense] Move #165: 188 -> 206 | Army: 2 | Target-Terrain: 0 | Target: 206 | Half: False
2026-06-02 10:30:39 [self-0019-1-defense] My general index: 239
2026-06-02 10:30:39 [self-0019-1-defense] Enemy general index: None
2026-06-02 10:30:39 [self-0019-1-defense] Visible enemy tiles: 12
2026-06-02 10:30:39 [self-0019-1-defense] Tiles: 20 / 49
2026-06-02 10:30:39 [self-0019-1-defense] Map: 18 x 23 Turn: 184
2026-06-02 10:30:39 [self-0019-1-defense] Route planned: Target = 206 Mode = defense city-free reachable tiles = 327 Fallback-Tiles = 328
2026-06-02 10:30:39 [self-0019-1-defense] Priority agent: edge reuse -45000 base = 195399 final = 150399
2026-06-02 10:30:39 [self-0019-1-defense] Move #166: 205 -> 206 | Army: 49 | Target-Terrain: 0 | Target: 206 | Half: False
2026-06-02 10:30:40 [self-0019-1-defense] My general index: 239
2026-06-02 10:30:40 [self-0019-1-defense] Enemy general index: None
2026-06-02 10:30:40 [self-0019-1-defense] Visible enemy tiles: 12
2026-06-02 10:30:40 [self-0019-1-defense] Tiles: 20 / 49
2026-06-02 10:30:40 [self-0019-1-defense] Map: 18 x 23 Turn: 185
2026-06-02 10:30:40 [self-0019-1-defense] Route planned: Target = 205 Mode = defense city-free reachable tiles = 327 Fallback-Tiles = 328
2026-06-02 10:30:40 [self-0019-1-defense] Priority agent: edge reuse -9000 base = 132873 final = 123873
2026-06-02 10:30:40 [self-0019-1-defense] Move #167: 202 -> 203 | Army: 3 | Target-Terrain: 0 | Target: 205 | Half: False
2026-06-02 10:30:40 [self-0019-1-defense] My general index: 239
2026-06-02 10:30:40 [self-0019-1-defense] Enemy general index: None
2026-06-02 10:30:40 [self-0019-1-defense] Visible enemy tiles: 12
2026-06-02 10:30:40 [self-0019-1-defense] Tiles: 20 / 49
2026-06-02 10:30:40 [self-0019-1-defense] Map: 18 x 23 Turn: 186
2026-06-02 10:30:40 [self-0019-1-defense] Route planned: Target = 205 Mode = defense city-free reachable tiles = 327 Fallback-Tiles = 328
2026-06-02 10:30:40 [self-0019-1-defense] Priority agent: edge reuse -45000 base = 188400 final = 143400
2026-06-02 10:30:40 [self-0019-1-defense] Move #168: 206 -> 205 | Army: 50 | Target-Terrain: 0 | Target: 205 | Half: False
2026-06-02 10:30:41 [self-0019-1-defense] My general index: 239
2026-06-02 10:30:41 [self-0019-1-defense] Enemy general index: None
2026-06-02 10:30:41 [self-0019-1-defense] Visible enemy tiles: 12
2026-06-02 10:30:41 [self-0019-1-defense] Tiles: 20 / 49
2026-06-02 10:30:41 [self-0019-1-defense] Map: 18 x 23 Turn: 187
2026-06-02 10:30:41 [self-0019-1-defense] Route planned: Target = 206 Mode = defense city-free reachable tiles = 327 Fallback-Tiles = 328
2026-06-02 10:30:41 [self-0019-1-defense] Priority agent: edge reuse -9000 base = 122073 final = 113073
2026-06-02 10:30:41 [self-0019-1-defense] Move #169: 203 -> 204 | Army: 3 | Target-Terrain: 0 | Target: 206 | Half: False
2026-06-02 10:30:41 [self-0019-1-defense] My general index: 239
2026-06-02 10:30:41 [self-0019-1-defense] Enemy general index: None
2026-06-02 10:30:41 [self-0019-1-defense] Visible enemy tiles: 12
2026-06-02 10:30:41 [self-0019-1-defense] Tiles: 20 / 49
2026-06-02 10:30:41 [self-0019-1-defense] Map: 18 x 23 Turn: 188
2026-06-02 10:30:41 [self-0019-1-defense] Route planned: Target = 206 Mode = defense city-free reachable tiles = 327 Fallback-Tiles = 328
2026-06-02 10:30:41 [self-0019-1-defense] Priority agent: edge reuse -45000 base = 195400 final = 150400
2026-06-02 10:30:41 [self-0019-1-defense] Move #170: 205 -> 206 | Army: 50 | Target-Terrain: 0 | Target: 206 | Half: False
2026-06-02 10:30:42 [self-0019-1-defense] My general index: 239
2026-06-02 10:30:42 [self-0019-1-defense] Enemy general index: None
2026-06-02 10:30:42 [self-0019-1-defense] Visible enemy tiles: 12
2026-06-02 10:30:42 [self-0019-1-defense] Tiles: 20 / 49
2026-06-02 10:30:42 [self-0019-1-defense] Map: 18 x 23 Turn: 189
2026-06-02 10:30:42 [self-0019-1-defense] Route planned: Target = 205 Mode = defense city-free reachable tiles = 327 Fallback-Tiles = 328
2026-06-02 10:30:42 [self-0019-1-defense] Priority agent: edge reuse -18000 base = 209653 final = 191653
2026-06-02 10:30:42 [self-0019-1-defense] Move #171: 204 -> 205 | Army: 3 | Target-Terrain: 0 | Target: 205 | Half: False
2026-06-02 10:30:42 [self-0019-1-defense] My general index: 239
2026-06-02 10:30:42 [self-0019-1-defense] Enemy general index: None
2026-06-02 10:30:42 [self-0019-1-defense] Visible enemy tiles: 12
2026-06-02 10:30:42 [self-0019-1-defense] Tiles: 20 / 49
2026-06-02 10:30:42 [self-0019-1-defense] Map: 18 x 23 Turn: 190
2026-06-02 10:30:42 [self-0019-1-defense] Route planned: Target = 205 Mode = defense city-free reachable tiles = 327 Fallback-Tiles = 328
2026-06-02 10:30:42 [self-0019-1-defense] Priority agent: edge reuse -45000 base = 188400 final = 143400
2026-06-02 10:30:42 [self-0019-1-defense] Move #172: 206 -> 205 | Army: 50 | Target-Terrain: 0 | Target: 205 | Half: False
2026-06-02 10:30:43 [self-0019-1-defense] My general index: 239
2026-06-02 10:30:43 [self-0019-1-defense] Enemy general index: None
2026-06-02 10:30:43 [self-0019-1-defense] Visible enemy tiles: 12
2026-06-02 10:30:43 [self-0019-1-defense] Tiles: 20 / 49
2026-06-02 10:30:43 [self-0019-1-defense] Map: 18 x 23 Turn: 191
2026-06-02 10:30:43 [self-0019-1-defense] Route planned: Target = 206 Mode = defense city-free reachable tiles = 327 Fallback-Tiles = 328
2026-06-02 10:30:43 [self-0019-1-defense] Priority agent: reverse -35000, edge reuse -54000 base = 198502 final = 109502
2026-06-02 10:30:43 [self-0019-1-defense] Move #173: 205 -> 206 | Army: 52 | Target-Terrain: 0 | Target: 206 | Half: False
2026-06-02 10:30:43 [self-0019-1-defense] My general index: 239
2026-06-02 10:30:43 [self-0019-1-defense] Enemy general index: None
2026-06-02 10:30:43 [self-0019-1-defense] Visible enemy tiles: 12
2026-06-02 10:30:43 [self-0019-1-defense] Tiles: 20 / 49
2026-06-02 10:30:43 [self-0019-1-defense] Map: 18 x 23 Turn: 192
2026-06-02 10:30:43 [self-0019-1-defense] Route planned: Target = 205 Mode = defense city-free reachable tiles = 327 Fallback-Tiles = 328
2026-06-02 10:30:43 [self-0019-1-defense] Priority agent: reverse -35000, edge reuse -63000 base = 191502 final = 93502
2026-06-02 10:30:43 [self-0019-1-defense] Move #174: 206 -> 205 | Army: 52 | Target-Terrain: 0 | Target: 205 | Half: False
2026-06-02 10:30:44 [self-0019-1-defense] My general index: 239
2026-06-02 10:30:44 [self-0019-1-defense] Enemy general index: None
2026-06-02 10:30:44 [self-0019-1-defense] Visible enemy tiles: 12
2026-06-02 10:30:44 [self-0019-1-defense] Tiles: 20 / 49
2026-06-02 10:30:44 [self-0019-1-defense] Map: 18 x 23 Turn: 193
2026-06-02 10:30:44 [self-0019-1-defense] Route planned: Target = 206 Mode = defense city-free reachable tiles = 327 Fallback-Tiles = 328
2026-06-02 10:30:44 [self-0019-1-defense] Priority agent: reverse -35000, edge reuse -63000 base = 198502 final = 100502
2026-06-02 10:30:44 [self-0019-1-defense] Move #175: 205 -> 206 | Army: 52 | Target-Terrain: 0 | Target: 206 | Half: False
2026-06-02 10:30:44 [self-0019-1-defense] My general index: 239
2026-06-02 10:30:44 [self-0019-1-defense] Enemy general index: None
2026-06-02 10:30:44 [self-0019-1-defense] Visible enemy tiles: 12
2026-06-02 10:30:44 [self-0019-1-defense] Tiles: 20 / 49
2026-06-02 10:30:44 [self-0019-1-defense] Map: 18 x 23 Turn: 194
2026-06-02 10:30:44 [self-0019-1-defense] Route planned: Target = 205 Mode = defense city-free reachable tiles = 327 Fallback-Tiles = 328
2026-06-02 10:30:44 [self-0019-1-defense] Priority agent: reverse -35000, edge reuse -72000 base = 191502 final = 84502
2026-06-02 10:30:44 [self-0019-1-defense] Move #176: 206 -> 205 | Army: 52 | Target-Terrain: 0 | Target: 205 | Half: False
2026-06-02 10:30:45 [self-0019-1-defense] My general index: 239
2026-06-02 10:30:45 [self-0019-1-defense] Enemy general index: None
2026-06-02 10:30:45 [self-0019-1-defense] Visible enemy tiles: 12
2026-06-02 10:30:45 [self-0019-1-defense] Tiles: 20 / 49
2026-06-02 10:30:45 [self-0019-1-defense] Map: 18 x 23 Turn: 195
2026-06-02 10:30:45 [self-0019-1-defense] Route planned: Target = 206 Mode = defense city-free reachable tiles = 327 Fallback-Tiles = 328
2026-06-02 10:30:45 [self-0019-1-defense] Priority agent: reverse -35000, edge reuse -81000 base = 198502 final = 82502
2026-06-02 10:30:45 [self-0019-1-defense] Move #177: 205 -> 206 | Army: 52 | Target-Terrain: 0 | Target: 206 | Half: False
2026-06-02 10:30:45 [self-0019-1-defense] My general index: 239
2026-06-02 10:30:45 [self-0019-1-defense] Enemy general index: None
2026-06-02 10:30:45 [self-0019-1-defense] Visible enemy tiles: 12
2026-06-02 10:30:45 [self-0019-1-defense] Tiles: 20 / 49
2026-06-02 10:30:45 [self-0019-1-defense] Map: 18 x 23 Turn: 196
2026-06-02 10:30:45 [self-0019-1-defense] Route planned: Target = 207 Mode = defense city-free reachable tiles = 327 Fallback-Tiles = 328
2026-06-02 10:30:45 [self-0019-1-defense] Priority agent: flow +6000 base = 281302 final = 287302
2026-06-02 10:30:45 [self-0019-1-defense] Move #178: 206 -> 207 | Army: 52 | Target-Terrain: 1 | Target: 207 | Half: False
2026-06-02 10:30:46 [self-0019-1-defense] Coach: catch_up_expand tiles 21/48 army 126/158 cities 0/0 enemy_city_suspect False bias {'expansion_bias': 1.3, 'city_bias': 0.2, 'attack_bias': -0.1, 'defense_bias': 0.8, 'route_bias': 0.5}
2026-06-02 10:30:46 [self-0019-1-defense] My general index: 239
2026-06-02 10:30:46 [self-0019-1-defense] Enemy general index: None
2026-06-02 10:30:46 [self-0019-1-defense] Visible enemy tiles: 11
2026-06-02 10:30:46 [self-0019-1-defense] Tiles: 21 / 48
2026-06-02 10:30:46 [self-0019-1-defense] Map: 18 x 23 Turn: 197
2026-06-02 10:30:46 [self-0019-1-defense] Route planned: Target = 206 Mode = defense city-free reachable tiles = 327 Fallback-Tiles = 328
2026-06-02 10:30:46 [self-0019-1-defense] Priority agent: reverse -35000, edge reuse -9000 base = 211300 final = 167300
2026-06-02 10:30:46 [self-0019-1-defense] Move #179: 207 -> 206 | Army: 50 | Target-Terrain: 0 | Target: 206 | Half: False
2026-06-02 10:30:46 [self-0019-1-defense] My general index: 239
2026-06-02 10:30:46 [self-0019-1-defense] Enemy general index: None
2026-06-02 10:30:46 [self-0019-1-defense] Visible enemy tiles: 11
2026-06-02 10:30:46 [self-0019-1-defense] Tiles: 21 / 48
2026-06-02 10:30:46 [self-0019-1-defense] Map: 18 x 23 Turn: 198
2026-06-02 10:30:46 [self-0019-1-defense] Route planned: Target = 207 Mode = defense city-free reachable tiles = 327 Fallback-Tiles = 328
2026-06-02 10:30:46 [self-0019-1-defense] Priority agent: reverse -35000, edge reuse -18000, flow +3000 base = 211700 final = 161700
2026-06-02 10:30:46 [self-0019-1-defense] Move #180: 206 -> 207 | Army: 50 | Target-Terrain: 0 | Target: 207 | Half: False
2026-06-02 10:30:47 [self-0019-1-defense] My general index: 239
2026-06-02 10:30:47 [self-0019-1-defense] Enemy general index: None
2026-06-02 10:30:47 [self-0019-1-defense] Visible enemy tiles: 11
2026-06-02 10:30:47 [self-0019-1-defense] Tiles: 21 / 48
2026-06-02 10:30:47 [self-0019-1-defense] Map: 18 x 23 Turn: 199
2026-06-02 10:30:47 [self-0019-1-defense] Route planned: Target = 206 Mode = defense city-free reachable tiles = 327 Fallback-Tiles = 328
2026-06-02 10:30:47 [self-0019-1-defense] Priority agent: reverse -35000, edge reuse -27000 base = 196300 final = 134300
2026-06-02 10:30:47 [self-0019-1-defense] Move #181: 207 -> 206 | Army: 50 | Target-Terrain: 0 | Target: 206 | Half: False
2026-06-02 10:30:47 [self-0019-1-defense] My general index: 239
2026-06-02 10:30:47 [self-0019-1-defense] Enemy general index: None
2026-06-02 10:30:47 [self-0019-1-defense] Visible enemy tiles: 11
2026-06-02 10:30:47 [self-0019-1-defense] Tiles: 21 / 48
2026-06-02 10:30:47 [self-0019-1-defense] Map: 18 x 23 Turn: 200
2026-06-02 10:30:47 [self-0019-1-defense] Route planned: Target = 207 Mode = defense city-free reachable tiles = 327 Fallback-Tiles = 328
2026-06-02 10:30:47 [self-0019-1-defense] Move #182: 225 -> 207 | Army: 2 | Target-Terrain: 0 | Target: 207 | Half: False
2026-06-02 10:30:48 [self-0019-1-defense] My general index: 239
2026-06-02 10:30:48 [self-0019-1-defense] Enemy general index: None
2026-06-02 10:30:48 [self-0019-1-defense] Visible enemy tiles: 12
2026-06-02 10:30:48 [self-0019-1-defense] Tiles: 21 / 49
2026-06-02 10:30:48 [self-0019-1-defense] Map: 18 x 23 Turn: 201
2026-06-02 10:30:48 [self-0019-1-defense] Route planned: Target = 207 Mode = defense city-free reachable tiles = 327 Fallback-Tiles = 328
2026-06-02 10:30:48 [self-0019-1-defense] Move #183: 189 -> 207 | Army: 2 | Target-Terrain: 0 | Target: 207 | Half: False
2026-06-02 10:30:48 [self-0019-1-defense] My general index: 239
2026-06-02 10:30:48 [self-0019-1-defense] Enemy general index: None
2026-06-02 10:30:48 [self-0019-1-defense] Visible enemy tiles: 12
2026-06-02 10:30:48 [self-0019-1-defense] Tiles: 21 / 50
2026-06-02 10:30:48 [self-0019-1-defense] Map: 18 x 23 Turn: 202
2026-06-02 10:30:48 [self-0019-1-defense] Route planned: Target = 207 Mode = defense city-free reachable tiles = 327 Fallback-Tiles = 328
2026-06-02 10:30:48 [self-0019-1-defense] Priority agent: edge reuse -36000 base = 210001 final = 174001
2026-06-02 10:30:48 [self-0019-1-defense] Move #184: 206 -> 207 | Army: 51 | Target-Terrain: 0 | Target: 207 | Half: False
2026-06-02 10:30:49 [self-0019-1-defense] My general index: 239
2026-06-02 10:30:49 [self-0019-1-defense] Enemy general index: None
2026-06-02 10:30:49 [self-0019-1-defense] Visible enemy tiles: 12
2026-06-02 10:30:49 [self-0019-1-defense] Tiles: 21 / 50
2026-06-02 10:30:49 [self-0019-1-defense] Map: 18 x 23 Turn: 203
2026-06-02 10:30:49 [self-0019-1-defense] Route planned: Target = 206 Mode = defense city-free reachable tiles = 327 Fallback-Tiles = 328
2026-06-02 10:30:49 [self-0019-1-defense] Move #185: 224 -> 206 | Army: 2 | Target-Terrain: 0 | Target: 206 | Half: False
2026-06-02 10:30:49 [self-0019-1-defense] My general index: 239
2026-06-02 10:30:49 [self-0019-1-defense] Enemy general index: None
2026-06-02 10:30:49 [self-0019-1-defense] Visible enemy tiles: 12
2026-06-02 10:30:49 [self-0019-1-defense] Tiles: 21 / 50
2026-06-02 10:30:49 [self-0019-1-defense] Map: 18 x 23 Turn: 204
2026-06-02 10:30:49 [self-0019-1-defense] Route planned: Target = 206 Mode = defense city-free reachable tiles = 327 Fallback-Tiles = 328
2026-06-02 10:30:49 [self-0019-1-defense] Move #186: 188 -> 206 | Army: 2 | Target-Terrain: 0 | Target: 206 | Half: False
2026-06-02 10:30:50 [self-0019-1-defense] My general index: 239
2026-06-02 10:30:50 [self-0019-1-defense] Enemy general index: None
2026-06-02 10:30:50 [self-0019-1-defense] Visible enemy tiles: 12
2026-06-02 10:30:50 [self-0019-1-defense] Tiles: 21 / 50
2026-06-02 10:30:50 [self-0019-1-defense] Map: 18 x 23 Turn: 205
2026-06-02 10:30:50 [self-0019-1-defense] Route planned: Target = 206 Mode = defense city-free reachable tiles = 327 Fallback-Tiles = 328
2026-06-02 10:30:50 [self-0019-1-defense] Priority agent: edge reuse -45000 base = 227852 final = 182852
2026-06-02 10:30:50 [self-0019-1-defense] Move #187: 205 -> 206 | Army: 2 | Target-Terrain: 0 | Target: 206 | Half: False
2026-06-02 10:30:50 [self-0019-1-defense] My general index: 239
2026-06-02 10:30:50 [self-0019-1-defense] Enemy general index: None
2026-06-02 10:30:50 [self-0019-1-defense] Visible enemy tiles: 12
2026-06-02 10:30:50 [self-0019-1-defense] Tiles: 21 / 50
2026-06-02 10:30:50 [self-0019-1-defense] Map: 18 x 23 Turn: 206
2026-06-02 10:30:50 [self-0019-1-defense] Route planned: Target = 206 Mode = defense city-free reachable tiles = 327 Fallback-Tiles = 328
2026-06-02 10:30:50 [self-0019-1-defense] Priority agent: edge reuse -45000 base = 206604 final = 161604
2026-06-02 10:30:50 [self-0019-1-defense] Move #188: 207 -> 206 | Army: 54 | Target-Terrain: 0 | Target: 206 | Half: False
2026-06-02 10:30:51 [self-0019-1-defense] My general index: 239
2026-06-02 10:30:51 [self-0019-1-defense] Enemy general index: None
2026-06-02 10:30:51 [self-0019-1-defense] Visible enemy tiles: 12
2026-06-02 10:30:51 [self-0019-1-defense] Tiles: 21 / 50
2026-06-02 10:30:51 [self-0019-1-defense] Map: 18 x 23 Turn: 207
2026-06-02 10:30:51 [self-0019-1-defense] Route planned: Target = 207 Mode = defense city-free reachable tiles = 327 Fallback-Tiles = 328
2026-06-02 10:30:51 [self-0019-1-defense] Move #189: 192 -> 210 | Army: 3 | Target-Terrain: 1 | Target: 207 | Half: False
2026-06-02 10:30:51 [self-0019-1-defense] My general index: 239
2026-06-02 10:30:51 [self-0019-1-defense] Enemy general index: None
2026-06-02 10:30:51 [self-0019-1-defense] Visible enemy tiles: 12
2026-06-02 10:30:51 [self-0019-1-defense] Tiles: 21 / 50
2026-06-02 10:30:51 [self-0019-1-defense] Map: 18 x 23 Turn: 208
2026-06-02 10:30:51 [self-0019-1-defense] Route planned: Target = 207 Mode = defense city-free reachable tiles = 327 Fallback-Tiles = 328
2026-06-02 10:30:51 [self-0019-1-defense] Priority agent: edge reuse -54000 base = 238407 final = 184407
2026-06-02 10:30:51 [self-0019-1-defense] Move #190: 206 -> 207 | Army: 57 | Target-Terrain: 1 | Target: 207 | Half: False
2026-06-02 10:30:52 [self-0019-1-defense] My general index: 239
2026-06-02 10:30:52 [self-0019-1-defense] Enemy general index: None
2026-06-02 10:30:52 [self-0019-1-defense] Visible enemy tiles: 11
2026-06-02 10:30:52 [self-0019-1-defense] Tiles: 22 / 49
2026-06-02 10:30:52 [self-0019-1-defense] Map: 18 x 23 Turn: 209
2026-06-02 10:30:52 [self-0019-1-defense] Route planned: Target = 206 Mode = defense city-free reachable tiles = 327 Fallback-Tiles = 328
2026-06-02 10:30:52 [self-0019-1-defense] Move #191: 187 -> 188 | Army: 2 | Target-Terrain: 0 | Target: 206 | Half: False
2026-06-02 10:30:52 [self-0019-1-defense] My general index: 239
2026-06-02 10:30:52 [self-0019-1-defense] Enemy general index: None
2026-06-02 10:30:52 [self-0019-1-defense] Visible enemy tiles: 11
2026-06-02 10:30:52 [self-0019-1-defense] Tiles: 22 / 49
2026-06-02 10:30:52 [self-0019-1-defense] Map: 18 x 23 Turn: 210
2026-06-02 10:30:52 [self-0019-1-defense] Route planned: Target = 206 Mode = defense city-free reachable tiles = 327 Fallback-Tiles = 328
2026-06-02 10:30:52 [self-0019-1-defense] Priority agent: edge reuse -9000, flow +6000 base = 240652 final = 237652
2026-06-02 10:30:52 [self-0019-1-defense] Move #192: 188 -> 206 | Army: 2 | Target-Terrain: 0 | Target: 206 | Half: False
2026-06-02 10:30:53 [self-0019-1-defense] My general index: 239
2026-06-02 10:30:53 [self-0019-1-defense] Enemy general index: None
2026-06-02 10:30:53 [self-0019-1-defense] Visible enemy tiles: 11
2026-06-02 10:30:53 [self-0019-1-defense] Tiles: 22 / 49
2026-06-02 10:30:53 [self-0019-1-defense] Map: 18 x 23 Turn: 211
2026-06-02 10:30:53 [self-0019-1-defense] Route planned: Target = 206 Mode = defense city-free reachable tiles = 327 Fallback-Tiles = 328
2026-06-02 10:30:53 [self-0019-1-defense] Move #193: 246 -> 228 | Army: 3 | Target-Terrain: 1 | Target: 206 | Half: False
2026-06-02 10:30:53 [self-0019-1-defense] My general index: 239
2026-06-02 10:30:53 [self-0019-1-defense] Enemy general index: None
2026-06-02 10:30:53 [self-0019-1-defense] Visible enemy tiles: 10
2026-06-02 10:30:53 [self-0019-1-defense] Tiles: 23 / 48
2026-06-02 10:30:53 [self-0019-1-defense] Map: 18 x 23 Turn: 212
2026-06-02 10:30:53 [self-0019-1-defense] Route planned: Target = 206 Mode = defense city-free reachable tiles = 327 Fallback-Tiles = 328
2026-06-02 10:30:53 [self-0019-1-defense] Priority agent: edge reuse -45000 base = 206605 final = 161605
2026-06-02 10:30:53 [self-0019-1-defense] Move #194: 207 -> 206 | Army: 55 | Target-Terrain: 0 | Target: 206 | Half: False
2026-06-02 10:30:54 [self-0019-1-defense] My general index: 239
2026-06-02 10:30:54 [self-0019-1-defense] Enemy general index: None
2026-06-02 10:30:54 [self-0019-1-defense] Visible enemy tiles: 10
2026-06-02 10:30:54 [self-0019-1-defense] Tiles: 23 / 48
2026-06-02 10:30:54 [self-0019-1-defense] Map: 18 x 23 Turn: 213
2026-06-02 10:30:54 [self-0019-1-defense] Route planned: Target = 207 Mode = defense city-free reachable tiles = 327 Fallback-Tiles = 328
2026-06-02 10:30:54 [self-0019-1-defense] Move #195: 204 -> 205 | Army: 2 | Target-Terrain: 0 | Target: 207 | Half: False
2026-06-02 10:30:54 [self-0019-1-defense] My general index: 239
2026-06-02 10:30:54 [self-0019-1-defense] Enemy general index: None
2026-06-02 10:30:54 [self-0019-1-defense] Visible enemy tiles: 11
2026-06-02 10:30:54 [self-0019-1-defense] Tiles: 22 / 49
2026-06-02 10:30:54 [self-0019-1-defense] Map: 18 x 23 Turn: 214
2026-06-02 10:30:54 [self-0019-1-defense] Route planned: Target = 207 Mode = defense city-free reachable tiles = 327 Fallback-Tiles = 328
2026-06-02 10:30:54 [self-0019-1-defense] Priority agent: edge reuse -36000 base = 210006 final = 174006
2026-06-02 10:30:54 [self-0019-1-defense] Move #196: 206 -> 207 | Army: 56 | Target-Terrain: 0 | Target: 207 | Half: False
2026-06-02 10:30:55 [self-0019-1-defense] My general index: 239
2026-06-02 10:30:55 [self-0019-1-defense] Enemy general index: None
2026-06-02 10:30:55 [self-0019-1-defense] Visible enemy tiles: 11
2026-06-02 10:30:55 [self-0019-1-defense] Tiles: 22 / 49
2026-06-02 10:30:55 [self-0019-1-defense] Map: 18 x 23 Turn: 215
2026-06-02 10:30:55 [self-0019-1-defense] Route planned: Target = 206 Mode = defense city-free reachable tiles = 327 Fallback-Tiles = 328
2026-06-02 10:30:55 [self-0019-1-defense] Priority agent: edge reuse -9000 base = 242852 final = 233852
2026-06-02 10:30:55 [self-0019-1-defense] Move #197: 205 -> 206 | Army: 2 | Target-Terrain: 0 | Target: 206 | Half: False
2026-06-02 10:30:55 [self-0019-1-defense] My general index: 239
2026-06-02 10:30:55 [self-0019-1-defense] Enemy general index: None
2026-06-02 10:30:55 [self-0019-1-defense] Visible enemy tiles: 11
2026-06-02 10:30:55 [self-0019-1-defense] Tiles: 22 / 49
2026-06-02 10:30:55 [self-0019-1-defense] Map: 18 x 23 Turn: 216
2026-06-02 10:30:55 [self-0019-1-defense] Route planned: Target = 206 Mode = defense city-free reachable tiles = 327 Fallback-Tiles = 328
2026-06-02 10:30:55 [self-0019-1-defense] Priority agent: edge reuse -45000 base = 206606 final = 161606
2026-06-02 10:30:55 [self-0019-1-defense] Move #198: 207 -> 206 | Army: 56 | Target-Terrain: 0 | Target: 206 | Half: False
2026-06-02 10:30:56 [self-0019-1-defense] My general index: 239
2026-06-02 10:30:56 [self-0019-1-defense] Enemy general index: None
2026-06-02 10:30:56 [self-0019-1-defense] Visible enemy tiles: 11
2026-06-02 10:30:56 [self-0019-1-defense] Tiles: 22 / 49
2026-06-02 10:30:56 [self-0019-1-defense] Map: 18 x 23 Turn: 217
2026-06-02 10:30:56 [self-0019-1-defense] Route planned: Target = 208 Mode = strategy city-free reachable tiles = 327 Fallback-Tiles = 328
2026-06-02 10:30:56 [self-0019-1-defense] Move #199: 244 -> 226 | Army: 2 | Target-Terrain: 0 | Target: 208 | Half: False
2026-06-02 10:30:56 [self-0019-1-defense] My general index: 239
2026-06-02 10:30:56 [self-0019-1-defense] Enemy general index: None
2026-06-02 10:30:56 [self-0019-1-defense] Visible enemy tiles: 11
2026-06-02 10:30:56 [self-0019-1-defense] Tiles: 22 / 49
2026-06-02 10:30:56 [self-0019-1-defense] Map: 18 x 23 Turn: 218
2026-06-02 10:30:56 [self-0019-1-defense] Route planned: Target = 208 Mode = strategy city-free reachable tiles = 327 Fallback-Tiles = 328
2026-06-02 10:30:56 [self-0019-1-defense] Priority agent: flow +6000 base = 72603 final = 78603
2026-06-02 10:30:56 [self-0019-1-defense] Move #200: 226 -> 208 | Army: 3 | Target-Terrain: 1 | Target: 208 | Half: False
2026-06-02 10:30:57 [self-0019-1-defense] My general index: 239
2026-06-02 10:30:57 [self-0019-1-defense] Enemy general index: None
2026-06-02 10:30:57 [self-0019-1-defense] Visible enemy tiles: 10
2026-06-02 10:30:57 [self-0019-1-defense] Tiles: 23 / 49
2026-06-02 10:30:57 [self-0019-1-defense] Map: 18 x 23 Turn: 219
2026-06-02 10:30:57 [self-0019-1-defense] Route planned: Target = 209 Mode = strategy city-free reachable tiles = 327 Fallback-Tiles = 328
2026-06-02 10:30:57 [self-0019-1-defense] Move #201: 223 -> 205 | Army: 2 | Target-Terrain: 0 | Target: 209 | Half: False
2026-06-02 10:30:57 [self-0019-1-defense] My general index: 239
2026-06-02 10:30:57 [self-0019-1-defense] Enemy general index: None
2026-06-02 10:30:57 [self-0019-1-defense] Visible enemy tiles: 11
2026-06-02 10:30:57 [self-0019-1-defense] Tiles: 22 / 50
2026-06-02 10:30:57 [self-0019-1-defense] Map: 18 x 23 Turn: 220
2026-06-02 10:30:57 [self-0019-1-defense] Route planned: Target = 209 Mode = strategy city-free reachable tiles = 327 Fallback-Tiles = 328
2026-06-02 10:30:57 [self-0019-1-defense] Move #202: 186 -> 187 | Army: 2 | Target-Terrain: 0 | Target: 209 | Half: False
2026-06-02 10:30:58 [self-0019-1-defense] My general index: 239
2026-06-02 10:30:58 [self-0019-1-defense] Enemy general index: None
2026-06-02 10:30:58 [self-0019-1-defense] Visible enemy tiles: 12
2026-06-02 10:30:58 [self-0019-1-defense] Tiles: 21 / 51
2026-06-02 10:30:58 [self-0019-1-defense] Map: 18 x 23 Turn: 221
2026-06-02 10:30:58 [self-0019-1-defense] Route planned: Target = 209 Mode = strategy city-free reachable tiles = 327 Fallback-Tiles = 328
2026-06-02 10:30:58 [self-0019-1-defense] Priority agent: flow +6000 base = 27312 final = 33312
2026-06-02 10:30:58 [self-0019-1-defense] Move #203: 187 -> 169 | Army: 2 | Target-Terrain: -1 | Target: 209 | Half: False
2026-06-02 10:30:58 [self-0019-1-defense] My general index: 239
2026-06-02 10:30:58 [self-0019-1-defense] Enemy general index: None
2026-06-02 10:30:58 [self-0019-1-defense] Visible enemy tiles: 12
2026-06-02 10:30:58 [self-0019-1-defense] Tiles: 22 / 52
2026-06-02 10:30:58 [self-0019-1-defense] Map: 18 x 23 Turn: 222
2026-06-02 10:30:58 [self-0019-1-defense] Route planned: Target = 209 Mode = strategy city-free reachable tiles = 327 Fallback-Tiles = 328
2026-06-02 10:30:58 [self-0019-1-defense] Move #204: 203 -> 204 | Army: 2 | Target-Terrain: 0 | Target: 209 | Half: False
2026-06-02 10:30:59 [self-0019-1-defense] My general index: 239
2026-06-02 10:30:59 [self-0019-1-defense] Enemy general index: None
2026-06-02 10:30:59 [self-0019-1-defense] Visible enemy tiles: 12
2026-06-02 10:30:59 [self-0019-1-defense] Tiles: 22 / 53
2026-06-02 10:30:59 [self-0019-1-defense] Map: 18 x 23 Turn: 223
2026-06-02 10:30:59 [self-0019-1-defense] Route planned: Target = 209 Mode = strategy city-free reachable tiles = 327 Fallback-Tiles = 328
2026-06-02 10:30:59 [self-0019-1-defense] Move #205: 185 -> 186 | Army: 2 | Target-Terrain: 0 | Target: 209 | Half: False
2026-06-02 10:30:59 [self-0019-1-defense] My general index: 239
2026-06-02 10:30:59 [self-0019-1-defense] Enemy general index: None
2026-06-02 10:30:59 [self-0019-1-defense] Visible enemy tiles: 12
2026-06-02 10:30:59 [self-0019-1-defense] Tiles: 22 / 54
2026-06-02 10:30:59 [self-0019-1-defense] Map: 18 x 23 Turn: 224
2026-06-02 10:30:59 [self-0019-1-defense] Route planned: Target = 209 Mode = strategy city-free reachable tiles = 327 Fallback-Tiles = 328
2026-06-02 10:30:59 [self-0019-1-defense] Move #206: 202 -> 203 | Army: 2 | Target-Terrain: 0 | Target: 209 | Half: False
2026-06-02 10:31:00 [self-0019-1-defense] My general index: 239
2026-06-02 10:31:00 [self-0019-1-defense] Enemy general index: None
2026-06-02 10:31:00 [self-0019-1-defense] Visible enemy tiles: 12
2026-06-02 10:31:00 [self-0019-1-defense] Tiles: 22 / 54
2026-06-02 10:31:00 [self-0019-1-defense] Map: 18 x 23 Turn: 225
2026-06-02 10:31:00 [self-0019-1-defense] Route planned: Target = 209 Mode = strategy city-free reachable tiles = 327 Fallback-Tiles = 328
2026-06-02 10:31:00 [self-0019-1-defense] Move #207: 221 -> 203 | Army: 2 | Target-Terrain: 0 | Target: 209 | Half: False
2026-06-02 10:31:00 [self-0019-1-defense] My general index: 239
2026-06-02 10:31:00 [self-0019-1-defense] Enemy general index: None
2026-06-02 10:31:00 [self-0019-1-defense] Visible enemy tiles: 12
2026-06-02 10:31:00 [self-0019-1-defense] Tiles: 22 / 54
2026-06-02 10:31:00 [self-0019-1-defense] Map: 18 x 23 Turn: 226
2026-06-02 10:31:00 [self-0019-1-defense] Route planned: Target = 209 Mode = strategy city-free reachable tiles = 327 Fallback-Tiles = 328
2026-06-02 10:31:00 [self-0019-1-defense] Move #208: 239 -> 221 | Army: 71 | Target-Terrain: 0 | Target: 209 | Half: True
2026-06-02 10:31:01 [self-0019-1-defense] My general index: 239
2026-06-02 10:31:01 [self-0019-1-defense] Enemy general index: None
2026-06-02 10:31:01 [self-0019-1-defense] Visible enemy tiles: 12
2026-06-02 10:31:01 [self-0019-1-defense] Tiles: 22 / 55
2026-06-02 10:31:01 [self-0019-1-defense] Map: 18 x 23 Turn: 227
2026-06-02 10:31:01 [self-0019-1-defense] Route planned: Target = 209 Mode = strategy city-free reachable tiles = 327 Fallback-Tiles = 328
2026-06-02 10:31:01 [self-0019-1-defense] Move #209: 220 -> 202 | Army: 2 | Target-Terrain: 0 | Target: 209 | Half: False
2026-06-02 10:31:01 [self-0019-1-defense] My general index: 239
2026-06-02 10:31:01 [self-0019-1-defense] Enemy general index: None
2026-06-02 10:31:01 [self-0019-1-defense] Visible enemy tiles: 12
2026-06-02 10:31:01 [self-0019-1-defense] Tiles: 22 / 55
2026-06-02 10:31:01 [self-0019-1-defense] Map: 18 x 23 Turn: 228
2026-06-02 10:31:01 [self-0019-1-defense] Route planned: Target = 209 Mode = strategy city-free reachable tiles = 327 Fallback-Tiles = 328
2026-06-02 10:31:01 [self-0019-1-defense] Priority agent: flow +6000 base = 27232 final = 33232
2026-06-02 10:31:01 [self-0019-1-defense] Move #210: 202 -> 201 | Army: 2 | Target-Terrain: -1 | Target: 209 | Half: False
2026-06-02 10:31:02 [self-0019-1-defense] My general index: 239
2026-06-02 10:31:02 [self-0019-1-defense] Enemy general index: None
2026-06-02 10:31:02 [self-0019-1-defense] Visible enemy tiles: 12
2026-06-02 10:31:02 [self-0019-1-defense] Tiles: 23 / 55
2026-06-02 10:31:02 [self-0019-1-defense] Map: 18 x 23 Turn: 229
2026-06-02 10:31:02 [self-0019-1-defense] Route planned: Target = 209 Mode = strategy city-free reachable tiles = 327 Fallback-Tiles = 328
2026-06-02 10:31:02 [self-0019-1-defense] Move #211: 204 -> 205 | Army: 2 | Target-Terrain: 0 | Target: 209 | Half: False
2026-06-02 10:31:02 [self-0019-1-defense] My general index: 239
2026-06-02 10:31:02 [self-0019-1-defense] Enemy general index: None
2026-06-02 10:31:02 [self-0019-1-defense] Visible enemy tiles: 12
2026-06-02 10:31:02 [self-0019-1-defense] Tiles: 23 / 55
2026-06-02 10:31:02 [self-0019-1-defense] Map: 18 x 23 Turn: 230
2026-06-02 10:31:02 [self-0019-1-defense] Route planned: Target = 209 Mode = strategy city-free reachable tiles = 327 Fallback-Tiles = 328
2026-06-02 10:31:02 [self-0019-1-defense] Move #212: 186 -> 204 | Army: 2 | Target-Terrain: 0 | Target: 209 | Half: False
2026-06-02 10:31:03 [self-0019-1-defense] My general index: 239
2026-06-02 10:31:03 [self-0019-1-defense] Enemy general index: None
2026-06-02 10:31:03 [self-0019-1-defense] Visible enemy tiles: 12
2026-06-02 10:31:03 [self-0019-1-defense] Tiles: 23 / 55
2026-06-02 10:31:03 [self-0019-1-defense] Map: 18 x 23 Turn: 231
2026-06-02 10:31:03 [self-0019-1-defense] Route planned: Target = 209 Mode = strategy city-free reachable tiles = 327 Fallback-Tiles = 328
2026-06-02 10:31:03 [self-0019-1-defense] Move #213: 206 -> 207 | Army: 57 | Target-Terrain: 0 | Target: 209 | Half: False
2026-06-02 10:31:03 [self-0019-1-defense] My general index: 239
2026-06-02 10:31:03 [self-0019-1-defense] Enemy general index: None
2026-06-02 10:31:03 [self-0019-1-defense] Visible enemy tiles: 12
2026-06-02 10:31:03 [self-0019-1-defense] Tiles: 23 / 55
2026-06-02 10:31:03 [self-0019-1-defense] Map: 18 x 23 Turn: 232
2026-06-02 10:31:03 [self-0019-1-defense] Route planned: Target = 209 Mode = strategy city-free reachable tiles = 327 Fallback-Tiles = 328
2026-06-02 10:31:03 [self-0019-1-defense] Priority agent: flow +6000 base = 84617 final = 90617
2026-06-02 10:31:03 [self-0019-1-defense] Move #214: 207 -> 208 | Army: 57 | Target-Terrain: 1 | Target: 209 | Half: False
2026-06-02 10:31:04 [self-0019-1-defense] My general index: 239
2026-06-02 10:31:04 [self-0019-1-defense] Enemy general index: None
2026-06-02 10:31:04 [self-0019-1-defense] Visible enemy tiles: 11
2026-06-02 10:31:04 [self-0019-1-defense] Tiles: 24 / 54
2026-06-02 10:31:04 [self-0019-1-defense] Map: 18 x 23 Turn: 233
2026-06-02 10:31:04 [self-0019-1-defense] Route planned: Target = 209 Mode = strategy city-free reachable tiles = 327 Fallback-Tiles = 328
2026-06-02 10:31:04 [self-0019-1-defense] Priority agent: flow +6000 base = 82755 final = 88755
2026-06-02 10:31:04 [self-0019-1-defense] Move #215: 208 -> 209 | Army: 55 | Target-Terrain: 1 | Target: 209 | Half: False
2026-06-02 10:31:04 [self-0019-1-defense] My general index: 239
2026-06-02 10:31:04 [self-0019-1-defense] Enemy general index: None
2026-06-02 10:31:04 [self-0019-1-defense] Visible enemy tiles: 10
2026-06-02 10:31:04 [self-0019-1-defense] Tiles: 25 / 53
2026-06-02 10:31:04 [self-0019-1-defense] Map: 18 x 23 Turn: 234
2026-06-02 10:31:04 [self-0019-1-defense] Reinforcement waypoint: 226 final target = 226 turns until reinforcement = 16
2026-06-02 10:31:04 [self-0019-1-defense] Route planned: Target = 226 Mode = reinforcement_waypoint city-free reachable tiles = 327 Fallback-Tiles = 328
2026-06-02 10:31:04 [self-0019-1-defense] Priority agent: flow +6000 base = 89113 final = 95113
2026-06-02 10:31:04 [self-0019-1-defense] Move #216: 209 -> 227 | Army: 53 | Target-Terrain: 1 | Target: 226 | Half: False
2026-06-02 10:31:05 [self-0019-1-defense] My general index: 239
2026-06-02 10:31:05 [self-0019-1-defense] Enemy general index: None
2026-06-02 10:31:05 [self-0019-1-defense] Visible enemy tiles: 9
2026-06-02 10:31:05 [self-0019-1-defense] Tiles: 26 / 52
2026-06-02 10:31:05 [self-0019-1-defense] Map: 18 x 23 Turn: 235
2026-06-02 10:31:05 [self-0019-1-defense] Reinforcement waypoint: 226 final target = 226 turns until reinforcement = 15
2026-06-02 10:31:05 [self-0019-1-defense] Route planned: Target = 226 Mode = reinforcement_waypoint city-free reachable tiles = 327 Fallback-Tiles = 328
2026-06-02 10:31:05 [self-0019-1-defense] Priority agent: flow +6000 base = 91051 final = 97051
2026-06-02 10:31:05 [self-0019-1-defense] Move #217: 227 -> 226 | Army: 51 | Target-Terrain: 1 | Target: 226 | Half: False
2026-06-02 10:31:05 [self-0019-1-defense] My general index: 239
2026-06-02 10:31:05 [self-0019-1-defense] Enemy general index: None
2026-06-02 10:31:05 [self-0019-1-defense] Visible enemy tiles: 8
2026-06-02 10:31:05 [self-0019-1-defense] Tiles: 27 / 51
2026-06-02 10:31:05 [self-0019-1-defense] Map: 18 x 23 Turn: 236
2026-06-02 10:31:05 [self-0019-1-defense] Reinforcement waypoint: 191 final target = 191 turns until reinforcement = 14
2026-06-02 10:31:05 [self-0019-1-defense] Route planned: Target = 191 Mode = reinforcement_waypoint city-free reachable tiles = 327 Fallback-Tiles = 328
2026-06-02 10:31:05 [self-0019-1-defense] Move #218: 205 -> 206 | Army: 3 | Target-Terrain: 0 | Target: 191 | Half: False
2026-06-02 10:31:06 [self-0019-1-defense] My general index: 239
2026-06-02 10:31:06 [self-0019-1-defense] Enemy general index: None
2026-06-02 10:31:06 [self-0019-1-defense] Visible enemy tiles: 8
2026-06-02 10:31:06 [self-0019-1-defense] Tiles: 27 / 51
2026-06-02 10:31:06 [self-0019-1-defense] Map: 18 x 23 Turn: 237
2026-06-02 10:31:06 [self-0019-1-defense] Reinforcement waypoint: 191 final target = 191 turns until reinforcement = 13
2026-06-02 10:31:06 [self-0019-1-defense] Route planned: Target = 191 Mode = reinforcement_waypoint city-free reachable tiles = 327 Fallback-Tiles = 328
2026-06-02 10:31:06 [self-0019-1-defense] Move #219: 203 -> 204 | Army: 3 | Target-Terrain: 0 | Target: 191 | Half: False
2026-06-02 10:31:06 [self-0019-1-defense] My general index: 239
2026-06-02 10:31:06 [self-0019-1-defense] Enemy general index: None
2026-06-02 10:31:06 [self-0019-1-defense] Visible enemy tiles: 8
2026-06-02 10:31:06 [self-0019-1-defense] Tiles: 27 / 51
2026-06-02 10:31:06 [self-0019-1-defense] Map: 18 x 23 Turn: 238
2026-06-02 10:31:06 [self-0019-1-defense] Reinforcement waypoint: 209 final target = 191 turns until reinforcement = 12
2026-06-02 10:31:06 [self-0019-1-defense] Route planned: Target = 209 Mode = reinforcement_waypoint city-free reachable tiles = 327 Fallback-Tiles = 328
2026-06-02 10:31:06 [self-0019-1-defense] Priority agent: fresh target pullback -12000 base = 41309 final = 29309
2026-06-02 10:31:06 [self-0019-1-defense] Move #220: 226 -> 208 | Army: 49 | Target-Terrain: 0 | Target: 209 | Half: False
2026-06-02 10:31:07 [self-0019-1-defense] My general index: 239
2026-06-02 10:31:07 [self-0019-1-defense] Enemy general index: None
2026-06-02 10:31:07 [self-0019-1-defense] Visible enemy tiles: 8
2026-06-02 10:31:07 [self-0019-1-defense] Tiles: 27 / 51
2026-06-02 10:31:07 [self-0019-1-defense] Map: 18 x 23 Turn: 239
2026-06-02 10:31:07 [self-0019-1-defense] Reinforcement waypoint: 209 final target = 191 turns until reinforcement = 11
2026-06-02 10:31:07 [self-0019-1-defense] Route planned: Target = 209 Mode = reinforcement_waypoint city-free reachable tiles = 327 Fallback-Tiles = 328
2026-06-02 10:31:07 [self-0019-1-defense] Priority agent: edge reuse -18000 base = 43246 final = 25246
2026-06-02 10:31:07 [self-0019-1-defense] Move #221: 221 -> 203 | Army: 36 | Target-Terrain: 0 | Target: 209 | Half: False
2026-06-02 10:31:07 [self-0019-1-defense] My general index: 239
2026-06-02 10:31:07 [self-0019-1-defense] Enemy general index: None
2026-06-02 10:31:07 [self-0019-1-defense] Visible enemy tiles: 8
2026-06-02 10:31:07 [self-0019-1-defense] Tiles: 27 / 52
2026-06-02 10:31:07 [self-0019-1-defense] Map: 18 x 23 Turn: 240
2026-06-02 10:31:07 [self-0019-1-defense] Reinforcement waypoint: 209 final target = 191 turns until reinforcement = 10
2026-06-02 10:31:07 [self-0019-1-defense] Route planned: Target = 209 Mode = reinforcement_waypoint city-free reachable tiles = 327 Fallback-Tiles = 328
2026-06-02 10:31:07 [self-0019-1-defense] Priority agent: edge reuse -18000, fresh target pullback -12000 base = 41599 final = 11599
2026-06-02 10:31:07 [self-0019-1-defense] Move #222: 208 -> 209 | Army: 49 | Target-Terrain: 0 | Target: 209 | Half: False
2026-06-02 10:31:08 [self-0019-1-defense] My general index: 239
2026-06-02 10:31:08 [self-0019-1-defense] Enemy general index: None
2026-06-02 10:31:08 [self-0019-1-defense] Visible enemy tiles: 8
2026-06-02 10:31:08 [self-0019-1-defense] Tiles: 27 / 52
2026-06-02 10:31:08 [self-0019-1-defense] Map: 18 x 23 Turn: 241
2026-06-02 10:31:08 [self-0019-1-defense] Reinforcement waypoint: 191 final target = 191 turns until reinforcement = 9
2026-06-02 10:31:08 [self-0019-1-defense] Route planned: Target = 191 Mode = reinforcement_waypoint city-free reachable tiles = 327 Fallback-Tiles = 328
2026-06-02 10:31:08 [self-0019-1-defense] Priority agent: flow +6000 base = 103349 final = 109349
2026-06-02 10:31:08 [self-0019-1-defense] Move #223: 209 -> 191 | Army: 49 | Target-Terrain: 1 | Target: 191 | Half: False
2026-06-02 10:31:08 [self-0019-1-defense] My general index: 239
2026-06-02 10:31:08 [self-0019-1-defense] Enemy general index: None
2026-06-02 10:31:08 [self-0019-1-defense] Visible enemy tiles: 7
2026-06-02 10:31:08 [self-0019-1-defense] Tiles: 28 / 51
2026-06-02 10:31:08 [self-0019-1-defense] Map: 18 x 23 Turn: 242
2026-06-02 10:31:08 [self-0019-1-defense] Reinforcement waypoint: 192 final target = 210 turns until reinforcement = 8
2026-06-02 10:31:08 [self-0019-1-defense] Route planned: Target = 192 Mode = reinforcement_waypoint city-free reachable tiles = 327 Fallback-Tiles = 328
2026-06-02 10:31:08 [self-0019-1-defense] Priority agent: fresh target pullback -12000, flow +6000 base = 42296 final = 36296
2026-06-02 10:31:08 [self-0019-1-defense] Move #224: 191 -> 192 | Army: 46 | Target-Terrain: 0 | Target: 192 | Half: False
2026-06-02 10:31:09 [self-0019-1-defense] My general index: 239
2026-06-02 10:31:09 [self-0019-1-defense] Enemy general index: None
2026-06-02 10:31:09 [self-0019-1-defense] Visible enemy tiles: 7
2026-06-02 10:31:09 [self-0019-1-defense] Tiles: 28 / 51
2026-06-02 10:31:09 [self-0019-1-defense] Map: 18 x 23 Turn: 243
2026-06-02 10:31:09 [self-0019-1-defense] Reinforcement waypoint: 210 final target = 210 turns until reinforcement = 7
2026-06-02 10:31:09 [self-0019-1-defense] Route planned: Target = 210 Mode = reinforcement_waypoint city-free reachable tiles = 327 Fallback-Tiles = 328
2026-06-02 10:31:09 [self-0019-1-defense] Priority agent: flow +6000 base = 101146 final = 107146
2026-06-02 10:31:09 [self-0019-1-defense] Move #225: 192 -> 210 | Army: 46 | Target-Terrain: 1 | Target: 210 | Half: False
2026-06-02 10:31:09 [self-0019-1-defense] My general index: 239
2026-06-02 10:31:09 [self-0019-1-defense] Enemy general index: None
2026-06-02 10:31:09 [self-0019-1-defense] Visible enemy tiles: 6
2026-06-02 10:31:09 [self-0019-1-defense] Tiles: 29 / 50
2026-06-02 10:31:09 [self-0019-1-defense] Map: 18 x 23 Turn: 244
2026-06-02 10:31:09 [self-0019-1-defense] Reinforcement waypoint: 224 final target = 261 turns until reinforcement = 6
2026-06-02 10:31:09 [self-0019-1-defense] Route planned: Target = 224 Mode = reinforcement_waypoint city-free reachable tiles = 327 Fallback-Tiles = 328
2026-06-02 10:31:09 [self-0019-1-defense] Priority agent: flow +6000 base = 61454 final = 67454
2026-06-02 10:31:09 [self-0019-1-defense] Move #226: 210 -> 211 | Army: 44 | Target-Terrain: 1 | Target: 224 | Half: False
2026-06-02 10:31:10 [self-0019-1-defense] My general index: 239
2026-06-02 10:31:10 [self-0019-1-defense] Enemy general index: None
2026-06-02 10:31:10 [self-0019-1-defense] Visible enemy tiles: 7
2026-06-02 10:31:10 [self-0019-1-defense] Tiles: 30 / 49
2026-06-02 10:31:10 [self-0019-1-defense] Map: 18 x 23 Turn: 245
2026-06-02 10:31:10 [self-0019-1-defense] Reinforcement waypoint: 224 final target = 261 turns until reinforcement = 5
2026-06-02 10:31:10 [self-0019-1-defense] Route planned: Target = 224 Mode = reinforcement_waypoint city-free reachable tiles = 327 Fallback-Tiles = 328
2026-06-02 10:31:10 [self-0019-1-defense] Priority agent: flow +6000 base = 99740 final = 105740
2026-06-02 10:31:10 [self-0019-1-defense] Move #227: 211 -> 229 | Army: 40 | Target-Terrain: 1 | Target: 224 | Half: False
2026-06-02 10:31:10 [self-0019-1-defense] My general index: 239
2026-06-02 10:31:10 [self-0019-1-defense] Enemy general index: None
2026-06-02 10:31:10 [self-0019-1-defense] Visible enemy tiles: 7
2026-06-02 10:31:10 [self-0019-1-defense] Tiles: 31 / 48
2026-06-02 10:31:10 [self-0019-1-defense] Map: 18 x 23 Turn: 246
2026-06-02 10:31:10 [self-0019-1-defense] Reinforcement waypoint: 224 final target = 261 turns until reinforcement = 4
2026-06-02 10:31:10 [self-0019-1-defense] Route planned: Target = 224 Mode = reinforcement_waypoint city-free reachable tiles = 327 Fallback-Tiles = 328
2026-06-02 10:31:10 [self-0019-1-defense] Priority agent: flow +6000 base = 61448 final = 67448
2026-06-02 10:31:10 [self-0019-1-defense] Move #228: 229 -> 230 | Army: 38 | Target-Terrain: 1 | Target: 224 | Half: False
2026-06-02 10:31:11 [self-0019-1-defense] Coach: catch_up_expand tiles 31/48 army 151/176 cities 0/0 enemy_city_suspect False bias {'expansion_bias': 1.3, 'city_bias': 0.2, 'attack_bias': -0.1, 'defense_bias': 0.8, 'route_bias': 0.5}
2026-06-02 10:31:11 [self-0019-1-defense] My general index: 239
2026-06-02 10:31:11 [self-0019-1-defense] Enemy general index: None
2026-06-02 10:31:11 [self-0019-1-defense] Visible enemy tiles: 10
2026-06-02 10:31:11 [self-0019-1-defense] Tiles: 31 / 48
2026-06-02 10:31:11 [self-0019-1-defense] Map: 18 x 23 Turn: 247
2026-06-02 10:31:11 [self-0019-1-defense] Reinforcement waypoint: 224 final target = 261 turns until reinforcement = 3
2026-06-02 10:31:11 [self-0019-1-defense] Route planned: Target = 224 Mode = reinforcement_waypoint city-free reachable tiles = 327 Fallback-Tiles = 328
2026-06-02 10:31:11 [self-0019-1-defense] Priority agent: flow +6000 base = 63306 final = 69306
2026-06-02 10:31:11 [self-0019-1-defense] Move #229: 230 -> 212 | Army: 36 | Target-Terrain: 1 | Target: 224 | Half: False
2026-06-02 10:31:11 [self-0019-1-defense] My general index: 239
2026-06-02 10:31:11 [self-0019-1-defense] Enemy general index: None
2026-06-02 10:31:11 [self-0019-1-defense] Visible enemy tiles: 9
2026-06-02 10:31:11 [self-0019-1-defense] Tiles: 32 / 47
2026-06-02 10:31:11 [self-0019-1-defense] Map: 18 x 23 Turn: 248
2026-06-02 10:31:11 [self-0019-1-defense] Reinforcement waypoint: 224 final target = 261 turns until reinforcement = 2
2026-06-02 10:31:11 [self-0019-1-defense] Route planned: Target = 224 Mode = reinforcement_waypoint city-free reachable tiles = 327 Fallback-Tiles = 328
2026-06-02 10:31:11 [self-0019-1-defense] Priority agent: flow +6000 base = 101294 final = 107294
2026-06-02 10:31:11 [self-0019-1-defense] Move #230: 212 -> 211 | Army: 34 | Target-Terrain: 1 | Target: 224 | Half: False
2026-06-02 10:31:12 [self-0019-1-defense] My general index: 239
2026-06-02 10:31:12 [self-0019-1-defense] Enemy general index: None
2026-06-02 10:31:12 [self-0019-1-defense] Visible enemy tiles: 8
2026-06-02 10:31:12 [self-0019-1-defense] Tiles: 33 / 46
2026-06-02 10:31:12 [self-0019-1-defense] Map: 18 x 23 Turn: 249
2026-06-02 10:31:12 [self-0019-1-defense] Reinforcement waypoint: 224 final target = 261 turns until reinforcement = 1
2026-06-02 10:31:12 [self-0019-1-defense] Route planned: Target = 224 Mode = reinforcement_waypoint city-free reachable tiles = 327 Fallback-Tiles = 328
2026-06-02 10:31:12 [self-0019-1-defense] Priority agent: flow +6000 base = 62992 final = 68992
2026-06-02 10:31:12 [self-0019-1-defense] Move #231: 211 -> 193 | Army: 22 | Target-Terrain: 1 | Target: 224 | Half: False
2026-06-02 10:31:12 [self-0019-1-defense] My general index: 239
2026-06-02 10:31:12 [self-0019-1-defense] Enemy general index: None
2026-06-02 10:31:12 [self-0019-1-defense] Visible enemy tiles: 7
2026-06-02 10:31:12 [self-0019-1-defense] Tiles: 34 / 46
2026-06-02 10:31:12 [self-0019-1-defense] Map: 18 x 23 Turn: 250
2026-06-02 10:31:12 [self-0019-1-defense] Route planned: Target = 261 Mode = reinforcement_waypoint city-free reachable tiles = 327 Fallback-Tiles = 328
2026-06-02 10:31:12 [self-0019-1-defense] Move #232: 244 -> 262 | Army: 2 | Target-Terrain: -1 | Target: 261 | Half: False
2026-06-02 10:31:13 [self-0019-1-defense] My general index: 239
2026-06-02 10:31:13 [self-0019-1-defense] Enemy general index: None
2026-06-02 10:31:13 [self-0019-1-defense] Visible enemy tiles: 9
2026-06-02 10:31:13 [self-0019-1-defense] Tiles: 35 / 46
2026-06-02 10:31:13 [self-0019-1-defense] Map: 18 x 23 Turn: 251
2026-06-02 10:31:13 [self-0019-1-defense] Route planned: Target = 261 Mode = strategy city-free reachable tiles = 327 Fallback-Tiles = 328
2026-06-02 10:31:13 [self-0019-1-defense] Move #233: 224 -> 242 | Army: 2 | Target-Terrain: -1 | Target: 261 | Half: False
2026-06-02 10:31:13 [self-0019-1-defense] My general index: 239
2026-06-02 10:31:13 [self-0019-1-defense] Enemy general index: None
2026-06-02 10:31:13 [self-0019-1-defense] Visible enemy tiles: 9
2026-06-02 10:31:13 [self-0019-1-defense] Tiles: 36 / 46
2026-06-02 10:31:13 [self-0019-1-defense] Map: 18 x 23 Turn: 252
2026-06-02 10:31:13 [self-0019-1-defense] Route planned: Target = 261 Mode = strategy city-free reachable tiles = 327 Fallback-Tiles = 328
2026-06-02 10:31:13 [self-0019-1-defense] Move #234: 223 -> 241 | Army: 2 | Target-Terrain: -1 | Target: 261 | Half: False
2026-06-02 10:31:14 [self-0019-1-defense] My general index: 239
2026-06-02 10:31:14 [self-0019-1-defense] Enemy general index: None
2026-06-02 10:31:14 [self-0019-1-defense] Visible enemy tiles: 9
2026-06-02 10:31:14 [self-0019-1-defense] Tiles: 37 / 46
2026-06-02 10:31:14 [self-0019-1-defense] Map: 18 x 23 Turn: 253
2026-06-02 10:31:14 [self-0019-1-defense] Route planned: Target = 261 Mode = strategy city-free reachable tiles = 327 Fallback-Tiles = 328
2026-06-02 10:31:14 [self-0019-1-defense] Move #235: 203 -> 204 | Army: 37 | Target-Terrain: 0 | Target: 261 | Half: False
2026-06-02 10:31:14 [self-0019-1-defense] My general index: 239
2026-06-02 10:31:14 [self-0019-1-defense] Enemy general index: None
2026-06-02 10:31:14 [self-0019-1-defense] Visible enemy tiles: 8
2026-06-02 10:31:14 [self-0019-1-defense] Tiles: 36 / 47
2026-06-02 10:31:14 [self-0019-1-defense] Map: 18 x 23 Turn: 254
2026-06-02 10:31:14 [self-0019-1-defense] Route planned: Target = 261 Mode = strategy city-free reachable tiles = 327 Fallback-Tiles = 328
2026-06-02 10:31:14 [self-0019-1-defense] Move #236: 193 -> 192 | Army: 21 | Target-Terrain: 0 | Target: 261 | Half: False
2026-06-02 10:31:15 [self-0019-1-defense] My general index: 239
2026-06-02 10:31:15 [self-0019-1-defense] Enemy general index: None
2026-06-02 10:31:15 [self-0019-1-defense] Visible enemy tiles: 9
2026-06-02 10:31:15 [self-0019-1-defense] Tiles: 36 / 48
2026-06-02 10:31:15 [self-0019-1-defense] Map: 18 x 23 Turn: 255
2026-06-02 10:31:15 [self-0019-1-defense] Route planned: Target = 261 Mode = strategy city-free reachable tiles = 327 Fallback-Tiles = 328
2026-06-02 10:31:15 [self-0019-1-defense] Move #237: 225 -> 226 | Army: 2 | Target-Terrain: 0 | Target: 261 | Half: False
2026-06-02 10:31:15 [self-0019-1-defense] My general index: 239
2026-06-02 10:31:15 [self-0019-1-defense] Enemy general index: None
2026-06-02 10:31:15 [self-0019-1-defense] Visible enemy tiles: 9
2026-06-02 10:31:15 [self-0019-1-defense] Tiles: 36 / 48
2026-06-02 10:31:15 [self-0019-1-defense] Map: 18 x 23 Turn: 256
2026-06-02 10:31:15 [self-0019-1-defense] Route planned: Target = 261 Mode = strategy city-free reachable tiles = 327 Fallback-Tiles = 328
2026-06-02 10:31:15 [self-0019-1-defense] Move #238: 227 -> 226 | Army: 2 | Target-Terrain: 0 | Target: 261 | Half: False
2026-06-02 10:31:16 [self-0019-1-defense] My general index: 239
2026-06-02 10:31:16 [self-0019-1-defense] Enemy general index: None
2026-06-02 10:31:16 [self-0019-1-defense] Visible enemy tiles: 9
2026-06-02 10:31:16 [self-0019-1-defense] Tiles: 36 / 48
2026-06-02 10:31:16 [self-0019-1-defense] Map: 18 x 23 Turn: 257
2026-06-02 10:31:16 [self-0019-1-defense] Route planned: Target = 261 Mode = strategy city-free reachable tiles = 327 Fallback-Tiles = 328
2026-06-02 10:31:16 [self-0019-1-defense] Move #239: 205 -> 206 | Army: 2 | Target-Terrain: 0 | Target: 261 | Half: False
2026-06-02 10:31:16 [self-0019-1-defense] My general index: 239
2026-06-02 10:31:16 [self-0019-1-defense] Enemy general index: None
2026-06-02 10:31:16 [self-0019-1-defense] Visible enemy tiles: 9
2026-06-02 10:31:16 [self-0019-1-defense] Tiles: 36 / 48
2026-06-02 10:31:16 [self-0019-1-defense] Map: 18 x 23 Turn: 258
2026-06-02 10:31:16 [self-0019-1-defense] Route planned: Target = 261 Mode = strategy city-free reachable tiles = 327 Fallback-Tiles = 328
2026-06-02 10:31:16 [self-0019-1-defense] Move #240: 204 -> 205 | Army: 41 | Target-Terrain: 0 | Target: 261 | Half: False
2026-06-02 10:31:17 [self-0019-1-defense] My general index: 239
2026-06-02 10:31:17 [self-0019-1-defense] Enemy general index: None
2026-06-02 10:31:17 [self-0019-1-defense] Visible enemy tiles: 9
2026-06-02 10:31:17 [self-0019-1-defense] Tiles: 36 / 48
2026-06-02 10:31:17 [self-0019-1-defense] Map: 18 x 23 Turn: 259
2026-06-02 10:31:17 [self-0019-1-defense] Route planned: Target = 261 Mode = strategy city-free reachable tiles = 327 Fallback-Tiles = 328
2026-06-02 10:31:17 [self-0019-1-defense] Move #241: 192 -> 191 | Army: 22 | Target-Terrain: 0 | Target: 261 | Half: False
2026-06-02 10:31:17 [self-0019-1-defense] My general index: 239
2026-06-02 10:31:17 [self-0019-1-defense] Enemy general index: None
2026-06-02 10:31:17 [self-0019-1-defense] Visible enemy tiles: 9
2026-06-02 10:31:17 [self-0019-1-defense] Tiles: 35 / 49
2026-06-02 10:31:17 [self-0019-1-defense] Map: 18 x 23 Turn: 260
2026-06-02 10:31:17 [self-0019-1-defense] Route planned: Target = 261 Mode = strategy city-free reachable tiles = 327 Fallback-Tiles = 328
2026-06-02 10:31:17 [self-0019-1-defense] Move #242: 226 -> 244 | Army: 4 | Target-Terrain: 1 | Target: 261 | Half: False
2026-06-02 10:31:18 [self-0019-1-defense] My general index: 239
2026-06-02 10:31:18 [self-0019-1-defense] Enemy general index: None
2026-06-02 10:31:18 [self-0019-1-defense] Visible enemy tiles: 9
2026-06-02 10:31:18 [self-0019-1-defense] Tiles: 36 / 48
2026-06-02 10:31:18 [self-0019-1-defense] Map: 18 x 23 Turn: 261
2026-06-02 10:31:18 [self-0019-1-defense] Route planned: Target = 261 Mode = strategy city-free reachable tiles = 327 Fallback-Tiles = 328
2026-06-02 10:31:18 [self-0019-1-defense] Move #243: 207 -> 208 | Army: 2 | Target-Terrain: 0 | Target: 261 | Half: False
2026-06-02 10:31:18 [self-0019-1-defense] My general index: 239
2026-06-02 10:31:18 [self-0019-1-defense] Enemy general index: None
2026-06-02 10:31:18 [self-0019-1-defense] Visible enemy tiles: 9
2026-06-02 10:31:18 [self-0019-1-defense] Tiles: 36 / 48
2026-06-02 10:31:18 [self-0019-1-defense] Map: 18 x 23 Turn: 262
2026-06-02 10:31:18 [self-0019-1-defense] Route planned: Target = 261 Mode = strategy city-free reachable tiles = 327 Fallback-Tiles = 328
2026-06-02 10:31:18 [self-0019-1-defense] Move #244: 209 -> 208 | Army: 2 | Target-Terrain: 0 | Target: 261 | Half: False
2026-06-02 10:31:19 [self-0019-1-defense] My general index: 239
2026-06-02 10:31:19 [self-0019-1-defense] Enemy general index: None
2026-06-02 10:31:19 [self-0019-1-defense] Visible enemy tiles: 9
2026-06-02 10:31:19 [self-0019-1-defense] Tiles: 35 / 49
2026-06-02 10:31:19 [self-0019-1-defense] Map: 18 x 23 Turn: 263
2026-06-02 10:31:19 [self-0019-1-defense] Route planned: Target = 261 Mode = strategy city-free reachable tiles = 327 Fallback-Tiles = 328
2026-06-02 10:31:19 [self-0019-1-defense] Move #245: 205 -> 223 | Army: 41 | Target-Terrain: 0 | Target: 261 | Half: False
2026-06-02 10:31:19 [self-0019-1-defense] My general index: 239
2026-06-02 10:31:19 [self-0019-1-defense] Enemy general index: None
2026-06-02 10:31:19 [self-0019-1-defense] Visible enemy tiles: 9
2026-06-02 10:31:19 [self-0019-1-defense] Tiles: 35 / 49
2026-06-02 10:31:19 [self-0019-1-defense] Map: 18 x 23 Turn: 264
2026-06-02 10:31:19 [self-0019-1-defense] Route planned: Target = 261 Mode = strategy city-free reachable tiles = 327 Fallback-Tiles = 328
2026-06-02 10:31:19 [self-0019-1-defense] Move #246: 191 -> 209 | Army: 23 | Target-Terrain: 0 | Target: 261 | Half: False
2026-06-02 10:31:20 [self-0019-1-defense] My general index: 239
2026-06-02 10:31:20 [self-0019-1-defense] Enemy general index: None
2026-06-02 10:31:20 [self-0019-1-defense] Visible enemy tiles: 9
2026-06-02 10:31:20 [self-0019-1-defense] Tiles: 35 / 49
2026-06-02 10:31:20 [self-0019-1-defense] Map: 18 x 23 Turn: 265
2026-06-02 10:31:20 [self-0019-1-defense] Route planned: Target = 261 Mode = strategy city-free reachable tiles = 327 Fallback-Tiles = 328
2026-06-02 10:31:20 [self-0019-1-defense] Move #247: 228 -> 227 | Army: 2 | Target-Terrain: 0 | Target: 261 | Half: False
2026-06-02 10:31:20 [self-0019-1-defense] My general index: 239
2026-06-02 10:31:20 [self-0019-1-defense] Enemy general index: None
2026-06-02 10:31:20 [self-0019-1-defense] Visible enemy tiles: 9
2026-06-02 10:31:20 [self-0019-1-defense] Tiles: 35 / 50
2026-06-02 10:31:20 [self-0019-1-defense] Map: 18 x 23 Turn: 266
2026-06-02 10:31:20 [self-0019-1-defense] Route planned: Target = 261 Mode = strategy city-free reachable tiles = 327 Fallback-Tiles = 328
2026-06-02 10:31:20 [self-0019-1-defense] Move #248: 187 -> 188 | Army: 2 | Target-Terrain: 0 | Target: 261 | Half: False
2026-06-02 10:31:21 [self-0019-1-defense] My general index: 239
2026-06-02 10:31:21 [self-0019-1-defense] Enemy general index: None
2026-06-02 10:31:21 [self-0019-1-defense] Visible enemy tiles: 9
2026-06-02 10:31:21 [self-0019-1-defense] Tiles: 35 / 51
2026-06-02 10:31:21 [self-0019-1-defense] Map: 18 x 23 Turn: 267
2026-06-02 10:31:21 [self-0019-1-defense] Route planned: Target = 261 Mode = strategy city-free reachable tiles = 327 Fallback-Tiles = 328
2026-06-02 10:31:21 [self-0019-1-defense] Move #249: 210 -> 209 | Army: 2 | Target-Terrain: 0 | Target: 261 | Half: False
2026-06-02 10:31:21 [self-0019-1-defense] My general index: 239
2026-06-02 10:31:21 [self-0019-1-defense] Enemy general index: None
2026-06-02 10:31:21 [self-0019-1-defense] Visible enemy tiles: 9
2026-06-02 10:31:21 [self-0019-1-defense] Tiles: 35 / 52
2026-06-02 10:31:21 [self-0019-1-defense] Map: 18 x 23 Turn: 268
2026-06-02 10:31:21 [self-0019-1-defense] Route planned: Target = 261 Mode = strategy city-free reachable tiles = 327 Fallback-Tiles = 328
2026-06-02 10:31:21 [self-0019-1-defense] Move #250: 223 -> 224 | Army: 41 | Target-Terrain: 0 | Target: 261 | Half: False
2026-06-02 10:31:22 [self-0019-1-defense] My general index: 239
2026-06-02 10:31:22 [self-0019-1-defense] Enemy general index: None
2026-06-02 10:31:22 [self-0019-1-defense] Visible enemy tiles: 9
2026-06-02 10:31:22 [self-0019-1-defense] Tiles: 35 / 52
2026-06-02 10:31:22 [self-0019-1-defense] Map: 18 x 23 Turn: 269
2026-06-02 10:31:22 [self-0019-1-defense] Route planned: Target = 261 Mode = strategy city-free reachable tiles = 327 Fallback-Tiles = 328
2026-06-02 10:31:22 [self-0019-1-defense] Move #251: 229 -> 228 | Army: 2 | Target-Terrain: 0 | Target: 261 | Half: False
2026-06-02 10:31:22 [self-0019-1-defense] My general index: 239
2026-06-02 10:31:22 [self-0019-1-defense] Enemy general index: None
2026-06-02 10:31:22 [self-0019-1-defense] Visible enemy tiles: 9
2026-06-02 10:31:22 [self-0019-1-defense] Tiles: 35 / 52
2026-06-02 10:31:22 [self-0019-1-defense] Map: 18 x 23 Turn: 270
2026-06-02 10:31:22 [self-0019-1-defense] Route planned: Target = 261 Mode = strategy city-free reachable tiles = 327 Fallback-Tiles = 328
2026-06-02 10:31:22 [self-0019-1-defense] Move #252: 169 -> 187 | Army: 2 | Target-Terrain: 0 | Target: 261 | Half: False
2026-06-02 10:31:23 [self-0019-1-defense] My general index: 239
2026-06-02 10:31:23 [self-0019-1-defense] Enemy general index: None
2026-06-02 10:31:23 [self-0019-1-defense] Visible enemy tiles: 9
2026-06-02 10:31:23 [self-0019-1-defense] Tiles: 35 / 52
2026-06-02 10:31:23 [self-0019-1-defense] Map: 18 x 23 Turn: 271
2026-06-02 10:31:23 [self-0019-1-defense] Route planned: Target = 261 Mode = strategy city-free reachable tiles = 327 Fallback-Tiles = 328
2026-06-02 10:31:23 [self-0019-1-defense] Move #253: 227 -> 226 | Army: 2 | Target-Terrain: 0 | Target: 261 | Half: False
2026-06-02 10:31:23 [self-0019-1-defense] My general index: 239
2026-06-02 10:31:23 [self-0019-1-defense] Enemy general index: None
2026-06-02 10:31:23 [self-0019-1-defense] Visible enemy tiles: 9
2026-06-02 10:31:23 [self-0019-1-defense] Tiles: 35 / 52
2026-06-02 10:31:23 [self-0019-1-defense] Map: 18 x 23 Turn: 272
2026-06-02 10:31:23 [self-0019-1-defense] Route planned: Target = 261 Mode = strategy city-free reachable tiles = 327 Fallback-Tiles = 328
2026-06-02 10:31:23 [self-0019-1-defense] Move #254: 186 -> 187 | Army: 2 | Target-Terrain: 0 | Target: 261 | Half: False
2026-06-02 10:31:24 [self-0019-1-defense] My general index: 239
2026-06-02 10:31:24 [self-0019-1-defense] Enemy general index: None
2026-06-02 10:31:24 [self-0019-1-defense] Visible enemy tiles: 9
2026-06-02 10:31:24 [self-0019-1-defense] Tiles: 34 / 53
2026-06-02 10:31:24 [self-0019-1-defense] Map: 18 x 23 Turn: 273
2026-06-02 10:31:24 [self-0019-1-defense] Route planned: Target = 261 Mode = strategy city-free reachable tiles = 327 Fallback-Tiles = 328
2026-06-02 10:31:24 [self-0019-1-defense] Move #255: 211 -> 210 | Army: 2 | Target-Terrain: 0 | Target: 261 | Half: False
2026-06-02 10:31:24 [self-0019-1-defense] My general index: 239
2026-06-02 10:31:24 [self-0019-1-defense] Enemy general index: None
2026-06-02 10:31:24 [self-0019-1-defense] Visible enemy tiles: 9
2026-06-02 10:31:24 [self-0019-1-defense] Tiles: 34 / 53
2026-06-02 10:31:24 [self-0019-1-defense] Map: 18 x 23 Turn: 274
2026-06-02 10:31:24 [self-0019-1-defense] Route planned: Target = 261 Mode = strategy city-free reachable tiles = 327 Fallback-Tiles = 328
2026-06-02 10:31:24 [self-0019-1-defense] Move #256: 185 -> 186 | Army: 2 | Target-Terrain: 0 | Target: 261 | Half: False
2026-06-02 10:31:25 [self-0019-1-defense] My general index: 239
2026-06-02 10:31:25 [self-0019-1-defense] Enemy general index: None
2026-06-02 10:31:25 [self-0019-1-defense] Visible enemy tiles: 9
2026-06-02 10:31:25 [self-0019-1-defense] Tiles: 34 / 53
2026-06-02 10:31:25 [self-0019-1-defense] Map: 18 x 23 Turn: 275
2026-06-02 10:31:25 [self-0019-1-defense] Route planned: Target = 261 Mode = strategy city-free reachable tiles = 327 Fallback-Tiles = 328
2026-06-02 10:31:25 [self-0019-1-defense] Move #257: 239 -> 221 | Army: 61 | Target-Terrain: 0 | Target: 261 | Half: True
2026-06-02 10:31:25 [self-0019-1-defense] My general index: 239
2026-06-02 10:31:25 [self-0019-1-defense] Enemy general index: None
2026-06-02 10:31:25 [self-0019-1-defense] Visible enemy tiles: 9
2026-06-02 10:31:25 [self-0019-1-defense] Tiles: 34 / 53
2026-06-02 10:31:25 [self-0019-1-defense] Map: 18 x 23 Turn: 276
2026-06-02 10:31:25 [self-0019-1-defense] Route planned: Target = 261 Mode = strategy city-free reachable tiles = 327 Fallback-Tiles = 328
2026-06-02 10:31:25 [self-0019-1-defense] Move #258: 224 -> 242 | Army: 41 | Target-Terrain: 0 | Target: 261 | Half: False
2026-06-02 10:31:26 [self-0019-1-defense] My general index: 239
2026-06-02 10:31:26 [self-0019-1-defense] Enemy general index: None
2026-06-02 10:31:26 [self-0019-1-defense] Visible enemy tiles: 9
2026-06-02 10:31:26 [self-0019-1-defense] Tiles: 34 / 53
2026-06-02 10:31:26 [self-0019-1-defense] Map: 18 x 23 Turn: 277
2026-06-02 10:31:26 [self-0019-1-defense] Route planned: Target = 261 Mode = strategy city-free reachable tiles = 327 Fallback-Tiles = 328
2026-06-02 10:31:26 [self-0019-1-defense] Priority agent: flow +6000 base = 82401 final = 88401
2026-06-02 10:31:26 [self-0019-1-defense] Move #259: 242 -> 260 | Army: 41 | Target-Terrain: 1 | Target: 261 | Half: False
2026-06-02 10:31:26 [self-0019-1-defense] My general index: 239
2026-06-02 10:31:26 [self-0019-1-defense] Enemy general index: None
2026-06-02 10:31:26 [self-0019-1-defense] Visible enemy tiles: 10
2026-06-02 10:31:26 [self-0019-1-defense] Tiles: 35 / 52
2026-06-02 10:31:26 [self-0019-1-defense] Map: 18 x 23 Turn: 278
2026-06-02 10:31:26 [self-0019-1-defense] Route planned: Target = 261 Mode = strategy city-free reachable tiles = 327 Fallback-Tiles = 328
2026-06-02 10:31:26 [self-0019-1-defense] Priority agent: flow +6000 base = 84639 final = 90639
2026-06-02 10:31:26 [self-0019-1-defense] Move #260: 260 -> 261 | Army: 39 | Target-Terrain: 1 | Target: 261 | Half: False
2026-06-02 10:31:27 [self-0019-1-defense] My general index: 239
2026-06-02 10:31:27 [self-0019-1-defense] Enemy general index: None
2026-06-02 10:31:27 [self-0019-1-defense] Visible enemy tiles: 10
2026-06-02 10:31:27 [self-0019-1-defense] Tiles: 36 / 51
2026-06-02 10:31:27 [self-0019-1-defense] Map: 18 x 23 Turn: 279
2026-06-02 10:31:27 [self-0019-1-defense] Route planned: Target = 245 Mode = strategy city-free reachable tiles = 327 Fallback-Tiles = 328
2026-06-02 10:31:27 [self-0019-1-defense] Priority agent: flow +6000 base = 83946 final = 89946
2026-06-02 10:31:27 [self-0019-1-defense] Move #261: 261 -> 262 | Army: 26 | Target-Terrain: 1 | Target: 245 | Half: False
2026-06-02 10:31:27 [self-0019-1-defense] My general index: 239
2026-06-02 10:31:27 [self-0019-1-defense] Enemy general index: None
2026-06-02 10:31:27 [self-0019-1-defense] Visible enemy tiles: 9
2026-06-02 10:31:27 [self-0019-1-defense] Tiles: 37 / 50
2026-06-02 10:31:27 [self-0019-1-defense] Map: 18 x 23 Turn: 280
2026-06-02 10:31:27 [self-0019-1-defense] Route planned: Target = 245 Mode = strategy city-free reachable tiles = 327 Fallback-Tiles = 328
2026-06-02 10:31:27 [self-0019-1-defense] Priority agent: flow +6000 base = 64284 final = 70284
2026-06-02 10:31:27 [self-0019-1-defense] Move #262: 262 -> 263 | Army: 24 | Target-Terrain: -1 | Target: 245 | Half: False
2026-06-02 10:31:28 [self-0019-1-defense] My general index: 239
2026-06-02 10:31:28 [self-0019-1-defense] Enemy general index: None
2026-06-02 10:31:28 [self-0019-1-defense] Visible enemy tiles: 9
2026-06-02 10:31:28 [self-0019-1-defense] Tiles: 38 / 50
2026-06-02 10:31:28 [self-0019-1-defense] Map: 18 x 23 Turn: 281
2026-06-02 10:31:28 [self-0019-1-defense] Route planned: Target = 245 Mode = strategy city-free reachable tiles = 327 Fallback-Tiles = 328
2026-06-02 10:31:28 [self-0019-1-defense] Priority agent: flow +6000 base = 76323 final = 82323
2026-06-02 10:31:28 [self-0019-1-defense] Move #263: 263 -> 245 | Army: 23 | Target-Terrain: 1 | Target: 245 | Half: False
2026-06-02 10:31:28 [self-0019-1-defense] My general index: 239
2026-06-02 10:31:28 [self-0019-1-defense] Enemy general index: None
2026-06-02 10:31:28 [self-0019-1-defense] Visible enemy tiles: 8
2026-06-02 10:31:28 [self-0019-1-defense] Tiles: 39 / 49
2026-06-02 10:31:28 [self-0019-1-defense] Map: 18 x 23 Turn: 282
2026-06-02 10:31:28 [self-0019-1-defense] Route planned: Target = 278 Mode = strategy city-free reachable tiles = 327 Fallback-Tiles = 328
2026-06-02 10:31:28 [self-0019-1-defense] Move #264: 209 -> 208 | Army: 24 | Target-Terrain: 0 | Target: 278 | Half: False
2026-06-02 10:31:29 [self-0019-1-defense] My general index: 239
2026-06-02 10:31:29 [self-0019-1-defense] Enemy general index: None
2026-06-02 10:31:29 [self-0019-1-defense] Visible enemy tiles: 8
2026-06-02 10:31:29 [self-0019-1-defense] Tiles: 39 / 49
2026-06-02 10:31:29 [self-0019-1-defense] Map: 18 x 23 Turn: 283
2026-06-02 10:31:29 [self-0019-1-defense] Route planned: Target = 278 Mode = strategy city-free reachable tiles = 327 Fallback-Tiles = 328
2026-06-02 10:31:29 [self-0019-1-defense] Move #265: 221 -> 203 | Army: 32 | Target-Terrain: 0 | Target: 278 | Half: False
2026-06-02 10:31:29 [self-0019-1-defense] My general index: 239
2026-06-02 10:31:29 [self-0019-1-defense] Enemy general index: None
2026-06-02 10:31:29 [self-0019-1-defense] Visible enemy tiles: 8
2026-06-02 10:31:29 [self-0019-1-defense] Tiles: 39 / 49
2026-06-02 10:31:29 [self-0019-1-defense] Map: 18 x 23 Turn: 284
2026-06-02 10:31:29 [self-0019-1-defense] Reinforcement waypoint: 278 final target = 278 turns until reinforcement = 16
2026-06-02 10:31:29 [self-0019-1-defense] Route planned: Target = 278 Mode = reinforcement_waypoint city-free reachable tiles = 327 Fallback-Tiles = 328
2026-06-02 10:31:29 [self-0019-1-defense] Move #266: 187 -> 188 | Army: 3 | Target-Terrain: 0 | Target: 278 | Half: False
2026-06-02 10:31:30 [self-0019-1-defense] My general index: 239
2026-06-02 10:31:30 [self-0019-1-defense] Enemy general index: None
2026-06-02 10:31:30 [self-0019-1-defense] Visible enemy tiles: 8
2026-06-02 10:31:30 [self-0019-1-defense] Tiles: 39 / 49
2026-06-02 10:31:30 [self-0019-1-defense] Map: 18 x 23 Turn: 285
2026-06-02 10:31:30 [self-0019-1-defense] Reinforcement waypoint: 278 final target = 278 turns until reinforcement = 15
2026-06-02 10:31:30 [self-0019-1-defense] Route planned: Target = 278 Mode = reinforcement_waypoint city-free reachable tiles = 327 Fallback-Tiles = 328
2026-06-02 10:31:30 [self-0019-1-defense] Move #267: 246 -> 245 | Army: 2 | Target-Terrain: 0 | Target: 278 | Half: False
2026-06-02 10:31:30 [self-0019-1-defense] My general index: 239
2026-06-02 10:31:30 [self-0019-1-defense] Enemy general index: None
2026-06-02 10:31:30 [self-0019-1-defense] Visible enemy tiles: 8
2026-06-02 10:31:30 [self-0019-1-defense] Tiles: 39 / 49
2026-06-02 10:31:30 [self-0019-1-defense] Map: 18 x 23 Turn: 286
2026-06-02 10:31:30 [self-0019-1-defense] Reinforcement waypoint: 278 final target = 278 turns until reinforcement = 14
2026-06-02 10:31:30 [self-0019-1-defense] Route planned: Target = 278 Mode = reinforcement_waypoint city-free reachable tiles = 327 Fallback-Tiles = 328
2026-06-02 10:31:30 [self-0019-1-defense] Move #268: 228 -> 227 | Army: 2 | Target-Terrain: 0 | Target: 278 | Half: False
2026-06-02 10:31:31 [self-0019-1-defense] My general index: 239
2026-06-02 10:31:31 [self-0019-1-defense] Enemy general index: None
2026-06-02 10:31:31 [self-0019-1-defense] Visible enemy tiles: 8
2026-06-02 10:31:31 [self-0019-1-defense] Tiles: 39 / 49
2026-06-02 10:31:31 [self-0019-1-defense] Map: 18 x 23 Turn: 287
2026-06-02 10:31:31 [self-0019-1-defense] Reinforcement waypoint: 260 final target = 278 turns until reinforcement = 13
2026-06-02 10:31:31 [self-0019-1-defense] Route planned: Target = 260 Mode = reinforcement_waypoint city-free reachable tiles = 327 Fallback-Tiles = 328
2026-06-02 10:31:31 [self-0019-1-defense] Move #269: 208 -> 226 | Army: 27 | Target-Terrain: 0 | Target: 260 | Half: False
2026-06-02 10:31:31 [self-0019-1-defense] My general index: 239
2026-06-02 10:31:31 [self-0019-1-defense] Enemy general index: None
2026-06-02 10:31:31 [self-0019-1-defense] Visible enemy tiles: 8
2026-06-02 10:31:31 [self-0019-1-defense] Tiles: 39 / 49
2026-06-02 10:31:31 [self-0019-1-defense] Map: 18 x 23 Turn: 288
2026-06-02 10:31:31 [self-0019-1-defense] Reinforcement waypoint: 242 final target = 278 turns until reinforcement = 12
2026-06-02 10:31:31 [self-0019-1-defense] Route planned: Target = 242 Mode = reinforcement_waypoint city-free reachable tiles = 327 Fallback-Tiles = 328
2026-06-02 10:31:31 [self-0019-1-defense] Move #270: 203 -> 204 | Army: 32 | Target-Terrain: 0 | Target: 242 | Half: False
2026-06-02 10:31:32 [self-0019-1-defense] My general index: 239
2026-06-02 10:31:32 [self-0019-1-defense] Enemy general index: None
2026-06-02 10:31:32 [self-0019-1-defense] Visible enemy tiles: 8
2026-06-02 10:31:32 [self-0019-1-defense] Tiles: 39 / 49
2026-06-02 10:31:32 [self-0019-1-defense] Map: 18 x 23 Turn: 289
2026-06-02 10:31:32 [self-0019-1-defense] Reinforcement waypoint: 224 final target = 278 turns until reinforcement = 11
2026-06-02 10:31:32 [self-0019-1-defense] Route planned: Target = 224 Mode = reinforcement_waypoint city-free reachable tiles = 327 Fallback-Tiles = 328
2026-06-02 10:31:32 [self-0019-1-defense] Move #271: 244 -> 226 | Army: 2 | Target-Terrain: 0 | Target: 224 | Half: False
2026-06-02 10:31:32 [self-0019-1-defense] My general index: 239
2026-06-02 10:31:32 [self-0019-1-defense] Enemy general index: None
2026-06-02 10:31:32 [self-0019-1-defense] Visible enemy tiles: 8
2026-06-02 10:31:32 [self-0019-1-defense] Tiles: 39 / 49
2026-06-02 10:31:32 [self-0019-1-defense] Map: 18 x 23 Turn: 290
2026-06-02 10:31:32 [self-0019-1-defense] Reinforcement waypoint: 224 final target = 278 turns until reinforcement = 10
2026-06-02 10:31:32 [self-0019-1-defense] Route planned: Target = 224 Mode = reinforcement_waypoint city-free reachable tiles = 327 Fallback-Tiles = 328
2026-06-02 10:31:32 [self-0019-1-defense] Move #272: 245 -> 227 | Army: 21 | Target-Terrain: 0 | Target: 224 | Half: False
2026-06-02 10:31:33 [self-0019-1-defense] My general index: 239
2026-06-02 10:31:33 [self-0019-1-defense] Enemy general index: None
2026-06-02 10:31:33 [self-0019-1-defense] Visible enemy tiles: 8
2026-06-02 10:31:33 [self-0019-1-defense] Tiles: 39 / 49
2026-06-02 10:31:33 [self-0019-1-defense] Map: 18 x 23 Turn: 291
2026-06-02 10:31:33 [self-0019-1-defense] Reinforcement waypoint: 224 final target = 278 turns until reinforcement = 9
2026-06-02 10:31:33 [self-0019-1-defense] Route planned: Target = 224 Mode = reinforcement_waypoint city-free reachable tiles = 327 Fallback-Tiles = 328
2026-06-02 10:31:33 [self-0019-1-defense] Move #273: 186 -> 187 | Army: 2 | Target-Terrain: 0 | Target: 224 | Half: False
2026-06-02 10:31:33 [self-0019-1-defense] My general index: 239
2026-06-02 10:31:33 [self-0019-1-defense] Enemy general index: None
2026-06-02 10:31:33 [self-0019-1-defense] Visible enemy tiles: 8
2026-06-02 10:31:33 [self-0019-1-defense] Tiles: 39 / 49
2026-06-02 10:31:33 [self-0019-1-defense] Map: 18 x 23 Turn: 292
2026-06-02 10:31:33 [self-0019-1-defense] Reinforcement waypoint: 224 final target = 278 turns until reinforcement = 8
2026-06-02 10:31:33 [self-0019-1-defense] Route planned: Target = 224 Mode = reinforcement_waypoint city-free reachable tiles = 327 Fallback-Tiles = 328
2026-06-02 10:31:33 [self-0019-1-defense] Move #274: 202 -> 203 | Army: 2 | Target-Terrain: 0 | Target: 224 | Half: False
2026-06-02 10:31:34 [self-0019-1-defense] My general index: 239
2026-06-02 10:31:34 [self-0019-1-defense] Enemy general index: None
2026-06-02 10:31:34 [self-0019-1-defense] Visible enemy tiles: 8
2026-06-02 10:31:34 [self-0019-1-defense] Tiles: 39 / 49
2026-06-02 10:31:34 [self-0019-1-defense] Map: 18 x 23 Turn: 293
2026-06-02 10:31:34 [self-0019-1-defense] Reinforcement waypoint: 224 final target = 278 turns until reinforcement = 7
2026-06-02 10:31:34 [self-0019-1-defense] Route planned: Target = 224 Mode = reinforcement_waypoint city-free reachable tiles = 327 Fallback-Tiles = 328
2026-06-02 10:31:34 [self-0019-1-defense] Move #275: 204 -> 205 | Army: 32 | Target-Terrain: 0 | Target: 224 | Half: False
2026-06-02 10:31:34 [self-0019-1-defense] My general index: 239
2026-06-02 10:31:34 [self-0019-1-defense] Enemy general index: None
2026-06-02 10:31:34 [self-0019-1-defense] Visible enemy tiles: 8
2026-06-02 10:31:34 [self-0019-1-defense] Tiles: 39 / 49
2026-06-02 10:31:34 [self-0019-1-defense] Map: 18 x 23 Turn: 294
2026-06-02 10:31:34 [self-0019-1-defense] Reinforcement waypoint: 224 final target = 278 turns until reinforcement = 6
2026-06-02 10:31:34 [self-0019-1-defense] Route planned: Target = 224 Mode = reinforcement_waypoint city-free reachable tiles = 327 Fallback-Tiles = 328
2026-06-02 10:31:34 [self-0019-1-defense] Move #276: 210 -> 209 | Army: 2 | Target-Terrain: 0 | Target: 224 | Half: False
2026-06-02 10:31:35 [self-0019-1-defense] My general index: 239
2026-06-02 10:31:35 [self-0019-1-defense] Enemy general index: None
2026-06-02 10:31:35 [self-0019-1-defense] Visible enemy tiles: 8
2026-06-02 10:31:35 [self-0019-1-defense] Tiles: 39 / 49
2026-06-02 10:31:35 [self-0019-1-defense] Map: 18 x 23 Turn: 295
2026-06-02 10:31:35 [self-0019-1-defense] Reinforcement waypoint: 224 final target = 278 turns until reinforcement = 5
2026-06-02 10:31:35 [self-0019-1-defense] Route planned: Target = 224 Mode = reinforcement_waypoint city-free reachable tiles = 327 Fallback-Tiles = 328
2026-06-02 10:31:35 [self-0019-1-defense] Move #277: 201 -> 202 | Army: 2 | Target-Terrain: 0 | Target: 224 | Half: False
2026-06-02 10:31:35 [self-0019-1-defense] My general index: 239
2026-06-02 10:31:35 [self-0019-1-defense] Enemy general index: None
2026-06-02 10:31:35 [self-0019-1-defense] Visible enemy tiles: 8
2026-06-02 10:31:35 [self-0019-1-defense] Tiles: 39 / 49
2026-06-02 10:31:35 [self-0019-1-defense] Map: 18 x 23 Turn: 296
2026-06-02 10:31:35 [self-0019-1-defense] Reinforcement waypoint: 224 final target = 278 turns until reinforcement = 4
2026-06-02 10:31:35 [self-0019-1-defense] Route planned: Target = 224 Mode = reinforcement_waypoint city-free reachable tiles = 327 Fallback-Tiles = 328
2026-06-02 10:31:35 [self-0019-1-defense] Move #278: 220 -> 202 | Army: 2 | Target-Terrain: 0 | Target: 224 | Half: False
2026-06-02 10:31:36 [self-0019-1-defense] Coach: stabilize tiles 39/49 army 175/237 cities 0/0 enemy_city_suspect False bias {'expansion_bias': 0.1, 'city_bias': 0.2, 'attack_bias': -0.5, 'defense_bias': 2.0, 'route_bias': 0.1}
2026-06-02 10:31:36 [self-0019-1-defense] My general index: 239
2026-06-02 10:31:36 [self-0019-1-defense] Enemy general index: None
2026-06-02 10:31:36 [self-0019-1-defense] Visible enemy tiles: 8
2026-06-02 10:31:36 [self-0019-1-defense] Tiles: 39 / 49
2026-06-02 10:31:36 [self-0019-1-defense] Map: 18 x 23 Turn: 297
2026-06-02 10:31:36 [self-0019-1-defense] Reinforcement waypoint: 224 final target = 278 turns until reinforcement = 3
2026-06-02 10:31:36 [self-0019-1-defense] Route planned: Target = 224 Mode = reinforcement_waypoint city-free reachable tiles = 327 Fallback-Tiles = 328
2026-06-02 10:31:36 [self-0019-1-defense] Move #279: 212 -> 211 | Army: 2 | Target-Terrain: 0 | Target: 224 | Half: False
2026-06-02 10:31:36 [self-0019-1-defense] My general index: 239
2026-06-02 10:31:36 [self-0019-1-defense] Enemy general index: None
2026-06-02 10:31:36 [self-0019-1-defense] Visible enemy tiles: 8
2026-06-02 10:31:36 [self-0019-1-defense] Tiles: 39 / 49
2026-06-02 10:31:36 [self-0019-1-defense] Map: 18 x 23 Turn: 298
2026-06-02 10:31:36 [self-0019-1-defense] Reinforcement waypoint: 224 final target = 278 turns until reinforcement = 2
2026-06-02 10:31:36 [self-0019-1-defense] Route planned: Target = 224 Mode = reinforcement_waypoint city-free reachable tiles = 327 Fallback-Tiles = 328
2026-06-02 10:31:36 [self-0019-1-defense] Move #280: 205 -> 206 | Army: 32 | Target-Terrain: 0 | Target: 224 | Half: False
2026-06-02 10:31:37 [self-0019-1-defense] My general index: 239
2026-06-02 10:31:37 [self-0019-1-defense] Enemy general index: None
2026-06-02 10:31:37 [self-0019-1-defense] Visible enemy tiles: 7
2026-06-02 10:31:37 [self-0019-1-defense] Tiles: 38 / 50
2026-06-02 10:31:37 [self-0019-1-defense] Map: 18 x 23 Turn: 299
2026-06-02 10:31:37 [self-0019-1-defense] Reinforcement waypoint: 224 final target = 278 turns until reinforcement = 1
2026-06-02 10:31:37 [self-0019-1-defense] Route planned: Target = 224 Mode = reinforcement_waypoint city-free reachable tiles = 327 Fallback-Tiles = 328
2026-06-02 10:31:37 [self-0019-1-defense] Move #281: 226 -> 225 | Army: 29 | Target-Terrain: 0 | Target: 224 | Half: False
2026-06-02 10:31:37 [self-0019-1-defense] My general index: 239
2026-06-02 10:31:37 [self-0019-1-defense] Enemy general index: None
2026-06-02 10:31:37 [self-0019-1-defense] Visible enemy tiles: 7
2026-06-02 10:31:37 [self-0019-1-defense] Tiles: 38 / 50
2026-06-02 10:31:37 [self-0019-1-defense] Map: 18 x 23 Turn: 300
2026-06-02 10:31:37 [self-0019-1-defense] Route planned: Target = 278 Mode = strategy city-free reachable tiles = 327 Fallback-Tiles = 328
2026-06-02 10:31:37 [self-0019-1-defense] Move #282: 241 -> 259 | Army: 2 | Target-Terrain: -1 | Target: 278 | Half: False
2026-06-02 10:31:38 [self-0019-1-defense] My general index: 239
2026-06-02 10:31:38 [self-0019-1-defense] Enemy general index: None
2026-06-02 10:31:38 [self-0019-1-defense] Visible enemy tiles: 7
2026-06-02 10:31:38 [self-0019-1-defense] Tiles: 39 / 50
2026-06-02 10:31:38 [self-0019-1-defense] Map: 18 x 23 Turn: 301
2026-06-02 10:31:38 [self-0019-1-defense] Route planned: Target = 278 Mode = strategy city-free reachable tiles = 327 Fallback-Tiles = 328
2026-06-02 10:31:38 [self-0019-1-defense] Move #283: 223 -> 224 | Army: 2 | Target-Terrain: 0 | Target: 278 | Half: False
2026-06-02 10:31:38 [self-0019-1-defense] My general index: 239
2026-06-02 10:31:38 [self-0019-1-defense] Enemy general index: None
2026-06-02 10:31:38 [self-0019-1-defense] Visible enemy tiles: 7
2026-06-02 10:31:38 [self-0019-1-defense] Tiles: 39 / 50
2026-06-02 10:31:38 [self-0019-1-defense] Map: 18 x 23 Turn: 302
2026-06-02 10:31:38 [self-0019-1-defense] Route planned: Target = 278 Mode = strategy city-free reachable tiles = 327 Fallback-Tiles = 328
2026-06-02 10:31:38 [self-0019-1-defense] Move #284: 227 -> 226 | Army: 23 | Target-Terrain: 0 | Target: 278 | Half: False
2026-06-02 10:31:39 [self-0019-1-defense] My general index: 239
2026-06-02 10:31:39 [self-0019-1-defense] Enemy general index: None
2026-06-02 10:31:39 [self-0019-1-defense] Visible enemy tiles: 7
2026-06-02 10:31:39 [self-0019-1-defense] Tiles: 39 / 50
2026-06-02 10:31:39 [self-0019-1-defense] Map: 18 x 23 Turn: 303
2026-06-02 10:31:39 [self-0019-1-defense] Route planned: Target = 278 Mode = strategy city-free reachable tiles = 327 Fallback-Tiles = 328
2026-06-02 10:31:39 [self-0019-1-defense] Move #285: 206 -> 224 | Army: 37 | Target-Terrain: 0 | Target: 278 | Half: False
2026-06-02 10:31:39 [self-0019-1-defense] My general index: 239
2026-06-02 10:31:39 [self-0019-1-defense] Enemy general index: None
2026-06-02 10:31:39 [self-0019-1-defense] Visible enemy tiles: 7
2026-06-02 10:31:39 [self-0019-1-defense] Tiles: 39 / 50
2026-06-02 10:31:39 [self-0019-1-defense] Map: 18 x 23 Turn: 304
2026-06-02 10:31:39 [self-0019-1-defense] Route planned: Target = 278 Mode = strategy city-free reachable tiles = 327 Fallback-Tiles = 328
2026-06-02 10:31:39 [self-0019-1-defense] Move #286: 263 -> 262 | Army: 2 | Target-Terrain: 0 | Target: 278 | Half: False
2026-06-02 10:31:40 [self-0019-1-defense] My general index: 239
2026-06-02 10:31:40 [self-0019-1-defense] Enemy general index: None
2026-06-02 10:31:40 [self-0019-1-defense] Visible enemy tiles: 7
2026-06-02 10:31:40 [self-0019-1-defense] Tiles: 39 / 50
2026-06-02 10:31:40 [self-0019-1-defense] Map: 18 x 23 Turn: 305
2026-06-02 10:31:40 [self-0019-1-defense] Route planned: Target = 278 Mode = strategy city-free reachable tiles = 327 Fallback-Tiles = 328
2026-06-02 10:31:40 [self-0019-1-defense] Move #287: 245 -> 244 | Army: 2 | Target-Terrain: 0 | Target: 278 | Half: False
2026-06-02 10:31:40 [self-0019-1-defense] My general index: 239
2026-06-02 10:31:40 [self-0019-1-defense] Enemy general index: None
2026-06-02 10:31:40 [self-0019-1-defense] Visible enemy tiles: 7
2026-06-02 10:31:40 [self-0019-1-defense] Tiles: 39 / 50
2026-06-02 10:31:40 [self-0019-1-defense] Map: 18 x 23 Turn: 306
2026-06-02 10:31:40 [self-0019-1-defense] Route planned: Target = 278 Mode = strategy city-free reachable tiles = 327 Fallback-Tiles = 328
2026-06-02 10:31:40 [self-0019-1-defense] Move #288: 187 -> 188 | Army: 3 | Target-Terrain: 0 | Target: 278 | Half: False
2026-06-02 10:31:41 [self-0019-1-defense] My general index: 239
2026-06-02 10:31:41 [self-0019-1-defense] Enemy general index: None
2026-06-02 10:31:41 [self-0019-1-defense] Visible enemy tiles: 7
2026-06-02 10:31:41 [self-0019-1-defense] Tiles: 39 / 50
2026-06-02 10:31:41 [self-0019-1-defense] Map: 18 x 23 Turn: 307
2026-06-02 10:31:41 [self-0019-1-defense] Route planned: Target = 278 Mode = strategy city-free reachable tiles = 327 Fallback-Tiles = 328
2026-06-02 10:31:41 [self-0019-1-defense] Move #289: 246 -> 245 | Army: 2 | Target-Terrain: 0 | Target: 278 | Half: False
2026-06-02 10:31:41 [self-0019-1-defense] My general index: 239
2026-06-02 10:31:41 [self-0019-1-defense] Enemy general index: None
2026-06-02 10:31:41 [self-0019-1-defense] Visible enemy tiles: 7
2026-06-02 10:31:41 [self-0019-1-defense] Tiles: 39 / 50
2026-06-02 10:31:41 [self-0019-1-defense] Map: 18 x 23 Turn: 308
2026-06-02 10:31:41 [self-0019-1-defense] Route planned: Target = 278 Mode = strategy city-free reachable tiles = 327 Fallback-Tiles = 328
2026-06-02 10:31:41 [self-0019-1-defense] Move #290: 204 -> 205 | Army: 2 | Target-Terrain: 0 | Target: 278 | Half: False
2026-06-02 10:31:42 [self-0019-1-defense] My general index: 239
2026-06-02 10:31:42 [self-0019-1-defense] Enemy general index: None
2026-06-02 10:31:42 [self-0019-1-defense] Visible enemy tiles: 7
2026-06-02 10:31:42 [self-0019-1-defense] Tiles: 39 / 50
2026-06-02 10:31:42 [self-0019-1-defense] Map: 18 x 23 Turn: 309
2026-06-02 10:31:42 [self-0019-1-defense] Route planned: Target = 279 Mode = defense city-free reachable tiles = 327 Fallback-Tiles = 328
2026-06-02 10:31:42 [self-0019-1-defense] Priority agent: flow +6000 base = 146003 final = 152003
2026-06-02 10:31:42 [self-0019-1-defense] Move #291: 205 -> 223 | Army: 3 | Target-Terrain: 0 | Target: 279 | Half: False
2026-06-02 10:31:42 [self-0019-1-defense] My general index: 239
2026-06-02 10:31:42 [self-0019-1-defense] Enemy general index: None
2026-06-02 10:31:42 [self-0019-1-defense] Visible enemy tiles: 8
2026-06-02 10:31:42 [self-0019-1-defense] Tiles: 38 / 51
2026-06-02 10:31:42 [self-0019-1-defense] Map: 18 x 23 Turn: 310
2026-06-02 10:31:42 [self-0019-1-defense] Route planned: Target = 261 Mode = defense city-free reachable tiles = 327 Fallback-Tiles = 328
2026-06-02 10:31:42 [self-0019-1-defense] Priority agent: flow +6000 base = 146183 final = 152183
2026-06-02 10:31:42 [self-0019-1-defense] Move #292: 223 -> 241 | Army: 3 | Target-Terrain: 0 | Target: 261 | Half: False
2026-06-02 10:31:43 [self-0019-1-defense] My general index: 239
2026-06-02 10:31:43 [self-0019-1-defense] Enemy general index: None
2026-06-02 10:31:43 [self-0019-1-defense] Visible enemy tiles: 9
2026-06-02 10:31:43 [self-0019-1-defense] Tiles: 37 / 52
2026-06-02 10:31:43 [self-0019-1-defense] Map: 18 x 23 Turn: 311
2026-06-02 10:31:43 [self-0019-1-defense] Route planned: Target = 262 Mode = defense city-free reachable tiles = 327 Fallback-Tiles = 328
2026-06-02 10:31:43 [self-0019-1-defense] Priority agent: flow +6000 base = 148383 final = 154383
2026-06-02 10:31:43 [self-0019-1-defense] Move #293: 241 -> 242 | Army: 3 | Target-Terrain: 0 | Target: 262 | Half: False
2026-06-02 10:31:43 [self-0019-1-defense] My general index: 239
2026-06-02 10:31:43 [self-0019-1-defense] Enemy general index: None
2026-06-02 10:31:43 [self-0019-1-defense] Visible enemy tiles: 10
2026-06-02 10:31:43 [self-0019-1-defense] Tiles: 36 / 53
2026-06-02 10:31:43 [self-0019-1-defense] Map: 18 x 23 Turn: 312
2026-06-02 10:31:43 [self-0019-1-defense] Route planned: Target = 244 Mode = defense city-free reachable tiles = 327 Fallback-Tiles = 328
2026-06-02 10:31:43 [self-0019-1-defense] Move #294: 210 -> 228 | Army: 2 | Target-Terrain: 0 | Target: 244 | Half: False
2026-06-02 10:31:44 [self-0019-1-defense] My general index: 239
2026-06-02 10:31:44 [self-0019-1-defense] Enemy general index: None
2026-06-02 10:31:44 [self-0019-1-defense] Visible enemy tiles: 11
2026-06-02 10:31:44 [self-0019-1-defense] Tiles: 35 / 54
2026-06-02 10:31:44 [self-0019-1-defense] Map: 18 x 23 Turn: 313
2026-06-02 10:31:44 [self-0019-1-defense] Route planned: Target = 226 Mode = defense city-free reachable tiles = 327 Fallback-Tiles = 328
2026-06-02 10:31:44 [self-0019-1-defense] Priority agent: edge reuse -9000 base = 279380 final = 270380
2026-06-02 10:31:44 [self-0019-1-defense] Move #295: 225 -> 226 | Army: 30 | Target-Terrain: 1 | Target: 226 | Half: False
2026-06-02 10:31:44 [self-0019-1-defense] My general index: 239
2026-06-02 10:31:44 [self-0019-1-defense] Enemy general index: None
2026-06-02 10:31:44 [self-0019-1-defense] Visible enemy tiles: 10
2026-06-02 10:31:44 [self-0019-1-defense] Tiles: 36 / 53
2026-06-02 10:31:44 [self-0019-1-defense] Map: 18 x 23 Turn: 314
2026-06-02 10:31:44 [self-0019-1-defense] Route planned: Target = 226 Mode = defense city-free reachable tiles = 327 Fallback-Tiles = 328
2026-06-02 10:31:44 [self-0019-1-defense] Move #296: 208 -> 226 | Army: 2 | Target-Terrain: 0 | Target: 226 | Half: False
2026-06-02 10:31:45 [self-0019-1-defense] My general index: 239
2026-06-02 10:31:45 [self-0019-1-defense] Enemy general index: None
2026-06-02 10:31:45 [self-0019-1-defense] Visible enemy tiles: 10
2026-06-02 10:31:45 [self-0019-1-defense] Tiles: 36 / 53
2026-06-02 10:31:45 [self-0019-1-defense] Map: 18 x 23 Turn: 315
2026-06-02 10:31:45 [self-0019-1-defense] Route planned: Target = 226 Mode = defense city-free reachable tiles = 327 Fallback-Tiles = 328
2026-06-02 10:31:45 [self-0019-1-defense] Move #297: 209 -> 208 | Army: 3 | Target-Terrain: 0 | Target: 226 | Half: False
2026-06-02 10:31:45 [self-0019-1-defense] My general index: 239
2026-06-02 10:31:45 [self-0019-1-defense] Enemy general index: None
2026-06-02 10:31:45 [self-0019-1-defense] Visible enemy tiles: 10
2026-06-02 10:31:45 [self-0019-1-defense] Tiles: 35 / 54
2026-06-02 10:31:45 [self-0019-1-defense] Map: 18 x 23 Turn: 316
2026-06-02 10:31:45 [self-0019-1-defense] Route planned: Target = 226 Mode = defense city-free reachable tiles = 327 Fallback-Tiles = 328
2026-06-02 10:31:45 [self-0019-1-defense] Priority agent: edge reuse -9000, flow +6000 base = 238053 final = 235053
2026-06-02 10:31:45 [self-0019-1-defense] Move #298: 208 -> 226 | Army: 3 | Target-Terrain: 0 | Target: 226 | Half: False
2026-06-02 10:31:46 [self-0019-1-defense] My general index: 239
2026-06-02 10:31:46 [self-0019-1-defense] Enemy general index: None
2026-06-02 10:31:46 [self-0019-1-defense] Visible enemy tiles: 11
2026-06-02 10:31:46 [self-0019-1-defense] Tiles: 34 / 55
2026-06-02 10:31:46 [self-0019-1-defense] Map: 18 x 23 Turn: 317
2026-06-02 10:31:46 [self-0019-1-defense] Route planned: Target = 226 Mode = defense city-free reachable tiles = 327 Fallback-Tiles = 328
2026-06-02 10:31:46 [self-0019-1-defense] Move #299: 207 -> 208 | Army: 2 | Target-Terrain: 0 | Target: 226 | Half: False
2026-06-02 10:31:46 [self-0019-1-defense] My general index: 239
2026-06-02 10:31:46 [self-0019-1-defense] Enemy general index: None
2026-06-02 10:31:46 [self-0019-1-defense] Visible enemy tiles: 12
2026-06-02 10:31:46 [self-0019-1-defense] Tiles: 33 / 56
2026-06-02 10:31:46 [self-0019-1-defense] Map: 18 x 23 Turn: 318
2026-06-02 10:31:46 [self-0019-1-defense] Route planned: Target = 226 Mode = defense city-free reachable tiles = 327 Fallback-Tiles = 328
2026-06-02 10:31:46 [self-0019-1-defense] Priority agent: edge reuse -18000, flow +6000 base = 220852 final = 208852
2026-06-02 10:31:46 [self-0019-1-defense] Move #300: 208 -> 226 | Army: 2 | Target-Terrain: 0 | Target: 226 | Half: False
2026-06-02 10:31:47 [self-0019-1-defense] My general index: 239
2026-06-02 10:31:47 [self-0019-1-defense] Enemy general index: None
2026-06-02 10:31:47 [self-0019-1-defense] Visible enemy tiles: 13
2026-06-02 10:31:47 [self-0019-1-defense] Tiles: 32 / 57
2026-06-02 10:31:47 [self-0019-1-defense] Map: 18 x 23 Turn: 319
2026-06-02 10:31:47 [self-0019-1-defense] Route planned: Target = 206 Mode = defense city-free reachable tiles = 327 Fallback-Tiles = 328
2026-06-02 10:31:47 [self-0019-1-defense] Move #301: 224 -> 206 | Army: 39 | Target-Terrain: 0 | Target: 206 | Half: False
2026-06-02 10:31:47 [self-0019-1-defense] My general index: 239
2026-06-02 10:31:47 [self-0019-1-defense] Enemy general index: None
2026-06-02 10:31:47 [self-0019-1-defense] Visible enemy tiles: 14
2026-06-02 10:31:47 [self-0019-1-defense] Tiles: 31 / 58
2026-06-02 10:31:47 [self-0019-1-defense] Map: 18 x 23 Turn: 320
2026-06-02 10:31:47 [self-0019-1-defense] Route planned: Target = 205 Mode = defense city-free reachable tiles = 327 Fallback-Tiles = 328
2026-06-02 10:31:47 [self-0019-1-defense] Priority agent: flow +6000 base = 251889 final = 257889
2026-06-02 10:31:47 [self-0019-1-defense] Move #302: 206 -> 205 | Army: 39 | Target-Terrain: 0 | Target: 205 | Half: False
2026-06-02 10:31:48 [self-0019-1-defense] My general index: 239
2026-06-02 10:31:48 [self-0019-1-defense] Enemy general index: None
2026-06-02 10:31:48 [self-0019-1-defense] Visible enemy tiles: 15
2026-06-02 10:31:48 [self-0019-1-defense] Tiles: 30 / 59
2026-06-02 10:31:48 [self-0019-1-defense] Map: 18 x 23 Turn: 321
2026-06-02 10:31:48 [self-0019-1-defense] Route planned: Target = 206 Mode = defense city-free reachable tiles = 327 Fallback-Tiles = 328
2026-06-02 10:31:48 [self-0019-1-defense] Move #303: 188 -> 206 | Army: 8 | Target-Terrain: 0 | Target: 206 | Half: False
2026-06-02 10:31:48 [self-0019-1-defense] My general index: 239
2026-06-02 10:31:48 [self-0019-1-defense] Enemy general index: None
2026-06-02 10:31:48 [self-0019-1-defense] Visible enemy tiles: 16
2026-06-02 10:31:48 [self-0019-1-defense] Tiles: 29 / 60
2026-06-02 10:31:48 [self-0019-1-defense] Map: 18 x 23 Turn: 322
2026-06-02 10:31:48 [self-0019-1-defense] Route planned: Target = 186 Mode = defense city-free reachable tiles = 327 Fallback-Tiles = 328
2026-06-02 10:31:48 [self-0019-1-defense] Move #304: 185 -> 186 | Army: 2 | Target-Terrain: 0 | Target: 186 | Half: False
2026-06-02 10:31:49 [self-0019-1-defense] My general index: 239
2026-06-02 10:31:49 [self-0019-1-defense] Enemy general index: None
2026-06-02 10:31:49 [self-0019-1-defense] Visible enemy tiles: 16
2026-06-02 10:31:49 [self-0019-1-defense] Tiles: 28 / 61
2026-06-02 10:31:49 [self-0019-1-defense] Map: 18 x 23 Turn: 323
2026-06-02 10:31:49 [self-0019-1-defense] Route planned: Target = 242 Mode = defense city-free reachable tiles = 327 Fallback-Tiles = 328
2026-06-02 10:31:49 [self-0019-1-defense] Move #305: 260 -> 242 | Army: 2 | Target-Terrain: 0 | Target: 242 | Half: False
2026-06-02 10:31:49 [self-0019-1-defense] My general index: 239
2026-06-02 10:31:49 [self-0019-1-defense] Enemy general index: None
2026-06-02 10:31:49 [self-0019-1-defense] Visible enemy tiles: 17
2026-06-02 10:31:49 [self-0019-1-defense] Tiles: 27 / 62
2026-06-02 10:31:49 [self-0019-1-defense] Map: 18 x 23 Turn: 324
2026-06-02 10:31:49 [self-0019-1-defense] Route planned: Target = 242 Mode = defense city-free reachable tiles = 327 Fallback-Tiles = 328
2026-06-02 10:31:49 [self-0019-1-defense] Move #306: 186 -> 187 | Army: 3 | Target-Terrain: 0 | Target: 242 | Half: False
2026-06-02 10:31:50 [self-0019-1-defense] My general index: 239
2026-06-02 10:31:50 [self-0019-1-defense] Enemy general index: None
2026-06-02 10:31:50 [self-0019-1-defense] Visible enemy tiles: 18
2026-06-02 10:31:50 [self-0019-1-defense] Tiles: 26 / 63
2026-06-02 10:31:50 [self-0019-1-defense] Map: 18 x 23 Turn: 325
2026-06-02 10:31:50 [self-0019-1-defense] Route planned: Target = 242 Mode = defense city-free reachable tiles = 327 Fallback-Tiles = 328
2026-06-02 10:31:50 [self-0019-1-defense] Priority agent: flow +6000 base = 176333 final = 182333
2026-06-02 10:31:50 [self-0019-1-defense] Move #307: 187 -> 188 | Army: 3 | Target-Terrain: 1 | Target: 242 | Half: False
2026-06-02 10:31:50 [self-0019-1-defense] My general index: 239
2026-06-02 10:31:50 [self-0019-1-defense] Enemy general index: None
2026-06-02 10:31:50 [self-0019-1-defense] Visible enemy tiles: 19
2026-06-02 10:31:50 [self-0019-1-defense] Tiles: 26 / 63
2026-06-02 10:31:50 [self-0019-1-defense] Map: 18 x 23 Turn: 326
2026-06-02 10:31:50 [self-0019-1-defense] Route planned: Target = 242 Mode = defense city-free reachable tiles = 327 Fallback-Tiles = 328
2026-06-02 10:31:50 [self-0019-1-defense] Move #308: 205 -> 223 | Army: 39 | Target-Terrain: 1 | Target: 242 | Half: False
2026-06-02 10:31:51 [self-0019-1-defense] My general index: 239
2026-06-02 10:31:51 [self-0019-1-defense] Enemy general index: None
2026-06-02 10:31:51 [self-0019-1-defense] Visible enemy tiles: 19
2026-06-02 10:31:51 [self-0019-1-defense] Tiles: 26 / 63
2026-06-02 10:31:51 [self-0019-1-defense] Map: 18 x 23 Turn: 327
2026-06-02 10:31:51 [self-0019-1-defense] Route planned: Target = 242 Mode = defense city-free reachable tiles = 327 Fallback-Tiles = 328
2026-06-02 10:31:51 [self-0019-1-defense] Priority agent: flow +6000 base = 182447 final = 188447
2026-06-02 10:31:51 [self-0019-1-defense] Move #309: 223 -> 224 | Army: 37 | Target-Terrain: 1 | Target: 242 | Half: False
2026-06-02 10:31:51 [self-0019-1-defense] My general index: 239
2026-06-02 10:31:51 [self-0019-1-defense] Enemy general index: None
2026-06-02 10:31:51 [self-0019-1-defense] Visible enemy tiles: 17
2026-06-02 10:31:51 [self-0019-1-defense] Tiles: 26 / 63
2026-06-02 10:31:51 [self-0019-1-defense] Map: 18 x 23 Turn: 328
2026-06-02 10:31:51 [self-0019-1-defense] Route planned: Target = 242 Mode = defense city-free reachable tiles = 327 Fallback-Tiles = 328
2026-06-02 10:31:51 [self-0019-1-defense] Priority agent: flow +6000 base = 282985 final = 288985
2026-06-02 10:31:51 [self-0019-1-defense] Move #310: 224 -> 242 | Army: 35 | Target-Terrain: 1 | Target: 242 | Half: False
2026-06-02 10:31:52 [self-0019-1-defense] My general index: 239
2026-06-02 10:31:52 [self-0019-1-defense] Enemy general index: None
2026-06-02 10:31:52 [self-0019-1-defense] Visible enemy tiles: 17
2026-06-02 10:31:52 [self-0019-1-defense] Tiles: 26 / 63
2026-06-02 10:31:52 [self-0019-1-defense] Map: 18 x 23 Turn: 329
2026-06-02 10:31:52 [self-0019-1-defense] Route planned: Target = 258 Mode = defense city-free reachable tiles = 327 Fallback-Tiles = 328
2026-06-02 10:31:52 [self-0019-1-defense] Priority agent: flow +6000 base = 176003 final = 182003
2026-06-02 10:31:52 [self-0019-1-defense] Move #311: 242 -> 241 | Army: 33 | Target-Terrain: 1 | Target: 258 | Half: False
2026-06-02 10:31:52 [self-0019-1-defense] My general index: 239
2026-06-02 10:31:52 [self-0019-1-defense] Enemy general index: None
2026-06-02 10:31:52 [self-0019-1-defense] Visible enemy tiles: 16
2026-06-02 10:31:52 [self-0019-1-defense] Tiles: 27 / 62
2026-06-02 10:31:52 [self-0019-1-defense] Map: 18 x 23 Turn: 330
2026-06-02 10:31:52 [self-0019-1-defense] Route planned: Target = 258 Mode = defense city-free reachable tiles = 327 Fallback-Tiles = 328
2026-06-02 10:31:52 [self-0019-1-defense] Priority agent: flow +6000 base = 180541 final = 186541
2026-06-02 10:31:52 [self-0019-1-defense] Move #312: 241 -> 259 | Army: 31 | Target-Terrain: 1 | Target: 258 | Half: False
2026-06-02 10:31:53 [self-0019-1-defense] My general index: 239
2026-06-02 10:31:53 [self-0019-1-defense] Enemy general index: None
2026-06-02 10:31:53 [self-0019-1-defense] Visible enemy tiles: 16
2026-06-02 10:31:53 [self-0019-1-defense] Tiles: 28 / 61
2026-06-02 10:31:53 [self-0019-1-defense] Map: 18 x 23 Turn: 331
2026-06-02 10:31:53 [self-0019-1-defense] Route planned: Target = 258 Mode = defense city-free reachable tiles = 327 Fallback-Tiles = 328
2026-06-02 10:31:53 [self-0019-1-defense] Priority agent: flow +6000 base = 264476 final = 270476
2026-06-02 10:31:53 [self-0019-1-defense] Move #313: 259 -> 258 | Army: 26 | Target-Terrain: -1 | Target: 258 | Half: False
2026-06-02 10:31:53 [self-0019-1-defense] My general index: 239
2026-06-02 10:31:53 [self-0019-1-defense] Enemy general index: None
2026-06-02 10:31:53 [self-0019-1-defense] Visible enemy tiles: 16
2026-06-02 10:31:53 [self-0019-1-defense] Tiles: 29 / 61
2026-06-02 10:31:53 [self-0019-1-defense] Map: 18 x 23 Turn: 332
2026-06-02 10:31:53 [self-0019-1-defense] Route planned: Target = 258 Mode = defense city-free reachable tiles = 327 Fallback-Tiles = 329
2026-06-02 10:31:53 [self-0019-1-defense] Move #314: 226 -> 244 | Army: 24 | Target-Terrain: 1 | Target: 258 | Half: False
2026-06-02 10:31:54 [self-0019-1-defense] My general index: 239
2026-06-02 10:31:54 [self-0019-1-defense] Enemy general index: None
2026-06-02 10:31:54 [self-0019-1-defense] Visible enemy tiles: 15
2026-06-02 10:31:54 [self-0019-1-defense] Tiles: 30 / 60
2026-06-02 10:31:54 [self-0019-1-defense] Map: 18 x 23 Turn: 333
2026-06-02 10:31:54 [self-0019-1-defense] Route planned: Target = 258 Mode = defense city-free reachable tiles = 327 Fallback-Tiles = 329
2026-06-02 10:31:54 [self-0019-1-defense] Priority agent: flow +6000 base = 179212 final = 185212
2026-06-02 10:31:54 [self-0019-1-defense] Move #315: 244 -> 262 | Army: 22 | Target-Terrain: 1 | Target: 258 | Half: False
2026-06-02 10:31:54 [self-0019-1-defense] My general index: 239
2026-06-02 10:31:54 [self-0019-1-defense] Enemy general index: None
2026-06-02 10:31:54 [self-0019-1-defense] Visible enemy tiles: 15
2026-06-02 10:31:54 [self-0019-1-defense] Tiles: 31 / 59
2026-06-02 10:31:54 [self-0019-1-defense] Map: 18 x 23 Turn: 334
2026-06-02 10:31:54 [self-0019-1-defense] Route planned: Target = 258 Mode = defense city-free reachable tiles = 327 Fallback-Tiles = 329
2026-06-02 10:31:54 [self-0019-1-defense] Priority agent: flow +6000 base = 175949 final = 181949
2026-06-02 10:31:54 [self-0019-1-defense] Move #316: 262 -> 261 | Army: 19 | Target-Terrain: 1 | Target: 258 | Half: False
2026-06-02 10:31:55 [self-0019-1-defense] My general index: 239
2026-06-02 10:31:55 [self-0019-1-defense] Enemy general index: None
2026-06-02 10:31:55 [self-0019-1-defense] Visible enemy tiles: 14
2026-06-02 10:31:55 [self-0019-1-defense] Tiles: 32 / 58
2026-06-02 10:31:55 [self-0019-1-defense] Map: 18 x 23 Turn: 335
2026-06-02 10:31:55 [self-0019-1-defense] Route planned: Target = 258 Mode = defense city-free reachable tiles = 327 Fallback-Tiles = 329
2026-06-02 10:31:55 [self-0019-1-defense] Priority agent: flow +6000 base = 181787 final = 187787
2026-06-02 10:31:55 [self-0019-1-defense] Move #317: 261 -> 260 | Army: 17 | Target-Terrain: 1 | Target: 258 | Half: False
2026-06-02 10:31:55 [self-0019-1-defense] My general index: 239
2026-06-02 10:31:55 [self-0019-1-defense] Enemy general index: None
2026-06-02 10:31:55 [self-0019-1-defense] Visible enemy tiles: 13
2026-06-02 10:31:55 [self-0019-1-defense] Tiles: 33 / 57
2026-06-02 10:31:55 [self-0019-1-defense] Map: 18 x 23 Turn: 336
2026-06-02 10:31:55 [self-0019-1-defense] Route planned: Target = 258 Mode = defense city-free reachable tiles = 327 Fallback-Tiles = 329
2026-06-02 10:31:55 [self-0019-1-defense] Priority agent: flow +6000 base = 153974 final = 159974
2026-06-02 10:31:55 [self-0019-1-defense] Move #318: 260 -> 259 | Army: 14 | Target-Terrain: 0 | Target: 258 | Half: False
2026-06-02 10:31:56 [self-0019-1-defense] My general index: 239
2026-06-02 10:31:56 [self-0019-1-defense] Enemy general index: None
2026-06-02 10:31:56 [self-0019-1-defense] Visible enemy tiles: 13
2026-06-02 10:31:56 [self-0019-1-defense] Tiles: 33 / 57
2026-06-02 10:31:56 [self-0019-1-defense] Map: 18 x 23 Turn: 337
2026-06-02 10:31:56 [self-0019-1-defense] Route planned: Target = 258 Mode = defense city-free reachable tiles = 327 Fallback-Tiles = 329
2026-06-02 10:31:56 [self-0019-1-defense] Priority agent: edge reuse -9000, flow +6000 base = 254064 final = 251064
2026-06-02 10:31:56 [self-0019-1-defense] Move #319: 259 -> 258 | Army: 14 | Target-Terrain: 0 | Target: 258 | Half: False
2026-06-02 10:31:56 [self-0019-1-defense] My general index: 239
2026-06-02 10:31:56 [self-0019-1-defense] Enemy general index: None
2026-06-02 10:31:56 [self-0019-1-defense] Visible enemy tiles: 13
2026-06-02 10:31:56 [self-0019-1-defense] Tiles: 33 / 57
2026-06-02 10:31:56 [self-0019-1-defense] Map: 18 x 23 Turn: 338
2026-06-02 10:31:56 [self-0019-1-defense] Route planned: Target = 242 Mode = defense city-free reachable tiles = 327 Fallback-Tiles = 329
2026-06-02 10:31:56 [self-0019-1-defense] Move #320: 169 -> 187 | Army: 2 | Target-Terrain: 0 | Target: 242 | Half: False
2026-06-02 10:31:57 [self-0019-1-defense] My general index: 239
2026-06-02 10:31:57 [self-0019-1-defense] Enemy general index: None
2026-06-02 10:31:57 [self-0019-1-defense] Visible enemy tiles: 13
2026-06-02 10:31:57 [self-0019-1-defense] Tiles: 33 / 58
2026-06-02 10:31:57 [self-0019-1-defense] Map: 18 x 23 Turn: 339
2026-06-02 10:31:57 [self-0019-1-defense] Route planned: Target = 242 Mode = defense city-free reachable tiles = 327 Fallback-Tiles = 329
2026-06-02 10:31:57 [self-0019-1-defense] Priority agent: flow +6000 base = 147582 final = 153582
2026-06-02 10:31:57 [self-0019-1-defense] Move #321: 187 -> 205 | Army: 2 | Target-Terrain: 0 | Target: 242 | Half: False
2026-06-02 10:31:57 [self-0019-1-defense] My general index: 239
2026-06-02 10:31:57 [self-0019-1-defense] Enemy general index: None
2026-06-02 10:31:57 [self-0019-1-defense] Visible enemy tiles: 13
2026-06-02 10:31:57 [self-0019-1-defense] Tiles: 33 / 58
2026-06-02 10:31:57 [self-0019-1-defense] Map: 18 x 23 Turn: 340
2026-06-02 10:31:57 [self-0019-1-defense] Route planned: Target = 242 Mode = defense city-free reachable tiles = 327 Fallback-Tiles = 329
2026-06-02 10:31:57 [self-0019-1-defense] Move #322: 228 -> 227 | Army: 3 | Target-Terrain: 0 | Target: 242 | Half: False
2026-06-02 10:31:58 [self-0019-1-defense] My general index: 239
2026-06-02 10:31:58 [self-0019-1-defense] Enemy general index: None
2026-06-02 10:31:58 [self-0019-1-defense] Visible enemy tiles: 13
2026-06-02 10:31:58 [self-0019-1-defense] Tiles: 33 / 58
2026-06-02 10:31:58 [self-0019-1-defense] Map: 18 x 23 Turn: 341
2026-06-02 10:31:58 [self-0019-1-defense] Route planned: Target = 242 Mode = defense city-free reachable tiles = 327 Fallback-Tiles = 329
2026-06-02 10:31:58 [self-0019-1-defense] Priority agent: flow +6000 base = 151983 final = 157983
2026-06-02 10:31:58 [self-0019-1-defense] Move #323: 227 -> 226 | Army: 3 | Target-Terrain: 0 | Target: 242 | Half: False
2026-06-02 10:31:58 [self-0019-1-defense] My general index: 239
2026-06-02 10:31:58 [self-0019-1-defense] Enemy general index: None
2026-06-02 10:31:58 [self-0019-1-defense] Visible enemy tiles: 13
2026-06-02 10:31:58 [self-0019-1-defense] Tiles: 33 / 58
2026-06-02 10:31:58 [self-0019-1-defense] Map: 18 x 23 Turn: 342
2026-06-02 10:31:58 [self-0019-1-defense] Route planned: Target = 242 Mode = defense city-free reachable tiles = 327 Fallback-Tiles = 329
2026-06-02 10:31:58 [self-0019-1-defense] Priority agent: flow +6000 base = 146273 final = 152273
2026-06-02 10:31:58 [self-0019-1-defense] Move #324: 226 -> 225 | Army: 3 | Target-Terrain: 0 | Target: 242 | Half: False
2026-06-02 10:31:59 [self-0019-1-defense] My general index: 239
2026-06-02 10:31:59 [self-0019-1-defense] Enemy general index: None
2026-06-02 10:31:59 [self-0019-1-defense] Visible enemy tiles: 13
2026-06-02 10:31:59 [self-0019-1-defense] Tiles: 33 / 58
2026-06-02 10:31:59 [self-0019-1-defense] Map: 18 x 23 Turn: 343
2026-06-02 10:31:59 [self-0019-1-defense] Route planned: Target = 242 Mode = defense city-free reachable tiles = 327 Fallback-Tiles = 329
2026-06-02 10:31:59 [self-0019-1-defense] Priority agent: flow +6000 base = 149963 final = 155963
2026-06-02 10:31:59 [self-0019-1-defense] Move #325: 225 -> 224 | Army: 3 | Target-Terrain: 0 | Target: 242 | Half: False
2026-06-02 10:31:59 [self-0019-1-defense] My general index: 239
2026-06-02 10:31:59 [self-0019-1-defense] Enemy general index: None
2026-06-02 10:31:59 [self-0019-1-defense] Visible enemy tiles: 13
2026-06-02 10:31:59 [self-0019-1-defense] Tiles: 33 / 58
2026-06-02 10:31:59 [self-0019-1-defense] Map: 18 x 23 Turn: 344
2026-06-02 10:31:59 [self-0019-1-defense] Route planned: Target = 242 Mode = defense city-free reachable tiles = 327 Fallback-Tiles = 329
2026-06-02 10:31:59 [self-0019-1-defense] Priority agent: flow +6000 base = 252453 final = 258453
2026-06-02 10:31:59 [self-0019-1-defense] Move #326: 224 -> 242 | Army: 3 | Target-Terrain: 0 | Target: 242 | Half: False
2026-06-02 10:32:00 [self-0019-1-defense] My general index: 239
2026-06-02 10:32:00 [self-0019-1-defense] Enemy general index: None
2026-06-02 10:32:00 [self-0019-1-defense] Visible enemy tiles: 13
2026-06-02 10:32:00 [self-0019-1-defense] Tiles: 33 / 58
2026-06-02 10:32:00 [self-0019-1-defense] Map: 18 x 23 Turn: 345
2026-06-02 10:32:00 [self-0019-1-defense] Route planned: Target = 242 Mode = defense city-free reachable tiles = 327 Fallback-Tiles = 329
2026-06-02 10:32:00 [self-0019-1-defense] Move #327: 202 -> 203 | Army: 4 | Target-Terrain: 0 | Target: 242 | Half: False
2026-06-02 10:32:00 [self-0019-1-defense] My general index: 239
2026-06-02 10:32:00 [self-0019-1-defense] Enemy general index: None
2026-06-02 10:32:00 [self-0019-1-defense] Visible enemy tiles: 13
2026-06-02 10:32:00 [self-0019-1-defense] Tiles: 33 / 58
2026-06-02 10:32:00 [self-0019-1-defense] Map: 18 x 23 Turn: 346
2026-06-02 10:32:00 [self-0019-1-defense] Route planned: Target = 242 Mode = defense city-free reachable tiles = 327 Fallback-Tiles = 329
2026-06-02 10:32:00 [self-0019-1-defense] Priority agent: flow +6000 base = 147296 final = 153296
2026-06-02 10:32:00 [self-0019-1-defense] Move #328: 203 -> 204 | Army: 6 | Target-Terrain: 0 | Target: 242 | Half: False
2026-06-02 10:32:01 [self-0019-1-defense] Coach: stabilize tiles 33/58 army 152/251 cities 0/0 enemy_city_suspect False bias {'expansion_bias': 0.1, 'city_bias': 0.2, 'attack_bias': -0.5, 'defense_bias': 2.0, 'route_bias': 0.1}
2026-06-02 10:32:01 [self-0019-1-defense] My general index: 239
2026-06-02 10:32:01 [self-0019-1-defense] Enemy general index: None
2026-06-02 10:32:01 [self-0019-1-defense] Visible enemy tiles: 13
2026-06-02 10:32:01 [self-0019-1-defense] Tiles: 33 / 58
2026-06-02 10:32:01 [self-0019-1-defense] Map: 18 x 23 Turn: 347
2026-06-02 10:32:01 [self-0019-1-defense] Route planned: Target = 242 Mode = defense city-free reachable tiles = 327 Fallback-Tiles = 329
2026-06-02 10:32:01 [self-0019-1-defense] Priority agent: flow +6000 base = 151986 final = 157986
2026-06-02 10:32:01 [self-0019-1-defense] Move #329: 204 -> 205 | Army: 6 | Target-Terrain: 0 | Target: 242 | Half: False
2026-06-02 10:32:01 [self-0019-1-defense] My general index: 239
2026-06-02 10:32:01 [self-0019-1-defense] Enemy general index: None
2026-06-02 10:32:01 [self-0019-1-defense] Visible enemy tiles: 13
2026-06-02 10:32:01 [self-0019-1-defense] Tiles: 33 / 58
2026-06-02 10:32:01 [self-0019-1-defense] Map: 18 x 23 Turn: 348
2026-06-02 10:32:01 [self-0019-1-defense] Route planned: Target = 242 Mode = defense city-free reachable tiles = 327 Fallback-Tiles = 329
2026-06-02 10:32:01 [self-0019-1-defense] Priority agent: flow +6000 base = 183577 final = 189577
2026-06-02 10:32:01 [self-0019-1-defense] Move #330: 205 -> 206 | Army: 7 | Target-Terrain: 1 | Target: 242 | Half: False
2026-06-02 10:32:02 [self-0019-1-defense] My general index: 239
2026-06-02 10:32:02 [self-0019-1-defense] Enemy general index: None
2026-06-02 10:32:02 [self-0019-1-defense] Visible enemy tiles: 12
2026-06-02 10:32:02 [self-0019-1-defense] Tiles: 33 / 58
2026-06-02 10:32:02 [self-0019-1-defense] Map: 18 x 23 Turn: 349
2026-06-02 10:32:02 [self-0019-1-defense] Route planned: Target = 242 Mode = defense city-free reachable tiles = 327 Fallback-Tiles = 329
2026-06-02 10:32:02 [self-0019-1-defense] Priority agent: flow +6000 base = 149965 final = 155965
2026-06-02 10:32:02 [self-0019-1-defense] Move #331: 206 -> 224 | Army: 5 | Target-Terrain: 0 | Target: 242 | Half: False
2026-06-02 10:32:02 [self-0019-1-defense] My general index: 239
2026-06-02 10:32:02 [self-0019-1-defense] Enemy general index: None
2026-06-02 10:32:02 [self-0019-1-defense] Visible enemy tiles: 12
2026-06-02 10:32:02 [self-0019-1-defense] Tiles: 33 / 58
2026-06-02 10:32:02 [self-0019-1-defense] Map: 18 x 23 Turn: 350
2026-06-02 10:32:02 [self-0019-1-defense] Route planned: Target = 242 Mode = defense city-free reachable tiles = 327 Fallback-Tiles = 329
2026-06-02 10:32:02 [self-0019-1-defense] Move #332: 241 -> 242 | Army: 2 | Target-Terrain: 0 | Target: 242 | Half: False
2026-06-02 10:32:03 [self-0019-1-defense] My general index: 239
2026-06-02 10:32:03 [self-0019-1-defense] Enemy general index: None
2026-06-02 10:32:03 [self-0019-1-defense] Visible enemy tiles: 12
2026-06-02 10:32:03 [self-0019-1-defense] Tiles: 33 / 58
2026-06-02 10:32:03 [self-0019-1-defense] Map: 18 x 23 Turn: 351
2026-06-02 10:32:03 [self-0019-1-defense] Route planned: Target = 242 Mode = defense city-free reachable tiles = 327 Fallback-Tiles = 329
2026-06-02 10:32:03 [self-0019-1-defense] Move #333: 260 -> 242 | Army: 2 | Target-Terrain: 0 | Target: 242 | Half: False
2026-06-02 10:32:03 [self-0019-1-defense] My general index: 239
2026-06-02 10:32:03 [self-0019-1-defense] Enemy general index: None
2026-06-02 10:32:03 [self-0019-1-defense] Visible enemy tiles: 12
2026-06-02 10:32:03 [self-0019-1-defense] Tiles: 33 / 58
2026-06-02 10:32:03 [self-0019-1-defense] Map: 18 x 23 Turn: 352
2026-06-02 10:32:03 [self-0019-1-defense] Route planned: Target = 242 Mode = defense city-free reachable tiles = 327 Fallback-Tiles = 329
2026-06-02 10:32:03 [self-0019-1-defense] Priority agent: edge reuse -9000 base = 238256 final = 229256
2026-06-02 10:32:03 [self-0019-1-defense] Move #334: 224 -> 242 | Army: 6 | Target-Terrain: 0 | Target: 242 | Half: False
2026-06-02 10:32:04 [self-0019-1-defense] My general index: 239
2026-06-02 10:32:04 [self-0019-1-defense] Enemy general index: None
2026-06-02 10:32:04 [self-0019-1-defense] Visible enemy tiles: 12
2026-06-02 10:32:04 [self-0019-1-defense] Tiles: 33 / 58
2026-06-02 10:32:04 [self-0019-1-defense] Map: 18 x 23 Turn: 353
2026-06-02 10:32:04 [self-0019-1-defense] Route planned: Target = 242 Mode = defense city-free reachable tiles = 327 Fallback-Tiles = 329
2026-06-02 10:32:04 [self-0019-1-defense] Move #335: 188 -> 206 | Army: 2 | Target-Terrain: 0 | Target: 242 | Half: False
2026-06-02 10:32:04 [self-0019-1-defense] My general index: 239
2026-06-02 10:32:04 [self-0019-1-defense] Enemy general index: None
2026-06-02 10:32:04 [self-0019-1-defense] Visible enemy tiles: 12
2026-06-02 10:32:04 [self-0019-1-defense] Tiles: 33 / 58
2026-06-02 10:32:04 [self-0019-1-defense] Map: 18 x 23 Turn: 354
2026-06-02 10:32:04 [self-0019-1-defense] Route planned: Target = 242 Mode = defense city-free reachable tiles = 327 Fallback-Tiles = 329
2026-06-02 10:32:04 [self-0019-1-defense] Move #336: 261 -> 260 | Army: 2 | Target-Terrain: 0 | Target: 242 | Half: False
2026-06-02 10:32:05 [self-0019-1-defense] My general index: 239
2026-06-02 10:32:05 [self-0019-1-defense] Enemy general index: None
2026-06-02 10:32:05 [self-0019-1-defense] Visible enemy tiles: 12
2026-06-02 10:32:05 [self-0019-1-defense] Tiles: 33 / 58
2026-06-02 10:32:05 [self-0019-1-defense] Map: 18 x 23 Turn: 355
2026-06-02 10:32:05 [self-0019-1-defense] Route planned: Target = 242 Mode = defense city-free reachable tiles = 327 Fallback-Tiles = 329
2026-06-02 10:32:05 [self-0019-1-defense] Priority agent: edge reuse -9000, flow +6000 base = 238252 final = 235252
2026-06-02 10:32:05 [self-0019-1-defense] Move #337: 260 -> 242 | Army: 2 | Target-Terrain: 0 | Target: 242 | Half: False
2026-06-02 10:32:05 [self-0019-1-defense] My general index: 239
2026-06-02 10:32:05 [self-0019-1-defense] Enemy general index: None
2026-06-02 10:32:05 [self-0019-1-defense] Visible enemy tiles: 12
2026-06-02 10:32:05 [self-0019-1-defense] Tiles: 33 / 58
2026-06-02 10:32:05 [self-0019-1-defense] Map: 18 x 23 Turn: 356
2026-06-02 10:32:05 [self-0019-1-defense] Route planned: Target = 242 Mode = defense city-free reachable tiles = 327 Fallback-Tiles = 329
2026-06-02 10:32:05 [self-0019-1-defense] Move #338: 227 -> 226 | Army: 2 | Target-Terrain: 0 | Target: 242 | Half: False
2026-06-02 10:32:06 [self-0019-1-defense] My general index: 239
2026-06-02 10:32:06 [self-0019-1-defense] Enemy general index: None
2026-06-02 10:32:06 [self-0019-1-defense] Visible enemy tiles: 12
2026-06-02 10:32:06 [self-0019-1-defense] Tiles: 33 / 58
2026-06-02 10:32:06 [self-0019-1-defense] Map: 18 x 23 Turn: 357
2026-06-02 10:32:06 [self-0019-1-defense] Route planned: Target = 242 Mode = defense city-free reachable tiles = 327 Fallback-Tiles = 329
2026-06-02 10:32:06 [self-0019-1-defense] Priority agent: flow +6000 base = 146273 final = 152273
2026-06-02 10:32:06 [self-0019-1-defense] Move #339: 226 -> 225 | Army: 3 | Target-Terrain: 0 | Target: 242 | Half: False
2026-06-02 10:32:06 [self-0019-1-defense] My general index: 239
2026-06-02 10:32:06 [self-0019-1-defense] Enemy general index: None
2026-06-02 10:32:06 [self-0019-1-defense] Visible enemy tiles: 12
2026-06-02 10:32:06 [self-0019-1-defense] Tiles: 33 / 58
2026-06-02 10:32:06 [self-0019-1-defense] Map: 18 x 23 Turn: 358
2026-06-02 10:32:06 [self-0019-1-defense] Route planned: Target = 242 Mode = defense city-free reachable tiles = 327 Fallback-Tiles = 329
2026-06-02 10:32:06 [self-0019-1-defense] Move #340: 191 -> 209 | Army: 3 | Target-Terrain: 1 | Target: 242 | Half: False
2026-06-02 10:32:07 [self-0019-1-defense] My general index: 239
2026-06-02 10:32:07 [self-0019-1-defense] Enemy general index: None
2026-06-02 10:32:07 [self-0019-1-defense] Visible enemy tiles: 12
2026-06-02 10:32:07 [self-0019-1-defense] Tiles: 33 / 58
2026-06-02 10:32:07 [self-0019-1-defense] Map: 18 x 23 Turn: 359
2026-06-02 10:32:07 [self-0019-1-defense] Route planned: Target = 242 Mode = defense city-free reachable tiles = 327 Fallback-Tiles = 329
2026-06-02 10:32:07 [self-0019-1-defense] Move #341: 223 -> 224 | Army: 2 | Target-Terrain: 0 | Target: 242 | Half: False
2026-06-02 10:32:07 [self-0019-1-defense] My general index: 239
2026-06-02 10:32:07 [self-0019-1-defense] Enemy general index: None
2026-06-02 10:32:07 [self-0019-1-defense] Visible enemy tiles: 12
2026-06-02 10:32:07 [self-0019-1-defense] Tiles: 33 / 58
2026-06-02 10:32:07 [self-0019-1-defense] Map: 18 x 23 Turn: 360
2026-06-02 10:32:07 [self-0019-1-defense] Route planned: Target = 242 Mode = defense city-free reachable tiles = 327 Fallback-Tiles = 329
2026-06-02 10:32:07 [self-0019-1-defense] Priority agent: edge reuse -9000, flow +6000 base = 238252 final = 235252
2026-06-02 10:32:07 [self-0019-1-defense] Move #342: 224 -> 242 | Army: 2 | Target-Terrain: 0 | Target: 242 | Half: False
2026-06-02 10:32:08 [self-0019-1-defense] My general index: 239
2026-06-02 10:32:08 [self-0019-1-defense] Enemy general index: None
2026-06-02 10:32:08 [self-0019-1-defense] Visible enemy tiles: 13
2026-06-02 10:32:08 [self-0019-1-defense] Tiles: 32 / 59
2026-06-02 10:32:08 [self-0019-1-defense] Map: 18 x 23 Turn: 361
2026-06-02 10:32:08 [self-0019-1-defense] Route planned: Target = 242 Mode = defense city-free reachable tiles = 327 Fallback-Tiles = 329
2026-06-02 10:32:08 [self-0019-1-defense] Move #343: 192 -> 210 | Army: 3 | Target-Terrain: 1 | Target: 242 | Half: False
2026-06-02 10:32:08 [self-0019-1-defense] My general index: 239
2026-06-02 10:32:08 [self-0019-1-defense] Enemy general index: None
2026-06-02 10:32:08 [self-0019-1-defense] Visible enemy tiles: 13
2026-06-02 10:32:08 [self-0019-1-defense] Tiles: 32 / 59
2026-06-02 10:32:08 [self-0019-1-defense] Map: 18 x 23 Turn: 362
2026-06-02 10:32:08 [self-0019-1-defense] Route planned: Target = 242 Mode = defense city-free reachable tiles = 327 Fallback-Tiles = 328
2026-06-02 10:32:08 [self-0019-1-defense] Move #344: 187 -> 205 | Army: 2 | Target-Terrain: 0 | Target: 242 | Half: False
2026-06-02 10:32:09 [self-0019-1-defense] My general index: 239
2026-06-02 10:32:09 [self-0019-1-defense] Enemy general index: None
2026-06-02 10:32:09 [self-0019-1-defense] Visible enemy tiles: 13
2026-06-02 10:32:09 [self-0019-1-defense] Tiles: 32 / 60
2026-06-02 10:32:09 [self-0019-1-defense] Map: 18 x 23 Turn: 363
2026-06-02 10:32:09 [self-0019-1-defense] Route planned: Target = 242 Mode = defense city-free reachable tiles = 327 Fallback-Tiles = 328
2026-06-02 10:32:09 [self-0019-1-defense] Priority agent: flow +6000 base = 154673 final = 160673
2026-06-02 10:32:09 [self-0019-1-defense] Move #345: 205 -> 206 | Army: 3 | Target-Terrain: 0 | Target: 242 | Half: False
2026-06-02 10:32:09 [self-0019-1-defense] My general index: 239
2026-06-02 10:32:09 [self-0019-1-defense] Enemy general index: None
2026-06-02 10:32:09 [self-0019-1-defense] Visible enemy tiles: 13
2026-06-02 10:32:09 [self-0019-1-defense] Tiles: 32 / 60
2026-06-02 10:32:09 [self-0019-1-defense] Map: 18 x 23 Turn: 364
2026-06-02 10:32:09 [self-0019-1-defense] Route planned: Target = 242 Mode = defense city-free reachable tiles = 327 Fallback-Tiles = 328
2026-06-02 10:32:09 [self-0019-1-defense] Priority agent: flow +6000 base = 152165 final = 158165
2026-06-02 10:32:09 [self-0019-1-defense] Move #346: 206 -> 224 | Army: 5 | Target-Terrain: 0 | Target: 242 | Half: False
2026-06-02 10:32:10 [self-0019-1-defense] My general index: 239
2026-06-02 10:32:10 [self-0019-1-defense] Enemy general index: None
2026-06-02 10:32:10 [self-0019-1-defense] Visible enemy tiles: 13
2026-06-02 10:32:10 [self-0019-1-defense] Tiles: 32 / 60
2026-06-02 10:32:10 [self-0019-1-defense] Map: 18 x 23 Turn: 365
2026-06-02 10:32:10 [self-0019-1-defense] Route planned: Target = 242 Mode = defense city-free reachable tiles = 327 Fallback-Tiles = 328
2026-06-02 10:32:10 [self-0019-1-defense] Priority agent: edge reuse -18000, flow +6000 base = 227655 final = 215655
2026-06-02 10:32:10 [self-0019-1-defense] Move #347: 224 -> 242 | Army: 5 | Target-Terrain: 0 | Target: 242 | Half: False
2026-06-02 10:32:10 [self-0019-1-defense] My general index: 239
2026-06-02 10:32:10 [self-0019-1-defense] Enemy general index: None
2026-06-02 10:32:10 [self-0019-1-defense] Visible enemy tiles: 13
2026-06-02 10:32:10 [self-0019-1-defense] Tiles: 32 / 60
2026-06-02 10:32:10 [self-0019-1-defense] Map: 18 x 23 Turn: 366
2026-06-02 10:32:10 [self-0019-1-defense] Route planned: Target = 242 Mode = defense city-free reachable tiles = 327 Fallback-Tiles = 328
2026-06-02 10:32:10 [self-0019-1-defense] Move #348: 263 -> 262 | Army: 2 | Target-Terrain: 0 | Target: 242 | Half: False
2026-06-02 10:32:11 [self-0019-1-defense] My general index: 239
2026-06-02 10:32:11 [self-0019-1-defense] Enemy general index: None
2026-06-02 10:32:11 [self-0019-1-defense] Visible enemy tiles: 14
2026-06-02 10:32:11 [self-0019-1-defense] Tiles: 31 / 61
2026-06-02 10:32:11 [self-0019-1-defense] Map: 18 x 23 Turn: 367
2026-06-02 10:32:11 [self-0019-1-defense] Route planned: Target = 242 Mode = defense city-free reachable tiles = 327 Fallback-Tiles = 328
2026-06-02 10:32:11 [self-0019-1-defense] Priority agent: flow +6000 base = 148473 final = 154473
2026-06-02 10:32:11 [self-0019-1-defense] Move #349: 262 -> 261 | Army: 3 | Target-Terrain: 0 | Target: 242 | Half: False
2026-06-02 10:32:11 [self-0019-1-defense] My general index: 239
2026-06-02 10:32:11 [self-0019-1-defense] Enemy general index: None
2026-06-02 10:32:11 [self-0019-1-defense] Visible enemy tiles: 14
2026-06-02 10:32:11 [self-0019-1-defense] Tiles: 31 / 61
2026-06-02 10:32:11 [self-0019-1-defense] Map: 18 x 23 Turn: 368
2026-06-02 10:32:11 [self-0019-1-defense] Route planned: Target = 242 Mode = defense city-free reachable tiles = 327 Fallback-Tiles = 328
2026-06-02 10:32:11 [self-0019-1-defense] Move #350: 169 -> 187 | Army: 2 | Target-Terrain: 0 | Target: 242 | Half: False
2026-06-02 10:32:12 [self-0019-1-defense] My general index: 239
2026-06-02 10:32:12 [self-0019-1-defense] Enemy general index: None
2026-06-02 10:32:12 [self-0019-1-defense] Visible enemy tiles: 14
2026-06-02 10:32:12 [self-0019-1-defense] Tiles: 31 / 61
2026-06-02 10:32:12 [self-0019-1-defense] Map: 18 x 23 Turn: 369
2026-06-02 10:32:12 [self-0019-1-defense] Route planned: Target = 242 Mode = defense city-free reachable tiles = 327 Fallback-Tiles = 328
2026-06-02 10:32:12 [self-0019-1-defense] Priority agent: flow +6000 base = 143982 final = 149982
2026-06-02 10:32:12 [self-0019-1-defense] Move #351: 187 -> 188 | Army: 2 | Target-Terrain: 0 | Target: 242 | Half: False
2026-06-02 10:32:12 [self-0019-1-defense] My general index: 239
2026-06-02 10:32:12 [self-0019-1-defense] Enemy general index: None
2026-06-02 10:32:12 [self-0019-1-defense] Visible enemy tiles: 14
2026-06-02 10:32:12 [self-0019-1-defense] Tiles: 31 / 61
2026-06-02 10:32:12 [self-0019-1-defense] Map: 18 x 23 Turn: 370
2026-06-02 10:32:12 [self-0019-1-defense] Route planned: Target = 242 Mode = defense city-free reachable tiles = 327 Fallback-Tiles = 328
2026-06-02 10:32:12 [self-0019-1-defense] Move #352: 261 -> 260 | Army: 3 | Target-Terrain: 0 | Target: 242 | Half: False
2026-06-02 10:32:13 [self-0019-1-defense] My general index: 239
2026-06-02 10:32:13 [self-0019-1-defense] Enemy general index: None
2026-06-02 10:32:13 [self-0019-1-defense] Visible enemy tiles: 14
2026-06-02 10:32:13 [self-0019-1-defense] Tiles: 31 / 61
2026-06-02 10:32:13 [self-0019-1-defense] Map: 18 x 23 Turn: 371
2026-06-02 10:32:13 [self-0019-1-defense] Route planned: Target = 242 Mode = defense city-free reachable tiles = 327 Fallback-Tiles = 328
2026-06-02 10:32:13 [self-0019-1-defense] Priority agent: flow +6000 base = 240453 final = 246453
2026-06-02 10:32:13 [self-0019-1-defense] Move #353: 260 -> 242 | Army: 3 | Target-Terrain: 0 | Target: 242 | Half: False
2026-06-02 10:32:13 [self-0019-1-defense] My general index: 239
2026-06-02 10:32:13 [self-0019-1-defense] Enemy general index: None
2026-06-02 10:32:13 [self-0019-1-defense] Visible enemy tiles: 15
2026-06-02 10:32:13 [self-0019-1-defense] Tiles: 30 / 62
2026-06-02 10:32:13 [self-0019-1-defense] Map: 18 x 23 Turn: 372
2026-06-02 10:32:13 [self-0019-1-defense] Route planned: Target = 242 Mode = defense city-free reachable tiles = 327 Fallback-Tiles = 328
2026-06-02 10:32:13 [self-0019-1-defense] Move #354: 258 -> 259 | Army: 39 | Target-Terrain: 0 | Target: 242 | Half: False
2026-06-02 10:32:14 [self-0019-1-defense] My general index: 239
2026-06-02 10:32:14 [self-0019-1-defense] Enemy general index: None
2026-06-02 10:32:14 [self-0019-1-defense] Visible enemy tiles: 15
2026-06-02 10:32:14 [self-0019-1-defense] Tiles: 30 / 62
2026-06-02 10:32:14 [self-0019-1-defense] Map: 18 x 23 Turn: 373
2026-06-02 10:32:14 [self-0019-1-defense] Route planned: Target = 258 Mode = defense city-free reachable tiles = 327 Fallback-Tiles = 328
2026-06-02 10:32:14 [self-0019-1-defense] Priority agent: reverse -35000, edge reuse -9000 base = 234090 final = 190090
2026-06-02 10:32:14 [self-0019-1-defense] Move #355: 259 -> 258 | Army: 40 | Target-Terrain: 0 | Target: 258 | Half: False
2026-06-02 10:32:14 [self-0019-1-defense] My general index: 239
2026-06-02 10:32:14 [self-0019-1-defense] Enemy general index: None
2026-06-02 10:32:14 [self-0019-1-defense] Visible enemy tiles: 15
2026-06-02 10:32:14 [self-0019-1-defense] Tiles: 30 / 62
2026-06-02 10:32:14 [self-0019-1-defense] Map: 18 x 23 Turn: 374
2026-06-02 10:32:14 [self-0019-1-defense] Route planned: Target = 242 Mode = defense city-free reachable tiles = 327 Fallback-Tiles = 328
2026-06-02 10:32:14 [self-0019-1-defense] Move #356: 225 -> 224 | Army: 4 | Target-Terrain: 0 | Target: 242 | Half: False
2026-06-02 10:32:15 [self-0019-1-defense] My general index: 239
2026-06-02 10:32:15 [self-0019-1-defense] Enemy general index: None
2026-06-02 10:32:15 [self-0019-1-defense] Visible enemy tiles: 15
2026-06-02 10:32:15 [self-0019-1-defense] Tiles: 30 / 62
2026-06-02 10:32:15 [self-0019-1-defense] Map: 18 x 23 Turn: 375
2026-06-02 10:32:15 [self-0019-1-defense] Route planned: Target = 242 Mode = defense city-free reachable tiles = 327 Fallback-Tiles = 328
2026-06-02 10:32:15 [self-0019-1-defense] Priority agent: edge reuse -9000, flow +6000 base = 242654 final = 239654
2026-06-02 10:32:15 [self-0019-1-defense] Move #357: 224 -> 242 | Army: 4 | Target-Terrain: 0 | Target: 242 | Half: False
2026-06-02 10:32:15 [self-0019-1-defense] My general index: 239
2026-06-02 10:32:15 [self-0019-1-defense] Enemy general index: None
2026-06-02 10:32:15 [self-0019-1-defense] Visible enemy tiles: 15
2026-06-02 10:32:15 [self-0019-1-defense] Tiles: 30 / 62
2026-06-02 10:32:15 [self-0019-1-defense] Map: 18 x 23 Turn: 376
2026-06-02 10:32:15 [self-0019-1-defense] Route planned: Target = 242 Mode = defense city-free reachable tiles = 327 Fallback-Tiles = 328
2026-06-02 10:32:15 [self-0019-1-defense] Move #358: 204 -> 205 | Army: 2 | Target-Terrain: 0 | Target: 242 | Half: False
2026-06-02 10:32:16 [self-0019-1-defense] My general index: 239
2026-06-02 10:32:16 [self-0019-1-defense] Enemy general index: None
2026-06-02 10:32:16 [self-0019-1-defense] Visible enemy tiles: 15
2026-06-02 10:32:16 [self-0019-1-defense] Tiles: 30 / 62
2026-06-02 10:32:16 [self-0019-1-defense] Map: 18 x 23 Turn: 377
2026-06-02 10:32:16 [self-0019-1-defense] Route planned: Target = 242 Mode = defense city-free reachable tiles = 327 Fallback-Tiles = 328
2026-06-02 10:32:16 [self-0019-1-defense] Priority agent: flow +6000 base = 146272 final = 152272
2026-06-02 10:32:16 [self-0019-1-defense] Move #359: 205 -> 223 | Army: 2 | Target-Terrain: 0 | Target: 242 | Half: False
2026-06-02 10:32:16 [self-0019-1-defense] My general index: 239
2026-06-02 10:32:16 [self-0019-1-defense] Enemy general index: None
2026-06-02 10:32:16 [self-0019-1-defense] Visible enemy tiles: 15
2026-06-02 10:32:16 [self-0019-1-defense] Tiles: 30 / 62
2026-06-02 10:32:16 [self-0019-1-defense] Map: 18 x 23 Turn: 378
2026-06-02 10:32:16 [self-0019-1-defense] Route planned: Target = 242 Mode = defense city-free reachable tiles = 327 Fallback-Tiles = 328
2026-06-02 10:32:16 [self-0019-1-defense] Priority agent: flow +6000 base = 146362 final = 152362
2026-06-02 10:32:16 [self-0019-1-defense] Move #360: 223 -> 241 | Army: 2 | Target-Terrain: 0 | Target: 242 | Half: False
2026-06-02 10:32:17 [self-0019-1-defense] My general index: 239
2026-06-02 10:32:17 [self-0019-1-defense] Enemy general index: None
2026-06-02 10:32:17 [self-0019-1-defense] Visible enemy tiles: 15
2026-06-02 10:32:17 [self-0019-1-defense] Tiles: 30 / 62
2026-06-02 10:32:17 [self-0019-1-defense] Map: 18 x 23 Turn: 379
2026-06-02 10:32:17 [self-0019-1-defense] Route planned: Target = 242 Mode = defense city-free reachable tiles = 327 Fallback-Tiles = 328
2026-06-02 10:32:17 [self-0019-1-defense] Priority agent: flow +6000 base = 238252 final = 244252
2026-06-02 10:32:17 [self-0019-1-defense] Move #361: 241 -> 242 | Army: 2 | Target-Terrain: 0 | Target: 242 | Half: False
2026-06-02 10:32:17 [self-0019-1-defense] My general index: 239
2026-06-02 10:32:17 [self-0019-1-defense] Enemy general index: None
2026-06-02 10:32:17 [self-0019-1-defense] Visible enemy tiles: 15
2026-06-02 10:32:17 [self-0019-1-defense] Tiles: 30 / 62
2026-06-02 10:32:17 [self-0019-1-defense] Map: 18 x 23 Turn: 380
2026-06-02 10:32:17 [self-0019-1-defense] Route planned: Target = 242 Mode = defense city-free reachable tiles = 327 Fallback-Tiles = 328
2026-06-02 10:32:17 [self-0019-1-defense] Move #362: 186 -> 187 | Army: 2 | Target-Terrain: 0 | Target: 242 | Half: False
2026-06-02 10:32:18 [self-0019-1-defense] My general index: 239
2026-06-02 10:32:18 [self-0019-1-defense] Enemy general index: None
2026-06-02 10:32:18 [self-0019-1-defense] Visible enemy tiles: 15
2026-06-02 10:32:18 [self-0019-1-defense] Tiles: 30 / 62
2026-06-02 10:32:18 [self-0019-1-defense] Map: 18 x 23 Turn: 381
2026-06-02 10:32:18 [self-0019-1-defense] Route planned: Target = 242 Mode = defense city-free reachable tiles = 327 Fallback-Tiles = 328
2026-06-02 10:32:18 [self-0019-1-defense] Priority agent: flow +6000 base = 146182 final = 152182
2026-06-02 10:32:18 [self-0019-1-defense] Move #363: 187 -> 205 | Army: 2 | Target-Terrain: 0 | Target: 242 | Half: False
2026-06-02 10:32:18 [self-0019-1-defense] My general index: 239
2026-06-02 10:32:18 [self-0019-1-defense] Enemy general index: None
2026-06-02 10:32:18 [self-0019-1-defense] Visible enemy tiles: 15
2026-06-02 10:32:18 [self-0019-1-defense] Tiles: 30 / 62
2026-06-02 10:32:18 [self-0019-1-defense] Map: 18 x 23 Turn: 382
2026-06-02 10:32:18 [self-0019-1-defense] Route planned: Target = 242 Mode = defense city-free reachable tiles = 327 Fallback-Tiles = 328
2026-06-02 10:32:18 [self-0019-1-defense] Move #364: 185 -> 186 | Army: 2 | Target-Terrain: 0 | Target: 242 | Half: False
2026-06-02 10:32:19 [self-0019-1-defense] My general index: 239
2026-06-02 10:32:19 [self-0019-1-defense] Enemy general index: None
2026-06-02 10:32:19 [self-0019-1-defense] Visible enemy tiles: 15
2026-06-02 10:32:19 [self-0019-1-defense] Tiles: 30 / 62
2026-06-02 10:32:19 [self-0019-1-defense] Map: 18 x 23 Turn: 383
2026-06-02 10:32:19 [self-0019-1-defense] Route planned: Target = 242 Mode = defense city-free reachable tiles = 327 Fallback-Tiles = 328
2026-06-02 10:32:19 [self-0019-1-defense] Priority agent: flow +6000 base = 146092 final = 152092
2026-06-02 10:32:19 [self-0019-1-defense] Move #365: 186 -> 204 | Army: 2 | Target-Terrain: 0 | Target: 242 | Half: False
2026-06-02 10:32:19 [self-0019-1-defense] My general index: 239
2026-06-02 10:32:19 [self-0019-1-defense] Enemy general index: None
2026-06-02 10:32:19 [self-0019-1-defense] Visible enemy tiles: 15
2026-06-02 10:32:19 [self-0019-1-defense] Tiles: 30 / 62
2026-06-02 10:32:19 [self-0019-1-defense] Map: 18 x 23 Turn: 384
2026-06-02 10:32:19 [self-0019-1-defense] Route planned: Target = 242 Mode = defense city-free reachable tiles = 327 Fallback-Tiles = 328
2026-06-02 10:32:19 [self-0019-1-defense] Move #366: 228 -> 227 | Army: 2 | Target-Terrain: 0 | Target: 242 | Half: False
2026-06-02 10:32:20 [self-0019-1-defense] My general index: 239
2026-06-02 10:32:20 [self-0019-1-defense] Enemy general index: None
2026-06-02 10:32:20 [self-0019-1-defense] Visible enemy tiles: 15
2026-06-02 10:32:20 [self-0019-1-defense] Tiles: 30 / 62
2026-06-02 10:32:20 [self-0019-1-defense] Map: 18 x 23 Turn: 385
2026-06-02 10:32:20 [self-0019-1-defense] Route planned: Target = 259 Mode = defense city-free reachable tiles = 327 Fallback-Tiles = 328
2026-06-02 10:32:20 [self-0019-1-defense] Priority agent: edge reuse -18000 base = 233790 final = 215790
2026-06-02 10:32:20 [self-0019-1-defense] Move #367: 258 -> 259 | Army: 40 | Target-Terrain: 0 | Target: 259 | Half: False
2026-06-02 10:32:20 [self-0019-1-defense] My general index: 239
2026-06-02 10:32:20 [self-0019-1-defense] Enemy general index: None
2026-06-02 10:32:20 [self-0019-1-defense] Visible enemy tiles: 16
2026-06-02 10:32:20 [self-0019-1-defense] Tiles: 29 / 63
2026-06-02 10:32:20 [self-0019-1-defense] Map: 18 x 23 Turn: 386
2026-06-02 10:32:20 [self-0019-1-defense] Route planned: Target = 258 Mode = defense city-free reachable tiles = 327 Fallback-Tiles = 328
2026-06-02 10:32:20 [self-0019-1-defense] Priority agent: reverse -35000, edge reuse -27000 base = 219090 final = 157090
2026-06-02 10:32:20 [self-0019-1-defense] Move #368: 259 -> 258 | Army: 40 | Target-Terrain: 0 | Target: 258 | Half: False
2026-06-02 10:32:21 [self-0019-1-defense] My general index: 239
2026-06-02 10:32:21 [self-0019-1-defense] Enemy general index: None
2026-06-02 10:32:21 [self-0019-1-defense] Visible enemy tiles: 16
2026-06-02 10:32:21 [self-0019-1-defense] Tiles: 29 / 63
2026-06-02 10:32:21 [self-0019-1-defense] Map: 18 x 23 Turn: 387
2026-06-02 10:32:21 [self-0019-1-defense] Route planned: Target = 206 Mode = defense city-free reachable tiles = 327 Fallback-Tiles = 328
2026-06-02 10:32:21 [self-0019-1-defense] Move #369: 202 -> 203 | Army: 2 | Target-Terrain: 0 | Target: 206 | Half: False
2026-06-02 10:32:21 [self-0019-1-defense] My general index: 239
2026-06-02 10:32:21 [self-0019-1-defense] Enemy general index: None
2026-06-02 10:32:21 [self-0019-1-defense] Visible enemy tiles: 16
2026-06-02 10:32:21 [self-0019-1-defense] Tiles: 29 / 63
2026-06-02 10:32:21 [self-0019-1-defense] Map: 18 x 23 Turn: 388
2026-06-02 10:32:21 [self-0019-1-defense] Route planned: Target = 206 Mode = defense city-free reachable tiles = 327 Fallback-Tiles = 328
2026-06-02 10:32:21 [self-0019-1-defense] Priority agent: flow +6000 base = 146273 final = 152273
2026-06-02 10:32:21 [self-0019-1-defense] Move #370: 203 -> 204 | Army: 3 | Target-Terrain: 0 | Target: 206 | Half: False
2026-06-02 10:32:22 [self-0019-1-defense] My general index: 239
2026-06-02 10:32:22 [self-0019-1-defense] Enemy general index: None
2026-06-02 10:32:22 [self-0019-1-defense] Visible enemy tiles: 16
2026-06-02 10:32:22 [self-0019-1-defense] Tiles: 29 / 63
2026-06-02 10:32:22 [self-0019-1-defense] Map: 18 x 23 Turn: 389
2026-06-02 10:32:22 [self-0019-1-defense] Route planned: Target = 206 Mode = defense city-free reachable tiles = 327 Fallback-Tiles = 328
2026-06-02 10:32:22 [self-0019-1-defense] Move #371: 201 -> 202 | Army: 3 | Target-Terrain: 0 | Target: 206 | Half: False
2026-06-02 10:32:22 [self-0019-1-defense] My general index: 239
2026-06-02 10:32:22 [self-0019-1-defense] Enemy general index: None
2026-06-02 10:32:22 [self-0019-1-defense] Visible enemy tiles: 16
2026-06-02 10:32:22 [self-0019-1-defense] Tiles: 29 / 63
2026-06-02 10:32:22 [self-0019-1-defense] Map: 18 x 23 Turn: 390
2026-06-02 10:32:22 [self-0019-1-defense] Route planned: Target = 206 Mode = defense city-free reachable tiles = 327 Fallback-Tiles = 328
2026-06-02 10:32:22 [self-0019-1-defense] Move #372: 220 -> 221 | Army: 3 | Target-Terrain: 0 | Target: 206 | Half: False
2026-06-02 10:32:23 [self-0019-1-defense] My general index: 239
2026-06-02 10:32:23 [self-0019-1-defense] Enemy general index: None
2026-06-02 10:32:23 [self-0019-1-defense] Visible enemy tiles: 16
2026-06-02 10:32:23 [self-0019-1-defense] Tiles: 29 / 63
2026-06-02 10:32:23 [self-0019-1-defense] Map: 18 x 23 Turn: 391
2026-06-02 10:32:23 [self-0019-1-defense] Route planned: Target = 206 Mode = defense city-free reachable tiles = 327 Fallback-Tiles = 328
2026-06-02 10:32:23 [self-0019-1-defense] Priority agent: flow +6000 base = 146185 final = 152185
2026-06-02 10:32:23 [self-0019-1-defense] Move #373: 221 -> 203 | Army: 5 | Target-Terrain: 0 | Target: 206 | Half: False
2026-06-02 10:32:23 [self-0019-1-defense] My general index: 239
2026-06-02 10:32:23 [self-0019-1-defense] Enemy general index: None
2026-06-02 10:32:23 [self-0019-1-defense] Visible enemy tiles: 16
2026-06-02 10:32:23 [self-0019-1-defense] Tiles: 29 / 63
2026-06-02 10:32:23 [self-0019-1-defense] Map: 18 x 23 Turn: 392
2026-06-02 10:32:23 [self-0019-1-defense] Route planned: Target = 206 Mode = defense city-free reachable tiles = 327 Fallback-Tiles = 328
2026-06-02 10:32:23 [self-0019-1-defense] Move #374: 245 -> 244 | Army: 3 | Target-Terrain: 0 | Target: 206 | Half: False
2026-06-02 10:32:24 [self-0019-1-defense] My general index: 239
2026-06-02 10:32:24 [self-0019-1-defense] Enemy general index: None
2026-06-02 10:32:24 [self-0019-1-defense] Visible enemy tiles: 16
2026-06-02 10:32:24 [self-0019-1-defense] Tiles: 29 / 63
2026-06-02 10:32:24 [self-0019-1-defense] Map: 18 x 23 Turn: 393
2026-06-02 10:32:24 [self-0019-1-defense] Route planned: Target = 206 Mode = defense city-free reachable tiles = 327 Fallback-Tiles = 328
2026-06-02 10:32:24 [self-0019-1-defense] Priority agent: flow +6000 base = 173834 final = 179834
2026-06-02 10:32:24 [self-0019-1-defense] Move #375: 244 -> 226 | Army: 4 | Target-Terrain: 1 | Target: 206 | Half: False
2026-06-02 10:32:24 [self-0019-1-defense] My general index: 239
2026-06-02 10:32:24 [self-0019-1-defense] Enemy general index: None
2026-06-02 10:32:24 [self-0019-1-defense] Visible enemy tiles: 15
2026-06-02 10:32:24 [self-0019-1-defense] Tiles: 30 / 62
2026-06-02 10:32:24 [self-0019-1-defense] Map: 18 x 23 Turn: 394
2026-06-02 10:32:24 [self-0019-1-defense] Route planned: Target = 206 Mode = defense city-free reachable tiles = 327 Fallback-Tiles = 328
2026-06-02 10:32:24 [self-0019-1-defense] Priority agent: flow +6000 base = 146272 final = 152272
2026-06-02 10:32:24 [self-0019-1-defense] Move #376: 226 -> 225 | Army: 2 | Target-Terrain: 0 | Target: 206 | Half: False
2026-06-02 10:32:25 [self-0019-1-defense] My general index: 239
2026-06-02 10:32:25 [self-0019-1-defense] Enemy general index: None
2026-06-02 10:32:25 [self-0019-1-defense] Visible enemy tiles: 15
2026-06-02 10:32:25 [self-0019-1-defense] Tiles: 30 / 62
2026-06-02 10:32:25 [self-0019-1-defense] Map: 18 x 23 Turn: 395
2026-06-02 10:32:25 [self-0019-1-defense] Route planned: Target = 206 Mode = defense city-free reachable tiles = 327 Fallback-Tiles = 328
2026-06-02 10:32:25 [self-0019-1-defense] Priority agent: flow +6000 base = 146362 final = 152362
2026-06-02 10:32:25 [self-0019-1-defense] Move #377: 225 -> 224 | Army: 2 | Target-Terrain: 0 | Target: 206 | Half: False
2026-06-02 10:32:25 [self-0019-1-defense] My general index: 239
2026-06-02 10:32:25 [self-0019-1-defense] Enemy general index: None
2026-06-02 10:32:25 [self-0019-1-defense] Visible enemy tiles: 15
2026-06-02 10:32:25 [self-0019-1-defense] Tiles: 30 / 62
2026-06-02 10:32:25 [self-0019-1-defense] Map: 18 x 23 Turn: 396
2026-06-02 10:32:25 [self-0019-1-defense] Route planned: Target = 206 Mode = defense city-free reachable tiles = 327 Fallback-Tiles = 328
2026-06-02 10:32:25 [self-0019-1-defense] Move #378: 227 -> 226 | Army: 2 | Target-Terrain: 0 | Target: 206 | Half: False
2026-06-02 10:32:26 [self-0019-1-defense] Coach: stabilize tiles 30/62 army 198/316 cities 0/0 enemy_city_suspect False bias {'expansion_bias': 0.1, 'city_bias': 0.2, 'attack_bias': -0.5, 'defense_bias': 2.0, 'route_bias': 0.1}
2026-06-02 10:32:26 [self-0019-1-defense] My general index: 239
2026-06-02 10:32:26 [self-0019-1-defense] Enemy general index: None
2026-06-02 10:32:26 [self-0019-1-defense] Visible enemy tiles: 15
2026-06-02 10:32:26 [self-0019-1-defense] Tiles: 30 / 62
2026-06-02 10:32:26 [self-0019-1-defense] Map: 18 x 23 Turn: 397
2026-06-02 10:32:26 [self-0019-1-defense] Route planned: Target = 206 Mode = defense city-free reachable tiles = 327 Fallback-Tiles = 328
2026-06-02 10:32:26 [self-0019-1-defense] Move #379: 246 -> 245 | Army: 2 | Target-Terrain: 0 | Target: 206 | Half: False
2026-06-02 10:32:26 [self-0019-1-defense] My general index: 239
2026-06-02 10:32:26 [self-0019-1-defense] Enemy general index: None
2026-06-02 10:32:26 [self-0019-1-defense] Visible enemy tiles: 15
2026-06-02 10:32:26 [self-0019-1-defense] Tiles: 30 / 62
2026-06-02 10:32:26 [self-0019-1-defense] Map: 18 x 23 Turn: 398
2026-06-02 10:32:26 [self-0019-1-defense] Route planned: Target = 206 Mode = defense city-free reachable tiles = 327 Fallback-Tiles = 328
2026-06-02 10:32:26 [self-0019-1-defense] Priority agent: flow +6000 base = 143892 final = 149892
2026-06-02 10:32:26 [self-0019-1-defense] Move #380: 245 -> 227 | Army: 2 | Target-Terrain: 0 | Target: 206 | Half: False
2026-06-02 10:32:27 [self-0019-1-defense] My general index: 239
2026-06-02 10:32:27 [self-0019-1-defense] Enemy general index: None
2026-06-02 10:32:27 [self-0019-1-defense] Visible enemy tiles: 15
2026-06-02 10:32:27 [self-0019-1-defense] Tiles: 30 / 62
2026-06-02 10:32:27 [self-0019-1-defense] Map: 18 x 23 Turn: 399
2026-06-02 10:32:27 [self-0019-1-defense] Route planned: Target = 206 Mode = defense city-free reachable tiles = 327 Fallback-Tiles = 328
2026-06-02 10:32:27 [self-0019-1-defense] Move #381: 242 -> 224 | Army: 23 | Target-Terrain: 0 | Target: 206 | Half: False
2026-06-02 10:32:27 [self-0019-1-defense] My general index: 239
2026-06-02 10:32:27 [self-0019-1-defense] Enemy general index: None
2026-06-02 10:32:27 [self-0019-1-defense] Visible enemy tiles: 15
2026-06-02 10:32:27 [self-0019-1-defense] Tiles: 30 / 62
2026-06-02 10:32:27 [self-0019-1-defense] Map: 18 x 23 Turn: 400
2026-06-02 10:32:27 [self-0019-1-defense] Route planned: Target = 206 Mode = defense city-free reachable tiles = 327 Fallback-Tiles = 328
2026-06-02 10:32:27 [self-0019-1-defense] Priority agent: flow +6000 base = 285075 final = 291075
2026-06-02 10:32:27 [self-0019-1-defense] Move #382: 224 -> 206 | Army: 25 | Target-Terrain: 1 | Target: 206 | Half: False
2026-06-02 10:32:28 [self-0019-1-defense] My general index: 239
2026-06-02 10:32:28 [self-0019-1-defense] Enemy general index: None
2026-06-02 10:32:28 [self-0019-1-defense] Visible enemy tiles: 14
2026-06-02 10:32:28 [self-0019-1-defense] Tiles: 31 / 61
2026-06-02 10:32:28 [self-0019-1-defense] Map: 18 x 23 Turn: 401
2026-06-02 10:32:28 [self-0019-1-defense] Route planned: Target = 206 Mode = defense city-free reachable tiles = 327 Fallback-Tiles = 328
2026-06-02 10:32:28 [self-0019-1-defense] Move #383: 188 -> 206 | Army: 3 | Target-Terrain: 0 | Target: 206 | Half: False
2026-06-02 10:32:28 [self-0019-1-defense] My general index: 239
2026-06-02 10:32:28 [self-0019-1-defense] Enemy general index: None
2026-06-02 10:32:28 [self-0019-1-defense] Visible enemy tiles: 14
2026-06-02 10:32:28 [self-0019-1-defense] Tiles: 31 / 61
2026-06-02 10:32:28 [self-0019-1-defense] Map: 18 x 23 Turn: 402
2026-06-02 10:32:28 [self-0019-1-defense] Route planned: Target = 206 Mode = defense city-free reachable tiles = 327 Fallback-Tiles = 328
2026-06-02 10:32:28 [self-0019-1-defense] Move #384: 205 -> 206 | Army: 3 | Target-Terrain: 0 | Target: 206 | Half: False
2026-06-02 10:32:29 [self-0019-1-defense] My general index: 239
2026-06-02 10:32:29 [self-0019-1-defense] Enemy general index: None
2026-06-02 10:32:29 [self-0019-1-defense] Visible enemy tiles: 14
2026-06-02 10:32:29 [self-0019-1-defense] Tiles: 31 / 61
2026-06-02 10:32:29 [self-0019-1-defense] Map: 18 x 23 Turn: 403
2026-06-02 10:32:29 [self-0019-1-defense] Route planned: Target = 206 Mode = defense city-free reachable tiles = 327 Fallback-Tiles = 328
2026-06-02 10:32:29 [self-0019-1-defense] Move #385: 187 -> 205 | Army: 2 | Target-Terrain: 0 | Target: 206 | Half: False
2026-06-02 10:32:29 [self-0019-1-defense] My general index: 239
2026-06-02 10:32:29 [self-0019-1-defense] Enemy general index: None
2026-06-02 10:32:29 [self-0019-1-defense] Visible enemy tiles: 14
2026-06-02 10:32:29 [self-0019-1-defense] Tiles: 31 / 61
2026-06-02 10:32:29 [self-0019-1-defense] Map: 18 x 23 Turn: 404
2026-06-02 10:32:29 [self-0019-1-defense] Route planned: Target = 206 Mode = defense city-free reachable tiles = 327 Fallback-Tiles = 328
2026-06-02 10:32:29 [self-0019-1-defense] Priority agent: edge reuse -9000, flow +6000 base = 240652 final = 237652
2026-06-02 10:32:29 [self-0019-1-defense] Move #386: 205 -> 206 | Army: 2 | Target-Terrain: 0 | Target: 206 | Half: False
2026-06-02 10:32:30 [self-0019-1-defense] My general index: 239
2026-06-02 10:32:30 [self-0019-1-defense] Enemy general index: None
2026-06-02 10:32:30 [self-0019-1-defense] Visible enemy tiles: 14
2026-06-02 10:32:30 [self-0019-1-defense] Tiles: 31 / 61
2026-06-02 10:32:30 [self-0019-1-defense] Map: 18 x 23 Turn: 405
2026-06-02 10:32:30 [self-0019-1-defense] Route planned: Target = 206 Mode = defense city-free reachable tiles = 327 Fallback-Tiles = 328
2026-06-02 10:32:30 [self-0019-1-defense] Move #387: 169 -> 187 | Army: 2 | Target-Terrain: 0 | Target: 206 | Half: False
2026-06-02 10:32:30 [self-0019-1-defense] My general index: 239
2026-06-02 10:32:30 [self-0019-1-defense] Enemy general index: None
2026-06-02 10:32:30 [self-0019-1-defense] Visible enemy tiles: 14
2026-06-02 10:32:30 [self-0019-1-defense] Tiles: 31 / 61
2026-06-02 10:32:30 [self-0019-1-defense] Map: 18 x 23 Turn: 406
2026-06-02 10:32:30 [self-0019-1-defense] Route planned: Target = 206 Mode = defense city-free reachable tiles = 327 Fallback-Tiles = 328
2026-06-02 10:32:30 [self-0019-1-defense] Priority agent: flow +6000 base = 144162 final = 150162
2026-06-02 10:32:30 [self-0019-1-defense] Move #388: 187 -> 188 | Army: 2 | Target-Terrain: 0 | Target: 206 | Half: False
2026-06-02 10:32:31 [self-0019-1-defense] My general index: 239
2026-06-02 10:32:31 [self-0019-1-defense] Enemy general index: None
2026-06-02 10:32:31 [self-0019-1-defense] Visible enemy tiles: 14
2026-06-02 10:32:31 [self-0019-1-defense] Tiles: 31 / 61
2026-06-02 10:32:31 [self-0019-1-defense] Map: 18 x 23 Turn: 407
2026-06-02 10:32:31 [self-0019-1-defense] Route planned: Target = 206 Mode = defense city-free reachable tiles = 327 Fallback-Tiles = 328
2026-06-02 10:32:31 [self-0019-1-defense] Priority agent: edge reuse -9000, flow +6000 base = 242852 final = 239852
2026-06-02 10:32:31 [self-0019-1-defense] Move #389: 188 -> 206 | Army: 2 | Target-Terrain: 0 | Target: 206 | Half: False
2026-06-02 10:32:31 [self-0019-1-defense] My general index: 239
2026-06-02 10:32:31 [self-0019-1-defense] Enemy general index: None
2026-06-02 10:32:31 [self-0019-1-defense] Visible enemy tiles: 15
2026-06-02 10:32:31 [self-0019-1-defense] Tiles: 30 / 62
2026-06-02 10:32:31 [self-0019-1-defense] Map: 18 x 23 Turn: 408
2026-06-02 10:32:31 [self-0019-1-defense] Route planned: Target = 206 Mode = defense city-free reachable tiles = 327 Fallback-Tiles = 328
2026-06-02 10:32:31 [self-0019-1-defense] Move #390: 186 -> 204 | Army: 2 | Target-Terrain: 0 | Target: 206 | Half: False
2026-06-02 10:32:32 [self-0019-1-defense] My general index: 239
2026-06-02 10:32:32 [self-0019-1-defense] Enemy general index: None
2026-06-02 10:32:32 [self-0019-1-defense] Visible enemy tiles: 15
2026-06-02 10:32:32 [self-0019-1-defense] Tiles: 30 / 62
2026-06-02 10:32:32 [self-0019-1-defense] Map: 18 x 23 Turn: 409
2026-06-02 10:32:32 [self-0019-1-defense] Route planned: Target = 242 Mode = defense city-free reachable tiles = 327 Fallback-Tiles = 328
2026-06-02 10:32:32 [self-0019-1-defense] Move #391: 241 -> 242 | Army: 2 | Target-Terrain: 0 | Target: 242 | Half: False
2026-06-02 10:32:32 [self-0019-1-defense] My general index: 239
2026-06-02 10:32:32 [self-0019-1-defense] Enemy general index: None
2026-06-02 10:32:32 [self-0019-1-defense] Visible enemy tiles: 15
2026-06-02 10:32:32 [self-0019-1-defense] Tiles: 30 / 62
2026-06-02 10:32:32 [self-0019-1-defense] Map: 18 x 23 Turn: 410
2026-06-02 10:32:32 [self-0019-1-defense] Route planned: Target = 242 Mode = defense city-free reachable tiles = 327 Fallback-Tiles = 328
2026-06-02 10:32:32 [self-0019-1-defense] Move #392: 225 -> 224 | Army: 2 | Target-Terrain: 0 | Target: 242 | Half: False
2026-06-02 10:32:33 [self-0019-1-defense] My general index: 239
2026-06-02 10:32:33 [self-0019-1-defense] Enemy general index: None
2026-06-02 10:32:33 [self-0019-1-defense] Visible enemy tiles: 15
2026-06-02 10:32:33 [self-0019-1-defense] Tiles: 30 / 62
2026-06-02 10:32:33 [self-0019-1-defense] Map: 18 x 23 Turn: 411
2026-06-02 10:32:33 [self-0019-1-defense] Route planned: Target = 242 Mode = defense city-free reachable tiles = 327 Fallback-Tiles = 328
2026-06-02 10:32:33 [self-0019-1-defense] Priority agent: edge reuse -9000, flow +6000 base = 250052 final = 247052
2026-06-02 10:32:33 [self-0019-1-defense] Move #393: 224 -> 242 | Army: 2 | Target-Terrain: 0 | Target: 242 | Half: False
2026-06-02 10:32:33 [self-0019-1-defense] My general index: 239
2026-06-02 10:32:33 [self-0019-1-defense] Enemy general index: None
2026-06-02 10:32:33 [self-0019-1-defense] Visible enemy tiles: 15
2026-06-02 10:32:33 [self-0019-1-defense] Tiles: 30 / 62
2026-06-02 10:32:33 [self-0019-1-defense] Map: 18 x 23 Turn: 412
2026-06-02 10:32:33 [self-0019-1-defense] Route planned: Target = 242 Mode = defense city-free reachable tiles = 327 Fallback-Tiles = 328
2026-06-02 10:32:33 [self-0019-1-defense] Move #394: 223 -> 241 | Army: 2 | Target-Terrain: 0 | Target: 242 | Half: False
2026-06-02 10:32:34 [self-0019-1-defense] My general index: 239
2026-06-02 10:32:34 [self-0019-1-defense] Enemy general index: None
2026-06-02 10:32:34 [self-0019-1-defense] Visible enemy tiles: 15
2026-06-02 10:32:34 [self-0019-1-defense] Tiles: 30 / 62
2026-06-02 10:32:34 [self-0019-1-defense] Map: 18 x 23 Turn: 413
2026-06-02 10:32:34 [self-0019-1-defense] Route planned: Target = 242 Mode = defense city-free reachable tiles = 327 Fallback-Tiles = 328
2026-06-02 10:32:34 [self-0019-1-defense] Priority agent: edge reuse -9000, flow +6000 base = 235852 final = 232852
2026-06-02 10:32:34 [self-0019-1-defense] Move #395: 241 -> 242 | Army: 2 | Target-Terrain: 0 | Target: 242 | Half: False
2026-06-02 10:32:34 [self-0019-1-defense] My general index: 239
2026-06-02 10:32:34 [self-0019-1-defense] Enemy general index: None
2026-06-02 10:32:34 [self-0019-1-defense] Visible enemy tiles: 15
2026-06-02 10:32:34 [self-0019-1-defense] Tiles: 30 / 62
2026-06-02 10:32:34 [self-0019-1-defense] Map: 18 x 23 Turn: 414
2026-06-02 10:32:34 [self-0019-1-defense] Route planned: Target = 242 Mode = defense city-free reachable tiles = 327 Fallback-Tiles = 328
2026-06-02 10:32:34 [self-0019-1-defense] Move #396: 226 -> 225 | Army: 3 | Target-Terrain: 0 | Target: 242 | Half: False
2026-06-02 10:32:35 [self-0019-1-defense] My general index: 239
2026-06-02 10:32:35 [self-0019-1-defense] Enemy general index: None
2026-06-02 10:32:35 [self-0019-1-defense] Visible enemy tiles: 15
2026-06-02 10:32:35 [self-0019-1-defense] Tiles: 30 / 62
2026-06-02 10:32:35 [self-0019-1-defense] Map: 18 x 23 Turn: 415
2026-06-02 10:32:35 [self-0019-1-defense] Route planned: Target = 242 Mode = defense city-free reachable tiles = 327 Fallback-Tiles = 328
2026-06-02 10:32:35 [self-0019-1-defense] Move #397: 206 -> 224 | Army: 28 | Target-Terrain: 0 | Target: 242 | Half: False
2026-06-02 10:32:35 [self-0019-1-defense] My general index: 239
2026-06-02 10:32:35 [self-0019-1-defense] Enemy general index: None
2026-06-02 10:32:35 [self-0019-1-defense] Visible enemy tiles: 15
2026-06-02 10:32:35 [self-0019-1-defense] Tiles: 30 / 62
2026-06-02 10:32:35 [self-0019-1-defense] Map: 18 x 23 Turn: 416
2026-06-02 10:32:35 [self-0019-1-defense] Route planned: Target = 242 Mode = defense city-free reachable tiles = 327 Fallback-Tiles = 328
2026-06-02 10:32:35 [self-0019-1-defense] Priority agent: edge reuse -9000, flow +6000 base = 242078 final = 239078
2026-06-02 10:32:35 [self-0019-1-defense] Move #398: 224 -> 242 | Army: 28 | Target-Terrain: 0 | Target: 242 | Half: False
2026-06-02 10:32:36 [self-0019-1-defense] My general index: 239
2026-06-02 10:32:36 [self-0019-1-defense] Enemy general index: None
2026-06-02 10:32:36 [self-0019-1-defense] Visible enemy tiles: 16
2026-06-02 10:32:36 [self-0019-1-defense] Tiles: 29 / 63
2026-06-02 10:32:36 [self-0019-1-defense] Map: 18 x 23 Turn: 417
2026-06-02 10:32:36 [self-0019-1-defense] Route planned: Target = 224 Mode = defense city-free reachable tiles = 327 Fallback-Tiles = 328
2026-06-02 10:32:36 [self-0019-1-defense] Priority agent: edge reuse -9000 base = 236853 final = 227853
2026-06-02 10:32:36 [self-0019-1-defense] Move #399: 225 -> 224 | Army: 3 | Target-Terrain: 0 | Target: 224 | Half: False
2026-06-02 10:32:36 [self-0019-1-defense] My general index: 239
2026-06-02 10:32:36 [self-0019-1-defense] Enemy general index: None
2026-06-02 10:32:36 [self-0019-1-defense] Visible enemy tiles: 16
2026-06-02 10:32:36 [self-0019-1-defense] Tiles: 29 / 63
2026-06-02 10:32:36 [self-0019-1-defense] Map: 18 x 23 Turn: 418
2026-06-02 10:32:36 [self-0019-1-defense] Route planned: Target = 224 Mode = defense city-free reachable tiles = 327 Fallback-Tiles = 328
2026-06-02 10:32:36 [self-0019-1-defense] Priority agent: edge reuse -18000 base = 200582 final = 182582
2026-06-02 10:32:36 [self-0019-1-defense] Move #400: 242 -> 224 | Army: 32 | Target-Terrain: 0 | Target: 224 | Half: False
2026-06-02 10:32:37 [self-0019-1-defense] My general index: 239
2026-06-02 10:32:37 [self-0019-1-defense] Enemy general index: None
2026-06-02 10:32:37 [self-0019-1-defense] Visible enemy tiles: 16
2026-06-02 10:32:37 [self-0019-1-defense] Tiles: 29 / 63
2026-06-02 10:32:37 [self-0019-1-defense] Map: 18 x 23 Turn: 419
2026-06-02 10:32:37 [self-0019-1-defense] Route planned: Target = 242 Mode = defense city-free reachable tiles = 327 Fallback-Tiles = 328
2026-06-02 10:32:37 [self-0019-1-defense] Move #401: 227 -> 226 | Army: 3 | Target-Terrain: 0 | Target: 242 | Half: False
2026-06-02 10:32:37 [self-0019-1-defense] My general index: 239
2026-06-02 10:32:37 [self-0019-1-defense] Enemy general index: None
2026-06-02 10:32:37 [self-0019-1-defense] Visible enemy tiles: 17
2026-06-02 10:32:37 [self-0019-1-defense] Tiles: 28 / 64
2026-06-02 10:32:37 [self-0019-1-defense] Map: 18 x 23 Turn: 420
2026-06-02 10:32:37 [self-0019-1-defense] Route planned: Target = 242 Mode = defense city-free reachable tiles = 327 Fallback-Tiles = 328
2026-06-02 10:32:37 [self-0019-1-defense] Priority agent: edge reuse -27000 base = 232384 final = 205384
2026-06-02 10:32:37 [self-0019-1-defense] Move #402: 224 -> 242 | Army: 34 | Target-Terrain: 1 | Target: 242 | Half: False
2026-06-02 10:32:38 [self-0019-1-defense] My general index: 239
2026-06-02 10:32:38 [self-0019-1-defense] Enemy general index: None
2026-06-02 10:32:38 [self-0019-1-defense] Visible enemy tiles: 16
2026-06-02 10:32:38 [self-0019-1-defense] Tiles: 29 / 63
2026-06-02 10:32:38 [self-0019-1-defense] Map: 18 x 23 Turn: 421
2026-06-02 10:32:38 [self-0019-1-defense] Route planned: Target = 224 Mode = defense city-free reachable tiles = 327 Fallback-Tiles = 328
2026-06-02 10:32:38 [self-0019-1-defense] Move #403: 228 -> 227 | Army: 2 | Target-Terrain: 0 | Target: 224 | Half: False
2026-06-02 10:32:38 [self-0019-1-defense] My general index: 239
2026-06-02 10:32:38 [self-0019-1-defense] Enemy general index: None
2026-06-02 10:32:38 [self-0019-1-defense] Visible enemy tiles: 16
2026-06-02 10:32:38 [self-0019-1-defense] Tiles: 29 / 63
2026-06-02 10:32:38 [self-0019-1-defense] Map: 18 x 23 Turn: 422
2026-06-02 10:32:38 [self-0019-1-defense] Route planned: Target = 224 Mode = defense city-free reachable tiles = 327 Fallback-Tiles = 328
2026-06-02 10:32:38 [self-0019-1-defense] Priority agent: edge reuse -36000 base = 200582 final = 164582
2026-06-02 10:32:38 [self-0019-1-defense] Move #404: 242 -> 224 | Army: 32 | Target-Terrain: 0 | Target: 224 | Half: False
2026-06-02 10:32:39 [self-0019-1-defense] My general index: 239
2026-06-02 10:32:39 [self-0019-1-defense] Enemy general index: None
2026-06-02 10:32:39 [self-0019-1-defense] Visible enemy tiles: 16
2026-06-02 10:32:39 [self-0019-1-defense] Tiles: 28 / 64
2026-06-02 10:32:39 [self-0019-1-defense] Map: 18 x 23 Turn: 423
2026-06-02 10:32:39 [self-0019-1-defense] Route planned: Target = 242 Mode = defense city-free reachable tiles = 327 Fallback-Tiles = 328
2026-06-02 10:32:39 [self-0019-1-defense] Move #405: 202 -> 203 | Army: 4 | Target-Terrain: 0 | Target: 242 | Half: False
2026-06-02 10:32:39 [self-0019-1-defense] My general index: 239
2026-06-02 10:32:39 [self-0019-1-defense] Enemy general index: None
2026-06-02 10:32:39 [self-0019-1-defense] Visible enemy tiles: 16
2026-06-02 10:32:39 [self-0019-1-defense] Tiles: 28 / 64
2026-06-02 10:32:39 [self-0019-1-defense] Map: 18 x 23 Turn: 424
2026-06-02 10:32:39 [self-0019-1-defense] Route planned: Target = 242 Mode = defense city-free reachable tiles = 327 Fallback-Tiles = 328
2026-06-02 10:32:39 [self-0019-1-defense] Priority agent: edge reuse -45000 base = 203982 final = 158982
2026-06-02 10:32:39 [self-0019-1-defense] Move #406: 224 -> 242 | Army: 32 | Target-Terrain: 0 | Target: 242 | Half: False
2026-06-02 10:32:40 [self-0019-1-defense] My general index: 239
2026-06-02 10:32:40 [self-0019-1-defense] Enemy general index: None
2026-06-02 10:32:40 [self-0019-1-defense] Visible enemy tiles: 16
2026-06-02 10:32:40 [self-0019-1-defense] Tiles: 28 / 64
2026-06-02 10:32:40 [self-0019-1-defense] Map: 18 x 23 Turn: 425
2026-06-02 10:32:40 [self-0019-1-defense] Route planned: Target = 224 Mode = defense city-free reachable tiles = 327 Fallback-Tiles = 328
2026-06-02 10:32:40 [self-0019-1-defense] Move #407: 245 -> 244 | Army: 2 | Target-Terrain: 0 | Target: 224 | Half: False
2026-06-02 10:32:40 [self-0019-1-defense] My general index: 239
2026-06-02 10:32:40 [self-0019-1-defense] Enemy general index: None
2026-06-02 10:32:40 [self-0019-1-defense] Visible enemy tiles: 16
2026-06-02 10:32:40 [self-0019-1-defense] Tiles: 28 / 64
2026-06-02 10:32:40 [self-0019-1-defense] Map: 18 x 23 Turn: 426
2026-06-02 10:32:40 [self-0019-1-defense] Route planned: Target = 224 Mode = defense city-free reachable tiles = 327 Fallback-Tiles = 328
2026-06-02 10:32:40 [self-0019-1-defense] Priority agent: edge reuse -45000 base = 200582 final = 155582
2026-06-02 10:32:40 [self-0019-1-defense] Move #408: 242 -> 224 | Army: 32 | Target-Terrain: 0 | Target: 224 | Half: False
2026-06-02 10:32:41 [self-0019-1-defense] My general index: 239
2026-06-02 10:32:41 [self-0019-1-defense] Enemy general index: None
2026-06-02 10:32:41 [self-0019-1-defense] Visible enemy tiles: 16
2026-06-02 10:32:41 [self-0019-1-defense] Tiles: 28 / 64
2026-06-02 10:32:41 [self-0019-1-defense] Map: 18 x 23 Turn: 427
2026-06-02 10:32:41 [self-0019-1-defense] Route planned: Target = 242 Mode = defense city-free reachable tiles = 327 Fallback-Tiles = 328
2026-06-02 10:32:41 [self-0019-1-defense] Move #409: 185 -> 203 | Army: 2 | Target-Terrain: 0 | Target: 242 | Half: False
2026-06-02 10:32:41 [self-0019-1-defense] My general index: 239
2026-06-02 10:32:41 [self-0019-1-defense] Enemy general index: None
2026-06-02 10:32:41 [self-0019-1-defense] Visible enemy tiles: 16
2026-06-02 10:32:41 [self-0019-1-defense] Tiles: 28 / 64
2026-06-02 10:32:41 [self-0019-1-defense] Map: 18 x 23 Turn: 428
2026-06-02 10:32:41 [self-0019-1-defense] Route planned: Target = 242 Mode = defense city-free reachable tiles = 327 Fallback-Tiles = 328
2026-06-02 10:32:41 [self-0019-1-defense] Priority agent: flow +6000 base = 146100 final = 152100
2026-06-02 10:32:41 [self-0019-1-defense] Move #410: 203 -> 204 | Army: 10 | Target-Terrain: 0 | Target: 242 | Half: False
2026-06-02 10:32:42 [self-0019-1-defense] My general index: 239
2026-06-02 10:32:42 [self-0019-1-defense] Enemy general index: None
2026-06-02 10:32:42 [self-0019-1-defense] Visible enemy tiles: 16
2026-06-02 10:32:42 [self-0019-1-defense] Tiles: 28 / 64
2026-06-02 10:32:42 [self-0019-1-defense] Map: 18 x 23 Turn: 429
2026-06-02 10:32:42 [self-0019-1-defense] Route planned: Target = 242 Mode = defense city-free reachable tiles = 327 Fallback-Tiles = 328
2026-06-02 10:32:42 [self-0019-1-defense] Priority agent: flow +6000 base = 147995 final = 153995
2026-06-02 10:32:42 [self-0019-1-defense] Move #411: 204 -> 205 | Army: 15 | Target-Terrain: 0 | Target: 242 | Half: False
2026-06-02 10:32:42 [self-0019-1-defense] My general index: 239
2026-06-02 10:32:42 [self-0019-1-defense] Enemy general index: None
2026-06-02 10:32:42 [self-0019-1-defense] Visible enemy tiles: 16
2026-06-02 10:32:42 [self-0019-1-defense] Tiles: 28 / 64
2026-06-02 10:32:42 [self-0019-1-defense] Map: 18 x 23 Turn: 430
2026-06-02 10:32:42 [self-0019-1-defense] Route planned: Target = 242 Mode = defense city-free reachable tiles = 327 Fallback-Tiles = 328
2026-06-02 10:32:42 [self-0019-1-defense] Priority agent: flow +6000 base = 185585 final = 191585
2026-06-02 10:32:42 [self-0019-1-defense] Move #412: 205 -> 206 | Army: 15 | Target-Terrain: 1 | Target: 242 | Half: False
2026-06-02 10:32:43 [self-0019-1-defense] My general index: 239
2026-06-02 10:32:43 [self-0019-1-defense] Enemy general index: None
2026-06-02 10:32:43 [self-0019-1-defense] Visible enemy tiles: 15
2026-06-02 10:32:43 [self-0019-1-defense] Tiles: 29 / 63
2026-06-02 10:32:43 [self-0019-1-defense] Map: 18 x 23 Turn: 431
2026-06-02 10:32:43 [self-0019-1-defense] Route planned: Target = 242 Mode = defense city-free reachable tiles = 327 Fallback-Tiles = 328
2026-06-02 10:32:43 [self-0019-1-defense] Priority agent: edge reuse -45000 base = 203982 final = 158982
2026-06-02 10:32:43 [self-0019-1-defense] Move #413: 224 -> 242 | Army: 32 | Target-Terrain: 0 | Target: 242 | Half: False
2026-06-02 10:32:43 [self-0019-1-defense] My general index: 239
2026-06-02 10:32:43 [self-0019-1-defense] Enemy general index: None
2026-06-02 10:32:43 [self-0019-1-defense] Visible enemy tiles: 15
2026-06-02 10:32:43 [self-0019-1-defense] Tiles: 29 / 64
2026-06-02 10:32:43 [self-0019-1-defense] Map: 18 x 23 Turn: 432
2026-06-02 10:32:43 [self-0019-1-defense] Route planned: Target = 224 Mode = defense city-free reachable tiles = 327 Fallback-Tiles = 328
2026-06-02 10:32:43 [self-0019-1-defense] Move #414: 206 -> 224 | Army: 13 | Target-Terrain: 0 | Target: 224 | Half: False
2026-06-02 10:32:44 [self-0019-1-defense] My general index: 239
2026-06-02 10:32:44 [self-0019-1-defense] Enemy general index: None
2026-06-02 10:32:44 [self-0019-1-defense] Visible enemy tiles: 15
2026-06-02 10:32:44 [self-0019-1-defense] Tiles: 29 / 65
2026-06-02 10:32:44 [self-0019-1-defense] Map: 18 x 23 Turn: 433
2026-06-02 10:32:44 [self-0019-1-defense] Route planned: Target = 224 Mode = defense city-free reachable tiles = 327 Fallback-Tiles = 328
2026-06-02 10:32:44 [self-0019-1-defense] Priority agent: edge reuse -45000 base = 200582 final = 155582
2026-06-02 10:32:44 [self-0019-1-defense] Move #415: 242 -> 224 | Army: 32 | Target-Terrain: 0 | Target: 224 | Half: False
2026-06-02 10:32:44 [self-0019-1-defense] My general index: 239
2026-06-02 10:32:44 [self-0019-1-defense] Enemy general index: None
2026-06-02 10:32:44 [self-0019-1-defense] Visible enemy tiles: 15
2026-06-02 10:32:44 [self-0019-1-defense] Tiles: 29 / 66
2026-06-02 10:32:44 [self-0019-1-defense] Map: 18 x 23 Turn: 434
2026-06-02 10:32:44 [self-0019-1-defense] Route planned: Target = 242 Mode = defense city-free reachable tiles = 327 Fallback-Tiles = 328
2026-06-02 10:32:44 [self-0019-1-defense] Move #416: 227 -> 226 | Army: 2 | Target-Terrain: 0 | Target: 242 | Half: False
2026-06-02 10:32:45 [self-0019-1-defense] My general index: 239
2026-06-02 10:32:45 [self-0019-1-defense] Enemy general index: None
2026-06-02 10:32:45 [self-0019-1-defense] Visible enemy tiles: 15
2026-06-02 10:32:45 [self-0019-1-defense] Tiles: 29 / 67
2026-06-02 10:32:45 [self-0019-1-defense] Map: 18 x 23 Turn: 435
2026-06-02 10:32:45 [self-0019-1-defense] Route planned: Target = 242 Mode = defense city-free reachable tiles = 327 Fallback-Tiles = 328
2026-06-02 10:32:45 [self-0019-1-defense] Priority agent: edge reuse -45000 base = 203994 final = 158994
2026-06-02 10:32:45 [self-0019-1-defense] Move #417: 224 -> 242 | Army: 44 | Target-Terrain: 0 | Target: 242 | Half: False
2026-06-02 10:32:45 [self-0019-1-defense] My general index: 239
2026-06-02 10:32:45 [self-0019-1-defense] Enemy general index: None
2026-06-02 10:32:45 [self-0019-1-defense] Visible enemy tiles: 15
2026-06-02 10:32:45 [self-0019-1-defense] Tiles: 29 / 68
2026-06-02 10:32:45 [self-0019-1-defense] Map: 18 x 23 Turn: 436
2026-06-02 10:32:45 [self-0019-1-defense] Route planned: Target = 224 Mode = defense city-free reachable tiles = 327 Fallback-Tiles = 328
2026-06-02 10:32:45 [self-0019-1-defense] Move #418: 244 -> 226 | Army: 3 | Target-Terrain: 0 | Target: 224 | Half: False
2026-06-02 10:32:46 [self-0019-1-defense] My general index: 239
2026-06-02 10:32:46 [self-0019-1-defense] Enemy general index: None
2026-06-02 10:32:46 [self-0019-1-defense] Visible enemy tiles: 16
2026-06-02 10:32:46 [self-0019-1-defense] Tiles: 29 / 69
2026-06-02 10:32:46 [self-0019-1-defense] Map: 18 x 23 Turn: 437
2026-06-02 10:32:46 [self-0019-1-defense] Route planned: Target = 224 Mode = defense city-free reachable tiles = 327 Fallback-Tiles = 328
2026-06-02 10:32:46 [self-0019-1-defense] Priority agent: edge reuse -45000 base = 200594 final = 155594
2026-06-02 10:32:46 [self-0019-1-defense] Move #419: 242 -> 224 | Army: 44 | Target-Terrain: 0 | Target: 224 | Half: False
2026-06-02 10:32:46 [self-0019-1-defense] My general index: 239
2026-06-02 10:32:46 [self-0019-1-defense] Enemy general index: None
2026-06-02 10:32:46 [self-0019-1-defense] Visible enemy tiles: 17
2026-06-02 10:32:46 [self-0019-1-defense] Tiles: 28 / 70
2026-06-02 10:32:46 [self-0019-1-defense] Map: 18 x 23 Turn: 438
2026-06-02 10:32:46 [self-0019-1-defense] Route planned: Target = 242 Mode = defense city-free reachable tiles = 327 Fallback-Tiles = 328
2026-06-02 10:32:46 [self-0019-1-defense] Move #420: 226 -> 225 | Army: 6 | Target-Terrain: 0 | Target: 242 | Half: False
2026-06-02 10:32:47 [self-0019-1-defense] My general index: 239
2026-06-02 10:32:47 [self-0019-1-defense] Enemy general index: None
2026-06-02 10:32:47 [self-0019-1-defense] Visible enemy tiles: 17
2026-06-02 10:32:47 [self-0019-1-defense] Tiles: 28 / 70
2026-06-02 10:32:47 [self-0019-1-defense] Map: 18 x 23 Turn: 439
2026-06-02 10:32:47 [self-0019-1-defense] Route planned: Target = 242 Mode = defense city-free reachable tiles = 327 Fallback-Tiles = 328
2026-06-02 10:32:47 [self-0019-1-defense] Priority agent: edge reuse -45000 base = 203994 final = 158994
2026-06-02 10:32:47 [self-0019-1-defense] Move #421: 224 -> 242 | Army: 44 | Target-Terrain: 0 | Target: 242 | Half: False
2026-06-02 10:32:47 [self-0019-1-defense] My general index: 239
2026-06-02 10:32:47 [self-0019-1-defense] Enemy general index: None
2026-06-02 10:32:47 [self-0019-1-defense] Visible enemy tiles: 17
2026-06-02 10:32:47 [self-0019-1-defense] Tiles: 28 / 70
2026-06-02 10:32:47 [self-0019-1-defense] Map: 18 x 23 Turn: 440
2026-06-02 10:32:47 [self-0019-1-defense] Route planned: Target = 224 Mode = defense city-free reachable tiles = 327 Fallback-Tiles = 328
2026-06-02 10:32:47 [self-0019-1-defense] Move #422: 225 -> 224 | Army: 6 | Target-Terrain: 0 | Target: 224 | Half: False
2026-06-02 10:32:48 [self-0019-1-defense] My general index: 239
2026-06-02 10:32:48 [self-0019-1-defense] Enemy general index: None
2026-06-02 10:32:48 [self-0019-1-defense] Visible enemy tiles: 18
2026-06-02 10:32:48 [self-0019-1-defense] Tiles: 27 / 71
2026-06-02 10:32:48 [self-0019-1-defense] Map: 18 x 23 Turn: 441
2026-06-02 10:32:48 [self-0019-1-defense] Route planned: Target = 224 Mode = defense city-free reachable tiles = 327 Fallback-Tiles = 328
2026-06-02 10:32:48 [self-0019-1-defense] Priority agent: edge reuse -45000 base = 200594 final = 155594
2026-06-02 10:32:48 [self-0019-1-defense] Move #423: 242 -> 224 | Army: 44 | Target-Terrain: 0 | Target: 224 | Half: False
2026-06-02 10:32:48 [self-0019-1-defense] My general index: 239
2026-06-02 10:32:48 [self-0019-1-defense] Enemy general index: None
2026-06-02 10:32:48 [self-0019-1-defense] Visible enemy tiles: 18
2026-06-02 10:32:48 [self-0019-1-defense] Tiles: 27 / 71
2026-06-02 10:32:48 [self-0019-1-defense] Map: 18 x 23 Turn: 442
2026-06-02 10:32:48 [self-0019-1-defense] Route planned: Target = 242 Mode = defense city-free reachable tiles = 327 Fallback-Tiles = 328
2026-06-02 10:32:48 [self-0019-1-defense] Move #424: 201 -> 202 | Army: 2 | Target-Terrain: 0 | Target: 242 | Half: False
2026-06-02 10:32:49 [self-0019-1-defense] My general index: 239
2026-06-02 10:32:49 [self-0019-1-defense] Enemy general index: None
2026-06-02 10:32:49 [self-0019-1-defense] Visible enemy tiles: 18
2026-06-02 10:32:49 [self-0019-1-defense] Tiles: 27 / 71
2026-06-02 10:32:49 [self-0019-1-defense] Map: 18 x 23 Turn: 443
2026-06-02 10:32:49 [self-0019-1-defense] Route planned: Target = 242 Mode = defense city-free reachable tiles = 327 Fallback-Tiles = 328
2026-06-02 10:32:49 [self-0019-1-defense] Priority agent: flow +6000 base = 146002 final = 152002
2026-06-02 10:32:49 [self-0019-1-defense] Move #425: 202 -> 203 | Army: 2 | Target-Terrain: 0 | Target: 242 | Half: False
2026-06-02 10:32:49 [self-0019-1-defense] My general index: 239
2026-06-02 10:32:49 [self-0019-1-defense] Enemy general index: None
2026-06-02 10:32:49 [self-0019-1-defense] Visible enemy tiles: 18
2026-06-02 10:32:49 [self-0019-1-defense] Tiles: 27 / 71
2026-06-02 10:32:49 [self-0019-1-defense] Map: 18 x 23 Turn: 444
2026-06-02 10:32:49 [self-0019-1-defense] Route planned: Target = 242 Mode = defense city-free reachable tiles = 327 Fallback-Tiles = 328
2026-06-02 10:32:49 [self-0019-1-defense] Priority agent: edge reuse -54000 base = 203999 final = 149999
2026-06-02 10:32:49 [self-0019-1-defense] Move #426: 224 -> 242 | Army: 49 | Target-Terrain: 0 | Target: 242 | Half: False
2026-06-02 10:32:50 [self-0019-1-defense] My general index: 239
2026-06-02 10:32:50 [self-0019-1-defense] Enemy general index: None
2026-06-02 10:32:50 [self-0019-1-defense] Visible enemy tiles: 18
2026-06-02 10:32:50 [self-0019-1-defense] Tiles: 27 / 71
2026-06-02 10:32:50 [self-0019-1-defense] Map: 18 x 23 Turn: 445
2026-06-02 10:32:50 [self-0019-1-defense] Route planned: Target = 224 Mode = defense city-free reachable tiles = 327 Fallback-Tiles = 328
2026-06-02 10:32:50 [self-0019-1-defense] Move #427: 246 -> 245 | Army: 2 | Target-Terrain: 0 | Target: 224 | Half: False
2026-06-02 10:32:50 [self-0019-1-defense] My general index: 239
2026-06-02 10:32:50 [self-0019-1-defense] Enemy general index: None
2026-06-02 10:32:50 [self-0019-1-defense] Visible enemy tiles: 18
2026-06-02 10:32:50 [self-0019-1-defense] Tiles: 26 / 72
2026-06-02 10:32:50 [self-0019-1-defense] Map: 18 x 23 Turn: 446
2026-06-02 10:32:50 [self-0019-1-defense] Route planned: Target = 224 Mode = defense city-free reachable tiles = 327 Fallback-Tiles = 328
2026-06-02 10:32:50 [self-0019-1-defense] Priority agent: edge reuse -54000 base = 200599 final = 146599
2026-06-02 10:32:50 [self-0019-1-defense] Move #428: 242 -> 224 | Army: 49 | Target-Terrain: 0 | Target: 224 | Half: False
2026-06-02 10:32:51 [self-0019-1-defense] Coach: stabilize tiles 26/72 army 239/399 cities 0/0 enemy_city_suspect False bias {'expansion_bias': 0.1, 'city_bias': 0.2, 'attack_bias': -0.5, 'defense_bias': 2.0, 'route_bias': 0.1}
2026-06-02 10:32:51 [self-0019-1-defense] My general index: 239
2026-06-02 10:32:51 [self-0019-1-defense] Enemy general index: None
2026-06-02 10:32:51 [self-0019-1-defense] Visible enemy tiles: 18
2026-06-02 10:32:51 [self-0019-1-defense] Tiles: 26 / 72
2026-06-02 10:32:51 [self-0019-1-defense] Map: 18 x 23 Turn: 447
2026-06-02 10:32:51 [self-0019-1-defense] Route planned: Target = 242 Mode = defense city-free reachable tiles = 327 Fallback-Tiles = 328
2026-06-02 10:32:51 [self-0019-1-defense] Move #429: 258 -> 259 | Army: 41 | Target-Terrain: 0 | Target: 242 | Half: False
2026-06-02 10:32:51 [self-0019-1-defense] My general index: 239
2026-06-02 10:32:51 [self-0019-1-defense] Enemy general index: None
2026-06-02 10:32:51 [self-0019-1-defense] Visible enemy tiles: 18
2026-06-02 10:32:51 [self-0019-1-defense] Tiles: 26 / 72
2026-06-02 10:32:51 [self-0019-1-defense] Map: 18 x 23 Turn: 448
2026-06-02 10:32:51 [self-0019-1-defense] Route planned: Target = 242 Mode = defense city-free reachable tiles = 327 Fallback-Tiles = 328
2026-06-02 10:32:51 [self-0019-1-defense] Priority agent: flow +6000 base = 176652 final = 182652
2026-06-02 10:32:51 [self-0019-1-defense] Move #430: 259 -> 260 | Army: 42 | Target-Terrain: 1 | Target: 242 | Half: False
2026-06-02 10:32:52 [self-0019-1-defense] My general index: 239
2026-06-02 10:32:52 [self-0019-1-defense] Enemy general index: None
2026-06-02 10:32:52 [self-0019-1-defense] Visible enemy tiles: 18
2026-06-02 10:32:52 [self-0019-1-defense] Tiles: 27 / 71
2026-06-02 10:32:52 [self-0019-1-defense] Map: 18 x 23 Turn: 449
2026-06-02 10:32:52 [self-0019-1-defense] Route planned: Target = 242 Mode = defense city-free reachable tiles = 327 Fallback-Tiles = 328
2026-06-02 10:32:52 [self-0019-1-defense] Priority agent: flow +6000 base = 239890 final = 245890
2026-06-02 10:32:52 [self-0019-1-defense] Move #431: 260 -> 242 | Army: 40 | Target-Terrain: 0 | Target: 242 | Half: False
2026-06-02 10:32:52 [self-0019-1-defense] My general index: 239
2026-06-02 10:32:52 [self-0019-1-defense] Enemy general index: None
2026-06-02 10:32:52 [self-0019-1-defense] Visible enemy tiles: 18
2026-06-02 10:32:52 [self-0019-1-defense] Tiles: 27 / 71
2026-06-02 10:32:52 [self-0019-1-defense] Map: 18 x 23 Turn: 450
2026-06-02 10:32:52 [self-0019-1-defense] Route planned: Target = 206 Mode = defense city-free reachable tiles = 327 Fallback-Tiles = 328
2026-06-02 10:32:52 [self-0019-1-defense] Move #432: 188 -> 206 | Army: 2 | Target-Terrain: 0 | Target: 206 | Half: False
2026-06-02 10:32:53 [self-0019-1-defense] My general index: 239
2026-06-02 10:32:53 [self-0019-1-defense] Enemy general index: None
2026-06-02 10:32:53 [self-0019-1-defense] Visible enemy tiles: 18
2026-06-02 10:32:53 [self-0019-1-defense] Tiles: 27 / 72
2026-06-02 10:32:53 [self-0019-1-defense] Map: 18 x 23 Turn: 451
2026-06-02 10:32:53 [self-0019-1-defense] Route planned: Target = 206 Mode = defense city-free reachable tiles = 327 Fallback-Tiles = 328
2026-06-02 10:32:53 [self-0019-1-defense] Move #433: 224 -> 206 | Army: 50 | Target-Terrain: 0 | Target: 206 | Half: False
2026-06-02 10:32:53 [self-0019-1-defense] My general index: 239
2026-06-02 10:32:53 [self-0019-1-defense] Enemy general index: None
2026-06-02 10:32:53 [self-0019-1-defense] Visible enemy tiles: 18
2026-06-02 10:32:53 [self-0019-1-defense] Tiles: 27 / 72
2026-06-02 10:32:53 [self-0019-1-defense] Map: 18 x 23 Turn: 452
2026-06-02 10:32:53 [self-0019-1-defense] Route planned: Target = 224 Mode = defense city-free reachable tiles = 327 Fallback-Tiles = 328
2026-06-02 10:32:53 [self-0019-1-defense] Move #434: 223 -> 224 | Army: 2 | Target-Terrain: 0 | Target: 224 | Half: False
2026-06-02 10:32:54 [self-0019-1-defense] My general index: 239
2026-06-02 10:32:54 [self-0019-1-defense] Enemy general index: None
2026-06-02 10:32:54 [self-0019-1-defense] Visible enemy tiles: 18
2026-06-02 10:32:54 [self-0019-1-defense] Tiles: 27 / 72
2026-06-02 10:32:54 [self-0019-1-defense] Map: 18 x 23 Turn: 453
2026-06-02 10:32:54 [self-0019-1-defense] Route planned: Target = 224 Mode = defense city-free reachable tiles = 327 Fallback-Tiles = 328
2026-06-02 10:32:54 [self-0019-1-defense] Priority agent: edge reuse -9000 base = 236852 final = 227852
2026-06-02 10:32:54 [self-0019-1-defense] Move #435: 225 -> 224 | Army: 2 | Target-Terrain: 0 | Target: 224 | Half: False
2026-06-02 10:32:54 [self-0019-1-defense] My general index: 239
2026-06-02 10:32:54 [self-0019-1-defense] Enemy general index: None
2026-06-02 10:32:54 [self-0019-1-defense] Visible enemy tiles: 18
2026-06-02 10:32:54 [self-0019-1-defense] Tiles: 27 / 72
2026-06-02 10:32:54 [self-0019-1-defense] Map: 18 x 23 Turn: 454
2026-06-02 10:32:54 [self-0019-1-defense] Route planned: Target = 224 Mode = defense city-free reachable tiles = 327 Fallback-Tiles = 328
2026-06-02 10:32:54 [self-0019-1-defense] Priority agent: edge reuse -9000 base = 217802 final = 208802
2026-06-02 10:32:54 [self-0019-1-defense] Move #436: 206 -> 224 | Army: 52 | Target-Terrain: 0 | Target: 224 | Half: False
2026-06-02 10:32:55 [self-0019-1-defense] My general index: 239
2026-06-02 10:32:55 [self-0019-1-defense] Enemy general index: None
2026-06-02 10:32:55 [self-0019-1-defense] Visible enemy tiles: 18
2026-06-02 10:32:55 [self-0019-1-defense] Tiles: 27 / 73
2026-06-02 10:32:55 [self-0019-1-defense] Map: 18 x 23 Turn: 455
2026-06-02 10:32:55 [self-0019-1-defense] Route planned: Target = 206 Mode = defense city-free reachable tiles = 327 Fallback-Tiles = 328
2026-06-02 10:32:55 [self-0019-1-defense] Move #437: 205 -> 206 | Army: 2 | Target-Terrain: 0 | Target: 206 | Half: False
2026-06-02 10:32:55 [self-0019-1-defense] My general index: 239
2026-06-02 10:32:55 [self-0019-1-defense] Enemy general index: None
2026-06-02 10:32:55 [self-0019-1-defense] Visible enemy tiles: 18
2026-06-02 10:32:55 [self-0019-1-defense] Tiles: 27 / 74
2026-06-02 10:32:55 [self-0019-1-defense] Map: 18 x 23 Turn: 456
2026-06-02 10:32:55 [self-0019-1-defense] Route planned: Target = 206 Mode = defense city-free reachable tiles = 327 Fallback-Tiles = 328
2026-06-02 10:32:55 [self-0019-1-defense] Priority agent: edge reuse -18000 base = 207804 final = 189804
2026-06-02 10:32:55 [self-0019-1-defense] Move #438: 224 -> 206 | Army: 54 | Target-Terrain: 0 | Target: 206 | Half: False
2026-06-02 10:32:56 [self-0019-1-defense] My general index: 239
2026-06-02 10:32:56 [self-0019-1-defense] Enemy general index: None
2026-06-02 10:32:56 [self-0019-1-defense] Visible enemy tiles: 18
2026-06-02 10:32:56 [self-0019-1-defense] Tiles: 27 / 74
2026-06-02 10:32:56 [self-0019-1-defense] Map: 18 x 23 Turn: 457
2026-06-02 10:32:56 [self-0019-1-defense] Route planned: Target = 224 Mode = defense city-free reachable tiles = 327 Fallback-Tiles = 328
2026-06-02 10:32:56 [self-0019-1-defense] Priority agent: edge reuse -18000 base = 220591 final = 202591
2026-06-02 10:32:56 [self-0019-1-defense] Move #439: 242 -> 224 | Army: 41 | Target-Terrain: 0 | Target: 224 | Half: False
2026-06-02 10:32:56 [self-0019-1-defense] My general index: 239
2026-06-02 10:32:56 [self-0019-1-defense] Enemy general index: None
2026-06-02 10:32:56 [self-0019-1-defense] Visible enemy tiles: 18
2026-06-02 10:32:56 [self-0019-1-defense] Tiles: 27 / 74
2026-06-02 10:32:56 [self-0019-1-defense] Map: 18 x 23 Turn: 458
2026-06-02 10:32:56 [self-0019-1-defense] Route planned: Target = 242 Mode = defense city-free reachable tiles = 327 Fallback-Tiles = 328
2026-06-02 10:32:56 [self-0019-1-defense] Move #440: 241 -> 242 | Army: 2 | Target-Terrain: 0 | Target: 242 | Half: False
2026-06-02 10:32:57 [self-0019-1-defense] My general index: 239
2026-06-02 10:32:57 [self-0019-1-defense] Enemy general index: None
2026-06-02 10:32:57 [self-0019-1-defense] Visible enemy tiles: 18
2026-06-02 10:32:57 [self-0019-1-defense] Tiles: 27 / 74
2026-06-02 10:32:57 [self-0019-1-defense] Map: 18 x 23 Turn: 459
2026-06-02 10:32:57 [self-0019-1-defense] Route planned: Target = 242 Mode = defense city-free reachable tiles = 327 Fallback-Tiles = 328
2026-06-02 10:32:57 [self-0019-1-defense] Priority agent: edge reuse -9000 base = 235852 final = 226852
2026-06-02 10:32:57 [self-0019-1-defense] Move #441: 260 -> 242 | Army: 2 | Target-Terrain: 0 | Target: 242 | Half: False
2026-06-02 10:32:57 [self-0019-1-defense] My general index: 239
2026-06-02 10:32:57 [self-0019-1-defense] Enemy general index: None
2026-06-02 10:32:57 [self-0019-1-defense] Visible enemy tiles: 18
2026-06-02 10:32:57 [self-0019-1-defense] Tiles: 27 / 74
2026-06-02 10:32:57 [self-0019-1-defense] Map: 18 x 23 Turn: 460
2026-06-02 10:32:57 [self-0019-1-defense] Route planned: Target = 242 Mode = defense city-free reachable tiles = 327 Fallback-Tiles = 328
2026-06-02 10:32:57 [self-0019-1-defense] Priority agent: edge reuse -18000 base = 203991 final = 185991
2026-06-02 10:32:57 [self-0019-1-defense] Move #442: 224 -> 242 | Army: 41 | Target-Terrain: 0 | Target: 242 | Half: False
2026-06-02 10:32:58 [self-0019-1-defense] My general index: 239
2026-06-02 10:32:58 [self-0019-1-defense] Enemy general index: None
2026-06-02 10:32:58 [self-0019-1-defense] Visible enemy tiles: 18
2026-06-02 10:32:58 [self-0019-1-defense] Tiles: 26 / 75
2026-06-02 10:32:58 [self-0019-1-defense] Map: 18 x 23 Turn: 461
2026-06-02 10:32:58 [self-0019-1-defense] Route planned: Target = 258 Mode = defense city-free reachable tiles = 327 Fallback-Tiles = 328
2026-06-02 10:32:58 [self-0019-1-defense] Priority agent: edge reuse -9000 base = 248852 final = 239852
2026-06-02 10:32:58 [self-0019-1-defense] Move #443: 259 -> 258 | Army: 2 | Target-Terrain: 0 | Target: 258 | Half: False
2026-06-02 10:32:58 [self-0019-1-defense] My general index: 239
2026-06-02 10:32:58 [self-0019-1-defense] Enemy general index: None
2026-06-02 10:32:58 [self-0019-1-defense] Visible enemy tiles: 18
2026-06-02 10:32:58 [self-0019-1-defense] Tiles: 26 / 75
2026-06-02 10:32:58 [self-0019-1-defense] Map: 18 x 23 Turn: 462
2026-06-02 10:32:58 [self-0019-1-defense] Route planned: Target = 258 Mode = defense city-free reachable tiles = 327 Fallback-Tiles = 328
2026-06-02 10:32:58 [self-0019-1-defense] Move #444: 187 -> 205 | Army: 2 | Target-Terrain: 0 | Target: 258 | Half: False
2026-06-02 10:32:59 [self-0019-1-defense] My general index: 239
2026-06-02 10:32:59 [self-0019-1-defense] Enemy general index: None
2026-06-02 10:32:59 [self-0019-1-defense] Visible enemy tiles: 18
2026-06-02 10:32:59 [self-0019-1-defense] Tiles: 25 / 76
2026-06-02 10:32:59 [self-0019-1-defense] Map: 18 x 23 Turn: 463
2026-06-02 10:32:59 [self-0019-1-defense] Route planned: Target = 258 Mode = defense city-free reachable tiles = 327 Fallback-Tiles = 328
2026-06-02 10:32:59 [self-0019-1-defense] Priority agent: flow +6000 base = 146182 final = 152182
2026-06-02 10:32:59 [self-0019-1-defense] Move #445: 205 -> 223 | Army: 2 | Target-Terrain: 0 | Target: 258 | Half: False
2026-06-02 10:32:59 [self-0019-1-defense] My general index: 239
2026-06-02 10:32:59 [self-0019-1-defense] Enemy general index: None
2026-06-02 10:32:59 [self-0019-1-defense] Visible enemy tiles: 18
2026-06-02 10:32:59 [self-0019-1-defense] Tiles: 25 / 76
2026-06-02 10:32:59 [self-0019-1-defense] Map: 18 x 23 Turn: 464
2026-06-02 10:32:59 [self-0019-1-defense] Route planned: Target = 258 Mode = defense city-free reachable tiles = 327 Fallback-Tiles = 328
2026-06-02 10:32:59 [self-0019-1-defense] Priority agent: flow +6000 base = 146272 final = 152272
2026-06-02 10:32:59 [self-0019-1-defense] Move #446: 223 -> 241 | Army: 2 | Target-Terrain: 0 | Target: 258 | Half: False
2026-06-02 10:33:00 [self-0019-1-defense] My general index: 239
2026-06-02 10:33:00 [self-0019-1-defense] Enemy general index: None
2026-06-02 10:33:00 [self-0019-1-defense] Visible enemy tiles: 18
2026-06-02 10:33:00 [self-0019-1-defense] Tiles: 25 / 76
2026-06-02 10:33:00 [self-0019-1-defense] Map: 18 x 23 Turn: 465
2026-06-02 10:33:00 [self-0019-1-defense] Route planned: Target = 258 Mode = defense city-free reachable tiles = 327 Fallback-Tiles = 328
2026-06-02 10:33:00 [self-0019-1-defense] Priority agent: edge reuse -9000 base = 155713 final = 146713
2026-06-02 10:33:00 [self-0019-1-defense] Move #447: 242 -> 260 | Army: 43 | Target-Terrain: 1 | Target: 258 | Half: False
2026-06-02 10:33:00 [self-0019-1-defense] My general index: 239
2026-06-02 10:33:00 [self-0019-1-defense] Enemy general index: None
2026-06-02 10:33:00 [self-0019-1-defense] Visible enemy tiles: 19
2026-06-02 10:33:00 [self-0019-1-defense] Tiles: 26 / 75
2026-06-02 10:33:00 [self-0019-1-defense] Map: 18 x 23 Turn: 466
2026-06-02 10:33:00 [self-0019-1-defense] Route planned: Target = 258 Mode = defense city-free reachable tiles = 327 Fallback-Tiles = 328
2026-06-02 10:33:00 [self-0019-1-defense] Priority agent: flow +6000 base = 182151 final = 188151
2026-06-02 10:33:00 [self-0019-1-defense] Move #448: 260 -> 259 | Army: 41 | Target-Terrain: 1 | Target: 258 | Half: False
2026-06-02 10:33:01 [self-0019-1-defense] My general index: 239
2026-06-02 10:33:01 [self-0019-1-defense] Enemy general index: None
2026-06-02 10:33:01 [self-0019-1-defense] Visible enemy tiles: 18
2026-06-02 10:33:01 [self-0019-1-defense] Tiles: 27 / 74
2026-06-02 10:33:01 [self-0019-1-defense] Map: 18 x 23 Turn: 467
2026-06-02 10:33:01 [self-0019-1-defense] Route planned: Target = 258 Mode = defense city-free reachable tiles = 327 Fallback-Tiles = 328
2026-06-02 10:33:01 [self-0019-1-defense] Priority agent: edge reuse -9000, flow +6000 base = 252889 final = 249889
2026-06-02 10:33:01 [self-0019-1-defense] Move #449: 259 -> 258 | Army: 39 | Target-Terrain: 0 | Target: 258 | Half: False
2026-06-02 10:33:01 [self-0019-1-defense] My general index: 239
2026-06-02 10:33:01 [self-0019-1-defense] Enemy general index: None
2026-06-02 10:33:01 [self-0019-1-defense] Visible enemy tiles: 18
2026-06-02 10:33:01 [self-0019-1-defense] Tiles: 27 / 74
2026-06-02 10:33:01 [self-0019-1-defense] Map: 18 x 23 Turn: 468
2026-06-02 10:33:01 [self-0019-1-defense] Route planned: Target = 242 Mode = defense city-free reachable tiles = 327 Fallback-Tiles = 328
2026-06-02 10:33:01 [self-0019-1-defense] Priority agent: edge reuse -9000 base = 235852 final = 226852
2026-06-02 10:33:01 [self-0019-1-defense] Move #450: 241 -> 242 | Army: 2 | Target-Terrain: 0 | Target: 242 | Half: False
2026-06-02 10:33:02 [self-0019-1-defense] My general index: 239
2026-06-02 10:33:02 [self-0019-1-defense] Enemy general index: None
2026-06-02 10:33:02 [self-0019-1-defense] Visible enemy tiles: 18
2026-06-02 10:33:02 [self-0019-1-defense] Tiles: 27 / 74
2026-06-02 10:33:02 [self-0019-1-defense] Map: 18 x 23 Turn: 469
2026-06-02 10:33:02 [self-0019-1-defense] Route planned: Target = 242 Mode = defense city-free reachable tiles = 327 Fallback-Tiles = 328
2026-06-02 10:33:02 [self-0019-1-defense] Move #451: 226 -> 225 | Army: 2 | Target-Terrain: 0 | Target: 242 | Half: False
2026-06-02 10:33:02 [self-0019-1-defense] My general index: 239
2026-06-02 10:33:02 [self-0019-1-defense] Enemy general index: None
2026-06-02 10:33:02 [self-0019-1-defense] Visible enemy tiles: 18
2026-06-02 10:33:02 [self-0019-1-defense] Tiles: 27 / 74
2026-06-02 10:33:02 [self-0019-1-defense] Map: 18 x 23 Turn: 470
2026-06-02 10:33:02 [self-0019-1-defense] Route planned: Target = 259 Mode = defense city-free reachable tiles = 327 Fallback-Tiles = 328
2026-06-02 10:33:02 [self-0019-1-defense] Priority agent: edge reuse -18000 base = 213791 final = 195791
2026-06-02 10:33:02 [self-0019-1-defense] Move #452: 258 -> 259 | Army: 41 | Target-Terrain: 0 | Target: 259 | Half: False
2026-06-02 10:33:03 [self-0019-1-defense] My general index: 239
2026-06-02 10:33:03 [self-0019-1-defense] Enemy general index: None
2026-06-02 10:33:03 [self-0019-1-defense] Visible enemy tiles: 19
2026-06-02 10:33:03 [self-0019-1-defense] Tiles: 26 / 75
2026-06-02 10:33:03 [self-0019-1-defense] Map: 18 x 23 Turn: 471
2026-06-02 10:33:03 [self-0019-1-defense] Route planned: Target = 258 Mode = defense city-free reachable tiles = 327 Fallback-Tiles = 328
2026-06-02 10:33:03 [self-0019-1-defense] Move #453: 245 -> 244 | Army: 3 | Target-Terrain: 1 | Target: 258 | Half: False
2026-06-02 10:33:03 [self-0019-1-defense] My general index: 239
2026-06-02 10:33:03 [self-0019-1-defense] Enemy general index: None
2026-06-02 10:33:03 [self-0019-1-defense] Visible enemy tiles: 18
2026-06-02 10:33:03 [self-0019-1-defense] Tiles: 27 / 74
2026-06-02 10:33:03 [self-0019-1-defense] Map: 18 x 23 Turn: 472
2026-06-02 10:33:03 [self-0019-1-defense] Route planned: Target = 258 Mode = defense city-free reachable tiles = 327 Fallback-Tiles = 328
2026-06-02 10:33:03 [self-0019-1-defense] Priority agent: edge reuse -27000 base = 202791 final = 175791
2026-06-02 10:33:03 [self-0019-1-defense] Move #454: 259 -> 258 | Army: 41 | Target-Terrain: 0 | Target: 258 | Half: False
2026-06-02 10:33:04 [self-0019-1-defense] My general index: 239
2026-06-02 10:33:04 [self-0019-1-defense] Enemy general index: None
2026-06-02 10:33:04 [self-0019-1-defense] Visible enemy tiles: 19
2026-06-02 10:33:04 [self-0019-1-defense] Tiles: 26 / 75
2026-06-02 10:33:04 [self-0019-1-defense] Map: 18 x 23 Turn: 473
2026-06-02 10:33:04 [self-0019-1-defense] Route planned: Target = 259 Mode = defense city-free reachable tiles = 327 Fallback-Tiles = 328
2026-06-02 10:33:04 [self-0019-1-defense] Move #455: 206 -> 224 | Army: 55 | Target-Terrain: 0 | Target: 259 | Half: False
2026-06-02 10:33:04 [self-0019-1-defense] My general index: 239
2026-06-02 10:33:04 [self-0019-1-defense] Enemy general index: None
2026-06-02 10:33:04 [self-0019-1-defense] Visible enemy tiles: 19
2026-06-02 10:33:04 [self-0019-1-defense] Tiles: 26 / 75
2026-06-02 10:33:04 [self-0019-1-defense] Map: 18 x 23 Turn: 474
2026-06-02 10:33:04 [self-0019-1-defense] Route planned: Target = 259 Mode = defense city-free reachable tiles = 327 Fallback-Tiles = 328
2026-06-02 10:33:04 [self-0019-1-defense] Priority agent: edge reuse -36000 base = 201791 final = 165791
2026-06-02 10:33:04 [self-0019-1-defense] Move #456: 258 -> 259 | Army: 41 | Target-Terrain: 0 | Target: 259 | Half: False
2026-06-02 10:33:05 [self-0019-1-defense] My general index: 239
2026-06-02 10:33:05 [self-0019-1-defense] Enemy general index: None
2026-06-02 10:33:05 [self-0019-1-defense] Visible enemy tiles: 19
2026-06-02 10:33:05 [self-0019-1-defense] Tiles: 26 / 75
2026-06-02 10:33:05 [self-0019-1-defense] Map: 18 x 23 Turn: 475
2026-06-02 10:33:05 [self-0019-1-defense] Route planned: Target = 258 Mode = defense city-free reachable tiles = 327 Fallback-Tiles = 328
2026-06-02 10:33:05 [self-0019-1-defense] Move #457: 224 -> 242 | Army: 55 | Target-Terrain: 0 | Target: 258 | Half: False
2026-06-02 10:33:05 [self-0019-1-defense] My general index: 239
2026-06-02 10:33:05 [self-0019-1-defense] Enemy general index: None
2026-06-02 10:33:05 [self-0019-1-defense] Visible enemy tiles: 19
2026-06-02 10:33:05 [self-0019-1-defense] Tiles: 26 / 75
2026-06-02 10:33:05 [self-0019-1-defense] Map: 18 x 23 Turn: 476
2026-06-02 10:33:05 [self-0019-1-defense] Route planned: Target = 258 Mode = defense city-free reachable tiles = 327 Fallback-Tiles = 328
2026-06-02 10:33:05 [self-0019-1-defense] Priority agent: edge reuse -36000 base = 202791 final = 166791
2026-06-02 10:33:05 [self-0019-1-defense] Move #458: 259 -> 258 | Army: 41 | Target-Terrain: 0 | Target: 258 | Half: False
2026-06-02 10:33:06 [self-0019-1-defense] My general index: 239
2026-06-02 10:33:06 [self-0019-1-defense] Enemy general index: None
2026-06-02 10:33:06 [self-0019-1-defense] Visible enemy tiles: 19
2026-06-02 10:33:06 [self-0019-1-defense] Tiles: 26 / 75
2026-06-02 10:33:06 [self-0019-1-defense] Map: 18 x 23 Turn: 477
2026-06-02 10:33:06 [self-0019-1-defense] Route planned: Target = 259 Mode = defense city-free reachable tiles = 327 Fallback-Tiles = 328
2026-06-02 10:33:06 [self-0019-1-defense] Move #459: 225 -> 224 | Army: 2 | Target-Terrain: 0 | Target: 259 | Half: False
2026-06-02 10:33:06 [self-0019-1-defense] My general index: 239
2026-06-02 10:33:06 [self-0019-1-defense] Enemy general index: None
2026-06-02 10:33:06 [self-0019-1-defense] Visible enemy tiles: 19
2026-06-02 10:33:06 [self-0019-1-defense] Tiles: 26 / 75
2026-06-02 10:33:06 [self-0019-1-defense] Map: 18 x 23 Turn: 478
2026-06-02 10:33:06 [self-0019-1-defense] Route planned: Target = 259 Mode = defense city-free reachable tiles = 327 Fallback-Tiles = 328
2026-06-02 10:33:06 [self-0019-1-defense] Priority agent: edge reuse -45000 base = 201791 final = 156791
2026-06-02 10:33:06 [self-0019-1-defense] Move #460: 258 -> 259 | Army: 41 | Target-Terrain: 0 | Target: 259 | Half: False
2026-06-02 10:33:07 [self-0019-1-defense] My general index: 239
2026-06-02 10:33:07 [self-0019-1-defense] Enemy general index: None
2026-06-02 10:33:07 [self-0019-1-defense] Visible enemy tiles: 19
2026-06-02 10:33:07 [self-0019-1-defense] Tiles: 26 / 75
2026-06-02 10:33:07 [self-0019-1-defense] Map: 18 x 23 Turn: 479
2026-06-02 10:33:07 [self-0019-1-defense] Route planned: Target = 258 Mode = defense city-free reachable tiles = 327 Fallback-Tiles = 328
2026-06-02 10:33:07 [self-0019-1-defense] Move #461: 224 -> 223 | Army: 2 | Target-Terrain: 0 | Target: 258 | Half: False
2026-06-02 10:33:07 [self-0019-1-defense] My general index: 239
2026-06-02 10:33:07 [self-0019-1-defense] Enemy general index: None
2026-06-02 10:33:07 [self-0019-1-defense] Visible enemy tiles: 19
2026-06-02 10:33:07 [self-0019-1-defense] Tiles: 26 / 75
2026-06-02 10:33:07 [self-0019-1-defense] Map: 18 x 23 Turn: 480
2026-06-02 10:33:07 [self-0019-1-defense] Route planned: Target = 258 Mode = defense city-free reachable tiles = 327 Fallback-Tiles = 328
2026-06-02 10:33:07 [self-0019-1-defense] Priority agent: flow +6000 base = 146272 final = 152272
2026-06-02 10:33:07 [self-0019-1-defense] Move #462: 223 -> 241 | Army: 2 | Target-Terrain: 0 | Target: 258 | Half: False
2026-06-02 10:33:08 [self-0019-1-defense] My general index: 239
2026-06-02 10:33:08 [self-0019-1-defense] Enemy general index: None
2026-06-02 10:33:08 [self-0019-1-defense] Visible enemy tiles: 19
2026-06-02 10:33:08 [self-0019-1-defense] Tiles: 26 / 75
2026-06-02 10:33:08 [self-0019-1-defense] Map: 18 x 23 Turn: 481
2026-06-02 10:33:08 [self-0019-1-defense] Route planned: Target = 258 Mode = defense city-free reachable tiles = 327 Fallback-Tiles = 328
2026-06-02 10:33:08 [self-0019-1-defense] Priority agent: edge reuse -54000 base = 202791 final = 148791
2026-06-02 10:33:08 [self-0019-1-defense] Move #463: 259 -> 258 | Army: 41 | Target-Terrain: 0 | Target: 258 | Half: False
2026-06-02 10:33:08 [self-0019-1-defense] My general index: 239
2026-06-02 10:33:08 [self-0019-1-defense] Enemy general index: None
2026-06-02 10:33:08 [self-0019-1-defense] Visible enemy tiles: 19
2026-06-02 10:33:08 [self-0019-1-defense] Tiles: 26 / 75
2026-06-02 10:33:08 [self-0019-1-defense] Map: 18 x 23 Turn: 482
2026-06-02 10:33:08 [self-0019-1-defense] Route planned: Target = 259 Mode = defense city-free reachable tiles = 327 Fallback-Tiles = 328
2026-06-02 10:33:08 [self-0019-1-defense] Move #464: 241 -> 259 | Army: 2 | Target-Terrain: 0 | Target: 259 | Half: False
2026-06-02 10:33:09 [self-0019-1-defense] My general index: 239
2026-06-02 10:33:09 [self-0019-1-defense] Enemy general index: None
2026-06-02 10:33:09 [self-0019-1-defense] Visible enemy tiles: 19
2026-06-02 10:33:09 [self-0019-1-defense] Tiles: 26 / 75
2026-06-02 10:33:09 [self-0019-1-defense] Map: 18 x 23 Turn: 483
2026-06-02 10:33:09 [self-0019-1-defense] Route planned: Target = 259 Mode = defense city-free reachable tiles = 327 Fallback-Tiles = 328
2026-06-02 10:33:09 [self-0019-1-defense] Priority agent: edge reuse -54000 base = 201791 final = 147791
2026-06-02 10:33:09 [self-0019-1-defense] Move #465: 258 -> 259 | Army: 41 | Target-Terrain: 0 | Target: 259 | Half: False
2026-06-02 10:33:09 [self-0019-1-defense] My general index: 239
2026-06-02 10:33:09 [self-0019-1-defense] Enemy general index: None
2026-06-02 10:33:09 [self-0019-1-defense] Visible enemy tiles: 19
2026-06-02 10:33:09 [self-0019-1-defense] Tiles: 26 / 75
2026-06-02 10:33:09 [self-0019-1-defense] Map: 18 x 23 Turn: 484
2026-06-02 10:33:09 [self-0019-1-defense] Route planned: Target = 258 Mode = defense city-free reachable tiles = 327 Fallback-Tiles = 328
2026-06-02 10:33:09 [self-0019-1-defense] Move #466: 242 -> 260 | Army: 56 | Target-Terrain: 0 | Target: 258 | Half: False
2026-06-02 10:33:10 [self-0019-1-defense] My general index: 239
2026-06-02 10:33:10 [self-0019-1-defense] Enemy general index: None
2026-06-02 10:33:10 [self-0019-1-defense] Visible enemy tiles: 19
2026-06-02 10:33:10 [self-0019-1-defense] Tiles: 26 / 75
2026-06-02 10:33:10 [self-0019-1-defense] Map: 18 x 23 Turn: 485
2026-06-02 10:33:10 [self-0019-1-defense] Route planned: Target = 258 Mode = defense city-free reachable tiles = 327 Fallback-Tiles = 328
2026-06-02 10:33:10 [self-0019-1-defense] Priority agent: edge reuse -54000 base = 202792 final = 148792
2026-06-02 10:33:10 [self-0019-1-defense] Move #467: 259 -> 258 | Army: 42 | Target-Terrain: 0 | Target: 258 | Half: False
2026-06-02 10:33:10 [self-0019-1-defense] My general index: 239
2026-06-02 10:33:10 [self-0019-1-defense] Enemy general index: None
2026-06-02 10:33:10 [self-0019-1-defense] Visible enemy tiles: 19
2026-06-02 10:33:10 [self-0019-1-defense] Tiles: 26 / 75
2026-06-02 10:33:10 [self-0019-1-defense] Map: 18 x 23 Turn: 486
2026-06-02 10:33:10 [self-0019-1-defense] Route planned: Target = 259 Mode = defense city-free reachable tiles = 327 Fallback-Tiles = 328
2026-06-02 10:33:10 [self-0019-1-defense] Move #468: 260 -> 259 | Army: 56 | Target-Terrain: 0 | Target: 259 | Half: False
2026-06-02 10:33:11 [self-0019-1-defense] My general index: 239
2026-06-02 10:33:11 [self-0019-1-defense] Enemy general index: None
2026-06-02 10:33:11 [self-0019-1-defense] Visible enemy tiles: 19
2026-06-02 10:33:11 [self-0019-1-defense] Tiles: 26 / 75
2026-06-02 10:33:11 [self-0019-1-defense] Map: 18 x 23 Turn: 487
2026-06-02 10:33:11 [self-0019-1-defense] Reinforcement waypoint: 207 final target = 207 turns until reinforcement = 13
2026-06-02 10:33:11 [self-0019-1-defense] Route planned: Target = 207 Mode = reinforcement_waypoint city-free reachable tiles = 327 Fallback-Tiles = 328
2026-06-02 10:33:11 [self-0019-1-defense] Move #469: 169 -> 187 | Army: 2 | Target-Terrain: 0 | Target: 207 | Half: False
2026-06-02 10:33:11 [self-0019-1-defense] My general index: 239
2026-06-02 10:33:11 [self-0019-1-defense] Enemy general index: None
2026-06-02 10:33:11 [self-0019-1-defense] Visible enemy tiles: 19
2026-06-02 10:33:11 [self-0019-1-defense] Tiles: 26 / 75
2026-06-02 10:33:11 [self-0019-1-defense] Map: 18 x 23 Turn: 488
2026-06-02 10:33:11 [self-0019-1-defense] Reinforcement waypoint: 189 final target = 207 turns until reinforcement = 12
2026-06-02 10:33:11 [self-0019-1-defense] Route planned: Target = 189 Mode = reinforcement_waypoint city-free reachable tiles = 327 Fallback-Tiles = 328
2026-06-02 10:33:11 [self-0019-1-defense] Move #470: 202 -> 203 | Army: 2 | Target-Terrain: 0 | Target: 189 | Half: False
2026-06-02 10:33:12 [self-0019-1-defense] My general index: 239
2026-06-02 10:33:12 [self-0019-1-defense] Enemy general index: None
2026-06-02 10:33:12 [self-0019-1-defense] Visible enemy tiles: 19
2026-06-02 10:33:12 [self-0019-1-defense] Tiles: 26 / 75
2026-06-02 10:33:12 [self-0019-1-defense] Map: 18 x 23 Turn: 489
2026-06-02 10:33:12 [self-0019-1-defense] Reinforcement waypoint: 188 final target = 207 turns until reinforcement = 11
2026-06-02 10:33:12 [self-0019-1-defense] Route planned: Target = 188 Mode = reinforcement_waypoint city-free reachable tiles = 327 Fallback-Tiles = 328
2026-06-02 10:33:12 [self-0019-1-defense] Move #471: 220 -> 221 | Army: 3 | Target-Terrain: 0 | Target: 188 | Half: False
2026-06-02 10:33:12 [self-0019-1-defense] My general index: 239
2026-06-02 10:33:12 [self-0019-1-defense] Enemy general index: None
2026-06-02 10:33:12 [self-0019-1-defense] Visible enemy tiles: 19
2026-06-02 10:33:12 [self-0019-1-defense] Tiles: 26 / 75
2026-06-02 10:33:12 [self-0019-1-defense] Map: 18 x 23 Turn: 490
2026-06-02 10:33:12 [self-0019-1-defense] Reinforcement waypoint: 188 final target = 207 turns until reinforcement = 10
2026-06-02 10:33:12 [self-0019-1-defense] Route planned: Target = 188 Mode = reinforcement_waypoint city-free reachable tiles = 327 Fallback-Tiles = 328
2026-06-02 10:33:12 [self-0019-1-defense] Move #472: 201 -> 202 | Army: 2 | Target-Terrain: 0 | Target: 188 | Half: False
2026-06-02 10:33:13 [self-0019-1-defense] My general index: 239
2026-06-02 10:33:13 [self-0019-1-defense] Enemy general index: None
2026-06-02 10:33:13 [self-0019-1-defense] Visible enemy tiles: 19
2026-06-02 10:33:13 [self-0019-1-defense] Tiles: 25 / 76
2026-06-02 10:33:13 [self-0019-1-defense] Map: 18 x 23 Turn: 491
2026-06-02 10:33:13 [self-0019-1-defense] Reinforcement waypoint: 188 final target = 207 turns until reinforcement = 9
2026-06-02 10:33:13 [self-0019-1-defense] Route planned: Target = 188 Mode = reinforcement_waypoint city-free reachable tiles = 327 Fallback-Tiles = 328
2026-06-02 10:33:13 [self-0019-1-defense] Priority agent: edge reuse -9000 base = 66796 final = 57796
2026-06-02 10:33:13 [self-0019-1-defense] Move #473: 259 -> 260 | Army: 56 | Target-Terrain: 1 | Target: 188 | Half: False
2026-06-02 10:33:13 [self-0019-1-defense] My general index: 239
2026-06-02 10:33:13 [self-0019-1-defense] Enemy general index: None
2026-06-02 10:33:13 [self-0019-1-defense] Visible enemy tiles: 19
2026-06-02 10:33:13 [self-0019-1-defense] Tiles: 26 / 75
2026-06-02 10:33:13 [self-0019-1-defense] Map: 18 x 23 Turn: 492
2026-06-02 10:33:13 [self-0019-1-defense] Route planned: Target = 259 Mode = defense city-free reachable tiles = 327 Fallback-Tiles = 328
2026-06-02 10:33:13 [self-0019-1-defense] Priority agent: edge reuse -36000 base = 201792 final = 165792
2026-06-02 10:33:13 [self-0019-1-defense] Move #474: 258 -> 259 | Army: 42 | Target-Terrain: 0 | Target: 259 | Half: False
2026-06-02 10:33:14 [self-0019-1-defense] My general index: 239
2026-06-02 10:33:14 [self-0019-1-defense] Enemy general index: None
2026-06-02 10:33:14 [self-0019-1-defense] Visible enemy tiles: 19
2026-06-02 10:33:14 [self-0019-1-defense] Tiles: 26 / 75
2026-06-02 10:33:14 [self-0019-1-defense] Map: 18 x 23 Turn: 493
2026-06-02 10:33:14 [self-0019-1-defense] Route planned: Target = 258 Mode = defense city-free reachable tiles = 327 Fallback-Tiles = 328
2026-06-02 10:33:14 [self-0019-1-defense] Move #475: 187 -> 205 | Army: 2 | Target-Terrain: 0 | Target: 258 | Half: False
2026-06-02 10:33:14 [self-0019-1-defense] My general index: 239
2026-06-02 10:33:14 [self-0019-1-defense] Enemy general index: None
2026-06-02 10:33:14 [self-0019-1-defense] Visible enemy tiles: 19
2026-06-02 10:33:14 [self-0019-1-defense] Tiles: 26 / 75
2026-06-02 10:33:14 [self-0019-1-defense] Map: 18 x 23 Turn: 494
2026-06-02 10:33:14 [self-0019-1-defense] Route planned: Target = 258 Mode = defense city-free reachable tiles = 327 Fallback-Tiles = 328
2026-06-02 10:33:14 [self-0019-1-defense] Priority agent: edge reuse -36000 base = 202792 final = 166792
2026-06-02 10:33:14 [self-0019-1-defense] Move #476: 259 -> 258 | Army: 42 | Target-Terrain: 0 | Target: 258 | Half: False
2026-06-02 10:33:15 [self-0019-1-defense] My general index: 239
2026-06-02 10:33:15 [self-0019-1-defense] Enemy general index: None
2026-06-02 10:33:15 [self-0019-1-defense] Visible enemy tiles: 19
2026-06-02 10:33:15 [self-0019-1-defense] Tiles: 26 / 75
2026-06-02 10:33:15 [self-0019-1-defense] Map: 18 x 23 Turn: 495
2026-06-02 10:33:15 [self-0019-1-defense] Route planned: Target = 259 Mode = defense city-free reachable tiles = 327 Fallback-Tiles = 328
2026-06-02 10:33:15 [self-0019-1-defense] Priority agent: edge reuse -18000 base = 204004 final = 186004
2026-06-02 10:33:15 [self-0019-1-defense] Move #477: 260 -> 259 | Army: 54 | Target-Terrain: 0 | Target: 259 | Half: False
2026-06-02 10:33:15 [self-0019-1-defense] My general index: 239
2026-06-02 10:33:15 [self-0019-1-defense] Enemy general index: None
2026-06-02 10:33:15 [self-0019-1-defense] Visible enemy tiles: 19
2026-06-02 10:33:15 [self-0019-1-defense] Tiles: 26 / 75
2026-06-02 10:33:15 [self-0019-1-defense] Map: 18 x 23 Turn: 496
2026-06-02 10:33:15 [self-0019-1-defense] Reinforcement waypoint: 206 final target = 207 turns until reinforcement = 4
2026-06-02 10:33:15 [self-0019-1-defense] Route planned: Target = 206 Mode = reinforcement_waypoint city-free reachable tiles = 327 Fallback-Tiles = 328
2026-06-02 10:33:15 [self-0019-1-defense] Move #478: 186 -> 204 | Army: 2 | Target-Terrain: 0 | Target: 206 | Half: False
2026-06-02 10:33:16 [self-0019-1-defense] Coach: stabilize tiles 26/75 army 281/560 cities 0/0 enemy_city_suspect False bias {'expansion_bias': 0.1, 'city_bias': 0.2, 'attack_bias': -0.5, 'defense_bias': 2.0, 'route_bias': 0.1}
2026-06-02 10:33:16 [self-0019-1-defense] My general index: 239
2026-06-02 10:33:16 [self-0019-1-defense] Enemy general index: None
2026-06-02 10:33:16 [self-0019-1-defense] Visible enemy tiles: 19
2026-06-02 10:33:16 [self-0019-1-defense] Tiles: 26 / 75
2026-06-02 10:33:16 [self-0019-1-defense] Map: 18 x 23 Turn: 497
2026-06-02 10:33:16 [self-0019-1-defense] Reinforcement waypoint: 206 final target = 207 turns until reinforcement = 3
2026-06-02 10:33:16 [self-0019-1-defense] Route planned: Target = 206 Mode = reinforcement_waypoint city-free reachable tiles = 327 Fallback-Tiles = 328
2026-06-02 10:33:16 [self-0019-1-defense] Move #479: 185 -> 203 | Army: 2 | Target-Terrain: 0 | Target: 206 | Half: False
2026-06-02 10:33:16 [self-0019-1-defense] My general index: 239
2026-06-02 10:33:16 [self-0019-1-defense] Enemy general index: None
2026-06-02 10:33:16 [self-0019-1-defense] Visible enemy tiles: 19
2026-06-02 10:33:16 [self-0019-1-defense] Tiles: 26 / 75
2026-06-02 10:33:16 [self-0019-1-defense] Map: 18 x 23 Turn: 498
2026-06-02 10:33:16 [self-0019-1-defense] Reinforcement waypoint: 206 final target = 207 turns until reinforcement = 2
2026-06-02 10:33:16 [self-0019-1-defense] Route planned: Target = 206 Mode = reinforcement_waypoint city-free reachable tiles = 327 Fallback-Tiles = 328
2026-06-02 10:33:16 [self-0019-1-defense] Move #480: 205 -> 206 | Army: 2 | Target-Terrain: 0 | Target: 206 | Half: False
2026-06-02 10:33:17 [self-0019-1-defense] My general index: 239
2026-06-02 10:33:17 [self-0019-1-defense] Enemy general index: None
2026-06-02 10:33:17 [self-0019-1-defense] Visible enemy tiles: 20
2026-06-02 10:33:17 [self-0019-1-defense] Tiles: 26 / 76
2026-06-02 10:33:17 [self-0019-1-defense] Map: 18 x 23 Turn: 499
2026-06-02 10:33:17 [self-0019-1-defense] Reinforcement waypoint: 207 final target = 207 turns until reinforcement = 1
2026-06-02 10:33:17 [self-0019-1-defense] Route planned: Target = 207 Mode = reinforcement_waypoint city-free reachable tiles = 327 Fallback-Tiles = 328
2026-06-02 10:33:17 [self-0019-1-defense] Move #481: 246 -> 228 | Army: 2 | Target-Terrain: 0 | Target: 207 | Half: False
2026-06-02 10:33:17 [self-0019-1-defense] My general index: 239
2026-06-02 10:33:17 [self-0019-1-defense] Enemy general index: None
2026-06-02 10:33:17 [self-0019-1-defense] Visible enemy tiles: 20
2026-06-02 10:33:17 [self-0019-1-defense] Tiles: 26 / 76
2026-06-02 10:33:17 [self-0019-1-defense] Map: 18 x 23 Turn: 500
2026-06-02 10:33:17 [self-0019-1-defense] Route planned: Target = 207 Mode = strategy city-free reachable tiles = 327 Fallback-Tiles = 328
2026-06-02 10:33:17 [self-0019-1-defense] Priority agent: flow +6000 base = 71884 final = 77884
2026-06-02 10:33:17 [self-0019-1-defense] Move #482: 228 -> 227 | Army: 4 | Target-Terrain: 1 | Target: 207 | Half: False
2026-06-02 10:33:18 [self-0019-1-defense] My general index: 239
2026-06-02 10:33:18 [self-0019-1-defense] Enemy general index: None
2026-06-02 10:33:18 [self-0019-1-defense] Visible enemy tiles: 16
2026-06-02 10:33:18 [self-0019-1-defense] Tiles: 26 / 76
2026-06-02 10:33:18 [self-0019-1-defense] Map: 18 x 23 Turn: 501
2026-06-02 10:33:18 [self-0019-1-defense] Route planned: Target = 207 Mode = strategy city-free reachable tiles = 327 Fallback-Tiles = 328
2026-06-02 10:33:18 [self-0019-1-defense] Move #483: 259 -> 241 | Army: 55 | Target-Terrain: 0 | Target: 207 | Half: False
2026-06-02 10:33:18 [self-0019-1-defense] My general index: 239
2026-06-02 10:33:18 [self-0019-1-defense] Enemy general index: None
2026-06-02 10:33:18 [self-0019-1-defense] Visible enemy tiles: 17
2026-06-02 10:33:18 [self-0019-1-defense] Tiles: 25 / 77
2026-06-02 10:33:18 [self-0019-1-defense] Map: 18 x 23 Turn: 502
2026-06-02 10:33:18 [self-0019-1-defense] Route planned: Target = 259 Mode = defense city-free reachable tiles = 327 Fallback-Tiles = 328
2026-06-02 10:33:18 [self-0019-1-defense] Priority agent: edge reuse -18000 base = 223052 final = 205052
2026-06-02 10:33:18 [self-0019-1-defense] Move #484: 260 -> 259 | Army: 2 | Target-Terrain: 0 | Target: 259 | Half: False
2026-06-02 10:33:19 [self-0019-1-defense] My general index: 239
2026-06-02 10:33:19 [self-0019-1-defense] Enemy general index: None
2026-06-02 10:33:19 [self-0019-1-defense] Visible enemy tiles: 17
2026-06-02 10:33:19 [self-0019-1-defense] Tiles: 25 / 78
2026-06-02 10:33:19 [self-0019-1-defense] Map: 18 x 23 Turn: 503
2026-06-02 10:33:19 [self-0019-1-defense] Route planned: Target = 259 Mode = defense city-free reachable tiles = 327 Fallback-Tiles = 328
2026-06-02 10:33:19 [self-0019-1-defense] Priority agent: edge reuse -9000 base = 219006 final = 210006
2026-06-02 10:33:19 [self-0019-1-defense] Move #485: 241 -> 259 | Army: 56 | Target-Terrain: 0 | Target: 259 | Half: False
2026-06-02 10:33:19 [self-0019-1-defense] My general index: 239
2026-06-02 10:33:19 [self-0019-1-defense] Enemy general index: None
2026-06-02 10:33:19 [self-0019-1-defense] Visible enemy tiles: 17
2026-06-02 10:33:19 [self-0019-1-defense] Tiles: 25 / 78
2026-06-02 10:33:19 [self-0019-1-defense] Map: 18 x 23 Turn: 504
2026-06-02 10:33:19 [self-0019-1-defense] Route planned: Target = 245 Mode = defense city-free reachable tiles = 327 Fallback-Tiles = 328
2026-06-02 10:33:19 [self-0019-1-defense] Move #486: 206 -> 224 | Army: 3 | Target-Terrain: 0 | Target: 245 | Half: False
2026-06-02 10:33:20 [self-0019-1-defense] My general index: 239
2026-06-02 10:33:20 [self-0019-1-defense] Enemy general index: None
2026-06-02 10:33:20 [self-0019-1-defense] Visible enemy tiles: 17
2026-06-02 10:33:20 [self-0019-1-defense] Tiles: 25 / 78
2026-06-02 10:33:20 [self-0019-1-defense] Map: 18 x 23 Turn: 505
2026-06-02 10:33:20 [self-0019-1-defense] Route planned: Target = 245 Mode = defense city-free reachable tiles = 327 Fallback-Tiles = 328
2026-06-02 10:33:20 [self-0019-1-defense] Priority agent: flow +6000 base = 146184 final = 152184
2026-06-02 10:33:20 [self-0019-1-defense] Move #487: 224 -> 225 | Army: 4 | Target-Terrain: 0 | Target: 245 | Half: False
2026-06-02 10:33:20 [self-0019-1-defense] My general index: 239
2026-06-02 10:33:20 [self-0019-1-defense] Enemy general index: None
2026-06-02 10:33:20 [self-0019-1-defense] Visible enemy tiles: 18
2026-06-02 10:33:20 [self-0019-1-defense] Tiles: 24 / 79
2026-06-02 10:33:20 [self-0019-1-defense] Map: 18 x 23 Turn: 506
2026-06-02 10:33:20 [self-0019-1-defense] Route planned: Target = 245 Mode = defense city-free reachable tiles = 327 Fallback-Tiles = 328
2026-06-02 10:33:20 [self-0019-1-defense] Priority agent: flow +6000 base = 174475 final = 180475
2026-06-02 10:33:20 [self-0019-1-defense] Move #488: 225 -> 226 | Army: 5 | Target-Terrain: 1 | Target: 245 | Half: False
2026-06-02 10:33:21 [self-0019-1-defense] My general index: 239
2026-06-02 10:33:21 [self-0019-1-defense] Enemy general index: None
2026-06-02 10:33:21 [self-0019-1-defense] Visible enemy tiles: 17
2026-06-02 10:33:21 [self-0019-1-defense] Tiles: 25 / 78
2026-06-02 10:33:21 [self-0019-1-defense] Map: 18 x 23 Turn: 507
2026-06-02 10:33:21 [self-0019-1-defense] Route planned: Target = 245 Mode = defense city-free reachable tiles = 327 Fallback-Tiles = 328
2026-06-02 10:33:21 [self-0019-1-defense] Priority agent: flow +6000 base = 146362 final = 152362
2026-06-02 10:33:21 [self-0019-1-defense] Move #489: 226 -> 244 | Army: 2 | Target-Terrain: 0 | Target: 245 | Half: False
2026-06-02 10:33:21 [self-0019-1-defense] My general index: 239
2026-06-02 10:33:21 [self-0019-1-defense] Enemy general index: None
2026-06-02 10:33:21 [self-0019-1-defense] Visible enemy tiles: 18
2026-06-02 10:33:21 [self-0019-1-defense] Tiles: 24 / 79
2026-06-02 10:33:21 [self-0019-1-defense] Map: 18 x 23 Turn: 508
2026-06-02 10:33:21 [self-0019-1-defense] Route planned: Target = 245 Mode = defense city-free reachable tiles = 327 Fallback-Tiles = 328
2026-06-02 10:33:21 [self-0019-1-defense] Move #490: 205 -> 223 | Army: 2 | Target-Terrain: 0 | Target: 245 | Half: False
2026-06-02 10:33:22 [self-0019-1-defense] My general index: 239
2026-06-02 10:33:22 [self-0019-1-defense] Enemy general index: None
2026-06-02 10:33:22 [self-0019-1-defense] Visible enemy tiles: 18
2026-06-02 10:33:22 [self-0019-1-defense] Tiles: 24 / 79
2026-06-02 10:33:22 [self-0019-1-defense] Map: 18 x 23 Turn: 509
2026-06-02 10:33:22 [self-0019-1-defense] Route planned: Target = 245 Mode = defense city-free reachable tiles = 327 Fallback-Tiles = 328
2026-06-02 10:33:22 [self-0019-1-defense] Priority agent: flow +6000 base = 146093 final = 152093
2026-06-02 10:33:22 [self-0019-1-defense] Move #491: 223 -> 224 | Army: 3 | Target-Terrain: 0 | Target: 245 | Half: False
2026-06-02 10:33:22 [self-0019-1-defense] My general index: 239
2026-06-02 10:33:22 [self-0019-1-defense] Enemy general index: None
2026-06-02 10:33:22 [self-0019-1-defense] Visible enemy tiles: 18
2026-06-02 10:33:22 [self-0019-1-defense] Tiles: 24 / 79
2026-06-02 10:33:22 [self-0019-1-defense] Map: 18 x 23 Turn: 510
2026-06-02 10:33:22 [self-0019-1-defense] Route planned: Target = 245 Mode = defense city-free reachable tiles = 327 Fallback-Tiles = 328
2026-06-02 10:33:22 [self-0019-1-defense] Move #492: 187 -> 205 | Army: 2 | Target-Terrain: 0 | Target: 245 | Half: False
2026-06-02 10:33:23 [self-0019-1-defense] My general index: 239
2026-06-02 10:33:23 [self-0019-1-defense] Enemy general index: None
2026-06-02 10:33:23 [self-0019-1-defense] Visible enemy tiles: 18
2026-06-02 10:33:23 [self-0019-1-defense] Tiles: 24 / 79
2026-06-02 10:33:23 [self-0019-1-defense] Map: 18 x 23 Turn: 511
2026-06-02 10:33:23 [self-0019-1-defense] Route planned: Target = 245 Mode = defense city-free reachable tiles = 327 Fallback-Tiles = 328
2026-06-02 10:33:23 [self-0019-1-defense] Move #493: 169 -> 187 | Army: 2 | Target-Terrain: 0 | Target: 245 | Half: False
2026-06-02 10:33:23 [self-0019-1-defense] My general index: 239
2026-06-02 10:33:23 [self-0019-1-defense] Enemy general index: None
2026-06-02 10:33:23 [self-0019-1-defense] Visible enemy tiles: 18
2026-06-02 10:33:23 [self-0019-1-defense] Tiles: 24 / 79
2026-06-02 10:33:23 [self-0019-1-defense] Map: 18 x 23 Turn: 512
2026-06-02 10:33:23 [self-0019-1-defense] Route planned: Target = 245 Mode = defense city-free reachable tiles = 327 Fallback-Tiles = 328
2026-06-02 10:33:23 [self-0019-1-defense] Priority agent: flow +6000 base = 143712 final = 149712
2026-06-02 10:33:23 [self-0019-1-defense] Move #494: 187 -> 188 | Army: 2 | Target-Terrain: 0 | Target: 245 | Half: False
2026-06-02 10:33:24 [self-0019-1-defense] My general index: 239
2026-06-02 10:33:24 [self-0019-1-defense] Enemy general index: None
2026-06-02 10:33:24 [self-0019-1-defense] Visible enemy tiles: 18
2026-06-02 10:33:24 [self-0019-1-defense] Tiles: 24 / 79
2026-06-02 10:33:24 [self-0019-1-defense] Map: 18 x 23 Turn: 513
2026-06-02 10:33:24 [self-0019-1-defense] Route planned: Target = 245 Mode = defense city-free reachable tiles = 327 Fallback-Tiles = 328
2026-06-02 10:33:24 [self-0019-1-defense] Priority agent: flow +6000 base = 175353 final = 181353
2026-06-02 10:33:24 [self-0019-1-defense] Move #495: 188 -> 206 | Army: 3 | Target-Terrain: 1 | Target: 245 | Half: False
2026-06-02 10:33:24 [self-0019-1-defense] My general index: 239
2026-06-02 10:33:24 [self-0019-1-defense] Enemy general index: None
2026-06-02 10:33:24 [self-0019-1-defense] Visible enemy tiles: 17
2026-06-02 10:33:24 [self-0019-1-defense] Tiles: 25 / 78
2026-06-02 10:33:24 [self-0019-1-defense] Map: 18 x 23 Turn: 514
2026-06-02 10:33:24 [self-0019-1-defense] Route planned: Target = 245 Mode = defense city-free reachable tiles = 327 Fallback-Tiles = 328
2026-06-02 10:33:24 [self-0019-1-defense] Move #496: 186 -> 204 | Army: 2 | Target-Terrain: 0 | Target: 245 | Half: False
2026-06-02 10:33:25 [self-0019-1-defense] My general index: 239
2026-06-02 10:33:25 [self-0019-1-defense] Enemy general index: None
2026-06-02 10:33:25 [self-0019-1-defense] Visible enemy tiles: 17
2026-06-02 10:33:25 [self-0019-1-defense] Tiles: 25 / 78
2026-06-02 10:33:25 [self-0019-1-defense] Map: 18 x 23 Turn: 515
2026-06-02 10:33:25 [self-0019-1-defense] Route planned: Target = 245 Mode = defense city-free reachable tiles = 327 Fallback-Tiles = 328
2026-06-02 10:33:25 [self-0019-1-defense] Priority agent: flow +6000 base = 145915 final = 151915
2026-06-02 10:33:25 [self-0019-1-defense] Move #497: 204 -> 205 | Army: 5 | Target-Terrain: 0 | Target: 245 | Half: False
2026-06-02 10:33:25 [self-0019-1-defense] My general index: 239
2026-06-02 10:33:25 [self-0019-1-defense] Enemy general index: None
2026-06-02 10:33:25 [self-0019-1-defense] Visible enemy tiles: 17
2026-06-02 10:33:25 [self-0019-1-defense] Tiles: 25 / 78
2026-06-02 10:33:25 [self-0019-1-defense] Map: 18 x 23 Turn: 516
2026-06-02 10:33:25 [self-0019-1-defense] Route planned: Target = 245 Mode = defense city-free reachable tiles = 327 Fallback-Tiles = 328
2026-06-02 10:33:25 [self-0019-1-defense] Priority agent: flow +6000 base = 146006 final = 152006
2026-06-02 10:33:25 [self-0019-1-defense] Move #498: 205 -> 206 | Army: 6 | Target-Terrain: 0 | Target: 245 | Half: False
2026-06-02 10:33:26 [self-0019-1-defense] My general index: 239
2026-06-02 10:33:26 [self-0019-1-defense] Enemy general index: None
2026-06-02 10:33:26 [self-0019-1-defense] Visible enemy tiles: 17
2026-06-02 10:33:26 [self-0019-1-defense] Tiles: 25 / 78
2026-06-02 10:33:26 [self-0019-1-defense] Map: 18 x 23 Turn: 517
2026-06-02 10:33:26 [self-0019-1-defense] Route planned: Target = 245 Mode = defense city-free reachable tiles = 327 Fallback-Tiles = 328
2026-06-02 10:33:26 [self-0019-1-defense] Priority agent: flow +6000 base = 174996 final = 180996
2026-06-02 10:33:26 [self-0019-1-defense] Move #499: 206 -> 207 | Army: 6 | Target-Terrain: 1 | Target: 245 | Half: False
2026-06-02 10:33:26 [self-0019-1-defense] My general index: 239
2026-06-02 10:33:26 [self-0019-1-defense] Enemy general index: None
2026-06-02 10:33:26 [self-0019-1-defense] Visible enemy tiles: 17
2026-06-02 10:33:26 [self-0019-1-defense] Tiles: 26 / 77
2026-06-02 10:33:26 [self-0019-1-defense] Map: 18 x 23 Turn: 518
2026-06-02 10:33:26 [self-0019-1-defense] Route planned: Target = 245 Mode = defense city-free reachable tiles = 327 Fallback-Tiles = 329
2026-06-02 10:33:26 [self-0019-1-defense] Priority agent: flow +6000 base = 179034 final = 185034
2026-06-02 10:33:26 [self-0019-1-defense] Move #500: 207 -> 208 | Army: 4 | Target-Terrain: 1 | Target: 245 | Half: False
2026-06-02 10:33:27 [self-0019-1-defense] My general index: 239
2026-06-02 10:33:27 [self-0019-1-defense] Enemy general index: None
2026-06-02 10:33:27 [self-0019-1-defense] Visible enemy tiles: 17
2026-06-02 10:33:27 [self-0019-1-defense] Tiles: 27 / 76
2026-06-02 10:33:27 [self-0019-1-defense] Map: 18 x 23 Turn: 519
2026-06-02 10:33:27 [self-0019-1-defense] Route planned: Target = 187 Mode = defense city-free reachable tiles = 327 Fallback-Tiles = 329
2026-06-02 10:33:27 [self-0019-1-defense] Move #501: 258 -> 259 | Army: 43 | Target-Terrain: 0 | Target: 187 | Half: False
2026-06-02 10:33:27 [self-0019-1-defense] My general index: 239
2026-06-02 10:33:27 [self-0019-1-defense] Enemy general index: None
2026-06-02 10:33:27 [self-0019-1-defense] Visible enemy tiles: 17
2026-06-02 10:33:27 [self-0019-1-defense] Tiles: 26 / 77
2026-06-02 10:33:27 [self-0019-1-defense] Map: 18 x 23 Turn: 520
2026-06-02 10:33:27 [self-0019-1-defense] Route planned: Target = 258 Mode = defense city-free reachable tiles = 327 Fallback-Tiles = 329
2026-06-02 10:33:27 [self-0019-1-defense] Priority agent: reverse -35000, edge reuse -9000 base = 232930 final = 188930
2026-06-02 10:33:27 [self-0019-1-defense] Move #502: 259 -> 258 | Army: 99 | Target-Terrain: 0 | Target: 258 | Half: False
2026-06-02 10:33:28 [self-0019-1-defense] My general index: 239
2026-06-02 10:33:28 [self-0019-1-defense] Enemy general index: None
2026-06-02 10:33:28 [self-0019-1-defense] Visible enemy tiles: 18
2026-06-02 10:33:28 [self-0019-1-defense] Tiles: 25 / 78
2026-06-02 10:33:28 [self-0019-1-defense] Map: 18 x 23 Turn: 521
2026-06-02 10:33:28 [self-0019-1-defense] Route planned: Target = 185 Mode = defense city-free reachable tiles = 327 Fallback-Tiles = 329
2026-06-02 10:33:28 [self-0019-1-defense] Move #503: 203 -> 185 | Army: 6 | Target-Terrain: 0 | Target: 185 | Half: False
2026-06-02 10:33:28 [self-0019-1-defense] My general index: 239
2026-06-02 10:33:28 [self-0019-1-defense] Enemy general index: None
2026-06-02 10:33:28 [self-0019-1-defense] Visible enemy tiles: 19
2026-06-02 10:33:28 [self-0019-1-defense] Tiles: 24 / 79
2026-06-02 10:33:28 [self-0019-1-defense] Map: 18 x 23 Turn: 522
2026-06-02 10:33:28 [self-0019-1-defense] Route planned: Target = 185 Mode = defense city-free reachable tiles = 327 Fallback-Tiles = 329
2026-06-02 10:33:28 [self-0019-1-defense] Move #504: 202 -> 203 | Army: 3 | Target-Terrain: 0 | Target: 185 | Half: False
2026-06-02 10:33:29 [self-0019-1-defense] My general index: 239
2026-06-02 10:33:29 [self-0019-1-defense] Enemy general index: None
2026-06-02 10:33:29 [self-0019-1-defense] Visible enemy tiles: 19
2026-06-02 10:33:29 [self-0019-1-defense] Tiles: 24 / 80
2026-06-02 10:33:29 [self-0019-1-defense] Map: 18 x 23 Turn: 523
2026-06-02 10:33:29 [self-0019-1-defense] Route planned: Target = 185 Mode = defense city-free reachable tiles = 327 Fallback-Tiles = 329
2026-06-02 10:33:29 [self-0019-1-defense] Priority agent: edge reuse -9000, flow +6000 base = 250053 final = 247053
2026-06-02 10:33:29 [self-0019-1-defense] Move #505: 203 -> 185 | Army: 3 | Target-Terrain: 0 | Target: 185 | Half: False
2026-06-02 10:33:29 [self-0019-1-defense] My general index: 239
2026-06-02 10:33:29 [self-0019-1-defense] Enemy general index: None
2026-06-02 10:33:29 [self-0019-1-defense] Visible enemy tiles: 19
2026-06-02 10:33:29 [self-0019-1-defense] Tiles: 24 / 81
2026-06-02 10:33:29 [self-0019-1-defense] Map: 18 x 23 Turn: 524
2026-06-02 10:33:29 [self-0019-1-defense] Route planned: Target = 185 Mode = defense city-free reachable tiles = 327 Fallback-Tiles = 329
2026-06-02 10:33:29 [self-0019-1-defense] Move #506: 201 -> 202 | Army: 2 | Target-Terrain: 0 | Target: 185 | Half: False
2026-06-02 10:33:30 [self-0019-1-defense] My general index: 239
2026-06-02 10:33:30 [self-0019-1-defense] Enemy general index: None
2026-06-02 10:33:30 [self-0019-1-defense] Visible enemy tiles: 19
2026-06-02 10:33:30 [self-0019-1-defense] Tiles: 23 / 82
2026-06-02 10:33:30 [self-0019-1-defense] Map: 18 x 23 Turn: 525
2026-06-02 10:33:30 [self-0019-1-defense] Route planned: Target = 185 Mode = defense city-free reachable tiles = 327 Fallback-Tiles = 329
2026-06-02 10:33:30 [self-0019-1-defense] Move #507: 220 -> 221 | Army: 2 | Target-Terrain: 0 | Target: 185 | Half: False
2026-06-02 10:33:30 [self-0019-1-defense] My general index: 239
2026-06-02 10:33:30 [self-0019-1-defense] Enemy general index: None
2026-06-02 10:33:30 [self-0019-1-defense] Visible enemy tiles: 19
2026-06-02 10:33:30 [self-0019-1-defense] Tiles: 23 / 83
2026-06-02 10:33:30 [self-0019-1-defense] Map: 18 x 23 Turn: 526
2026-06-02 10:33:30 [self-0019-1-defense] Route planned: Target = 185 Mode = defense city-free reachable tiles = 327 Fallback-Tiles = 329
2026-06-02 10:33:30 [self-0019-1-defense] Priority agent: flow +6000 base = 146367 final = 152367
2026-06-02 10:33:30 [self-0019-1-defense] Move #508: 221 -> 203 | Army: 7 | Target-Terrain: 0 | Target: 185 | Half: False
2026-06-02 10:33:31 [self-0019-1-defense] My general index: 239
2026-06-02 10:33:31 [self-0019-1-defense] Enemy general index: None
2026-06-02 10:33:31 [self-0019-1-defense] Visible enemy tiles: 19
2026-06-02 10:33:31 [self-0019-1-defense] Tiles: 23 / 84
2026-06-02 10:33:31 [self-0019-1-defense] Map: 18 x 23 Turn: 527
2026-06-02 10:33:31 [self-0019-1-defense] Route planned: Target = 185 Mode = defense city-free reachable tiles = 327 Fallback-Tiles = 329
2026-06-02 10:33:31 [self-0019-1-defense] Priority agent: edge reuse -18000, flow +6000 base = 223057 final = 211057
2026-06-02 10:33:31 [self-0019-1-defense] Move #509: 203 -> 185 | Army: 7 | Target-Terrain: 0 | Target: 185 | Half: False
2026-06-02 10:33:31 [self-0019-1-defense] My general index: 239
2026-06-02 10:33:31 [self-0019-1-defense] Enemy general index: None
2026-06-02 10:33:31 [self-0019-1-defense] Visible enemy tiles: 19
2026-06-02 10:33:31 [self-0019-1-defense] Tiles: 23 / 85
2026-06-02 10:33:31 [self-0019-1-defense] Map: 18 x 23 Turn: 528
2026-06-02 10:33:31 [self-0019-1-defense] Route planned: Target = 185 Mode = defense city-free reachable tiles = 327 Fallback-Tiles = 329
2026-06-02 10:33:31 [self-0019-1-defense] Move #510: 224 -> 206 | Army: 3 | Target-Terrain: 0 | Target: 185 | Half: False
2026-06-02 10:33:32 [self-0019-1-defense] My general index: 239
2026-06-02 10:33:32 [self-0019-1-defense] Enemy general index: None
2026-06-02 10:33:32 [self-0019-1-defense] Visible enemy tiles: 19
2026-06-02 10:33:32 [self-0019-1-defense] Tiles: 23 / 86
2026-06-02 10:33:32 [self-0019-1-defense] Map: 18 x 23 Turn: 529
2026-06-02 10:33:32 [self-0019-1-defense] Route planned: Target = 185 Mode = defense city-free reachable tiles = 327 Fallback-Tiles = 329
2026-06-02 10:33:32 [self-0019-1-defense] Priority agent: flow +6000 base = 179933 final = 185933
2026-06-02 10:33:32 [self-0019-1-defense] Move #511: 206 -> 188 | Army: 3 | Target-Terrain: 1 | Target: 185 | Half: False
2026-06-02 10:33:32 [self-0019-1-defense] My general index: 239
2026-06-02 10:33:32 [self-0019-1-defense] Enemy general index: None
2026-06-02 10:33:32 [self-0019-1-defense] Visible enemy tiles: 19
2026-06-02 10:33:32 [self-0019-1-defense] Tiles: 24 / 86
2026-06-02 10:33:32 [self-0019-1-defense] Map: 18 x 23 Turn: 530
2026-06-02 10:33:32 [self-0019-1-defense] Route planned: Target = 185 Mode = defense city-free reachable tiles = 327 Fallback-Tiles = 329
2026-06-02 10:33:32 [self-0019-1-defense] Move #512: 242 -> 224 | Army: 2 | Target-Terrain: 0 | Target: 185 | Half: False
2026-06-02 10:33:33 [self-0019-1-defense] My general index: 239
2026-06-02 10:33:33 [self-0019-1-defense] Enemy general index: None
2026-06-02 10:33:33 [self-0019-1-defense] Visible enemy tiles: 19
2026-06-02 10:33:33 [self-0019-1-defense] Tiles: 24 / 87
2026-06-02 10:33:33 [self-0019-1-defense] Map: 18 x 23 Turn: 531
2026-06-02 10:33:33 [self-0019-1-defense] Route planned: Target = 185 Mode = defense city-free reachable tiles = 327 Fallback-Tiles = 329
2026-06-02 10:33:33 [self-0019-1-defense] Priority agent: flow +6000 base = 143892 final = 149892
2026-06-02 10:33:33 [self-0019-1-defense] Move #513: 224 -> 223 | Army: 2 | Target-Terrain: 0 | Target: 185 | Half: False
2026-06-02 10:33:33 [self-0019-1-defense] My general index: 239
2026-06-02 10:33:33 [self-0019-1-defense] Enemy general index: None
2026-06-02 10:33:33 [self-0019-1-defense] Visible enemy tiles: 19
2026-06-02 10:33:33 [self-0019-1-defense] Tiles: 24 / 88
2026-06-02 10:33:33 [self-0019-1-defense] Map: 18 x 23 Turn: 532
2026-06-02 10:33:33 [self-0019-1-defense] Route planned: Target = 185 Mode = defense city-free reachable tiles = 327 Fallback-Tiles = 329
2026-06-02 10:33:33 [self-0019-1-defense] Priority agent: flow +6000 base = 146182 final = 152182
2026-06-02 10:33:33 [self-0019-1-defense] Move #514: 223 -> 205 | Army: 2 | Target-Terrain: 0 | Target: 185 | Half: False
2026-06-02 10:33:34 [self-0019-1-defense] My general index: 239
2026-06-02 10:33:34 [self-0019-1-defense] Enemy general index: None
2026-06-02 10:33:34 [self-0019-1-defense] Visible enemy tiles: 19
2026-06-02 10:33:34 [self-0019-1-defense] Tiles: 24 / 89
2026-06-02 10:33:34 [self-0019-1-defense] Map: 18 x 23 Turn: 533
2026-06-02 10:33:34 [self-0019-1-defense] Route planned: Target = 185 Mode = defense city-free reachable tiles = 327 Fallback-Tiles = 329
2026-06-02 10:33:34 [self-0019-1-defense] Priority agent: flow +6000 base = 144072 final = 150072
2026-06-02 10:33:34 [self-0019-1-defense] Move #515: 205 -> 204 | Army: 2 | Target-Terrain: 0 | Target: 185 | Half: False
2026-06-02 10:33:34 [self-0019-1-defense] My general index: 239
2026-06-02 10:33:34 [self-0019-1-defense] Enemy general index: None
2026-06-02 10:33:34 [self-0019-1-defense] Visible enemy tiles: 19
2026-06-02 10:33:34 [self-0019-1-defense] Tiles: 24 / 90
2026-06-02 10:33:34 [self-0019-1-defense] Map: 18 x 23 Turn: 534
2026-06-02 10:33:34 [self-0019-1-defense] Route planned: Target = 185 Mode = defense city-free reachable tiles = 327 Fallback-Tiles = 329
2026-06-02 10:33:34 [self-0019-1-defense] Priority agent: flow +6000 base = 153562 final = 159562
2026-06-02 10:33:34 [self-0019-1-defense] Move #516: 204 -> 186 | Army: 2 | Target-Terrain: 0 | Target: 185 | Half: False
2026-06-02 10:33:35 [self-0019-1-defense] My general index: 239
2026-06-02 10:33:35 [self-0019-1-defense] Enemy general index: None
2026-06-02 10:33:35 [self-0019-1-defense] Visible enemy tiles: 19
2026-06-02 10:33:35 [self-0019-1-defense] Tiles: 24 / 91
2026-06-02 10:33:35 [self-0019-1-defense] Map: 18 x 23 Turn: 535
2026-06-02 10:33:35 [self-0019-1-defense] Route planned: Target = 185 Mode = defense city-free reachable tiles = 327 Fallback-Tiles = 329
2026-06-02 10:33:35 [self-0019-1-defense] Priority agent: flow +6000 base = 235852 final = 241852
2026-06-02 10:33:35 [self-0019-1-defense] Move #517: 186 -> 185 | Army: 2 | Target-Terrain: 0 | Target: 185 | Half: False
2026-06-02 10:33:35 [self-0019-1-defense] My general index: 239
2026-06-02 10:33:35 [self-0019-1-defense] Enemy general index: None
2026-06-02 10:33:35 [self-0019-1-defense] Visible enemy tiles: 19
2026-06-02 10:33:35 [self-0019-1-defense] Tiles: 24 / 92
2026-06-02 10:33:35 [self-0019-1-defense] Map: 18 x 23 Turn: 536
2026-06-02 10:33:35 [self-0019-1-defense] Route planned: Target = 185 Mode = defense city-free reachable tiles = 327 Fallback-Tiles = 329
2026-06-02 10:33:35 [self-0019-1-defense] Move #518: 246 -> 228 | Army: 2 | Target-Terrain: 0 | Target: 185 | Half: False
2026-06-02 10:33:36 [self-0019-1-defense] My general index: 239
2026-06-02 10:33:36 [self-0019-1-defense] Enemy general index: None
2026-06-02 10:33:36 [self-0019-1-defense] Visible enemy tiles: 19
2026-06-02 10:33:36 [self-0019-1-defense] Tiles: 24 / 93
2026-06-02 10:33:36 [self-0019-1-defense] Map: 18 x 23 Turn: 537
2026-06-02 10:33:36 [self-0019-1-defense] Route planned: Target = 185 Mode = defense city-free reachable tiles = 327 Fallback-Tiles = 329
2026-06-02 10:33:36 [self-0019-1-defense] Move #519: 202 -> 203 | Army: 2 | Target-Terrain: 0 | Target: 185 | Half: False
2026-06-02 10:33:36 [self-0019-1-defense] My general index: 239
2026-06-02 10:33:36 [self-0019-1-defense] Enemy general index: None
2026-06-02 10:33:36 [self-0019-1-defense] Visible enemy tiles: 19
2026-06-02 10:33:36 [self-0019-1-defense] Tiles: 24 / 94
2026-06-02 10:33:36 [self-0019-1-defense] Map: 18 x 23 Turn: 538
2026-06-02 10:33:36 [self-0019-1-defense] Route planned: Target = 185 Mode = defense city-free reachable tiles = 327 Fallback-Tiles = 329
2026-06-02 10:33:36 [self-0019-1-defense] Priority agent: edge reuse -9000, flow +6000 base = 235852 final = 232852
2026-06-02 10:33:36 [self-0019-1-defense] Move #520: 203 -> 185 | Army: 2 | Target-Terrain: 0 | Target: 185 | Half: False
2026-06-02 10:33:37 [self-0019-1-defense] My general index: 239
2026-06-02 10:33:37 [self-0019-1-defense] Enemy general index: None
2026-06-02 10:33:37 [self-0019-1-defense] Visible enemy tiles: 19
2026-06-02 10:33:37 [self-0019-1-defense] Tiles: 24 / 95
2026-06-02 10:33:37 [self-0019-1-defense] Map: 18 x 23 Turn: 539
2026-06-02 10:33:37 [self-0019-1-defense] Route planned: Target = 185 Mode = defense city-free reachable tiles = 327 Fallback-Tiles = 329
2026-06-02 10:33:37 [self-0019-1-defense] Move #521: 239 -> 221 | Army: 168 | Target-Terrain: 0 | Target: 185 | Half: True
2026-06-02 10:33:37 [self-0019-1-defense] My general index: 239
2026-06-02 10:33:37 [self-0019-1-defense] Enemy general index: None
2026-06-02 10:33:37 [self-0019-1-defense] Visible enemy tiles: 19
2026-06-02 10:33:37 [self-0019-1-defense] Tiles: 24 / 95
2026-06-02 10:33:37 [self-0019-1-defense] Map: 18 x 23 Turn: 540
2026-06-02 10:33:37 [self-0019-1-defense] Route planned: Target = 185 Mode = defense city-free reachable tiles = 327 Fallback-Tiles = 329
2026-06-02 10:33:37 [self-0019-1-defense] Priority agent: edge reuse -9000 base = 144150 final = 135150
2026-06-02 10:33:37 [self-0019-1-defense] Move #522: 239 -> 221 | Army: 85 | Target-Terrain: 0 | Target: 185 | Half: True
2026-06-02 10:33:38 [self-0019-1-defense] My general index: 239
2026-06-02 10:33:38 [self-0019-1-defense] Enemy general index: None
2026-06-02 10:33:38 [self-0019-1-defense] Visible enemy tiles: 19
2026-06-02 10:33:38 [self-0019-1-defense] Tiles: 24 / 95
2026-06-02 10:33:38 [self-0019-1-defense] Map: 18 x 23 Turn: 541
2026-06-02 10:33:38 [self-0019-1-defense] Route planned: Target = 185 Mode = defense city-free reachable tiles = 327 Fallback-Tiles = 329
2026-06-02 10:33:38 [self-0019-1-defense] Priority agent: flow +6000 base = 148240 final = 154240
2026-06-02 10:33:38 [self-0019-1-defense] Move #523: 221 -> 203 | Army: 127 | Target-Terrain: 0 | Target: 185 | Half: False
2026-06-02 10:33:38 [self-0019-1-defense] My general index: 239
2026-06-02 10:33:38 [self-0019-1-defense] Enemy general index: None
2026-06-02 10:33:38 [self-0019-1-defense] Visible enemy tiles: 19
2026-06-02 10:33:38 [self-0019-1-defense] Tiles: 24 / 95
2026-06-02 10:33:38 [self-0019-1-defense] Map: 18 x 23 Turn: 542
2026-06-02 10:33:38 [self-0019-1-defense] Route planned: Target = 185 Mode = defense city-free reachable tiles = 327 Fallback-Tiles = 329
2026-06-02 10:33:38 [self-0019-1-defense] Priority agent: edge reuse -9000, flow +6000 base = 239930 final = 236930
2026-06-02 10:33:38 [self-0019-1-defense] Move #524: 203 -> 185 | Army: 127 | Target-Terrain: 0 | Target: 185 | Half: False
2026-06-02 10:33:39 [self-0019-1-defense] My general index: 239
2026-06-02 10:33:39 [self-0019-1-defense] Enemy general index: None
2026-06-02 10:33:39 [self-0019-1-defense] Visible enemy tiles: 19
2026-06-02 10:33:39 [self-0019-1-defense] Tiles: 24 / 95
2026-06-02 10:33:39 [self-0019-1-defense] Map: 18 x 23 Turn: 543
2026-06-02 10:33:39 [self-0019-1-defense] Route planned: Target = 186 Mode = defense city-free reachable tiles = 327 Fallback-Tiles = 329
2026-06-02 10:33:39 [self-0019-1-defense] Priority agent: edge reuse -9000, flow +6000 base = 237730 final = 234730
2026-06-02 10:33:39 [self-0019-1-defense] Move #525: 185 -> 186 | Army: 143 | Target-Terrain: 0 | Target: 186 | Half: False
2026-06-02 10:33:39 [self-0019-1-defense] My general index: 239
2026-06-02 10:33:39 [self-0019-1-defense] Enemy general index: None
2026-06-02 10:33:39 [self-0019-1-defense] Visible enemy tiles: 19
2026-06-02 10:33:39 [self-0019-1-defense] Tiles: 24 / 95
2026-06-02 10:33:39 [self-0019-1-defense] Map: 18 x 23 Turn: 544
2026-06-02 10:33:39 [self-0019-1-defense] Route planned: Target = 185 Mode = defense city-free reachable tiles = 327 Fallback-Tiles = 329
2026-06-02 10:33:39 [self-0019-1-defense] Priority agent: reverse -35000, edge reuse -18000 base = 204930 final = 151930
2026-06-02 10:33:39 [self-0019-1-defense] Move #526: 186 -> 185 | Army: 143 | Target-Terrain: 0 | Target: 185 | Half: False
2026-06-02 10:33:40 [self-0019-1-defense] My general index: 239
2026-06-02 10:33:40 [self-0019-1-defense] Enemy general index: None
2026-06-02 10:33:40 [self-0019-1-defense] Visible enemy tiles: 19
2026-06-02 10:33:40 [self-0019-1-defense] Tiles: 24 / 95
2026-06-02 10:33:40 [self-0019-1-defense] Map: 18 x 23 Turn: 545
2026-06-02 10:33:40 [self-0019-1-defense] Route planned: Target = 186 Mode = defense city-free reachable tiles = 327 Fallback-Tiles = 329
2026-06-02 10:33:40 [self-0019-1-defense] Priority agent: reverse -35000, edge reuse -27000, flow +3000 base = 210730 final = 151730
2026-06-02 10:33:40 [self-0019-1-defense] Move #527: 185 -> 186 | Army: 143 | Target-Terrain: 0 | Target: 186 | Half: False
2026-06-02 10:33:40 [self-0019-1-defense] My general index: 239
2026-06-02 10:33:40 [self-0019-1-defense] Enemy general index: None
2026-06-02 10:33:40 [self-0019-1-defense] Visible enemy tiles: 19
2026-06-02 10:33:40 [self-0019-1-defense] Tiles: 24 / 95
2026-06-02 10:33:40 [self-0019-1-defense] Map: 18 x 23 Turn: 546
2026-06-02 10:33:40 [self-0019-1-defense] Route planned: Target = 185 Mode = defense city-free reachable tiles = 327 Fallback-Tiles = 329
2026-06-02 10:33:40 [self-0019-1-defense] Priority agent: reverse -35000, edge reuse -36000 base = 204930 final = 133930
2026-06-02 10:33:40 [self-0019-1-defense] Move #528: 186 -> 185 | Army: 143 | Target-Terrain: 0 | Target: 185 | Half: False
2026-06-02 10:33:41 [self-0019-1-defense] Coach: stabilize tiles 24/95 army 311/715 cities 0/1 enemy_city_suspect True bias {'expansion_bias': 0.1, 'city_bias': 0.2, 'attack_bias': -0.5, 'defense_bias': 2.0, 'route_bias': 0.1}
2026-06-02 10:33:41 [self-0019-1-defense] My general index: 239
2026-06-02 10:33:41 [self-0019-1-defense] Enemy general index: None
2026-06-02 10:33:41 [self-0019-1-defense] Visible enemy tiles: 19
2026-06-02 10:33:41 [self-0019-1-defense] Tiles: 24 / 95
2026-06-02 10:33:41 [self-0019-1-defense] Map: 18 x 23 Turn: 547
2026-06-02 10:33:41 [self-0019-1-defense] Route planned: Target = 186 Mode = defense city-free reachable tiles = 327 Fallback-Tiles = 329
2026-06-02 10:33:41 [self-0019-1-defense] Priority agent: reverse -35000, edge reuse -45000 base = 210730 final = 130730
2026-06-02 10:33:41 [self-0019-1-defense] Move #529: 185 -> 186 | Army: 143 | Target-Terrain: 0 | Target: 186 | Half: False
2026-06-02 10:33:41 [self-0019-1-defense] My general index: 239
2026-06-02 10:33:41 [self-0019-1-defense] Enemy general index: None
2026-06-02 10:33:41 [self-0019-1-defense] Visible enemy tiles: 19
2026-06-02 10:33:41 [self-0019-1-defense] Tiles: 24 / 95
2026-06-02 10:33:41 [self-0019-1-defense] Map: 18 x 23 Turn: 548
2026-06-02 10:33:41 [self-0019-1-defense] Route planned: Target = 185 Mode = defense city-free reachable tiles = 327 Fallback-Tiles = 329
2026-06-02 10:33:41 [self-0019-1-defense] Priority agent: reverse -35000, edge reuse -54000 base = 204930 final = 115930
2026-06-02 10:33:41 [self-0019-1-defense] Move #530: 186 -> 185 | Army: 143 | Target-Terrain: 0 | Target: 185 | Half: False
2026-06-02 10:33:42 [self-0019-1-defense] My general index: 239
2026-06-02 10:33:42 [self-0019-1-defense] Enemy general index: None
2026-06-02 10:33:42 [self-0019-1-defense] Visible enemy tiles: 19
2026-06-02 10:33:42 [self-0019-1-defense] Tiles: 24 / 95
2026-06-02 10:33:42 [self-0019-1-defense] Map: 18 x 23 Turn: 549
2026-06-02 10:33:42 [self-0019-1-defense] Route planned: Target = 186 Mode = defense city-free reachable tiles = 327 Fallback-Tiles = 329
2026-06-02 10:33:42 [self-0019-1-defense] Priority agent: reverse -35000, edge reuse -63000 base = 210730 final = 112730
2026-06-02 10:33:42 [self-0019-1-defense] Move #531: 185 -> 186 | Army: 143 | Target-Terrain: 0 | Target: 186 | Half: False
2026-06-02 10:33:42 [self-0019-1-defense] My general index: 239
2026-06-02 10:33:42 [self-0019-1-defense] Enemy general index: None
2026-06-02 10:33:42 [self-0019-1-defense] Visible enemy tiles: 19
2026-06-02 10:33:42 [self-0019-1-defense] Tiles: 24 / 95
2026-06-02 10:33:42 [self-0019-1-defense] Map: 18 x 23 Turn: 550
2026-06-02 10:33:42 [self-0019-1-defense] Route planned: Target = 185 Mode = defense city-free reachable tiles = 327 Fallback-Tiles = 329
2026-06-02 10:33:42 [self-0019-1-defense] Priority agent: edge reuse -18000 base = 220852 final = 202852
2026-06-02 10:33:42 [self-0019-1-defense] Move #532: 203 -> 185 | Army: 2 | Target-Terrain: 0 | Target: 185 | Half: False
2026-06-02 10:33:43 [self-0019-1-defense] My general index: 239
2026-06-02 10:33:43 [self-0019-1-defense] Enemy general index: None
2026-06-02 10:33:43 [self-0019-1-defense] Visible enemy tiles: 20
2026-06-02 10:33:43 [self-0019-1-defense] Tiles: 24 / 96
2026-06-02 10:33:43 [self-0019-1-defense] Map: 18 x 23 Turn: 551
2026-06-02 10:33:43 [self-0019-1-defense] Route planned: Target = 185 Mode = defense city-free reachable tiles = 327 Fallback-Tiles = 329
2026-06-02 10:33:43 [self-0019-1-defense] Move #533: 206 -> 188 | Army: 2 | Target-Terrain: 0 | Target: 185 | Half: False
2026-06-02 10:33:43 [self-0019-1-defense] My general index: 239
2026-06-02 10:33:43 [self-0019-1-defense] Enemy general index: None
2026-06-02 10:33:43 [self-0019-1-defense] Visible enemy tiles: 20
2026-06-02 10:33:43 [self-0019-1-defense] Tiles: 24 / 97
2026-06-02 10:33:43 [self-0019-1-defense] Map: 18 x 23 Turn: 552
2026-06-02 10:33:43 [self-0019-1-defense] Route planned: Target = 185 Mode = defense city-free reachable tiles = 327 Fallback-Tiles = 329
2026-06-02 10:33:43 [self-0019-1-defense] Move #534: 225 -> 207 | Army: 2 | Target-Terrain: 0 | Target: 185 | Half: False
2026-06-02 10:33:44 [self-0019-1-defense] My general index: 239
2026-06-02 10:33:44 [self-0019-1-defense] Enemy general index: None
2026-06-02 10:33:44 [self-0019-1-defense] Visible enemy tiles: 20
2026-06-02 10:33:44 [self-0019-1-defense] Tiles: 24 / 97
2026-06-02 10:33:44 [self-0019-1-defense] Map: 18 x 23 Turn: 553
2026-06-02 10:33:44 [self-0019-1-defense] Route planned: Target = 185 Mode = defense city-free reachable tiles = 327 Fallback-Tiles = 329
2026-06-02 10:33:44 [self-0019-1-defense] Priority agent: flow +6000 base = 146093 final = 152093
2026-06-02 10:33:44 [self-0019-1-defense] Move #535: 207 -> 206 | Army: 3 | Target-Terrain: 0 | Target: 185 | Half: False
2026-06-02 10:33:44 [self-0019-1-defense] My general index: 239
2026-06-02 10:33:44 [self-0019-1-defense] Enemy general index: None
2026-06-02 10:33:44 [self-0019-1-defense] Visible enemy tiles: 20
2026-06-02 10:33:44 [self-0019-1-defense] Tiles: 24 / 97
2026-06-02 10:33:44 [self-0019-1-defense] Map: 18 x 23 Turn: 554
2026-06-02 10:33:44 [self-0019-1-defense] Route planned: Target = 185 Mode = defense city-free reachable tiles = 327 Fallback-Tiles = 329
2026-06-02 10:33:44 [self-0019-1-defense] Priority agent: flow +6000 base = 146183 final = 152183
2026-06-02 10:33:44 [self-0019-1-defense] Move #536: 206 -> 205 | Army: 3 | Target-Terrain: 0 | Target: 185 | Half: False
2026-06-02 10:33:45 [self-0019-1-defense] My general index: 239
2026-06-02 10:33:45 [self-0019-1-defense] Enemy general index: None
2026-06-02 10:33:45 [self-0019-1-defense] Visible enemy tiles: 20
2026-06-02 10:33:45 [self-0019-1-defense] Tiles: 24 / 97
2026-06-02 10:33:45 [self-0019-1-defense] Map: 18 x 23 Turn: 555
2026-06-02 10:33:45 [self-0019-1-defense] Route planned: Target = 185 Mode = defense city-free reachable tiles = 327 Fallback-Tiles = 329
2026-06-02 10:33:45 [self-0019-1-defense] Priority agent: flow +6000 base = 182374 final = 188374
2026-06-02 10:33:45 [self-0019-1-defense] Move #537: 205 -> 187 | Army: 4 | Target-Terrain: 1 | Target: 185 | Half: False
2026-06-02 10:33:45 [self-0019-1-defense] My general index: 239
2026-06-02 10:33:45 [self-0019-1-defense] Enemy general index: None
2026-06-02 10:33:45 [self-0019-1-defense] Visible enemy tiles: 19
2026-06-02 10:33:45 [self-0019-1-defense] Tiles: 25 / 96
2026-06-02 10:33:45 [self-0019-1-defense] Map: 18 x 23 Turn: 556
2026-06-02 10:33:45 [self-0019-1-defense] Route planned: Target = 185 Mode = defense city-free reachable tiles = 327 Fallback-Tiles = 329
2026-06-02 10:33:45 [self-0019-1-defense] Move #538: 188 -> 187 | Army: 3 | Target-Terrain: 0 | Target: 185 | Half: False
2026-06-02 10:33:46 [self-0019-1-defense] My general index: 239
2026-06-02 10:33:46 [self-0019-1-defense] Enemy general index: None
2026-06-02 10:33:46 [self-0019-1-defense] Visible enemy tiles: 19
2026-06-02 10:33:46 [self-0019-1-defense] Tiles: 25 / 96
2026-06-02 10:33:46 [self-0019-1-defense] Map: 18 x 23 Turn: 557
2026-06-02 10:33:46 [self-0019-1-defense] Route planned: Target = 185 Mode = defense city-free reachable tiles = 327 Fallback-Tiles = 329
2026-06-02 10:33:46 [self-0019-1-defense] Priority agent: flow +6000 base = 141563 final = 147563
2026-06-02 10:33:46 [self-0019-1-defense] Move #539: 187 -> 186 | Army: 3 | Target-Terrain: 0 | Target: 185 | Half: False
2026-06-02 10:33:46 [self-0019-1-defense] My general index: 239
2026-06-02 10:33:46 [self-0019-1-defense] Enemy general index: None
2026-06-02 10:33:46 [self-0019-1-defense] Visible enemy tiles: 19
2026-06-02 10:33:46 [self-0019-1-defense] Tiles: 25 / 96
2026-06-02 10:33:46 [self-0019-1-defense] Map: 18 x 23 Turn: 558
2026-06-02 10:33:46 [self-0019-1-defense] Route planned: Target = 185 Mode = defense city-free reachable tiles = 327 Fallback-Tiles = 329
2026-06-02 10:33:46 [self-0019-1-defense] Priority agent: edge reuse -54000, flow +6000 base = 224930 final = 176930
2026-06-02 10:33:46 [self-0019-1-defense] Move #540: 186 -> 185 | Army: 146 | Target-Terrain: 0 | Target: 185 | Half: False
2026-06-02 10:33:47 [self-0019-1-defense] My general index: 239
2026-06-02 10:33:47 [self-0019-1-defense] Enemy general index: None
2026-06-02 10:33:47 [self-0019-1-defense] Visible enemy tiles: 19
2026-06-02 10:33:47 [self-0019-1-defense] Tiles: 25 / 96
2026-06-02 10:33:47 [self-0019-1-defense] Map: 18 x 23 Turn: 559
2026-06-02 10:33:47 [self-0019-1-defense] Route planned: Target = 186 Mode = defense city-free reachable tiles = 327 Fallback-Tiles = 329
2026-06-02 10:33:47 [self-0019-1-defense] Move #541: 204 -> 186 | Army: 2 | Target-Terrain: 0 | Target: 186 | Half: False
2026-06-02 10:33:47 [self-0019-1-defense] My general index: 239
2026-06-02 10:33:47 [self-0019-1-defense] Enemy general index: None
2026-06-02 10:33:47 [self-0019-1-defense] Visible enemy tiles: 19
2026-06-02 10:33:47 [self-0019-1-defense] Tiles: 25 / 96
2026-06-02 10:33:47 [self-0019-1-defense] Map: 18 x 23 Turn: 560
2026-06-02 10:33:47 [self-0019-1-defense] Route planned: Target = 186 Mode = defense city-free reachable tiles = 327 Fallback-Tiles = 329
2026-06-02 10:33:47 [self-0019-1-defense] Priority agent: edge reuse -45000 base = 207630 final = 162630
2026-06-02 10:33:47 [self-0019-1-defense] Move #542: 185 -> 186 | Army: 148 | Target-Terrain: 0 | Target: 186 | Half: False
2026-06-02 10:33:48 [self-0019-1-defense] My general index: 239
2026-06-02 10:33:48 [self-0019-1-defense] Enemy general index: None
2026-06-02 10:33:48 [self-0019-1-defense] Visible enemy tiles: 19
2026-06-02 10:33:48 [self-0019-1-defense] Tiles: 25 / 96
2026-06-02 10:33:48 [self-0019-1-defense] Map: 18 x 23 Turn: 561
2026-06-02 10:33:48 [self-0019-1-defense] Route planned: Target = 185 Mode = defense city-free reachable tiles = 327 Fallback-Tiles = 329
2026-06-02 10:33:48 [self-0019-1-defense] Move #543: 202 -> 203 | Army: 2 | Target-Terrain: 0 | Target: 185 | Half: False
2026-06-02 10:33:48 [self-0019-1-defense] My general index: 239
2026-06-02 10:33:48 [self-0019-1-defense] Enemy general index: None
2026-06-02 10:33:48 [self-0019-1-defense] Visible enemy tiles: 19
2026-06-02 10:33:48 [self-0019-1-defense] Tiles: 25 / 96
2026-06-02 10:33:48 [self-0019-1-defense] Map: 18 x 23 Turn: 562
2026-06-02 10:33:48 [self-0019-1-defense] Route planned: Target = 185 Mode = defense city-free reachable tiles = 327 Fallback-Tiles = 329
2026-06-02 10:33:48 [self-0019-1-defense] Priority agent: edge reuse -9000, flow +6000 base = 235852 final = 232852
2026-06-02 10:33:48 [self-0019-1-defense] Move #544: 203 -> 185 | Army: 2 | Target-Terrain: 0 | Target: 185 | Half: False
2026-06-02 10:33:49 [self-0019-1-defense] My general index: 239
2026-06-02 10:33:49 [self-0019-1-defense] Enemy general index: None
2026-06-02 10:33:49 [self-0019-1-defense] Visible enemy tiles: 19
2026-06-02 10:33:49 [self-0019-1-defense] Tiles: 25 / 96
2026-06-02 10:33:49 [self-0019-1-defense] Map: 18 x 23 Turn: 563
2026-06-02 10:33:49 [self-0019-1-defense] Route planned: Target = 185 Mode = defense city-free reachable tiles = 327 Fallback-Tiles = 329
2026-06-02 10:33:49 [self-0019-1-defense] Priority agent: edge reuse -27000 base = 201830 final = 174830
2026-06-02 10:33:49 [self-0019-1-defense] Move #545: 186 -> 185 | Army: 149 | Target-Terrain: 0 | Target: 185 | Half: False
2026-06-02 10:33:49 [self-0019-1-defense] My general index: 239
2026-06-02 10:33:49 [self-0019-1-defense] Enemy general index: None
2026-06-02 10:33:49 [self-0019-1-defense] Visible enemy tiles: 19
2026-06-02 10:33:49 [self-0019-1-defense] Tiles: 25 / 96
2026-06-02 10:33:49 [self-0019-1-defense] Map: 18 x 23 Turn: 564
2026-06-02 10:33:49 [self-0019-1-defense] Route planned: Target = 186 Mode = defense city-free reachable tiles = 327 Fallback-Tiles = 329
2026-06-02 10:33:49 [self-0019-1-defense] Priority agent: reverse -35000, edge reuse -27000 base = 210730 final = 148730
2026-06-02 10:33:49 [self-0019-1-defense] Move #546: 185 -> 186 | Army: 150 | Target-Terrain: 0 | Target: 186 | Half: False
2026-06-02 10:33:50 [self-0019-1-defense] My general index: 239
2026-06-02 10:33:50 [self-0019-1-defense] Enemy general index: None
2026-06-02 10:33:50 [self-0019-1-defense] Visible enemy tiles: 19
2026-06-02 10:33:50 [self-0019-1-defense] Tiles: 25 / 96
2026-06-02 10:33:50 [self-0019-1-defense] Map: 18 x 23 Turn: 565
2026-06-02 10:33:50 [self-0019-1-defense] Route planned: Target = 185 Mode = defense city-free reachable tiles = 327 Fallback-Tiles = 329
2026-06-02 10:33:50 [self-0019-1-defense] Move #547: 201 -> 202 | Army: 2 | Target-Terrain: 0 | Target: 185 | Half: False
2026-06-02 10:33:50 [self-0019-1-defense] My general index: 239
2026-06-02 10:33:50 [self-0019-1-defense] Enemy general index: None
2026-06-02 10:33:50 [self-0019-1-defense] Visible enemy tiles: 19
2026-06-02 10:33:50 [self-0019-1-defense] Tiles: 25 / 96
2026-06-02 10:33:50 [self-0019-1-defense] Map: 18 x 23 Turn: 566
2026-06-02 10:33:50 [self-0019-1-defense] Route planned: Target = 185 Mode = defense city-free reachable tiles = 327 Fallback-Tiles = 329
2026-06-02 10:33:50 [self-0019-1-defense] Priority agent: edge reuse -36000 base = 201830 final = 165830
2026-06-02 10:33:50 [self-0019-1-defense] Move #548: 186 -> 185 | Army: 150 | Target-Terrain: 0 | Target: 185 | Half: False
2026-06-02 10:33:51 [self-0019-1-defense] My general index: 239
2026-06-02 10:33:51 [self-0019-1-defense] Enemy general index: None
2026-06-02 10:33:51 [self-0019-1-defense] Visible enemy tiles: 19
2026-06-02 10:33:51 [self-0019-1-defense] Tiles: 25 / 96
2026-06-02 10:33:51 [self-0019-1-defense] Map: 18 x 23 Turn: 567
2026-06-02 10:33:51 [self-0019-1-defense] Route planned: Target = 186 Mode = defense city-free reachable tiles = 327 Fallback-Tiles = 329
2026-06-02 10:33:51 [self-0019-1-defense] Move #549: 223 -> 205 | Army: 2 | Target-Terrain: 0 | Target: 186 | Half: False
2026-06-02 10:33:51 [self-0019-1-defense] My general index: 239
2026-06-02 10:33:51 [self-0019-1-defense] Enemy general index: None
2026-06-02 10:33:51 [self-0019-1-defense] Visible enemy tiles: 19
2026-06-02 10:33:51 [self-0019-1-defense] Tiles: 25 / 96
2026-06-02 10:33:51 [self-0019-1-defense] Map: 18 x 23 Turn: 568
2026-06-02 10:33:51 [self-0019-1-defense] Route planned: Target = 186 Mode = defense city-free reachable tiles = 327 Fallback-Tiles = 329
2026-06-02 10:33:51 [self-0019-1-defense] Priority agent: edge reuse -45000 base = 207630 final = 162630
2026-06-02 10:33:51 [self-0019-1-defense] Move #550: 185 -> 186 | Army: 150 | Target-Terrain: 0 | Target: 186 | Half: False
2026-06-02 10:33:52 [self-0019-1-defense] My general index: 239
2026-06-02 10:33:52 [self-0019-1-defense] Enemy general index: None
2026-06-02 10:33:52 [self-0019-1-defense] Visible enemy tiles: 19
2026-06-02 10:33:52 [self-0019-1-defense] Tiles: 25 / 96
2026-06-02 10:33:52 [self-0019-1-defense] Map: 18 x 23 Turn: 569
2026-06-02 10:33:52 [self-0019-1-defense] Route planned: Target = 185 Mode = defense city-free reachable tiles = 327 Fallback-Tiles = 329
2026-06-02 10:33:52 [self-0019-1-defense] Move #551: 220 -> 221 | Army: 2 | Target-Terrain: 0 | Target: 185 | Half: False
2026-06-02 10:33:52 [self-0019-1-defense] My general index: 239
2026-06-02 10:33:52 [self-0019-1-defense] Enemy general index: None
2026-06-02 10:33:52 [self-0019-1-defense] Visible enemy tiles: 19
2026-06-02 10:33:52 [self-0019-1-defense] Tiles: 24 / 97
2026-06-02 10:33:52 [self-0019-1-defense] Map: 18 x 23 Turn: 570
2026-06-02 10:33:52 [self-0019-1-defense] Route planned: Target = 185 Mode = defense city-free reachable tiles = 327 Fallback-Tiles = 329
2026-06-02 10:33:52 [self-0019-1-defense] Move #552: 205 -> 187 | Army: 2 | Target-Terrain: 0 | Target: 185 | Half: False
2026-06-02 10:33:53 [self-0019-1-defense] My general index: 239
2026-06-02 10:33:53 [self-0019-1-defense] Enemy general index: None
2026-06-02 10:33:53 [self-0019-1-defense] Visible enemy tiles: 20
2026-06-02 10:33:53 [self-0019-1-defense] Tiles: 23 / 98
2026-06-02 10:33:53 [self-0019-1-defense] Map: 18 x 23 Turn: 571
2026-06-02 10:33:53 [self-0019-1-defense] Route planned: Target = 185 Mode = defense city-free reachable tiles = 327 Fallback-Tiles = 329
2026-06-02 10:33:53 [self-0019-1-defense] Priority agent: edge reuse -54000 base = 205430 final = 151430
2026-06-02 10:33:53 [self-0019-1-defense] Move #553: 186 -> 185 | Army: 150 | Target-Terrain: 0 | Target: 185 | Half: False
2026-06-02 10:33:53 [self-0019-1-defense] My general index: 239
2026-06-02 10:33:53 [self-0019-1-defense] Enemy general index: None
2026-06-02 10:33:53 [self-0019-1-defense] Visible enemy tiles: 21
2026-06-02 10:33:53 [self-0019-1-defense] Tiles: 22 / 99
2026-06-02 10:33:53 [self-0019-1-defense] Map: 18 x 23 Turn: 572
2026-06-02 10:33:53 [self-0019-1-defense] Route planned: Target = 241 Mode = defense city-free reachable tiles = 327 Fallback-Tiles = 329
2026-06-02 10:33:53 [self-0019-1-defense] Move #554: 242 -> 241 | Army: 2 | Target-Terrain: 0 | Target: 241 | Half: False
2026-06-02 10:33:54 [self-0019-1-defense] My general index: 239
2026-06-02 10:33:54 [self-0019-1-defense] Enemy general index: None
2026-06-02 10:33:54 [self-0019-1-defense] Visible enemy tiles: 22
2026-06-02 10:33:54 [self-0019-1-defense] Tiles: 21 / 100
2026-06-02 10:33:54 [self-0019-1-defense] Map: 18 x 23 Turn: 573
2026-06-02 10:33:54 [self-0019-1-defense] Route planned: Target = 203 Mode = defense city-free reachable tiles = 327 Fallback-Tiles = 329
2026-06-02 10:33:54 [self-0019-1-defense] Move #555: 221 -> 203 | Army: 3 | Target-Terrain: 0 | Target: 203 | Half: False
2026-06-02 10:33:54 [self-0019-1-defense] My general index: 239
2026-06-02 10:33:54 [self-0019-1-defense] Enemy general index: None
2026-06-02 10:33:54 [self-0019-1-defense] Visible enemy tiles: 22
2026-06-02 10:33:54 [self-0019-1-defense] Tiles: 20 / 101
2026-06-02 10:33:54 [self-0019-1-defense] Map: 18 x 23 Turn: 574
2026-06-02 10:33:54 [self-0019-1-defense] Route planned: Target = 203 Mode = defense city-free reachable tiles = 327 Fallback-Tiles = 329
2026-06-02 10:33:54 [self-0019-1-defense] Priority agent: edge reuse -9000 base = 239030 final = 230030
2026-06-02 10:33:54 [self-0019-1-defense] Move #556: 185 -> 203 | Army: 150 | Target-Terrain: 0 | Target: 203 | Half: False
2026-06-02 10:33:55 [self-0019-1-defense] My general index: 239
2026-06-02 10:33:55 [self-0019-1-defense] Enemy general index: None
2026-06-02 10:33:55 [self-0019-1-defense] Visible enemy tiles: 22
2026-06-02 10:33:55 [self-0019-1-defense] Tiles: 20 / 101
2026-06-02 10:33:55 [self-0019-1-defense] Map: 18 x 23 Turn: 575
2026-06-02 10:33:55 [self-0019-1-defense] Route planned: Target = 241 Mode = defense city-free reachable tiles = 327 Fallback-Tiles = 329
2026-06-02 10:33:55 [self-0019-1-defense] Move #557: 259 -> 241 | Army: 2 | Target-Terrain: 0 | Target: 241 | Half: False
2026-06-02 10:33:55 [self-0019-1-defense] My general index: 239
2026-06-02 10:33:55 [self-0019-1-defense] Enemy general index: None
2026-06-02 10:33:55 [self-0019-1-defense] Visible enemy tiles: 23
2026-06-02 10:33:55 [self-0019-1-defense] Tiles: 19 / 102
2026-06-02 10:33:55 [self-0019-1-defense] Map: 18 x 23 Turn: 576
2026-06-02 10:33:55 [self-0019-1-defense] Route planned: Target = 241 Mode = defense city-free reachable tiles = 327 Fallback-Tiles = 329
2026-06-02 10:33:55 [self-0019-1-defense] Move #558: 203 -> 204 | Army: 152 | Target-Terrain: 1 | Target: 241 | Half: False
2026-06-02 10:33:56 [self-0019-1-defense] My general index: 239
2026-06-02 10:33:56 [self-0019-1-defense] Enemy general index: None
2026-06-02 10:33:56 [self-0019-1-defense] Visible enemy tiles: 22
2026-06-02 10:33:56 [self-0019-1-defense] Tiles: 20 / 102
2026-06-02 10:33:56 [self-0019-1-defense] Map: 18 x 23 Turn: 577
2026-06-02 10:33:56 [self-0019-1-defense] Route planned: Target = 203 Mode = defense city-free reachable tiles = 327 Fallback-Tiles = 329
2026-06-02 10:33:56 [self-0019-1-defense] Move #559: 202 -> 203 | Army: 2 | Target-Terrain: 0 | Target: 203 | Half: False
2026-06-02 10:33:56 [self-0019-1-defense] My general index: 239
2026-06-02 10:33:56 [self-0019-1-defense] Enemy general index: None
2026-06-02 10:33:56 [self-0019-1-defense] Visible enemy tiles: 22
2026-06-02 10:33:56 [self-0019-1-defense] Tiles: 20 / 103
2026-06-02 10:33:56 [self-0019-1-defense] Map: 18 x 23 Turn: 578
2026-06-02 10:33:56 [self-0019-1-defense] Route planned: Target = 203 Mode = defense city-free reachable tiles = 327 Fallback-Tiles = 329
2026-06-02 10:33:56 [self-0019-1-defense] Priority agent: edge reuse -9000 base = 219030 final = 210030
2026-06-02 10:33:56 [self-0019-1-defense] Move #560: 204 -> 203 | Army: 150 | Target-Terrain: 0 | Target: 203 | Half: False
2026-06-02 10:33:57 [self-0019-1-defense] My general index: 239
2026-06-02 10:33:57 [self-0019-1-defense] Enemy general index: None
2026-06-02 10:33:57 [self-0019-1-defense] Visible enemy tiles: 22
2026-06-02 10:33:57 [self-0019-1-defense] Tiles: 20 / 104
2026-06-02 10:33:57 [self-0019-1-defense] Map: 18 x 23 Turn: 579
2026-06-02 10:33:57 [self-0019-1-defense] Route planned: Target = 241 Mode = defense city-free reachable tiles = 327 Fallback-Tiles = 329
2026-06-02 10:33:57 [self-0019-1-defense] Move #561: 224 -> 223 | Army: 2 | Target-Terrain: 0 | Target: 241 | Half: False
2026-06-02 10:33:57 [self-0019-1-defense] My general index: 239
2026-06-02 10:33:57 [self-0019-1-defense] Enemy general index: None
2026-06-02 10:33:57 [self-0019-1-defense] Visible enemy tiles: 22
2026-06-02 10:33:57 [self-0019-1-defense] Tiles: 20 / 105
2026-06-02 10:33:57 [self-0019-1-defense] Map: 18 x 23 Turn: 580
2026-06-02 10:33:57 [self-0019-1-defense] Route planned: Target = 241 Mode = defense city-free reachable tiles = 327 Fallback-Tiles = 329
2026-06-02 10:33:57 [self-0019-1-defense] Priority agent: flow +6000 base = 236852 final = 242852
2026-06-02 10:33:57 [self-0019-1-defense] Move #562: 223 -> 241 | Army: 2 | Target-Terrain: 0 | Target: 241 | Half: False
2026-06-02 10:33:58 [self-0019-1-defense] My general index: 239
2026-06-02 10:33:58 [self-0019-1-defense] Enemy general index: None
2026-06-02 10:33:58 [self-0019-1-defense] Visible enemy tiles: 22
2026-06-02 10:33:58 [self-0019-1-defense] Tiles: 20 / 106
2026-06-02 10:33:58 [self-0019-1-defense] Map: 18 x 23 Turn: 581
2026-06-02 10:33:58 [self-0019-1-defense] Route planned: Target = 241 Mode = defense city-free reachable tiles = 327 Fallback-Tiles = 329
2026-06-02 10:33:58 [self-0019-1-defense] Move #563: 260 -> 259 | Army: 2 | Target-Terrain: 0 | Target: 241 | Half: False
2026-06-02 10:33:58 [self-0019-1-defense] My general index: 239
2026-06-02 10:33:58 [self-0019-1-defense] Enemy general index: None
2026-06-02 10:33:58 [self-0019-1-defense] Visible enemy tiles: 22
2026-06-02 10:33:58 [self-0019-1-defense] Tiles: 20 / 107
2026-06-02 10:33:58 [self-0019-1-defense] Map: 18 x 23 Turn: 582
2026-06-02 10:33:58 [self-0019-1-defense] Route planned: Target = 241 Mode = defense city-free reachable tiles = 327 Fallback-Tiles = 329
2026-06-02 10:33:58 [self-0019-1-defense] Priority agent: edge reuse -9000, flow +6000 base = 234652 final = 231652
2026-06-02 10:33:58 [self-0019-1-defense] Move #564: 259 -> 241 | Army: 2 | Target-Terrain: 0 | Target: 241 | Half: False
2026-06-02 10:33:59 [self-0019-1-defense] My general index: 239
2026-06-02 10:33:59 [self-0019-1-defense] Enemy general index: None
2026-06-02 10:33:59 [self-0019-1-defense] Visible enemy tiles: 22
2026-06-02 10:33:59 [self-0019-1-defense] Tiles: 19 / 108
2026-06-02 10:33:59 [self-0019-1-defense] Map: 18 x 23 Turn: 583
2026-06-02 10:33:59 [self-0019-1-defense] Route planned: Target = 241 Mode = defense city-free reachable tiles = 327 Fallback-Tiles = 329
2026-06-02 10:33:59 [self-0019-1-defense] Move #565: 258 -> 259 | Army: 100 | Target-Terrain: 0 | Target: 241 | Half: False
2026-06-02 10:33:59 [self-0019-1-defense] My general index: 239
2026-06-02 10:33:59 [self-0019-1-defense] Enemy general index: None
2026-06-02 10:33:59 [self-0019-1-defense] Visible enemy tiles: 22
2026-06-02 10:33:59 [self-0019-1-defense] Tiles: 19 / 109
2026-06-02 10:33:59 [self-0019-1-defense] Map: 18 x 23 Turn: 584
2026-06-02 10:33:59 [self-0019-1-defense] Route planned: Target = 241 Mode = defense city-free reachable tiles = 327 Fallback-Tiles = 329
2026-06-02 10:33:59 [self-0019-1-defense] Priority agent: edge reuse -18000, flow +6000 base = 223730 final = 211730
2026-06-02 10:33:59 [self-0019-1-defense] Move #566: 259 -> 241 | Army: 100 | Target-Terrain: 0 | Target: 241 | Half: False
2026-06-02 10:34:00 [self-0019-1-defense] My general index: 239
2026-06-02 10:34:00 [self-0019-1-defense] Enemy general index: None
2026-06-02 10:34:00 [self-0019-1-defense] Visible enemy tiles: 22
2026-06-02 10:34:00 [self-0019-1-defense] Tiles: 19 / 110
2026-06-02 10:34:00 [self-0019-1-defense] Map: 18 x 23 Turn: 585
2026-06-02 10:34:00 [self-0019-1-defense] Route planned: Target = 185 Mode = defense city-free reachable tiles = 327 Fallback-Tiles = 329
2026-06-02 10:34:00 [self-0019-1-defense] Priority agent: edge reuse -9000 base = 281130 final = 272130
2026-06-02 10:34:00 [self-0019-1-defense] Move #567: 203 -> 185 | Army: 151 | Target-Terrain: 1 | Target: 185 | Half: False
2026-06-02 10:34:00 [self-0019-1-defense] My general index: 239
2026-06-02 10:34:00 [self-0019-1-defense] Enemy general index: None
2026-06-02 10:34:00 [self-0019-1-defense] Visible enemy tiles: 22
2026-06-02 10:34:00 [self-0019-1-defense] Tiles: 20 / 109
2026-06-02 10:34:00 [self-0019-1-defense] Map: 18 x 23 Turn: 586
2026-06-02 10:34:00 [self-0019-1-defense] Route planned: Target = 203 Mode = defense city-free reachable tiles = 327 Fallback-Tiles = 329
2026-06-02 10:34:00 [self-0019-1-defense] Priority agent: reverse -35000, edge reuse -18000 base = 207130 final = 154130
2026-06-02 10:34:00 [self-0019-1-defense] Move #568: 185 -> 203 | Army: 149 | Target-Terrain: 0 | Target: 203 | Half: False
2026-06-02 10:34:01 [self-0019-1-defense] My general index: 239
2026-06-02 10:34:01 [self-0019-1-defense] Enemy general index: None
2026-06-02 10:34:01 [self-0019-1-defense] Visible enemy tiles: 22
2026-06-02 10:34:01 [self-0019-1-defense] Tiles: 20 / 109
2026-06-02 10:34:01 [self-0019-1-defense] Map: 18 x 23 Turn: 587
2026-06-02 10:34:01 [self-0019-1-defense] Route planned: Target = 185 Mode = defense city-free reachable tiles = 327 Fallback-Tiles = 329
2026-06-02 10:34:01 [self-0019-1-defense] Priority agent: reverse -35000, edge reuse -27000 base = 220530 final = 158530
2026-06-02 10:34:01 [self-0019-1-defense] Move #569: 203 -> 185 | Army: 149 | Target-Terrain: 0 | Target: 185 | Half: False
2026-06-02 10:34:01 [self-0019-1-defense] My general index: 239
2026-06-02 10:34:01 [self-0019-1-defense] Enemy general index: None
2026-06-02 10:34:01 [self-0019-1-defense] Visible enemy tiles: 22
2026-06-02 10:34:01 [self-0019-1-defense] Tiles: 20 / 109
2026-06-02 10:34:01 [self-0019-1-defense] Map: 18 x 23 Turn: 588
2026-06-02 10:34:01 [self-0019-1-defense] Route planned: Target = 203 Mode = defense city-free reachable tiles = 327 Fallback-Tiles = 329
2026-06-02 10:34:01 [self-0019-1-defense] Move #570: 246 -> 228 | Army: 2 | Target-Terrain: 0 | Target: 203 | Half: False
2026-06-02 10:34:02 [self-0019-1-defense] My general index: 239
2026-06-02 10:34:02 [self-0019-1-defense] Enemy general index: None
2026-06-02 10:34:02 [self-0019-1-defense] Visible enemy tiles: 22
2026-06-02 10:34:02 [self-0019-1-defense] Tiles: 20 / 109
2026-06-02 10:34:02 [self-0019-1-defense] Map: 18 x 23 Turn: 589
2026-06-02 10:34:02 [self-0019-1-defense] Route planned: Target = 203 Mode = defense city-free reachable tiles = 327 Fallback-Tiles = 329
2026-06-02 10:34:02 [self-0019-1-defense] Priority agent: flow +6000 base = 175274 final = 181274
2026-06-02 10:34:02 [self-0019-1-defense] Move #571: 228 -> 210 | Army: 4 | Target-Terrain: 1 | Target: 203 | Half: False
2026-06-02 10:34:02 [self-0019-1-defense] My general index: 239
2026-06-02 10:34:02 [self-0019-1-defense] Enemy general index: None
2026-06-02 10:34:02 [self-0019-1-defense] Visible enemy tiles: 25
2026-06-02 10:34:02 [self-0019-1-defense] Tiles: 20 / 109
2026-06-02 10:34:02 [self-0019-1-defense] Map: 18 x 23 Turn: 590
2026-06-02 10:34:02 [self-0019-1-defense] Route planned: Target = 203 Mode = defense city-free reachable tiles = 327 Fallback-Tiles = 329
2026-06-02 10:34:02 [self-0019-1-defense] Priority agent: edge reuse -27000 base = 204030 final = 177030
2026-06-02 10:34:02 [self-0019-1-defense] Move #572: 185 -> 203 | Army: 149 | Target-Terrain: 0 | Target: 203 | Half: False
2026-06-02 10:34:03 [self-0019-1-defense] My general index: 239
2026-06-02 10:34:03 [self-0019-1-defense] Enemy general index: None
2026-06-02 10:34:03 [self-0019-1-defense] Visible enemy tiles: 23
2026-06-02 10:34:03 [self-0019-1-defense] Tiles: 19 / 110
2026-06-02 10:34:03 [self-0019-1-defense] Map: 18 x 23 Turn: 591
2026-06-02 10:34:03 [self-0019-1-defense] Route planned: Target = 185 Mode = defense city-free reachable tiles = 327 Fallback-Tiles = 329
2026-06-02 10:34:03 [self-0019-1-defense] Move #573: 239 -> 221 | Army: 69 | Target-Terrain: 0 | Target: 185 | Half: True
2026-06-02 10:34:03 [self-0019-1-defense] My general index: 239
2026-06-02 10:34:03 [self-0019-1-defense] Enemy general index: None
2026-06-02 10:34:03 [self-0019-1-defense] Visible enemy tiles: 17
2026-06-02 10:34:03 [self-0019-1-defense] Tiles: 18 / 111
2026-06-02 10:34:03 [self-0019-1-defense] Map: 18 x 23 Turn: 592
2026-06-02 10:34:03 [self-0019-1-defense] Route planned: Target = 185 Mode = defense city-free reachable tiles = 327 Fallback-Tiles = 329
2026-06-02 10:34:03 [self-0019-1-defense] Priority agent: edge reuse -36000 base = 205430 final = 169430
2026-06-02 10:34:03 [self-0019-1-defense] Move #574: 203 -> 185 | Army: 149 | Target-Terrain: 0 | Target: 185 | Half: False
2026-06-02 10:34:04 [self-0019-1-defense] My general index: 239
2026-06-02 10:34:04 [self-0019-1-defense] Enemy general index: None
2026-06-02 10:34:04 [self-0019-1-defense] Visible enemy tiles: 17
2026-06-02 10:34:04 [self-0019-1-defense] Tiles: 18 / 111
2026-06-02 10:34:04 [self-0019-1-defense] Map: 18 x 23 Turn: 593
2026-06-02 10:34:04 [self-0019-1-defense] Route planned: Target = 203 Mode = defense city-free reachable tiles = 327 Fallback-Tiles = 329
2026-06-02 10:34:04 [self-0019-1-defense] Move #575: 221 -> 203 | Army: 35 | Target-Terrain: 0 | Target: 203 | Half: False
2026-06-02 10:34:04 [self-0019-1-defense] My general index: 239
2026-06-02 10:34:04 [self-0019-1-defense] Enemy general index: None
2026-06-02 10:34:04 [self-0019-1-defense] Visible enemy tiles: 17
2026-06-02 10:34:04 [self-0019-1-defense] Tiles: 18 / 111
2026-06-02 10:34:04 [self-0019-1-defense] Map: 18 x 23 Turn: 594
2026-06-02 10:34:04 [self-0019-1-defense] Route planned: Target = 223 Mode = defense city-free reachable tiles = 327 Fallback-Tiles = 329
2026-06-02 10:34:04 [self-0019-1-defense] Priority agent: edge reuse -9000 base = 248830 final = 239830
2026-06-02 10:34:04 [self-0019-1-defense] Move #576: 241 -> 223 | Army: 105 | Target-Terrain: 0 | Target: 223 | Half: False
2026-06-02 10:34:05 [self-0019-1-defense] My general index: 239
2026-06-02 10:34:05 [self-0019-1-defense] Enemy general index: None
2026-06-02 10:34:05 [self-0019-1-defense] Visible enemy tiles: 17
2026-06-02 10:34:05 [self-0019-1-defense] Tiles: 18 / 111
2026-06-02 10:34:05 [self-0019-1-defense] Map: 18 x 23 Turn: 595
2026-06-02 10:34:05 [self-0019-1-defense] Route planned: Target = 241 Mode = defense city-free reachable tiles = 327 Fallback-Tiles = 329
2026-06-02 10:34:05 [self-0019-1-defense] Move #577: 185 -> 186 | Army: 149 | Target-Terrain: 1 | Target: 241 | Half: False
2026-06-02 10:34:05 [self-0019-1-defense] My general index: 239
2026-06-02 10:34:05 [self-0019-1-defense] Enemy general index: None
2026-06-02 10:34:05 [self-0019-1-defense] Visible enemy tiles: 17
2026-06-02 10:34:05 [self-0019-1-defense] Tiles: 19 / 110
2026-06-02 10:34:05 [self-0019-1-defense] Map: 18 x 23 Turn: 596
2026-06-02 10:34:05 [self-0019-1-defense] Route planned: Target = 241 Mode = defense city-free reachable tiles = 327 Fallback-Tiles = 329
2026-06-02 10:34:05 [self-0019-1-defense] Priority agent: edge reuse -9000 base = 217830 final = 208830
2026-06-02 10:34:05 [self-0019-1-defense] Move #578: 223 -> 241 | Army: 105 | Target-Terrain: 0 | Target: 241 | Half: False
2026-06-02 10:34:06 [self-0019-1-defense] Coach: stabilize tiles 19/110 army 342/892 cities 0/1 enemy_city_suspect True bias {'expansion_bias': 0.1, 'city_bias': 0.2, 'attack_bias': -0.5, 'defense_bias': 2.0, 'route_bias': 0.1}
2026-06-02 10:34:06 [self-0019-1-defense] My general index: 239
2026-06-02 10:34:06 [self-0019-1-defense] Enemy general index: None
2026-06-02 10:34:06 [self-0019-1-defense] Visible enemy tiles: 17
2026-06-02 10:34:06 [self-0019-1-defense] Tiles: 19 / 110
2026-06-02 10:34:06 [self-0019-1-defense] Map: 18 x 23 Turn: 597
2026-06-02 10:34:06 [self-0019-1-defense] Route planned: Target = 185 Mode = defense city-free reachable tiles = 327 Fallback-Tiles = 329
2026-06-02 10:34:06 [self-0019-1-defense] Priority agent: edge reuse -9000 base = 220430 final = 211430
2026-06-02 10:34:06 [self-0019-1-defense] Move #579: 186 -> 185 | Army: 147 | Target-Terrain: 0 | Target: 185 | Half: False
2026-06-02 10:34:06 [self-0019-1-defense] My general index: 239
2026-06-02 10:34:06 [self-0019-1-defense] Enemy general index: None
2026-06-02 10:34:06 [self-0019-1-defense] Visible enemy tiles: 17
2026-06-02 10:34:06 [self-0019-1-defense] Tiles: 19 / 110
2026-06-02 10:34:06 [self-0019-1-defense] Map: 18 x 23 Turn: 598
2026-06-02 10:34:06 [self-0019-1-defense] Route planned: Target = 223 Mode = defense city-free reachable tiles = 327 Fallback-Tiles = 329
2026-06-02 10:34:06 [self-0019-1-defense] Priority agent: edge reuse -18000 base = 213830 final = 195830
2026-06-02 10:34:06 [self-0019-1-defense] Move #580: 241 -> 223 | Army: 105 | Target-Terrain: 0 | Target: 223 | Half: False
2026-06-02 10:34:07 [self-0019-1-defense] My general index: 239
2026-06-02 10:34:07 [self-0019-1-defense] Enemy general index: None
2026-06-02 10:34:07 [self-0019-1-defense] Visible enemy tiles: 17
2026-06-02 10:34:07 [self-0019-1-defense] Tiles: 19 / 110
2026-06-02 10:34:07 [self-0019-1-defense] Map: 18 x 23 Turn: 599
2026-06-02 10:34:07 [self-0019-1-defense] Route planned: Target = 241 Mode = defense city-free reachable tiles = 327 Fallback-Tiles = 329
2026-06-02 10:34:07 [self-0019-1-defense] Priority agent: reverse -35000, edge reuse -27000 base = 217930 final = 155930
2026-06-02 10:34:07 [self-0019-1-defense] Move #581: 223 -> 241 | Army: 105 | Target-Terrain: 0 | Target: 241 | Half: False
2026-06-02 10:34:07 [self-0019-1-defense] My general index: 239
2026-06-02 10:34:07 [self-0019-1-defense] Enemy general index: None
2026-06-02 10:34:07 [self-0019-1-defense] Visible enemy tiles: 17
2026-06-02 10:34:07 [self-0019-1-defense] Tiles: 18 / 111
2026-06-02 10:34:07 [self-0019-1-defense] Map: 18 x 23 Turn: 600
2026-06-02 10:34:07 [self-0019-1-defense] Route planned: Target = 223 Mode = defense city-free reachable tiles = 327 Fallback-Tiles = 328
2026-06-02 10:34:07 [self-0019-1-defense] Move #582: 224 -> 223 | Army: 2 | Target-Terrain: 0 | Target: 223 | Half: False
2026-06-02 10:34:08 [self-0019-1-defense] My general index: 239
2026-06-02 10:34:08 [self-0019-1-defense] Enemy general index: None
2026-06-02 10:34:08 [self-0019-1-defense] Visible enemy tiles: 16
2026-06-02 10:34:08 [self-0019-1-defense] Tiles: 17 / 112
2026-06-02 10:34:08 [self-0019-1-defense] Map: 18 x 23 Turn: 601
2026-06-02 10:34:08 [self-0019-1-defense] Route planned: Target = 223 Mode = defense city-free reachable tiles = 327 Fallback-Tiles = 328
2026-06-02 10:34:08 [self-0019-1-defense] Priority agent: edge reuse -36000 base = 201830 final = 165830
2026-06-02 10:34:08 [self-0019-1-defense] Move #583: 241 -> 223 | Army: 106 | Target-Terrain: 0 | Target: 223 | Half: False
2026-06-02 10:34:08 [self-0019-1-defense] My general index: 239
2026-06-02 10:34:08 [self-0019-1-defense] Enemy general index: None
2026-06-02 10:34:08 [self-0019-1-defense] Visible enemy tiles: 17
2026-06-02 10:34:08 [self-0019-1-defense] Tiles: 16 / 113
2026-06-02 10:34:08 [self-0019-1-defense] Map: 18 x 23 Turn: 602
2026-06-02 10:34:08 [self-0019-1-defense] Route planned: Target = 241 Mode = defense city-free reachable tiles = 327 Fallback-Tiles = 328
2026-06-02 10:34:08 [self-0019-1-defense] Move #584: 242 -> 241 | Army: 2 | Target-Terrain: 0 | Target: 241 | Half: False
2026-06-02 10:34:09 [self-0019-1-defense] My general index: 239
2026-06-02 10:34:09 [self-0019-1-defense] Enemy general index: None
2026-06-02 10:34:09 [self-0019-1-defense] Visible enemy tiles: 16
2026-06-02 10:34:09 [self-0019-1-defense] Tiles: 15 / 114
2026-06-02 10:34:09 [self-0019-1-defense] Map: 18 x 23 Turn: 603
2026-06-02 10:34:09 [self-0019-1-defense] Route planned: Target = 241 Mode = defense city-free reachable tiles = 327 Fallback-Tiles = 328
2026-06-02 10:34:09 [self-0019-1-defense] Move #585: 259 -> 241 | Army: 2 | Target-Terrain: 0 | Target: 241 | Half: False
2026-06-02 10:34:09 [self-0019-1-defense] My general index: 239
2026-06-02 10:34:09 [self-0019-1-defense] Enemy general index: None
2026-06-02 10:34:09 [self-0019-1-defense] Visible enemy tiles: 16
2026-06-02 10:34:09 [self-0019-1-defense] Tiles: 15 / 115
2026-06-02 10:34:09 [self-0019-1-defense] Map: 18 x 23 Turn: 604
2026-06-02 10:34:09 [self-0019-1-defense] Route planned: Target = 241 Mode = defense city-free reachable tiles = 327 Fallback-Tiles = 328
2026-06-02 10:34:09 [self-0019-1-defense] Priority agent: edge reuse -45000 base = 202830 final = 157830
2026-06-02 10:34:09 [self-0019-1-defense] Move #586: 223 -> 241 | Army: 108 | Target-Terrain: 0 | Target: 241 | Half: False
2026-06-02 10:34:10 [self-0019-1-defense] My general index: 239
2026-06-02 10:34:10 [self-0019-1-defense] Enemy general index: None
2026-06-02 10:34:10 [self-0019-1-defense] Visible enemy tiles: 16
2026-06-02 10:34:10 [self-0019-1-defense] Tiles: 14 / 116
2026-06-02 10:34:10 [self-0019-1-defense] Map: 18 x 23 Turn: 605
2026-06-02 10:34:10 [self-0019-1-defense] Route planned: Target = 223 Mode = defense city-free reachable tiles = 327 Fallback-Tiles = 328
2026-06-02 10:34:10 [self-0019-1-defense] Move #587: 202 -> 203 | Army: 2 | Target-Terrain: 0 | Target: 223 | Half: False
2026-06-02 10:34:10 [self-0019-1-defense] My general index: 239
2026-06-02 10:34:10 [self-0019-1-defense] Enemy general index: None
2026-06-02 10:34:10 [self-0019-1-defense] Visible enemy tiles: 16
2026-06-02 10:34:10 [self-0019-1-defense] Tiles: 14 / 117
2026-06-02 10:34:10 [self-0019-1-defense] Map: 18 x 23 Turn: 606
2026-06-02 10:34:10 [self-0019-1-defense] Route planned: Target = 223 Mode = defense city-free reachable tiles = 327 Fallback-Tiles = 328
2026-06-02 10:34:10 [self-0019-1-defense] Priority agent: flow +6000 base = 150507 final = 156507
2026-06-02 10:34:10 [self-0019-1-defense] Move #588: 203 -> 204 | Army: 37 | Target-Terrain: 0 | Target: 223 | Half: False
2026-06-02 10:34:11 [self-0019-1-defense] My general index: 239
2026-06-02 10:34:11 [self-0019-1-defense] Enemy general index: None
2026-06-02 10:34:11 [self-0019-1-defense] Visible enemy tiles: 16
2026-06-02 10:34:11 [self-0019-1-defense] Tiles: 14 / 118
2026-06-02 10:34:11 [self-0019-1-defense] Map: 18 x 23 Turn: 607
2026-06-02 10:34:11 [self-0019-1-defense] Route planned: Target = 203 Mode = defense city-free reachable tiles = 327 Fallback-Tiles = 328
2026-06-02 10:34:11 [self-0019-1-defense] Move #589: 185 -> 203 | Army: 148 | Target-Terrain: 0 | Target: 203 | Half: False
2026-06-02 10:34:11 [self-0019-1-defense] My general index: 239
2026-06-02 10:34:11 [self-0019-1-defense] Enemy general index: None
2026-06-02 10:34:11 [self-0019-1-defense] Visible enemy tiles: 16
2026-06-02 10:34:11 [self-0019-1-defense] Tiles: 14 / 118
2026-06-02 10:34:11 [self-0019-1-defense] Map: 18 x 23 Turn: 608
2026-06-02 10:34:11 [self-0019-1-defense] Route planned: Target = 185 Mode = defense city-free reachable tiles = 327 Fallback-Tiles = 328
2026-06-02 10:34:11 [self-0019-1-defense] Priority agent: edge reuse -18000 base = 239852 final = 221852
2026-06-02 10:34:11 [self-0019-1-defense] Move #590: 186 -> 185 | Army: 2 | Target-Terrain: 0 | Target: 185 | Half: False
2026-06-02 10:34:12 [self-0019-1-defense] My general index: 239
2026-06-02 10:34:12 [self-0019-1-defense] Enemy general index: None
2026-06-02 10:34:12 [self-0019-1-defense] Visible enemy tiles: 16
2026-06-02 10:34:12 [self-0019-1-defense] Tiles: 14 / 118
2026-06-02 10:34:12 [self-0019-1-defense] Map: 18 x 23 Turn: 609
2026-06-02 10:34:12 [self-0019-1-defense] Route planned: Target = 185 Mode = defense city-free reachable tiles = 327 Fallback-Tiles = 328
2026-06-02 10:34:12 [self-0019-1-defense] Priority agent: edge reuse -9000 base = 221630 final = 212630
2026-06-02 10:34:12 [self-0019-1-defense] Move #591: 203 -> 185 | Army: 148 | Target-Terrain: 0 | Target: 185 | Half: False
2026-06-02 10:34:12 [self-0019-1-defense] My general index: 239
2026-06-02 10:34:12 [self-0019-1-defense] Enemy general index: None
2026-06-02 10:34:12 [self-0019-1-defense] Visible enemy tiles: 16
2026-06-02 10:34:12 [self-0019-1-defense] Tiles: 14 / 118
2026-06-02 10:34:12 [self-0019-1-defense] Map: 18 x 23 Turn: 610
2026-06-02 10:34:12 [self-0019-1-defense] Route planned: Target = 203 Mode = defense city-free reachable tiles = 327 Fallback-Tiles = 328
2026-06-02 10:34:12 [self-0019-1-defense] Move #592: 221 -> 203 | Army: 2 | Target-Terrain: 0 | Target: 203 | Half: False
2026-06-02 10:34:13 [self-0019-1-defense] My general index: 239
2026-06-02 10:34:13 [self-0019-1-defense] Enemy general index: None
2026-06-02 10:34:13 [self-0019-1-defense] Visible enemy tiles: 16
2026-06-02 10:34:13 [self-0019-1-defense] Tiles: 14 / 118
2026-06-02 10:34:13 [self-0019-1-defense] Map: 18 x 23 Turn: 611
2026-06-02 10:34:13 [self-0019-1-defense] Route planned: Target = 203 Mode = defense city-free reachable tiles = 327 Fallback-Tiles = 328
2026-06-02 10:34:13 [self-0019-1-defense] Priority agent: edge reuse -9000 base = 220188 final = 211188
2026-06-02 10:34:13 [self-0019-1-defense] Move #593: 204 -> 203 | Army: 38 | Target-Terrain: 0 | Target: 203 | Half: False
2026-06-02 10:34:13 [self-0019-1-defense] My general index: 239
2026-06-02 10:34:13 [self-0019-1-defense] Enemy general index: None
2026-06-02 10:34:13 [self-0019-1-defense] Visible enemy tiles: 16
2026-06-02 10:34:13 [self-0019-1-defense] Tiles: 14 / 118
2026-06-02 10:34:13 [self-0019-1-defense] Map: 18 x 23 Turn: 612
2026-06-02 10:34:13 [self-0019-1-defense] Route planned: Target = 223 Mode = defense city-free reachable tiles = 327 Fallback-Tiles = 328
2026-06-02 10:34:13 [self-0019-1-defense] Priority agent: edge reuse -36000 base = 201830 final = 165830
2026-06-02 10:34:13 [self-0019-1-defense] Move #594: 241 -> 223 | Army: 110 | Target-Terrain: 0 | Target: 223 | Half: False
2026-06-02 10:34:14 [self-0019-1-defense] My general index: 239
2026-06-02 10:34:14 [self-0019-1-defense] Enemy general index: None
2026-06-02 10:34:14 [self-0019-1-defense] Visible enemy tiles: 16
2026-06-02 10:34:14 [self-0019-1-defense] Tiles: 14 / 118
2026-06-02 10:34:14 [self-0019-1-defense] Map: 18 x 23 Turn: 613
2026-06-02 10:34:14 [self-0019-1-defense] Route planned: Target = 241 Mode = defense city-free reachable tiles = 327 Fallback-Tiles = 328
2026-06-02 10:34:14 [self-0019-1-defense] Move #595: 201 -> 202 | Army: 2 | Target-Terrain: 0 | Target: 241 | Half: False
2026-06-02 10:34:14 [self-0019-1-defense] My general index: 239
2026-06-02 10:34:14 [self-0019-1-defense] Enemy general index: None
2026-06-02 10:34:14 [self-0019-1-defense] Visible enemy tiles: 16
2026-06-02 10:34:14 [self-0019-1-defense] Tiles: 14 / 118
2026-06-02 10:34:14 [self-0019-1-defense] Map: 18 x 23 Turn: 614
2026-06-02 10:34:14 [self-0019-1-defense] Route planned: Target = 241 Mode = defense city-free reachable tiles = 327 Fallback-Tiles = 328
2026-06-02 10:34:14 [self-0019-1-defense] Priority agent: edge reuse -27000 base = 202830 final = 175830
2026-06-02 10:34:14 [self-0019-1-defense] Move #596: 223 -> 241 | Army: 110 | Target-Terrain: 0 | Target: 241 | Half: False
2026-06-02 10:34:15 [self-0019-1-defense] My general index: 239
2026-06-02 10:34:15 [self-0019-1-defense] Enemy general index: None
2026-06-02 10:34:15 [self-0019-1-defense] Visible enemy tiles: 16
2026-06-02 10:34:15 [self-0019-1-defense] Tiles: 14 / 118
2026-06-02 10:34:15 [self-0019-1-defense] Map: 18 x 23 Turn: 615
2026-06-02 10:34:15 [self-0019-1-defense] Route planned: Target = 223 Mode = defense city-free reachable tiles = 327 Fallback-Tiles = 328
2026-06-02 10:34:15 [self-0019-1-defense] Priority agent: edge reuse -9000 base = 142960 final = 133960
2026-06-02 10:34:15 [self-0019-1-defense] Move #597: 185 -> 186 | Army: 149 | Target-Terrain: 0 | Target: 223 | Half: False
2026-06-02 10:34:15 [self-0019-1-defense] My general index: 239
2026-06-02 10:34:15 [self-0019-1-defense] Enemy general index: None
2026-06-02 10:34:15 [self-0019-1-defense] Visible enemy tiles: 16
2026-06-02 10:34:15 [self-0019-1-defense] Tiles: 14 / 118
2026-06-02 10:34:15 [self-0019-1-defense] Map: 18 x 23 Turn: 616
2026-06-02 10:34:15 [self-0019-1-defense] Route planned: Target = 185 Mode = defense city-free reachable tiles = 327 Fallback-Tiles = 328
2026-06-02 10:34:15 [self-0019-1-defense] Priority agent: edge reuse -18000 base = 226589 final = 208589
2026-06-02 10:34:15 [self-0019-1-defense] Move #598: 203 -> 185 | Army: 39 | Target-Terrain: 0 | Target: 185 | Half: False
2026-06-02 10:34:16 [self-0019-1-defense] My general index: 239
2026-06-02 10:34:16 [self-0019-1-defense] Enemy general index: None
2026-06-02 10:34:16 [self-0019-1-defense] Visible enemy tiles: 16
2026-06-02 10:34:16 [self-0019-1-defense] Tiles: 14 / 118
2026-06-02 10:34:16 [self-0019-1-defense] Map: 18 x 23 Turn: 617
2026-06-02 10:34:16 [self-0019-1-defense] Route planned: Target = 203 Mode = defense city-free reachable tiles = 327 Fallback-Tiles = 328
2026-06-02 10:34:16 [self-0019-1-defense] Priority agent: edge reuse -9000 base = 239252 final = 230252
2026-06-02 10:34:16 [self-0019-1-defense] Move #599: 202 -> 203 | Army: 2 | Target-Terrain: 0 | Target: 203 | Half: False
2026-06-02 10:34:16 [self-0019-1-defense] My general index: 239
2026-06-02 10:34:16 [self-0019-1-defense] Enemy general index: None
2026-06-02 10:34:16 [self-0019-1-defense] Visible enemy tiles: 16
2026-06-02 10:34:16 [self-0019-1-defense] Tiles: 14 / 118
2026-06-02 10:34:16 [self-0019-1-defense] Map: 18 x 23 Turn: 618
2026-06-02 10:34:16 [self-0019-1-defense] Route planned: Target = 203 Mode = defense city-free reachable tiles = 327 Fallback-Tiles = 328
2026-06-02 10:34:16 [self-0019-1-defense] Priority agent: edge reuse -27000 base = 205189 final = 178189
2026-06-02 10:34:16 [self-0019-1-defense] Move #600: 185 -> 203 | Army: 39 | Target-Terrain: 0 | Target: 203 | Half: False
2026-06-02 10:34:17 [self-0019-1-defense] My general index: 239
2026-06-02 10:34:17 [self-0019-1-defense] Enemy general index: None
2026-06-02 10:34:17 [self-0019-1-defense] Visible enemy tiles: 16
2026-06-02 10:34:17 [self-0019-1-defense] Tiles: 14 / 118
2026-06-02 10:34:17 [self-0019-1-defense] Map: 18 x 23 Turn: 619
2026-06-02 10:34:17 [self-0019-1-defense] Route planned: Target = 185 Mode = defense city-free reachable tiles = 327 Fallback-Tiles = 328
2026-06-02 10:34:17 [self-0019-1-defense] Priority agent: edge reuse -18000 base = 208830 final = 190830
2026-06-02 10:34:17 [self-0019-1-defense] Move #601: 186 -> 185 | Army: 149 | Target-Terrain: 0 | Target: 185 | Half: False
2026-06-02 10:34:17 [self-0019-1-defense] My general index: 239
2026-06-02 10:34:17 [self-0019-1-defense] Enemy general index: None
2026-06-02 10:34:17 [self-0019-1-defense] Visible enemy tiles: 16
2026-06-02 10:34:17 [self-0019-1-defense] Tiles: 14 / 118
2026-06-02 10:34:17 [self-0019-1-defense] Map: 18 x 23 Turn: 620
2026-06-02 10:34:17 [self-0019-1-defense] Route planned: Target = 223 Mode = defense city-free reachable tiles = 327 Fallback-Tiles = 328
2026-06-02 10:34:17 [self-0019-1-defense] Priority agent: edge reuse -18000 base = 213830 final = 195830
2026-06-02 10:34:17 [self-0019-1-defense] Move #602: 241 -> 223 | Army: 110 | Target-Terrain: 0 | Target: 223 | Half: False
2026-06-02 10:34:18 [self-0019-1-defense] My general index: 239
2026-06-02 10:34:18 [self-0019-1-defense] Enemy general index: None
2026-06-02 10:34:18 [self-0019-1-defense] Visible enemy tiles: 16
2026-06-02 10:34:18 [self-0019-1-defense] Tiles: 14 / 118
2026-06-02 10:34:18 [self-0019-1-defense] Map: 18 x 23 Turn: 621
2026-06-02 10:34:18 [self-0019-1-defense] Route planned: Target = 241 Mode = defense city-free reachable tiles = 327 Fallback-Tiles = 328
2026-06-02 10:34:18 [self-0019-1-defense] Priority agent: reverse -35000, edge reuse -27000 base = 217930 final = 155930
2026-06-02 10:34:18 [self-0019-1-defense] Move #603: 223 -> 241 | Army: 110 | Target-Terrain: 0 | Target: 241 | Half: False
2026-06-02 10:34:18 [self-0019-1-defense] My general index: 239
2026-06-02 10:34:18 [self-0019-1-defense] Enemy general index: None
2026-06-02 10:34:18 [self-0019-1-defense] Visible enemy tiles: 16
2026-06-02 10:34:18 [self-0019-1-defense] Tiles: 14 / 118
2026-06-02 10:34:18 [self-0019-1-defense] Map: 18 x 23 Turn: 622
2026-06-02 10:34:18 [self-0019-1-defense] Route planned: Target = 223 Mode = defense city-free reachable tiles = 327 Fallback-Tiles = 328
2026-06-02 10:34:18 [self-0019-1-defense] Priority agent: edge reuse -9000 base = 147410 final = 138410
2026-06-02 10:34:18 [self-0019-1-defense] Move #604: 203 -> 204 | Army: 40 | Target-Terrain: 0 | Target: 223 | Half: False
2026-06-02 10:34:19 [self-0019-1-defense] My general index: 239
2026-06-02 10:34:19 [self-0019-1-defense] Enemy general index: None
2026-06-02 10:34:19 [self-0019-1-defense] Visible enemy tiles: 16
2026-06-02 10:34:19 [self-0019-1-defense] Tiles: 14 / 118
2026-06-02 10:34:19 [self-0019-1-defense] Map: 18 x 23 Turn: 623
2026-06-02 10:34:19 [self-0019-1-defense] Route planned: Target = 203 Mode = defense city-free reachable tiles = 327 Fallback-Tiles = 328
2026-06-02 10:34:19 [self-0019-1-defense] Priority agent: edge reuse -27000 base = 205230 final = 178230
2026-06-02 10:34:19 [self-0019-1-defense] Move #605: 185 -> 203 | Army: 149 | Target-Terrain: 0 | Target: 203 | Half: False
2026-06-02 10:34:19 [self-0019-1-defense] My general index: 239
2026-06-02 10:34:19 [self-0019-1-defense] Enemy general index: None
2026-06-02 10:34:19 [self-0019-1-defense] Visible enemy tiles: 16
2026-06-02 10:34:19 [self-0019-1-defense] Tiles: 14 / 118
2026-06-02 10:34:19 [self-0019-1-defense] Map: 18 x 23 Turn: 624
2026-06-02 10:34:19 [self-0019-1-defense] Route planned: Target = 185 Mode = defense city-free reachable tiles = 327 Fallback-Tiles = 328
2026-06-02 10:34:19 [self-0019-1-defense] Move #606: 204 -> 186 | Army: 40 | Target-Terrain: 0 | Target: 185 | Half: False
2026-06-02 10:34:20 [self-0019-1-defense] My general index: 239
2026-06-02 10:34:20 [self-0019-1-defense] Enemy general index: None
2026-06-02 10:34:20 [self-0019-1-defense] Visible enemy tiles: 16
2026-06-02 10:34:20 [self-0019-1-defense] Tiles: 14 / 118
2026-06-02 10:34:20 [self-0019-1-defense] Map: 18 x 23 Turn: 625
2026-06-02 10:34:20 [self-0019-1-defense] Route planned: Target = 185 Mode = defense city-free reachable tiles = 327 Fallback-Tiles = 328
2026-06-02 10:34:20 [self-0019-1-defense] Priority agent: edge reuse -18000, flow +6000 base = 231890 final = 219890
2026-06-02 10:34:20 [self-0019-1-defense] Move #607: 186 -> 185 | Army: 40 | Target-Terrain: 0 | Target: 185 | Half: False
2026-06-02 10:34:20 [self-0019-1-defense] My general index: 239
2026-06-02 10:34:20 [self-0019-1-defense] Enemy general index: None
2026-06-02 10:34:20 [self-0019-1-defense] Visible enemy tiles: 16
2026-06-02 10:34:20 [self-0019-1-defense] Tiles: 14 / 118
2026-06-02 10:34:20 [self-0019-1-defense] Map: 18 x 23 Turn: 626
2026-06-02 10:34:20 [self-0019-1-defense] Route planned: Target = 223 Mode = defense city-free reachable tiles = 327 Fallback-Tiles = 328
2026-06-02 10:34:20 [self-0019-1-defense] Priority agent: edge reuse -36000 base = 201830 final = 165830
2026-06-02 10:34:20 [self-0019-1-defense] Move #608: 241 -> 223 | Army: 110 | Target-Terrain: 0 | Target: 223 | Half: False
2026-06-02 10:34:21 [self-0019-1-defense] My general index: 239
2026-06-02 10:34:21 [self-0019-1-defense] Enemy general index: None
2026-06-02 10:34:21 [self-0019-1-defense] Visible enemy tiles: 16
2026-06-02 10:34:21 [self-0019-1-defense] Tiles: 14 / 118
2026-06-02 10:34:21 [self-0019-1-defense] Map: 18 x 23 Turn: 627
2026-06-02 10:34:21 [self-0019-1-defense] Route planned: Target = 241 Mode = defense city-free reachable tiles = 327 Fallback-Tiles = 328
2026-06-02 10:34:21 [self-0019-1-defense] Priority agent: edge reuse -9000 base = 147360 final = 138360
2026-06-02 10:34:21 [self-0019-1-defense] Move #609: 203 -> 204 | Army: 149 | Target-Terrain: 0 | Target: 241 | Half: False
2026-06-02 10:34:21 [self-0019-1-defense] My general index: 239
2026-06-02 10:34:21 [self-0019-1-defense] Enemy general index: None
2026-06-02 10:34:21 [self-0019-1-defense] Visible enemy tiles: 16
2026-06-02 10:34:21 [self-0019-1-defense] Tiles: 14 / 118
2026-06-02 10:34:21 [self-0019-1-defense] Map: 18 x 23 Turn: 628
2026-06-02 10:34:21 [self-0019-1-defense] Route planned: Target = 203 Mode = defense city-free reachable tiles = 327 Fallback-Tiles = 328
2026-06-02 10:34:21 [self-0019-1-defense] Priority agent: edge reuse -27000 base = 225190 final = 198190
2026-06-02 10:34:21 [self-0019-1-defense] Move #610: 185 -> 203 | Army: 40 | Target-Terrain: 0 | Target: 203 | Half: False
2026-06-02 10:34:22 [self-0019-1-defense] My general index: 239
2026-06-02 10:34:22 [self-0019-1-defense] Enemy general index: None
2026-06-02 10:34:22 [self-0019-1-defense] Visible enemy tiles: 16
2026-06-02 10:34:22 [self-0019-1-defense] Tiles: 14 / 118
2026-06-02 10:34:22 [self-0019-1-defense] Map: 18 x 23 Turn: 629
2026-06-02 10:34:22 [self-0019-1-defense] Route planned: Target = 241 Mode = defense city-free reachable tiles = 327 Fallback-Tiles = 328
2026-06-02 10:34:22 [self-0019-1-defense] Priority agent: edge reuse -27000 base = 214830 final = 187830
2026-06-02 10:34:22 [self-0019-1-defense] Move #611: 223 -> 241 | Army: 110 | Target-Terrain: 0 | Target: 241 | Half: False
2026-06-02 10:34:22 [self-0019-1-defense] My general index: 239
2026-06-02 10:34:22 [self-0019-1-defense] Enemy general index: None
2026-06-02 10:34:22 [self-0019-1-defense] Visible enemy tiles: 16
2026-06-02 10:34:22 [self-0019-1-defense] Tiles: 14 / 118
2026-06-02 10:34:22 [self-0019-1-defense] Map: 18 x 23 Turn: 630
2026-06-02 10:34:22 [self-0019-1-defense] Route planned: Target = 185 Mode = defense city-free reachable tiles = 327 Fallback-Tiles = 328
2026-06-02 10:34:22 [self-0019-1-defense] Priority agent: edge reuse -36000 base = 206590 final = 170590
2026-06-02 10:34:22 [self-0019-1-defense] Move #612: 203 -> 185 | Army: 40 | Target-Terrain: 0 | Target: 185 | Half: False
2026-06-02 10:34:23 [self-0019-1-defense] My general index: 239
2026-06-02 10:34:23 [self-0019-1-defense] Enemy general index: None
2026-06-02 10:34:23 [self-0019-1-defense] Visible enemy tiles: 16
2026-06-02 10:34:23 [self-0019-1-defense] Tiles: 14 / 118
2026-06-02 10:34:23 [self-0019-1-defense] Map: 18 x 23 Turn: 631
2026-06-02 10:34:23 [self-0019-1-defense] Route planned: Target = 203 Mode = defense city-free reachable tiles = 327 Fallback-Tiles = 328
2026-06-02 10:34:23 [self-0019-1-defense] Priority agent: edge reuse -18000 base = 205230 final = 187230
2026-06-02 10:34:23 [self-0019-1-defense] Move #613: 204 -> 203 | Army: 149 | Target-Terrain: 0 | Target: 203 | Half: False
2026-06-02 10:34:23 [self-0019-1-defense] My general index: 239
2026-06-02 10:34:23 [self-0019-1-defense] Enemy general index: None
2026-06-02 10:34:23 [self-0019-1-defense] Visible enemy tiles: 16
2026-06-02 10:34:23 [self-0019-1-defense] Tiles: 14 / 118
2026-06-02 10:34:23 [self-0019-1-defense] Map: 18 x 23 Turn: 632
2026-06-02 10:34:23 [self-0019-1-defense] Route planned: Target = 223 Mode = defense city-free reachable tiles = 327 Fallback-Tiles = 328
2026-06-02 10:34:23 [self-0019-1-defense] Priority agent: edge reuse -36000 base = 201830 final = 165830
2026-06-02 10:34:23 [self-0019-1-defense] Move #614: 241 -> 223 | Army: 110 | Target-Terrain: 0 | Target: 223 | Half: False
2026-06-02 10:34:24 [self-0019-1-defense] My general index: 239
2026-06-02 10:34:24 [self-0019-1-defense] Enemy general index: None
2026-06-02 10:34:24 [self-0019-1-defense] Visible enemy tiles: 16
2026-06-02 10:34:24 [self-0019-1-defense] Tiles: 14 / 118
2026-06-02 10:34:24 [self-0019-1-defense] Map: 18 x 23 Turn: 633
2026-06-02 10:34:24 [self-0019-1-defense] Route planned: Target = 242 Mode = defense city-free reachable tiles = 327 Fallback-Tiles = 328
2026-06-02 10:34:24 [self-0019-1-defense] Priority agent: flow +6000 base = 176690 final = 182690
2026-06-02 10:34:24 [self-0019-1-defense] Move #615: 223 -> 224 | Army: 110 | Target-Terrain: 1 | Target: 242 | Half: False
2026-06-02 10:34:24 [self-0019-1-defense] My general index: 239
2026-06-02 10:34:24 [self-0019-1-defense] Enemy general index: None
2026-06-02 10:34:24 [self-0019-1-defense] Visible enemy tiles: 16
2026-06-02 10:34:24 [self-0019-1-defense] Tiles: 15 / 117
2026-06-02 10:34:24 [self-0019-1-defense] Map: 18 x 23 Turn: 634
2026-06-02 10:34:24 [self-0019-1-defense] Route planned: Target = 242 Mode = defense city-free reachable tiles = 327 Fallback-Tiles = 328
2026-06-02 10:34:24 [self-0019-1-defense] Priority agent: flow +6000 base = 254130 final = 260130
2026-06-02 10:34:24 [self-0019-1-defense] Move #616: 224 -> 242 | Army: 108 | Target-Terrain: 0 | Target: 242 | Half: False
2026-06-02 10:34:25 [self-0019-1-defense] My general index: 239
2026-06-02 10:34:25 [self-0019-1-defense] Enemy general index: None
2026-06-02 10:34:25 [self-0019-1-defense] Visible enemy tiles: 16
2026-06-02 10:34:25 [self-0019-1-defense] Tiles: 15 / 117
2026-06-02 10:34:25 [self-0019-1-defense] Map: 18 x 23 Turn: 635
2026-06-02 10:34:25 [self-0019-1-defense] Route planned: Target = 204 Mode = defense city-free reachable tiles = 327 Fallback-Tiles = 328
2026-06-02 10:34:25 [self-0019-1-defense] Priority agent: edge reuse -27000 base = 200630 final = 173630
2026-06-02 10:34:25 [self-0019-1-defense] Move #617: 203 -> 204 | Army: 149 | Target-Terrain: 0 | Target: 204 | Half: False
2026-06-02 10:34:25 [self-0019-1-defense] My general index: 239
2026-06-02 10:34:25 [self-0019-1-defense] Enemy general index: None
2026-06-02 10:34:25 [self-0019-1-defense] Visible enemy tiles: 16
2026-06-02 10:34:25 [self-0019-1-defense] Tiles: 14 / 118
2026-06-02 10:34:25 [self-0019-1-defense] Map: 18 x 23 Turn: 636
2026-06-02 10:34:25 [self-0019-1-defense] Route planned: Target = 203 Mode = defense city-free reachable tiles = 327 Fallback-Tiles = 328
2026-06-02 10:34:25 [self-0019-1-defense] Priority agent: edge reuse -27000 base = 205190 final = 178190
2026-06-02 10:34:25 [self-0019-1-defense] Move #618: 185 -> 203 | Army: 40 | Target-Terrain: 0 | Target: 203 | Half: False
2026-06-02 10:34:26 [self-0019-1-defense] My general index: 239
2026-06-02 10:34:26 [self-0019-1-defense] Enemy general index: None
2026-06-02 10:34:26 [self-0019-1-defense] Visible enemy tiles: 16
2026-06-02 10:34:26 [self-0019-1-defense] Tiles: 13 / 119
2026-06-02 10:34:26 [self-0019-1-defense] Map: 18 x 23 Turn: 637
2026-06-02 10:34:26 [self-0019-1-defense] Route planned: Target = 185 Mode = defense city-free reachable tiles = 327 Fallback-Tiles = 328
2026-06-02 10:34:26 [self-0019-1-defense] Priority agent: edge reuse -9000 base = 163140 final = 154140
2026-06-02 10:34:26 [self-0019-1-defense] Move #619: 204 -> 186 | Army: 149 | Target-Terrain: 0 | Target: 185 | Half: False
2026-06-02 10:34:26 [self-0019-1-defense] My general index: 239
2026-06-02 10:34:26 [self-0019-1-defense] Enemy general index: None
2026-06-02 10:34:26 [self-0019-1-defense] Visible enemy tiles: 17
2026-06-02 10:34:26 [self-0019-1-defense] Tiles: 12 / 120
2026-06-02 10:34:26 [self-0019-1-defense] Map: 18 x 23 Turn: 638
2026-06-02 10:34:26 [self-0019-1-defense] Route planned: Target = 185 Mode = defense city-free reachable tiles = 327 Fallback-Tiles = 328
2026-06-02 10:34:26 [self-0019-1-defense] Priority agent: edge reuse -9000, flow +6000 base = 246930 final = 243930
2026-06-02 10:34:26 [self-0019-1-defense] Move #620: 186 -> 185 | Army: 149 | Target-Terrain: 0 | Target: 185 | Half: False
2026-06-02 10:34:27 [self-0019-1-defense] My general index: 239
2026-06-02 10:34:27 [self-0019-1-defense] Enemy general index: None
2026-06-02 10:34:27 [self-0019-1-defense] Visible enemy tiles: 17
2026-06-02 10:34:27 [self-0019-1-defense] Tiles: 12 / 120
2026-06-02 10:34:27 [self-0019-1-defense] Map: 18 x 23 Turn: 639
2026-06-02 10:34:27 [self-0019-1-defense] Route planned: Target = 223 Mode = defense city-free reachable tiles = 327 Fallback-Tiles = 328
2026-06-02 10:34:27 [self-0019-1-defense] Move #621: 242 -> 241 | Army: 108 | Target-Terrain: 1 | Target: 223 | Half: False
2026-06-02 10:34:27 [self-0019-1-defense] My general index: 239
2026-06-02 10:34:27 [self-0019-1-defense] Enemy general index: None
2026-06-02 10:34:27 [self-0019-1-defense] Visible enemy tiles: 16
2026-06-02 10:34:27 [self-0019-1-defense] Tiles: 13 / 119
2026-06-02 10:34:27 [self-0019-1-defense] Map: 18 x 23 Turn: 640
2026-06-02 10:34:27 [self-0019-1-defense] Route planned: Target = 242 Mode = defense city-free reachable tiles = 327 Fallback-Tiles = 328
2026-06-02 10:34:27 [self-0019-1-defense] Priority agent: reverse -35000, edge reuse -9000 base = 231930 final = 187930
2026-06-02 10:34:27 [self-0019-1-defense] Move #622: 241 -> 242 | Army: 106 | Target-Terrain: 0 | Target: 242 | Half: False
2026-06-02 10:34:28 [self-0019-1-defense] My general index: 239
2026-06-02 10:34:28 [self-0019-1-defense] Enemy general index: None
2026-06-02 10:34:28 [self-0019-1-defense] Visible enemy tiles: 16
2026-06-02 10:34:28 [self-0019-1-defense] Tiles: 13 / 119
2026-06-02 10:34:28 [self-0019-1-defense] Map: 18 x 23 Turn: 641
2026-06-02 10:34:28 [self-0019-1-defense] Route planned: Target = 223 Mode = defense city-free reachable tiles = 327 Fallback-Tiles = 328
2026-06-02 10:34:28 [self-0019-1-defense] Priority agent: edge reuse -9000, flow +6000 base = 156990 final = 153990
2026-06-02 10:34:28 [self-0019-1-defense] Move #623: 242 -> 224 | Army: 106 | Target-Terrain: 1 | Target: 223 | Half: False
2026-06-02 10:34:28 [self-0019-1-defense] My general index: 239
2026-06-02 10:34:28 [self-0019-1-defense] Enemy general index: None
2026-06-02 10:34:28 [self-0019-1-defense] Visible enemy tiles: 17
2026-06-02 10:34:28 [self-0019-1-defense] Tiles: 14 / 118
2026-06-02 10:34:28 [self-0019-1-defense] Map: 18 x 23 Turn: 642
2026-06-02 10:34:28 [self-0019-1-defense] Route planned: Target = 242 Mode = defense city-free reachable tiles = 327 Fallback-Tiles = 328
2026-06-02 10:34:28 [self-0019-1-defense] Priority agent: reverse -35000, edge reuse -18000 base = 207130 final = 154130
2026-06-02 10:34:28 [self-0019-1-defense] Move #624: 224 -> 242 | Army: 104 | Target-Terrain: 0 | Target: 242 | Half: False
2026-06-02 10:34:29 [self-0019-1-defense] My general index: 239
2026-06-02 10:34:29 [self-0019-1-defense] Enemy general index: None
2026-06-02 10:34:29 [self-0019-1-defense] Visible enemy tiles: 17
2026-06-02 10:34:29 [self-0019-1-defense] Tiles: 14 / 118
2026-06-02 10:34:29 [self-0019-1-defense] Map: 18 x 23 Turn: 643
2026-06-02 10:34:29 [self-0019-1-defense] Route planned: Target = 223 Mode = defense city-free reachable tiles = 327 Fallback-Tiles = 328
2026-06-02 10:34:29 [self-0019-1-defense] Priority agent: edge reuse -9000 base = 142960 final = 133960
2026-06-02 10:34:29 [self-0019-1-defense] Move #625: 185 -> 186 | Army: 149 | Target-Terrain: 0 | Target: 223 | Half: False
2026-06-02 10:34:29 [self-0019-1-defense] My general index: 239
2026-06-02 10:34:29 [self-0019-1-defense] Enemy general index: None
2026-06-02 10:34:29 [self-0019-1-defense] Visible enemy tiles: 17
2026-06-02 10:34:29 [self-0019-1-defense] Tiles: 14 / 118
2026-06-02 10:34:29 [self-0019-1-defense] Map: 18 x 23 Turn: 644
2026-06-02 10:34:29 [self-0019-1-defense] Route planned: Target = 185 Mode = defense city-free reachable tiles = 327 Fallback-Tiles = 328
2026-06-02 10:34:29 [self-0019-1-defense] Priority agent: edge reuse -18000 base = 206590 final = 188590
2026-06-02 10:34:29 [self-0019-1-defense] Move #626: 203 -> 185 | Army: 40 | Target-Terrain: 0 | Target: 185 | Half: False
2026-06-02 10:34:30 [self-0019-1-defense] My general index: 239
2026-06-02 10:34:30 [self-0019-1-defense] Enemy general index: None
2026-06-02 10:34:30 [self-0019-1-defense] Visible enemy tiles: 17
2026-06-02 10:34:30 [self-0019-1-defense] Tiles: 14 / 118
2026-06-02 10:34:30 [self-0019-1-defense] Map: 18 x 23 Turn: 645
2026-06-02 10:34:30 [self-0019-1-defense] Route planned: Target = 203 Mode = defense city-free reachable tiles = 327 Fallback-Tiles = 328
2026-06-02 10:34:30 [self-0019-1-defense] Priority agent: reverse -35000, edge reuse -18000 base = 208290 final = 155290
2026-06-02 10:34:30 [self-0019-1-defense] Move #627: 185 -> 203 | Army: 40 | Target-Terrain: 0 | Target: 203 | Half: False
2026-06-02 10:34:30 [self-0019-1-defense] My general index: 239
2026-06-02 10:34:30 [self-0019-1-defense] Enemy general index: None
2026-06-02 10:34:30 [self-0019-1-defense] Visible enemy tiles: 17
2026-06-02 10:34:30 [self-0019-1-defense] Tiles: 14 / 118
2026-06-02 10:34:30 [self-0019-1-defense] Map: 18 x 23 Turn: 646
2026-06-02 10:34:30 [self-0019-1-defense] Route planned: Target = 185 Mode = defense city-free reachable tiles = 327 Fallback-Tiles = 328
2026-06-02 10:34:30 [self-0019-1-defense] Priority agent: edge reuse -18000 base = 208830 final = 190830
2026-06-02 10:34:30 [self-0019-1-defense] Move #628: 186 -> 185 | Army: 149 | Target-Terrain: 0 | Target: 185 | Half: False
2026-06-02 10:34:31 [self-0019-1-defense] Coach: stabilize tiles 14/118 army 372/1090 cities 0/0 enemy_city_suspect False bias {'expansion_bias': 0.1, 'city_bias': 0.2, 'attack_bias': -0.5, 'defense_bias': 2.0, 'route_bias': 0.1}
2026-06-02 10:34:31 [self-0019-1-defense] My general index: 239
2026-06-02 10:34:31 [self-0019-1-defense] Enemy general index: None
2026-06-02 10:34:31 [self-0019-1-defense] Visible enemy tiles: 17
2026-06-02 10:34:31 [self-0019-1-defense] Tiles: 14 / 118
2026-06-02 10:34:31 [self-0019-1-defense] Map: 18 x 23 Turn: 647
2026-06-02 10:34:31 [self-0019-1-defense] Route planned: Target = 223 Mode = defense city-free reachable tiles = 327 Fallback-Tiles = 328
2026-06-02 10:34:31 [self-0019-1-defense] Priority agent: edge reuse -9000 base = 147410 final = 138410
2026-06-02 10:34:31 [self-0019-1-defense] Move #629: 203 -> 204 | Army: 40 | Target-Terrain: 0 | Target: 223 | Half: False
2026-06-02 10:34:31 [self-0019-1-defense] My general index: 239
2026-06-02 10:34:31 [self-0019-1-defense] Enemy general index: None
2026-06-02 10:34:31 [self-0019-1-defense] Visible enemy tiles: 17
2026-06-02 10:34:31 [self-0019-1-defense] Tiles: 14 / 118
2026-06-02 10:34:31 [self-0019-1-defense] Map: 18 x 23 Turn: 648
2026-06-02 10:34:31 [self-0019-1-defense] Route planned: Target = 203 Mode = defense city-free reachable tiles = 327 Fallback-Tiles = 328
2026-06-02 10:34:31 [self-0019-1-defense] Priority agent: edge reuse -27000 base = 205230 final = 178230
2026-06-02 10:34:31 [self-0019-1-defense] Move #630: 185 -> 203 | Army: 149 | Target-Terrain: 0 | Target: 203 | Half: False
2026-06-02 10:34:32 [self-0019-1-defense] My general index: 239
2026-06-02 10:34:32 [self-0019-1-defense] Enemy general index: None
2026-06-02 10:34:32 [self-0019-1-defense] Visible enemy tiles: 17
2026-06-02 10:34:32 [self-0019-1-defense] Tiles: 14 / 118
2026-06-02 10:34:32 [self-0019-1-defense] Map: 18 x 23 Turn: 649
2026-06-02 10:34:32 [self-0019-1-defense] Route planned: Target = 185 Mode = defense city-free reachable tiles = 327 Fallback-Tiles = 328
2026-06-02 10:34:32 [self-0019-1-defense] Move #631: 220 -> 221 | Army: 2 | Target-Terrain: 0 | Target: 185 | Half: False
2026-06-02 10:34:32 [self-0019-1-defense] My general index: 239
2026-06-02 10:34:32 [self-0019-1-defense] Enemy general index: None
2026-06-02 10:34:32 [self-0019-1-defense] Visible enemy tiles: 17
2026-06-02 10:34:32 [self-0019-1-defense] Tiles: 14 / 118
2026-06-02 10:34:32 [self-0019-1-defense] Map: 18 x 23 Turn: 650
2026-06-02 10:34:32 [self-0019-1-defense] Route planned: Target = 185 Mode = defense city-free reachable tiles = 327 Fallback-Tiles = 328
2026-06-02 10:34:32 [self-0019-1-defense] Priority agent: edge reuse -27000 base = 207852 final = 180852
2026-06-02 10:34:32 [self-0019-1-defense] Move #632: 186 -> 185 | Army: 2 | Target-Terrain: 0 | Target: 185 | Half: False
2026-06-02 10:34:33 [self-0019-1-defense] My general index: 239
2026-06-02 10:34:33 [self-0019-1-defense] Enemy general index: None
2026-06-02 10:34:33 [self-0019-1-defense] Visible enemy tiles: 17
2026-06-02 10:34:33 [self-0019-1-defense] Tiles: 14 / 119
2026-06-02 10:34:33 [self-0019-1-defense] Map: 18 x 23 Turn: 651
2026-06-02 10:34:33 [self-0019-1-defense] Route planned: Target = 185 Mode = defense city-free reachable tiles = 327 Fallback-Tiles = 328
2026-06-02 10:34:33 [self-0019-1-defense] Priority agent: edge reuse -27000 base = 206630 final = 179630
2026-06-02 10:34:33 [self-0019-1-defense] Move #633: 203 -> 185 | Army: 150 | Target-Terrain: 0 | Target: 185 | Half: False
2026-06-02 10:34:33 [self-0019-1-defense] My general index: 239
2026-06-02 10:34:33 [self-0019-1-defense] Enemy general index: None
2026-06-02 10:34:33 [self-0019-1-defense] Visible enemy tiles: 17
2026-06-02 10:34:33 [self-0019-1-defense] Tiles: 13 / 120
2026-06-02 10:34:33 [self-0019-1-defense] Map: 18 x 23 Turn: 652
2026-06-02 10:34:33 [self-0019-1-defense] Route planned: Target = 203 Mode = defense city-free reachable tiles = 327 Fallback-Tiles = 328
2026-06-02 10:34:33 [self-0019-1-defense] Move #634: 202 -> 203 | Army: 2 | Target-Terrain: 0 | Target: 203 | Half: False
2026-06-02 10:34:34 [self-0019-1-defense] My general index: 239
2026-06-02 10:34:34 [self-0019-1-defense] Enemy general index: None
2026-06-02 10:34:34 [self-0019-1-defense] Visible enemy tiles: 17
2026-06-02 10:34:34 [self-0019-1-defense] Tiles: 13 / 121
2026-06-02 10:34:34 [self-0019-1-defense] Map: 18 x 23 Turn: 653
2026-06-02 10:34:34 [self-0019-1-defense] Route planned: Target = 203 Mode = defense city-free reachable tiles = 327 Fallback-Tiles = 328
2026-06-02 10:34:34 [self-0019-1-defense] Move #635: 221 -> 203 | Army: 3 | Target-Terrain: 0 | Target: 203 | Half: False
2026-06-02 10:34:34 [self-0019-1-defense] My general index: 239
2026-06-02 10:34:34 [self-0019-1-defense] Enemy general index: None
2026-06-02 10:34:34 [self-0019-1-defense] Visible enemy tiles: 17
2026-06-02 10:34:34 [self-0019-1-defense] Tiles: 13 / 122
2026-06-02 10:34:34 [self-0019-1-defense] Map: 18 x 23 Turn: 654
2026-06-02 10:34:34 [self-0019-1-defense] Route planned: Target = 203 Mode = defense city-free reachable tiles = 327 Fallback-Tiles = 328
2026-06-02 10:34:34 [self-0019-1-defense] Priority agent: edge reuse -9000 base = 220191 final = 211191
2026-06-02 10:34:34 [self-0019-1-defense] Move #636: 204 -> 203 | Army: 41 | Target-Terrain: 0 | Target: 203 | Half: False
2026-06-02 10:34:35 [self-0019-1-defense] My general index: 239
2026-06-02 10:34:35 [self-0019-1-defense] Enemy general index: None
2026-06-02 10:34:35 [self-0019-1-defense] Visible enemy tiles: 17
2026-06-02 10:34:35 [self-0019-1-defense] Tiles: 13 / 123
2026-06-02 10:34:35 [self-0019-1-defense] Map: 18 x 23 Turn: 655
2026-06-02 10:34:35 [self-0019-1-defense] Route planned: Target = 223 Mode = defense city-free reachable tiles = 327 Fallback-Tiles = 328
2026-06-02 10:34:35 [self-0019-1-defense] Move #637: 242 -> 241 | Army: 105 | Target-Terrain: 0 | Target: 223 | Half: False
2026-06-02 10:34:35 [self-0019-1-defense] My general index: 239
2026-06-02 10:34:35 [self-0019-1-defense] Enemy general index: None
2026-06-02 10:34:35 [self-0019-1-defense] Visible enemy tiles: 17
2026-06-02 10:34:35 [self-0019-1-defense] Tiles: 12 / 124
2026-06-02 10:34:35 [self-0019-1-defense] Map: 18 x 23 Turn: 656
2026-06-02 10:34:35 [self-0019-1-defense] Route planned: Target = 223 Mode = defense city-free reachable tiles = 327 Fallback-Tiles = 328
2026-06-02 10:34:35 [self-0019-1-defense] Priority agent: flow +6000 base = 280330 final = 286330
2026-06-02 10:34:35 [self-0019-1-defense] Move #638: 241 -> 223 | Army: 106 | Target-Terrain: 1 | Target: 223 | Half: False
2026-06-02 10:34:36 [self-0019-1-defense] My general index: 239
2026-06-02 10:34:36 [self-0019-1-defense] Enemy general index: None
2026-06-02 10:34:36 [self-0019-1-defense] Visible enemy tiles: 17
2026-06-02 10:34:36 [self-0019-1-defense] Tiles: 12 / 124
2026-06-02 10:34:36 [self-0019-1-defense] Map: 18 x 23 Turn: 657
2026-06-02 10:34:36 [self-0019-1-defense] Route planned: Target = 242 Mode = defense city-free reachable tiles = 327 Fallback-Tiles = 328
2026-06-02 10:34:36 [self-0019-1-defense] Priority agent: flow +6000 base = 148240 final = 154240
2026-06-02 10:34:36 [self-0019-1-defense] Move #639: 223 -> 224 | Army: 103 | Target-Terrain: 0 | Target: 242 | Half: False
2026-06-02 10:34:36 [self-0019-1-defense] My general index: 239
2026-06-02 10:34:36 [self-0019-1-defense] Enemy general index: None
2026-06-02 10:34:36 [self-0019-1-defense] Visible enemy tiles: 17
2026-06-02 10:34:36 [self-0019-1-defense] Tiles: 12 / 125
2026-06-02 10:34:36 [self-0019-1-defense] Map: 18 x 23 Turn: 658
2026-06-02 10:34:36 [self-0019-1-defense] Route planned: Target = 242 Mode = defense city-free reachable tiles = 327 Fallback-Tiles = 328
2026-06-02 10:34:36 [self-0019-1-defense] Priority agent: flow +6000 base = 282530 final = 288530
2026-06-02 10:34:36 [self-0019-1-defense] Move #640: 224 -> 242 | Army: 104 | Target-Terrain: 1 | Target: 242 | Half: False
2026-06-02 10:34:37 [self-0019-1-defense] My general index: 239
2026-06-02 10:34:37 [self-0019-1-defense] Enemy general index: None
2026-06-02 10:34:37 [self-0019-1-defense] Visible enemy tiles: 16
2026-06-02 10:34:37 [self-0019-1-defense] Tiles: 13 / 125
2026-06-02 10:34:37 [self-0019-1-defense] Map: 18 x 23 Turn: 659
2026-06-02 10:34:37 [self-0019-1-defense] Route planned: Target = 223 Mode = defense city-free reachable tiles = 327 Fallback-Tiles = 328
2026-06-02 10:34:37 [self-0019-1-defense] Priority agent: edge reuse -18000 base = 175910 final = 157910
2026-06-02 10:34:37 [self-0019-1-defense] Move #641: 185 -> 186 | Army: 152 | Target-Terrain: 1 | Target: 223 | Half: False
2026-06-02 10:34:37 [self-0019-1-defense] My general index: 239
2026-06-02 10:34:37 [self-0019-1-defense] Enemy general index: None
2026-06-02 10:34:37 [self-0019-1-defense] Visible enemy tiles: 17
2026-06-02 10:34:37 [self-0019-1-defense] Tiles: 14 / 124
2026-06-02 10:34:37 [self-0019-1-defense] Map: 18 x 23 Turn: 660
2026-06-02 10:34:37 [self-0019-1-defense] Route planned: Target = 185 Mode = defense city-free reachable tiles = 327 Fallback-Tiles = 328
2026-06-02 10:34:37 [self-0019-1-defense] Priority agent: edge reuse -18000 base = 226594 final = 208594
2026-06-02 10:34:37 [self-0019-1-defense] Move #642: 203 -> 185 | Army: 44 | Target-Terrain: 0 | Target: 185 | Half: False
2026-06-02 10:34:38 [self-0019-1-defense] My general index: 239
2026-06-02 10:34:38 [self-0019-1-defense] Enemy general index: None
2026-06-02 10:34:38 [self-0019-1-defense] Visible enemy tiles: 17
2026-06-02 10:34:38 [self-0019-1-defense] Tiles: 14 / 124
2026-06-02 10:34:38 [self-0019-1-defense] Map: 18 x 23 Turn: 661
2026-06-02 10:34:38 [self-0019-1-defense] Route planned: Target = 203 Mode = defense city-free reachable tiles = 327 Fallback-Tiles = 328
2026-06-02 10:34:38 [self-0019-1-defense] Move #643: 186 -> 204 | Army: 150 | Target-Terrain: 1 | Target: 203 | Half: False
2026-06-02 10:34:38 [self-0019-1-defense] My general index: 239
2026-06-02 10:34:38 [self-0019-1-defense] Enemy general index: None
2026-06-02 10:34:38 [self-0019-1-defense] Visible enemy tiles: 16
2026-06-02 10:34:38 [self-0019-1-defense] Tiles: 15 / 123
2026-06-02 10:34:38 [self-0019-1-defense] Map: 18 x 23 Turn: 662
2026-06-02 10:34:38 [self-0019-1-defense] Route planned: Target = 223 Mode = defense city-free reachable tiles = 327 Fallback-Tiles = 328
2026-06-02 10:34:38 [self-0019-1-defense] Priority agent: flow +6000 base = 176690 final = 182690
2026-06-02 10:34:38 [self-0019-1-defense] Move #644: 204 -> 205 | Army: 148 | Target-Terrain: 1 | Target: 223 | Half: False
2026-06-02 10:34:39 [self-0019-1-defense] My general index: 239
2026-06-02 10:34:39 [self-0019-1-defense] Enemy general index: None
2026-06-02 10:34:39 [self-0019-1-defense] Visible enemy tiles: 16
2026-06-02 10:34:39 [self-0019-1-defense] Tiles: 16 / 122
2026-06-02 10:34:39 [self-0019-1-defense] Map: 18 x 23 Turn: 663
2026-06-02 10:34:39 [self-0019-1-defense] Route planned: Target = 223 Mode = defense city-free reachable tiles = 327 Fallback-Tiles = 328
2026-06-02 10:34:39 [self-0019-1-defense] Priority agent: flow +6000 base = 254130 final = 260130
2026-06-02 10:34:39 [self-0019-1-defense] Move #645: 205 -> 223 | Army: 146 | Target-Terrain: 0 | Target: 223 | Half: False
2026-06-02 10:34:39 [self-0019-1-defense] My general index: 239
2026-06-02 10:34:39 [self-0019-1-defense] Enemy general index: None
2026-06-02 10:34:39 [self-0019-1-defense] Visible enemy tiles: 16
2026-06-02 10:34:39 [self-0019-1-defense] Tiles: 16 / 122
2026-06-02 10:34:39 [self-0019-1-defense] Map: 18 x 23 Turn: 664
2026-06-02 10:34:39 [self-0019-1-defense] Route planned: Target = 206 Mode = strategy city-free reachable tiles = 327 Fallback-Tiles = 328
2026-06-02 10:34:39 [self-0019-1-defense] Move #646: 242 -> 260 | Army: 102 | Target-Terrain: 1 | Target: 206 | Half: False
2026-06-02 10:34:40 [self-0019-1-defense] My general index: 239
2026-06-02 10:34:40 [self-0019-1-defense] Enemy general index: None
2026-06-02 10:34:40 [self-0019-1-defense] Visible enemy tiles: 17
2026-06-02 10:34:40 [self-0019-1-defense] Tiles: 17 / 121
2026-06-02 10:34:40 [self-0019-1-defense] Map: 18 x 23 Turn: 665
2026-06-02 10:34:40 [self-0019-1-defense] Route planned: Target = 206 Mode = strategy city-free reachable tiles = 327 Fallback-Tiles = 328
2026-06-02 10:34:40 [self-0019-1-defense] Priority agent: flow +6000 base = 42870 final = 48870
2026-06-02 10:34:40 [self-0019-1-defense] Move #647: 260 -> 278 | Army: 100 | Target-Terrain: 1 | Target: 206 | Half: False
2026-06-02 10:34:40 [self-0019-1-defense] My general index: 239
2026-06-02 10:34:40 [self-0019-1-defense] Enemy general index: None
2026-06-02 10:34:40 [self-0019-1-defense] Visible enemy tiles: 17
2026-06-02 10:34:40 [self-0019-1-defense] Tiles: 18 / 120
2026-06-02 10:34:40 [self-0019-1-defense] Map: 18 x 23 Turn: 666
2026-06-02 10:34:40 [self-0019-1-defense] Route planned: Target = 206 Mode = strategy city-free reachable tiles = 327 Fallback-Tiles = 328
2026-06-02 10:34:40 [self-0019-1-defense] Priority agent: flow +6000 base = 42230 final = 48230
2026-06-02 10:34:40 [self-0019-1-defense] Move #648: 278 -> 277 | Army: 96 | Target-Terrain: 1 | Target: 206 | Half: False
2026-06-02 10:34:41 [self-0019-1-defense] My general index: 239
2026-06-02 10:34:41 [self-0019-1-defense] Enemy general index: None
2026-06-02 10:34:41 [self-0019-1-defense] Visible enemy tiles: 17
2026-06-02 10:34:41 [self-0019-1-defense] Tiles: 18 / 120
2026-06-02 10:34:41 [self-0019-1-defense] Map: 18 x 23 Turn: 667
2026-06-02 10:34:41 [self-0019-1-defense] Route planned: Target = 206 Mode = strategy city-free reachable tiles = 327 Fallback-Tiles = 328
2026-06-02 10:34:41 [self-0019-1-defense] Priority agent: flow +6000 base = 70620 final = 76620
2026-06-02 10:34:41 [self-0019-1-defense] Move #649: 277 -> 259 | Army: 93 | Target-Terrain: 1 | Target: 206 | Half: False
2026-06-02 10:34:41 [self-0019-1-defense] My general index: 239
2026-06-02 10:34:41 [self-0019-1-defense] Enemy general index: None
2026-06-02 10:34:41 [self-0019-1-defense] Visible enemy tiles: 15
2026-06-02 10:34:41 [self-0019-1-defense] Tiles: 18 / 120
2026-06-02 10:34:41 [self-0019-1-defense] Map: 18 x 23 Turn: 668
2026-06-02 10:34:41 [self-0019-1-defense] Route planned: Target = 206 Mode = strategy city-free reachable tiles = 327 Fallback-Tiles = 328
2026-06-02 10:34:41 [self-0019-1-defense] Priority agent: flow +6000 base = 71260 final = 77260
2026-06-02 10:34:41 [self-0019-1-defense] Move #650: 259 -> 260 | Army: 90 | Target-Terrain: 1 | Target: 206 | Half: False
2026-06-02 10:34:42 [self-0019-1-defense] My general index: 239
2026-06-02 10:34:42 [self-0019-1-defense] Enemy general index: None
2026-06-02 10:34:42 [self-0019-1-defense] Visible enemy tiles: 16
2026-06-02 10:34:42 [self-0019-1-defense] Tiles: 18 / 120
2026-06-02 10:34:42 [self-0019-1-defense] Map: 18 x 23 Turn: 669
2026-06-02 10:34:42 [self-0019-1-defense] Route planned: Target = 206 Mode = strategy city-free reachable tiles = 327 Fallback-Tiles = 328
2026-06-02 10:34:42 [self-0019-1-defense] Priority agent: flow +6000 base = 40670 final = 46670
2026-06-02 10:34:42 [self-0019-1-defense] Move #651: 260 -> 261 | Army: 88 | Target-Terrain: 1 | Target: 206 | Half: False
2026-06-02 10:34:42 [self-0019-1-defense] My general index: 239
2026-06-02 10:34:42 [self-0019-1-defense] Enemy general index: None
2026-06-02 10:34:42 [self-0019-1-defense] Visible enemy tiles: 16
2026-06-02 10:34:42 [self-0019-1-defense] Tiles: 19 / 119
2026-06-02 10:34:42 [self-0019-1-defense] Map: 18 x 23 Turn: 670
2026-06-02 10:34:42 [self-0019-1-defense] Route planned: Target = 206 Mode = strategy city-free reachable tiles = 327 Fallback-Tiles = 328
2026-06-02 10:34:42 [self-0019-1-defense] Priority agent: flow +6000 base = 42830 final = 48830
2026-06-02 10:34:42 [self-0019-1-defense] Move #652: 261 -> 279 | Army: 86 | Target-Terrain: 1 | Target: 206 | Half: False
2026-06-02 10:34:43 [self-0019-1-defense] My general index: 239
2026-06-02 10:34:43 [self-0019-1-defense] Enemy general index: None
2026-06-02 10:34:43 [self-0019-1-defense] Visible enemy tiles: 16
2026-06-02 10:34:43 [self-0019-1-defense] Tiles: 20 / 118
2026-06-02 10:34:43 [self-0019-1-defense] Map: 18 x 23 Turn: 671
2026-06-02 10:34:43 [self-0019-1-defense] Route planned: Target = 206 Mode = strategy city-free reachable tiles = 327 Fallback-Tiles = 328
2026-06-02 10:34:43 [self-0019-1-defense] Priority agent: flow +6000 base = 72820 final = 78820
2026-06-02 10:34:43 [self-0019-1-defense] Move #653: 279 -> 278 | Army: 84 | Target-Terrain: 1 | Target: 206 | Half: False
2026-06-02 10:34:43 [self-0019-1-defense] My general index: 239
2026-06-02 10:34:43 [self-0019-1-defense] Enemy general index: None
2026-06-02 10:34:43 [self-0019-1-defense] Visible enemy tiles: 16
2026-06-02 10:34:43 [self-0019-1-defense] Tiles: 20 / 118
2026-06-02 10:34:43 [self-0019-1-defense] Map: 18 x 23 Turn: 672
2026-06-02 10:34:43 [self-0019-1-defense] Route planned: Target = 259 Mode = defense city-free reachable tiles = 327 Fallback-Tiles = 328
2026-06-02 10:34:43 [self-0019-1-defense] Move #654: 258 -> 259 | Army: 3 | Target-Terrain: 0 | Target: 259 | Half: False
2026-06-02 10:34:44 [self-0019-1-defense] My general index: 239
2026-06-02 10:34:44 [self-0019-1-defense] Enemy general index: None
2026-06-02 10:34:44 [self-0019-1-defense] Visible enemy tiles: 16
2026-06-02 10:34:44 [self-0019-1-defense] Tiles: 19 / 119
2026-06-02 10:34:44 [self-0019-1-defense] Map: 18 x 23 Turn: 673
2026-06-02 10:34:44 [self-0019-1-defense] Route planned: Target = 259 Mode = defense city-free reachable tiles = 327 Fallback-Tiles = 328
2026-06-02 10:34:44 [self-0019-1-defense] Move #655: 244 -> 262 | Army: 5 | Target-Terrain: 1 | Target: 259 | Half: False
2026-06-02 10:34:44 [self-0019-1-defense] My general index: 239
2026-06-02 10:34:44 [self-0019-1-defense] Enemy general index: None
2026-06-02 10:34:44 [self-0019-1-defense] Visible enemy tiles: 17
2026-06-02 10:34:44 [self-0019-1-defense] Tiles: 19 / 119
2026-06-02 10:34:44 [self-0019-1-defense] Map: 18 x 23 Turn: 674
2026-06-02 10:34:44 [self-0019-1-defense] Route planned: Target = 258 Mode = defense city-free reachable tiles = 327 Fallback-Tiles = 328
2026-06-02 10:34:44 [self-0019-1-defense] Priority agent: edge reuse -9000 base = 230053 final = 221053
2026-06-02 10:34:44 [self-0019-1-defense] Move #656: 259 -> 258 | Army: 3 | Target-Terrain: 0 | Target: 258 | Half: False
2026-06-02 10:34:45 [self-0019-1-defense] My general index: 239
2026-06-02 10:34:45 [self-0019-1-defense] Enemy general index: None
2026-06-02 10:34:45 [self-0019-1-defense] Visible enemy tiles: 16
2026-06-02 10:34:45 [self-0019-1-defense] Tiles: 18 / 120
2026-06-02 10:34:45 [self-0019-1-defense] Map: 18 x 23 Turn: 675
2026-06-02 10:34:45 [self-0019-1-defense] Route planned: Target = 258 Mode = defense city-free reachable tiles = 327 Fallback-Tiles = 328
2026-06-02 10:34:45 [self-0019-1-defense] Move #657: 262 -> 261 | Army: 3 | Target-Terrain: 1 | Target: 258 | Half: False
2026-06-02 10:34:45 [self-0019-1-defense] My general index: 239
2026-06-02 10:34:45 [self-0019-1-defense] Enemy general index: None
2026-06-02 10:34:45 [self-0019-1-defense] Visible enemy tiles: 12
2026-06-02 10:34:45 [self-0019-1-defense] Tiles: 17 / 121
2026-06-02 10:34:45 [self-0019-1-defense] Map: 18 x 23 Turn: 676
2026-06-02 10:34:45 [self-0019-1-defense] Route planned: Target = 258 Mode = defense city-free reachable tiles = 327 Fallback-Tiles = 328
2026-06-02 10:34:45 [self-0019-1-defense] Priority agent: edge reuse -9000 base = 174850 final = 165850
2026-06-02 10:34:45 [self-0019-1-defense] Move #658: 278 -> 277 | Army: 82 | Target-Terrain: 1 | Target: 258 | Half: False
2026-06-02 10:34:46 [self-0019-1-defense] My general index: 239
2026-06-02 10:34:46 [self-0019-1-defense] Enemy general index: None
2026-06-02 10:34:46 [self-0019-1-defense] Visible enemy tiles: 11
2026-06-02 10:34:46 [self-0019-1-defense] Tiles: 18 / 120
2026-06-02 10:34:46 [self-0019-1-defense] Map: 18 x 23 Turn: 677
2026-06-02 10:34:46 [self-0019-1-defense] Route planned: Target = 258 Mode = defense city-free reachable tiles = 327 Fallback-Tiles = 328
2026-06-02 10:34:46 [self-0019-1-defense] Move #659: 223 -> 241 | Army: 146 | Target-Terrain: 0 | Target: 258 | Half: False
2026-06-02 10:34:46 [self-0019-1-defense] My general index: 239
2026-06-02 10:34:46 [self-0019-1-defense] Enemy general index: None
2026-06-02 10:34:46 [self-0019-1-defense] Visible enemy tiles: 10
2026-06-02 10:34:46 [self-0019-1-defense] Tiles: 17 / 121
2026-06-02 10:34:46 [self-0019-1-defense] Map: 18 x 23 Turn: 678
2026-06-02 10:34:46 [self-0019-1-defense] Route planned: Target = 258 Mode = defense city-free reachable tiles = 327 Fallback-Tiles = 328
2026-06-02 10:34:46 [self-0019-1-defense] Priority agent: flow +6000 base = 144440 final = 150440
2026-06-02 10:34:46 [self-0019-1-defense] Move #660: 241 -> 259 | Army: 146 | Target-Terrain: 0 | Target: 258 | Half: False
2026-06-02 10:34:47 [self-0019-1-defense] My general index: 239
2026-06-02 10:34:47 [self-0019-1-defense] Enemy general index: None
2026-06-02 10:34:47 [self-0019-1-defense] Visible enemy tiles: 10
2026-06-02 10:34:47 [self-0019-1-defense] Tiles: 17 / 121
2026-06-02 10:34:47 [self-0019-1-defense] Map: 18 x 23 Turn: 679
2026-06-02 10:34:47 [self-0019-1-defense] Route planned: Target = 258 Mode = defense city-free reachable tiles = 327 Fallback-Tiles = 328
2026-06-02 10:34:47 [self-0019-1-defense] Priority agent: edge reuse -18000, flow +6000 base = 219130 final = 207130
2026-06-02 10:34:47 [self-0019-1-defense] Move #661: 259 -> 258 | Army: 146 | Target-Terrain: 0 | Target: 258 | Half: False
2026-06-02 10:34:47 [self-0019-1-defense] My general index: 239
2026-06-02 10:34:47 [self-0019-1-defense] Enemy general index: None
2026-06-02 10:34:47 [self-0019-1-defense] Visible enemy tiles: 10
2026-06-02 10:34:47 [self-0019-1-defense] Tiles: 17 / 121
2026-06-02 10:34:47 [self-0019-1-defense] Map: 18 x 23 Turn: 680
2026-06-02 10:34:47 [self-0019-1-defense] Route planned: Target = 259 Mode = defense city-free reachable tiles = 327 Fallback-Tiles = 328
2026-06-02 10:34:47 [self-0019-1-defense] Priority agent: edge reuse -9000 base = 239230 final = 230230
2026-06-02 10:34:47 [self-0019-1-defense] Move #662: 277 -> 259 | Army: 80 | Target-Terrain: 0 | Target: 259 | Half: False
2026-06-02 10:34:48 [self-0019-1-defense] My general index: 239
2026-06-02 10:34:48 [self-0019-1-defense] Enemy general index: None
2026-06-02 10:34:48 [self-0019-1-defense] Visible enemy tiles: 10
2026-06-02 10:34:48 [self-0019-1-defense] Tiles: 17 / 121
2026-06-02 10:34:48 [self-0019-1-defense] Map: 18 x 23 Turn: 681
2026-06-02 10:34:48 [self-0019-1-defense] Route planned: Target = 223 Mode = defense city-free reachable tiles = 327 Fallback-Tiles = 328
2026-06-02 10:34:48 [self-0019-1-defense] Move #663: 185 -> 203 | Army: 42 | Target-Terrain: 0 | Target: 223 | Half: False
2026-06-02 10:34:48 [self-0019-1-defense] My general index: 239
2026-06-02 10:34:48 [self-0019-1-defense] Enemy general index: None
2026-06-02 10:34:48 [self-0019-1-defense] Visible enemy tiles: 10
2026-06-02 10:34:48 [self-0019-1-defense] Tiles: 17 / 121
2026-06-02 10:34:48 [self-0019-1-defense] Map: 18 x 23 Turn: 682
2026-06-02 10:34:48 [self-0019-1-defense] Route planned: Target = 223 Mode = defense city-free reachable tiles = 327 Fallback-Tiles = 328
2026-06-02 10:34:48 [self-0019-1-defense] Priority agent: flow +6000 base = 148112 final = 154112
2026-06-02 10:34:48 [self-0019-1-defense] Move #664: 203 -> 204 | Army: 42 | Target-Terrain: 0 | Target: 223 | Half: False
2026-06-02 10:34:49 [self-0019-1-defense] My general index: 239
2026-06-02 10:34:49 [self-0019-1-defense] Enemy general index: None
2026-06-02 10:34:49 [self-0019-1-defense] Visible enemy tiles: 10
2026-06-02 10:34:49 [self-0019-1-defense] Tiles: 17 / 121
2026-06-02 10:34:49 [self-0019-1-defense] Map: 18 x 23 Turn: 683
2026-06-02 10:34:49 [self-0019-1-defense] Route planned: Target = 223 Mode = defense city-free reachable tiles = 327 Fallback-Tiles = 328
2026-06-02 10:34:49 [self-0019-1-defense] Priority agent: flow +6000 base = 148202 final = 154202
2026-06-02 10:34:49 [self-0019-1-defense] Move #665: 204 -> 205 | Army: 42 | Target-Terrain: 0 | Target: 223 | Half: False
2026-06-02 10:34:49 [self-0019-1-defense] My general index: 239
2026-06-02 10:34:49 [self-0019-1-defense] Enemy general index: None
2026-06-02 10:34:49 [self-0019-1-defense] Visible enemy tiles: 10
2026-06-02 10:34:49 [self-0019-1-defense] Tiles: 17 / 121
2026-06-02 10:34:49 [self-0019-1-defense] Map: 18 x 23 Turn: 684
2026-06-02 10:34:49 [self-0019-1-defense] Route planned: Target = 223 Mode = defense city-free reachable tiles = 327 Fallback-Tiles = 328
2026-06-02 10:34:49 [self-0019-1-defense] Priority agent: flow +6000 base = 254092 final = 260092
2026-06-02 10:34:49 [self-0019-1-defense] Move #666: 205 -> 223 | Army: 42 | Target-Terrain: 0 | Target: 223 | Half: False
2026-06-02 10:34:50 [self-0019-1-defense] My general index: 239
2026-06-02 10:34:50 [self-0019-1-defense] Enemy general index: None
2026-06-02 10:34:50 [self-0019-1-defense] Visible enemy tiles: 10
2026-06-02 10:34:50 [self-0019-1-defense] Tiles: 17 / 121
2026-06-02 10:34:50 [self-0019-1-defense] Map: 18 x 23 Turn: 685
2026-06-02 10:34:50 [self-0019-1-defense] Route planned: Target = 260 Mode = defense city-free reachable tiles = 327 Fallback-Tiles = 328
2026-06-02 10:34:50 [self-0019-1-defense] Move #667: 259 -> 260 | Army: 80 | Target-Terrain: 1 | Target: 260 | Half: False
2026-06-02 10:34:50 [self-0019-1-defense] My general index: 239
2026-06-02 10:34:50 [self-0019-1-defense] Enemy general index: None
2026-06-02 10:34:50 [self-0019-1-defense] Visible enemy tiles: 10
2026-06-02 10:34:50 [self-0019-1-defense] Tiles: 18 / 120
2026-06-02 10:34:50 [self-0019-1-defense] Map: 18 x 23 Turn: 686
2026-06-02 10:34:50 [self-0019-1-defense] Route planned: Target = 259 Mode = defense city-free reachable tiles = 327 Fallback-Tiles = 328
2026-06-02 10:34:50 [self-0019-1-defense] Priority agent: reverse -35000, edge reuse -9000 base = 224527 final = 180527
2026-06-02 10:34:50 [self-0019-1-defense] Move #668: 260 -> 259 | Army: 77 | Target-Terrain: 0 | Target: 259 | Half: False
2026-06-02 10:34:51 [self-0019-1-defense] My general index: 239
2026-06-02 10:34:51 [self-0019-1-defense] Enemy general index: None
2026-06-02 10:34:51 [self-0019-1-defense] Visible enemy tiles: 10
2026-06-02 10:34:51 [self-0019-1-defense] Tiles: 18 / 120
2026-06-02 10:34:51 [self-0019-1-defense] Map: 18 x 23 Turn: 687
2026-06-02 10:34:51 [self-0019-1-defense] Route planned: Target = 260 Mode = defense city-free reachable tiles = 327 Fallback-Tiles = 328
2026-06-02 10:34:51 [self-0019-1-defense] Priority agent: reverse -35000, edge reuse -18000 base = 216927 final = 163927
2026-06-02 10:34:51 [self-0019-1-defense] Move #669: 259 -> 260 | Army: 77 | Target-Terrain: 0 | Target: 260 | Half: False
2026-06-02 10:34:51 [self-0019-1-defense] My general index: 239
2026-06-02 10:34:51 [self-0019-1-defense] Enemy general index: None
2026-06-02 10:34:51 [self-0019-1-defense] Visible enemy tiles: 10
2026-06-02 10:34:51 [self-0019-1-defense] Tiles: 18 / 120
2026-06-02 10:34:51 [self-0019-1-defense] Map: 18 x 23 Turn: 688
2026-06-02 10:34:51 [self-0019-1-defense] Route planned: Target = 259 Mode = defense city-free reachable tiles = 327 Fallback-Tiles = 328
2026-06-02 10:34:51 [self-0019-1-defense] Priority agent: edge reuse -18000 base = 224230 final = 206230
2026-06-02 10:34:51 [self-0019-1-defense] Move #670: 258 -> 259 | Army: 148 | Target-Terrain: 0 | Target: 259 | Half: False
2026-06-02 10:34:52 [self-0019-1-defense] My general index: 239
2026-06-02 10:34:52 [self-0019-1-defense] Enemy general index: None
2026-06-02 10:34:52 [self-0019-1-defense] Visible enemy tiles: 10
2026-06-02 10:34:52 [self-0019-1-defense] Tiles: 18 / 120
2026-06-02 10:34:52 [self-0019-1-defense] Map: 18 x 23 Turn: 689
2026-06-02 10:34:52 [self-0019-1-defense] Route planned: Target = 258 Mode = defense city-free reachable tiles = 327 Fallback-Tiles = 328
2026-06-02 10:34:52 [self-0019-1-defense] Priority agent: reverse -35000, edge reuse -18000 base = 219130 final = 166130
2026-06-02 10:34:52 [self-0019-1-defense] Move #671: 259 -> 258 | Army: 148 | Target-Terrain: 0 | Target: 258 | Half: False
2026-06-02 10:34:52 [self-0019-1-defense] My general index: 239
2026-06-02 10:34:52 [self-0019-1-defense] Enemy general index: None
2026-06-02 10:34:52 [self-0019-1-defense] Visible enemy tiles: 10
2026-06-02 10:34:52 [self-0019-1-defense] Tiles: 18 / 120
2026-06-02 10:34:52 [self-0019-1-defense] Map: 18 x 23 Turn: 690
2026-06-02 10:34:52 [self-0019-1-defense] Route planned: Target = 259 Mode = defense city-free reachable tiles = 327 Fallback-Tiles = 328
2026-06-02 10:34:52 [self-0019-1-defense] Priority agent: edge reuse -27000 base = 206427 final = 179427
2026-06-02 10:34:52 [self-0019-1-defense] Move #672: 260 -> 259 | Army: 77 | Target-Terrain: 0 | Target: 259 | Half: False
2026-06-02 10:34:53 [self-0019-1-defense] My general index: 239
2026-06-02 10:34:53 [self-0019-1-defense] Enemy general index: None
2026-06-02 10:34:53 [self-0019-1-defense] Visible enemy tiles: 10
2026-06-02 10:34:53 [self-0019-1-defense] Tiles: 18 / 120
2026-06-02 10:34:53 [self-0019-1-defense] Map: 18 x 23 Turn: 691
2026-06-02 10:34:53 [self-0019-1-defense] Route planned: Target = 260 Mode = defense city-free reachable tiles = 327 Fallback-Tiles = 328
2026-06-02 10:34:53 [self-0019-1-defense] Move #673: 201 -> 202 | Army: 2 | Target-Terrain: 0 | Target: 260 | Half: False
2026-06-02 10:34:53 [self-0019-1-defense] My general index: 239
2026-06-02 10:34:53 [self-0019-1-defense] Enemy general index: None
2026-06-02 10:34:53 [self-0019-1-defense] Visible enemy tiles: 10
2026-06-02 10:34:53 [self-0019-1-defense] Tiles: 18 / 120
2026-06-02 10:34:53 [self-0019-1-defense] Map: 18 x 23 Turn: 692
2026-06-02 10:34:53 [self-0019-1-defense] Route planned: Target = 260 Mode = defense city-free reachable tiles = 327 Fallback-Tiles = 328
2026-06-02 10:34:53 [self-0019-1-defense] Priority agent: edge reuse -36000 base = 201827 final = 165827
2026-06-02 10:34:53 [self-0019-1-defense] Move #674: 259 -> 260 | Army: 77 | Target-Terrain: 0 | Target: 260 | Half: False
2026-06-02 10:34:54 [self-0019-1-defense] My general index: 239
2026-06-02 10:34:54 [self-0019-1-defense] Enemy general index: None
2026-06-02 10:34:54 [self-0019-1-defense] Visible enemy tiles: 10
2026-06-02 10:34:54 [self-0019-1-defense] Tiles: 18 / 120
2026-06-02 10:34:54 [self-0019-1-defense] Map: 18 x 23 Turn: 693
2026-06-02 10:34:54 [self-0019-1-defense] Route planned: Target = 259 Mode = defense city-free reachable tiles = 327 Fallback-Tiles = 328
2026-06-02 10:34:54 [self-0019-1-defense] Priority agent: edge reuse -27000 base = 204230 final = 177230
2026-06-02 10:34:54 [self-0019-1-defense] Move #675: 258 -> 259 | Army: 148 | Target-Terrain: 0 | Target: 259 | Half: False
2026-06-02 10:34:54 [self-0019-1-defense] My general index: 239
2026-06-02 10:34:54 [self-0019-1-defense] Enemy general index: None
2026-06-02 10:34:54 [self-0019-1-defense] Visible enemy tiles: 10
2026-06-02 10:34:54 [self-0019-1-defense] Tiles: 18 / 121
2026-06-02 10:34:54 [self-0019-1-defense] Map: 18 x 23 Turn: 694
2026-06-02 10:34:54 [self-0019-1-defense] Route planned: Target = 258 Mode = defense city-free reachable tiles = 327 Fallback-Tiles = 328
2026-06-02 10:34:54 [self-0019-1-defense] Priority agent: reverse -35000, edge reuse -27000 base = 219130 final = 157130
2026-06-02 10:34:54 [self-0019-1-defense] Move #676: 259 -> 258 | Army: 148 | Target-Terrain: 0 | Target: 258 | Half: False
2026-06-02 10:34:55 [self-0019-1-defense] My general index: 239
2026-06-02 10:34:55 [self-0019-1-defense] Enemy general index: None
2026-06-02 10:34:55 [self-0019-1-defense] Visible enemy tiles: 10
2026-06-02 10:34:55 [self-0019-1-defense] Tiles: 18 / 122
2026-06-02 10:34:55 [self-0019-1-defense] Map: 18 x 23 Turn: 695
2026-06-02 10:34:55 [self-0019-1-defense] Route planned: Target = 259 Mode = defense city-free reachable tiles = 327 Fallback-Tiles = 328
2026-06-02 10:34:55 [self-0019-1-defense] Priority agent: edge reuse -45000 base = 206427 final = 161427
2026-06-02 10:34:55 [self-0019-1-defense] Move #677: 260 -> 259 | Army: 77 | Target-Terrain: 0 | Target: 259 | Half: False
2026-06-02 10:34:55 [self-0019-1-defense] My general index: 239
2026-06-02 10:34:55 [self-0019-1-defense] Enemy general index: None
2026-06-02 10:34:55 [self-0019-1-defense] Visible enemy tiles: 10
2026-06-02 10:34:55 [self-0019-1-defense] Tiles: 18 / 123
2026-06-02 10:34:55 [self-0019-1-defense] Map: 18 x 23 Turn: 696
2026-06-02 10:34:55 [self-0019-1-defense] Route planned: Target = 260 Mode = defense city-free reachable tiles = 327 Fallback-Tiles = 328
2026-06-02 10:34:55 [self-0019-1-defense] Move #678: 223 -> 241 | Army: 42 | Target-Terrain: 0 | Target: 260 | Half: False
2026-06-02 10:34:56 [self-0019-1-defense] Coach: stabilize tiles 18/124 army 373/1270 cities 0/0 enemy_city_suspect False bias {'expansion_bias': 0.1, 'city_bias': 0.2, 'attack_bias': -0.5, 'defense_bias': 2.0, 'route_bias': 0.1}
2026-06-02 10:34:56 [self-0019-1-defense] My general index: 239
2026-06-02 10:34:56 [self-0019-1-defense] Enemy general index: None
2026-06-02 10:34:56 [self-0019-1-defense] Visible enemy tiles: 10
2026-06-02 10:34:56 [self-0019-1-defense] Tiles: 18 / 124
2026-06-02 10:34:56 [self-0019-1-defense] Map: 18 x 23 Turn: 697
2026-06-02 10:34:56 [self-0019-1-defense] Route planned: Target = 260 Mode = defense city-free reachable tiles = 327 Fallback-Tiles = 328
2026-06-02 10:34:56 [self-0019-1-defense] Priority agent: flow +6000 base = 148202 final = 154202
2026-06-02 10:34:56 [self-0019-1-defense] Move #679: 241 -> 242 | Army: 42 | Target-Terrain: 0 | Target: 260 | Half: False
2026-06-02 10:34:56 [self-0019-1-defense] My general index: 239
2026-06-02 10:34:56 [self-0019-1-defense] Enemy general index: None
2026-06-02 10:34:56 [self-0019-1-defense] Visible enemy tiles: 10
2026-06-02 10:34:56 [self-0019-1-defense] Tiles: 18 / 124
2026-06-02 10:34:56 [self-0019-1-defense] Map: 18 x 23 Turn: 698
2026-06-02 10:34:56 [self-0019-1-defense] Route planned: Target = 260 Mode = defense city-free reachable tiles = 327 Fallback-Tiles = 328
2026-06-02 10:34:56 [self-0019-1-defense] Priority agent: flow +6000 base = 242092 final = 248092
2026-06-02 10:34:56 [self-0019-1-defense] Move #680: 242 -> 260 | Army: 42 | Target-Terrain: 0 | Target: 260 | Half: False
2026-06-02 10:34:57 [self-0019-1-defense] My general index: 239
2026-06-02 10:34:57 [self-0019-1-defense] Enemy general index: None
2026-06-02 10:34:57 [self-0019-1-defense] Visible enemy tiles: 10
2026-06-02 10:34:57 [self-0019-1-defense] Tiles: 18 / 124
2026-06-02 10:34:57 [self-0019-1-defense] Map: 18 x 23 Turn: 699
2026-06-02 10:34:57 [self-0019-1-defense] Route planned: Target = 261 Mode = defense city-free reachable tiles = 327 Fallback-Tiles = 328
2026-06-02 10:34:57 [self-0019-1-defense] Priority agent: flow +6000 base = 280592 final = 286592
2026-06-02 10:34:57 [self-0019-1-defense] Move #681: 260 -> 261 | Army: 42 | Target-Terrain: 1 | Target: 261 | Half: False
2026-06-02 10:34:57 [self-0019-1-defense] My general index: 239
2026-06-02 10:34:57 [self-0019-1-defense] Enemy general index: None
2026-06-02 10:34:57 [self-0019-1-defense] Visible enemy tiles: 12
2026-06-02 10:34:57 [self-0019-1-defense] Tiles: 19 / 123
2026-06-02 10:34:57 [self-0019-1-defense] Map: 18 x 23 Turn: 700
2026-06-02 10:34:57 [self-0019-1-defense] Route planned: Target = 260 Mode = defense city-free reachable tiles = 327 Fallback-Tiles = 328
2026-06-02 10:34:57 [self-0019-1-defense] Priority agent: edge reuse -9000, flow +3000 base = 238052 final = 232052
2026-06-02 10:34:57 [self-0019-1-defense] Move #682: 242 -> 260 | Army: 2 | Target-Terrain: 0 | Target: 260 | Half: False
2026-06-02 10:34:58 [self-0019-1-defense] My general index: 239
2026-06-02 10:34:58 [self-0019-1-defense] Enemy general index: None
2026-06-02 10:34:58 [self-0019-1-defense] Visible enemy tiles: 12
2026-06-02 10:34:58 [self-0019-1-defense] Tiles: 19 / 123
2026-06-02 10:34:58 [self-0019-1-defense] Map: 18 x 23 Turn: 701
2026-06-02 10:34:58 [self-0019-1-defense] Route planned: Target = 260 Mode = defense city-free reachable tiles = 327 Fallback-Tiles = 328
2026-06-02 10:34:58 [self-0019-1-defense] Priority agent: edge reuse -9000 base = 218991 final = 209991
2026-06-02 10:34:58 [self-0019-1-defense] Move #683: 261 -> 260 | Army: 41 | Target-Terrain: 0 | Target: 260 | Half: False
2026-06-02 10:34:58 [self-0019-1-defense] My general index: 239
2026-06-02 10:34:58 [self-0019-1-defense] Enemy general index: None
2026-06-02 10:34:58 [self-0019-1-defense] Visible enemy tiles: 12
2026-06-02 10:34:58 [self-0019-1-defense] Tiles: 19 / 123
2026-06-02 10:34:58 [self-0019-1-defense] Map: 18 x 23 Turn: 702
2026-06-02 10:34:58 [self-0019-1-defense] Route planned: Target = 261 Mode = defense city-free reachable tiles = 327 Fallback-Tiles = 328
2026-06-02 10:34:58 [self-0019-1-defense] Priority agent: reverse -35000, edge reuse -18000 base = 216893 final = 163893
2026-06-02 10:34:58 [self-0019-1-defense] Move #684: 260 -> 261 | Army: 43 | Target-Terrain: 0 | Target: 261 | Half: False
2026-06-02 10:34:59 [self-0019-1-defense] My general index: 239
2026-06-02 10:34:59 [self-0019-1-defense] Enemy general index: None
2026-06-02 10:34:59 [self-0019-1-defense] Visible enemy tiles: 12
2026-06-02 10:34:59 [self-0019-1-defense] Tiles: 19 / 123
2026-06-02 10:34:59 [self-0019-1-defense] Map: 18 x 23 Turn: 703
2026-06-02 10:34:59 [self-0019-1-defense] Route planned: Target = 260 Mode = defense city-free reachable tiles = 327 Fallback-Tiles = 328
2026-06-02 10:34:59 [self-0019-1-defense] Priority agent: edge reuse -27000 base = 201828 final = 174828
2026-06-02 10:34:59 [self-0019-1-defense] Move #685: 259 -> 260 | Army: 78 | Target-Terrain: 0 | Target: 260 | Half: False
2026-06-02 10:34:59 [self-0019-1-defense] My general index: 239
2026-06-02 10:34:59 [self-0019-1-defense] Enemy general index: None
2026-06-02 10:34:59 [self-0019-1-defense] Visible enemy tiles: 12
2026-06-02 10:34:59 [self-0019-1-defense] Tiles: 19 / 123
2026-06-02 10:34:59 [self-0019-1-defense] Map: 18 x 23 Turn: 704
2026-06-02 10:34:59 [self-0019-1-defense] Route planned: Target = 259 Mode = defense city-free reachable tiles = 327 Fallback-Tiles = 328
2026-06-02 10:34:59 [self-0019-1-defense] Move #686: 241 -> 259 | Army: 2 | Target-Terrain: 0 | Target: 259 | Half: False
2026-06-02 10:35:00 [self-0019-1-defense] My general index: 239
2026-06-02 10:35:00 [self-0019-1-defense] Enemy general index: None
2026-06-02 10:35:00 [self-0019-1-defense] Visible enemy tiles: 12
2026-06-02 10:35:00 [self-0019-1-defense] Tiles: 19 / 123
2026-06-02 10:35:00 [self-0019-1-defense] Map: 18 x 23 Turn: 705
2026-06-02 10:35:00 [self-0019-1-defense] Route planned: Target = 259 Mode = defense city-free reachable tiles = 327 Fallback-Tiles = 328
2026-06-02 10:35:00 [self-0019-1-defense] Move #687: 277 -> 259 | Army: 2 | Target-Terrain: 0 | Target: 259 | Half: False
2026-06-02 10:35:00 [self-0019-1-defense] My general index: 239
2026-06-02 10:35:00 [self-0019-1-defense] Enemy general index: None
2026-06-02 10:35:00 [self-0019-1-defense] Visible enemy tiles: 12
2026-06-02 10:35:00 [self-0019-1-defense] Tiles: 19 / 123
2026-06-02 10:35:00 [self-0019-1-defense] Map: 18 x 23 Turn: 706
2026-06-02 10:35:00 [self-0019-1-defense] Route planned: Target = 259 Mode = defense city-free reachable tiles = 327 Fallback-Tiles = 328
2026-06-02 10:35:00 [self-0019-1-defense] Priority agent: edge reuse -18000 base = 224230 final = 206230
2026-06-02 10:35:00 [self-0019-1-defense] Move #688: 258 -> 259 | Army: 149 | Target-Terrain: 0 | Target: 259 | Half: False
2026-06-02 10:35:01 [self-0019-1-defense] My general index: 239
2026-06-02 10:35:01 [self-0019-1-defense] Enemy general index: None
2026-06-02 10:35:01 [self-0019-1-defense] Visible enemy tiles: 12
2026-06-02 10:35:01 [self-0019-1-defense] Tiles: 19 / 123
2026-06-02 10:35:01 [self-0019-1-defense] Map: 18 x 23 Turn: 707
2026-06-02 10:35:01 [self-0019-1-defense] Route planned: Target = 258 Mode = defense city-free reachable tiles = 327 Fallback-Tiles = 328
2026-06-02 10:35:01 [self-0019-1-defense] Priority agent: reverse -35000, edge reuse -27000 base = 219130 final = 157130
2026-06-02 10:35:01 [self-0019-1-defense] Move #689: 259 -> 258 | Army: 151 | Target-Terrain: 0 | Target: 258 | Half: False
2026-06-02 10:35:01 [self-0019-1-defense] My general index: 239
2026-06-02 10:35:01 [self-0019-1-defense] Enemy general index: None
2026-06-02 10:35:01 [self-0019-1-defense] Visible enemy tiles: 12
2026-06-02 10:35:01 [self-0019-1-defense] Tiles: 19 / 123
2026-06-02 10:35:01 [self-0019-1-defense] Map: 18 x 23 Turn: 708
2026-06-02 10:35:01 [self-0019-1-defense] Route planned: Target = 259 Mode = defense city-free reachable tiles = 327 Fallback-Tiles = 328
2026-06-02 10:35:01 [self-0019-1-defense] Priority agent: edge reuse -18000 base = 206426 final = 188426
2026-06-02 10:35:01 [self-0019-1-defense] Move #690: 260 -> 259 | Army: 76 | Target-Terrain: 0 | Target: 259 | Half: False
2026-06-02 10:35:02 [self-0019-1-defense] My general index: 239
2026-06-02 10:35:02 [self-0019-1-defense] Enemy general index: None
2026-06-02 10:35:02 [self-0019-1-defense] Visible enemy tiles: 12
2026-06-02 10:35:02 [self-0019-1-defense] Tiles: 19 / 123
2026-06-02 10:35:02 [self-0019-1-defense] Map: 18 x 23 Turn: 709
2026-06-02 10:35:02 [self-0019-1-defense] Route planned: Target = 260 Mode = defense city-free reachable tiles = 327 Fallback-Tiles = 328
2026-06-02 10:35:02 [self-0019-1-defense] Priority agent: edge reuse -27000 base = 203993 final = 176993
2026-06-02 10:35:02 [self-0019-1-defense] Move #691: 261 -> 260 | Army: 43 | Target-Terrain: 0 | Target: 260 | Half: False
2026-06-02 10:35:02 [self-0019-1-defense] My general index: 239
2026-06-02 10:35:02 [self-0019-1-defense] Enemy general index: None
2026-06-02 10:35:02 [self-0019-1-defense] Visible enemy tiles: 12
2026-06-02 10:35:02 [self-0019-1-defense] Tiles: 19 / 123
2026-06-02 10:35:02 [self-0019-1-defense] Map: 18 x 23 Turn: 710
2026-06-02 10:35:02 [self-0019-1-defense] Route planned: Target = 261 Mode = defense city-free reachable tiles = 327 Fallback-Tiles = 328
2026-06-02 10:35:02 [self-0019-1-defense] Move #692: 224 -> 242 | Army: 2 | Target-Terrain: 0 | Target: 261 | Half: False
2026-06-02 10:35:03 [self-0019-1-defense] My general index: 239
2026-06-02 10:35:03 [self-0019-1-defense] Enemy general index: None
2026-06-02 10:35:03 [self-0019-1-defense] Visible enemy tiles: 10
2026-06-02 10:35:03 [self-0019-1-defense] Tiles: 18 / 124
2026-06-02 10:35:03 [self-0019-1-defense] Map: 18 x 23 Turn: 711
2026-06-02 10:35:03 [self-0019-1-defense] Route planned: Target = 261 Mode = defense city-free reachable tiles = 327 Fallback-Tiles = 328
2026-06-02 10:35:03 [self-0019-1-defense] Priority agent: edge reuse -36000 base = 230493 final = 194493
2026-06-02 10:35:03 [self-0019-1-defense] Move #693: 260 -> 261 | Army: 43 | Target-Terrain: 1 | Target: 261 | Half: False
2026-06-02 10:35:03 [self-0019-1-defense] My general index: 239
2026-06-02 10:35:03 [self-0019-1-defense] Enemy general index: None
2026-06-02 10:35:03 [self-0019-1-defense] Visible enemy tiles: 12
2026-06-02 10:35:03 [self-0019-1-defense] Tiles: 18 / 124
2026-06-02 10:35:03 [self-0019-1-defense] Map: 18 x 23 Turn: 712
2026-06-02 10:35:03 [self-0019-1-defense] Route planned: Target = 260 Mode = defense city-free reachable tiles = 327 Fallback-Tiles = 328
2026-06-02 10:35:03 [self-0019-1-defense] Priority agent: edge reuse -18000 base = 223052 final = 205052
2026-06-02 10:35:03 [self-0019-1-defense] Move #694: 242 -> 260 | Army: 2 | Target-Terrain: 0 | Target: 260 | Half: False
2026-06-02 10:35:04 [self-0019-1-defense] My general index: 239
2026-06-02 10:35:04 [self-0019-1-defense] Enemy general index: None
2026-06-02 10:35:04 [self-0019-1-defense] Visible enemy tiles: 12
2026-06-02 10:35:04 [self-0019-1-defense] Tiles: 18 / 124
2026-06-02 10:35:04 [self-0019-1-defense] Map: 18 x 23 Turn: 713
2026-06-02 10:35:04 [self-0019-1-defense] Route planned: Target = 260 Mode = defense city-free reachable tiles = 327 Fallback-Tiles = 328
2026-06-02 10:35:04 [self-0019-1-defense] Priority agent: edge reuse -18000 base = 201826 final = 183826
2026-06-02 10:35:04 [self-0019-1-defense] Move #695: 259 -> 260 | Army: 76 | Target-Terrain: 0 | Target: 260 | Half: False
2026-06-02 10:35:04 [self-0019-1-defense] My general index: 239
2026-06-02 10:35:04 [self-0019-1-defense] Enemy general index: None
2026-06-02 10:35:04 [self-0019-1-defense] Visible enemy tiles: 12
2026-06-02 10:35:04 [self-0019-1-defense] Tiles: 18 / 124
2026-06-02 10:35:04 [self-0019-1-defense] Map: 18 x 23 Turn: 714
2026-06-02 10:35:04 [self-0019-1-defense] Route planned: Target = 259 Mode = defense city-free reachable tiles = 327 Fallback-Tiles = 328
2026-06-02 10:35:04 [self-0019-1-defense] Priority agent: edge reuse -18000 base = 204230 final = 186230
2026-06-02 10:35:04 [self-0019-1-defense] Move #696: 258 -> 259 | Army: 151 | Target-Terrain: 0 | Target: 259 | Half: False
2026-06-02 10:35:05 [self-0019-1-defense] My general index: 239
2026-06-02 10:35:05 [self-0019-1-defense] Enemy general index: None
2026-06-02 10:35:05 [self-0019-1-defense] Visible enemy tiles: 12
2026-06-02 10:35:05 [self-0019-1-defense] Tiles: 18 / 124
2026-06-02 10:35:05 [self-0019-1-defense] Map: 18 x 23 Turn: 715
2026-06-02 10:35:05 [self-0019-1-defense] Route planned: Target = 258 Mode = defense city-free reachable tiles = 327 Fallback-Tiles = 328
2026-06-02 10:35:05 [self-0019-1-defense] Priority agent: reverse -35000, edge reuse -27000 base = 219130 final = 157130
2026-06-02 10:35:05 [self-0019-1-defense] Move #697: 259 -> 258 | Army: 151 | Target-Terrain: 0 | Target: 258 | Half: False
2026-06-02 10:35:05 [self-0019-1-defense] My general index: 239
2026-06-02 10:35:05 [self-0019-1-defense] Enemy general index: None
2026-06-02 10:35:05 [self-0019-1-defense] Visible enemy tiles: 12
2026-06-02 10:35:05 [self-0019-1-defense] Tiles: 18 / 124
2026-06-02 10:35:05 [self-0019-1-defense] Map: 18 x 23 Turn: 716
2026-06-02 10:35:05 [self-0019-1-defense] Route planned: Target = 259 Mode = defense city-free reachable tiles = 327 Fallback-Tiles = 328
2026-06-02 10:35:05 [self-0019-1-defense] Priority agent: edge reuse -27000 base = 206427 final = 179427
2026-06-02 10:35:05 [self-0019-1-defense] Move #698: 260 -> 259 | Army: 77 | Target-Terrain: 0 | Target: 259 | Half: False
2026-06-02 10:35:06 [self-0019-1-defense] My general index: 239
2026-06-02 10:35:06 [self-0019-1-defense] Enemy general index: None
2026-06-02 10:35:06 [self-0019-1-defense] Visible enemy tiles: 12
2026-06-02 10:35:06 [self-0019-1-defense] Tiles: 18 / 124
2026-06-02 10:35:06 [self-0019-1-defense] Map: 18 x 23 Turn: 717
2026-06-02 10:35:06 [self-0019-1-defense] Route planned: Target = 260 Mode = defense city-free reachable tiles = 327 Fallback-Tiles = 328
2026-06-02 10:35:06 [self-0019-1-defense] Priority agent: edge reuse -18000 base = 203984 final = 185984
2026-06-02 10:35:06 [self-0019-1-defense] Move #699: 261 -> 260 | Army: 34 | Target-Terrain: 0 | Target: 260 | Half: False
2026-06-02 10:35:06 [self-0019-1-defense] My general index: 239
2026-06-02 10:35:06 [self-0019-1-defense] Enemy general index: None
2026-06-02 10:35:06 [self-0019-1-defense] Visible enemy tiles: 12
2026-06-02 10:35:06 [self-0019-1-defense] Tiles: 18 / 124
2026-06-02 10:35:06 [self-0019-1-defense] Map: 18 x 23 Turn: 718
2026-06-02 10:35:06 [self-0019-1-defense] Route planned: Target = 261 Mode = defense city-free reachable tiles = 327 Fallback-Tiles = 328
2026-06-02 10:35:06 [self-0019-1-defense] Priority agent: reverse -35000, edge reuse -27000 base = 216884 final = 154884
2026-06-02 10:35:06 [self-0019-1-defense] Move #700: 260 -> 261 | Army: 34 | Target-Terrain: 0 | Target: 261 | Half: False
2026-06-02 10:35:07 [self-0019-1-defense] My general index: 239
2026-06-02 10:35:07 [self-0019-1-defense] Enemy general index: None
2026-06-02 10:35:07 [self-0019-1-defense] Visible enemy tiles: 12
2026-06-02 10:35:07 [self-0019-1-defense] Tiles: 18 / 124
2026-06-02 10:35:07 [self-0019-1-defense] Map: 18 x 23 Turn: 719
2026-06-02 10:35:07 [self-0019-1-defense] Route planned: Target = 260 Mode = defense city-free reachable tiles = 327 Fallback-Tiles = 328
2026-06-02 10:35:07 [self-0019-1-defense] Priority agent: edge reuse -27000 base = 201827 final = 174827
2026-06-02 10:35:07 [self-0019-1-defense] Move #701: 259 -> 260 | Army: 77 | Target-Terrain: 0 | Target: 260 | Half: False
2026-06-02 10:35:07 [self-0019-1-defense] My general index: 239
2026-06-02 10:35:07 [self-0019-1-defense] Enemy general index: None
2026-06-02 10:35:07 [self-0019-1-defense] Visible enemy tiles: 12
2026-06-02 10:35:07 [self-0019-1-defense] Tiles: 18 / 124
2026-06-02 10:35:07 [self-0019-1-defense] Map: 18 x 23 Turn: 720
2026-06-02 10:35:07 [self-0019-1-defense] Route planned: Target = 259 Mode = defense city-free reachable tiles = 327 Fallback-Tiles = 328
2026-06-02 10:35:07 [self-0019-1-defense] Priority agent: edge reuse -36000 base = 204230 final = 168230
2026-06-02 10:35:07 [self-0019-1-defense] Move #702: 258 -> 259 | Army: 151 | Target-Terrain: 0 | Target: 259 | Half: False
2026-06-02 10:35:08 [self-0019-1-defense] My general index: 239
2026-06-02 10:35:08 [self-0019-1-defense] Enemy general index: None
2026-06-02 10:35:08 [self-0019-1-defense] Visible enemy tiles: 12
2026-06-02 10:35:08 [self-0019-1-defense] Tiles: 18 / 124
2026-06-02 10:35:08 [self-0019-1-defense] Map: 18 x 23 Turn: 721
2026-06-02 10:35:08 [self-0019-1-defense] Route planned: Target = 258 Mode = defense city-free reachable tiles = 327 Fallback-Tiles = 328
2026-06-02 10:35:08 [self-0019-1-defense] Move #703: 223 -> 241 | Army: 2 | Target-Terrain: 0 | Target: 258 | Half: False
2026-06-02 10:35:08 [self-0019-1-defense] My general index: 239
2026-06-02 10:35:08 [self-0019-1-defense] Enemy general index: None
2026-06-02 10:35:08 [self-0019-1-defense] Visible enemy tiles: 12
2026-06-02 10:35:08 [self-0019-1-defense] Tiles: 18 / 124
2026-06-02 10:35:08 [self-0019-1-defense] Map: 18 x 23 Turn: 722
2026-06-02 10:35:08 [self-0019-1-defense] Route planned: Target = 258 Mode = defense city-free reachable tiles = 327 Fallback-Tiles = 328
2026-06-02 10:35:08 [self-0019-1-defense] Priority agent: edge reuse -27000 base = 216030 final = 189030
2026-06-02 10:35:08 [self-0019-1-defense] Move #704: 259 -> 258 | Army: 151 | Target-Terrain: 0 | Target: 258 | Half: False
2026-06-02 10:35:09 [self-0019-1-defense] My general index: 239
2026-06-02 10:35:09 [self-0019-1-defense] Enemy general index: None
2026-06-02 10:35:09 [self-0019-1-defense] Visible enemy tiles: 12
2026-06-02 10:35:09 [self-0019-1-defense] Tiles: 18 / 124
2026-06-02 10:35:09 [self-0019-1-defense] Map: 18 x 23 Turn: 723
2026-06-02 10:35:09 [self-0019-1-defense] Route planned: Target = 259 Mode = defense city-free reachable tiles = 327 Fallback-Tiles = 328
2026-06-02 10:35:09 [self-0019-1-defense] Move #705: 241 -> 259 | Army: 2 | Target-Terrain: 0 | Target: 259 | Half: False
2026-06-02 10:35:09 [self-0019-1-defense] My general index: 239
2026-06-02 10:35:09 [self-0019-1-defense] Enemy general index: None
2026-06-02 10:35:09 [self-0019-1-defense] Visible enemy tiles: 12
2026-06-02 10:35:09 [self-0019-1-defense] Tiles: 18 / 124
2026-06-02 10:35:09 [self-0019-1-defense] Map: 18 x 23 Turn: 724
2026-06-02 10:35:09 [self-0019-1-defense] Route planned: Target = 259 Mode = defense city-free reachable tiles = 327 Fallback-Tiles = 328
2026-06-02 10:35:09 [self-0019-1-defense] Priority agent: edge reuse -27000 base = 206427 final = 179427
2026-06-02 10:35:09 [self-0019-1-defense] Move #706: 260 -> 259 | Army: 77 | Target-Terrain: 0 | Target: 259 | Half: False
2026-06-02 10:35:10 [self-0019-1-defense] My general index: 239
2026-06-02 10:35:10 [self-0019-1-defense] Enemy general index: None
2026-06-02 10:35:10 [self-0019-1-defense] Visible enemy tiles: 12
2026-06-02 10:35:10 [self-0019-1-defense] Tiles: 18 / 124
2026-06-02 10:35:10 [self-0019-1-defense] Map: 18 x 23 Turn: 725
2026-06-02 10:35:10 [self-0019-1-defense] Route planned: Target = 260 Mode = defense city-free reachable tiles = 327 Fallback-Tiles = 328
2026-06-02 10:35:10 [self-0019-1-defense] Priority agent: edge reuse -27000 base = 203984 final = 176984
2026-06-02 10:35:10 [self-0019-1-defense] Move #707: 261 -> 260 | Army: 34 | Target-Terrain: 0 | Target: 260 | Half: False
2026-06-02 10:35:10 [self-0019-1-defense] My general index: 239
2026-06-02 10:35:10 [self-0019-1-defense] Enemy general index: None
2026-06-02 10:35:10 [self-0019-1-defense] Visible enemy tiles: 12
2026-06-02 10:35:10 [self-0019-1-defense] Tiles: 18 / 124
2026-06-02 10:35:10 [self-0019-1-defense] Map: 18 x 23 Turn: 726
2026-06-02 10:35:10 [self-0019-1-defense] Route planned: Target = 261 Mode = defense city-free reachable tiles = 327 Fallback-Tiles = 328
2026-06-02 10:35:10 [self-0019-1-defense] Priority agent: reverse -35000, edge reuse -27000 base = 216884 final = 154884
2026-06-02 10:35:10 [self-0019-1-defense] Move #708: 260 -> 261 | Army: 34 | Target-Terrain: 0 | Target: 261 | Half: False
2026-06-02 10:35:11 [self-0019-1-defense] My general index: 239
2026-06-02 10:35:11 [self-0019-1-defense] Enemy general index: None
2026-06-02 10:35:11 [self-0019-1-defense] Visible enemy tiles: 12
2026-06-02 10:35:11 [self-0019-1-defense] Tiles: 18 / 124
2026-06-02 10:35:11 [self-0019-1-defense] Map: 18 x 23 Turn: 727
2026-06-02 10:35:11 [self-0019-1-defense] Route planned: Target = 260 Mode = defense city-free reachable tiles = 327 Fallback-Tiles = 328
2026-06-02 10:35:11 [self-0019-1-defense] Priority agent: edge reuse -36000 base = 201828 final = 165828
2026-06-02 10:35:11 [self-0019-1-defense] Move #709: 259 -> 260 | Army: 78 | Target-Terrain: 0 | Target: 260 | Half: False
2026-06-02 10:35:11 [self-0019-1-defense] My general index: 239
2026-06-02 10:35:11 [self-0019-1-defense] Enemy general index: None
2026-06-02 10:35:11 [self-0019-1-defense] Visible enemy tiles: 12
2026-06-02 10:35:11 [self-0019-1-defense] Tiles: 18 / 124
2026-06-02 10:35:11 [self-0019-1-defense] Map: 18 x 23 Turn: 728
2026-06-02 10:35:11 [self-0019-1-defense] Route planned: Target = 259 Mode = defense city-free reachable tiles = 327 Fallback-Tiles = 328
2026-06-02 10:35:11 [self-0019-1-defense] Priority agent: edge reuse -36000 base = 204230 final = 168230
2026-06-02 10:35:11 [self-0019-1-defense] Move #710: 258 -> 259 | Army: 151 | Target-Terrain: 0 | Target: 259 | Half: False
2026-06-02 10:35:12 [self-0019-1-defense] My general index: 239
2026-06-02 10:35:12 [self-0019-1-defense] Enemy general index: None
2026-06-02 10:35:12 [self-0019-1-defense] Visible enemy tiles: 12
2026-06-02 10:35:12 [self-0019-1-defense] Tiles: 18 / 124
2026-06-02 10:35:12 [self-0019-1-defense] Map: 18 x 23 Turn: 729
2026-06-02 10:35:12 [self-0019-1-defense] Route planned: Target = 258 Mode = defense city-free reachable tiles = 327 Fallback-Tiles = 328
2026-06-02 10:35:12 [self-0019-1-defense] Move #711: 205 -> 223 | Army: 2 | Target-Terrain: 0 | Target: 258 | Half: False
2026-06-02 10:35:12 [self-0019-1-defense] My general index: 239
2026-06-02 10:35:12 [self-0019-1-defense] Enemy general index: None
2026-06-02 10:35:12 [self-0019-1-defense] Visible enemy tiles: 12
2026-06-02 10:35:12 [self-0019-1-defense] Tiles: 18 / 124
2026-06-02 10:35:12 [self-0019-1-defense] Map: 18 x 23 Turn: 730
2026-06-02 10:35:12 [self-0019-1-defense] Route planned: Target = 258 Mode = defense city-free reachable tiles = 327 Fallback-Tiles = 328
2026-06-02 10:35:12 [self-0019-1-defense] Priority agent: edge reuse -27000 base = 216030 final = 189030
2026-06-02 10:35:12 [self-0019-1-defense] Move #712: 259 -> 258 | Army: 151 | Target-Terrain: 0 | Target: 258 | Half: False
2026-06-02 10:35:13 [self-0019-1-defense] My general index: 239
2026-06-02 10:35:13 [self-0019-1-defense] Enemy general index: None
2026-06-02 10:35:13 [self-0019-1-defense] Visible enemy tiles: 12
2026-06-02 10:35:13 [self-0019-1-defense] Tiles: 18 / 124
2026-06-02 10:35:13 [self-0019-1-defense] Map: 18 x 23 Turn: 731
2026-06-02 10:35:13 [self-0019-1-defense] Route planned: Target = 259 Mode = defense city-free reachable tiles = 327 Fallback-Tiles = 328
2026-06-02 10:35:13 [self-0019-1-defense] Priority agent: edge reuse -27000 base = 206428 final = 179428
2026-06-02 10:35:13 [self-0019-1-defense] Move #713: 260 -> 259 | Army: 78 | Target-Terrain: 0 | Target: 259 | Half: False
2026-06-02 10:35:13 [self-0019-1-defense] My general index: 239
2026-06-02 10:35:13 [self-0019-1-defense] Enemy general index: None
2026-06-02 10:35:13 [self-0019-1-defense] Visible enemy tiles: 12
2026-06-02 10:35:13 [self-0019-1-defense] Tiles: 18 / 124
2026-06-02 10:35:13 [self-0019-1-defense] Map: 18 x 23 Turn: 732
2026-06-02 10:35:13 [self-0019-1-defense] Route planned: Target = 260 Mode = defense city-free reachable tiles = 327 Fallback-Tiles = 328
2026-06-02 10:35:13 [self-0019-1-defense] Priority agent: edge reuse -27000 base = 203984 final = 176984
2026-06-02 10:35:13 [self-0019-1-defense] Move #714: 261 -> 260 | Army: 34 | Target-Terrain: 0 | Target: 260 | Half: False
2026-06-02 10:35:14 [self-0019-1-defense] My general index: 239
2026-06-02 10:35:14 [self-0019-1-defense] Enemy general index: None
2026-06-02 10:35:14 [self-0019-1-defense] Visible enemy tiles: 12
2026-06-02 10:35:14 [self-0019-1-defense] Tiles: 18 / 124
2026-06-02 10:35:14 [self-0019-1-defense] Map: 18 x 23 Turn: 733
2026-06-02 10:35:14 [self-0019-1-defense] Route planned: Target = 261 Mode = defense city-free reachable tiles = 327 Fallback-Tiles = 328
2026-06-02 10:35:14 [self-0019-1-defense] Priority agent: reverse -35000, edge reuse -27000 base = 216884 final = 154884
2026-06-02 10:35:14 [self-0019-1-defense] Move #715: 260 -> 261 | Army: 34 | Target-Terrain: 0 | Target: 261 | Half: False
2026-06-02 10:35:14 [self-0019-1-defense] My general index: 239
2026-06-02 10:35:14 [self-0019-1-defense] Enemy general index: None
2026-06-02 10:35:14 [self-0019-1-defense] Visible enemy tiles: 12
2026-06-02 10:35:14 [self-0019-1-defense] Tiles: 18 / 124
2026-06-02 10:35:14 [self-0019-1-defense] Map: 18 x 23 Turn: 734
2026-06-02 10:35:14 [self-0019-1-defense] Reinforcement waypoint: 206 final target = 206 turns until reinforcement = 16
2026-06-02 10:35:14 [self-0019-1-defense] Route planned: Target = 206 Mode = reinforcement_waypoint city-free reachable tiles = 327 Fallback-Tiles = 328
2026-06-02 10:35:14 [self-0019-1-defense] Priority agent: flow +6000 base = 42784 final = 48784
2026-06-02 10:35:14 [self-0019-1-defense] Move #716: 261 -> 279 | Army: 34 | Target-Terrain: 1 | Target: 206 | Half: False
2026-06-02 10:35:15 [self-0019-1-defense] My general index: 239
2026-06-02 10:35:15 [self-0019-1-defense] Enemy general index: None
2026-06-02 10:35:15 [self-0019-1-defense] Visible enemy tiles: 12
2026-06-02 10:35:15 [self-0019-1-defense] Tiles: 19 / 123
2026-06-02 10:35:15 [self-0019-1-defense] Map: 18 x 23 Turn: 735
2026-06-02 10:35:15 [self-0019-1-defense] Reinforcement waypoint: 206 final target = 206 turns until reinforcement = 15
2026-06-02 10:35:15 [self-0019-1-defense] Route planned: Target = 206 Mode = reinforcement_waypoint city-free reachable tiles = 327 Fallback-Tiles = 328
2026-06-02 10:35:15 [self-0019-1-defense] Priority agent: flow +6000 base = 79472 final = 85472
2026-06-02 10:35:15 [self-0019-1-defense] Move #717: 279 -> 278 | Army: 32 | Target-Terrain: 1 | Target: 206 | Half: False
2026-06-02 10:35:15 [self-0019-1-defense] My general index: 239
2026-06-02 10:35:15 [self-0019-1-defense] Enemy general index: None
2026-06-02 10:35:15 [self-0019-1-defense] Visible enemy tiles: 11
2026-06-02 10:35:15 [self-0019-1-defense] Tiles: 20 / 122
2026-06-02 10:35:15 [self-0019-1-defense] Map: 18 x 23 Turn: 736
2026-06-02 10:35:15 [self-0019-1-defense] Reinforcement waypoint: 206 final target = 206 turns until reinforcement = 14
2026-06-02 10:35:15 [self-0019-1-defense] Route planned: Target = 206 Mode = reinforcement_waypoint city-free reachable tiles = 327 Fallback-Tiles = 328
2026-06-02 10:35:15 [self-0019-1-defense] Move #718: 186 -> 204 | Army: 2 | Target-Terrain: 0 | Target: 206 | Half: False
2026-06-02 10:35:16 [self-0019-1-defense] My general index: 239
2026-06-02 10:35:16 [self-0019-1-defense] Enemy general index: None
2026-06-02 10:35:16 [self-0019-1-defense] Visible enemy tiles: 12
2026-06-02 10:35:16 [self-0019-1-defense] Tiles: 19 / 123
2026-06-02 10:35:16 [self-0019-1-defense] Map: 18 x 23 Turn: 737
2026-06-02 10:35:16 [self-0019-1-defense] Route planned: Target = 277 Mode = defense city-free reachable tiles = 327 Fallback-Tiles = 328
2026-06-02 10:35:16 [self-0019-1-defense] Move #719: 259 -> 277 | Army: 78 | Target-Terrain: 0 | Target: 277 | Half: False
2026-06-02 10:35:16 [self-0019-1-defense] My general index: 239
2026-06-02 10:35:16 [self-0019-1-defense] Enemy general index: None
2026-06-02 10:35:16 [self-0019-1-defense] Visible enemy tiles: 10
2026-06-02 10:35:16 [self-0019-1-defense] Tiles: 18 / 124
2026-06-02 10:35:16 [self-0019-1-defense] Map: 18 x 23 Turn: 738
2026-06-02 10:35:16 [self-0019-1-defense] Route planned: Target = 278 Mode = defense city-free reachable tiles = 327 Fallback-Tiles = 328
2026-06-02 10:35:16 [self-0019-1-defense] Priority agent: flow +6000 base = 251928 final = 257928
2026-06-02 10:35:16 [self-0019-1-defense] Move #720: 277 -> 278 | Army: 78 | Target-Terrain: 0 | Target: 278 | Half: False
2026-06-02 10:35:17 [self-0019-1-defense] My general index: 239
2026-06-02 10:35:17 [self-0019-1-defense] Enemy general index: None
2026-06-02 10:35:17 [self-0019-1-defense] Visible enemy tiles: 10
2026-06-02 10:35:17 [self-0019-1-defense] Tiles: 18 / 124
2026-06-02 10:35:17 [self-0019-1-defense] Map: 18 x 23 Turn: 739
2026-06-02 10:35:17 [self-0019-1-defense] Route planned: Target = 277 Mode = defense city-free reachable tiles = 327 Fallback-Tiles = 328
2026-06-02 10:35:17 [self-0019-1-defense] Priority agent: reverse -35000, edge reuse -9000 base = 232930 final = 188930
2026-06-02 10:35:17 [self-0019-1-defense] Move #721: 278 -> 277 | Army: 107 | Target-Terrain: 0 | Target: 277 | Half: False
2026-06-02 10:35:17 [self-0019-1-defense] My general index: 239
2026-06-02 10:35:17 [self-0019-1-defense] Enemy general index: None
2026-06-02 10:35:17 [self-0019-1-defense] Visible enemy tiles: 10
2026-06-02 10:35:17 [self-0019-1-defense] Tiles: 18 / 124
2026-06-02 10:35:17 [self-0019-1-defense] Map: 18 x 23 Turn: 740
2026-06-02 10:35:17 [self-0019-1-defense] Route planned: Target = 278 Mode = defense city-free reachable tiles = 327 Fallback-Tiles = 328
2026-06-02 10:35:17 [self-0019-1-defense] Priority agent: reverse -35000, edge reuse -18000, flow +3000 base = 204930 final = 154930
2026-06-02 10:35:17 [self-0019-1-defense] Move #722: 277 -> 278 | Army: 107 | Target-Terrain: 0 | Target: 278 | Half: False
2026-06-02 10:35:18 [self-0019-1-defense] My general index: 239
2026-06-02 10:35:18 [self-0019-1-defense] Enemy general index: None
2026-06-02 10:35:18 [self-0019-1-defense] Visible enemy tiles: 10
2026-06-02 10:35:18 [self-0019-1-defense] Tiles: 18 / 124
2026-06-02 10:35:18 [self-0019-1-defense] Map: 18 x 23 Turn: 741
2026-06-02 10:35:18 [self-0019-1-defense] Route planned: Target = 277 Mode = defense city-free reachable tiles = 327 Fallback-Tiles = 328
2026-06-02 10:35:18 [self-0019-1-defense] Move #723: 223 -> 241 | Army: 2 | Target-Terrain: 0 | Target: 277 | Half: False
2026-06-02 10:35:18 [self-0019-1-defense] My general index: 239
2026-06-02 10:35:18 [self-0019-1-defense] Enemy general index: None
2026-06-02 10:35:18 [self-0019-1-defense] Visible enemy tiles: 10
2026-06-02 10:35:18 [self-0019-1-defense] Tiles: 18 / 124
2026-06-02 10:35:18 [self-0019-1-defense] Map: 18 x 23 Turn: 742
2026-06-02 10:35:18 [self-0019-1-defense] Route planned: Target = 277 Mode = defense city-free reachable tiles = 327 Fallback-Tiles = 328
2026-06-02 10:35:18 [self-0019-1-defense] Priority agent: edge reuse -27000 base = 202830 final = 175830
2026-06-02 10:35:18 [self-0019-1-defense] Move #724: 278 -> 277 | Army: 107 | Target-Terrain: 0 | Target: 277 | Half: False
2026-06-02 10:35:19 [self-0019-1-defense] My general index: 239
2026-06-02 10:35:19 [self-0019-1-defense] Enemy general index: None
2026-06-02 10:35:19 [self-0019-1-defense] Visible enemy tiles: 10
2026-06-02 10:35:19 [self-0019-1-defense] Tiles: 18 / 124
2026-06-02 10:35:19 [self-0019-1-defense] Map: 18 x 23 Turn: 743
2026-06-02 10:35:19 [self-0019-1-defense] Route planned: Target = 278 Mode = defense city-free reachable tiles = 327 Fallback-Tiles = 328
2026-06-02 10:35:19 [self-0019-1-defense] Move #725: 241 -> 259 | Army: 2 | Target-Terrain: 0 | Target: 278 | Half: False
2026-06-02 10:35:19 [self-0019-1-defense] My general index: 239
2026-06-02 10:35:19 [self-0019-1-defense] Enemy general index: None
2026-06-02 10:35:19 [self-0019-1-defense] Visible enemy tiles: 10
2026-06-02 10:35:19 [self-0019-1-defense] Tiles: 18 / 124
2026-06-02 10:35:19 [self-0019-1-defense] Map: 18 x 23 Turn: 744
2026-06-02 10:35:19 [self-0019-1-defense] Route planned: Target = 278 Mode = defense city-free reachable tiles = 327 Fallback-Tiles = 328
2026-06-02 10:35:19 [self-0019-1-defense] Priority agent: edge reuse -36000 base = 201830 final = 165830
2026-06-02 10:35:19 [self-0019-1-defense] Move #726: 277 -> 278 | Army: 107 | Target-Terrain: 0 | Target: 278 | Half: False
2026-06-02 10:35:20 [self-0019-1-defense] My general index: 239
2026-06-02 10:35:20 [self-0019-1-defense] Enemy general index: None
2026-06-02 10:35:20 [self-0019-1-defense] Visible enemy tiles: 10
2026-06-02 10:35:20 [self-0019-1-defense] Tiles: 18 / 124
2026-06-02 10:35:20 [self-0019-1-defense] Map: 18 x 23 Turn: 745
2026-06-02 10:35:20 [self-0019-1-defense] Route planned: Target = 277 Mode = defense city-free reachable tiles = 327 Fallback-Tiles = 328
2026-06-02 10:35:20 [self-0019-1-defense] Priority agent: edge reuse -9000 base = 236852 final = 227852
2026-06-02 10:35:20 [self-0019-1-defense] Move #727: 259 -> 277 | Army: 2 | Target-Terrain: 0 | Target: 277 | Half: False
2026-06-02 10:35:20 [self-0019-1-defense] My general index: 239
2026-06-02 10:35:20 [self-0019-1-defense] Enemy general index: None
2026-06-02 10:35:20 [self-0019-1-defense] Visible enemy tiles: 10
2026-06-02 10:35:20 [self-0019-1-defense] Tiles: 18 / 124
2026-06-02 10:35:20 [self-0019-1-defense] Map: 18 x 23 Turn: 746
2026-06-02 10:35:20 [self-0019-1-defense] Route planned: Target = 277 Mode = defense city-free reachable tiles = 327 Fallback-Tiles = 328
2026-06-02 10:35:20 [self-0019-1-defense] Priority agent: edge reuse -45000 base = 202830 final = 157830
2026-06-02 10:35:20 [self-0019-1-defense] Move #728: 278 -> 277 | Army: 107 | Target-Terrain: 0 | Target: 277 | Half: False
2026-06-02 10:35:21 [self-0019-1-defense] Coach: stabilize tiles 18/124 army 400/1476 cities 0/0 enemy_city_suspect False bias {'expansion_bias': 0.1, 'city_bias': 0.2, 'attack_bias': -0.5, 'defense_bias': 2.0, 'route_bias': 0.1}
2026-06-02 10:35:21 [self-0019-1-defense] My general index: 239
2026-06-02 10:35:21 [self-0019-1-defense] Enemy general index: None
2026-06-02 10:35:21 [self-0019-1-defense] Visible enemy tiles: 10
2026-06-02 10:35:21 [self-0019-1-defense] Tiles: 18 / 124
2026-06-02 10:35:21 [self-0019-1-defense] Map: 18 x 23 Turn: 747
2026-06-02 10:35:21 [self-0019-1-defense] Route planned: Target = 278 Mode = defense city-free reachable tiles = 327 Fallback-Tiles = 328
2026-06-02 10:35:21 [self-0019-1-defense] Move #729: 202 -> 203 | Army: 3 | Target-Terrain: 0 | Target: 278 | Half: False
2026-06-02 10:35:21 [self-0019-1-defense] My general index: 239
2026-06-02 10:35:21 [self-0019-1-defense] Enemy general index: None
2026-06-02 10:35:21 [self-0019-1-defense] Visible enemy tiles: 10
2026-06-02 10:35:21 [self-0019-1-defense] Tiles: 18 / 124
2026-06-02 10:35:21 [self-0019-1-defense] Map: 18 x 23 Turn: 748
2026-06-02 10:35:21 [self-0019-1-defense] Route planned: Target = 278 Mode = defense city-free reachable tiles = 327 Fallback-Tiles = 328
2026-06-02 10:35:21 [self-0019-1-defense] Priority agent: flow +6000 base = 145914 final = 151914
2026-06-02 10:35:21 [self-0019-1-defense] Move #730: 203 -> 204 | Army: 4 | Target-Terrain: 0 | Target: 278 | Half: False
2026-06-02 10:35:22 [self-0019-1-defense] My general index: 239
2026-06-02 10:35:22 [self-0019-1-defense] Enemy general index: None
2026-06-02 10:35:22 [self-0019-1-defense] Visible enemy tiles: 10
2026-06-02 10:35:22 [self-0019-1-defense] Tiles: 18 / 124
2026-06-02 10:35:22 [self-0019-1-defense] Map: 18 x 23 Turn: 749
2026-06-02 10:35:22 [self-0019-1-defense] Route planned: Target = 278 Mode = defense city-free reachable tiles = 327 Fallback-Tiles = 328
2026-06-02 10:35:22 [self-0019-1-defense] Priority agent: flow +6000 base = 146006 final = 152006
2026-06-02 10:35:22 [self-0019-1-defense] Move #731: 204 -> 205 | Army: 6 | Target-Terrain: 0 | Target: 278 | Half: False
2026-06-02 10:35:22 [self-0019-1-defense] My general index: 239
2026-06-02 10:35:22 [self-0019-1-defense] Enemy general index: None
2026-06-02 10:35:22 [self-0019-1-defense] Visible enemy tiles: 10
2026-06-02 10:35:22 [self-0019-1-defense] Tiles: 18 / 124
2026-06-02 10:35:22 [self-0019-1-defense] Map: 18 x 23 Turn: 750
2026-06-02 10:35:22 [self-0019-1-defense] Route planned: Target = 278 Mode = defense city-free reachable tiles = 327 Fallback-Tiles = 328
2026-06-02 10:35:22 [self-0019-1-defense] Move #732: 260 -> 278 | Army: 2 | Target-Terrain: 0 | Target: 278 | Half: False
2026-06-02 10:35:23 [self-0019-1-defense] My general index: 239
2026-06-02 10:35:23 [self-0019-1-defense] Enemy general index: None
2026-06-02 10:35:23 [self-0019-1-defense] Visible enemy tiles: 10
2026-06-02 10:35:23 [self-0019-1-defense] Tiles: 18 / 124
2026-06-02 10:35:23 [self-0019-1-defense] Map: 18 x 23 Turn: 751
2026-06-02 10:35:23 [self-0019-1-defense] Route planned: Target = 278 Mode = defense city-free reachable tiles = 327 Fallback-Tiles = 328
2026-06-02 10:35:23 [self-0019-1-defense] Move #733: 205 -> 206 | Army: 7 | Target-Terrain: 1 | Target: 278 | Half: False
2026-06-02 10:35:23 [self-0019-1-defense] My general index: 239
2026-06-02 10:35:23 [self-0019-1-defense] Enemy general index: None
2026-06-02 10:35:23 [self-0019-1-defense] Visible enemy tiles: 12
2026-06-02 10:35:23 [self-0019-1-defense] Tiles: 18 / 124
2026-06-02 10:35:23 [self-0019-1-defense] Map: 18 x 23 Turn: 752
2026-06-02 10:35:23 [self-0019-1-defense] Route planned: Target = 278 Mode = defense city-free reachable tiles = 327 Fallback-Tiles = 328
2026-06-02 10:35:23 [self-0019-1-defense] Priority agent: flow +6000 base = 176034 final = 182034
2026-06-02 10:35:23 [self-0019-1-defense] Move #734: 206 -> 224 | Army: 4 | Target-Terrain: 1 | Target: 278 | Half: False
2026-06-02 10:35:24 [self-0019-1-defense] My general index: 239
2026-06-02 10:35:24 [self-0019-1-defense] Enemy general index: None
2026-06-02 10:35:24 [self-0019-1-defense] Visible enemy tiles: 12
2026-06-02 10:35:24 [self-0019-1-defense] Tiles: 18 / 124
2026-06-02 10:35:24 [self-0019-1-defense] Map: 18 x 23 Turn: 753
2026-06-02 10:35:24 [self-0019-1-defense] Route planned: Target = 278 Mode = defense city-free reachable tiles = 327 Fallback-Tiles = 328
2026-06-02 10:35:24 [self-0019-1-defense] Priority agent: edge reuse -45000 base = 201830 final = 156830
2026-06-02 10:35:24 [self-0019-1-defense] Move #735: 277 -> 278 | Army: 109 | Target-Terrain: 0 | Target: 278 | Half: False
2026-06-02 10:35:24 [self-0019-1-defense] My general index: 239
2026-06-02 10:35:24 [self-0019-1-defense] Enemy general index: None
2026-06-02 10:35:24 [self-0019-1-defense] Visible enemy tiles: 11
2026-06-02 10:35:24 [self-0019-1-defense] Tiles: 17 / 125
2026-06-02 10:35:24 [self-0019-1-defense] Map: 18 x 23 Turn: 754
2026-06-02 10:35:24 [self-0019-1-defense] Route planned: Target = 277 Mode = defense city-free reachable tiles = 327 Fallback-Tiles = 328
2026-06-02 10:35:24 [self-0019-1-defense] Priority agent: edge reuse -9000 base = 236852 final = 227852
2026-06-02 10:35:24 [self-0019-1-defense] Move #736: 259 -> 277 | Army: 2 | Target-Terrain: 0 | Target: 277 | Half: False
2026-06-02 10:35:25 [self-0019-1-defense] My general index: 239
2026-06-02 10:35:25 [self-0019-1-defense] Enemy general index: None
2026-06-02 10:35:25 [self-0019-1-defense] Visible enemy tiles: 11
2026-06-02 10:35:25 [self-0019-1-defense] Tiles: 16 / 126
2026-06-02 10:35:25 [self-0019-1-defense] Map: 18 x 23 Turn: 755
2026-06-02 10:35:25 [self-0019-1-defense] Route planned: Target = 242 Mode = defense city-free reachable tiles = 327 Fallback-Tiles = 328
2026-06-02 10:35:25 [self-0019-1-defense] Move #737: 241 -> 242 | Army: 2 | Target-Terrain: 0 | Target: 242 | Half: False
2026-06-02 10:35:25 [self-0019-1-defense] My general index: 239
2026-06-02 10:35:25 [self-0019-1-defense] Enemy general index: None
2026-06-02 10:35:25 [self-0019-1-defense] Visible enemy tiles: 11
2026-06-02 10:35:25 [self-0019-1-defense] Tiles: 16 / 126
2026-06-02 10:35:25 [self-0019-1-defense] Map: 18 x 23 Turn: 756
2026-06-02 10:35:25 [self-0019-1-defense] Route planned: Target = 242 Mode = defense city-free reachable tiles = 327 Fallback-Tiles = 328
2026-06-02 10:35:25 [self-0019-1-defense] Priority agent: edge reuse -9000 base = 155690 final = 146690
2026-06-02 10:35:25 [self-0019-1-defense] Move #738: 278 -> 260 | Army: 111 | Target-Terrain: 1 | Target: 242 | Half: False
2026-06-02 10:35:26 [self-0019-1-defense] My general index: 239
2026-06-02 10:35:26 [self-0019-1-defense] Enemy general index: None
2026-06-02 10:35:26 [self-0019-1-defense] Visible enemy tiles: 10
2026-06-02 10:35:26 [self-0019-1-defense] Tiles: 17 / 125
2026-06-02 10:35:26 [self-0019-1-defense] Map: 18 x 23 Turn: 757
2026-06-02 10:35:26 [self-0019-1-defense] Route planned: Target = 242 Mode = defense city-free reachable tiles = 327 Fallback-Tiles = 328
2026-06-02 10:35:26 [self-0019-1-defense] Priority agent: flow +6000 base = 251930 final = 257930
2026-06-02 10:35:26 [self-0019-1-defense] Move #739: 260 -> 242 | Army: 109 | Target-Terrain: 0 | Target: 242 | Half: False
2026-06-02 10:35:26 [self-0019-1-defense] My general index: 239
2026-06-02 10:35:26 [self-0019-1-defense] Enemy general index: None
2026-06-02 10:35:26 [self-0019-1-defense] Visible enemy tiles: 10
2026-06-02 10:35:26 [self-0019-1-defense] Tiles: 17 / 125
2026-06-02 10:35:26 [self-0019-1-defense] Map: 18 x 23 Turn: 758
2026-06-02 10:35:26 [self-0019-1-defense] Route planned: Target = 277 Mode = defense city-free reachable tiles = 327 Fallback-Tiles = 328
2026-06-02 10:35:26 [self-0019-1-defense] Move #740: 223 -> 241 | Army: 2 | Target-Terrain: 0 | Target: 277 | Half: False
2026-06-02 10:35:27 [self-0019-1-defense] My general index: 239
2026-06-02 10:35:27 [self-0019-1-defense] Enemy general index: None
2026-06-02 10:35:27 [self-0019-1-defense] Visible enemy tiles: 10
2026-06-02 10:35:27 [self-0019-1-defense] Tiles: 17 / 125
2026-06-02 10:35:27 [self-0019-1-defense] Map: 18 x 23 Turn: 759
2026-06-02 10:35:27 [self-0019-1-defense] Route planned: Target = 277 Mode = defense city-free reachable tiles = 327 Fallback-Tiles = 328
2026-06-02 10:35:27 [self-0019-1-defense] Priority agent: flow +6000 base = 146362 final = 152362
2026-06-02 10:35:27 [self-0019-1-defense] Move #741: 241 -> 259 | Army: 2 | Target-Terrain: 0 | Target: 277 | Half: False
2026-06-02 10:35:27 [self-0019-1-defense] My general index: 239
2026-06-02 10:35:27 [self-0019-1-defense] Enemy general index: None
2026-06-02 10:35:27 [self-0019-1-defense] Visible enemy tiles: 10
2026-06-02 10:35:27 [self-0019-1-defense] Tiles: 16 / 126
2026-06-02 10:35:27 [self-0019-1-defense] Map: 18 x 23 Turn: 760
2026-06-02 10:35:27 [self-0019-1-defense] Route planned: Target = 277 Mode = defense city-free reachable tiles = 327 Fallback-Tiles = 328
2026-06-02 10:35:27 [self-0019-1-defense] Priority agent: edge reuse -9000, flow +6000 base = 236852 final = 233852
2026-06-02 10:35:27 [self-0019-1-defense] Move #742: 259 -> 277 | Army: 2 | Target-Terrain: 0 | Target: 277 | Half: False
2026-06-02 10:35:28 [self-0019-1-defense] My general index: 239
2026-06-02 10:35:28 [self-0019-1-defense] Enemy general index: None
2026-06-02 10:35:28 [self-0019-1-defense] Visible enemy tiles: 10
2026-06-02 10:35:28 [self-0019-1-defense] Tiles: 16 / 126
2026-06-02 10:35:28 [self-0019-1-defense] Map: 18 x 23 Turn: 761
2026-06-02 10:35:28 [self-0019-1-defense] Route planned: Target = 277 Mode = defense city-free reachable tiles = 327 Fallback-Tiles = 328
2026-06-02 10:35:28 [self-0019-1-defense] Move #743: 186 -> 204 | Army: 2 | Target-Terrain: 0 | Target: 277 | Half: False
2026-06-02 10:35:28 [self-0019-1-defense] My general index: 239
2026-06-02 10:35:28 [self-0019-1-defense] Enemy general index: None
2026-06-02 10:35:28 [self-0019-1-defense] Visible enemy tiles: 10
2026-06-02 10:35:28 [self-0019-1-defense] Tiles: 16 / 126
2026-06-02 10:35:28 [self-0019-1-defense] Map: 18 x 23 Turn: 762
2026-06-02 10:35:28 [self-0019-1-defense] Route planned: Target = 277 Mode = defense city-free reachable tiles = 327 Fallback-Tiles = 328
2026-06-02 10:35:28 [self-0019-1-defense] Priority agent: edge reuse -9000, flow +6000 base = 174093 final = 171093
2026-06-02 10:35:28 [self-0019-1-defense] Move #744: 204 -> 205 | Army: 3 | Target-Terrain: 1 | Target: 277 | Half: False
2026-06-02 10:35:29 [self-0019-1-defense] My general index: 239
2026-06-02 10:35:29 [self-0019-1-defense] Enemy general index: None
2026-06-02 10:35:29 [self-0019-1-defense] Visible enemy tiles: 11
2026-06-02 10:35:29 [self-0019-1-defense] Tiles: 17 / 125
2026-06-02 10:35:29 [self-0019-1-defense] Map: 18 x 23 Turn: 763
2026-06-02 10:35:29 [self-0019-1-defense] Route planned: Target = 277 Mode = defense city-free reachable tiles = 327 Fallback-Tiles = 328
2026-06-02 10:35:29 [self-0019-1-defense] Move #745: 185 -> 203 | Army: 3 | Target-Terrain: 0 | Target: 277 | Half: False
2026-06-02 10:35:29 [self-0019-1-defense] My general index: 239
2026-06-02 10:35:29 [self-0019-1-defense] Enemy general index: None
2026-06-02 10:35:29 [self-0019-1-defense] Visible enemy tiles: 11
2026-06-02 10:35:29 [self-0019-1-defense] Tiles: 17 / 125
2026-06-02 10:35:29 [self-0019-1-defense] Map: 18 x 23 Turn: 764
2026-06-02 10:35:29 [self-0019-1-defense] Route planned: Target = 277 Mode = defense city-free reachable tiles = 327 Fallback-Tiles = 328
2026-06-02 10:35:29 [self-0019-1-defense] Priority agent: flow +6000 base = 146004 final = 152004
2026-06-02 10:35:29 [self-0019-1-defense] Move #746: 203 -> 204 | Army: 4 | Target-Terrain: 0 | Target: 277 | Half: False
2026-06-02 10:35:30 [self-0019-1-defense] My general index: 239
2026-06-02 10:35:30 [self-0019-1-defense] Enemy general index: None
2026-06-02 10:35:30 [self-0019-1-defense] Visible enemy tiles: 12
2026-06-02 10:35:30 [self-0019-1-defense] Tiles: 16 / 126
2026-06-02 10:35:30 [self-0019-1-defense] Map: 18 x 23 Turn: 765
2026-06-02 10:35:30 [self-0019-1-defense] Route planned: Target = 277 Mode = defense city-free reachable tiles = 327 Fallback-Tiles = 328
2026-06-02 10:35:30 [self-0019-1-defense] Move #747: 202 -> 203 | Army: 2 | Target-Terrain: 0 | Target: 277 | Half: False
2026-06-02 10:35:30 [self-0019-1-defense] My general index: 239
2026-06-02 10:35:30 [self-0019-1-defense] Enemy general index: None
2026-06-02 10:35:30 [self-0019-1-defense] Visible enemy tiles: 12
2026-06-02 10:35:30 [self-0019-1-defense] Tiles: 16 / 126
2026-06-02 10:35:30 [self-0019-1-defense] Map: 18 x 23 Turn: 766
2026-06-02 10:35:30 [self-0019-1-defense] Route planned: Target = 277 Mode = defense city-free reachable tiles = 327 Fallback-Tiles = 328
2026-06-02 10:35:30 [self-0019-1-defense] Move #748: 201 -> 202 | Army: 3 | Target-Terrain: 0 | Target: 277 | Half: False
2026-06-02 10:35:31 [self-0019-1-defense] My general index: 239
2026-06-02 10:35:31 [self-0019-1-defense] Enemy general index: None
2026-06-02 10:35:31 [self-0019-1-defense] Visible enemy tiles: 12
2026-06-02 10:35:31 [self-0019-1-defense] Tiles: 16 / 126
2026-06-02 10:35:31 [self-0019-1-defense] Map: 18 x 23 Turn: 767
2026-06-02 10:35:31 [self-0019-1-defense] Route planned: Target = 277 Mode = defense city-free reachable tiles = 327 Fallback-Tiles = 328
2026-06-02 10:35:31 [self-0019-1-defense] Move #749: 258 -> 259 | Army: 152 | Target-Terrain: 0 | Target: 277 | Half: False
2026-06-02 10:35:31 [self-0019-1-defense] My general index: 239
2026-06-02 10:35:31 [self-0019-1-defense] Enemy general index: None
2026-06-02 10:35:31 [self-0019-1-defense] Visible enemy tiles: 12
2026-06-02 10:35:31 [self-0019-1-defense] Tiles: 16 / 126
2026-06-02 10:35:31 [self-0019-1-defense] Map: 18 x 23 Turn: 768
2026-06-02 10:35:31 [self-0019-1-defense] Route planned: Target = 277 Mode = defense city-free reachable tiles = 327 Fallback-Tiles = 328
2026-06-02 10:35:31 [self-0019-1-defense] Priority agent: edge reuse -18000, flow +6000 base = 225930 final = 213930
2026-06-02 10:35:31 [self-0019-1-defense] Move #750: 259 -> 277 | Army: 152 | Target-Terrain: 0 | Target: 277 | Half: False
2026-06-02 10:35:32 [self-0019-1-defense] My general index: 239
2026-06-02 10:35:32 [self-0019-1-defense] Enemy general index: None
2026-06-02 10:35:32 [self-0019-1-defense] Visible enemy tiles: 12
2026-06-02 10:35:32 [self-0019-1-defense] Tiles: 16 / 126
2026-06-02 10:35:32 [self-0019-1-defense] Map: 18 x 23 Turn: 769
2026-06-02 10:35:32 [self-0019-1-defense] Route planned: Target = 260 Mode = defense city-free reachable tiles = 327 Fallback-Tiles = 328
2026-06-02 10:35:32 [self-0019-1-defense] Priority agent: edge reuse -9000 base = 249830 final = 240830
2026-06-02 10:35:32 [self-0019-1-defense] Move #751: 242 -> 260 | Army: 111 | Target-Terrain: 0 | Target: 260 | Half: False
2026-06-02 10:35:32 [self-0019-1-defense] My general index: 239
2026-06-02 10:35:32 [self-0019-1-defense] Enemy general index: None
2026-06-02 10:35:32 [self-0019-1-defense] Visible enemy tiles: 12
2026-06-02 10:35:32 [self-0019-1-defense] Tiles: 16 / 126
2026-06-02 10:35:32 [self-0019-1-defense] Map: 18 x 23 Turn: 770
2026-06-02 10:35:32 [self-0019-1-defense] Route planned: Target = 242 Mode = defense city-free reachable tiles = 327 Fallback-Tiles = 328
2026-06-02 10:35:32 [self-0019-1-defense] Priority agent: reverse -35000, edge reuse -18000 base = 216930 final = 163930
2026-06-02 10:35:32 [self-0019-1-defense] Move #752: 260 -> 242 | Army: 111 | Target-Terrain: 0 | Target: 242 | Half: False
2026-06-02 10:35:33 [self-0019-1-defense] My general index: 239
2026-06-02 10:35:33 [self-0019-1-defense] Enemy general index: None
2026-06-02 10:35:33 [self-0019-1-defense] Visible enemy tiles: 12
2026-06-02 10:35:33 [self-0019-1-defense] Tiles: 16 / 126
2026-06-02 10:35:33 [self-0019-1-defense] Map: 18 x 23 Turn: 771
2026-06-02 10:35:33 [self-0019-1-defense] Route planned: Target = 260 Mode = defense city-free reachable tiles = 327 Fallback-Tiles = 328
2026-06-02 10:35:33 [self-0019-1-defense] Priority agent: reverse -35000, edge reuse -27000 base = 217930 final = 155930
2026-06-02 10:35:33 [self-0019-1-defense] Move #753: 242 -> 260 | Army: 111 | Target-Terrain: 0 | Target: 260 | Half: False
2026-06-02 10:35:33 [self-0019-1-defense] My general index: 239
2026-06-02 10:35:33 [self-0019-1-defense] Enemy general index: None
2026-06-02 10:35:33 [self-0019-1-defense] Visible enemy tiles: 12
2026-06-02 10:35:33 [self-0019-1-defense] Tiles: 16 / 126
2026-06-02 10:35:33 [self-0019-1-defense] Map: 18 x 23 Turn: 772
2026-06-02 10:35:33 [self-0019-1-defense] Route planned: Target = 242 Mode = defense city-free reachable tiles = 327 Fallback-Tiles = 328
2026-06-02 10:35:33 [self-0019-1-defense] Priority agent: reverse -35000, edge reuse -27000 base = 216930 final = 154930
2026-06-02 10:35:33 [self-0019-1-defense] Move #754: 260 -> 242 | Army: 111 | Target-Terrain: 0 | Target: 242 | Half: False
2026-06-02 10:35:34 [self-0019-1-defense] My general index: 239
2026-06-02 10:35:34 [self-0019-1-defense] Enemy general index: None
2026-06-02 10:35:34 [self-0019-1-defense] Visible enemy tiles: 12
2026-06-02 10:35:34 [self-0019-1-defense] Tiles: 16 / 126
2026-06-02 10:35:34 [self-0019-1-defense] Map: 18 x 23 Turn: 773
2026-06-02 10:35:34 [self-0019-1-defense] Route planned: Target = 260 Mode = defense city-free reachable tiles = 327 Fallback-Tiles = 328
2026-06-02 10:35:34 [self-0019-1-defense] Move #755: 277 -> 278 | Army: 154 | Target-Terrain: 0 | Target: 260 | Half: False
2026-06-02 10:35:34 [self-0019-1-defense] My general index: 239
2026-06-02 10:35:34 [self-0019-1-defense] Enemy general index: None
2026-06-02 10:35:34 [self-0019-1-defense] Visible enemy tiles: 12
2026-06-02 10:35:34 [self-0019-1-defense] Tiles: 16 / 126
2026-06-02 10:35:34 [self-0019-1-defense] Map: 18 x 23 Turn: 774
2026-06-02 10:35:34 [self-0019-1-defense] Route planned: Target = 277 Mode = defense city-free reachable tiles = 327 Fallback-Tiles = 328
2026-06-02 10:35:34 [self-0019-1-defense] Priority agent: reverse -35000, edge reuse -9000 base = 220930 final = 176930
2026-06-02 10:35:34 [self-0019-1-defense] Move #756: 278 -> 277 | Army: 154 | Target-Terrain: 0 | Target: 277 | Half: False
2026-06-02 10:35:35 [self-0019-1-defense] My general index: 239
2026-06-02 10:35:35 [self-0019-1-defense] Enemy general index: None
2026-06-02 10:35:35 [self-0019-1-defense] Visible enemy tiles: 12
2026-06-02 10:35:35 [self-0019-1-defense] Tiles: 16 / 126
2026-06-02 10:35:35 [self-0019-1-defense] Map: 18 x 23 Turn: 775
2026-06-02 10:35:35 [self-0019-1-defense] Route planned: Target = 260 Mode = defense city-free reachable tiles = 327 Fallback-Tiles = 328
2026-06-02 10:35:35 [self-0019-1-defense] Priority agent: edge reuse -36000 base = 202830 final = 166830
2026-06-02 10:35:35 [self-0019-1-defense] Move #757: 242 -> 260 | Army: 111 | Target-Terrain: 0 | Target: 260 | Half: False
2026-06-02 10:35:35 [self-0019-1-defense] My general index: 239
2026-06-02 10:35:35 [self-0019-1-defense] Enemy general index: None
2026-06-02 10:35:35 [self-0019-1-defense] Visible enemy tiles: 12
2026-06-02 10:35:35 [self-0019-1-defense] Tiles: 16 / 126
2026-06-02 10:35:35 [self-0019-1-defense] Map: 18 x 23 Turn: 776
2026-06-02 10:35:35 [self-0019-1-defense] Route planned: Target = 242 Mode = defense city-free reachable tiles = 327 Fallback-Tiles = 328
2026-06-02 10:35:35 [self-0019-1-defense] Priority agent: edge reuse -9000 base = 143984 final = 134984
2026-06-02 10:35:35 [self-0019-1-defense] Move #758: 204 -> 205 | Army: 4 | Target-Terrain: 0 | Target: 242 | Half: False
2026-06-02 10:35:36 [self-0019-1-defense] My general index: 239
2026-06-02 10:35:36 [self-0019-1-defense] Enemy general index: None
2026-06-02 10:35:36 [self-0019-1-defense] Visible enemy tiles: 12
2026-06-02 10:35:36 [self-0019-1-defense] Tiles: 16 / 127
2026-06-02 10:35:36 [self-0019-1-defense] Map: 18 x 23 Turn: 777
2026-06-02 10:35:36 [self-0019-1-defense] Route planned: Target = 242 Mode = defense city-free reachable tiles = 327 Fallback-Tiles = 328
2026-06-02 10:35:36 [self-0019-1-defense] Priority agent: flow +6000 base = 176374 final = 182374
2026-06-02 10:35:36 [self-0019-1-defense] Move #759: 205 -> 223 | Army: 4 | Target-Terrain: 1 | Target: 242 | Half: False
2026-06-02 10:35:36 [self-0019-1-defense] My general index: 239
2026-06-02 10:35:36 [self-0019-1-defense] Enemy general index: None
2026-06-02 10:35:36 [self-0019-1-defense] Visible enemy tiles: 11
2026-06-02 10:35:36 [self-0019-1-defense] Tiles: 17 / 127
2026-06-02 10:35:36 [self-0019-1-defense] Map: 18 x 23 Turn: 778
2026-06-02 10:35:36 [self-0019-1-defense] Route planned: Target = 242 Mode = defense city-free reachable tiles = 327 Fallback-Tiles = 328
2026-06-02 10:35:36 [self-0019-1-defense] Priority agent: edge reuse -45000 base = 201830 final = 156830
2026-06-02 10:35:36 [self-0019-1-defense] Move #760: 260 -> 242 | Army: 111 | Target-Terrain: 0 | Target: 242 | Half: False
2026-06-02 10:35:37 [self-0019-1-defense] My general index: 239
2026-06-02 10:35:37 [self-0019-1-defense] Enemy general index: None
2026-06-02 10:35:37 [self-0019-1-defense] Visible enemy tiles: 11
2026-06-02 10:35:37 [self-0019-1-defense] Tiles: 17 / 128
2026-06-02 10:35:37 [self-0019-1-defense] Map: 18 x 23 Turn: 779
2026-06-02 10:35:37 [self-0019-1-defense] Route planned: Target = 260 Mode = defense city-free reachable tiles = 327 Fallback-Tiles = 328
2026-06-02 10:35:37 [self-0019-1-defense] Move #761: 223 -> 241 | Army: 2 | Target-Terrain: 0 | Target: 260 | Half: False
2026-06-02 10:35:37 [self-0019-1-defense] My general index: 239
2026-06-02 10:35:37 [self-0019-1-defense] Enemy general index: None
2026-06-02 10:35:37 [self-0019-1-defense] Visible enemy tiles: 11
2026-06-02 10:35:37 [self-0019-1-defense] Tiles: 17 / 128
2026-06-02 10:35:37 [self-0019-1-defense] Map: 18 x 23 Turn: 780
2026-06-02 10:35:37 [self-0019-1-defense] Route planned: Target = 260 Mode = defense city-free reachable tiles = 327 Fallback-Tiles = 328
2026-06-02 10:35:37 [self-0019-1-defense] Priority agent: flow +6000 base = 146362 final = 152362
2026-06-02 10:35:37 [self-0019-1-defense] Move #762: 241 -> 259 | Army: 2 | Target-Terrain: 0 | Target: 260 | Half: False
2026-06-02 10:35:38 [self-0019-1-defense] My general index: 239
2026-06-02 10:35:38 [self-0019-1-defense] Enemy general index: None
2026-06-02 10:35:38 [self-0019-1-defense] Visible enemy tiles: 11
2026-06-02 10:35:38 [self-0019-1-defense] Tiles: 17 / 128
2026-06-02 10:35:38 [self-0019-1-defense] Map: 18 x 23 Turn: 781
2026-06-02 10:35:38 [self-0019-1-defense] Route planned: Target = 260 Mode = defense city-free reachable tiles = 327 Fallback-Tiles = 328
2026-06-02 10:35:38 [self-0019-1-defense] Priority agent: flow +6000 base = 234652 final = 240652
2026-06-02 10:35:38 [self-0019-1-defense] Move #763: 259 -> 260 | Army: 2 | Target-Terrain: 0 | Target: 260 | Half: False
2026-06-02 10:35:38 [self-0019-1-defense] My general index: 239
2026-06-02 10:35:38 [self-0019-1-defense] Enemy general index: None
2026-06-02 10:35:38 [self-0019-1-defense] Visible enemy tiles: 11
2026-06-02 10:35:38 [self-0019-1-defense] Tiles: 17 / 128
2026-06-02 10:35:38 [self-0019-1-defense] Map: 18 x 23 Turn: 782
2026-06-02 10:35:38 [self-0019-1-defense] Route planned: Target = 260 Mode = defense city-free reachable tiles = 327 Fallback-Tiles = 328
2026-06-02 10:35:38 [self-0019-1-defense] Priority agent: edge reuse -54000 base = 202830 final = 148830
2026-06-02 10:35:38 [self-0019-1-defense] Move #764: 242 -> 260 | Army: 111 | Target-Terrain: 0 | Target: 260 | Half: False
2026-06-02 10:35:39 [self-0019-1-defense] My general index: 239
2026-06-02 10:35:39 [self-0019-1-defense] Enemy general index: None
2026-06-02 10:35:39 [self-0019-1-defense] Visible enemy tiles: 11
2026-06-02 10:35:39 [self-0019-1-defense] Tiles: 17 / 128
2026-06-02 10:35:39 [self-0019-1-defense] Map: 18 x 23 Turn: 783
2026-06-02 10:35:39 [self-0019-1-defense] Route planned: Target = 242 Mode = defense city-free reachable tiles = 327 Fallback-Tiles = 328
2026-06-02 10:35:39 [self-0019-1-defense] Move #765: 202 -> 203 | Army: 3 | Target-Terrain: 0 | Target: 242 | Half: False
2026-06-02 10:35:39 [self-0019-1-defense] My general index: 239
2026-06-02 10:35:39 [self-0019-1-defense] Enemy general index: None
2026-06-02 10:35:39 [self-0019-1-defense] Visible enemy tiles: 11
2026-06-02 10:35:39 [self-0019-1-defense] Tiles: 17 / 128
2026-06-02 10:35:39 [self-0019-1-defense] Map: 18 x 23 Turn: 784
2026-06-02 10:35:39 [self-0019-1-defense] Route planned: Target = 242 Mode = defense city-free reachable tiles = 327 Fallback-Tiles = 328
2026-06-02 10:35:39 [self-0019-1-defense] Priority agent: flow +6000 base = 146094 final = 152094
2026-06-02 10:35:39 [self-0019-1-defense] Move #766: 203 -> 204 | Army: 4 | Target-Terrain: 0 | Target: 242 | Half: False
2026-06-02 10:35:40 [self-0019-1-defense] My general index: 239
2026-06-02 10:35:40 [self-0019-1-defense] Enemy general index: None
2026-06-02 10:35:40 [self-0019-1-defense] Visible enemy tiles: 11
2026-06-02 10:35:40 [self-0019-1-defense] Tiles: 17 / 128
2026-06-02 10:35:40 [self-0019-1-defense] Map: 18 x 23 Turn: 785
2026-06-02 10:35:40 [self-0019-1-defense] Route planned: Target = 242 Mode = defense city-free reachable tiles = 327 Fallback-Tiles = 328
2026-06-02 10:35:40 [self-0019-1-defense] Priority agent: edge reuse -45000 base = 201830 final = 156830
2026-06-02 10:35:40 [self-0019-1-defense] Move #767: 260 -> 242 | Army: 112 | Target-Terrain: 0 | Target: 242 | Half: False
2026-06-02 10:35:40 [self-0019-1-defense] My general index: 239
2026-06-02 10:35:40 [self-0019-1-defense] Enemy general index: None
2026-06-02 10:35:40 [self-0019-1-defense] Visible enemy tiles: 11
2026-06-02 10:35:40 [self-0019-1-defense] Tiles: 17 / 128
2026-06-02 10:35:40 [self-0019-1-defense] Map: 18 x 23 Turn: 786
2026-06-02 10:35:40 [self-0019-1-defense] Route planned: Target = 260 Mode = defense city-free reachable tiles = 327 Fallback-Tiles = 328
2026-06-02 10:35:40 [self-0019-1-defense] Move #768: 277 -> 259 | Army: 154 | Target-Terrain: 0 | Target: 260 | Half: False
2026-06-02 10:35:41 [self-0019-1-defense] My general index: 239
2026-06-02 10:35:41 [self-0019-1-defense] Enemy general index: None
2026-06-02 10:35:41 [self-0019-1-defense] Visible enemy tiles: 11
2026-06-02 10:35:41 [self-0019-1-defense] Tiles: 17 / 128
2026-06-02 10:35:41 [self-0019-1-defense] Map: 18 x 23 Turn: 787
2026-06-02 10:35:41 [self-0019-1-defense] Route planned: Target = 277 Mode = defense city-free reachable tiles = 327 Fallback-Tiles = 328
2026-06-02 10:35:41 [self-0019-1-defense] Priority agent: reverse -35000, edge reuse -9000 base = 232930 final = 188930
2026-06-02 10:35:41 [self-0019-1-defense] Move #769: 259 -> 277 | Army: 154 | Target-Terrain: 0 | Target: 277 | Half: False
2026-06-02 10:35:41 [self-0019-1-defense] My general index: 239
2026-06-02 10:35:41 [self-0019-1-defense] Enemy general index: None
2026-06-02 10:35:41 [self-0019-1-defense] Visible enemy tiles: 11
2026-06-02 10:35:41 [self-0019-1-defense] Tiles: 17 / 128
2026-06-02 10:35:41 [self-0019-1-defense] Map: 18 x 23 Turn: 788
2026-06-02 10:35:41 [self-0019-1-defense] Route planned: Target = 260 Mode = defense city-free reachable tiles = 327 Fallback-Tiles = 328
2026-06-02 10:35:41 [self-0019-1-defense] Priority agent: edge reuse -36000 base = 202830 final = 166830
2026-06-02 10:35:41 [self-0019-1-defense] Move #770: 242 -> 260 | Army: 112 | Target-Terrain: 0 | Target: 260 | Half: False
2026-06-02 10:35:42 [self-0019-1-defense] My general index: 239
2026-06-02 10:35:42 [self-0019-1-defense] Enemy general index: None
2026-06-02 10:35:42 [self-0019-1-defense] Visible enemy tiles: 11
2026-06-02 10:35:42 [self-0019-1-defense] Tiles: 17 / 128
2026-06-02 10:35:42 [self-0019-1-defense] Map: 18 x 23 Turn: 789
2026-06-02 10:35:42 [self-0019-1-defense] Route planned: Target = 242 Mode = defense city-free reachable tiles = 327 Fallback-Tiles = 328
2026-06-02 10:35:42 [self-0019-1-defense] Move #771: 277 -> 278 | Army: 154 | Target-Terrain: 0 | Target: 242 | Half: False
2026-06-02 10:35:42 [self-0019-1-defense] My general index: 239
2026-06-02 10:35:42 [self-0019-1-defense] Enemy general index: None
2026-06-02 10:35:42 [self-0019-1-defense] Visible enemy tiles: 11
2026-06-02 10:35:42 [self-0019-1-defense] Tiles: 17 / 128
2026-06-02 10:35:42 [self-0019-1-defense] Map: 18 x 23 Turn: 790
2026-06-02 10:35:42 [self-0019-1-defense] Route planned: Target = 242 Mode = defense city-free reachable tiles = 327 Fallback-Tiles = 328
2026-06-02 10:35:42 [self-0019-1-defense] Priority agent: edge reuse -36000 base = 201830 final = 165830
2026-06-02 10:35:42 [self-0019-1-defense] Move #772: 260 -> 242 | Army: 112 | Target-Terrain: 0 | Target: 242 | Half: False
2026-06-02 10:35:43 [self-0019-1-defense] My general index: 239
2026-06-02 10:35:43 [self-0019-1-defense] Enemy general index: None
2026-06-02 10:35:43 [self-0019-1-defense] Visible enemy tiles: 11
2026-06-02 10:35:43 [self-0019-1-defense] Tiles: 17 / 128
2026-06-02 10:35:43 [self-0019-1-defense] Map: 18 x 23 Turn: 791
2026-06-02 10:35:43 [self-0019-1-defense] Route planned: Target = 277 Mode = defense city-free reachable tiles = 327 Fallback-Tiles = 328
2026-06-02 10:35:43 [self-0019-1-defense] Priority agent: edge reuse -9000 base = 229830 final = 220830
2026-06-02 10:35:43 [self-0019-1-defense] Move #773: 278 -> 277 | Army: 154 | Target-Terrain: 0 | Target: 277 | Half: False
2026-06-02 10:35:43 [self-0019-1-defense] My general index: 239
2026-06-02 10:35:43 [self-0019-1-defense] Enemy general index: None
2026-06-02 10:35:43 [self-0019-1-defense] Visible enemy tiles: 11
2026-06-02 10:35:43 [self-0019-1-defense] Tiles: 17 / 128
2026-06-02 10:35:43 [self-0019-1-defense] Map: 18 x 23 Turn: 792
2026-06-02 10:35:43 [self-0019-1-defense] Route planned: Target = 260 Mode = defense city-free reachable tiles = 327 Fallback-Tiles = 328
2026-06-02 10:35:43 [self-0019-1-defense] Priority agent: edge reuse -45000 base = 202830 final = 157830
2026-06-02 10:35:43 [self-0019-1-defense] Move #774: 242 -> 260 | Army: 112 | Target-Terrain: 0 | Target: 260 | Half: False
2026-06-02 10:35:44 [self-0019-1-defense] My general index: 239
2026-06-02 10:35:44 [self-0019-1-defense] Enemy general index: None
2026-06-02 10:35:44 [self-0019-1-defense] Visible enemy tiles: 11
2026-06-02 10:35:44 [self-0019-1-defense] Tiles: 17 / 128
2026-06-02 10:35:44 [self-0019-1-defense] Map: 18 x 23 Turn: 793
2026-06-02 10:35:44 [self-0019-1-defense] Route planned: Target = 242 Mode = defense city-free reachable tiles = 327 Fallback-Tiles = 328
2026-06-02 10:35:44 [self-0019-1-defense] Move #775: 204 -> 205 | Army: 4 | Target-Terrain: 0 | Target: 242 | Half: False
2026-06-02 10:35:44 [self-0019-1-defense] My general index: 239
2026-06-02 10:35:44 [self-0019-1-defense] Enemy general index: None
2026-06-02 10:35:44 [self-0019-1-defense] Visible enemy tiles: 11
2026-06-02 10:35:44 [self-0019-1-defense] Tiles: 17 / 128
2026-06-02 10:35:44 [self-0019-1-defense] Map: 18 x 23 Turn: 794
2026-06-02 10:35:44 [self-0019-1-defense] Route planned: Target = 242 Mode = defense city-free reachable tiles = 327 Fallback-Tiles = 328
2026-06-02 10:35:44 [self-0019-1-defense] Priority agent: flow +6000 base = 174774 final = 180774
2026-06-02 10:35:44 [self-0019-1-defense] Move #776: 205 -> 206 | Army: 4 | Target-Terrain: 1 | Target: 242 | Half: False
2026-06-02 10:35:45 [self-0019-1-defense] My general index: 239
2026-06-02 10:35:45 [self-0019-1-defense] Enemy general index: None
2026-06-02 10:35:45 [self-0019-1-defense] Visible enemy tiles: 12
2026-06-02 10:35:45 [self-0019-1-defense] Tiles: 18 / 127
2026-06-02 10:35:45 [self-0019-1-defense] Map: 18 x 23 Turn: 795
2026-06-02 10:35:45 [self-0019-1-defense] Route planned: Target = 242 Mode = defense city-free reachable tiles = 327 Fallback-Tiles = 328
2026-06-02 10:35:45 [self-0019-1-defense] Priority agent: edge reuse -45000 base = 201830 final = 156830
2026-06-02 10:35:45 [self-0019-1-defense] Move #777: 260 -> 242 | Army: 112 | Target-Terrain: 0 | Target: 242 | Half: False
2026-06-02 10:35:45 [self-0019-1-defense] My general index: 239
2026-06-02 10:35:45 [self-0019-1-defense] Enemy general index: None
2026-06-02 10:35:45 [self-0019-1-defense] Visible enemy tiles: 12
2026-06-02 10:35:45 [self-0019-1-defense] Tiles: 18 / 127
2026-06-02 10:35:45 [self-0019-1-defense] Map: 18 x 23 Turn: 796
2026-06-02 10:35:45 [self-0019-1-defense] Route planned: Target = 260 Mode = defense city-free reachable tiles = 327 Fallback-Tiles = 328
2026-06-02 10:35:45 [self-0019-1-defense] Priority agent: reverse -35000, edge reuse -54000 base = 205930 final = 116930
2026-06-02 10:35:45 [self-0019-1-defense] Move #778: 242 -> 260 | Army: 112 | Target-Terrain: 0 | Target: 260 | Half: False
2026-06-02 10:35:46 [self-0019-1-defense] Coach: stabilize tiles 18/127 army 429/1650 cities 0/0 enemy_city_suspect False bias {'expansion_bias': 0.1, 'city_bias': 0.2, 'attack_bias': -0.5, 'defense_bias': 2.0, 'route_bias': 0.1}
2026-06-02 10:35:46 [self-0019-1-defense] My general index: 239
2026-06-02 10:35:46 [self-0019-1-defense] Enemy general index: None
2026-06-02 10:35:46 [self-0019-1-defense] Visible enemy tiles: 12
2026-06-02 10:35:46 [self-0019-1-defense] Tiles: 18 / 127
2026-06-02 10:35:46 [self-0019-1-defense] Map: 18 x 23 Turn: 797
2026-06-02 10:35:46 [self-0019-1-defense] Route planned: Target = 242 Mode = defense city-free reachable tiles = 327 Fallback-Tiles = 328
2026-06-02 10:35:46 [self-0019-1-defense] Priority agent: reverse -35000, edge reuse -54000 base = 204930 final = 115930
2026-06-02 10:35:46 [self-0019-1-defense] Move #779: 260 -> 242 | Army: 112 | Target-Terrain: 0 | Target: 242 | Half: False
2026-06-02 10:35:46 [self-0019-1-defense] My general index: 239
2026-06-02 10:35:46 [self-0019-1-defense] Enemy general index: None
2026-06-02 10:35:46 [self-0019-1-defense] Visible enemy tiles: 12
2026-06-02 10:35:46 [self-0019-1-defense] Tiles: 18 / 127
2026-06-02 10:35:46 [self-0019-1-defense] Map: 18 x 23 Turn: 798
2026-06-02 10:35:46 [self-0019-1-defense] Route planned: Target = 260 Mode = defense city-free reachable tiles = 327 Fallback-Tiles = 328
2026-06-02 10:35:46 [self-0019-1-defense] Priority agent: edge reuse -18000 base = 130140 final = 112140
2026-06-02 10:35:46 [self-0019-1-defense] Move #780: 277 -> 259 | Army: 154 | Target-Terrain: 0 | Target: 260 | Half: False
2026-06-02 10:35:47 [self-0019-1-defense] My general index: 239
2026-06-02 10:35:47 [self-0019-1-defense] Enemy general index: None
2026-06-02 10:35:47 [self-0019-1-defense] Visible enemy tiles: 12
2026-06-02 10:35:47 [self-0019-1-defense] Tiles: 18 / 127
2026-06-02 10:35:47 [self-0019-1-defense] Map: 18 x 23 Turn: 799
2026-06-02 10:35:47 [self-0019-1-defense] Route planned: Target = 260 Mode = defense city-free reachable tiles = 327 Fallback-Tiles = 328
2026-06-02 10:35:47 [self-0019-1-defense] Priority agent: flow +6000 base = 238730 final = 244730
2026-06-02 10:35:47 [self-0019-1-defense] Move #781: 259 -> 260 | Army: 154 | Target-Terrain: 0 | Target: 260 | Half: False
2026-06-02 10:35:47 [self-0019-1-defense] My general index: 239
2026-06-02 10:35:47 [self-0019-1-defense] Enemy general index: None
2026-06-02 10:35:47 [self-0019-1-defense] Visible enemy tiles: 12
2026-06-02 10:35:47 [self-0019-1-defense] Tiles: 18 / 127
2026-06-02 10:35:47 [self-0019-1-defense] Map: 18 x 23 Turn: 800
2026-06-02 10:35:47 [self-0019-1-defense] Route planned: Target = 278 Mode = defense city-free reachable tiles = 327 Fallback-Tiles = 328
2026-06-02 10:35:47 [self-0019-1-defense] Priority agent: flow +6000 base = 255330 final = 261330
2026-06-02 10:35:47 [self-0019-1-defense] Move #782: 260 -> 278 | Army: 155 | Target-Terrain: 0 | Target: 278 | Half: False
2026-06-02 10:35:48 [self-0019-1-defense] My general index: 239
2026-06-02 10:35:48 [self-0019-1-defense] Enemy general index: None
2026-06-02 10:35:48 [self-0019-1-defense] Visible enemy tiles: 12
2026-06-02 10:35:48 [self-0019-1-defense] Tiles: 18 / 127
2026-06-02 10:35:48 [self-0019-1-defense] Map: 18 x 23 Turn: 801
2026-06-02 10:35:48 [self-0019-1-defense] Route planned: Target = 260 Mode = defense city-free reachable tiles = 327 Fallback-Tiles = 328
2026-06-02 10:35:48 [self-0019-1-defense] Priority agent: edge reuse -9000, flow +3000 base = 234652 final = 228652
2026-06-02 10:35:48 [self-0019-1-defense] Move #783: 259 -> 260 | Army: 2 | Target-Terrain: 0 | Target: 260 | Half: False
2026-06-02 10:35:48 [self-0019-1-defense] My general index: 239
2026-06-02 10:35:48 [self-0019-1-defense] Enemy general index: None
2026-06-02 10:35:48 [self-0019-1-defense] Visible enemy tiles: 12
2026-06-02 10:35:48 [self-0019-1-defense] Tiles: 18 / 127
2026-06-02 10:35:48 [self-0019-1-defense] Map: 18 x 23 Turn: 802
2026-06-02 10:35:48 [self-0019-1-defense] Route planned: Target = 260 Mode = defense city-free reachable tiles = 327 Fallback-Tiles = 328
2026-06-02 10:35:48 [self-0019-1-defense] Priority agent: edge reuse -9000 base = 215630 final = 206630
2026-06-02 10:35:48 [self-0019-1-defense] Move #784: 278 -> 260 | Army: 156 | Target-Terrain: 0 | Target: 260 | Half: False
2026-06-02 10:35:49 [self-0019-1-defense] My general index: 239
2026-06-02 10:35:49 [self-0019-1-defense] Enemy general index: None
2026-06-02 10:35:49 [self-0019-1-defense] Visible enemy tiles: 12
2026-06-02 10:35:49 [self-0019-1-defense] Tiles: 18 / 127
2026-06-02 10:35:49 [self-0019-1-defense] Map: 18 x 23 Turn: 803
2026-06-02 10:35:49 [self-0019-1-defense] Route planned: Target = 278 Mode = defense city-free reachable tiles = 327 Fallback-Tiles = 328
2026-06-02 10:35:49 [self-0019-1-defense] Priority agent: edge reuse -18000 base = 222052 final = 204052
2026-06-02 10:35:49 [self-0019-1-defense] Move #785: 277 -> 278 | Army: 2 | Target-Terrain: 0 | Target: 278 | Half: False
2026-06-02 10:35:49 [self-0019-1-defense] My general index: 239
2026-06-02 10:35:49 [self-0019-1-defense] Enemy general index: None
2026-06-02 10:35:49 [self-0019-1-defense] Visible enemy tiles: 12
2026-06-02 10:35:49 [self-0019-1-defense] Tiles: 18 / 127
2026-06-02 10:35:49 [self-0019-1-defense] Map: 18 x 23 Turn: 804
2026-06-02 10:35:49 [self-0019-1-defense] Route planned: Target = 278 Mode = defense city-free reachable tiles = 327 Fallback-Tiles = 328
2026-06-02 10:35:49 [self-0019-1-defense] Priority agent: edge reuse -18000 base = 205230 final = 187230
2026-06-02 10:35:49 [self-0019-1-defense] Move #786: 260 -> 278 | Army: 157 | Target-Terrain: 0 | Target: 278 | Half: False
2026-06-02 10:35:50 [self-0019-1-defense] My general index: 239
2026-06-02 10:35:50 [self-0019-1-defense] Enemy general index: None
2026-06-02 10:35:50 [self-0019-1-defense] Visible enemy tiles: 12
2026-06-02 10:35:50 [self-0019-1-defense] Tiles: 18 / 127
2026-06-02 10:35:50 [self-0019-1-defense] Map: 18 x 23 Turn: 805
2026-06-02 10:35:50 [self-0019-1-defense] Route planned: Target = 260 Mode = defense city-free reachable tiles = 327 Fallback-Tiles = 328
2026-06-02 10:35:50 [self-0019-1-defense] Priority agent: edge reuse -36000 base = 202830 final = 166830
2026-06-02 10:35:50 [self-0019-1-defense] Move #787: 242 -> 260 | Army: 113 | Target-Terrain: 0 | Target: 260 | Half: False
2026-06-02 10:35:50 [self-0019-1-defense] My general index: 239
2026-06-02 10:35:50 [self-0019-1-defense] Enemy general index: None
2026-06-02 10:35:50 [self-0019-1-defense] Visible enemy tiles: 12
2026-06-02 10:35:50 [self-0019-1-defense] Tiles: 18 / 127
2026-06-02 10:35:50 [self-0019-1-defense] Map: 18 x 23 Turn: 806
2026-06-02 10:35:50 [self-0019-1-defense] Route planned: Target = 242 Mode = defense city-free reachable tiles = 327 Fallback-Tiles = 328
2026-06-02 10:35:50 [self-0019-1-defense] Move #788: 241 -> 242 | Army: 2 | Target-Terrain: 0 | Target: 242 | Half: False
2026-06-02 10:35:51 [self-0019-1-defense] My general index: 239
2026-06-02 10:35:51 [self-0019-1-defense] Enemy general index: None
2026-06-02 10:35:51 [self-0019-1-defense] Visible enemy tiles: 12
2026-06-02 10:35:51 [self-0019-1-defense] Tiles: 18 / 127
2026-06-02 10:35:51 [self-0019-1-defense] Map: 18 x 23 Turn: 807
2026-06-02 10:35:51 [self-0019-1-defense] Route planned: Target = 242 Mode = defense city-free reachable tiles = 327 Fallback-Tiles = 328
2026-06-02 10:35:51 [self-0019-1-defense] Priority agent: edge reuse -36000 base = 201830 final = 165830
2026-06-02 10:35:51 [self-0019-1-defense] Move #789: 260 -> 242 | Army: 113 | Target-Terrain: 0 | Target: 242 | Half: False
2026-06-02 10:35:51 [self-0019-1-defense] My general index: 239
2026-06-02 10:35:51 [self-0019-1-defense] Enemy general index: None
2026-06-02 10:35:51 [self-0019-1-defense] Visible enemy tiles: 12
2026-06-02 10:35:51 [self-0019-1-defense] Tiles: 18 / 127
2026-06-02 10:35:51 [self-0019-1-defense] Map: 18 x 23 Turn: 808
2026-06-02 10:35:51 [self-0019-1-defense] Route planned: Target = 260 Mode = defense city-free reachable tiles = 327 Fallback-Tiles = 328
2026-06-02 10:35:51 [self-0019-1-defense] Priority agent: edge reuse -27000 base = 200630 final = 173630
2026-06-02 10:35:51 [self-0019-1-defense] Move #790: 278 -> 260 | Army: 156 | Target-Terrain: 0 | Target: 260 | Half: False
2026-06-02 10:35:52 [self-0019-1-defense] My general index: 239
2026-06-02 10:35:52 [self-0019-1-defense] Enemy general index: None
2026-06-02 10:35:52 [self-0019-1-defense] Visible enemy tiles: 12
2026-06-02 10:35:52 [self-0019-1-defense] Tiles: 18 / 127
2026-06-02 10:35:52 [self-0019-1-defense] Map: 18 x 23 Turn: 809
2026-06-02 10:35:52 [self-0019-1-defense] Route planned: Target = 278 Mode = defense city-free reachable tiles = 327 Fallback-Tiles = 328
2026-06-02 10:35:52 [self-0019-1-defense] Move #791: 223 -> 241 | Army: 2 | Target-Terrain: 0 | Target: 278 | Half: False
2026-06-02 10:35:52 [self-0019-1-defense] My general index: 239
2026-06-02 10:35:52 [self-0019-1-defense] Enemy general index: None
2026-06-02 10:35:52 [self-0019-1-defense] Visible enemy tiles: 12
2026-06-02 10:35:52 [self-0019-1-defense] Tiles: 18 / 127
2026-06-02 10:35:52 [self-0019-1-defense] Map: 18 x 23 Turn: 810
2026-06-02 10:35:52 [self-0019-1-defense] Route planned: Target = 278 Mode = defense city-free reachable tiles = 327 Fallback-Tiles = 328
2026-06-02 10:35:52 [self-0019-1-defense] Priority agent: edge reuse -36000 base = 205230 final = 169230
2026-06-02 10:35:52 [self-0019-1-defense] Move #792: 260 -> 278 | Army: 156 | Target-Terrain: 0 | Target: 278 | Half: False
2026-06-02 10:35:53 [self-0019-1-defense] My general index: 239
2026-06-02 10:35:53 [self-0019-1-defense] Enemy general index: None
2026-06-02 10:35:53 [self-0019-1-defense] Visible enemy tiles: 12
2026-06-02 10:35:53 [self-0019-1-defense] Tiles: 18 / 127
2026-06-02 10:35:53 [self-0019-1-defense] Map: 18 x 23 Turn: 811
2026-06-02 10:35:53 [self-0019-1-defense] Route planned: Target = 260 Mode = defense city-free reachable tiles = 327 Fallback-Tiles = 328
2026-06-02 10:35:53 [self-0019-1-defense] Priority agent: edge reuse -27000 base = 202830 final = 175830
2026-06-02 10:35:53 [self-0019-1-defense] Move #793: 242 -> 260 | Army: 114 | Target-Terrain: 0 | Target: 260 | Half: False
2026-06-02 10:35:53 [self-0019-1-defense] My general index: 239
2026-06-02 10:35:53 [self-0019-1-defense] Enemy general index: None
2026-06-02 10:35:53 [self-0019-1-defense] Visible enemy tiles: 12
2026-06-02 10:35:53 [self-0019-1-defense] Tiles: 18 / 127
2026-06-02 10:35:53 [self-0019-1-defense] Map: 18 x 23 Turn: 812
2026-06-02 10:35:53 [self-0019-1-defense] Route planned: Target = 242 Mode = defense city-free reachable tiles = 327 Fallback-Tiles = 328
2026-06-02 10:35:53 [self-0019-1-defense] Priority agent: edge reuse -9000 base = 235852 final = 226852
2026-06-02 10:35:53 [self-0019-1-defense] Move #794: 241 -> 242 | Army: 2 | Target-Terrain: 0 | Target: 242 | Half: False
2026-06-02 10:35:54 [self-0019-1-defense] My general index: 239
2026-06-02 10:35:54 [self-0019-1-defense] Enemy general index: None
2026-06-02 10:35:54 [self-0019-1-defense] Visible enemy tiles: 12
2026-06-02 10:35:54 [self-0019-1-defense] Tiles: 18 / 127
2026-06-02 10:35:54 [self-0019-1-defense] Map: 18 x 23 Turn: 813
2026-06-02 10:35:54 [self-0019-1-defense] Route planned: Target = 242 Mode = defense city-free reachable tiles = 327 Fallback-Tiles = 328
2026-06-02 10:35:54 [self-0019-1-defense] Priority agent: edge reuse -27000 base = 201830 final = 174830
2026-06-02 10:35:54 [self-0019-1-defense] Move #795: 260 -> 242 | Army: 114 | Target-Terrain: 0 | Target: 242 | Half: False
2026-06-02 10:35:54 [self-0019-1-defense] My general index: 239
2026-06-02 10:35:54 [self-0019-1-defense] Enemy general index: None
2026-06-02 10:35:54 [self-0019-1-defense] Visible enemy tiles: 12
2026-06-02 10:35:54 [self-0019-1-defense] Tiles: 18 / 127
2026-06-02 10:35:54 [self-0019-1-defense] Map: 18 x 23 Turn: 814
2026-06-02 10:35:54 [self-0019-1-defense] Route planned: Target = 260 Mode = defense city-free reachable tiles = 327 Fallback-Tiles = 328
2026-06-02 10:35:54 [self-0019-1-defense] Priority agent: edge reuse -45000 base = 200630 final = 155630
2026-06-02 10:35:54 [self-0019-1-defense] Move #796: 278 -> 260 | Army: 156 | Target-Terrain: 0 | Target: 260 | Half: False
2026-06-02 10:35:55 [self-0019-1-defense] My general index: 239
2026-06-02 10:35:55 [self-0019-1-defense] Enemy general index: None
2026-06-02 10:35:55 [self-0019-1-defense] Visible enemy tiles: 12
2026-06-02 10:35:55 [self-0019-1-defense] Tiles: 18 / 127
2026-06-02 10:35:55 [self-0019-1-defense] Map: 18 x 23 Turn: 815
2026-06-02 10:35:55 [self-0019-1-defense] Route planned: Target = 278 Mode = defense city-free reachable tiles = 327 Fallback-Tiles = 328
2026-06-02 10:35:55 [self-0019-1-defense] Move #797: 205 -> 223 | Army: 2 | Target-Terrain: 0 | Target: 278 | Half: False
2026-06-02 10:35:55 [self-0019-1-defense] My general index: 239
2026-06-02 10:35:55 [self-0019-1-defense] Enemy general index: None
2026-06-02 10:35:55 [self-0019-1-defense] Visible enemy tiles: 12
2026-06-02 10:35:55 [self-0019-1-defense] Tiles: 17 / 128
2026-06-02 10:35:55 [self-0019-1-defense] Map: 18 x 23 Turn: 816
2026-06-02 10:35:55 [self-0019-1-defense] Route planned: Target = 277 Mode = defense city-free reachable tiles = 327 Fallback-Tiles = 328
2026-06-02 10:35:55 [self-0019-1-defense] Move #798: 260 -> 259 | Army: 156 | Target-Terrain: 0 | Target: 277 | Half: False
2026-06-02 10:35:56 [self-0019-1-defense] My general index: 239
2026-06-02 10:35:56 [self-0019-1-defense] Enemy general index: None
2026-06-02 10:35:56 [self-0019-1-defense] Visible enemy tiles: 13
2026-06-02 10:35:56 [self-0019-1-defense] Tiles: 16 / 129
2026-06-02 10:35:56 [self-0019-1-defense] Map: 18 x 23 Turn: 817
2026-06-02 10:35:56 [self-0019-1-defense] Route planned: Target = 277 Mode = defense city-free reachable tiles = 327 Fallback-Tiles = 328
2026-06-02 10:35:56 [self-0019-1-defense] Priority agent: flow +6000 base = 282530 final = 288530
2026-06-02 10:35:56 [self-0019-1-defense] Move #799: 259 -> 277 | Army: 156 | Target-Terrain: 1 | Target: 277 | Half: False
2026-06-02 10:35:56 [self-0019-1-defense] My general index: 239
2026-06-02 10:35:56 [self-0019-1-defense] Enemy general index: None
2026-06-02 10:35:56 [self-0019-1-defense] Visible enemy tiles: 12
2026-06-02 10:35:56 [self-0019-1-defense] Tiles: 17 / 128
2026-06-02 10:35:56 [self-0019-1-defense] Map: 18 x 23 Turn: 818
2026-06-02 10:35:56 [self-0019-1-defense] Route planned: Target = 261 Mode = defense city-free reachable tiles = 327 Fallback-Tiles = 328
2026-06-02 10:35:56 [self-0019-1-defense] Priority agent: flow +6000 base = 164050 final = 170050
2026-06-02 10:35:56 [self-0019-1-defense] Move #800: 277 -> 278 | Army: 147 | Target-Terrain: 1 | Target: 261 | Half: False
2026-06-02 10:35:57 [self-0019-1-defense] My general index: 239
2026-06-02 10:35:57 [self-0019-1-defense] Enemy general index: None
2026-06-02 10:35:57 [self-0019-1-defense] Visible enemy tiles: 12
2026-06-02 10:35:57 [self-0019-1-defense] Tiles: 18 / 127
2026-06-02 10:35:57 [self-0019-1-defense] Map: 18 x 23 Turn: 819
2026-06-02 10:35:57 [self-0019-1-defense] Route planned: Target = 277 Mode = defense city-free reachable tiles = 327 Fallback-Tiles = 328
2026-06-02 10:35:57 [self-0019-1-defense] Priority agent: reverse -35000, edge reuse -9000 base = 234130 final = 190130
2026-06-02 10:35:57 [self-0019-1-defense] Move #801: 278 -> 277 | Army: 145 | Target-Terrain: 0 | Target: 277 | Half: False
2026-06-02 10:35:57 [self-0019-1-defense] My general index: 239
2026-06-02 10:35:57 [self-0019-1-defense] Enemy general index: None
2026-06-02 10:35:57 [self-0019-1-defense] Visible enemy tiles: 12
2026-06-02 10:35:57 [self-0019-1-defense] Tiles: 18 / 127
2026-06-02 10:35:57 [self-0019-1-defense] Map: 18 x 23 Turn: 820
2026-06-02 10:35:57 [self-0019-1-defense] Route planned: Target = 261 Mode = defense city-free reachable tiles = 327 Fallback-Tiles = 328
2026-06-02 10:35:57 [self-0019-1-defense] Move #802: 186 -> 204 | Army: 2 | Target-Terrain: 0 | Target: 261 | Half: False
2026-06-02 10:35:58 [self-0019-1-defense] My general index: 239
2026-06-02 10:35:58 [self-0019-1-defense] Enemy general index: None
2026-06-02 10:35:58 [self-0019-1-defense] Visible enemy tiles: 12
2026-06-02 10:35:58 [self-0019-1-defense] Tiles: 18 / 127
2026-06-02 10:35:58 [self-0019-1-defense] Map: 18 x 23 Turn: 821
2026-06-02 10:35:58 [self-0019-1-defense] Route planned: Target = 261 Mode = defense city-free reachable tiles = 327 Fallback-Tiles = 328
2026-06-02 10:35:58 [self-0019-1-defense] Priority agent: flow +6000 base = 146003 final = 152003
2026-06-02 10:35:58 [self-0019-1-defense] Move #803: 204 -> 205 | Army: 3 | Target-Terrain: 0 | Target: 261 | Half: False
2026-06-02 10:35:58 [self-0019-1-defense] My general index: 239
2026-06-02 10:35:58 [self-0019-1-defense] Enemy general index: None
2026-06-02 10:35:58 [self-0019-1-defense] Visible enemy tiles: 12
2026-06-02 10:35:58 [self-0019-1-defense] Tiles: 18 / 127
2026-06-02 10:35:58 [self-0019-1-defense] Map: 18 x 23 Turn: 822
2026-06-02 10:35:58 [self-0019-1-defense] Route planned: Target = 261 Mode = defense city-free reachable tiles = 327 Fallback-Tiles = 328
2026-06-02 10:35:58 [self-0019-1-defense] Priority agent: flow +6000 base = 146093 final = 152093
2026-06-02 10:35:58 [self-0019-1-defense] Move #804: 205 -> 206 | Army: 3 | Target-Terrain: 0 | Target: 261 | Half: False
2026-06-02 10:35:59 [self-0019-1-defense] My general index: 239
2026-06-02 10:35:59 [self-0019-1-defense] Enemy general index: None
2026-06-02 10:35:59 [self-0019-1-defense] Visible enemy tiles: 12
2026-06-02 10:35:59 [self-0019-1-defense] Tiles: 18 / 127
2026-06-02 10:35:59 [self-0019-1-defense] Map: 18 x 23 Turn: 823
2026-06-02 10:35:59 [self-0019-1-defense] Route planned: Target = 261 Mode = defense city-free reachable tiles = 327 Fallback-Tiles = 328
2026-06-02 10:35:59 [self-0019-1-defense] Priority agent: flow +6000 base = 176035 final = 182035
2026-06-02 10:35:59 [self-0019-1-defense] Move #805: 206 -> 224 | Army: 5 | Target-Terrain: 1 | Target: 261 | Half: False
2026-06-02 10:35:59 [self-0019-1-defense] My general index: 239
2026-06-02 10:35:59 [self-0019-1-defense] Enemy general index: None
2026-06-02 10:35:59 [self-0019-1-defense] Visible enemy tiles: 11
2026-06-02 10:35:59 [self-0019-1-defense] Tiles: 19 / 126
2026-06-02 10:35:59 [self-0019-1-defense] Map: 18 x 23 Turn: 824
2026-06-02 10:35:59 [self-0019-1-defense] Route planned: Target = 261 Mode = defense city-free reachable tiles = 327 Fallback-Tiles = 328
2026-06-02 10:35:59 [self-0019-1-defense] Move #806: 223 -> 241 | Army: 2 | Target-Terrain: 0 | Target: 261 | Half: False
2026-06-02 10:36:00 [self-0019-1-defense] My general index: 239
2026-06-02 10:36:00 [self-0019-1-defense] Enemy general index: None
2026-06-02 10:36:00 [self-0019-1-defense] Visible enemy tiles: 11
2026-06-02 10:36:00 [self-0019-1-defense] Tiles: 18 / 127
2026-06-02 10:36:00 [self-0019-1-defense] Map: 18 x 23 Turn: 825
2026-06-02 10:36:00 [self-0019-1-defense] Route planned: Target = 261 Mode = defense city-free reachable tiles = 327 Fallback-Tiles = 328
2026-06-02 10:36:00 [self-0019-1-defense] Priority agent: flow +6000 base = 146272 final = 152272
2026-06-02 10:36:00 [self-0019-1-defense] Move #807: 241 -> 259 | Army: 2 | Target-Terrain: 0 | Target: 261 | Half: False
2026-06-02 10:36:00 [self-0019-1-defense] My general index: 239
2026-06-02 10:36:00 [self-0019-1-defense] Enemy general index: None
2026-06-02 10:36:00 [self-0019-1-defense] Visible enemy tiles: 11
2026-06-02 10:36:00 [self-0019-1-defense] Tiles: 18 / 127
2026-06-02 10:36:00 [self-0019-1-defense] Map: 18 x 23 Turn: 826
2026-06-02 10:36:00 [self-0019-1-defense] Route planned: Target = 261 Mode = defense city-free reachable tiles = 327 Fallback-Tiles = 328
2026-06-02 10:36:00 [self-0019-1-defense] Move #808: 202 -> 203 | Army: 2 | Target-Terrain: 0 | Target: 261 | Half: False
2026-06-02 10:36:01 [self-0019-1-defense] My general index: 239
2026-06-02 10:36:01 [self-0019-1-defense] Enemy general index: None
2026-06-02 10:36:01 [self-0019-1-defense] Visible enemy tiles: 11
2026-06-02 10:36:01 [self-0019-1-defense] Tiles: 18 / 127
2026-06-02 10:36:01 [self-0019-1-defense] Map: 18 x 23 Turn: 827
2026-06-02 10:36:01 [self-0019-1-defense] Route planned: Target = 261 Mode = defense city-free reachable tiles = 327 Fallback-Tiles = 328
2026-06-02 10:36:01 [self-0019-1-defense] Priority agent: flow +6000 base = 145913 final = 151913
2026-06-02 10:36:01 [self-0019-1-defense] Move #809: 203 -> 204 | Army: 3 | Target-Terrain: 0 | Target: 261 | Half: False
2026-06-02 10:36:01 [self-0019-1-defense] My general index: 239
2026-06-02 10:36:01 [self-0019-1-defense] Enemy general index: None
2026-06-02 10:36:01 [self-0019-1-defense] Visible enemy tiles: 11
2026-06-02 10:36:01 [self-0019-1-defense] Tiles: 18 / 127
2026-06-02 10:36:01 [self-0019-1-defense] Map: 18 x 23 Turn: 828
2026-06-02 10:36:01 [self-0019-1-defense] Route planned: Target = 261 Mode = defense city-free reachable tiles = 327 Fallback-Tiles = 328
2026-06-02 10:36:01 [self-0019-1-defense] Move #810: 242 -> 260 | Army: 115 | Target-Terrain: 0 | Target: 261 | Half: False
2026-06-02 10:36:02 [self-0019-1-defense] My general index: 239
2026-06-02 10:36:02 [self-0019-1-defense] Enemy general index: None
2026-06-02 10:36:02 [self-0019-1-defense] Visible enemy tiles: 11
2026-06-02 10:36:02 [self-0019-1-defense] Tiles: 17 / 128
2026-06-02 10:36:02 [self-0019-1-defense] Map: 18 x 23 Turn: 829
2026-06-02 10:36:02 [self-0019-1-defense] Route planned: Target = 261 Mode = defense city-free reachable tiles = 327 Fallback-Tiles = 328
2026-06-02 10:36:02 [self-0019-1-defense] Priority agent: flow +6000 base = 284230 final = 290230
2026-06-02 10:36:02 [self-0019-1-defense] Move #811: 260 -> 261 | Army: 115 | Target-Terrain: 1 | Target: 261 | Half: False
2026-06-02 10:36:02 [self-0019-1-defense] My general index: 239
2026-06-02 10:36:02 [self-0019-1-defense] Enemy general index: None
2026-06-02 10:36:02 [self-0019-1-defense] Visible enemy tiles: 13
2026-06-02 10:36:02 [self-0019-1-defense] Tiles: 18 / 127
2026-06-02 10:36:02 [self-0019-1-defense] Map: 18 x 23 Turn: 830
2026-06-02 10:36:02 [self-0019-1-defense] Route planned: Target = 206 Mode = strategy city-free reachable tiles = 327 Fallback-Tiles = 328
2026-06-02 10:36:02 [self-0019-1-defense] Priority agent: flow +6000 base = 42830 final = 48830
2026-06-02 10:36:02 [self-0019-1-defense] Move #812: 261 -> 279 | Army: 112 | Target-Terrain: 1 | Target: 206 | Half: False
2026-06-02 10:36:03 [self-0019-1-defense] My general index: 239
2026-06-02 10:36:03 [self-0019-1-defense] Enemy general index: None
2026-06-02 10:36:03 [self-0019-1-defense] Visible enemy tiles: 14
2026-06-02 10:36:03 [self-0019-1-defense] Tiles: 18 / 127
2026-06-02 10:36:03 [self-0019-1-defense] Map: 18 x 23 Turn: 831
2026-06-02 10:36:03 [self-0019-1-defense] Route planned: Target = 242 Mode = defense city-free reachable tiles = 327 Fallback-Tiles = 328
2026-06-02 10:36:03 [self-0019-1-defense] Move #813: 224 -> 242 | Army: 2 | Target-Terrain: 0 | Target: 242 | Half: False
2026-06-02 10:36:03 [self-0019-1-defense] My general index: 239
2026-06-02 10:36:03 [self-0019-1-defense] Enemy general index: None
2026-06-02 10:36:03 [self-0019-1-defense] Visible enemy tiles: 15
2026-06-02 10:36:03 [self-0019-1-defense] Tiles: 17 / 128
2026-06-02 10:36:03 [self-0019-1-defense] Map: 18 x 23 Turn: 832
2026-06-02 10:36:03 [self-0019-1-defense] Route planned: Target = 242 Mode = defense city-free reachable tiles = 327 Fallback-Tiles = 328
2026-06-02 10:36:03 [self-0019-1-defense] Move #814: 279 -> 278 | Army: 110 | Target-Terrain: 1 | Target: 242 | Half: False
2026-06-02 10:36:04 [self-0019-1-defense] My general index: 239
2026-06-02 10:36:04 [self-0019-1-defense] Enemy general index: None
2026-06-02 10:36:04 [self-0019-1-defense] Visible enemy tiles: 13
2026-06-02 10:36:04 [self-0019-1-defense] Tiles: 17 / 128
2026-06-02 10:36:04 [self-0019-1-defense] Map: 18 x 23 Turn: 833
2026-06-02 10:36:04 [self-0019-1-defense] Route planned: Target = 242 Mode = defense city-free reachable tiles = 327 Fallback-Tiles = 328
2026-06-02 10:36:04 [self-0019-1-defense] Priority agent: flow +6000 base = 176390 final = 182390
2026-06-02 10:36:04 [self-0019-1-defense] Move #815: 278 -> 260 | Army: 108 | Target-Terrain: 1 | Target: 242 | Half: False
2026-06-02 10:36:04 [self-0019-1-defense] My general index: 239
2026-06-02 10:36:04 [self-0019-1-defense] Enemy general index: None
2026-06-02 10:36:04 [self-0019-1-defense] Visible enemy tiles: 13
2026-06-02 10:36:04 [self-0019-1-defense] Tiles: 17 / 128
2026-06-02 10:36:04 [self-0019-1-defense] Map: 18 x 23 Turn: 834
2026-06-02 10:36:04 [self-0019-1-defense] Route planned: Target = 242 Mode = defense city-free reachable tiles = 327 Fallback-Tiles = 328
2026-06-02 10:36:04 [self-0019-1-defense] Priority agent: edge reuse -9000, flow +6000 base = 260330 final = 257330
2026-06-02 10:36:04 [self-0019-1-defense] Move #816: 260 -> 242 | Army: 106 | Target-Terrain: 1 | Target: 242 | Half: False
2026-06-02 10:36:05 [self-0019-1-defense] My general index: 239
2026-06-02 10:36:05 [self-0019-1-defense] Enemy general index: None
2026-06-02 10:36:05 [self-0019-1-defense] Visible enemy tiles: 13
2026-06-02 10:36:05 [self-0019-1-defense] Tiles: 18 / 127
2026-06-02 10:36:05 [self-0019-1-defense] Map: 18 x 23 Turn: 835
2026-06-02 10:36:05 [self-0019-1-defense] Route planned: Target = 224 Mode = defense city-free reachable tiles = 327 Fallback-Tiles = 328
2026-06-02 10:36:05 [self-0019-1-defense] Priority agent: edge reuse -9000, flow +6000 base = 259430 final = 256430
2026-06-02 10:36:05 [self-0019-1-defense] Move #817: 242 -> 224 | Army: 104 | Target-Terrain: 1 | Target: 224 | Half: False
2026-06-02 10:36:05 [self-0019-1-defense] My general index: 239
2026-06-02 10:36:05 [self-0019-1-defense] Enemy general index: None
2026-06-02 10:36:05 [self-0019-1-defense] Visible enemy tiles: 13
2026-06-02 10:36:05 [self-0019-1-defense] Tiles: 19 / 126
2026-06-02 10:36:05 [self-0019-1-defense] Map: 18 x 23 Turn: 836
2026-06-02 10:36:05 [self-0019-1-defense] Route planned: Target = 242 Mode = defense city-free reachable tiles = 327 Fallback-Tiles = 328
2026-06-02 10:36:05 [self-0019-1-defense] Priority agent: reverse -35000, edge reuse -18000 base = 207130 final = 154130
2026-06-02 10:36:05 [self-0019-1-defense] Move #818: 224 -> 242 | Army: 102 | Target-Terrain: 0 | Target: 242 | Half: False
2026-06-02 10:36:06 [self-0019-1-defense] My general index: 239
2026-06-02 10:36:06 [self-0019-1-defense] Enemy general index: None
2026-06-02 10:36:06 [self-0019-1-defense] Visible enemy tiles: 13
2026-06-02 10:36:06 [self-0019-1-defense] Tiles: 19 / 126
2026-06-02 10:36:06 [self-0019-1-defense] Map: 18 x 23 Turn: 837
2026-06-02 10:36:06 [self-0019-1-defense] Route planned: Target = 224 Mode = defense city-free reachable tiles = 327 Fallback-Tiles = 328
2026-06-02 10:36:06 [self-0019-1-defense] Move #819: 201 -> 202 | Army: 2 | Target-Terrain: 0 | Target: 224 | Half: False
2026-06-02 10:36:06 [self-0019-1-defense] My general index: 239
2026-06-02 10:36:06 [self-0019-1-defense] Enemy general index: None
2026-06-02 10:36:06 [self-0019-1-defense] Visible enemy tiles: 13
2026-06-02 10:36:06 [self-0019-1-defense] Tiles: 19 / 126
2026-06-02 10:36:06 [self-0019-1-defense] Map: 18 x 23 Turn: 838
2026-06-02 10:36:06 [self-0019-1-defense] Route planned: Target = 224 Mode = defense city-free reachable tiles = 327 Fallback-Tiles = 328
2026-06-02 10:36:06 [self-0019-1-defense] Priority agent: edge reuse -27000 base = 212630 final = 185630
2026-06-02 10:36:06 [self-0019-1-defense] Move #820: 242 -> 224 | Army: 102 | Target-Terrain: 0 | Target: 224 | Half: False
2026-06-02 10:36:07 [self-0019-1-defense] My general index: 239
2026-06-02 10:36:07 [self-0019-1-defense] Enemy general index: None
2026-06-02 10:36:07 [self-0019-1-defense] Visible enemy tiles: 13
2026-06-02 10:36:07 [self-0019-1-defense] Tiles: 19 / 126
2026-06-02 10:36:07 [self-0019-1-defense] Map: 18 x 23 Turn: 839
2026-06-02 10:36:07 [self-0019-1-defense] Route planned: Target = 242 Mode = defense city-free reachable tiles = 327 Fallback-Tiles = 328
2026-06-02 10:36:07 [self-0019-1-defense] Move #821: 277 -> 259 | Army: 145 | Target-Terrain: 0 | Target: 242 | Half: False
2026-06-02 10:36:07 [self-0019-1-defense] My general index: 239
2026-06-02 10:36:07 [self-0019-1-defense] Enemy general index: None
2026-06-02 10:36:07 [self-0019-1-defense] Visible enemy tiles: 13
2026-06-02 10:36:07 [self-0019-1-defense] Tiles: 19 / 126
2026-06-02 10:36:07 [self-0019-1-defense] Map: 18 x 23 Turn: 840
2026-06-02 10:36:07 [self-0019-1-defense] Route planned: Target = 242 Mode = defense city-free reachable tiles = 327 Fallback-Tiles = 328
2026-06-02 10:36:07 [self-0019-1-defense] Priority agent: edge reuse -36000 base = 204030 final = 168030
2026-06-02 10:36:07 [self-0019-1-defense] Move #822: 224 -> 242 | Army: 102 | Target-Terrain: 0 | Target: 242 | Half: False
2026-06-02 10:36:08 [self-0019-1-defense] My general index: 239
2026-06-02 10:36:08 [self-0019-1-defense] Enemy general index: None
2026-06-02 10:36:08 [self-0019-1-defense] Visible enemy tiles: 13
2026-06-02 10:36:08 [self-0019-1-defense] Tiles: 19 / 126
2026-06-02 10:36:08 [self-0019-1-defense] Map: 18 x 23 Turn: 841
2026-06-02 10:36:08 [self-0019-1-defense] Route planned: Target = 277 Mode = defense city-free reachable tiles = 327 Fallback-Tiles = 328
2026-06-02 10:36:08 [self-0019-1-defense] Priority agent: edge reuse -9000 base = 234630 final = 225630
2026-06-02 10:36:08 [self-0019-1-defense] Move #823: 259 -> 277 | Army: 146 | Target-Terrain: 0 | Target: 277 | Half: False
2026-06-02 10:36:08 [self-0019-1-defense] My general index: 239
2026-06-02 10:36:08 [self-0019-1-defense] Enemy general index: None
2026-06-02 10:36:08 [self-0019-1-defense] Visible enemy tiles: 13
2026-06-02 10:36:08 [self-0019-1-defense] Tiles: 19 / 126
2026-06-02 10:36:08 [self-0019-1-defense] Map: 18 x 23 Turn: 842
2026-06-02 10:36:08 [self-0019-1-defense] Route planned: Target = 224 Mode = defense city-free reachable tiles = 327 Fallback-Tiles = 328
2026-06-02 10:36:08 [self-0019-1-defense] Priority agent: edge reuse -45000 base = 200630 final = 155630
2026-06-02 10:36:08 [self-0019-1-defense] Move #824: 242 -> 224 | Army: 102 | Target-Terrain: 0 | Target: 224 | Half: False
2026-06-02 10:36:09 [self-0019-1-defense] My general index: 239
2026-06-02 10:36:09 [self-0019-1-defense] Enemy general index: None
2026-06-02 10:36:09 [self-0019-1-defense] Visible enemy tiles: 13
2026-06-02 10:36:09 [self-0019-1-defense] Tiles: 19 / 126
2026-06-02 10:36:09 [self-0019-1-defense] Map: 18 x 23 Turn: 843
2026-06-02 10:36:09 [self-0019-1-defense] Route planned: Target = 242 Mode = defense city-free reachable tiles = 327 Fallback-Tiles = 328
2026-06-02 10:36:09 [self-0019-1-defense] Move #825: 202 -> 203 | Army: 2 | Target-Terrain: 0 | Target: 242 | Half: False
2026-06-02 10:36:09 [self-0019-1-defense] My general index: 239
2026-06-02 10:36:09 [self-0019-1-defense] Enemy general index: None
2026-06-02 10:36:09 [self-0019-1-defense] Visible enemy tiles: 13
2026-06-02 10:36:09 [self-0019-1-defense] Tiles: 19 / 126
2026-06-02 10:36:09 [self-0019-1-defense] Map: 18 x 23 Turn: 844
2026-06-02 10:36:09 [self-0019-1-defense] Route planned: Target = 242 Mode = defense city-free reachable tiles = 327 Fallback-Tiles = 328
2026-06-02 10:36:09 [self-0019-1-defense] Priority agent: edge reuse -54000 base = 204030 final = 150030
2026-06-02 10:36:09 [self-0019-1-defense] Move #826: 224 -> 242 | Army: 102 | Target-Terrain: 0 | Target: 242 | Half: False
2026-06-02 10:36:10 [self-0019-1-defense] My general index: 239
2026-06-02 10:36:10 [self-0019-1-defense] Enemy general index: None
2026-06-02 10:36:10 [self-0019-1-defense] Visible enemy tiles: 13
2026-06-02 10:36:10 [self-0019-1-defense] Tiles: 19 / 126
2026-06-02 10:36:10 [self-0019-1-defense] Map: 18 x 23 Turn: 845
2026-06-02 10:36:10 [self-0019-1-defense] Route planned: Target = 224 Mode = defense city-free reachable tiles = 327 Fallback-Tiles = 328
2026-06-02 10:36:10 [self-0019-1-defense] Move #827: 277 -> 278 | Army: 146 | Target-Terrain: 0 | Target: 224 | Half: False
2026-06-02 10:36:10 [self-0019-1-defense] My general index: 239
2026-06-02 10:36:10 [self-0019-1-defense] Enemy general index: None
2026-06-02 10:36:10 [self-0019-1-defense] Visible enemy tiles: 13
2026-06-02 10:36:10 [self-0019-1-defense] Tiles: 19 / 126
2026-06-02 10:36:10 [self-0019-1-defense] Map: 18 x 23 Turn: 846
2026-06-02 10:36:10 [self-0019-1-defense] Route planned: Target = 277 Mode = defense city-free reachable tiles = 327 Fallback-Tiles = 328
2026-06-02 10:36:10 [self-0019-1-defense] Priority agent: reverse -35000, edge reuse -9000 base = 237730 final = 193730
2026-06-02 10:36:10 [self-0019-1-defense] Move #828: 278 -> 277 | Army: 146 | Target-Terrain: 0 | Target: 277 | Half: False
2026-06-02 10:36:11 [self-0019-1-defense] Coach: stabilize tiles 19/126 army 443/1873 cities 0/0 enemy_city_suspect False bias {'expansion_bias': 0.1, 'city_bias': 0.2, 'attack_bias': -0.5, 'defense_bias': 2.0, 'route_bias': 0.1}
2026-06-02 10:36:11 [self-0019-1-defense] My general index: 239
2026-06-02 10:36:11 [self-0019-1-defense] Enemy general index: None
2026-06-02 10:36:11 [self-0019-1-defense] Visible enemy tiles: 13
2026-06-02 10:36:11 [self-0019-1-defense] Tiles: 19 / 126
2026-06-02 10:36:11 [self-0019-1-defense] Map: 18 x 23 Turn: 847
2026-06-02 10:36:11 [self-0019-1-defense] Route planned: Target = 224 Mode = defense city-free reachable tiles = 327 Fallback-Tiles = 328
2026-06-02 10:36:11 [self-0019-1-defense] Priority agent: edge reuse -54000 base = 200630 final = 146630
2026-06-02 10:36:11 [self-0019-1-defense] Move #829: 242 -> 224 | Army: 102 | Target-Terrain: 0 | Target: 224 | Half: False
2026-06-02 10:36:11 [self-0019-1-defense] My general index: 239
2026-06-02 10:36:11 [self-0019-1-defense] Enemy general index: None
2026-06-02 10:36:11 [self-0019-1-defense] Visible enemy tiles: 13
2026-06-02 10:36:11 [self-0019-1-defense] Tiles: 19 / 126
2026-06-02 10:36:11 [self-0019-1-defense] Map: 18 x 23 Turn: 848
2026-06-02 10:36:11 [self-0019-1-defense] Route planned: Target = 242 Mode = defense city-free reachable tiles = 327 Fallback-Tiles = 328
2026-06-02 10:36:11 [self-0019-1-defense] Move #830: 258 -> 259 | Army: 2 | Target-Terrain: 0 | Target: 242 | Half: False
2026-06-02 10:36:12 [self-0019-1-defense] My general index: 239
2026-06-02 10:36:12 [self-0019-1-defense] Enemy general index: None
2026-06-02 10:36:12 [self-0019-1-defense] Visible enemy tiles: 13
2026-06-02 10:36:12 [self-0019-1-defense] Tiles: 19 / 126
2026-06-02 10:36:12 [self-0019-1-defense] Map: 18 x 23 Turn: 849
2026-06-02 10:36:12 [self-0019-1-defense] Route planned: Target = 242 Mode = defense city-free reachable tiles = 327 Fallback-Tiles = 328
2026-06-02 10:36:12 [self-0019-1-defense] Priority agent: flow +6000 base = 144162 final = 150162
2026-06-02 10:36:12 [self-0019-1-defense] Move #831: 259 -> 241 | Army: 2 | Target-Terrain: 0 | Target: 242 | Half: False
2026-06-02 10:36:12 [self-0019-1-defense] My general index: 239
2026-06-02 10:36:12 [self-0019-1-defense] Enemy general index: None
2026-06-02 10:36:12 [self-0019-1-defense] Visible enemy tiles: 13
2026-06-02 10:36:12 [self-0019-1-defense] Tiles: 19 / 126
2026-06-02 10:36:12 [self-0019-1-defense] Map: 18 x 23 Turn: 850
2026-06-02 10:36:12 [self-0019-1-defense] Route planned: Target = 242 Mode = defense city-free reachable tiles = 327 Fallback-Tiles = 328
2026-06-02 10:36:12 [self-0019-1-defense] Priority agent: flow +6000 base = 238053 final = 244053
2026-06-02 10:36:12 [self-0019-1-defense] Move #832: 241 -> 242 | Army: 3 | Target-Terrain: 0 | Target: 242 | Half: False
2026-06-02 10:36:13 [self-0019-1-defense] My general index: 239
2026-06-02 10:36:13 [self-0019-1-defense] Enemy general index: None
2026-06-02 10:36:13 [self-0019-1-defense] Visible enemy tiles: 13
2026-06-02 10:36:13 [self-0019-1-defense] Tiles: 19 / 126
2026-06-02 10:36:13 [self-0019-1-defense] Map: 18 x 23 Turn: 851
2026-06-02 10:36:13 [self-0019-1-defense] Route planned: Target = 242 Mode = defense city-free reachable tiles = 327 Fallback-Tiles = 328
2026-06-02 10:36:13 [self-0019-1-defense] Move #833: 260 -> 242 | Army: 2 | Target-Terrain: 0 | Target: 242 | Half: False
2026-06-02 10:36:13 [self-0019-1-defense] My general index: 239
2026-06-02 10:36:13 [self-0019-1-defense] Enemy general index: None
2026-06-02 10:36:13 [self-0019-1-defense] Visible enemy tiles: 13
2026-06-02 10:36:13 [self-0019-1-defense] Tiles: 19 / 126
2026-06-02 10:36:13 [self-0019-1-defense] Map: 18 x 23 Turn: 852
2026-06-02 10:36:13 [self-0019-1-defense] Route planned: Target = 242 Mode = defense city-free reachable tiles = 327 Fallback-Tiles = 328
2026-06-02 10:36:13 [self-0019-1-defense] Priority agent: edge reuse -45000 base = 204030 final = 159030
2026-06-02 10:36:13 [self-0019-1-defense] Move #834: 224 -> 242 | Army: 103 | Target-Terrain: 0 | Target: 242 | Half: False
2026-06-02 10:36:14 [self-0019-1-defense] My general index: 239
2026-06-02 10:36:14 [self-0019-1-defense] Enemy general index: None
2026-06-02 10:36:14 [self-0019-1-defense] Visible enemy tiles: 13
2026-06-02 10:36:14 [self-0019-1-defense] Tiles: 19 / 126
2026-06-02 10:36:14 [self-0019-1-defense] Map: 18 x 23 Turn: 853
2026-06-02 10:36:14 [self-0019-1-defense] Route planned: Target = 224 Mode = defense city-free reachable tiles = 327 Fallback-Tiles = 328
2026-06-02 10:36:14 [self-0019-1-defense] Move #835: 223 -> 224 | Army: 2 | Target-Terrain: 0 | Target: 224 | Half: False
2026-06-02 10:36:14 [self-0019-1-defense] My general index: 239
2026-06-02 10:36:14 [self-0019-1-defense] Enemy general index: None
2026-06-02 10:36:14 [self-0019-1-defense] Visible enemy tiles: 13
2026-06-02 10:36:14 [self-0019-1-defense] Tiles: 19 / 126
2026-06-02 10:36:14 [self-0019-1-defense] Map: 18 x 23 Turn: 854
2026-06-02 10:36:14 [self-0019-1-defense] Route planned: Target = 224 Mode = defense city-free reachable tiles = 327 Fallback-Tiles = 328
2026-06-02 10:36:14 [self-0019-1-defense] Priority agent: edge reuse -45000 base = 200630 final = 155630
2026-06-02 10:36:14 [self-0019-1-defense] Move #836: 242 -> 224 | Army: 107 | Target-Terrain: 0 | Target: 224 | Half: False
2026-06-02 10:36:15 [self-0019-1-defense] My general index: 239
2026-06-02 10:36:15 [self-0019-1-defense] Enemy general index: None
2026-06-02 10:36:15 [self-0019-1-defense] Visible enemy tiles: 13
2026-06-02 10:36:15 [self-0019-1-defense] Tiles: 19 / 126
2026-06-02 10:36:15 [self-0019-1-defense] Map: 18 x 23 Turn: 855
2026-06-02 10:36:15 [self-0019-1-defense] Route planned: Target = 242 Mode = defense city-free reachable tiles = 327 Fallback-Tiles = 328
2026-06-02 10:36:15 [self-0019-1-defense] Move #837: 261 -> 260 | Army: 2 | Target-Terrain: 0 | Target: 242 | Half: False
2026-06-02 10:36:15 [self-0019-1-defense] My general index: 239
2026-06-02 10:36:15 [self-0019-1-defense] Enemy general index: None
2026-06-02 10:36:15 [self-0019-1-defense] Visible enemy tiles: 13
2026-06-02 10:36:15 [self-0019-1-defense] Tiles: 19 / 126
2026-06-02 10:36:15 [self-0019-1-defense] Map: 18 x 23 Turn: 856
2026-06-02 10:36:15 [self-0019-1-defense] Route planned: Target = 242 Mode = defense city-free reachable tiles = 327 Fallback-Tiles = 328
2026-06-02 10:36:15 [self-0019-1-defense] Priority agent: edge reuse -9000, flow +6000 base = 235852 final = 232852
2026-06-02 10:36:15 [self-0019-1-defense] Move #838: 260 -> 242 | Army: 2 | Target-Terrain: 0 | Target: 242 | Half: False
2026-06-02 10:36:16 [self-0019-1-defense] My general index: 239
2026-06-02 10:36:16 [self-0019-1-defense] Enemy general index: None
2026-06-02 10:36:16 [self-0019-1-defense] Visible enemy tiles: 11
2026-06-02 10:36:16 [self-0019-1-defense] Tiles: 18 / 127
2026-06-02 10:36:16 [self-0019-1-defense] Map: 18 x 23 Turn: 857
2026-06-02 10:36:16 [self-0019-1-defense] Route planned: Target = 242 Mode = defense city-free reachable tiles = 327 Fallback-Tiles = 328
2026-06-02 10:36:16 [self-0019-1-defense] Priority agent: edge reuse -36000 base = 204030 final = 168030
2026-06-02 10:36:16 [self-0019-1-defense] Move #839: 224 -> 242 | Army: 108 | Target-Terrain: 0 | Target: 242 | Half: False
2026-06-02 10:36:16 [self-0019-1-defense] My general index: 239
2026-06-02 10:36:16 [self-0019-1-defense] Enemy general index: None
2026-06-02 10:36:16 [self-0019-1-defense] Visible enemy tiles: 11
2026-06-02 10:36:16 [self-0019-1-defense] Tiles: 18 / 127
2026-06-02 10:36:16 [self-0019-1-defense] Map: 18 x 23 Turn: 858
2026-06-02 10:36:16 [self-0019-1-defense] Route planned: Target = 224 Mode = defense city-free reachable tiles = 327 Fallback-Tiles = 328
2026-06-02 10:36:16 [self-0019-1-defense] Move #840: 205 -> 223 | Army: 2 | Target-Terrain: 0 | Target: 224 | Half: False
2026-06-02 10:36:17 [self-0019-1-defense] My general index: 239
2026-06-02 10:36:17 [self-0019-1-defense] Enemy general index: None
2026-06-02 10:36:17 [self-0019-1-defense] Visible enemy tiles: 11
2026-06-02 10:36:17 [self-0019-1-defense] Tiles: 18 / 127
2026-06-02 10:36:17 [self-0019-1-defense] Map: 18 x 23 Turn: 859
2026-06-02 10:36:17 [self-0019-1-defense] Route planned: Target = 224 Mode = defense city-free reachable tiles = 327 Fallback-Tiles = 328
2026-06-02 10:36:17 [self-0019-1-defense] Priority agent: edge reuse -9000, flow +6000 base = 234652 final = 231652
2026-06-02 10:36:17 [self-0019-1-defense] Move #841: 223 -> 224 | Army: 2 | Target-Terrain: 0 | Target: 224 | Half: False
2026-06-02 10:36:17 [self-0019-1-defense] My general index: 239
2026-06-02 10:36:17 [self-0019-1-defense] Enemy general index: None
2026-06-02 10:36:17 [self-0019-1-defense] Visible enemy tiles: 11
2026-06-02 10:36:17 [self-0019-1-defense] Tiles: 17 / 128
2026-06-02 10:36:17 [self-0019-1-defense] Map: 18 x 23 Turn: 860
2026-06-02 10:36:17 [self-0019-1-defense] Route planned: Target = 224 Mode = defense city-free reachable tiles = 327 Fallback-Tiles = 328
2026-06-02 10:36:17 [self-0019-1-defense] Move #842: 204 -> 205 | Army: 4 | Target-Terrain: 1 | Target: 224 | Half: False
2026-06-02 10:36:18 [self-0019-1-defense] My general index: 239
2026-06-02 10:36:18 [self-0019-1-defense] Enemy general index: None
2026-06-02 10:36:18 [self-0019-1-defense] Visible enemy tiles: 11
2026-06-02 10:36:18 [self-0019-1-defense] Tiles: 18 / 127
2026-06-02 10:36:18 [self-0019-1-defense] Map: 18 x 23 Turn: 861
2026-06-02 10:36:18 [self-0019-1-defense] Route planned: Target = 224 Mode = defense city-free reachable tiles = 327 Fallback-Tiles = 328
2026-06-02 10:36:18 [self-0019-1-defense] Priority agent: edge reuse -36000 base = 200630 final = 164630
2026-06-02 10:36:18 [self-0019-1-defense] Move #843: 242 -> 224 | Army: 109 | Target-Terrain: 0 | Target: 224 | Half: False
2026-06-02 10:36:18 [self-0019-1-defense] My general index: 239
2026-06-02 10:36:18 [self-0019-1-defense] Enemy general index: None
2026-06-02 10:36:18 [self-0019-1-defense] Visible enemy tiles: 11
2026-06-02 10:36:18 [self-0019-1-defense] Tiles: 18 / 127
2026-06-02 10:36:18 [self-0019-1-defense] Map: 18 x 23 Turn: 862
2026-06-02 10:36:18 [self-0019-1-defense] Route planned: Target = 242 Mode = defense city-free reachable tiles = 327 Fallback-Tiles = 328
2026-06-02 10:36:18 [self-0019-1-defense] Move #844: 186 -> 204 | Army: 2 | Target-Terrain: 0 | Target: 242 | Half: False
2026-06-02 10:36:19 [self-0019-1-defense] My general index: 239
2026-06-02 10:36:19 [self-0019-1-defense] Enemy general index: None
2026-06-02 10:36:19 [self-0019-1-defense] Visible enemy tiles: 11
2026-06-02 10:36:19 [self-0019-1-defense] Tiles: 18 / 127
2026-06-02 10:36:19 [self-0019-1-defense] Map: 18 x 23 Turn: 863
2026-06-02 10:36:19 [self-0019-1-defense] Route planned: Target = 242 Mode = defense city-free reachable tiles = 327 Fallback-Tiles = 328
2026-06-02 10:36:19 [self-0019-1-defense] Priority agent: edge reuse -36000 base = 204030 final = 168030
2026-06-02 10:36:19 [self-0019-1-defense] Move #845: 224 -> 242 | Army: 110 | Target-Terrain: 0 | Target: 242 | Half: False
2026-06-02 10:36:19 [self-0019-1-defense] My general index: 239
2026-06-02 10:36:19 [self-0019-1-defense] Enemy general index: None
2026-06-02 10:36:19 [self-0019-1-defense] Visible enemy tiles: 10
2026-06-02 10:36:19 [self-0019-1-defense] Tiles: 17 / 128
2026-06-02 10:36:19 [self-0019-1-defense] Map: 18 x 23 Turn: 864
2026-06-02 10:36:19 [self-0019-1-defense] Route planned: Target = 224 Mode = defense city-free reachable tiles = 327 Fallback-Tiles = 328
2026-06-02 10:36:19 [self-0019-1-defense] Move #846: 202 -> 203 | Army: 2 | Target-Terrain: 0 | Target: 224 | Half: False
2026-06-02 10:36:20 [self-0019-1-defense] My general index: 239
2026-06-02 10:36:20 [self-0019-1-defense] Enemy general index: None
2026-06-02 10:36:20 [self-0019-1-defense] Visible enemy tiles: 10
2026-06-02 10:36:20 [self-0019-1-defense] Tiles: 17 / 128
2026-06-02 10:36:20 [self-0019-1-defense] Map: 18 x 23 Turn: 865
2026-06-02 10:36:20 [self-0019-1-defense] Route planned: Target = 224 Mode = defense city-free reachable tiles = 327 Fallback-Tiles = 328
2026-06-02 10:36:20 [self-0019-1-defense] Priority agent: edge reuse -45000 base = 200630 final = 155630
2026-06-02 10:36:20 [self-0019-1-defense] Move #847: 242 -> 224 | Army: 110 | Target-Terrain: 0 | Target: 224 | Half: False
2026-06-02 10:36:20 [self-0019-1-defense] My general index: 239
2026-06-02 10:36:20 [self-0019-1-defense] Enemy general index: None
2026-06-02 10:36:20 [self-0019-1-defense] Visible enemy tiles: 10
2026-06-02 10:36:20 [self-0019-1-defense] Tiles: 17 / 128
2026-06-02 10:36:20 [self-0019-1-defense] Map: 18 x 23 Turn: 866
2026-06-02 10:36:20 [self-0019-1-defense] Route planned: Target = 242 Mode = defense city-free reachable tiles = 327 Fallback-Tiles = 328
2026-06-02 10:36:20 [self-0019-1-defense] Move #848: 201 -> 202 | Army: 2 | Target-Terrain: 0 | Target: 242 | Half: False
2026-06-02 10:36:21 [self-0019-1-defense] My general index: 239
2026-06-02 10:36:21 [self-0019-1-defense] Enemy general index: None
2026-06-02 10:36:21 [self-0019-1-defense] Visible enemy tiles: 10
2026-06-02 10:36:21 [self-0019-1-defense] Tiles: 17 / 128
2026-06-02 10:36:21 [self-0019-1-defense] Map: 18 x 23 Turn: 867
2026-06-02 10:36:21 [self-0019-1-defense] Route planned: Target = 242 Mode = defense city-free reachable tiles = 327 Fallback-Tiles = 328
2026-06-02 10:36:21 [self-0019-1-defense] Priority agent: edge reuse -45000 base = 204030 final = 159030
2026-06-02 10:36:21 [self-0019-1-defense] Move #849: 224 -> 242 | Army: 110 | Target-Terrain: 0 | Target: 242 | Half: False
2026-06-02 10:36:21 [self-0019-1-defense] My general index: 239
2026-06-02 10:36:21 [self-0019-1-defense] Enemy general index: None
2026-06-02 10:36:21 [self-0019-1-defense] Visible enemy tiles: 10
2026-06-02 10:36:21 [self-0019-1-defense] Tiles: 17 / 128
2026-06-02 10:36:21 [self-0019-1-defense] Map: 18 x 23 Turn: 868
2026-06-02 10:36:21 [self-0019-1-defense] Route planned: Target = 224 Mode = defense city-free reachable tiles = 327 Fallback-Tiles = 328
2026-06-02 10:36:21 [self-0019-1-defense] Move #850: 277 -> 259 | Army: 147 | Target-Terrain: 0 | Target: 224 | Half: False
2026-06-02 10:36:22 [self-0019-1-defense] My general index: 239
2026-06-02 10:36:22 [self-0019-1-defense] Enemy general index: None
2026-06-02 10:36:22 [self-0019-1-defense] Visible enemy tiles: 10
2026-06-02 10:36:22 [self-0019-1-defense] Tiles: 17 / 128
2026-06-02 10:36:22 [self-0019-1-defense] Map: 18 x 23 Turn: 869
2026-06-02 10:36:22 [self-0019-1-defense] Route planned: Target = 277 Mode = defense city-free reachable tiles = 327 Fallback-Tiles = 328
2026-06-02 10:36:22 [self-0019-1-defense] Move #851: 278 -> 277 | Army: 2 | Target-Terrain: 0 | Target: 277 | Half: False
2026-06-02 10:36:22 [self-0019-1-defense] My general index: 239
2026-06-02 10:36:22 [self-0019-1-defense] Enemy general index: None
2026-06-02 10:36:22 [self-0019-1-defense] Visible enemy tiles: 10
2026-06-02 10:36:22 [self-0019-1-defense] Tiles: 17 / 128
2026-06-02 10:36:22 [self-0019-1-defense] Map: 18 x 23 Turn: 870
2026-06-02 10:36:22 [self-0019-1-defense] Route planned: Target = 277 Mode = defense city-free reachable tiles = 327 Fallback-Tiles = 328
2026-06-02 10:36:22 [self-0019-1-defense] Priority agent: edge reuse -9000 base = 234630 final = 225630
2026-06-02 10:36:22 [self-0019-1-defense] Move #852: 259 -> 277 | Army: 148 | Target-Terrain: 0 | Target: 277 | Half: False
2026-06-02 10:36:23 [self-0019-1-defense] My general index: 239
2026-06-02 10:36:23 [self-0019-1-defense] Enemy general index: None
2026-06-02 10:36:23 [self-0019-1-defense] Visible enemy tiles: 10
2026-06-02 10:36:23 [self-0019-1-defense] Tiles: 17 / 128
2026-06-02 10:36:23 [self-0019-1-defense] Map: 18 x 23 Turn: 871
2026-06-02 10:36:23 [self-0019-1-defense] Route planned: Target = 224 Mode = defense city-free reachable tiles = 327 Fallback-Tiles = 328
2026-06-02 10:36:23 [self-0019-1-defense] Priority agent: edge reuse -45000 base = 200630 final = 155630
2026-06-02 10:36:23 [self-0019-1-defense] Move #853: 242 -> 224 | Army: 110 | Target-Terrain: 0 | Target: 224 | Half: False
2026-06-02 10:36:23 [self-0019-1-defense] My general index: 239
2026-06-02 10:36:23 [self-0019-1-defense] Enemy general index: None
2026-06-02 10:36:23 [self-0019-1-defense] Visible enemy tiles: 10
2026-06-02 10:36:23 [self-0019-1-defense] Tiles: 17 / 128
2026-06-02 10:36:23 [self-0019-1-defense] Map: 18 x 23 Turn: 872
2026-06-02 10:36:23 [self-0019-1-defense] Route planned: Target = 242 Mode = defense city-free reachable tiles = 327 Fallback-Tiles = 328
2026-06-02 10:36:23 [self-0019-1-defense] Move #854: 258 -> 259 | Army: 2 | Target-Terrain: 0 | Target: 242 | Half: False
2026-06-02 10:36:24 [self-0019-1-defense] My general index: 239
2026-06-02 10:36:24 [self-0019-1-defense] Enemy general index: None
2026-06-02 10:36:24 [self-0019-1-defense] Visible enemy tiles: 10
2026-06-02 10:36:24 [self-0019-1-defense] Tiles: 17 / 128
2026-06-02 10:36:24 [self-0019-1-defense] Map: 18 x 23 Turn: 873
2026-06-02 10:36:24 [self-0019-1-defense] Route planned: Target = 242 Mode = defense city-free reachable tiles = 327 Fallback-Tiles = 328
2026-06-02 10:36:24 [self-0019-1-defense] Priority agent: edge reuse -45000 base = 204030 final = 159030
2026-06-02 10:36:24 [self-0019-1-defense] Move #855: 224 -> 242 | Army: 110 | Target-Terrain: 0 | Target: 242 | Half: False
2026-06-02 10:36:24 [self-0019-1-defense] My general index: 239
2026-06-02 10:36:24 [self-0019-1-defense] Enemy general index: None
2026-06-02 10:36:24 [self-0019-1-defense] Visible enemy tiles: 10
2026-06-02 10:36:24 [self-0019-1-defense] Tiles: 17 / 128
2026-06-02 10:36:24 [self-0019-1-defense] Map: 18 x 23 Turn: 874
2026-06-02 10:36:24 [self-0019-1-defense] Route planned: Target = 224 Mode = defense city-free reachable tiles = 327 Fallback-Tiles = 328
2026-06-02 10:36:24 [self-0019-1-defense] Move #856: 205 -> 223 | Army: 2 | Target-Terrain: 0 | Target: 224 | Half: False
2026-06-02 10:36:25 [self-0019-1-defense] My general index: 239
2026-06-02 10:36:25 [self-0019-1-defense] Enemy general index: None
2026-06-02 10:36:25 [self-0019-1-defense] Visible enemy tiles: 10
2026-06-02 10:36:25 [self-0019-1-defense] Tiles: 17 / 128
2026-06-02 10:36:25 [self-0019-1-defense] Map: 18 x 23 Turn: 875
2026-06-02 10:36:25 [self-0019-1-defense] Route planned: Target = 224 Mode = defense city-free reachable tiles = 327 Fallback-Tiles = 328
2026-06-02 10:36:25 [self-0019-1-defense] Priority agent: flow +6000 base = 234652 final = 240652
2026-06-02 10:36:25 [self-0019-1-defense] Move #857: 223 -> 224 | Army: 2 | Target-Terrain: 0 | Target: 224 | Half: False
2026-06-02 10:36:25 [self-0019-1-defense] My general index: 239
2026-06-02 10:36:25 [self-0019-1-defense] Enemy general index: None
2026-06-02 10:36:25 [self-0019-1-defense] Visible enemy tiles: 10
2026-06-02 10:36:25 [self-0019-1-defense] Tiles: 17 / 128
2026-06-02 10:36:25 [self-0019-1-defense] Map: 18 x 23 Turn: 876
2026-06-02 10:36:25 [self-0019-1-defense] Route planned: Target = 224 Mode = defense city-free reachable tiles = 327 Fallback-Tiles = 328
2026-06-02 10:36:25 [self-0019-1-defense] Priority agent: edge reuse -45000 base = 200630 final = 155630
2026-06-02 10:36:25 [self-0019-1-defense] Move #858: 242 -> 224 | Army: 110 | Target-Terrain: 0 | Target: 224 | Half: False
2026-06-02 10:36:26 [self-0019-1-defense] My general index: 239
2026-06-02 10:36:26 [self-0019-1-defense] Enemy general index: None
2026-06-02 10:36:26 [self-0019-1-defense] Visible enemy tiles: 10
2026-06-02 10:36:26 [self-0019-1-defense] Tiles: 17 / 128
2026-06-02 10:36:26 [self-0019-1-defense] Map: 18 x 23 Turn: 877
2026-06-02 10:36:26 [self-0019-1-defense] Route planned: Target = 242 Mode = defense city-free reachable tiles = 327 Fallback-Tiles = 328
2026-06-02 10:36:26 [self-0019-1-defense] Move #859: 259 -> 241 | Army: 2 | Target-Terrain: 0 | Target: 242 | Half: False
2026-06-02 10:36:26 [self-0019-1-defense] My general index: 239
2026-06-02 10:36:26 [self-0019-1-defense] Enemy general index: None
2026-06-02 10:36:26 [self-0019-1-defense] Visible enemy tiles: 10
2026-06-02 10:36:26 [self-0019-1-defense] Tiles: 17 / 128
2026-06-02 10:36:26 [self-0019-1-defense] Map: 18 x 23 Turn: 878
2026-06-02 10:36:26 [self-0019-1-defense] Route planned: Target = 242 Mode = defense city-free reachable tiles = 327 Fallback-Tiles = 328
2026-06-02 10:36:26 [self-0019-1-defense] Priority agent: flow +6000 base = 235852 final = 241852
2026-06-02 10:36:26 [self-0019-1-defense] Move #860: 241 -> 242 | Army: 2 | Target-Terrain: 0 | Target: 242 | Half: False
2026-06-02 10:36:27 [self-0019-1-defense] My general index: 239
2026-06-02 10:36:27 [self-0019-1-defense] Enemy general index: None
2026-06-02 10:36:27 [self-0019-1-defense] Visible enemy tiles: 10
2026-06-02 10:36:27 [self-0019-1-defense] Tiles: 17 / 128
2026-06-02 10:36:27 [self-0019-1-defense] Map: 18 x 23 Turn: 879
2026-06-02 10:36:27 [self-0019-1-defense] Route planned: Target = 242 Mode = defense city-free reachable tiles = 327 Fallback-Tiles = 328
2026-06-02 10:36:27 [self-0019-1-defense] Priority agent: edge reuse -45000 base = 204030 final = 159030
2026-06-02 10:36:27 [self-0019-1-defense] Move #861: 224 -> 242 | Army: 111 | Target-Terrain: 0 | Target: 242 | Half: False
2026-06-02 10:36:27 [self-0019-1-defense] My general index: 239
2026-06-02 10:36:27 [self-0019-1-defense] Enemy general index: None
2026-06-02 10:36:27 [self-0019-1-defense] Visible enemy tiles: 10
2026-06-02 10:36:27 [self-0019-1-defense] Tiles: 17 / 128
2026-06-02 10:36:27 [self-0019-1-defense] Map: 18 x 23 Turn: 880
2026-06-02 10:36:27 [self-0019-1-defense] Route planned: Target = 224 Mode = defense city-free reachable tiles = 327 Fallback-Tiles = 328
2026-06-02 10:36:27 [self-0019-1-defense] Move #862: 202 -> 203 | Army: 2 | Target-Terrain: 0 | Target: 224 | Half: False
2026-06-02 10:36:28 [self-0019-1-defense] My general index: 239
2026-06-02 10:36:28 [self-0019-1-defense] Enemy general index: None
2026-06-02 10:36:28 [self-0019-1-defense] Visible enemy tiles: 10
2026-06-02 10:36:28 [self-0019-1-defense] Tiles: 17 / 128
2026-06-02 10:36:28 [self-0019-1-defense] Map: 18 x 23 Turn: 881
2026-06-02 10:36:28 [self-0019-1-defense] Route planned: Target = 224 Mode = defense city-free reachable tiles = 327 Fallback-Tiles = 328
2026-06-02 10:36:28 [self-0019-1-defense] Priority agent: edge reuse -45000 base = 200630 final = 155630
2026-06-02 10:36:28 [self-0019-1-defense] Move #863: 242 -> 224 | Army: 112 | Target-Terrain: 0 | Target: 224 | Half: False
2026-06-02 10:36:28 [self-0019-1-defense] My general index: 239
2026-06-02 10:36:28 [self-0019-1-defense] Enemy general index: None
2026-06-02 10:36:28 [self-0019-1-defense] Visible enemy tiles: 10
2026-06-02 10:36:28 [self-0019-1-defense] Tiles: 17 / 128
2026-06-02 10:36:28 [self-0019-1-defense] Map: 18 x 23 Turn: 882
2026-06-02 10:36:28 [self-0019-1-defense] Route planned: Target = 242 Mode = defense city-free reachable tiles = 327 Fallback-Tiles = 328
2026-06-02 10:36:28 [self-0019-1-defense] Move #864: 204 -> 205 | Army: 2 | Target-Terrain: 0 | Target: 242 | Half: False
2026-06-02 10:36:29 [self-0019-1-defense] My general index: 239
2026-06-02 10:36:29 [self-0019-1-defense] Enemy general index: None
2026-06-02 10:36:29 [self-0019-1-defense] Visible enemy tiles: 10
2026-06-02 10:36:29 [self-0019-1-defense] Tiles: 17 / 128
2026-06-02 10:36:29 [self-0019-1-defense] Map: 18 x 23 Turn: 883
2026-06-02 10:36:29 [self-0019-1-defense] Route planned: Target = 242 Mode = defense city-free reachable tiles = 327 Fallback-Tiles = 328
2026-06-02 10:36:29 [self-0019-1-defense] Priority agent: edge reuse -45000 base = 204030 final = 159030
2026-06-02 10:36:29 [self-0019-1-defense] Move #865: 224 -> 242 | Army: 112 | Target-Terrain: 0 | Target: 242 | Half: False
2026-06-02 10:36:29 [self-0019-1-defense] My general index: 239
2026-06-02 10:36:29 [self-0019-1-defense] Enemy general index: None
2026-06-02 10:36:29 [self-0019-1-defense] Visible enemy tiles: 10
2026-06-02 10:36:29 [self-0019-1-defense] Tiles: 17 / 128
2026-06-02 10:36:29 [self-0019-1-defense] Map: 18 x 23 Turn: 884
2026-06-02 10:36:29 [self-0019-1-defense] Route planned: Target = 224 Mode = defense city-free reachable tiles = 327 Fallback-Tiles = 328
2026-06-02 10:36:29 [self-0019-1-defense] Move #866: 277 -> 278 | Army: 149 | Target-Terrain: 0 | Target: 224 | Half: False
2026-06-02 10:36:30 [self-0019-1-defense] My general index: 239
2026-06-02 10:36:30 [self-0019-1-defense] Enemy general index: None
2026-06-02 10:36:30 [self-0019-1-defense] Visible enemy tiles: 10
2026-06-02 10:36:30 [self-0019-1-defense] Tiles: 17 / 128
2026-06-02 10:36:30 [self-0019-1-defense] Map: 18 x 23 Turn: 885
2026-06-02 10:36:30 [self-0019-1-defense] Route planned: Target = 277 Mode = defense city-free reachable tiles = 327 Fallback-Tiles = 328
2026-06-02 10:36:30 [self-0019-1-defense] Priority agent: reverse -35000, edge reuse -9000 base = 237730 final = 193730
2026-06-02 10:36:30 [self-0019-1-defense] Move #867: 278 -> 277 | Army: 149 | Target-Terrain: 0 | Target: 277 | Half: False
2026-06-02 10:36:30 [self-0019-1-defense] My general index: 239
2026-06-02 10:36:30 [self-0019-1-defense] Enemy general index: None
2026-06-02 10:36:30 [self-0019-1-defense] Visible enemy tiles: 10
2026-06-02 10:36:30 [self-0019-1-defense] Tiles: 17 / 128
2026-06-02 10:36:30 [self-0019-1-defense] Map: 18 x 23 Turn: 886
2026-06-02 10:36:30 [self-0019-1-defense] Route planned: Target = 224 Mode = defense city-free reachable tiles = 327 Fallback-Tiles = 328
2026-06-02 10:36:30 [self-0019-1-defense] Priority agent: edge reuse -45000 base = 200630 final = 155630
2026-06-02 10:36:30 [self-0019-1-defense] Move #868: 242 -> 224 | Army: 112 | Target-Terrain: 0 | Target: 224 | Half: False
2026-06-02 10:36:31 [self-0019-1-defense] My general index: 239
2026-06-02 10:36:31 [self-0019-1-defense] Enemy general index: None
2026-06-02 10:36:31 [self-0019-1-defense] Visible enemy tiles: 10
2026-06-02 10:36:31 [self-0019-1-defense] Tiles: 17 / 128
2026-06-02 10:36:31 [self-0019-1-defense] Map: 18 x 23 Turn: 887
2026-06-02 10:36:31 [self-0019-1-defense] Route planned: Target = 242 Mode = defense city-free reachable tiles = 327 Fallback-Tiles = 328
2026-06-02 10:36:31 [self-0019-1-defense] Move #869: 277 -> 259 | Army: 149 | Target-Terrain: 0 | Target: 242 | Half: False
2026-06-02 10:36:31 [self-0019-1-defense] My general index: 239
2026-06-02 10:36:31 [self-0019-1-defense] Enemy general index: None
2026-06-02 10:36:31 [self-0019-1-defense] Visible enemy tiles: 10
2026-06-02 10:36:31 [self-0019-1-defense] Tiles: 17 / 128
2026-06-02 10:36:31 [self-0019-1-defense] Map: 18 x 23 Turn: 888
2026-06-02 10:36:31 [self-0019-1-defense] Route planned: Target = 242 Mode = defense city-free reachable tiles = 327 Fallback-Tiles = 328
2026-06-02 10:36:31 [self-0019-1-defense] Priority agent: edge reuse -45000 base = 204030 final = 159030
2026-06-02 10:36:31 [self-0019-1-defense] Move #870: 224 -> 242 | Army: 112 | Target-Terrain: 0 | Target: 242 | Half: False
2026-06-02 10:36:32 [self-0019-1-defense] My general index: 239
2026-06-02 10:36:32 [self-0019-1-defense] Enemy general index: None
2026-06-02 10:36:32 [self-0019-1-defense] Visible enemy tiles: 10
2026-06-02 10:36:32 [self-0019-1-defense] Tiles: 17 / 128
2026-06-02 10:36:32 [self-0019-1-defense] Map: 18 x 23 Turn: 889
2026-06-02 10:36:32 [self-0019-1-defense] Route planned: Target = 277 Mode = defense city-free reachable tiles = 327 Fallback-Tiles = 328
2026-06-02 10:36:32 [self-0019-1-defense] Priority agent: edge reuse -9000 base = 234630 final = 225630
2026-06-02 10:36:32 [self-0019-1-defense] Move #871: 259 -> 277 | Army: 149 | Target-Terrain: 0 | Target: 277 | Half: False
2026-06-02 10:36:32 [self-0019-1-defense] My general index: 239
2026-06-02 10:36:32 [self-0019-1-defense] Enemy general index: None
2026-06-02 10:36:32 [self-0019-1-defense] Visible enemy tiles: 10
2026-06-02 10:36:32 [self-0019-1-defense] Tiles: 17 / 128
2026-06-02 10:36:32 [self-0019-1-defense] Map: 18 x 23 Turn: 890
2026-06-02 10:36:32 [self-0019-1-defense] Route planned: Target = 224 Mode = defense city-free reachable tiles = 327 Fallback-Tiles = 328
2026-06-02 10:36:32 [self-0019-1-defense] Priority agent: edge reuse -54000 base = 200630 final = 146630
2026-06-02 10:36:32 [self-0019-1-defense] Move #872: 242 -> 224 | Army: 112 | Target-Terrain: 0 | Target: 224 | Half: False
2026-06-02 10:36:33 [self-0019-1-defense] My general index: 239
2026-06-02 10:36:33 [self-0019-1-defense] Enemy general index: None
2026-06-02 10:36:33 [self-0019-1-defense] Visible enemy tiles: 10
2026-06-02 10:36:33 [self-0019-1-defense] Tiles: 17 / 128
2026-06-02 10:36:33 [self-0019-1-defense] Map: 18 x 23 Turn: 891
2026-06-02 10:36:33 [self-0019-1-defense] Route planned: Target = 242 Mode = defense city-free reachable tiles = 327 Fallback-Tiles = 328
2026-06-02 10:36:33 [self-0019-1-defense] Move #873: 205 -> 223 | Army: 2 | Target-Terrain: 0 | Target: 242 | Half: False
2026-06-02 10:36:33 [self-0019-1-defense] My general index: 239
2026-06-02 10:36:33 [self-0019-1-defense] Enemy general index: None
2026-06-02 10:36:33 [self-0019-1-defense] Visible enemy tiles: 10
2026-06-02 10:36:33 [self-0019-1-defense] Tiles: 17 / 128
2026-06-02 10:36:33 [self-0019-1-defense] Map: 18 x 23 Turn: 892
2026-06-02 10:36:33 [self-0019-1-defense] Reinforcement waypoint: 206 final target = 206 turns until reinforcement = 8
2026-06-02 10:36:33 [self-0019-1-defense] Route planned: Target = 206 Mode = reinforcement_waypoint city-free reachable tiles = 327 Fallback-Tiles = 328
2026-06-02 10:36:33 [self-0019-1-defense] Move #874: 224 -> 206 | Army: 112 | Target-Terrain: 1 | Target: 206 | Half: False
2026-06-02 10:36:34 [self-0019-1-defense] My general index: 239
2026-06-02 10:36:34 [self-0019-1-defense] Enemy general index: None
2026-06-02 10:36:34 [self-0019-1-defense] Visible enemy tiles: 10
2026-06-02 10:36:34 [self-0019-1-defense] Tiles: 18 / 127
2026-06-02 10:36:34 [self-0019-1-defense] Map: 18 x 23 Turn: 893
2026-06-02 10:36:34 [self-0019-1-defense] Reinforcement waypoint: 207 final target = 207 turns until reinforcement = 7
2026-06-02 10:36:34 [self-0019-1-defense] Route planned: Target = 207 Mode = reinforcement_waypoint city-free reachable tiles = 327 Fallback-Tiles = 328
2026-06-02 10:36:34 [self-0019-1-defense] Priority agent: flow +6000 base = 91580 final = 97580
2026-06-02 10:36:34 [self-0019-1-defense] Move #875: 206 -> 207 | Army: 109 | Target-Terrain: 1 | Target: 207 | Half: False
2026-06-02 10:36:34 [self-0019-1-defense] My general index: 239
2026-06-02 10:36:34 [self-0019-1-defense] Enemy general index: None
2026-06-02 10:36:34 [self-0019-1-defense] Visible enemy tiles: 12
2026-06-02 10:36:34 [self-0019-1-defense] Tiles: 19 / 126
2026-06-02 10:36:34 [self-0019-1-defense] Map: 18 x 23 Turn: 894
2026-06-02 10:36:34 [self-0019-1-defense] Reinforcement waypoint: 189 final target = 188 turns until reinforcement = 6
2026-06-02 10:36:34 [self-0019-1-defense] Route planned: Target = 189 Mode = reinforcement_waypoint city-free reachable tiles = 327 Fallback-Tiles = 329
2026-06-02 10:36:34 [self-0019-1-defense] Priority agent: flow +6000 base = 93780 final = 99780
2026-06-02 10:36:34 [self-0019-1-defense] Move #876: 207 -> 189 | Army: 106 | Target-Terrain: 1 | Target: 189 | Half: False
2026-06-02 10:36:35 [self-0019-1-defense] My general index: 239
2026-06-02 10:36:35 [self-0019-1-defense] Enemy general index: None
2026-06-02 10:36:35 [self-0019-1-defense] Visible enemy tiles: 13
2026-06-02 10:36:35 [self-0019-1-defense] Tiles: 19 / 126
2026-06-02 10:36:35 [self-0019-1-defense] Map: 18 x 23 Turn: 895
2026-06-02 10:36:35 [self-0019-1-defense] Reinforcement waypoint: 188 final target = 206 turns until reinforcement = 5
2026-06-02 10:36:35 [self-0019-1-defense] Route planned: Target = 188 Mode = reinforcement_waypoint city-free reachable tiles = 327 Fallback-Tiles = 329
2026-06-02 10:36:35 [self-0019-1-defense] Priority agent: flow +6000 base = 91280 final = 97280
2026-06-02 10:36:35 [self-0019-1-defense] Move #877: 189 -> 188 | Army: 91 | Target-Terrain: 1 | Target: 188 | Half: False
2026-06-02 10:36:35 [self-0019-1-defense] My general index: 239
2026-06-02 10:36:35 [self-0019-1-defense] Enemy general index: None
2026-06-02 10:36:35 [self-0019-1-defense] Visible enemy tiles: 13
2026-06-02 10:36:35 [self-0019-1-defense] Tiles: 19 / 126
2026-06-02 10:36:35 [self-0019-1-defense] Map: 18 x 23 Turn: 896
2026-06-02 10:36:35 [self-0019-1-defense] Route planned: Target = 205 Mode = defense city-free reachable tiles = 327 Fallback-Tiles = 329
2026-06-02 10:36:35 [self-0019-1-defense] Priority agent: edge reuse -9000 base = 228852 final = 219852
2026-06-02 10:36:35 [self-0019-1-defense] Move #878: 223 -> 205 | Army: 2 | Target-Terrain: 0 | Target: 205 | Half: False
2026-06-02 10:36:36 [self-0019-1-defense] Coach: stabilize tiles 18/127 army 461/2098 cities 0/0 enemy_city_suspect False bias {'expansion_bias': 0.1, 'city_bias': 0.2, 'attack_bias': -0.5, 'defense_bias': 2.0, 'route_bias': 0.1}
2026-06-02 10:36:36 [self-0019-1-defense] My general index: 239
2026-06-02 10:36:36 [self-0019-1-defense] Enemy general index: None
2026-06-02 10:36:36 [self-0019-1-defense] Visible enemy tiles: 12
2026-06-02 10:36:36 [self-0019-1-defense] Tiles: 18 / 127
2026-06-02 10:36:36 [self-0019-1-defense] Map: 18 x 23 Turn: 897
2026-06-02 10:36:36 [self-0019-1-defense] Route planned: Target = 205 Mode = defense city-free reachable tiles = 327 Fallback-Tiles = 328
2026-06-02 10:36:36 [self-0019-1-defense] Move #879: 188 -> 206 | Army: 89 | Target-Terrain: 1 | Target: 205 | Half: False
2026-06-02 10:36:36 [self-0019-1-defense] My general index: 239
2026-06-02 10:36:36 [self-0019-1-defense] Enemy general index: None
2026-06-02 10:36:36 [self-0019-1-defense] Visible enemy tiles: 11
2026-06-02 10:36:36 [self-0019-1-defense] Tiles: 19 / 126
2026-06-02 10:36:36 [self-0019-1-defense] Map: 18 x 23 Turn: 898
2026-06-02 10:36:36 [self-0019-1-defense] Route planned: Target = 205 Mode = defense city-free reachable tiles = 327 Fallback-Tiles = 328
2026-06-02 10:36:36 [self-0019-1-defense] Priority agent: flow +6000 base = 252930 final = 258930
2026-06-02 10:36:36 [self-0019-1-defense] Move #880: 206 -> 205 | Army: 87 | Target-Terrain: 0 | Target: 205 | Half: False
2026-06-02 10:36:37 [self-0019-1-defense] My general index: 239
2026-06-02 10:36:37 [self-0019-1-defense] Enemy general index: None
2026-06-02 10:36:37 [self-0019-1-defense] Visible enemy tiles: 10
2026-06-02 10:36:37 [self-0019-1-defense] Tiles: 18 / 127
2026-06-02 10:36:37 [self-0019-1-defense] Map: 18 x 23 Turn: 899
2026-06-02 10:36:37 [self-0019-1-defense] Route planned: Target = 186 Mode = defense city-free reachable tiles = 327 Fallback-Tiles = 328
2026-06-02 10:36:37 [self-0019-1-defense] Priority agent: flow +6000 base = 180590 final = 186590
2026-06-02 10:36:37 [self-0019-1-defense] Move #881: 205 -> 187 | Army: 88 | Target-Terrain: 1 | Target: 186 | Half: False
2026-06-02 10:36:37 [self-0019-1-defense] My general index: 239
2026-06-02 10:36:37 [self-0019-1-defense] Enemy general index: None
2026-06-02 10:36:37 [self-0019-1-defense] Visible enemy tiles: 10
2026-06-02 10:36:37 [self-0019-1-defense] Tiles: 18 / 127
2026-06-02 10:36:37 [self-0019-1-defense] Map: 18 x 23 Turn: 900
2026-06-02 10:36:37 [self-0019-1-defense] Route planned: Target = 242 Mode = defense city-free reachable tiles = 327 Fallback-Tiles = 328
2026-06-02 10:36:37 [self-0019-1-defense] Move #882: 241 -> 242 | Army: 2 | Target-Terrain: 0 | Target: 242 | Half: False
2026-06-02 10:36:38 [self-0019-1-defense] My general index: 239
2026-06-02 10:36:38 [self-0019-1-defense] Enemy general index: None
2026-06-02 10:36:38 [self-0019-1-defense] Visible enemy tiles: 11
2026-06-02 10:36:38 [self-0019-1-defense] Tiles: 17 / 128
2026-06-02 10:36:38 [self-0019-1-defense] Map: 18 x 23 Turn: 901
2026-06-02 10:36:38 [self-0019-1-defense] Route planned: Target = 203 Mode = defense city-free reachable tiles = 327 Fallback-Tiles = 328
2026-06-02 10:36:38 [self-0019-1-defense] Move #883: 202 -> 203 | Army: 2 | Target-Terrain: 0 | Target: 203 | Half: False
2026-06-02 10:36:38 [self-0019-1-defense] My general index: 239
2026-06-02 10:36:38 [self-0019-1-defense] Enemy general index: None
2026-06-02 10:36:38 [self-0019-1-defense] Visible enemy tiles: 12
2026-06-02 10:36:38 [self-0019-1-defense] Tiles: 16 / 129
2026-06-02 10:36:38 [self-0019-1-defense] Map: 18 x 23 Turn: 902
2026-06-02 10:36:38 [self-0019-1-defense] Route planned: Target = 203 Mode = defense city-free reachable tiles = 327 Fallback-Tiles = 328
2026-06-02 10:36:38 [self-0019-1-defense] Move #884: 221 -> 203 | Army: 6 | Target-Terrain: 0 | Target: 203 | Half: False
2026-06-02 10:36:39 [self-0019-1-defense] My general index: 239
2026-06-02 10:36:39 [self-0019-1-defense] Enemy general index: None
2026-06-02 10:36:39 [self-0019-1-defense] Visible enemy tiles: 13
2026-06-02 10:36:39 [self-0019-1-defense] Tiles: 15 / 130
2026-06-02 10:36:39 [self-0019-1-defense] Map: 18 x 23 Turn: 903
2026-06-02 10:36:39 [self-0019-1-defense] Route planned: Target = 203 Mode = defense city-free reachable tiles = 327 Fallback-Tiles = 328
2026-06-02 10:36:39 [self-0019-1-defense] Move #885: 187 -> 186 | Army: 87 | Target-Terrain: 1 | Target: 203 | Half: False
2026-06-02 10:36:39 [self-0019-1-defense] My general index: 239
2026-06-02 10:36:39 [self-0019-1-defense] Enemy general index: None
2026-06-02 10:36:39 [self-0019-1-defense] Visible enemy tiles: 13
2026-06-02 10:36:39 [self-0019-1-defense] Tiles: 16 / 129
2026-06-02 10:36:39 [self-0019-1-defense] Map: 18 x 23 Turn: 904
2026-06-02 10:36:39 [self-0019-1-defense] Route planned: Target = 203 Mode = defense city-free reachable tiles = 327 Fallback-Tiles = 328
2026-06-02 10:36:39 [self-0019-1-defense] Priority agent: flow +6000 base = 183690 final = 189690
2026-06-02 10:36:39 [self-0019-1-defense] Move #886: 186 -> 204 | Army: 84 | Target-Terrain: 1 | Target: 203 | Half: False
2026-06-02 10:36:40 [self-0019-1-defense] My general index: 239
2026-06-02 10:36:40 [self-0019-1-defense] Enemy general index: None
2026-06-02 10:36:40 [self-0019-1-defense] Visible enemy tiles: 12
2026-06-02 10:36:40 [self-0019-1-defense] Tiles: 16 / 129
2026-06-02 10:36:40 [self-0019-1-defense] Map: 18 x 23 Turn: 905
2026-06-02 10:36:40 [self-0019-1-defense] Route planned: Target = 203 Mode = defense city-free reachable tiles = 327 Fallback-Tiles = 328
2026-06-02 10:36:40 [self-0019-1-defense] Priority agent: flow +6000 base = 272930 final = 278930
2026-06-02 10:36:40 [self-0019-1-defense] Move #887: 204 -> 203 | Army: 82 | Target-Terrain: 1 | Target: 203 | Half: False
2026-06-02 10:36:40 [self-0019-1-defense] My general index: 239
2026-06-02 10:36:40 [self-0019-1-defense] Enemy general index: None
2026-06-02 10:36:40 [self-0019-1-defense] Visible enemy tiles: 11
2026-06-02 10:36:40 [self-0019-1-defense] Tiles: 17 / 128
2026-06-02 10:36:40 [self-0019-1-defense] Map: 18 x 23 Turn: 906
2026-06-02 10:36:40 [self-0019-1-defense] Route planned: Target = 204 Mode = defense city-free reachable tiles = 327 Fallback-Tiles = 328
2026-06-02 10:36:40 [self-0019-1-defense] Priority agent: reverse -35000, edge reuse -9000 base = 233130 final = 189130
2026-06-02 10:36:40 [self-0019-1-defense] Move #888: 203 -> 204 | Army: 80 | Target-Terrain: 0 | Target: 204 | Half: False
2026-06-02 10:36:41 [self-0019-1-defense] My general index: 239
2026-06-02 10:36:41 [self-0019-1-defense] Enemy general index: None
2026-06-02 10:36:41 [self-0019-1-defense] Visible enemy tiles: 11
2026-06-02 10:36:41 [self-0019-1-defense] Tiles: 17 / 128
2026-06-02 10:36:41 [self-0019-1-defense] Map: 18 x 23 Turn: 907
2026-06-02 10:36:41 [self-0019-1-defense] Route planned: Target = 203 Mode = defense city-free reachable tiles = 327 Fallback-Tiles = 328
2026-06-02 10:36:41 [self-0019-1-defense] Priority agent: reverse -35000, edge reuse -18000, flow +3000 base = 209530 final = 159530
2026-06-02 10:36:41 [self-0019-1-defense] Move #889: 204 -> 203 | Army: 80 | Target-Terrain: 0 | Target: 203 | Half: False
2026-06-02 10:36:41 [self-0019-1-defense] My general index: 239
2026-06-02 10:36:41 [self-0019-1-defense] Enemy general index: None
2026-06-02 10:36:41 [self-0019-1-defense] Visible enemy tiles: 11
2026-06-02 10:36:41 [self-0019-1-defense] Tiles: 17 / 128
2026-06-02 10:36:41 [self-0019-1-defense] Map: 18 x 23 Turn: 908
2026-06-02 10:36:41 [self-0019-1-defense] Route planned: Target = 204 Mode = defense city-free reachable tiles = 327 Fallback-Tiles = 328
2026-06-02 10:36:41 [self-0019-1-defense] Move #890: 201 -> 202 | Army: 2 | Target-Terrain: 0 | Target: 204 | Half: False
2026-06-02 10:36:42 [self-0019-1-defense] My general index: 239
2026-06-02 10:36:42 [self-0019-1-defense] Enemy general index: None
2026-06-02 10:36:42 [self-0019-1-defense] Visible enemy tiles: 11
2026-06-02 10:36:42 [self-0019-1-defense] Tiles: 17 / 128
2026-06-02 10:36:42 [self-0019-1-defense] Map: 18 x 23 Turn: 909
2026-06-02 10:36:42 [self-0019-1-defense] Route planned: Target = 204 Mode = defense city-free reachable tiles = 327 Fallback-Tiles = 328
2026-06-02 10:36:42 [self-0019-1-defense] Priority agent: edge reuse -27000 base = 203030 final = 176030
2026-06-02 10:36:42 [self-0019-1-defense] Move #891: 203 -> 204 | Army: 80 | Target-Terrain: 0 | Target: 204 | Half: False
2026-06-02 10:36:42 [self-0019-1-defense] My general index: 239
2026-06-02 10:36:42 [self-0019-1-defense] Enemy general index: None
2026-06-02 10:36:42 [self-0019-1-defense] Visible enemy tiles: 11
2026-06-02 10:36:42 [self-0019-1-defense] Tiles: 17 / 128
2026-06-02 10:36:42 [self-0019-1-defense] Map: 18 x 23 Turn: 910
2026-06-02 10:36:42 [self-0019-1-defense] Route planned: Target = 203 Mode = defense city-free reachable tiles = 327 Fallback-Tiles = 328
2026-06-02 10:36:42 [self-0019-1-defense] Priority agent: edge reuse -9000 base = 240452 final = 231452
2026-06-02 10:36:42 [self-0019-1-defense] Move #892: 202 -> 203 | Army: 2 | Target-Terrain: 0 | Target: 203 | Half: False
2026-06-02 10:36:43 [self-0019-1-defense] My general index: 239
2026-06-02 10:36:43 [self-0019-1-defense] Enemy general index: None
2026-06-02 10:36:43 [self-0019-1-defense] Visible enemy tiles: 11
2026-06-02 10:36:43 [self-0019-1-defense] Tiles: 17 / 128
2026-06-02 10:36:43 [self-0019-1-defense] Map: 18 x 23 Turn: 911
2026-06-02 10:36:43 [self-0019-1-defense] Route planned: Target = 203 Mode = defense city-free reachable tiles = 327 Fallback-Tiles = 328
2026-06-02 10:36:43 [self-0019-1-defense] Priority agent: edge reuse -36000 base = 206430 final = 170430
2026-06-02 10:36:43 [self-0019-1-defense] Move #893: 204 -> 203 | Army: 80 | Target-Terrain: 0 | Target: 203 | Half: False
2026-06-02 10:36:43 [self-0019-1-defense] My general index: 239
2026-06-02 10:36:43 [self-0019-1-defense] Enemy general index: None
2026-06-02 10:36:43 [self-0019-1-defense] Visible enemy tiles: 11
2026-06-02 10:36:43 [self-0019-1-defense] Tiles: 17 / 128
2026-06-02 10:36:43 [self-0019-1-defense] Map: 18 x 23 Turn: 912
2026-06-02 10:36:43 [self-0019-1-defense] Route planned: Target = 204 Mode = defense city-free reachable tiles = 327 Fallback-Tiles = 328
2026-06-02 10:36:43 [self-0019-1-defense] Move #894: 220 -> 202 | Army: 7 | Target-Terrain: 0 | Target: 204 | Half: False
2026-06-02 10:36:44 [self-0019-1-defense] My general index: 239
2026-06-02 10:36:44 [self-0019-1-defense] Enemy general index: None
2026-06-02 10:36:44 [self-0019-1-defense] Visible enemy tiles: 11
2026-06-02 10:36:44 [self-0019-1-defense] Tiles: 17 / 128
2026-06-02 10:36:44 [self-0019-1-defense] Map: 18 x 23 Turn: 913
2026-06-02 10:36:44 [self-0019-1-defense] Route planned: Target = 204 Mode = defense city-free reachable tiles = 327 Fallback-Tiles = 328
2026-06-02 10:36:44 [self-0019-1-defense] Priority agent: edge reuse -45000 base = 203030 final = 158030
2026-06-02 10:36:44 [self-0019-1-defense] Move #895: 203 -> 204 | Army: 81 | Target-Terrain: 0 | Target: 204 | Half: False
2026-06-02 10:36:44 [self-0019-1-defense] My general index: 239
2026-06-02 10:36:44 [self-0019-1-defense] Enemy general index: None
2026-06-02 10:36:44 [self-0019-1-defense] Visible enemy tiles: 11
2026-06-02 10:36:44 [self-0019-1-defense] Tiles: 17 / 128
2026-06-02 10:36:44 [self-0019-1-defense] Map: 18 x 23 Turn: 914
2026-06-02 10:36:44 [self-0019-1-defense] Route planned: Target = 203 Mode = defense city-free reachable tiles = 327 Fallback-Tiles = 328
2026-06-02 10:36:44 [self-0019-1-defense] Priority agent: edge reuse -18000 base = 225457 final = 207457
2026-06-02 10:36:44 [self-0019-1-defense] Move #896: 202 -> 203 | Army: 7 | Target-Terrain: 0 | Target: 203 | Half: False
2026-06-02 10:36:45 [self-0019-1-defense] My general index: 239
2026-06-02 10:36:45 [self-0019-1-defense] Enemy general index: None
2026-06-02 10:36:45 [self-0019-1-defense] Visible enemy tiles: 11
2026-06-02 10:36:45 [self-0019-1-defense] Tiles: 17 / 128
2026-06-02 10:36:45 [self-0019-1-defense] Map: 18 x 23 Turn: 915
2026-06-02 10:36:45 [self-0019-1-defense] Route planned: Target = 203 Mode = defense city-free reachable tiles = 327 Fallback-Tiles = 328
2026-06-02 10:36:45 [self-0019-1-defense] Priority agent: edge reuse -54000 base = 206430 final = 152430
2026-06-02 10:36:45 [self-0019-1-defense] Move #897: 204 -> 203 | Army: 81 | Target-Terrain: 0 | Target: 203 | Half: False
2026-06-02 10:36:45 [self-0019-1-defense] My general index: 239
2026-06-02 10:36:45 [self-0019-1-defense] Enemy general index: None
2026-06-02 10:36:45 [self-0019-1-defense] Visible enemy tiles: 11
2026-06-02 10:36:45 [self-0019-1-defense] Tiles: 17 / 128
2026-06-02 10:36:45 [self-0019-1-defense] Map: 18 x 23 Turn: 916
2026-06-02 10:36:45 [self-0019-1-defense] Route planned: Target = 204 Mode = defense city-free reachable tiles = 327 Fallback-Tiles = 328
2026-06-02 10:36:45 [self-0019-1-defense] Move #898: 242 -> 224 | Army: 3 | Target-Terrain: 0 | Target: 204 | Half: False
2026-06-02 10:36:46 [self-0019-1-defense] My general index: 239
2026-06-02 10:36:46 [self-0019-1-defense] Enemy general index: None
2026-06-02 10:36:46 [self-0019-1-defense] Visible enemy tiles: 11
2026-06-02 10:36:46 [self-0019-1-defense] Tiles: 17 / 128
2026-06-02 10:36:46 [self-0019-1-defense] Map: 18 x 23 Turn: 917
2026-06-02 10:36:46 [self-0019-1-defense] Route planned: Target = 204 Mode = defense city-free reachable tiles = 327 Fallback-Tiles = 328
2026-06-02 10:36:46 [self-0019-1-defense] Priority agent: flow +6000 base = 178374 final = 184374
2026-06-02 10:36:46 [self-0019-1-defense] Move #899: 224 -> 206 | Army: 4 | Target-Terrain: 1 | Target: 204 | Half: False
2026-06-02 10:36:46 [self-0019-1-defense] My general index: 239
2026-06-02 10:36:46 [self-0019-1-defense] Enemy general index: None
2026-06-02 10:36:46 [self-0019-1-defense] Visible enemy tiles: 12
2026-06-02 10:36:46 [self-0019-1-defense] Tiles: 18 / 127
2026-06-02 10:36:46 [self-0019-1-defense] Map: 18 x 23 Turn: 918
2026-06-02 10:36:46 [self-0019-1-defense] Route planned: Target = 204 Mode = defense city-free reachable tiles = 327 Fallback-Tiles = 328
2026-06-02 10:36:46 [self-0019-1-defense] Move #900: 260 -> 242 | Army: 2 | Target-Terrain: 0 | Target: 204 | Half: False
2026-06-02 10:36:47 [self-0019-1-defense] My general index: 239
2026-06-02 10:36:47 [self-0019-1-defense] Enemy general index: None
2026-06-02 10:36:47 [self-0019-1-defense] Visible enemy tiles: 13
2026-06-02 10:36:47 [self-0019-1-defense] Tiles: 17 / 128
2026-06-02 10:36:47 [self-0019-1-defense] Map: 18 x 23 Turn: 919
2026-06-02 10:36:47 [self-0019-1-defense] Route planned: Target = 204 Mode = defense city-free reachable tiles = 327 Fallback-Tiles = 328
2026-06-02 10:36:47 [self-0019-1-defense] Priority agent: flow +6000 base = 146182 final = 152182
2026-06-02 10:36:47 [self-0019-1-defense] Move #901: 242 -> 241 | Army: 2 | Target-Terrain: 0 | Target: 204 | Half: False
2026-06-02 10:36:47 [self-0019-1-defense] My general index: 239
2026-06-02 10:36:47 [self-0019-1-defense] Enemy general index: None
2026-06-02 10:36:47 [self-0019-1-defense] Visible enemy tiles: 13
2026-06-02 10:36:47 [self-0019-1-defense] Tiles: 17 / 128
2026-06-02 10:36:47 [self-0019-1-defense] Map: 18 x 23 Turn: 920
2026-06-02 10:36:47 [self-0019-1-defense] Route planned: Target = 204 Mode = defense city-free reachable tiles = 327 Fallback-Tiles = 328
2026-06-02 10:36:47 [self-0019-1-defense] Priority agent: flow +6000 base = 144072 final = 150072
2026-06-02 10:36:47 [self-0019-1-defense] Move #902: 241 -> 223 | Army: 2 | Target-Terrain: 0 | Target: 204 | Half: False
2026-06-02 10:36:48 [self-0019-1-defense] My general index: 239
2026-06-02 10:36:48 [self-0019-1-defense] Enemy general index: None
2026-06-02 10:36:48 [self-0019-1-defense] Visible enemy tiles: 13
2026-06-02 10:36:48 [self-0019-1-defense] Tiles: 17 / 128
2026-06-02 10:36:48 [self-0019-1-defense] Map: 18 x 23 Turn: 921
2026-06-02 10:36:48 [self-0019-1-defense] Route planned: Target = 204 Mode = defense city-free reachable tiles = 327 Fallback-Tiles = 328
2026-06-02 10:36:48 [self-0019-1-defense] Priority agent: flow +6000 base = 176913 final = 182913
2026-06-02 10:36:48 [self-0019-1-defense] Move #903: 223 -> 205 | Army: 3 | Target-Terrain: 1 | Target: 204 | Half: False
2026-06-02 10:36:48 [self-0019-1-defense] My general index: 239
2026-06-02 10:36:48 [self-0019-1-defense] Enemy general index: None
2026-06-02 10:36:48 [self-0019-1-defense] Visible enemy tiles: 12
2026-06-02 10:36:48 [self-0019-1-defense] Tiles: 18 / 127
2026-06-02 10:36:48 [self-0019-1-defense] Map: 18 x 23 Turn: 922
2026-06-02 10:36:48 [self-0019-1-defense] Route planned: Target = 204 Mode = defense city-free reachable tiles = 327 Fallback-Tiles = 328
2026-06-02 10:36:48 [self-0019-1-defense] Priority agent: edge reuse -36000 base = 203030 final = 167030
2026-06-02 10:36:48 [self-0019-1-defense] Move #904: 203 -> 204 | Army: 87 | Target-Terrain: 0 | Target: 204 | Half: False
2026-06-02 10:36:49 [self-0019-1-defense] My general index: 239
2026-06-02 10:36:49 [self-0019-1-defense] Enemy general index: None
2026-06-02 10:36:49 [self-0019-1-defense] Visible enemy tiles: 12
2026-06-02 10:36:49 [self-0019-1-defense] Tiles: 18 / 127
2026-06-02 10:36:49 [self-0019-1-defense] Map: 18 x 23 Turn: 923
2026-06-02 10:36:49 [self-0019-1-defense] Route planned: Target = 203 Mode = defense city-free reachable tiles = 327 Fallback-Tiles = 328
2026-06-02 10:36:49 [self-0019-1-defense] Move #905: 206 -> 205 | Army: 2 | Target-Terrain: 0 | Target: 203 | Half: False
2026-06-02 10:36:49 [self-0019-1-defense] My general index: 239
2026-06-02 10:36:49 [self-0019-1-defense] Enemy general index: None
2026-06-02 10:36:49 [self-0019-1-defense] Visible enemy tiles: 12
2026-06-02 10:36:49 [self-0019-1-defense] Tiles: 18 / 127
2026-06-02 10:36:49 [self-0019-1-defense] Map: 18 x 23 Turn: 924
2026-06-02 10:36:49 [self-0019-1-defense] Route planned: Target = 203 Mode = defense city-free reachable tiles = 327 Fallback-Tiles = 328
2026-06-02 10:36:49 [self-0019-1-defense] Priority agent: edge reuse -36000 base = 206430 final = 170430
2026-06-02 10:36:49 [self-0019-1-defense] Move #906: 204 -> 203 | Army: 87 | Target-Terrain: 0 | Target: 203 | Half: False
2026-06-02 10:36:50 [self-0019-1-defense] My general index: 239
2026-06-02 10:36:50 [self-0019-1-defense] Enemy general index: None
2026-06-02 10:36:50 [self-0019-1-defense] Visible enemy tiles: 12
2026-06-02 10:36:50 [self-0019-1-defense] Tiles: 18 / 127
2026-06-02 10:36:50 [self-0019-1-defense] Map: 18 x 23 Turn: 925
2026-06-02 10:36:50 [self-0019-1-defense] Route planned: Target = 204 Mode = defense city-free reachable tiles = 327 Fallback-Tiles = 328
2026-06-02 10:36:50 [self-0019-1-defense] Move #907: 205 -> 204 | Army: 2 | Target-Terrain: 0 | Target: 204 | Half: False
2026-06-02 10:36:50 [self-0019-1-defense] My general index: 239
2026-06-02 10:36:50 [self-0019-1-defense] Enemy general index: None
2026-06-02 10:36:50 [self-0019-1-defense] Visible enemy tiles: 12
2026-06-02 10:36:50 [self-0019-1-defense] Tiles: 18 / 127
2026-06-02 10:36:50 [self-0019-1-defense] Map: 18 x 23 Turn: 926
2026-06-02 10:36:50 [self-0019-1-defense] Route planned: Target = 204 Mode = defense city-free reachable tiles = 327 Fallback-Tiles = 328
2026-06-02 10:36:50 [self-0019-1-defense] Priority agent: edge reuse -36000 base = 203030 final = 167030
2026-06-02 10:36:50 [self-0019-1-defense] Move #908: 203 -> 204 | Army: 87 | Target-Terrain: 0 | Target: 204 | Half: False
2026-06-02 10:36:51 [self-0019-1-defense] My general index: 239
2026-06-02 10:36:51 [self-0019-1-defense] Enemy general index: None
2026-06-02 10:36:51 [self-0019-1-defense] Visible enemy tiles: 12
2026-06-02 10:36:51 [self-0019-1-defense] Tiles: 18 / 127
2026-06-02 10:36:51 [self-0019-1-defense] Map: 18 x 23 Turn: 927
2026-06-02 10:36:51 [self-0019-1-defense] Route planned: Target = 203 Mode = defense city-free reachable tiles = 327 Fallback-Tiles = 328
2026-06-02 10:36:51 [self-0019-1-defense] Move #909: 278 -> 277 | Army: 2 | Target-Terrain: 0 | Target: 203 | Half: False
2026-06-02 10:36:51 [self-0019-1-defense] My general index: 239
2026-06-02 10:36:51 [self-0019-1-defense] Enemy general index: None
2026-06-02 10:36:51 [self-0019-1-defense] Visible enemy tiles: 12
2026-06-02 10:36:51 [self-0019-1-defense] Tiles: 18 / 127
2026-06-02 10:36:51 [self-0019-1-defense] Map: 18 x 23 Turn: 928
2026-06-02 10:36:51 [self-0019-1-defense] Route planned: Target = 203 Mode = defense city-free reachable tiles = 327 Fallback-Tiles = 328
2026-06-02 10:36:51 [self-0019-1-defense] Priority agent: edge reuse -36000 base = 206430 final = 170430
2026-06-02 10:36:51 [self-0019-1-defense] Move #910: 204 -> 203 | Army: 88 | Target-Terrain: 0 | Target: 203 | Half: False
2026-06-02 10:36:52 [self-0019-1-defense] My general index: 239
2026-06-02 10:36:52 [self-0019-1-defense] Enemy general index: None
2026-06-02 10:36:52 [self-0019-1-defense] Visible enemy tiles: 12
2026-06-02 10:36:52 [self-0019-1-defense] Tiles: 17 / 128
2026-06-02 10:36:52 [self-0019-1-defense] Map: 18 x 23 Turn: 929
2026-06-02 10:36:52 [self-0019-1-defense] Route planned: Target = 204 Mode = defense city-free reachable tiles = 327 Fallback-Tiles = 328
2026-06-02 10:36:52 [self-0019-1-defense] Move #911: 277 -> 259 | Army: 151 | Target-Terrain: 0 | Target: 204 | Half: False
2026-06-02 10:36:52 [self-0019-1-defense] My general index: 239
2026-06-02 10:36:52 [self-0019-1-defense] Enemy general index: None
2026-06-02 10:36:52 [self-0019-1-defense] Visible enemy tiles: 12
2026-06-02 10:36:52 [self-0019-1-defense] Tiles: 17 / 128
2026-06-02 10:36:52 [self-0019-1-defense] Map: 18 x 23 Turn: 930
2026-06-02 10:36:52 [self-0019-1-defense] Route planned: Target = 204 Mode = defense city-free reachable tiles = 327 Fallback-Tiles = 328
2026-06-02 10:36:52 [self-0019-1-defense] Priority agent: edge reuse -36000 base = 203030 final = 167030
2026-06-02 10:36:52 [self-0019-1-defense] Move #912: 203 -> 204 | Army: 88 | Target-Terrain: 0 | Target: 204 | Half: False
2026-06-02 10:36:53 [self-0019-1-defense] My general index: 239
2026-06-02 10:36:53 [self-0019-1-defense] Enemy general index: None
2026-06-02 10:36:53 [self-0019-1-defense] Visible enemy tiles: 12
2026-06-02 10:36:53 [self-0019-1-defense] Tiles: 17 / 128
2026-06-02 10:36:53 [self-0019-1-defense] Map: 18 x 23 Turn: 931
2026-06-02 10:36:53 [self-0019-1-defense] Route planned: Target = 203 Mode = defense city-free reachable tiles = 327 Fallback-Tiles = 328
2026-06-02 10:36:53 [self-0019-1-defense] Move #913: 259 -> 241 | Army: 152 | Target-Terrain: 0 | Target: 203 | Half: False
2026-06-02 10:36:53 [self-0019-1-defense] My general index: 239
2026-06-02 10:36:53 [self-0019-1-defense] Enemy general index: None
2026-06-02 10:36:53 [self-0019-1-defense] Visible enemy tiles: 12
2026-06-02 10:36:53 [self-0019-1-defense] Tiles: 17 / 128
2026-06-02 10:36:53 [self-0019-1-defense] Map: 18 x 23 Turn: 932
2026-06-02 10:36:53 [self-0019-1-defense] Route planned: Target = 203 Mode = defense city-free reachable tiles = 327 Fallback-Tiles = 328
2026-06-02 10:36:53 [self-0019-1-defense] Priority agent: edge reuse -45000 base = 206430 final = 161430
2026-06-02 10:36:53 [self-0019-1-defense] Move #914: 204 -> 203 | Army: 88 | Target-Terrain: 0 | Target: 203 | Half: False
2026-06-02 10:36:54 [self-0019-1-defense] My general index: 239
2026-06-02 10:36:54 [self-0019-1-defense] Enemy general index: None
2026-06-02 10:36:54 [self-0019-1-defense] Visible enemy tiles: 12
2026-06-02 10:36:54 [self-0019-1-defense] Tiles: 17 / 128
2026-06-02 10:36:54 [self-0019-1-defense] Map: 18 x 23 Turn: 933
2026-06-02 10:36:54 [self-0019-1-defense] Route planned: Target = 204 Mode = defense city-free reachable tiles = 327 Fallback-Tiles = 328
2026-06-02 10:36:54 [self-0019-1-defense] Move #915: 239 -> 221 | Army: 213 | Target-Terrain: 0 | Target: 204 | Half: True
2026-06-02 10:36:54 [self-0019-1-defense] My general index: 239
2026-06-02 10:36:54 [self-0019-1-defense] Enemy general index: None
2026-06-02 10:36:54 [self-0019-1-defense] Visible enemy tiles: 12
2026-06-02 10:36:54 [self-0019-1-defense] Tiles: 17 / 128
2026-06-02 10:36:54 [self-0019-1-defense] Map: 18 x 23 Turn: 934
2026-06-02 10:36:54 [self-0019-1-defense] Route planned: Target = 204 Mode = defense city-free reachable tiles = 327 Fallback-Tiles = 328
2026-06-02 10:36:54 [self-0019-1-defense] Priority agent: edge reuse -54000 base = 203030 final = 149030
2026-06-02 10:36:54 [self-0019-1-defense] Move #916: 203 -> 204 | Army: 88 | Target-Terrain: 0 | Target: 204 | Half: False
2026-06-02 10:36:55 [self-0019-1-defense] My general index: 239
2026-06-02 10:36:55 [self-0019-1-defense] Enemy general index: None
2026-06-02 10:36:55 [self-0019-1-defense] Visible enemy tiles: 12
2026-06-02 10:36:55 [self-0019-1-defense] Tiles: 17 / 128
2026-06-02 10:36:55 [self-0019-1-defense] Map: 18 x 23 Turn: 935
2026-06-02 10:36:55 [self-0019-1-defense] Route planned: Target = 203 Mode = defense city-free reachable tiles = 327 Fallback-Tiles = 328
2026-06-02 10:36:55 [self-0019-1-defense] Move #917: 221 -> 203 | Army: 107 | Target-Terrain: 0 | Target: 203 | Half: False
2026-06-02 10:36:55 [self-0019-1-defense] My general index: 239
2026-06-02 10:36:55 [self-0019-1-defense] Enemy general index: None
2026-06-02 10:36:55 [self-0019-1-defense] Visible enemy tiles: 12
2026-06-02 10:36:55 [self-0019-1-defense] Tiles: 17 / 128
2026-06-02 10:36:55 [self-0019-1-defense] Map: 18 x 23 Turn: 936
2026-06-02 10:36:55 [self-0019-1-defense] Route planned: Target = 202 Mode = defense city-free reachable tiles = 327 Fallback-Tiles = 328
2026-06-02 10:36:55 [self-0019-1-defense] Priority agent: flow +6000 base = 251930 final = 257930
2026-06-02 10:36:55 [self-0019-1-defense] Move #918: 203 -> 202 | Army: 107 | Target-Terrain: 0 | Target: 202 | Half: False
2026-06-02 10:36:56 [self-0019-1-defense] My general index: 239
2026-06-02 10:36:56 [self-0019-1-defense] Enemy general index: None
2026-06-02 10:36:56 [self-0019-1-defense] Visible enemy tiles: 12
2026-06-02 10:36:56 [self-0019-1-defense] Tiles: 17 / 128
2026-06-02 10:36:56 [self-0019-1-defense] Map: 18 x 23 Turn: 937
2026-06-02 10:36:56 [self-0019-1-defense] Route planned: Target = 203 Mode = defense city-free reachable tiles = 327 Fallback-Tiles = 328
2026-06-02 10:36:56 [self-0019-1-defense] Priority agent: reverse -35000, edge reuse -9000 base = 224530 final = 180530
2026-06-02 10:36:56 [self-0019-1-defense] Move #919: 202 -> 203 | Army: 107 | Target-Terrain: 0 | Target: 203 | Half: False
2026-06-02 10:36:56 [self-0019-1-defense] My general index: 239
2026-06-02 10:36:56 [self-0019-1-defense] Enemy general index: None
2026-06-02 10:36:56 [self-0019-1-defense] Visible enemy tiles: 12
2026-06-02 10:36:56 [self-0019-1-defense] Tiles: 17 / 128
2026-06-02 10:36:56 [self-0019-1-defense] Map: 18 x 23 Turn: 938
2026-06-02 10:36:56 [self-0019-1-defense] Route planned: Target = 202 Mode = defense city-free reachable tiles = 327 Fallback-Tiles = 328
2026-06-02 10:36:56 [self-0019-1-defense] Priority agent: reverse -35000, edge reuse -18000, flow +3000 base = 216930 final = 166930
2026-06-02 10:36:56 [self-0019-1-defense] Move #920: 203 -> 202 | Army: 107 | Target-Terrain: 0 | Target: 202 | Half: False
2026-06-02 10:36:57 [self-0019-1-defense] My general index: 239
2026-06-02 10:36:57 [self-0019-1-defense] Enemy general index: None
2026-06-02 10:36:57 [self-0019-1-defense] Visible enemy tiles: 12
2026-06-02 10:36:57 [self-0019-1-defense] Tiles: 17 / 128
2026-06-02 10:36:57 [self-0019-1-defense] Map: 18 x 23 Turn: 939
2026-06-02 10:36:57 [self-0019-1-defense] Route planned: Target = 203 Mode = defense city-free reachable tiles = 327 Fallback-Tiles = 328
2026-06-02 10:36:57 [self-0019-1-defense] Priority agent: edge reuse -45000 base = 206430 final = 161430
2026-06-02 10:36:57 [self-0019-1-defense] Move #921: 204 -> 203 | Army: 88 | Target-Terrain: 0 | Target: 203 | Half: False
2026-06-02 10:36:57 [self-0019-1-defense] My general index: 239
2026-06-02 10:36:57 [self-0019-1-defense] Enemy general index: None
2026-06-02 10:36:57 [self-0019-1-defense] Visible enemy tiles: 12
2026-06-02 10:36:57 [self-0019-1-defense] Tiles: 17 / 128
2026-06-02 10:36:57 [self-0019-1-defense] Map: 18 x 23 Turn: 940
2026-06-02 10:36:57 [self-0019-1-defense] Route planned: Target = 204 Mode = defense city-free reachable tiles = 327 Fallback-Tiles = 328
2026-06-02 10:36:57 [self-0019-1-defense] Move #922: 241 -> 223 | Army: 152 | Target-Terrain: 0 | Target: 204 | Half: False
2026-06-02 10:36:58 [self-0019-1-defense] My general index: 239
2026-06-02 10:36:58 [self-0019-1-defense] Enemy general index: None
2026-06-02 10:36:58 [self-0019-1-defense] Visible enemy tiles: 12
2026-06-02 10:36:58 [self-0019-1-defense] Tiles: 17 / 128
2026-06-02 10:36:58 [self-0019-1-defense] Map: 18 x 23 Turn: 941
2026-06-02 10:36:58 [self-0019-1-defense] Route planned: Target = 204 Mode = defense city-free reachable tiles = 327 Fallback-Tiles = 328
2026-06-02 10:36:58 [self-0019-1-defense] Priority agent: edge reuse -45000 base = 203030 final = 158030
2026-06-02 10:36:58 [self-0019-1-defense] Move #923: 203 -> 204 | Army: 88 | Target-Terrain: 0 | Target: 204 | Half: False
2026-06-02 10:36:58 [self-0019-1-defense] My general index: 239
2026-06-02 10:36:58 [self-0019-1-defense] Enemy general index: None
2026-06-02 10:36:58 [self-0019-1-defense] Visible enemy tiles: 12
2026-06-02 10:36:58 [self-0019-1-defense] Tiles: 17 / 128
2026-06-02 10:36:58 [self-0019-1-defense] Map: 18 x 23 Turn: 942
2026-06-02 10:36:58 [self-0019-1-defense] Route planned: Target = 203 Mode = defense city-free reachable tiles = 327 Fallback-Tiles = 328
2026-06-02 10:36:58 [self-0019-1-defense] Priority agent: edge reuse -27000 base = 206430 final = 179430
2026-06-02 10:36:58 [self-0019-1-defense] Move #924: 202 -> 203 | Army: 107 | Target-Terrain: 0 | Target: 203 | Half: False
2026-06-02 10:36:59 [self-0019-1-defense] My general index: 239
2026-06-02 10:36:59 [self-0019-1-defense] Enemy general index: None
2026-06-02 10:36:59 [self-0019-1-defense] Visible enemy tiles: 12
2026-06-02 10:36:59 [self-0019-1-defense] Tiles: 17 / 128
2026-06-02 10:36:59 [self-0019-1-defense] Map: 18 x 23 Turn: 943
2026-06-02 10:36:59 [self-0019-1-defense] Route planned: Target = 202 Mode = defense city-free reachable tiles = 327 Fallback-Tiles = 328
2026-06-02 10:36:59 [self-0019-1-defense] Move #925: 239 -> 238 | Army: 112 | Target-Terrain: -1 | Target: 202 | Half: True
2026-06-02 10:36:59 [self-0019-1-defense] My general index: 239
2026-06-02 10:36:59 [self-0019-1-defense] Enemy general index: None
2026-06-02 10:36:59 [self-0019-1-defense] Visible enemy tiles: 12
2026-06-02 10:36:59 [self-0019-1-defense] Tiles: 18 / 128
2026-06-02 10:36:59 [self-0019-1-defense] Map: 18 x 23 Turn: 944
2026-06-02 10:36:59 [self-0019-1-defense] Route planned: Target = 202 Mode = defense city-free reachable tiles = 327 Fallback-Tiles = 328
2026-06-02 10:36:59 [self-0019-1-defense] Priority agent: edge reuse -36000 base = 201830 final = 165830
2026-06-02 10:36:59 [self-0019-1-defense] Move #926: 203 -> 202 | Army: 107 | Target-Terrain: 0 | Target: 202 | Half: False
2026-06-02 10:37:00 [self-0019-1-defense] My general index: 239
2026-06-02 10:37:00 [self-0019-1-defense] Enemy general index: None
2026-06-02 10:37:00 [self-0019-1-defense] Visible enemy tiles: 12
2026-06-02 10:37:00 [self-0019-1-defense] Tiles: 18 / 128
2026-06-02 10:37:00 [self-0019-1-defense] Map: 18 x 23 Turn: 945
2026-06-02 10:37:00 [self-0019-1-defense] Route planned: Target = 203 Mode = defense city-free reachable tiles = 327 Fallback-Tiles = 328
2026-06-02 10:37:00 [self-0019-1-defense] Priority agent: edge reuse -36000 base = 206430 final = 170430
2026-06-02 10:37:00 [self-0019-1-defense] Move #927: 204 -> 203 | Army: 88 | Target-Terrain: 0 | Target: 203 | Half: False
2026-06-02 10:37:00 [self-0019-1-defense] My general index: 239
2026-06-02 10:37:00 [self-0019-1-defense] Enemy general index: None
2026-06-02 10:37:00 [self-0019-1-defense] Visible enemy tiles: 12
2026-06-02 10:37:00 [self-0019-1-defense] Tiles: 18 / 128
2026-06-02 10:37:00 [self-0019-1-defense] Map: 18 x 23 Turn: 946
2026-06-02 10:37:00 [self-0019-1-defense] Route planned: Target = 204 Mode = defense city-free reachable tiles = 327 Fallback-Tiles = 328
2026-06-02 10:37:00 [self-0019-1-defense] Move #928: 223 -> 205 | Army: 152 | Target-Terrain: 0 | Target: 204 | Half: False
2026-06-02 10:37:01 [self-0019-1-defense] Coach: stabilize tiles 18/128 army 475/2321 cities 0/0 enemy_city_suspect False bias {'expansion_bias': 0.1, 'city_bias': 0.2, 'attack_bias': -0.5, 'defense_bias': 2.0, 'route_bias': 0.1}
2026-06-02 10:37:01 [self-0019-1-defense] My general index: 239
2026-06-02 10:37:01 [self-0019-1-defense] Enemy general index: None
2026-06-02 10:37:01 [self-0019-1-defense] Visible enemy tiles: 12
2026-06-02 10:37:01 [self-0019-1-defense] Tiles: 18 / 128
2026-06-02 10:37:01 [self-0019-1-defense] Map: 18 x 23 Turn: 947
2026-06-02 10:37:01 [self-0019-1-defense] Route planned: Target = 204 Mode = defense city-free reachable tiles = 327 Fallback-Tiles = 328
2026-06-02 10:37:01 [self-0019-1-defense] Priority agent: flow +6000 base = 243330 final = 249330
2026-06-02 10:37:01 [self-0019-1-defense] Move #929: 205 -> 204 | Army: 152 | Target-Terrain: 0 | Target: 204 | Half: False
2026-06-02 10:37:01 [self-0019-1-defense] My general index: 239
2026-06-02 10:37:01 [self-0019-1-defense] Enemy general index: None
2026-06-02 10:37:01 [self-0019-1-defense] Visible enemy tiles: 12
2026-06-02 10:37:01 [self-0019-1-defense] Tiles: 18 / 128
2026-06-02 10:37:01 [self-0019-1-defense] Map: 18 x 23 Turn: 948
2026-06-02 10:37:01 [self-0019-1-defense] Route planned: Target = 242 Mode = defense city-free reachable tiles = 327 Fallback-Tiles = 328
2026-06-02 10:37:01 [self-0019-1-defense] Move #930: 258 -> 259 | Army: 2 | Target-Terrain: 0 | Target: 242 | Half: False
2026-06-02 10:37:02 [self-0019-1-defense] My general index: 239
2026-06-02 10:37:02 [self-0019-1-defense] Enemy general index: None
2026-06-02 10:37:02 [self-0019-1-defense] Visible enemy tiles: 12
2026-06-02 10:37:02 [self-0019-1-defense] Tiles: 18 / 128
2026-06-02 10:37:02 [self-0019-1-defense] Map: 18 x 23 Turn: 949
2026-06-02 10:37:02 [self-0019-1-defense] Route planned: Target = 242 Mode = defense city-free reachable tiles = 327 Fallback-Tiles = 328
2026-06-02 10:37:02 [self-0019-1-defense] Priority agent: flow +6000 base = 145362 final = 151362
2026-06-02 10:37:02 [self-0019-1-defense] Move #931: 259 -> 260 | Army: 2 | Target-Terrain: 0 | Target: 242 | Half: False
2026-06-02 10:37:02 [self-0019-1-defense] My general index: 239
2026-06-02 10:37:02 [self-0019-1-defense] Enemy general index: None
2026-06-02 10:37:02 [self-0019-1-defense] Visible enemy tiles: 12
2026-06-02 10:37:02 [self-0019-1-defense] Tiles: 18 / 128
2026-06-02 10:37:02 [self-0019-1-defense] Map: 18 x 23 Turn: 950
2026-06-02 10:37:02 [self-0019-1-defense] Route planned: Target = 242 Mode = defense city-free reachable tiles = 327 Fallback-Tiles = 328
2026-06-02 10:37:02 [self-0019-1-defense] Priority agent: flow +6000 base = 248853 final = 254853
2026-06-02 10:37:02 [self-0019-1-defense] Move #932: 260 -> 242 | Army: 3 | Target-Terrain: 0 | Target: 242 | Half: False
2026-06-02 10:37:03 [self-0019-1-defense] My general index: 239
2026-06-02 10:37:03 [self-0019-1-defense] Enemy general index: None
2026-06-02 10:37:03 [self-0019-1-defense] Visible enemy tiles: 12
2026-06-02 10:37:03 [self-0019-1-defense] Tiles: 18 / 128
2026-06-02 10:37:03 [self-0019-1-defense] Map: 18 x 23 Turn: 951
2026-06-02 10:37:03 [self-0019-1-defense] Route planned: Target = 242 Mode = defense city-free reachable tiles = 327 Fallback-Tiles = 328
2026-06-02 10:37:03 [self-0019-1-defense] Move #933: 241 -> 242 | Army: 2 | Target-Terrain: 0 | Target: 242 | Half: False
2026-06-02 10:37:03 [self-0019-1-defense] My general index: 239
2026-06-02 10:37:03 [self-0019-1-defense] Enemy general index: None
2026-06-02 10:37:03 [self-0019-1-defense] Visible enemy tiles: 12
2026-06-02 10:37:03 [self-0019-1-defense] Tiles: 17 / 129
2026-06-02 10:37:03 [self-0019-1-defense] Map: 18 x 23 Turn: 952
2026-06-02 10:37:03 [self-0019-1-defense] Route planned: Target = 242 Mode = defense city-free reachable tiles = 327 Fallback-Tiles = 328
2026-06-02 10:37:03 [self-0019-1-defense] Move #934: 205 -> 206 | Army: 2 | Target-Terrain: 0 | Target: 242 | Half: False
2026-06-02 10:37:04 [self-0019-1-defense] My general index: 239
2026-06-02 10:37:04 [self-0019-1-defense] Enemy general index: None
2026-06-02 10:37:04 [self-0019-1-defense] Visible enemy tiles: 12
2026-06-02 10:37:04 [self-0019-1-defense] Tiles: 17 / 129
2026-06-02 10:37:04 [self-0019-1-defense] Map: 18 x 23 Turn: 953
2026-06-02 10:37:04 [self-0019-1-defense] Route planned: Target = 242 Mode = defense city-free reachable tiles = 327 Fallback-Tiles = 328
2026-06-02 10:37:04 [self-0019-1-defense] Move #935: 201 -> 202 | Army: 2 | Target-Terrain: 0 | Target: 242 | Half: False
2026-06-02 10:37:04 [self-0019-1-defense] My general index: 239
2026-06-02 10:37:04 [self-0019-1-defense] Enemy general index: None
2026-06-02 10:37:04 [self-0019-1-defense] Visible enemy tiles: 12
2026-06-02 10:37:04 [self-0019-1-defense] Tiles: 17 / 129
2026-06-02 10:37:04 [self-0019-1-defense] Map: 18 x 23 Turn: 954
2026-06-02 10:37:04 [self-0019-1-defense] Route planned: Target = 242 Mode = defense city-free reachable tiles = 327 Fallback-Tiles = 328
2026-06-02 10:37:04 [self-0019-1-defense] Move #936: 259 -> 241 | Army: 2 | Target-Terrain: 0 | Target: 242 | Half: False
2026-06-02 10:37:05 [self-0019-1-defense] My general index: 239
2026-06-02 10:37:05 [self-0019-1-defense] Enemy general index: None
2026-06-02 10:37:05 [self-0019-1-defense] Visible enemy tiles: 12
2026-06-02 10:37:05 [self-0019-1-defense] Tiles: 17 / 129
2026-06-02 10:37:05 [self-0019-1-defense] Map: 18 x 23 Turn: 955
2026-06-02 10:37:05 [self-0019-1-defense] Route planned: Target = 242 Mode = defense city-free reachable tiles = 327 Fallback-Tiles = 328
2026-06-02 10:37:05 [self-0019-1-defense] Priority agent: edge reuse -9000, flow +6000 base = 234652 final = 231652
2026-06-02 10:37:05 [self-0019-1-defense] Move #937: 241 -> 242 | Army: 2 | Target-Terrain: 0 | Target: 242 | Half: False
2026-06-02 10:37:05 [self-0019-1-defense] My general index: 239
2026-06-02 10:37:05 [self-0019-1-defense] Enemy general index: None
2026-06-02 10:37:05 [self-0019-1-defense] Visible enemy tiles: 12
2026-06-02 10:37:05 [self-0019-1-defense] Tiles: 17 / 129
2026-06-02 10:37:05 [self-0019-1-defense] Map: 18 x 23 Turn: 956
2026-06-02 10:37:05 [self-0019-1-defense] Route planned: Target = 242 Mode = defense city-free reachable tiles = 327 Fallback-Tiles = 328
2026-06-02 10:37:05 [self-0019-1-defense] Move #938: 186 -> 204 | Army: 2 | Target-Terrain: 0 | Target: 242 | Half: False
2026-06-02 10:37:06 [self-0019-1-defense] My general index: 239
2026-06-02 10:37:06 [self-0019-1-defense] Enemy general index: None
2026-06-02 10:37:06 [self-0019-1-defense] Visible enemy tiles: 12
2026-06-02 10:37:06 [self-0019-1-defense] Tiles: 17 / 129
2026-06-02 10:37:06 [self-0019-1-defense] Map: 18 x 23 Turn: 957
2026-06-02 10:37:06 [self-0019-1-defense] Route planned: Target = 242 Mode = defense city-free reachable tiles = 327 Fallback-Tiles = 328
2026-06-02 10:37:06 [self-0019-1-defense] Move #939: 223 -> 241 | Army: 2 | Target-Terrain: 0 | Target: 242 | Half: False
2026-06-02 10:37:06 [self-0019-1-defense] My general index: 239
2026-06-02 10:37:06 [self-0019-1-defense] Enemy general index: None
2026-06-02 10:37:06 [self-0019-1-defense] Visible enemy tiles: 11
2026-06-02 10:37:06 [self-0019-1-defense] Tiles: 16 / 130
2026-06-02 10:37:06 [self-0019-1-defense] Map: 18 x 23 Turn: 958
2026-06-02 10:37:06 [self-0019-1-defense] Route planned: Target = 242 Mode = defense city-free reachable tiles = 327 Fallback-Tiles = 328
2026-06-02 10:37:06 [self-0019-1-defense] Priority agent: edge reuse -18000, flow +6000 base = 219652 final = 207652
2026-06-02 10:37:06 [self-0019-1-defense] Move #940: 241 -> 242 | Army: 2 | Target-Terrain: 0 | Target: 242 | Half: False
2026-06-02 10:37:07 [self-0019-1-defense] My general index: 239
2026-06-02 10:37:07 [self-0019-1-defense] Enemy general index: None
2026-06-02 10:37:07 [self-0019-1-defense] Visible enemy tiles: 11
2026-06-02 10:37:07 [self-0019-1-defense] Tiles: 16 / 130
2026-06-02 10:37:07 [self-0019-1-defense] Map: 18 x 23 Turn: 959
2026-06-02 10:37:07 [self-0019-1-defense] Route planned: Target = 242 Mode = defense city-free reachable tiles = 327 Fallback-Tiles = 328
2026-06-02 10:37:07 [self-0019-1-defense] Move #941: 202 -> 203 | Army: 109 | Target-Terrain: 0 | Target: 242 | Half: False
2026-06-02 10:37:07 [self-0019-1-defense] My general index: 239
2026-06-02 10:37:07 [self-0019-1-defense] Enemy general index: None
2026-06-02 10:37:07 [self-0019-1-defense] Visible enemy tiles: 11
2026-06-02 10:37:07 [self-0019-1-defense] Tiles: 16 / 130
2026-06-02 10:37:07 [self-0019-1-defense] Map: 18 x 23 Turn: 960
2026-06-02 10:37:07 [self-0019-1-defense] Route planned: Target = 202 Mode = defense city-free reachable tiles = 327 Fallback-Tiles = 328
2026-06-02 10:37:07 [self-0019-1-defense] Move #942: 220 -> 202 | Army: 2 | Target-Terrain: 0 | Target: 202 | Half: False
2026-06-02 10:37:08 [self-0019-1-defense] My general index: 239
2026-06-02 10:37:08 [self-0019-1-defense] Enemy general index: None
2026-06-02 10:37:08 [self-0019-1-defense] Visible enemy tiles: 11
2026-06-02 10:37:08 [self-0019-1-defense] Tiles: 16 / 130
2026-06-02 10:37:08 [self-0019-1-defense] Map: 18 x 23 Turn: 961
2026-06-02 10:37:08 [self-0019-1-defense] Route planned: Target = 202 Mode = defense city-free reachable tiles = 327 Fallback-Tiles = 328
2026-06-02 10:37:08 [self-0019-1-defense] Priority agent: edge reuse -9000 base = 216830 final = 207830
2026-06-02 10:37:08 [self-0019-1-defense] Move #943: 203 -> 202 | Army: 197 | Target-Terrain: 0 | Target: 202 | Half: False
2026-06-02 10:37:08 [self-0019-1-defense] My general index: 239
2026-06-02 10:37:08 [self-0019-1-defense] Enemy general index: None
2026-06-02 10:37:08 [self-0019-1-defense] Visible enemy tiles: 11
2026-06-02 10:37:08 [self-0019-1-defense] Tiles: 16 / 130
2026-06-02 10:37:08 [self-0019-1-defense] Map: 18 x 23 Turn: 962
2026-06-02 10:37:08 [self-0019-1-defense] Route planned: Target = 203 Mode = defense city-free reachable tiles = 327 Fallback-Tiles = 328
2026-06-02 10:37:08 [self-0019-1-defense] Move #944: 204 -> 203 | Army: 154 | Target-Terrain: 0 | Target: 203 | Half: False
2026-06-02 10:37:09 [self-0019-1-defense] My general index: 239
2026-06-02 10:37:09 [self-0019-1-defense] Enemy general index: None
2026-06-02 10:37:09 [self-0019-1-defense] Visible enemy tiles: 11
2026-06-02 10:37:09 [self-0019-1-defense] Tiles: 16 / 130
2026-06-02 10:37:09 [self-0019-1-defense] Map: 18 x 23 Turn: 963
2026-06-02 10:37:09 [self-0019-1-defense] Route planned: Target = 207 Mode = strategy city-free reachable tiles = 327 Fallback-Tiles = 328
2026-06-02 10:37:09 [self-0019-1-defense] Move #945: 242 -> 224 | Army: 7 | Target-Terrain: 1 | Target: 207 | Half: False
2026-06-02 10:37:09 [self-0019-1-defense] My general index: 239
2026-06-02 10:37:09 [self-0019-1-defense] Enemy general index: None
2026-06-02 10:37:09 [self-0019-1-defense] Visible enemy tiles: 10
2026-06-02 10:37:09 [self-0019-1-defense] Tiles: 17 / 129
2026-06-02 10:37:09 [self-0019-1-defense] Map: 18 x 23 Turn: 964
2026-06-02 10:37:09 [self-0019-1-defense] Route planned: Target = 207 Mode = strategy city-free reachable tiles = 327 Fallback-Tiles = 328
2026-06-02 10:37:09 [self-0019-1-defense] Priority agent: flow +6000 base = 70064 final = 76064
2026-06-02 10:37:09 [self-0019-1-defense] Move #946: 224 -> 225 | Army: 4 | Target-Terrain: 1 | Target: 207 | Half: False
2026-06-02 10:37:10 [self-0019-1-defense] My general index: 239
2026-06-02 10:37:10 [self-0019-1-defense] Enemy general index: None
2026-06-02 10:37:10 [self-0019-1-defense] Visible enemy tiles: 12
2026-06-02 10:37:10 [self-0019-1-defense] Tiles: 18 / 128
2026-06-02 10:37:10 [self-0019-1-defense] Map: 18 x 23 Turn: 965
2026-06-02 10:37:10 [self-0019-1-defense] Route planned: Target = 207 Mode = strategy city-free reachable tiles = 327 Fallback-Tiles = 328
2026-06-02 10:37:10 [self-0019-1-defense] Move #947: 203 -> 185 | Army: 154 | Target-Terrain: 1 | Target: 207 | Half: False
2026-06-02 10:37:10 [self-0019-1-defense] My general index: 239
2026-06-02 10:37:10 [self-0019-1-defense] Enemy general index: None
2026-06-02 10:37:10 [self-0019-1-defense] Visible enemy tiles: 10
2026-06-02 10:37:10 [self-0019-1-defense] Tiles: 18 / 128
2026-06-02 10:37:10 [self-0019-1-defense] Map: 18 x 23 Turn: 966
2026-06-02 10:37:10 [self-0019-1-defense] Route planned: Target = 207 Mode = strategy city-free reachable tiles = 327 Fallback-Tiles = 328
2026-06-02 10:37:10 [self-0019-1-defense] Priority agent: flow +6000 base = 70620 final = 76620
2026-06-02 10:37:10 [self-0019-1-defense] Move #948: 185 -> 186 | Army: 152 | Target-Terrain: 1 | Target: 207 | Half: False
2026-06-02 10:37:11 [self-0019-1-defense] My general index: 239
2026-06-02 10:37:11 [self-0019-1-defense] Enemy general index: None
2026-06-02 10:37:11 [self-0019-1-defense] Visible enemy tiles: 10
2026-06-02 10:37:11 [self-0019-1-defense] Tiles: 19 / 127
2026-06-02 10:37:11 [self-0019-1-defense] Map: 18 x 23 Turn: 967
2026-06-02 10:37:11 [self-0019-1-defense] Route planned: Target = 207 Mode = strategy city-free reachable tiles = 327 Fallback-Tiles = 328
2026-06-02 10:37:11 [self-0019-1-defense] Priority agent: flow +6000 base = 71260 final = 77260
2026-06-02 10:37:11 [self-0019-1-defense] Move #949: 186 -> 187 | Army: 150 | Target-Terrain: 1 | Target: 207 | Half: False
2026-06-02 10:37:11 [self-0019-1-defense] My general index: 239
2026-06-02 10:37:11 [self-0019-1-defense] Enemy general index: None
2026-06-02 10:37:11 [self-0019-1-defense] Visible enemy tiles: 10
2026-06-02 10:37:11 [self-0019-1-defense] Tiles: 19 / 127
2026-06-02 10:37:11 [self-0019-1-defense] Map: 18 x 23 Turn: 968
2026-06-02 10:37:11 [self-0019-1-defense] Route planned: Target = 207 Mode = strategy city-free reachable tiles = 327 Fallback-Tiles = 328
2026-06-02 10:37:11 [self-0019-1-defense] Priority agent: flow +6000 base = 71300 final = 77300
2026-06-02 10:37:11 [self-0019-1-defense] Move #950: 187 -> 188 | Army: 147 | Target-Terrain: 1 | Target: 207 | Half: False
2026-06-02 10:37:12 [self-0019-1-defense] My general index: 239
2026-06-02 10:37:12 [self-0019-1-defense] Enemy general index: None
2026-06-02 10:37:12 [self-0019-1-defense] Visible enemy tiles: 10
2026-06-02 10:37:12 [self-0019-1-defense] Tiles: 20 / 126
2026-06-02 10:37:12 [self-0019-1-defense] Map: 18 x 23 Turn: 969
2026-06-02 10:37:12 [self-0019-1-defense] Route planned: Target = 207 Mode = strategy city-free reachable tiles = 327 Fallback-Tiles = 328
2026-06-02 10:37:12 [self-0019-1-defense] Priority agent: flow +6000 base = 71940 final = 77940
2026-06-02 10:37:12 [self-0019-1-defense] Move #951: 188 -> 189 | Army: 143 | Target-Terrain: 1 | Target: 207 | Half: False
2026-06-02 10:37:12 [self-0019-1-defense] My general index: 239
2026-06-02 10:37:12 [self-0019-1-defense] Enemy general index: None
2026-06-02 10:37:12 [self-0019-1-defense] Visible enemy tiles: 11
2026-06-02 10:37:12 [self-0019-1-defense] Tiles: 21 / 125
2026-06-02 10:37:12 [self-0019-1-defense] Map: 18 x 23 Turn: 970
2026-06-02 10:37:12 [self-0019-1-defense] Route planned: Target = 207 Mode = strategy city-free reachable tiles = 327 Fallback-Tiles = 329
2026-06-02 10:37:12 [self-0019-1-defense] Priority agent: flow +6000 base = 72280 final = 78280
2026-06-02 10:37:12 [self-0019-1-defense] Move #952: 189 -> 207 | Army: 141 | Target-Terrain: 1 | Target: 207 | Half: False
2026-06-02 10:37:13 [self-0019-1-defense] My general index: 239
2026-06-02 10:37:13 [self-0019-1-defense] Enemy general index: None
2026-06-02 10:37:13 [self-0019-1-defense] Visible enemy tiles: 11
2026-06-02 10:37:13 [self-0019-1-defense] Tiles: 22 / 124
2026-06-02 10:37:13 [self-0019-1-defense] Map: 18 x 23 Turn: 971
2026-06-02 10:37:13 [self-0019-1-defense] Route planned: Target = 208 Mode = strategy city-free reachable tiles = 327 Fallback-Tiles = 329
2026-06-02 10:37:13 [self-0019-1-defense] Priority agent: flow +6000 base = 74780 final = 80780
2026-06-02 10:37:13 [self-0019-1-defense] Move #953: 207 -> 208 | Army: 139 | Target-Terrain: 1 | Target: 208 | Half: False
2026-06-02 10:37:13 [self-0019-1-defense] My general index: 239
2026-06-02 10:37:13 [self-0019-1-defense] Enemy general index: None
2026-06-02 10:37:13 [self-0019-1-defense] Visible enemy tiles: 14
2026-06-02 10:37:13 [self-0019-1-defense] Tiles: 22 / 124
2026-06-02 10:37:13 [self-0019-1-defense] Map: 18 x 23 Turn: 972
2026-06-02 10:37:13 [self-0019-1-defense] Route planned: Target = 187 Mode = defense city-free reachable tiles = 327 Fallback-Tiles = 329
2026-06-02 10:37:13 [self-0019-1-defense] Priority agent: flow +6000 base = 184710 final = 190710
2026-06-02 10:37:13 [self-0019-1-defense] Move #954: 208 -> 190 | Army: 132 | Target-Terrain: 1 | Target: 187 | Half: False
2026-06-02 10:37:14 [self-0019-1-defense] My general index: 239
2026-06-02 10:37:14 [self-0019-1-defense] Enemy general index: None
2026-06-02 10:37:14 [self-0019-1-defense] Visible enemy tiles: 14
2026-06-02 10:37:14 [self-0019-1-defense] Tiles: 22 / 124
2026-06-02 10:37:14 [self-0019-1-defense] Map: 18 x 23 Turn: 973
2026-06-02 10:37:14 [self-0019-1-defense] Route planned: Target = 186 Mode = defense city-free reachable tiles = 327 Fallback-Tiles = 329
2026-06-02 10:37:14 [self-0019-1-defense] Priority agent: flow +6000 base = 182910 final = 188910
2026-06-02 10:37:14 [self-0019-1-defense] Move #955: 190 -> 189 | Army: 129 | Target-Terrain: 1 | Target: 186 | Half: False
2026-06-02 10:37:14 [self-0019-1-defense] My general index: 239
2026-06-02 10:37:14 [self-0019-1-defense] Enemy general index: None
2026-06-02 10:37:14 [self-0019-1-defense] Visible enemy tiles: 14
2026-06-02 10:37:14 [self-0019-1-defense] Tiles: 22 / 124
2026-06-02 10:37:14 [self-0019-1-defense] Map: 18 x 23 Turn: 974
2026-06-02 10:37:14 [self-0019-1-defense] Route planned: Target = 185 Mode = defense city-free reachable tiles = 327 Fallback-Tiles = 329
2026-06-02 10:37:14 [self-0019-1-defense] Move #956: 206 -> 188 | Army: 3 | Target-Terrain: 1 | Target: 185 | Half: False
2026-06-02 10:37:15 [self-0019-1-defense] My general index: 239
2026-06-02 10:37:15 [self-0019-1-defense] Enemy general index: None
2026-06-02 10:37:15 [self-0019-1-defense] Visible enemy tiles: 13
2026-06-02 10:37:15 [self-0019-1-defense] Tiles: 22 / 124
2026-06-02 10:37:15 [self-0019-1-defense] Map: 18 x 23 Turn: 975
2026-06-02 10:37:15 [self-0019-1-defense] Route planned: Target = 185 Mode = defense city-free reachable tiles = 327 Fallback-Tiles = 329
2026-06-02 10:37:15 [self-0019-1-defense] Move #957: 238 -> 239 | Army: 57 | Target-Terrain: 0 | Target: 185 | Half: False
2026-06-02 10:37:15 [self-0019-1-defense] My general index: 239
2026-06-02 10:37:15 [self-0019-1-defense] Enemy general index: None
2026-06-02 10:37:15 [self-0019-1-defense] Visible enemy tiles: 13
2026-06-02 10:37:15 [self-0019-1-defense] Tiles: 21 / 125
2026-06-02 10:37:15 [self-0019-1-defense] Map: 18 x 23 Turn: 976
2026-06-02 10:37:15 [self-0019-1-defense] Route planned: Target = 185 Mode = defense city-free reachable tiles = 327 Fallback-Tiles = 329
2026-06-02 10:37:15 [self-0019-1-defense] Priority agent: flow +6000 base = 146350 final = 152350
2026-06-02 10:37:15 [self-0019-1-defense] Move #958: 239 -> 221 | Army: 130 | Target-Terrain: 0 | Target: 185 | Half: True
2026-06-02 10:37:16 [self-0019-1-defense] My general index: 239
2026-06-02 10:37:16 [self-0019-1-defense] Enemy general index: None
2026-06-02 10:37:16 [self-0019-1-defense] Visible enemy tiles: 13
2026-06-02 10:37:16 [self-0019-1-defense] Tiles: 20 / 126
2026-06-02 10:37:16 [self-0019-1-defense] Map: 18 x 23 Turn: 977
2026-06-02 10:37:16 [self-0019-1-defense] Route planned: Target = 185 Mode = defense city-free reachable tiles = 327 Fallback-Tiles = 329
2026-06-02 10:37:16 [self-0019-1-defense] Priority agent: flow +6000 base = 148227 final = 154227
2026-06-02 10:37:16 [self-0019-1-defense] Move #959: 221 -> 203 | Army: 67 | Target-Terrain: 0 | Target: 185 | Half: False
2026-06-02 10:37:16 [self-0019-1-defense] My general index: 239
2026-06-02 10:37:16 [self-0019-1-defense] Enemy general index: None
2026-06-02 10:37:16 [self-0019-1-defense] Visible enemy tiles: 14
2026-06-02 10:37:16 [self-0019-1-defense] Tiles: 19 / 127
2026-06-02 10:37:16 [self-0019-1-defense] Map: 18 x 23 Turn: 978
2026-06-02 10:37:16 [self-0019-1-defense] Route planned: Target = 185 Mode = defense city-free reachable tiles = 327 Fallback-Tiles = 329
2026-06-02 10:37:16 [self-0019-1-defense] Priority agent: edge reuse -9000, flow +6000 base = 284217 final = 281217
2026-06-02 10:37:16 [self-0019-1-defense] Move #960: 203 -> 185 | Army: 67 | Target-Terrain: 1 | Target: 185 | Half: False
2026-06-02 10:37:17 [self-0019-1-defense] My general index: 239
2026-06-02 10:37:17 [self-0019-1-defense] Enemy general index: None
2026-06-02 10:37:17 [self-0019-1-defense] Visible enemy tiles: 14
2026-06-02 10:37:17 [self-0019-1-defense] Tiles: 19 / 127
2026-06-02 10:37:17 [self-0019-1-defense] Map: 18 x 23 Turn: 979
2026-06-02 10:37:17 [self-0019-1-defense] Route planned: Target = 204 Mode = defense city-free reachable tiles = 327 Fallback-Tiles = 329
2026-06-02 10:37:17 [self-0019-1-defense] Priority agent: edge reuse -9000, flow +6000 base = 183575 final = 180575
2026-06-02 10:37:17 [self-0019-1-defense] Move #961: 185 -> 186 | Army: 65 | Target-Terrain: 1 | Target: 204 | Half: False
2026-06-02 10:37:17 [self-0019-1-defense] My general index: 239
2026-06-02 10:37:17 [self-0019-1-defense] Enemy general index: None
2026-06-02 10:37:17 [self-0019-1-defense] Visible enemy tiles: 14
2026-06-02 10:37:17 [self-0019-1-defense] Tiles: 20 / 126
2026-06-02 10:37:17 [self-0019-1-defense] Map: 18 x 23 Turn: 980
2026-06-02 10:37:17 [self-0019-1-defense] Route planned: Target = 185 Mode = defense city-free reachable tiles = 327 Fallback-Tiles = 329
2026-06-02 10:37:17 [self-0019-1-defense] Priority agent: reverse -35000, edge reuse -18000 base = 222708 final = 169708
2026-06-02 10:37:17 [self-0019-1-defense] Move #962: 186 -> 185 | Army: 58 | Target-Terrain: 0 | Target: 185 | Half: False
2026-06-02 10:37:18 [self-0019-1-defense] My general index: 239
2026-06-02 10:37:18 [self-0019-1-defense] Enemy general index: None
2026-06-02 10:37:18 [self-0019-1-defense] Visible enemy tiles: 14
2026-06-02 10:37:18 [self-0019-1-defense] Tiles: 20 / 126
2026-06-02 10:37:18 [self-0019-1-defense] Map: 18 x 23 Turn: 981
2026-06-02 10:37:18 [self-0019-1-defense] Route planned: Target = 204 Mode = defense city-free reachable tiles = 327 Fallback-Tiles = 329
2026-06-02 10:37:18 [self-0019-1-defense] Priority agent: edge reuse -9000 base = 179010 final = 170010
2026-06-02 10:37:18 [self-0019-1-defense] Move #963: 189 -> 207 | Army: 127 | Target-Terrain: 1 | Target: 204 | Half: False
2026-06-02 10:37:18 [self-0019-1-defense] My general index: 239
2026-06-02 10:37:18 [self-0019-1-defense] Enemy general index: None
2026-06-02 10:37:18 [self-0019-1-defense] Visible enemy tiles: 14
2026-06-02 10:37:18 [self-0019-1-defense] Tiles: 21 / 125
2026-06-02 10:37:18 [self-0019-1-defense] Map: 18 x 23 Turn: 982
2026-06-02 10:37:18 [self-0019-1-defense] Route planned: Target = 204 Mode = defense city-free reachable tiles = 327 Fallback-Tiles = 329
2026-06-02 10:37:18 [self-0019-1-defense] Priority agent: flow +6000 base = 184250 final = 190250
2026-06-02 10:37:18 [self-0019-1-defense] Move #964: 207 -> 206 | Army: 125 | Target-Terrain: 1 | Target: 204 | Half: False
2026-06-02 10:37:19 [self-0019-1-defense] My general index: 239
2026-06-02 10:37:19 [self-0019-1-defense] Enemy general index: None
2026-06-02 10:37:19 [self-0019-1-defense] Visible enemy tiles: 14
2026-06-02 10:37:19 [self-0019-1-defense] Tiles: 21 / 125
2026-06-02 10:37:19 [self-0019-1-defense] Map: 18 x 23 Turn: 983
2026-06-02 10:37:19 [self-0019-1-defense] Route planned: Target = 204 Mode = defense city-free reachable tiles = 327 Fallback-Tiles = 329
2026-06-02 10:37:19 [self-0019-1-defense] Priority agent: edge reuse -9000 base = 177296 final = 168296
2026-06-02 10:37:19 [self-0019-1-defense] Move #965: 190 -> 208 | Army: 6 | Target-Terrain: 1 | Target: 204 | Half: False
2026-06-02 10:37:19 [self-0019-1-defense] My general index: 239
2026-06-02 10:37:19 [self-0019-1-defense] Enemy general index: None
2026-06-02 10:37:19 [self-0019-1-defense] Visible enemy tiles: 15
2026-06-02 10:37:19 [self-0019-1-defense] Tiles: 21 / 125
2026-06-02 10:37:19 [self-0019-1-defense] Map: 18 x 23 Turn: 984
2026-06-02 10:37:19 [self-0019-1-defense] Route planned: Target = 204 Mode = defense city-free reachable tiles = 327 Fallback-Tiles = 329
2026-06-02 10:37:19 [self-0019-1-defense] Move #966: 206 -> 205 | Army: 123 | Target-Terrain: 0 | Target: 204 | Half: False
2026-06-02 10:37:20 [self-0019-1-defense] My general index: 239
2026-06-02 10:37:20 [self-0019-1-defense] Enemy general index: None
2026-06-02 10:37:20 [self-0019-1-defense] Visible enemy tiles: 14
2026-06-02 10:37:20 [self-0019-1-defense] Tiles: 20 / 126
2026-06-02 10:37:20 [self-0019-1-defense] Map: 18 x 23 Turn: 985
2026-06-02 10:37:20 [self-0019-1-defense] Route planned: Target = 204 Mode = defense city-free reachable tiles = 327 Fallback-Tiles = 329
2026-06-02 10:37:20 [self-0019-1-defense] Priority agent: flow +6000 base = 254130 final = 260130
2026-06-02 10:37:20 [self-0019-1-defense] Move #967: 205 -> 204 | Army: 123 | Target-Terrain: 0 | Target: 204 | Half: False
2026-06-02 10:37:20 [self-0019-1-defense] My general index: 239
2026-06-02 10:37:20 [self-0019-1-defense] Enemy general index: None
2026-06-02 10:37:20 [self-0019-1-defense] Visible enemy tiles: 15
2026-06-02 10:37:20 [self-0019-1-defense] Tiles: 19 / 127
2026-06-02 10:37:20 [self-0019-1-defense] Map: 18 x 23 Turn: 986
2026-06-02 10:37:20 [self-0019-1-defense] Route planned: Target = 203 Mode = defense city-free reachable tiles = 327 Fallback-Tiles = 329
2026-06-02 10:37:20 [self-0019-1-defense] Priority agent: flow +6000 base = 252930 final = 258930
2026-06-02 10:37:20 [self-0019-1-defense] Move #968: 204 -> 203 | Army: 123 | Target-Terrain: 0 | Target: 203 | Half: False
2026-06-02 10:37:21 [self-0019-1-defense] My general index: 239
2026-06-02 10:37:21 [self-0019-1-defense] Enemy general index: None
2026-06-02 10:37:21 [self-0019-1-defense] Visible enemy tiles: 15
2026-06-02 10:37:21 [self-0019-1-defense] Tiles: 18 / 128
2026-06-02 10:37:21 [self-0019-1-defense] Map: 18 x 23 Turn: 987
2026-06-02 10:37:21 [self-0019-1-defense] Route planned: Target = 204 Mode = defense city-free reachable tiles = 327 Fallback-Tiles = 329
2026-06-02 10:37:21 [self-0019-1-defense] Priority agent: reverse -35000, edge reuse -9000 base = 237930 final = 193930
2026-06-02 10:37:21 [self-0019-1-defense] Move #969: 203 -> 204 | Army: 123 | Target-Terrain: 0 | Target: 204 | Half: False
2026-06-02 10:37:21 [self-0019-1-defense] My general index: 239
2026-06-02 10:37:21 [self-0019-1-defense] Enemy general index: None
2026-06-02 10:37:21 [self-0019-1-defense] Visible enemy tiles: 15
2026-06-02 10:37:21 [self-0019-1-defense] Tiles: 18 / 128
2026-06-02 10:37:21 [self-0019-1-defense] Map: 18 x 23 Turn: 988
2026-06-02 10:37:21 [self-0019-1-defense] Route planned: Target = 203 Mode = defense city-free reachable tiles = 327 Fallback-Tiles = 329
2026-06-02 10:37:21 [self-0019-1-defense] Move #970: 202 -> 203 | Army: 198 | Target-Terrain: 0 | Target: 203 | Half: False
2026-06-02 10:37:22 [self-0019-1-defense] My general index: 239
2026-06-02 10:37:22 [self-0019-1-defense] Enemy general index: None
2026-06-02 10:37:22 [self-0019-1-defense] Visible enemy tiles: 15
2026-06-02 10:37:22 [self-0019-1-defense] Tiles: 18 / 128
2026-06-02 10:37:22 [self-0019-1-defense] Map: 18 x 23 Turn: 989
2026-06-02 10:37:22 [self-0019-1-defense] Route planned: Target = 205 Mode = defense city-free reachable tiles = 327 Fallback-Tiles = 329
2026-06-02 10:37:22 [self-0019-1-defense] Priority agent: edge reuse -9000 base = 265930 final = 256930
2026-06-02 10:37:22 [self-0019-1-defense] Move #971: 204 -> 205 | Army: 121 | Target-Terrain: 1 | Target: 205 | Half: False
2026-06-02 10:37:22 [self-0019-1-defense] My general index: 239
2026-06-02 10:37:22 [self-0019-1-defense] Enemy general index: None
2026-06-02 10:37:22 [self-0019-1-defense] Visible enemy tiles: 15
2026-06-02 10:37:22 [self-0019-1-defense] Tiles: 19 / 127
2026-06-02 10:37:22 [self-0019-1-defense] Map: 18 x 23 Turn: 990
2026-06-02 10:37:22 [self-0019-1-defense] Route planned: Target = 204 Mode = defense city-free reachable tiles = 327 Fallback-Tiles = 329
2026-06-02 10:37:22 [self-0019-1-defense] Priority agent: edge reuse -18000 base = 207830 final = 189830
2026-06-02 10:37:22 [self-0019-1-defense] Move #972: 203 -> 204 | Army: 198 | Target-Terrain: 0 | Target: 204 | Half: False
2026-06-02 10:37:23 [self-0019-1-defense] My general index: 239
2026-06-02 10:37:23 [self-0019-1-defense] Enemy general index: None
2026-06-02 10:37:23 [self-0019-1-defense] Visible enemy tiles: 15
2026-06-02 10:37:23 [self-0019-1-defense] Tiles: 19 / 127
2026-06-02 10:37:23 [self-0019-1-defense] Map: 18 x 23 Turn: 991
2026-06-02 10:37:23 [self-0019-1-defense] Route planned: Target = 203 Mode = defense city-free reachable tiles = 327 Fallback-Tiles = 329
2026-06-02 10:37:23 [self-0019-1-defense] Priority agent: edge reuse -9000 base = 240208 final = 231208
2026-06-02 10:37:23 [self-0019-1-defense] Move #973: 185 -> 203 | Army: 58 | Target-Terrain: 0 | Target: 203 | Half: False
2026-06-02 10:37:23 [self-0019-1-defense] My general index: 239
2026-06-02 10:37:23 [self-0019-1-defense] Enemy general index: None
2026-06-02 10:37:23 [self-0019-1-defense] Visible enemy tiles: 15
2026-06-02 10:37:23 [self-0019-1-defense] Tiles: 19 / 127
2026-06-02 10:37:23 [self-0019-1-defense] Map: 18 x 23 Turn: 992
2026-06-02 10:37:23 [self-0019-1-defense] Route planned: Target = 185 Mode = defense city-free reachable tiles = 327 Fallback-Tiles = 329
2026-06-02 10:37:23 [self-0019-1-defense] Move #974: 205 -> 187 | Army: 119 | Target-Terrain: 1 | Target: 185 | Half: False
2026-06-02 10:37:24 [self-0019-1-defense] My general index: 239
2026-06-02 10:37:24 [self-0019-1-defense] Enemy general index: None
2026-06-02 10:37:24 [self-0019-1-defense] Visible enemy tiles: 14
2026-06-02 10:37:24 [self-0019-1-defense] Tiles: 20 / 126
2026-06-02 10:37:24 [self-0019-1-defense] Map: 18 x 23 Turn: 993
2026-06-02 10:37:24 [self-0019-1-defense] Route planned: Target = 185 Mode = defense city-free reachable tiles = 327 Fallback-Tiles = 329
2026-06-02 10:37:24 [self-0019-1-defense] Priority agent: edge reuse -9000 base = 232408 final = 223408
2026-06-02 10:37:24 [self-0019-1-defense] Move #975: 203 -> 185 | Army: 58 | Target-Terrain: 0 | Target: 185 | Half: False
2026-06-02 10:37:24 [self-0019-1-defense] My general index: 239
2026-06-02 10:37:24 [self-0019-1-defense] Enemy general index: None
2026-06-02 10:37:24 [self-0019-1-defense] Visible enemy tiles: 14
2026-06-02 10:37:24 [self-0019-1-defense] Tiles: 20 / 126
2026-06-02 10:37:24 [self-0019-1-defense] Map: 18 x 23 Turn: 994
2026-06-02 10:37:24 [self-0019-1-defense] Route planned: Target = 203 Mode = defense city-free reachable tiles = 327 Fallback-Tiles = 329
2026-06-02 10:37:24 [self-0019-1-defense] Priority agent: edge reuse -27000 base = 205230 final = 178230
2026-06-02 10:37:24 [self-0019-1-defense] Move #976: 204 -> 203 | Army: 198 | Target-Terrain: 0 | Target: 203 | Half: False
2026-06-02 10:37:25 [self-0019-1-defense] My general index: 239
2026-06-02 10:37:25 [self-0019-1-defense] Enemy general index: None
2026-06-02 10:37:25 [self-0019-1-defense] Visible enemy tiles: 14
2026-06-02 10:37:25 [self-0019-1-defense] Tiles: 20 / 126
2026-06-02 10:37:25 [self-0019-1-defense] Map: 18 x 23 Turn: 995
2026-06-02 10:37:25 [self-0019-1-defense] Route planned: Target = 204 Mode = defense city-free reachable tiles = 327 Fallback-Tiles = 329
2026-06-02 10:37:25 [self-0019-1-defense] Move #977: 190 -> 189 | Army: 7 | Target-Terrain: 1 | Target: 204 | Half: False
2026-06-02 10:37:25 [self-0019-1-defense] My general index: 239
2026-06-02 10:37:25 [self-0019-1-defense] Enemy general index: None
2026-06-02 10:37:25 [self-0019-1-defense] Visible enemy tiles: 13
2026-06-02 10:37:25 [self-0019-1-defense] Tiles: 21 / 125
2026-06-02 10:37:25 [self-0019-1-defense] Map: 18 x 23 Turn: 996
2026-06-02 10:37:25 [self-0019-1-defense] Route planned: Target = 204 Mode = defense city-free reachable tiles = 327 Fallback-Tiles = 329
2026-06-02 10:37:25 [self-0019-1-defense] Priority agent: flow +6000 base = 183835 final = 189835
2026-06-02 10:37:25 [self-0019-1-defense] Move #978: 189 -> 207 | Army: 5 | Target-Terrain: 1 | Target: 204 | Half: False
2026-06-02 10:37:26 [self-0019-1-defense] Coach: stabilize tiles 22/124 army 471/2503 cities 1/0 enemy_city_suspect False bias {'expansion_bias': 0.1, 'city_bias': 0.2, 'attack_bias': -0.5, 'defense_bias': 2.0, 'route_bias': 0.1}
2026-06-02 10:37:26 [self-0019-1-defense] My general index: 239
2026-06-02 10:37:26 [self-0019-1-defense] Enemy general index: None
2026-06-02 10:37:26 [self-0019-1-defense] Visible enemy tiles: 13
2026-06-02 10:37:26 [self-0019-1-defense] Tiles: 22 / 124
2026-06-02 10:37:26 [self-0019-1-defense] Map: 18 x 23 Turn: 997
2026-06-02 10:37:26 [self-0019-1-defense] Route planned: Target = 204 Mode = defense city-free reachable tiles = 327 Fallback-Tiles = 329
2026-06-02 10:37:26 [self-0019-1-defense] Priority agent: flow +6000 base = 184773 final = 190773
2026-06-02 10:37:26 [self-0019-1-defense] Move #979: 207 -> 206 | Army: 3 | Target-Terrain: 1 | Target: 204 | Half: False
2026-06-02 10:37:26 [self-0019-1-defense] My general index: 239
2026-06-02 10:37:26 [self-0019-1-defense] Enemy general index: None
2026-06-02 10:37:26 [self-0019-1-defense] Visible enemy tiles: 13
2026-06-02 10:37:26 [self-0019-1-defense] Tiles: 21 / 125
2026-06-02 10:37:26 [self-0019-1-defense] Map: 18 x 23 Turn: 998
2026-06-02 10:37:26 [self-0019-1-defense] Route planned: Target = 204 Mode = defense city-free reachable tiles = 327 Fallback-Tiles = 329
2026-06-02 10:37:26 [self-0019-1-defense] Move #980: 190 -> 208 | Army: 3 | Target-Terrain: 1 | Target: 204 | Half: False
2026-06-02 10:37:27 [self-0019-1-defense] My general index: 239
2026-06-02 10:37:27 [self-0019-1-defense] Enemy general index: None
2026-06-02 10:37:27 [self-0019-1-defense] Visible enemy tiles: 15
2026-06-02 10:37:27 [self-0019-1-defense] Tiles: 21 / 125
2026-06-02 10:37:27 [self-0019-1-defense] Map: 18 x 23 Turn: 999
2026-06-02 10:37:27 [self-0019-1-defense] Route planned: Target = 204 Mode = defense city-free reachable tiles = 327 Fallback-Tiles = 329
2026-06-02 10:37:27 [self-0019-1-defense] Priority agent: edge reuse -36000 base = 209030 final = 173030
2026-06-02 10:37:27 [self-0019-1-defense] Move #981: 203 -> 204 | Army: 198 | Target-Terrain: 0 | Target: 204 | Half: False
2026-06-02 10:37:27 [self-0019-1-defense] My general index: 239
2026-06-02 10:37:27 [self-0019-1-defense] Enemy general index: None
2026-06-02 10:37:27 [self-0019-1-defense] Visible enemy tiles: 14
2026-06-02 10:37:27 [self-0019-1-defense] Tiles: 20 / 126
2026-06-02 10:37:27 [self-0019-1-defense] Map: 18 x 23 Turn: 1000
2026-06-02 10:37:27 [self-0019-1-defense] Route planned: Target = 203 Mode = defense city-free reachable tiles = 327 Fallback-Tiles = 329
2026-06-02 10:37:27 [self-0019-1-defense] Move #982: 221 -> 203 | Army: 2 | Target-Terrain: 0 | Target: 203 | Half: False
2026-06-02 10:37:28 [self-0019-1-defense] My general index: 239
2026-06-02 10:37:28 [self-0019-1-defense] Enemy general index: None
2026-06-02 10:37:28 [self-0019-1-defense] Visible enemy tiles: 14
2026-06-02 10:37:28 [self-0019-1-defense] Tiles: 20 / 126
2026-06-02 10:37:28 [self-0019-1-defense] Map: 18 x 23 Turn: 1001
2026-06-02 10:37:28 [self-0019-1-defense] Route planned: Target = 203 Mode = defense city-free reachable tiles = 327 Fallback-Tiles = 329
2026-06-02 10:37:28 [self-0019-1-defense] Priority agent: edge reuse -9000 base = 239252 final = 230252
2026-06-02 10:37:28 [self-0019-1-defense] Move #983: 202 -> 203 | Army: 2 | Target-Terrain: 0 | Target: 203 | Half: False
2026-06-02 10:37:28 [self-0019-1-defense] My general index: 239
2026-06-02 10:37:28 [self-0019-1-defense] Enemy general index: None
2026-06-02 10:37:28 [self-0019-1-defense] Visible enemy tiles: 14
2026-06-02 10:37:28 [self-0019-1-defense] Tiles: 20 / 126
2026-06-02 10:37:28 [self-0019-1-defense] Map: 18 x 23 Turn: 1002
2026-06-02 10:37:28 [self-0019-1-defense] Route planned: Target = 203 Mode = defense city-free reachable tiles = 327 Fallback-Tiles = 329
2026-06-02 10:37:28 [self-0019-1-defense] Priority agent: edge reuse -18000 base = 225209 final = 207209
2026-06-02 10:37:28 [self-0019-1-defense] Move #984: 185 -> 203 | Army: 59 | Target-Terrain: 0 | Target: 203 | Half: False
2026-06-02 10:37:29 [self-0019-1-defense] My general index: 239
2026-06-02 10:37:29 [self-0019-1-defense] Enemy general index: None
2026-06-02 10:37:29 [self-0019-1-defense] Visible enemy tiles: 14
2026-06-02 10:37:29 [self-0019-1-defense] Tiles: 20 / 126
2026-06-02 10:37:29 [self-0019-1-defense] Map: 18 x 23 Turn: 1003
2026-06-02 10:37:29 [self-0019-1-defense] Route planned: Target = 185 Mode = defense city-free reachable tiles = 327 Fallback-Tiles = 329
2026-06-02 10:37:29 [self-0019-1-defense] Move #985: 186 -> 185 | Army: 2 | Target-Terrain: 0 | Target: 185 | Half: False
2026-06-02 10:37:29 [self-0019-1-defense] My general index: 239
2026-06-02 10:37:29 [self-0019-1-defense] Enemy general index: None
2026-06-02 10:37:29 [self-0019-1-defense] Visible enemy tiles: 14
2026-06-02 10:37:29 [self-0019-1-defense] Tiles: 20 / 126
2026-06-02 10:37:29 [self-0019-1-defense] Map: 18 x 23 Turn: 1004
2026-06-02 10:37:29 [self-0019-1-defense] Route planned: Target = 185 Mode = defense city-free reachable tiles = 327 Fallback-Tiles = 329
2026-06-02 10:37:29 [self-0019-1-defense] Priority agent: edge reuse -27000 base = 205412 final = 178412
2026-06-02 10:37:29 [self-0019-1-defense] Move #986: 203 -> 185 | Army: 62 | Target-Terrain: 0 | Target: 185 | Half: False
2026-06-02 10:37:30 [self-0019-1-defense] My general index: 239
2026-06-02 10:37:30 [self-0019-1-defense] Enemy general index: None
2026-06-02 10:37:30 [self-0019-1-defense] Visible enemy tiles: 14
2026-06-02 10:37:30 [self-0019-1-defense] Tiles: 20 / 126
2026-06-02 10:37:30 [self-0019-1-defense] Map: 18 x 23 Turn: 1005
2026-06-02 10:37:30 [self-0019-1-defense] Route planned: Target = 203 Mode = defense city-free reachable tiles = 327 Fallback-Tiles = 329
2026-06-02 10:37:30 [self-0019-1-defense] Priority agent: edge reuse -18000 base = 205230 final = 187230
2026-06-02 10:37:30 [self-0019-1-defense] Move #987: 204 -> 203 | Army: 199 | Target-Terrain: 0 | Target: 203 | Half: False
2026-06-02 10:37:30 [self-0019-1-defense] My general index: 239
2026-06-02 10:37:30 [self-0019-1-defense] Enemy general index: None
2026-06-02 10:37:30 [self-0019-1-defense] Visible enemy tiles: 14
2026-06-02 10:37:30 [self-0019-1-defense] Tiles: 20 / 126
2026-06-02 10:37:30 [self-0019-1-defense] Map: 18 x 23 Turn: 1006
2026-06-02 10:37:30 [self-0019-1-defense] Route planned: Target = 204 Mode = defense city-free reachable tiles = 327 Fallback-Tiles = 329
2026-06-02 10:37:30 [self-0019-1-defense] Move #988: 205 -> 204 | Army: 2 | Target-Terrain: 0 | Target: 204 | Half: False
2026-06-02 10:37:31 [self-0019-1-defense] My general index: 239
2026-06-02 10:37:31 [self-0019-1-defense] Enemy general index: None
2026-06-02 10:37:31 [self-0019-1-defense] Visible enemy tiles: 9
2026-06-02 10:37:31 [self-0019-1-defense] Tiles: 19 / 127
2026-06-02 10:37:31 [self-0019-1-defense] Map: 18 x 23 Turn: 1007
2026-06-02 10:37:31 [self-0019-1-defense] Route planned: Target = 204 Mode = defense city-free reachable tiles = 327 Fallback-Tiles = 328
2026-06-02 10:37:31 [self-0019-1-defense] Priority agent: edge reuse -27000 base = 209030 final = 182030
2026-06-02 10:37:31 [self-0019-1-defense] Move #989: 203 -> 204 | Army: 199 | Target-Terrain: 0 | Target: 204 | Half: False
2026-06-02 10:37:31 [self-0019-1-defense] My general index: 239
2026-06-02 10:37:31 [self-0019-1-defense] Enemy general index: None
2026-06-02 10:37:31 [self-0019-1-defense] Visible enemy tiles: 9
2026-06-02 10:37:31 [self-0019-1-defense] Tiles: 19 / 127
2026-06-02 10:37:31 [self-0019-1-defense] Map: 18 x 23 Turn: 1008
2026-06-02 10:37:31 [self-0019-1-defense] Route planned: Target = 203 Mode = defense city-free reachable tiles = 327 Fallback-Tiles = 328
2026-06-02 10:37:31 [self-0019-1-defense] Priority agent: edge reuse -18000 base = 205213 final = 187213
2026-06-02 10:37:31 [self-0019-1-defense] Move #990: 185 -> 203 | Army: 63 | Target-Terrain: 0 | Target: 203 | Half: False
2026-06-02 10:37:32 [self-0019-1-defense] My general index: 239
2026-06-02 10:37:32 [self-0019-1-defense] Enemy general index: None
2026-06-02 10:37:32 [self-0019-1-defense] Visible enemy tiles: 9
2026-06-02 10:37:32 [self-0019-1-defense] Tiles: 19 / 127
2026-06-02 10:37:32 [self-0019-1-defense] Map: 18 x 23 Turn: 1009
2026-06-02 10:37:32 [self-0019-1-defense] Route planned: Target = 185 Mode = defense city-free reachable tiles = 327 Fallback-Tiles = 328
2026-06-02 10:37:32 [self-0019-1-defense] Move #991: 223 -> 205 | Army: 2 | Target-Terrain: 0 | Target: 185 | Half: False
2026-06-02 10:37:32 [self-0019-1-defense] My general index: 239
2026-06-02 10:37:32 [self-0019-1-defense] Enemy general index: None
2026-06-02 10:37:32 [self-0019-1-defense] Visible enemy tiles: 9
2026-06-02 10:37:32 [self-0019-1-defense] Tiles: 19 / 127
2026-06-02 10:37:32 [self-0019-1-defense] Map: 18 x 23 Turn: 1010
2026-06-02 10:37:32 [self-0019-1-defense] Route planned: Target = 185 Mode = defense city-free reachable tiles = 327 Fallback-Tiles = 328
2026-06-02 10:37:32 [self-0019-1-defense] Priority agent: edge reuse -27000 base = 205413 final = 178413
2026-06-02 10:37:32 [self-0019-1-defense] Move #992: 203 -> 185 | Army: 63 | Target-Terrain: 0 | Target: 185 | Half: False
2026-06-02 10:37:33 [self-0019-1-defense] My general index: 239
2026-06-02 10:37:33 [self-0019-1-defense] Enemy general index: None
2026-06-02 10:37:33 [self-0019-1-defense] Visible enemy tiles: 9
2026-06-02 10:37:33 [self-0019-1-defense] Tiles: 19 / 127
2026-06-02 10:37:33 [self-0019-1-defense] Map: 18 x 23 Turn: 1011
2026-06-02 10:37:33 [self-0019-1-defense] Route planned: Target = 203 Mode = defense city-free reachable tiles = 327 Fallback-Tiles = 328
2026-06-02 10:37:33 [self-0019-1-defense] Priority agent: edge reuse -27000 base = 205230 final = 178230
2026-06-02 10:37:33 [self-0019-1-defense] Move #993: 204 -> 203 | Army: 200 | Target-Terrain: 0 | Target: 203 | Half: False
2026-06-02 10:37:33 [self-0019-1-defense] My general index: 239
2026-06-02 10:37:33 [self-0019-1-defense] Enemy general index: None
2026-06-02 10:37:33 [self-0019-1-defense] Visible enemy tiles: 9
2026-06-02 10:37:33 [self-0019-1-defense] Tiles: 19 / 127
2026-06-02 10:37:33 [self-0019-1-defense] Map: 18 x 23 Turn: 1012
2026-06-02 10:37:33 [self-0019-1-defense] Route planned: Target = 204 Mode = defense city-free reachable tiles = 327 Fallback-Tiles = 328
2026-06-02 10:37:33 [self-0019-1-defense] Priority agent: edge reuse -9000 base = 245252 final = 236252
2026-06-02 10:37:33 [self-0019-1-defense] Move #994: 205 -> 204 | Army: 2 | Target-Terrain: 0 | Target: 204 | Half: False
2026-06-02 10:37:34 [self-0019-1-defense] My general index: 239
2026-06-02 10:37:34 [self-0019-1-defense] Enemy general index: None
2026-06-02 10:37:34 [self-0019-1-defense] Visible enemy tiles: 9
2026-06-02 10:37:34 [self-0019-1-defense] Tiles: 19 / 127
2026-06-02 10:37:34 [self-0019-1-defense] Map: 18 x 23 Turn: 1013
2026-06-02 10:37:34 [self-0019-1-defense] Route planned: Target = 204 Mode = defense city-free reachable tiles = 327 Fallback-Tiles = 328
2026-06-02 10:37:34 [self-0019-1-defense] Priority agent: edge reuse -36000 base = 209030 final = 173030
2026-06-02 10:37:34 [self-0019-1-defense] Move #995: 203 -> 204 | Army: 200 | Target-Terrain: 0 | Target: 204 | Half: False
2026-06-02 10:37:34 [self-0019-1-defense] My general index: 239
2026-06-02 10:37:34 [self-0019-1-defense] Enemy general index: None
2026-06-02 10:37:34 [self-0019-1-defense] Visible enemy tiles: 9
2026-06-02 10:37:34 [self-0019-1-defense] Tiles: 19 / 127
2026-06-02 10:37:34 [self-0019-1-defense] Map: 18 x 23 Turn: 1014
2026-06-02 10:37:34 [self-0019-1-defense] Route planned: Target = 203 Mode = defense city-free reachable tiles = 327 Fallback-Tiles = 328
2026-06-02 10:37:34 [self-0019-1-defense] Priority agent: edge reuse -36000 base = 205213 final = 169213
2026-06-02 10:37:34 [self-0019-1-defense] Move #996: 185 -> 203 | Army: 63 | Target-Terrain: 0 | Target: 203 | Half: False
2026-06-02 10:37:35 [self-0019-1-defense] My general index: 239
2026-06-02 10:37:35 [self-0019-1-defense] Enemy general index: None
2026-06-02 10:37:35 [self-0019-1-defense] Visible enemy tiles: 9
2026-06-02 10:37:35 [self-0019-1-defense] Tiles: 19 / 127
2026-06-02 10:37:35 [self-0019-1-defense] Map: 18 x 23 Turn: 1015
2026-06-02 10:37:35 [self-0019-1-defense] Route planned: Target = 185 Mode = defense city-free reachable tiles = 327 Fallback-Tiles = 328
2026-06-02 10:37:35 [self-0019-1-defense] Move #997: 187 -> 186 | Army: 118 | Target-Terrain: 0 | Target: 185 | Half: False
2026-06-02 10:37:35 [self-0019-1-defense] My general index: 239
2026-06-02 10:37:35 [self-0019-1-defense] Enemy general index: None
2026-06-02 10:37:35 [self-0019-1-defense] Visible enemy tiles: 9
2026-06-02 10:37:35 [self-0019-1-defense] Tiles: 19 / 127
2026-06-02 10:37:35 [self-0019-1-defense] Map: 18 x 23 Turn: 1016
2026-06-02 10:37:35 [self-0019-1-defense] Route planned: Target = 185 Mode = defense city-free reachable tiles = 327 Fallback-Tiles = 328
2026-06-02 10:37:35 [self-0019-1-defense] Priority agent: edge reuse -9000, flow +6000 base = 245730 final = 242730
2026-06-02 10:37:35 [self-0019-1-defense] Move #998: 186 -> 185 | Army: 118 | Target-Terrain: 0 | Target: 185 | Half: False
2026-06-02 10:37:36 [self-0019-1-defense] My general index: 239
2026-06-02 10:37:36 [self-0019-1-defense] Enemy general index: None
2026-06-02 10:37:36 [self-0019-1-defense] Visible enemy tiles: 10
2026-06-02 10:37:36 [self-0019-1-defense] Tiles: 18 / 128
2026-06-02 10:37:36 [self-0019-1-defense] Map: 18 x 23 Turn: 1017
2026-06-02 10:37:36 [self-0019-1-defense] Route planned: Target = 205 Mode = defense city-free reachable tiles = 327 Fallback-Tiles = 328
2026-06-02 10:37:36 [self-0019-1-defense] Priority agent: edge reuse -18000 base = 225830 final = 207830
2026-06-02 10:37:36 [self-0019-1-defense] Move #999: 204 -> 205 | Army: 201 | Target-Terrain: 0 | Target: 205 | Half: False
2026-06-02 10:37:36 [self-0019-1-defense] My general index: 239
2026-06-02 10:37:36 [self-0019-1-defense] Enemy general index: None
2026-06-02 10:37:36 [self-0019-1-defense] Visible enemy tiles: 10
2026-06-02 10:37:36 [self-0019-1-defense] Tiles: 18 / 128
2026-06-02 10:37:36 [self-0019-1-defense] Map: 18 x 23 Turn: 1018
2026-06-02 10:37:36 [self-0019-1-defense] Route planned: Target = 204 Mode = defense city-free reachable tiles = 327 Fallback-Tiles = 328
2026-06-02 10:37:36 [self-0019-1-defense] Priority agent: edge reuse -36000 base = 209013 final = 173013
2026-06-02 10:37:36 [self-0019-1-defense] Move #1000: 203 -> 204 | Army: 63 | Target-Terrain: 0 | Target: 204 | Half: False
2026-06-02 10:37:37 [self-0019-1-defense] My general index: 239
2026-06-02 10:37:37 [self-0019-1-defense] Enemy general index: None
2026-06-02 10:37:37 [self-0019-1-defense] Visible enemy tiles: 10
2026-06-02 10:37:37 [self-0019-1-defense] Tiles: 18 / 128
2026-06-02 10:37:37 [self-0019-1-defense] Map: 18 x 23 Turn: 1019
2026-06-02 10:37:37 [self-0019-1-defense] Route planned: Target = 203 Mode = defense city-free reachable tiles = 327 Fallback-Tiles = 328
2026-06-02 10:37:37 [self-0019-1-defense] Priority agent: edge reuse -27000 base = 225230 final = 198230
2026-06-02 10:37:37 [self-0019-1-defense] Move #1001: 185 -> 203 | Army: 118 | Target-Terrain: 0 | Target: 203 | Half: False
2026-06-02 10:37:37 [self-0019-1-defense] My general index: 239
2026-06-02 10:37:37 [self-0019-1-defense] Enemy general index: None
2026-06-02 10:37:37 [self-0019-1-defense] Visible enemy tiles: 10
2026-06-02 10:37:37 [self-0019-1-defense] Tiles: 18 / 128
2026-06-02 10:37:37 [self-0019-1-defense] Map: 18 x 23 Turn: 1020
2026-06-02 10:37:37 [self-0019-1-defense] Route planned: Target = 185 Mode = defense city-free reachable tiles = 327 Fallback-Tiles = 328
2026-06-02 10:37:37 [self-0019-1-defense] Move #1002: 205 -> 187 | Army: 201 | Target-Terrain: 1 | Target: 185 | Half: False
2026-06-02 10:37:38 [self-0019-1-defense] My general index: 239
2026-06-02 10:37:38 [self-0019-1-defense] Enemy general index: None
2026-06-02 10:37:38 [self-0019-1-defense] Visible enemy tiles: 9
2026-06-02 10:37:38 [self-0019-1-defense] Tiles: 19 / 127
2026-06-02 10:37:38 [self-0019-1-defense] Map: 18 x 23 Turn: 1021
2026-06-02 10:37:38 [self-0019-1-defense] Route planned: Target = 185 Mode = defense city-free reachable tiles = 327 Fallback-Tiles = 328
2026-06-02 10:37:38 [self-0019-1-defense] Priority agent: edge reuse -36000 base = 205430 final = 169430
2026-06-02 10:37:38 [self-0019-1-defense] Move #1003: 203 -> 185 | Army: 118 | Target-Terrain: 0 | Target: 185 | Half: False
2026-06-02 10:37:38 [self-0019-1-defense] My general index: 239
2026-06-02 10:37:38 [self-0019-1-defense] Enemy general index: None
2026-06-02 10:37:38 [self-0019-1-defense] Visible enemy tiles: 9
2026-06-02 10:37:38 [self-0019-1-defense] Tiles: 19 / 127
2026-06-02 10:37:38 [self-0019-1-defense] Map: 18 x 23 Turn: 1022
2026-06-02 10:37:38 [self-0019-1-defense] Route planned: Target = 203 Mode = defense city-free reachable tiles = 327 Fallback-Tiles = 328
2026-06-02 10:37:38 [self-0019-1-defense] Priority agent: edge reuse -27000 base = 205213 final = 178213
2026-06-02 10:37:38 [self-0019-1-defense] Move #1004: 204 -> 203 | Army: 63 | Target-Terrain: 0 | Target: 203 | Half: False
2026-06-02 10:37:39 [self-0019-1-defense] My general index: 239
2026-06-02 10:37:39 [self-0019-1-defense] Enemy general index: None
2026-06-02 10:37:39 [self-0019-1-defense] Visible enemy tiles: 9
2026-06-02 10:37:39 [self-0019-1-defense] Tiles: 19 / 127
2026-06-02 10:37:39 [self-0019-1-defense] Map: 18 x 23 Turn: 1023
2026-06-02 10:37:39 [self-0019-1-defense] Route planned: Target = 204 Mode = defense city-free reachable tiles = 327 Fallback-Tiles = 328
2026-06-02 10:37:39 [self-0019-1-defense] Move #1005: 201 -> 202 | Army: 2 | Target-Terrain: 0 | Target: 204 | Half: False
2026-06-02 10:37:39 [self-0019-1-defense] My general index: 239
2026-06-02 10:37:39 [self-0019-1-defense] Enemy general index: None
2026-06-02 10:37:39 [self-0019-1-defense] Visible enemy tiles: 9
2026-06-02 10:37:39 [self-0019-1-defense] Tiles: 19 / 127
2026-06-02 10:37:39 [self-0019-1-defense] Map: 18 x 23 Turn: 1024
2026-06-02 10:37:39 [self-0019-1-defense] Route planned: Target = 204 Mode = defense city-free reachable tiles = 327 Fallback-Tiles = 328
2026-06-02 10:37:39 [self-0019-1-defense] Priority agent: edge reuse -36000 base = 209013 final = 173013
2026-06-02 10:37:39 [self-0019-1-defense] Move #1006: 203 -> 204 | Army: 63 | Target-Terrain: 0 | Target: 204 | Half: False
2026-06-02 10:37:40 [self-0019-1-defense] My general index: 239
2026-06-02 10:37:40 [self-0019-1-defense] Enemy general index: None
2026-06-02 10:37:40 [self-0019-1-defense] Visible enemy tiles: 9
2026-06-02 10:37:40 [self-0019-1-defense] Tiles: 19 / 127
2026-06-02 10:37:40 [self-0019-1-defense] Map: 18 x 23 Turn: 1025
2026-06-02 10:37:40 [self-0019-1-defense] Route planned: Target = 203 Mode = defense city-free reachable tiles = 327 Fallback-Tiles = 328
2026-06-02 10:37:40 [self-0019-1-defense] Move #1007: 202 -> 203 | Army: 2 | Target-Terrain: 0 | Target: 203 | Half: False
2026-06-02 10:37:40 [self-0019-1-defense] My general index: 239
2026-06-02 10:37:40 [self-0019-1-defense] Enemy general index: None
2026-06-02 10:37:40 [self-0019-1-defense] Visible enemy tiles: 9
2026-06-02 10:37:40 [self-0019-1-defense] Tiles: 19 / 127
2026-06-02 10:37:40 [self-0019-1-defense] Map: 18 x 23 Turn: 1026
2026-06-02 10:37:40 [self-0019-1-defense] Route planned: Target = 203 Mode = defense city-free reachable tiles = 327 Fallback-Tiles = 328
2026-06-02 10:37:40 [self-0019-1-defense] Priority agent: edge reuse -27000 base = 205230 final = 178230
2026-06-02 10:37:40 [self-0019-1-defense] Move #1008: 185 -> 203 | Army: 118 | Target-Terrain: 0 | Target: 203 | Half: False
2026-06-02 10:37:41 [self-0019-1-defense] My general index: 239
2026-06-02 10:37:41 [self-0019-1-defense] Enemy general index: None
2026-06-02 10:37:41 [self-0019-1-defense] Visible enemy tiles: 9
2026-06-02 10:37:41 [self-0019-1-defense] Tiles: 19 / 127
2026-06-02 10:37:41 [self-0019-1-defense] Map: 18 x 23 Turn: 1027
2026-06-02 10:37:41 [self-0019-1-defense] Route planned: Target = 185 Mode = defense city-free reachable tiles = 327 Fallback-Tiles = 328
2026-06-02 10:37:41 [self-0019-1-defense] Move #1009: 204 -> 186 | Army: 63 | Target-Terrain: 0 | Target: 185 | Half: False
2026-06-02 10:37:41 [self-0019-1-defense] My general index: 239
2026-06-02 10:37:41 [self-0019-1-defense] Enemy general index: None
2026-06-02 10:37:41 [self-0019-1-defense] Visible enemy tiles: 9
2026-06-02 10:37:41 [self-0019-1-defense] Tiles: 19 / 127
2026-06-02 10:37:41 [self-0019-1-defense] Map: 18 x 23 Turn: 1028
2026-06-02 10:37:41 [self-0019-1-defense] Route planned: Target = 204 Mode = defense city-free reachable tiles = 327 Fallback-Tiles = 328
2026-06-02 10:37:41 [self-0019-1-defense] Priority agent: reverse -35000, edge reuse -9000 base = 229313 final = 185313
2026-06-02 10:37:41 [self-0019-1-defense] Move #1010: 186 -> 204 | Army: 63 | Target-Terrain: 0 | Target: 204 | Half: False
2026-06-02 10:37:42 [self-0019-1-defense] My general index: 239
2026-06-02 10:37:42 [self-0019-1-defense] Enemy general index: None
2026-06-02 10:37:42 [self-0019-1-defense] Visible enemy tiles: 9
2026-06-02 10:37:42 [self-0019-1-defense] Tiles: 19 / 127
2026-06-02 10:37:42 [self-0019-1-defense] Map: 18 x 23 Turn: 1029
2026-06-02 10:37:42 [self-0019-1-defense] Route planned: Target = 185 Mode = defense city-free reachable tiles = 327 Fallback-Tiles = 328
2026-06-02 10:37:42 [self-0019-1-defense] Priority agent: edge reuse -27000 base = 205430 final = 178430
2026-06-02 10:37:42 [self-0019-1-defense] Move #1011: 203 -> 185 | Army: 119 | Target-Terrain: 0 | Target: 185 | Half: False
2026-06-02 10:37:42 [self-0019-1-defense] My general index: 239
2026-06-02 10:37:42 [self-0019-1-defense] Enemy general index: None
2026-06-02 10:37:42 [self-0019-1-defense] Visible enemy tiles: 9
2026-06-02 10:37:42 [self-0019-1-defense] Tiles: 19 / 127
2026-06-02 10:37:42 [self-0019-1-defense] Map: 18 x 23 Turn: 1030
2026-06-02 10:37:42 [self-0019-1-defense] Route planned: Target = 203 Mode = defense city-free reachable tiles = 327 Fallback-Tiles = 328
2026-06-02 10:37:42 [self-0019-1-defense] Priority agent: edge reuse -27000 base = 205213 final = 178213
2026-06-02 10:37:42 [self-0019-1-defense] Move #1012: 204 -> 203 | Army: 63 | Target-Terrain: 0 | Target: 203 | Half: False
2026-06-02 10:37:43 [self-0019-1-defense] My general index: 239
2026-06-02 10:37:43 [self-0019-1-defense] Enemy general index: None
2026-06-02 10:37:43 [self-0019-1-defense] Visible enemy tiles: 9
2026-06-02 10:37:43 [self-0019-1-defense] Tiles: 19 / 127
2026-06-02 10:37:43 [self-0019-1-defense] Map: 18 x 23 Turn: 1031
2026-06-02 10:37:43 [self-0019-1-defense] Route planned: Target = 204 Mode = defense city-free reachable tiles = 327 Fallback-Tiles = 328
2026-06-02 10:37:43 [self-0019-1-defense] Move #1013: 187 -> 186 | Army: 199 | Target-Terrain: 0 | Target: 204 | Half: False
2026-06-02 10:37:43 [self-0019-1-defense] My general index: 239
2026-06-02 10:37:43 [self-0019-1-defense] Enemy general index: None
2026-06-02 10:37:43 [self-0019-1-defense] Visible enemy tiles: 9
2026-06-02 10:37:43 [self-0019-1-defense] Tiles: 19 / 127
2026-06-02 10:37:43 [self-0019-1-defense] Map: 18 x 23 Turn: 1032
2026-06-02 10:37:43 [self-0019-1-defense] Route planned: Target = 204 Mode = defense city-free reachable tiles = 327 Fallback-Tiles = 328
2026-06-02 10:37:43 [self-0019-1-defense] Priority agent: edge reuse -18000, flow +6000 base = 214330 final = 202330
2026-06-02 10:37:43 [self-0019-1-defense] Move #1014: 186 -> 204 | Army: 199 | Target-Terrain: 0 | Target: 204 | Half: False
2026-06-02 10:37:44 [self-0019-1-defense] My general index: 239
2026-06-02 10:37:44 [self-0019-1-defense] Enemy general index: None
2026-06-02 10:37:44 [self-0019-1-defense] Visible enemy tiles: 9
2026-06-02 10:37:44 [self-0019-1-defense] Tiles: 19 / 127
2026-06-02 10:37:44 [self-0019-1-defense] Map: 18 x 23 Turn: 1033
2026-06-02 10:37:44 [self-0019-1-defense] Route planned: Target = 205 Mode = defense city-free reachable tiles = 327 Fallback-Tiles = 328
2026-06-02 10:37:44 [self-0019-1-defense] Priority agent: flow +6000 base = 263930 final = 269930
2026-06-02 10:37:44 [self-0019-1-defense] Move #1015: 204 -> 205 | Army: 199 | Target-Terrain: 0 | Target: 205 | Half: False
2026-06-02 10:37:44 [self-0019-1-defense] My general index: 239
2026-06-02 10:37:44 [self-0019-1-defense] Enemy general index: None
2026-06-02 10:37:44 [self-0019-1-defense] Visible enemy tiles: 9
2026-06-02 10:37:44 [self-0019-1-defense] Tiles: 19 / 127
2026-06-02 10:37:44 [self-0019-1-defense] Map: 18 x 23 Turn: 1034
2026-06-02 10:37:44 [self-0019-1-defense] Route planned: Target = 204 Mode = defense city-free reachable tiles = 327 Fallback-Tiles = 328
2026-06-02 10:37:44 [self-0019-1-defense] Priority agent: reverse -35000, edge reuse -9000 base = 229330 final = 185330
2026-06-02 10:37:44 [self-0019-1-defense] Move #1016: 205 -> 204 | Army: 199 | Target-Terrain: 0 | Target: 204 | Half: False
2026-06-02 10:37:45 [self-0019-1-defense] My general index: 239
2026-06-02 10:37:45 [self-0019-1-defense] Enemy general index: None
2026-06-02 10:37:45 [self-0019-1-defense] Visible enemy tiles: 9
2026-06-02 10:37:45 [self-0019-1-defense] Tiles: 19 / 127
2026-06-02 10:37:45 [self-0019-1-defense] Map: 18 x 23 Turn: 1035
2026-06-02 10:37:45 [self-0019-1-defense] Route planned: Target = 205 Mode = defense city-free reachable tiles = 327 Fallback-Tiles = 328
2026-06-02 10:37:45 [self-0019-1-defense] Priority agent: reverse -35000, edge reuse -18000, flow +3000 base = 228930 final = 178930
2026-06-02 10:37:45 [self-0019-1-defense] Move #1017: 204 -> 205 | Army: 199 | Target-Terrain: 0 | Target: 205 | Half: False
2026-06-02 10:37:45 [self-0019-1-defense] My general index: 239
2026-06-02 10:37:45 [self-0019-1-defense] Enemy general index: None
2026-06-02 10:37:45 [self-0019-1-defense] Visible enemy tiles: 9
2026-06-02 10:37:45 [self-0019-1-defense] Tiles: 19 / 127
2026-06-02 10:37:45 [self-0019-1-defense] Map: 18 x 23 Turn: 1036
2026-06-02 10:37:45 [self-0019-1-defense] Route planned: Target = 204 Mode = defense city-free reachable tiles = 327 Fallback-Tiles = 328
2026-06-02 10:37:45 [self-0019-1-defense] Priority agent: edge reuse -27000 base = 209013 final = 182013
2026-06-02 10:37:45 [self-0019-1-defense] Move #1018: 203 -> 204 | Army: 63 | Target-Terrain: 0 | Target: 204 | Half: False
2026-06-02 10:37:46 [self-0019-1-defense] My general index: 239
2026-06-02 10:37:46 [self-0019-1-defense] Enemy general index: None
2026-06-02 10:37:46 [self-0019-1-defense] Visible enemy tiles: 9
2026-06-02 10:37:46 [self-0019-1-defense] Tiles: 19 / 127
2026-06-02 10:37:46 [self-0019-1-defense] Map: 18 x 23 Turn: 1037
2026-06-02 10:37:46 [self-0019-1-defense] Route planned: Target = 203 Mode = defense city-free reachable tiles = 327 Fallback-Tiles = 328
2026-06-02 10:37:46 [self-0019-1-defense] Priority agent: edge reuse -18000 base = 205230 final = 187230
2026-06-02 10:37:46 [self-0019-1-defense] Move #1019: 185 -> 203 | Army: 119 | Target-Terrain: 0 | Target: 203 | Half: False
2026-06-02 10:37:46 [self-0019-1-defense] My general index: 239
2026-06-02 10:37:46 [self-0019-1-defense] Enemy general index: None
2026-06-02 10:37:46 [self-0019-1-defense] Visible enemy tiles: 9
2026-06-02 10:37:46 [self-0019-1-defense] Tiles: 19 / 127
2026-06-02 10:37:46 [self-0019-1-defense] Map: 18 x 23 Turn: 1038
2026-06-02 10:37:46 [self-0019-1-defense] Route planned: Target = 206 Mode = defense city-free reachable tiles = 327 Fallback-Tiles = 328
2026-06-02 10:37:46 [self-0019-1-defense] Move #1020: 205 -> 206 | Army: 199 | Target-Terrain: 1 | Target: 206 | Half: False
2026-06-02 10:37:47 [self-0019-1-defense] My general index: 239
2026-06-02 10:37:47 [self-0019-1-defense] Enemy general index: None
2026-06-02 10:37:47 [self-0019-1-defense] Visible enemy tiles: 9
2026-06-02 10:37:47 [self-0019-1-defense] Tiles: 20 / 126
2026-06-02 10:37:47 [self-0019-1-defense] Map: 18 x 23 Turn: 1039
2026-06-02 10:37:47 [self-0019-1-defense] Route planned: Target = 205 Mode = defense city-free reachable tiles = 327 Fallback-Tiles = 328
2026-06-02 10:37:47 [self-0019-1-defense] Priority agent: reverse -35000, edge reuse -9000 base = 234130 final = 190130
2026-06-02 10:37:47 [self-0019-1-defense] Move #1021: 206 -> 205 | Army: 196 | Target-Terrain: 0 | Target: 205 | Half: False
2026-06-02 10:37:47 [self-0019-1-defense] My general index: 239
2026-06-02 10:37:47 [self-0019-1-defense] Enemy general index: None
2026-06-02 10:37:47 [self-0019-1-defense] Visible enemy tiles: 9
2026-06-02 10:37:47 [self-0019-1-defense] Tiles: 20 / 126
2026-06-02 10:37:47 [self-0019-1-defense] Map: 18 x 23 Turn: 1040
2026-06-02 10:37:47 [self-0019-1-defense] Route planned: Target = 206 Mode = defense city-free reachable tiles = 327 Fallback-Tiles = 328
2026-06-02 10:37:47 [self-0019-1-defense] Move #1022: 224 -> 206 | Army: 2 | Target-Terrain: 0 | Target: 206 | Half: False
2026-06-02 10:37:48 [self-0019-1-defense] My general index: 239
2026-06-02 10:37:48 [self-0019-1-defense] Enemy general index: None
2026-06-02 10:37:48 [self-0019-1-defense] Visible enemy tiles: 9
2026-06-02 10:37:48 [self-0019-1-defense] Tiles: 20 / 126
2026-06-02 10:37:48 [self-0019-1-defense] Map: 18 x 23 Turn: 1041
2026-06-02 10:37:48 [self-0019-1-defense] Route planned: Target = 206 Mode = defense city-free reachable tiles = 327 Fallback-Tiles = 328
2026-06-02 10:37:48 [self-0019-1-defense] Priority agent: edge reuse -18000 base = 212630 final = 194630
2026-06-02 10:37:48 [self-0019-1-defense] Move #1023: 205 -> 206 | Army: 196 | Target-Terrain: 0 | Target: 206 | Half: False
2026-06-02 10:37:48 [self-0019-1-defense] My general index: 239
2026-06-02 10:37:48 [self-0019-1-defense] Enemy general index: None
2026-06-02 10:37:48 [self-0019-1-defense] Visible enemy tiles: 9
2026-06-02 10:37:48 [self-0019-1-defense] Tiles: 20 / 126
2026-06-02 10:37:48 [self-0019-1-defense] Map: 18 x 23 Turn: 1042
2026-06-02 10:37:48 [self-0019-1-defense] Route planned: Target = 205 Mode = defense city-free reachable tiles = 327 Fallback-Tiles = 328
2026-06-02 10:37:48 [self-0019-1-defense] Priority agent: edge reuse -27000 base = 213813 final = 186813
2026-06-02 10:37:48 [self-0019-1-defense] Move #1024: 204 -> 205 | Army: 63 | Target-Terrain: 0 | Target: 205 | Half: False
2026-06-02 10:37:49 [self-0019-1-defense] My general index: 239
2026-06-02 10:37:49 [self-0019-1-defense] Enemy general index: None
2026-06-02 10:37:49 [self-0019-1-defense] Visible enemy tiles: 9
2026-06-02 10:37:49 [self-0019-1-defense] Tiles: 20 / 126
2026-06-02 10:37:49 [self-0019-1-defense] Map: 18 x 23 Turn: 1043
2026-06-02 10:37:49 [self-0019-1-defense] Route planned: Target = 204 Mode = defense city-free reachable tiles = 327 Fallback-Tiles = 328
2026-06-02 10:37:49 [self-0019-1-defense] Priority agent: edge reuse -18000 base = 229030 final = 211030
2026-06-02 10:37:49 [self-0019-1-defense] Move #1025: 203 -> 204 | Army: 119 | Target-Terrain: 0 | Target: 204 | Half: False
2026-06-02 10:37:49 [self-0019-1-defense] My general index: 239
2026-06-02 10:37:49 [self-0019-1-defense] Enemy general index: None
2026-06-02 10:37:49 [self-0019-1-defense] Visible enemy tiles: 9
2026-06-02 10:37:49 [self-0019-1-defense] Tiles: 20 / 126
2026-06-02 10:37:49 [self-0019-1-defense] Map: 18 x 23 Turn: 1044
2026-06-02 10:37:49 [self-0019-1-defense] Route planned: Target = 203 Mode = defense city-free reachable tiles = 327 Fallback-Tiles = 328
2026-06-02 10:37:49 [self-0019-1-defense] Move #1026: 220 -> 221 | Army: 2 | Target-Terrain: 0 | Target: 203 | Half: False
2026-06-02 10:37:50 [self-0019-1-defense] My general index: 239
2026-06-02 10:37:50 [self-0019-1-defense] Enemy general index: None
2026-06-02 10:37:50 [self-0019-1-defense] Visible enemy tiles: 9
2026-06-02 10:37:50 [self-0019-1-defense] Tiles: 20 / 126
2026-06-02 10:37:50 [self-0019-1-defense] Map: 18 x 23 Turn: 1045
2026-06-02 10:37:50 [self-0019-1-defense] Route planned: Target = 203 Mode = defense city-free reachable tiles = 327 Fallback-Tiles = 328
2026-06-02 10:37:50 [self-0019-1-defense] Priority agent: flow +6000 base = 249052 final = 255052
2026-06-02 10:37:50 [self-0019-1-defense] Move #1027: 221 -> 203 | Army: 2 | Target-Terrain: 0 | Target: 203 | Half: False
2026-06-02 10:37:50 [self-0019-1-defense] My general index: 239
2026-06-02 10:37:50 [self-0019-1-defense] Enemy general index: None
2026-06-02 10:37:50 [self-0019-1-defense] Visible enemy tiles: 9
2026-06-02 10:37:50 [self-0019-1-defense] Tiles: 20 / 126
2026-06-02 10:37:50 [self-0019-1-defense] Map: 18 x 23 Turn: 1046
2026-06-02 10:37:50 [self-0019-1-defense] Route planned: Target = 203 Mode = defense city-free reachable tiles = 327 Fallback-Tiles = 328
2026-06-02 10:37:50 [self-0019-1-defense] Priority agent: edge reuse -18000 base = 205230 final = 187230
2026-06-02 10:37:50 [self-0019-1-defense] Move #1028: 204 -> 203 | Army: 119 | Target-Terrain: 0 | Target: 203 | Half: False
2026-06-02 10:37:51 [self-0019-1-defense] Coach: stabilize tiles 20/126 army 505/2733 cities 0/0 enemy_city_suspect False bias {'expansion_bias': 0.1, 'city_bias': 0.2, 'attack_bias': -0.5, 'defense_bias': 2.0, 'route_bias': 0.1}
2026-06-02 10:37:51 [self-0019-1-defense] My general index: 239
2026-06-02 10:37:51 [self-0019-1-defense] Enemy general index: None
2026-06-02 10:37:51 [self-0019-1-defense] Visible enemy tiles: 9
2026-06-02 10:37:51 [self-0019-1-defense] Tiles: 20 / 126
2026-06-02 10:37:51 [self-0019-1-defense] Map: 18 x 23 Turn: 1047
2026-06-02 10:37:51 [self-0019-1-defense] Route planned: Target = 204 Mode = defense city-free reachable tiles = 327 Fallback-Tiles = 328
2026-06-02 10:37:51 [self-0019-1-defense] Priority agent: edge reuse -36000 base = 211213 final = 175213
2026-06-02 10:37:51 [self-0019-1-defense] Move #1029: 205 -> 204 | Army: 63 | Target-Terrain: 0 | Target: 204 | Half: False
2026-06-02 10:37:51 [self-0019-1-defense] My general index: 239
2026-06-02 10:37:51 [self-0019-1-defense] Enemy general index: None
2026-06-02 10:37:51 [self-0019-1-defense] Visible enemy tiles: 9
2026-06-02 10:37:51 [self-0019-1-defense] Tiles: 20 / 126
2026-06-02 10:37:51 [self-0019-1-defense] Map: 18 x 23 Turn: 1048
2026-06-02 10:37:51 [self-0019-1-defense] Route planned: Target = 205 Mode = defense city-free reachable tiles = 327 Fallback-Tiles = 328
2026-06-02 10:37:51 [self-0019-1-defense] Priority agent: edge reuse -27000 base = 216030 final = 189030
2026-06-02 10:37:51 [self-0019-1-defense] Move #1030: 206 -> 205 | Army: 197 | Target-Terrain: 0 | Target: 205 | Half: False
2026-06-02 10:37:52 [self-0019-1-defense] My general index: 239
2026-06-02 10:37:52 [self-0019-1-defense] Enemy general index: None
2026-06-02 10:37:52 [self-0019-1-defense] Visible enemy tiles: 9
2026-06-02 10:37:52 [self-0019-1-defense] Tiles: 20 / 126
2026-06-02 10:37:52 [self-0019-1-defense] Map: 18 x 23 Turn: 1049
2026-06-02 10:37:52 [self-0019-1-defense] Route planned: Target = 206 Mode = defense city-free reachable tiles = 327 Fallback-Tiles = 328
2026-06-02 10:37:52 [self-0019-1-defense] Move #1031: 238 -> 239 | Army: 2 | Target-Terrain: 0 | Target: 206 | Half: False
2026-06-02 10:37:52 [self-0019-1-defense] My general index: 239
2026-06-02 10:37:52 [self-0019-1-defense] Enemy general index: None
2026-06-02 10:37:52 [self-0019-1-defense] Visible enemy tiles: 9
2026-06-02 10:37:52 [self-0019-1-defense] Tiles: 20 / 126
2026-06-02 10:37:52 [self-0019-1-defense] Map: 18 x 23 Turn: 1050
2026-06-02 10:37:52 [self-0019-1-defense] Route planned: Target = 206 Mode = defense city-free reachable tiles = 327 Fallback-Tiles = 328
2026-06-02 10:37:52 [self-0019-1-defense] Priority agent: edge reuse -9000 base = 246652 final = 237652
2026-06-02 10:37:52 [self-0019-1-defense] Move #1032: 224 -> 206 | Army: 2 | Target-Terrain: 0 | Target: 206 | Half: False
2026-06-02 10:37:53 [self-0019-1-defense] My general index: 239
2026-06-02 10:37:53 [self-0019-1-defense] Enemy general index: None
2026-06-02 10:37:53 [self-0019-1-defense] Visible enemy tiles: 9
2026-06-02 10:37:53 [self-0019-1-defense] Tiles: 20 / 126
2026-06-02 10:37:53 [self-0019-1-defense] Map: 18 x 23 Turn: 1051
2026-06-02 10:37:53 [self-0019-1-defense] Route planned: Target = 206 Mode = defense city-free reachable tiles = 327 Fallback-Tiles = 328
2026-06-02 10:37:53 [self-0019-1-defense] Priority agent: edge reuse -36000 base = 212630 final = 176630
2026-06-02 10:37:53 [self-0019-1-defense] Move #1033: 205 -> 206 | Army: 198 | Target-Terrain: 0 | Target: 206 | Half: False
2026-06-02 10:37:53 [self-0019-1-defense] My general index: 239
2026-06-02 10:37:53 [self-0019-1-defense] Enemy general index: None
2026-06-02 10:37:53 [self-0019-1-defense] Visible enemy tiles: 10
2026-06-02 10:37:53 [self-0019-1-defense] Tiles: 19 / 127
2026-06-02 10:37:53 [self-0019-1-defense] Map: 18 x 23 Turn: 1052
2026-06-02 10:37:53 [self-0019-1-defense] Route planned: Target = 205 Mode = defense city-free reachable tiles = 327 Fallback-Tiles = 328
2026-06-02 10:37:53 [self-0019-1-defense] Move #1034: 187 -> 205 | Army: 2 | Target-Terrain: 0 | Target: 205 | Half: False
2026-06-02 10:37:54 [self-0019-1-defense] My general index: 239
2026-06-02 10:37:54 [self-0019-1-defense] Enemy general index: None
2026-06-02 10:37:54 [self-0019-1-defense] Visible enemy tiles: 10
2026-06-02 10:37:54 [self-0019-1-defense] Tiles: 19 / 127
2026-06-02 10:37:54 [self-0019-1-defense] Map: 18 x 23 Turn: 1053
2026-06-02 10:37:54 [self-0019-1-defense] Route planned: Target = 205 Mode = defense city-free reachable tiles = 327 Fallback-Tiles = 328
2026-06-02 10:37:54 [self-0019-1-defense] Move #1035: 223 -> 205 | Army: 2 | Target-Terrain: 0 | Target: 205 | Half: False
2026-06-02 10:37:54 [self-0019-1-defense] My general index: 239
2026-06-02 10:37:54 [self-0019-1-defense] Enemy general index: None
2026-06-02 10:37:54 [self-0019-1-defense] Visible enemy tiles: 11
2026-06-02 10:37:54 [self-0019-1-defense] Tiles: 18 / 128
2026-06-02 10:37:54 [self-0019-1-defense] Map: 18 x 23 Turn: 1054
2026-06-02 10:37:54 [self-0019-1-defense] Route planned: Target = 205 Mode = defense city-free reachable tiles = 327 Fallback-Tiles = 328
2026-06-02 10:37:54 [self-0019-1-defense] Priority agent: edge reuse -18000 base = 213814 final = 195814
2026-06-02 10:37:54 [self-0019-1-defense] Move #1036: 204 -> 205 | Army: 64 | Target-Terrain: 0 | Target: 205 | Half: False
2026-06-02 10:37:55 [self-0019-1-defense] My general index: 239
2026-06-02 10:37:55 [self-0019-1-defense] Enemy general index: None
2026-06-02 10:37:55 [self-0019-1-defense] Visible enemy tiles: 11
2026-06-02 10:37:55 [self-0019-1-defense] Tiles: 18 / 128
2026-06-02 10:37:55 [self-0019-1-defense] Map: 18 x 23 Turn: 1055
2026-06-02 10:37:55 [self-0019-1-defense] Route planned: Target = 204 Mode = defense city-free reachable tiles = 327 Fallback-Tiles = 328
2026-06-02 10:37:55 [self-0019-1-defense] Move #1037: 186 -> 204 | Army: 2 | Target-Terrain: 0 | Target: 204 | Half: False
2026-06-02 10:37:55 [self-0019-1-defense] My general index: 239
2026-06-02 10:37:55 [self-0019-1-defense] Enemy general index: None
2026-06-02 10:37:55 [self-0019-1-defense] Visible enemy tiles: 11
2026-06-02 10:37:55 [self-0019-1-defense] Tiles: 18 / 128
2026-06-02 10:37:55 [self-0019-1-defense] Map: 18 x 23 Turn: 1056
2026-06-02 10:37:55 [self-0019-1-defense] Route planned: Target = 204 Mode = defense city-free reachable tiles = 327 Fallback-Tiles = 328
2026-06-02 10:37:55 [self-0019-1-defense] Priority agent: edge reuse -18000 base = 229030 final = 211030
2026-06-02 10:37:55 [self-0019-1-defense] Move #1038: 203 -> 204 | Army: 121 | Target-Terrain: 0 | Target: 204 | Half: False
2026-06-02 10:37:56 [self-0019-1-defense] My general index: 239
2026-06-02 10:37:56 [self-0019-1-defense] Enemy general index: None
2026-06-02 10:37:56 [self-0019-1-defense] Visible enemy tiles: 11
2026-06-02 10:37:56 [self-0019-1-defense] Tiles: 18 / 128
2026-06-02 10:37:56 [self-0019-1-defense] Map: 18 x 23 Turn: 1057
2026-06-02 10:37:56 [self-0019-1-defense] Route planned: Target = 207 Mode = defense city-free reachable tiles = 327 Fallback-Tiles = 328
2026-06-02 10:37:56 [self-0019-1-defense] Move #1039: 206 -> 207 | Army: 200 | Target-Terrain: 1 | Target: 207 | Half: False
2026-06-02 10:37:56 [self-0019-1-defense] My general index: 239
2026-06-02 10:37:56 [self-0019-1-defense] Enemy general index: None
2026-06-02 10:37:56 [self-0019-1-defense] Visible enemy tiles: 13
2026-06-02 10:37:56 [self-0019-1-defense] Tiles: 19 / 127
2026-06-02 10:37:56 [self-0019-1-defense] Map: 18 x 23 Turn: 1058
2026-06-02 10:37:56 [self-0019-1-defense] Route planned: Target = 206 Mode = defense city-free reachable tiles = 327 Fallback-Tiles = 329
2026-06-02 10:37:56 [self-0019-1-defense] Priority agent: edge reuse -18000 base = 234816 final = 216816
2026-06-02 10:37:56 [self-0019-1-defense] Move #1040: 205 -> 206 | Army: 66 | Target-Terrain: 0 | Target: 206 | Half: False
2026-06-02 10:37:57 [self-0019-1-defense] My general index: 239
2026-06-02 10:37:57 [self-0019-1-defense] Enemy general index: None
2026-06-02 10:37:57 [self-0019-1-defense] Visible enemy tiles: 13
2026-06-02 10:37:57 [self-0019-1-defense] Tiles: 19 / 127
2026-06-02 10:37:57 [self-0019-1-defense] Map: 18 x 23 Turn: 1059
2026-06-02 10:37:57 [self-0019-1-defense] Route planned: Target = 205 Mode = defense city-free reachable tiles = 327 Fallback-Tiles = 329
2026-06-02 10:37:57 [self-0019-1-defense] Priority agent: edge reuse -18000 base = 236030 final = 218030
2026-06-02 10:37:57 [self-0019-1-defense] Move #1041: 204 -> 205 | Army: 122 | Target-Terrain: 0 | Target: 205 | Half: False
2026-06-02 10:37:57 [self-0019-1-defense] My general index: 239
2026-06-02 10:37:57 [self-0019-1-defense] Enemy general index: None
2026-06-02 10:37:57 [self-0019-1-defense] Visible enemy tiles: 13
2026-06-02 10:37:57 [self-0019-1-defense] Tiles: 19 / 127
2026-06-02 10:37:57 [self-0019-1-defense] Map: 18 x 23 Turn: 1060
2026-06-02 10:37:57 [self-0019-1-defense] Route planned: Target = 188 Mode = strategy city-free reachable tiles = 327 Fallback-Tiles = 329
2026-06-02 10:37:57 [self-0019-1-defense] Move #1042: 206 -> 188 | Army: 66 | Target-Terrain: 1 | Target: 188 | Half: False
2026-06-02 10:37:58 [self-0019-1-defense] My general index: 239
2026-06-02 10:37:58 [self-0019-1-defense] Enemy general index: None
2026-06-02 10:37:58 [self-0019-1-defense] Visible enemy tiles: 13
2026-06-02 10:37:58 [self-0019-1-defense] Tiles: 20 / 126
2026-06-02 10:37:58 [self-0019-1-defense] Map: 18 x 23 Turn: 1061
2026-06-02 10:37:58 [self-0019-1-defense] Route planned: Target = 189 Mode = strategy city-free reachable tiles = 327 Fallback-Tiles = 329
2026-06-02 10:37:58 [self-0019-1-defense] Move #1043: 207 -> 189 | Army: 196 | Target-Terrain: 1 | Target: 189 | Half: False
2026-06-02 10:37:58 [self-0019-1-defense] My general index: 239
2026-06-02 10:37:58 [self-0019-1-defense] Enemy general index: None
2026-06-02 10:37:58 [self-0019-1-defense] Visible enemy tiles: 12
2026-06-02 10:37:58 [self-0019-1-defense] Tiles: 21 / 125
2026-06-02 10:37:58 [self-0019-1-defense] Map: 18 x 23 Turn: 1062
2026-06-02 10:37:58 [self-0019-1-defense] Route planned: Target = 208 Mode = strategy city-free reachable tiles = 327 Fallback-Tiles = 329
2026-06-02 10:37:58 [self-0019-1-defense] Priority agent: flow +6000 base = 80640 final = 86640
2026-06-02 10:37:58 [self-0019-1-defense] Move #1044: 189 -> 190 | Army: 104 | Target-Terrain: 1 | Target: 208 | Half: False
2026-06-02 10:37:59 [self-0019-1-defense] My general index: 239
2026-06-02 10:37:59 [self-0019-1-defense] Enemy general index: None
2026-06-02 10:37:59 [self-0019-1-defense] Visible enemy tiles: 13
2026-06-02 10:37:59 [self-0019-1-defense] Tiles: 21 / 125
2026-06-02 10:37:59 [self-0019-1-defense] Map: 18 x 23 Turn: 1063
2026-06-02 10:37:59 [self-0019-1-defense] Route planned: Target = 206 Mode = defense city-free reachable tiles = 327 Fallback-Tiles = 329
2026-06-02 10:37:59 [self-0019-1-defense] Priority agent: edge reuse -9000 base = 219014 final = 210014
2026-06-02 10:37:59 [self-0019-1-defense] Move #1045: 188 -> 206 | Army: 64 | Target-Terrain: 0 | Target: 206 | Half: False
2026-06-02 10:37:59 [self-0019-1-defense] My general index: 239
2026-06-02 10:37:59 [self-0019-1-defense] Enemy general index: None
2026-06-02 10:37:59 [self-0019-1-defense] Visible enemy tiles: 14
2026-06-02 10:37:59 [self-0019-1-defense] Tiles: 20 / 126
2026-06-02 10:37:59 [self-0019-1-defense] Map: 18 x 23 Turn: 1064
2026-06-02 10:37:59 [self-0019-1-defense] Route planned: Target = 207 Mode = strategy city-free reachable tiles = 327 Fallback-Tiles = 329
2026-06-02 10:37:59 [self-0019-1-defense] Move #1046: 190 -> 208 | Army: 100 | Target-Terrain: 1 | Target: 207 | Half: False
2026-06-02 10:38:00 [self-0019-1-defense] My general index: 239
2026-06-02 10:38:00 [self-0019-1-defense] Enemy general index: None
2026-06-02 10:38:00 [self-0019-1-defense] Visible enemy tiles: 16
2026-06-02 10:38:00 [self-0019-1-defense] Tiles: 20 / 126
2026-06-02 10:38:00 [self-0019-1-defense] Map: 18 x 23 Turn: 1065
2026-06-02 10:38:00 [self-0019-1-defense] Route planned: Target = 186 Mode = defense city-free reachable tiles = 327 Fallback-Tiles = 329
2026-06-02 10:38:00 [self-0019-1-defense] Move #1047: 185 -> 186 | Army: 2 | Target-Terrain: 0 | Target: 186 | Half: False
2026-06-02 10:38:00 [self-0019-1-defense] My general index: 239
2026-06-02 10:38:00 [self-0019-1-defense] Enemy general index: None
2026-06-02 10:38:00 [self-0019-1-defense] Visible enemy tiles: 16
2026-06-02 10:38:00 [self-0019-1-defense] Tiles: 20 / 126
2026-06-02 10:38:00 [self-0019-1-defense] Map: 18 x 23 Turn: 1066
2026-06-02 10:38:00 [self-0019-1-defense] Route planned: Target = 186 Mode = defense city-free reachable tiles = 327 Fallback-Tiles = 329
2026-06-02 10:38:00 [self-0019-1-defense] Move #1048: 208 -> 207 | Army: 98 | Target-Terrain: 1 | Target: 186 | Half: False
2026-06-02 10:38:01 [self-0019-1-defense] My general index: 239
2026-06-02 10:38:01 [self-0019-1-defense] Enemy general index: None
2026-06-02 10:38:01 [self-0019-1-defense] Visible enemy tiles: 15
2026-06-02 10:38:01 [self-0019-1-defense] Tiles: 19 / 127
2026-06-02 10:38:01 [self-0019-1-defense] Map: 18 x 23 Turn: 1067
2026-06-02 10:38:01 [self-0019-1-defense] Route planned: Target = 186 Mode = defense city-free reachable tiles = 327 Fallback-Tiles = 329
2026-06-02 10:38:01 [self-0019-1-defense] Move #1049: 205 -> 187 | Army: 122 | Target-Terrain: 1 | Target: 186 | Half: False
2026-06-02 10:38:01 [self-0019-1-defense] My general index: 239
2026-06-02 10:38:01 [self-0019-1-defense] Enemy general index: None
2026-06-02 10:38:01 [self-0019-1-defense] Visible enemy tiles: 14
2026-06-02 10:38:01 [self-0019-1-defense] Tiles: 20 / 126
2026-06-02 10:38:01 [self-0019-1-defense] Map: 18 x 23 Turn: 1068
2026-06-02 10:38:01 [self-0019-1-defense] Route planned: Target = 186 Mode = defense city-free reachable tiles = 327 Fallback-Tiles = 329
2026-06-02 10:38:01 [self-0019-1-defense] Priority agent: flow +6000 base = 252930 final = 258930
2026-06-02 10:38:01 [self-0019-1-defense] Move #1050: 187 -> 186 | Army: 120 | Target-Terrain: 0 | Target: 186 | Half: False
2026-06-02 10:38:02 [self-0019-1-defense] My general index: 239
2026-06-02 10:38:02 [self-0019-1-defense] Enemy general index: None
2026-06-02 10:38:02 [self-0019-1-defense] Visible enemy tiles: 14
2026-06-02 10:38:02 [self-0019-1-defense] Tiles: 20 / 126
2026-06-02 10:38:02 [self-0019-1-defense] Map: 18 x 23 Turn: 1069
2026-06-02 10:38:02 [self-0019-1-defense] Route planned: Target = 205 Mode = defense city-free reachable tiles = 327 Fallback-Tiles = 329
2026-06-02 10:38:02 [self-0019-1-defense] Priority agent: edge reuse -9000 base = 249814 final = 240814
2026-06-02 10:38:02 [self-0019-1-defense] Move #1051: 206 -> 205 | Army: 64 | Target-Terrain: 0 | Target: 205 | Half: False
2026-06-02 10:38:02 [self-0019-1-defense] My general index: 239
2026-06-02 10:38:02 [self-0019-1-defense] Enemy general index: None
2026-06-02 10:38:02 [self-0019-1-defense] Visible enemy tiles: 15
2026-06-02 10:38:02 [self-0019-1-defense] Tiles: 19 / 127
2026-06-02 10:38:02 [self-0019-1-defense] Map: 18 x 23 Turn: 1070
2026-06-02 10:38:02 [self-0019-1-defense] Route planned: Target = 185 Mode = defense city-free reachable tiles = 327 Fallback-Tiles = 329
2026-06-02 10:38:02 [self-0019-1-defense] Priority agent: edge reuse -9000 base = 231030 final = 222030
2026-06-02 10:38:02 [self-0019-1-defense] Move #1052: 186 -> 185 | Army: 121 | Target-Terrain: 0 | Target: 185 | Half: False
2026-06-02 10:38:03 [self-0019-1-defense] My general index: 239
2026-06-02 10:38:03 [self-0019-1-defense] Enemy general index: None
2026-06-02 10:38:03 [self-0019-1-defense] Visible enemy tiles: 15
2026-06-02 10:38:03 [self-0019-1-defense] Tiles: 19 / 127
2026-06-02 10:38:03 [self-0019-1-defense] Map: 18 x 23 Turn: 1071
2026-06-02 10:38:03 [self-0019-1-defense] Route planned: Target = 186 Mode = defense city-free reachable tiles = 327 Fallback-Tiles = 329
2026-06-02 10:38:03 [self-0019-1-defense] Move #1053: 242 -> 224 | Army: 3 | Target-Terrain: 1 | Target: 186 | Half: False
2026-06-02 10:38:03 [self-0019-1-defense] My general index: 239
2026-06-02 10:38:03 [self-0019-1-defense] Enemy general index: None
2026-06-02 10:38:03 [self-0019-1-defense] Visible enemy tiles: 14
2026-06-02 10:38:03 [self-0019-1-defense] Tiles: 19 / 127
2026-06-02 10:38:03 [self-0019-1-defense] Map: 18 x 23 Turn: 1072
2026-06-02 10:38:03 [self-0019-1-defense] Route planned: Target = 186 Mode = defense city-free reachable tiles = 327 Fallback-Tiles = 329
2026-06-02 10:38:03 [self-0019-1-defense] Priority agent: edge reuse -18000 base = 232630 final = 214630
2026-06-02 10:38:03 [self-0019-1-defense] Move #1054: 185 -> 186 | Army: 121 | Target-Terrain: 1 | Target: 186 | Half: False
2026-06-02 10:38:04 [self-0019-1-defense] My general index: 239
2026-06-02 10:38:04 [self-0019-1-defense] Enemy general index: None
2026-06-02 10:38:04 [self-0019-1-defense] Visible enemy tiles: 14
2026-06-02 10:38:04 [self-0019-1-defense] Tiles: 19 / 127
2026-06-02 10:38:04 [self-0019-1-defense] Map: 18 x 23 Turn: 1073
2026-06-02 10:38:04 [self-0019-1-defense] Route planned: Target = 185 Mode = defense city-free reachable tiles = 327 Fallback-Tiles = 329
2026-06-02 10:38:04 [self-0019-1-defense] Priority agent: edge reuse -9000 base = 177595 final = 168595
2026-06-02 10:38:04 [self-0019-1-defense] Move #1055: 190 -> 189 | Army: 5 | Target-Terrain: 1 | Target: 185 | Half: False
2026-06-02 10:38:04 [self-0019-1-defense] My general index: 239
2026-06-02 10:38:04 [self-0019-1-defense] Enemy general index: None
2026-06-02 10:38:04 [self-0019-1-defense] Visible enemy tiles: 13
2026-06-02 10:38:04 [self-0019-1-defense] Tiles: 20 / 126
2026-06-02 10:38:04 [self-0019-1-defense] Map: 18 x 23 Turn: 1074
2026-06-02 10:38:04 [self-0019-1-defense] Route planned: Target = 185 Mode = defense city-free reachable tiles = 327 Fallback-Tiles = 329
2026-06-02 10:38:04 [self-0019-1-defense] Priority agent: edge reuse -27000 base = 219630 final = 192630
2026-06-02 10:38:04 [self-0019-1-defense] Move #1056: 186 -> 185 | Army: 107 | Target-Terrain: 0 | Target: 185 | Half: False
2026-06-02 10:38:05 [self-0019-1-defense] My general index: 239
2026-06-02 10:38:05 [self-0019-1-defense] Enemy general index: None
2026-06-02 10:38:05 [self-0019-1-defense] Visible enemy tiles: 13
2026-06-02 10:38:05 [self-0019-1-defense] Tiles: 20 / 126
2026-06-02 10:38:05 [self-0019-1-defense] Map: 18 x 23 Turn: 1075
2026-06-02 10:38:05 [self-0019-1-defense] Route planned: Target = 186 Mode = defense city-free reachable tiles = 327 Fallback-Tiles = 329
2026-06-02 10:38:05 [self-0019-1-defense] Move #1057: 189 -> 188 | Army: 3 | Target-Terrain: 1 | Target: 186 | Half: False
2026-06-02 10:38:05 [self-0019-1-defense] My general index: 239
2026-06-02 10:38:05 [self-0019-1-defense] Enemy general index: None
2026-06-02 10:38:05 [self-0019-1-defense] Visible enemy tiles: 12
2026-06-02 10:38:05 [self-0019-1-defense] Tiles: 21 / 125
2026-06-02 10:38:05 [self-0019-1-defense] Map: 18 x 23 Turn: 1076
2026-06-02 10:38:05 [self-0019-1-defense] Route planned: Target = 186 Mode = defense city-free reachable tiles = 327 Fallback-Tiles = 329
2026-06-02 10:38:05 [self-0019-1-defense] Priority agent: edge reuse -36000 base = 204230 final = 168230
2026-06-02 10:38:05 [self-0019-1-defense] Move #1058: 185 -> 186 | Army: 107 | Target-Terrain: 0 | Target: 186 | Half: False
2026-06-02 10:38:06 [self-0019-1-defense] My general index: 239
2026-06-02 10:38:06 [self-0019-1-defense] Enemy general index: None
2026-06-02 10:38:06 [self-0019-1-defense] Visible enemy tiles: 12
2026-06-02 10:38:06 [self-0019-1-defense] Tiles: 21 / 125
2026-06-02 10:38:06 [self-0019-1-defense] Map: 18 x 23 Turn: 1077
2026-06-02 10:38:06 [self-0019-1-defense] Route planned: Target = 185 Mode = defense city-free reachable tiles = 327 Fallback-Tiles = 329
2026-06-02 10:38:06 [self-0019-1-defense] Priority agent: edge reuse -9000 base = 176534 final = 167534
2026-06-02 10:38:06 [self-0019-1-defense] Move #1059: 205 -> 187 | Army: 64 | Target-Terrain: 1 | Target: 185 | Half: False
2026-06-02 10:38:06 [self-0019-1-defense] My general index: 239
2026-06-02 10:38:06 [self-0019-1-defense] Enemy general index: None
2026-06-02 10:38:06 [self-0019-1-defense] Visible enemy tiles: 11
2026-06-02 10:38:06 [self-0019-1-defense] Tiles: 22 / 124
2026-06-02 10:38:06 [self-0019-1-defense] Map: 18 x 23 Turn: 1078
2026-06-02 10:38:06 [self-0019-1-defense] Route planned: Target = 185 Mode = defense city-free reachable tiles = 327 Fallback-Tiles = 329
2026-06-02 10:38:06 [self-0019-1-defense] Priority agent: edge reuse -45000 base = 207630 final = 162630
2026-06-02 10:38:06 [self-0019-1-defense] Move #1060: 186 -> 185 | Army: 107 | Target-Terrain: 0 | Target: 185 | Half: False
2026-06-02 10:38:07 [self-0019-1-defense] My general index: 239
2026-06-02 10:38:07 [self-0019-1-defense] Enemy general index: None
2026-06-02 10:38:07 [self-0019-1-defense] Visible enemy tiles: 11
2026-06-02 10:38:07 [self-0019-1-defense] Tiles: 22 / 124
2026-06-02 10:38:07 [self-0019-1-defense] Map: 18 x 23 Turn: 1079
2026-06-02 10:38:07 [self-0019-1-defense] Route planned: Target = 186 Mode = defense city-free reachable tiles = 327 Fallback-Tiles = 329
2026-06-02 10:38:07 [self-0019-1-defense] Priority agent: edge reuse -9000 base = 241412 final = 232412
2026-06-02 10:38:07 [self-0019-1-defense] Move #1061: 187 -> 186 | Army: 62 | Target-Terrain: 0 | Target: 186 | Half: False
2026-06-02 10:38:07 [self-0019-1-defense] My general index: 239
2026-06-02 10:38:07 [self-0019-1-defense] Enemy general index: None
2026-06-02 10:38:07 [self-0019-1-defense] Visible enemy tiles: 11
2026-06-02 10:38:07 [self-0019-1-defense] Tiles: 22 / 124
2026-06-02 10:38:07 [self-0019-1-defense] Map: 18 x 23 Turn: 1080
2026-06-02 10:38:07 [self-0019-1-defense] Route planned: Target = 205 Mode = defense city-free reachable tiles = 327 Fallback-Tiles = 329
2026-06-02 10:38:07 [self-0019-1-defense] Move #1062: 190 -> 208 | Army: 5 | Target-Terrain: 1 | Target: 205 | Half: False
2026-06-02 10:38:08 [self-0019-1-defense] My general index: 239
2026-06-02 10:38:08 [self-0019-1-defense] Enemy general index: None
2026-06-02 10:38:08 [self-0019-1-defense] Visible enemy tiles: 12
2026-06-02 10:38:08 [self-0019-1-defense] Tiles: 23 / 123
2026-06-02 10:38:08 [self-0019-1-defense] Map: 18 x 23 Turn: 1081
2026-06-02 10:38:08 [self-0019-1-defense] Route planned: Target = 205 Mode = defense city-free reachable tiles = 327 Fallback-Tiles = 329
2026-06-02 10:38:08 [self-0019-1-defense] Priority agent: flow +6000 base = 176373 final = 182373
2026-06-02 10:38:08 [self-0019-1-defense] Move #1063: 208 -> 207 | Army: 3 | Target-Terrain: 1 | Target: 205 | Half: False
2026-06-02 10:38:08 [self-0019-1-defense] My general index: 239
2026-06-02 10:38:08 [self-0019-1-defense] Enemy general index: None
2026-06-02 10:38:08 [self-0019-1-defense] Visible enemy tiles: 11
2026-06-02 10:38:08 [self-0019-1-defense] Tiles: 22 / 124
2026-06-02 10:38:08 [self-0019-1-defense] Map: 18 x 23 Turn: 1082
2026-06-02 10:38:08 [self-0019-1-defense] Route planned: Target = 205 Mode = defense city-free reachable tiles = 327 Fallback-Tiles = 329
2026-06-02 10:38:08 [self-0019-1-defense] Move #1064: 186 -> 204 | Army: 62 | Target-Terrain: 0 | Target: 205 | Half: False
2026-06-02 10:38:09 [self-0019-1-defense] My general index: 239
2026-06-02 10:38:09 [self-0019-1-defense] Enemy general index: None
2026-06-02 10:38:09 [self-0019-1-defense] Visible enemy tiles: 11
2026-06-02 10:38:09 [self-0019-1-defense] Tiles: 22 / 124
2026-06-02 10:38:09 [self-0019-1-defense] Map: 18 x 23 Turn: 1083
2026-06-02 10:38:09 [self-0019-1-defense] Route planned: Target = 186 Mode = defense city-free reachable tiles = 327 Fallback-Tiles = 329
2026-06-02 10:38:09 [self-0019-1-defense] Priority agent: reverse -35000, edge reuse -9000 base = 222312 final = 178312
2026-06-02 10:38:09 [self-0019-1-defense] Move #1065: 204 -> 186 | Army: 62 | Target-Terrain: 0 | Target: 186 | Half: False
2026-06-02 10:38:09 [self-0019-1-defense] My general index: 239
2026-06-02 10:38:09 [self-0019-1-defense] Enemy general index: None
2026-06-02 10:38:09 [self-0019-1-defense] Visible enemy tiles: 11
2026-06-02 10:38:09 [self-0019-1-defense] Tiles: 22 / 124
2026-06-02 10:38:09 [self-0019-1-defense] Map: 18 x 23 Turn: 1084
2026-06-02 10:38:09 [self-0019-1-defense] Route planned: Target = 205 Mode = defense city-free reachable tiles = 327 Fallback-Tiles = 329
2026-06-02 10:38:09 [self-0019-1-defense] Move #1066: 185 -> 203 | Army: 107 | Target-Terrain: 0 | Target: 205 | Half: False
2026-06-02 10:38:10 [self-0019-1-defense] My general index: 239
2026-06-02 10:38:10 [self-0019-1-defense] Enemy general index: None
2026-06-02 10:38:10 [self-0019-1-defense] Visible enemy tiles: 11
2026-06-02 10:38:10 [self-0019-1-defense] Tiles: 22 / 124
2026-06-02 10:38:10 [self-0019-1-defense] Map: 18 x 23 Turn: 1085
2026-06-02 10:38:10 [self-0019-1-defense] Route planned: Target = 185 Mode = defense city-free reachable tiles = 327 Fallback-Tiles = 329
2026-06-02 10:38:10 [self-0019-1-defense] Priority agent: edge reuse -36000 base = 227612 final = 191612
2026-06-02 10:38:10 [self-0019-1-defense] Move #1067: 186 -> 185 | Army: 62 | Target-Terrain: 0 | Target: 185 | Half: False
2026-06-02 10:38:10 [self-0019-1-defense] My general index: 239
2026-06-02 10:38:10 [self-0019-1-defense] Enemy general index: None
2026-06-02 10:38:10 [self-0019-1-defense] Visible enemy tiles: 11
2026-06-02 10:38:10 [self-0019-1-defense] Tiles: 22 / 124
2026-06-02 10:38:10 [self-0019-1-defense] Map: 18 x 23 Turn: 1086
2026-06-02 10:38:10 [self-0019-1-defense] Route planned: Target = 186 Mode = defense city-free reachable tiles = 327 Fallback-Tiles = 329
2026-06-02 10:38:10 [self-0019-1-defense] Move #1068: 203 -> 204 | Army: 107 | Target-Terrain: 0 | Target: 186 | Half: False
2026-06-02 10:38:11 [self-0019-1-defense] My general index: 239
2026-06-02 10:38:11 [self-0019-1-defense] Enemy general index: None
2026-06-02 10:38:11 [self-0019-1-defense] Visible enemy tiles: 11
2026-06-02 10:38:11 [self-0019-1-defense] Tiles: 22 / 124
2026-06-02 10:38:11 [self-0019-1-defense] Map: 18 x 23 Turn: 1087
2026-06-02 10:38:11 [self-0019-1-defense] Route planned: Target = 186 Mode = defense city-free reachable tiles = 327 Fallback-Tiles = 329
2026-06-02 10:38:11 [self-0019-1-defense] Priority agent: edge reuse -18000, flow +6000 base = 207330 final = 195330
2026-06-02 10:38:11 [self-0019-1-defense] Move #1069: 204 -> 186 | Army: 107 | Target-Terrain: 0 | Target: 186 | Half: False
2026-06-02 10:38:11 [self-0019-1-defense] My general index: 239
2026-06-02 10:38:11 [self-0019-1-defense] Enemy general index: None
2026-06-02 10:38:11 [self-0019-1-defense] Visible enemy tiles: 11
2026-06-02 10:38:11 [self-0019-1-defense] Tiles: 22 / 124
2026-06-02 10:38:11 [self-0019-1-defense] Map: 18 x 23 Turn: 1088
2026-06-02 10:38:11 [self-0019-1-defense] Route planned: Target = 205 Mode = defense city-free reachable tiles = 327 Fallback-Tiles = 329
2026-06-02 10:38:11 [self-0019-1-defense] Priority agent: edge reuse -9000, flow +6000 base = 151840 final = 148840
2026-06-02 10:38:11 [self-0019-1-defense] Move #1070: 186 -> 187 | Army: 107 | Target-Terrain: 0 | Target: 205 | Half: False
2026-06-02 10:38:12 [self-0019-1-defense] My general index: 239
2026-06-02 10:38:12 [self-0019-1-defense] Enemy general index: None
2026-06-02 10:38:12 [self-0019-1-defense] Visible enemy tiles: 11
2026-06-02 10:38:12 [self-0019-1-defense] Tiles: 22 / 124
2026-06-02 10:38:12 [self-0019-1-defense] Map: 18 x 23 Turn: 1089
2026-06-02 10:38:12 [self-0019-1-defense] Route planned: Target = 186 Mode = defense city-free reachable tiles = 327 Fallback-Tiles = 329
2026-06-02 10:38:12 [self-0019-1-defense] Priority agent: edge reuse -27000 base = 204212 final = 177212
2026-06-02 10:38:12 [self-0019-1-defense] Move #1071: 185 -> 186 | Army: 62 | Target-Terrain: 0 | Target: 186 | Half: False
2026-06-02 10:38:12 [self-0019-1-defense] My general index: 239
2026-06-02 10:38:12 [self-0019-1-defense] Enemy general index: None
2026-06-02 10:38:12 [self-0019-1-defense] Visible enemy tiles: 11
2026-06-02 10:38:12 [self-0019-1-defense] Tiles: 22 / 124
2026-06-02 10:38:12 [self-0019-1-defense] Map: 18 x 23 Turn: 1090
2026-06-02 10:38:12 [self-0019-1-defense] Route planned: Target = 185 Mode = defense city-free reachable tiles = 327 Fallback-Tiles = 329
2026-06-02 10:38:12 [self-0019-1-defense] Move #1072: 202 -> 203 | Army: 2 | Target-Terrain: 0 | Target: 185 | Half: False
2026-06-02 10:38:13 [self-0019-1-defense] My general index: 239
2026-06-02 10:38:13 [self-0019-1-defense] Enemy general index: None
2026-06-02 10:38:13 [self-0019-1-defense] Visible enemy tiles: 11
2026-06-02 10:38:13 [self-0019-1-defense] Tiles: 22 / 124
2026-06-02 10:38:13 [self-0019-1-defense] Map: 18 x 23 Turn: 1091
2026-06-02 10:38:13 [self-0019-1-defense] Route planned: Target = 185 Mode = defense city-free reachable tiles = 327 Fallback-Tiles = 329
2026-06-02 10:38:13 [self-0019-1-defense] Priority agent: edge reuse -9000, flow +6000 base = 219452 final = 216452
2026-06-02 10:38:13 [self-0019-1-defense] Move #1073: 203 -> 185 | Army: 2 | Target-Terrain: 0 | Target: 185 | Half: False
2026-06-02 10:38:13 [self-0019-1-defense] My general index: 239
2026-06-02 10:38:13 [self-0019-1-defense] Enemy general index: None
2026-06-02 10:38:13 [self-0019-1-defense] Visible enemy tiles: 11
2026-06-02 10:38:13 [self-0019-1-defense] Tiles: 22 / 124
2026-06-02 10:38:13 [self-0019-1-defense] Map: 18 x 23 Turn: 1092
2026-06-02 10:38:13 [self-0019-1-defense] Route planned: Target = 185 Mode = defense city-free reachable tiles = 327 Fallback-Tiles = 329
2026-06-02 10:38:13 [self-0019-1-defense] Priority agent: edge reuse -27000 base = 207612 final = 180612
2026-06-02 10:38:13 [self-0019-1-defense] Move #1074: 186 -> 185 | Army: 62 | Target-Terrain: 0 | Target: 185 | Half: False
2026-06-02 10:38:14 [self-0019-1-defense] My general index: 239
2026-06-02 10:38:14 [self-0019-1-defense] Enemy general index: None
2026-06-02 10:38:14 [self-0019-1-defense] Visible enemy tiles: 11
2026-06-02 10:38:14 [self-0019-1-defense] Tiles: 22 / 124
2026-06-02 10:38:14 [self-0019-1-defense] Map: 18 x 23 Turn: 1093
2026-06-02 10:38:14 [self-0019-1-defense] Route planned: Target = 186 Mode = defense city-free reachable tiles = 327 Fallback-Tiles = 329
2026-06-02 10:38:14 [self-0019-1-defense] Priority agent: edge reuse -18000 base = 206430 final = 188430
2026-06-02 10:38:14 [self-0019-1-defense] Move #1075: 187 -> 186 | Army: 107 | Target-Terrain: 0 | Target: 186 | Half: False
2026-06-02 10:38:14 [self-0019-1-defense] My general index: 239
2026-06-02 10:38:14 [self-0019-1-defense] Enemy general index: None
2026-06-02 10:38:14 [self-0019-1-defense] Visible enemy tiles: 11
2026-06-02 10:38:14 [self-0019-1-defense] Tiles: 22 / 124
2026-06-02 10:38:14 [self-0019-1-defense] Map: 18 x 23 Turn: 1094
2026-06-02 10:38:14 [self-0019-1-defense] Route planned: Target = 205 Mode = defense city-free reachable tiles = 327 Fallback-Tiles = 329
2026-06-02 10:38:14 [self-0019-1-defense] Move #1076: 201 -> 202 | Army: 2 | Target-Terrain: 0 | Target: 205 | Half: False
2026-06-02 10:38:15 [self-0019-1-defense] My general index: 239
2026-06-02 10:38:15 [self-0019-1-defense] Enemy general index: None
2026-06-02 10:38:15 [self-0019-1-defense] Visible enemy tiles: 11
2026-06-02 10:38:15 [self-0019-1-defense] Tiles: 22 / 124
2026-06-02 10:38:15 [self-0019-1-defense] Map: 18 x 23 Turn: 1095
2026-06-02 10:38:15 [self-0019-1-defense] Route planned: Target = 205 Mode = defense city-free reachable tiles = 327 Fallback-Tiles = 329
2026-06-02 10:38:15 [self-0019-1-defense] Move #1077: 220 -> 221 | Army: 2 | Target-Terrain: 0 | Target: 205 | Half: False
2026-06-02 10:38:15 [self-0019-1-defense] My general index: 239
2026-06-02 10:38:15 [self-0019-1-defense] Enemy general index: None
2026-06-02 10:38:15 [self-0019-1-defense] Visible enemy tiles: 11
2026-06-02 10:38:15 [self-0019-1-defense] Tiles: 22 / 124
2026-06-02 10:38:15 [self-0019-1-defense] Map: 18 x 23 Turn: 1096
2026-06-02 10:38:15 [self-0019-1-defense] Route planned: Target = 205 Mode = defense city-free reachable tiles = 327 Fallback-Tiles = 329
2026-06-02 10:38:15 [self-0019-1-defense] Move #1078: 238 -> 239 | Army: 2 | Target-Terrain: 0 | Target: 205 | Half: False
2026-06-02 10:38:16 [self-0019-1-defense] Coach: stabilize tiles 22/124 army 339/2739 cities 1/0 enemy_city_suspect True bias {'expansion_bias': 0.1, 'city_bias': 0.2, 'attack_bias': -0.5, 'defense_bias': 2.0, 'route_bias': 0.1}
2026-06-02 10:38:16 [self-0019-1-defense] My general index: 239
2026-06-02 10:38:16 [self-0019-1-defense] Enemy general index: None
2026-06-02 10:38:16 [self-0019-1-defense] Visible enemy tiles: 11
2026-06-02 10:38:16 [self-0019-1-defense] Tiles: 22 / 124
2026-06-02 10:38:16 [self-0019-1-defense] Map: 18 x 23 Turn: 1097
2026-06-02 10:38:16 [self-0019-1-defense] Route planned: Target = 205 Mode = defense city-free reachable tiles = 327 Fallback-Tiles = 329
2026-06-02 10:38:16 [self-0019-1-defense] Priority agent: flow +6000 base = 146260 final = 152260
2026-06-02 10:38:16 [self-0019-1-defense] Move #1079: 239 -> 221 | Army: 129 | Target-Terrain: 0 | Target: 205 | Half: True
2026-06-02 10:38:16 [self-0019-1-defense] My general index: 239
2026-06-02 10:38:16 [self-0019-1-defense] Enemy general index: None
2026-06-02 10:38:16 [self-0019-1-defense] Visible enemy tiles: 11
2026-06-02 10:38:16 [self-0019-1-defense] Tiles: 22 / 124
2026-06-02 10:38:16 [self-0019-1-defense] Map: 18 x 23 Turn: 1098
2026-06-02 10:38:16 [self-0019-1-defense] Route planned: Target = 205 Mode = defense city-free reachable tiles = 327 Fallback-Tiles = 329
2026-06-02 10:38:16 [self-0019-1-defense] Move #1080: 241 -> 223 | Army: 3 | Target-Terrain: 0 | Target: 205 | Half: False
2026-06-02 10:38:17 [self-0019-1-defense] My general index: 239
2026-06-02 10:38:17 [self-0019-1-defense] Enemy general index: None
2026-06-02 10:38:17 [self-0019-1-defense] Visible enemy tiles: 11
2026-06-02 10:38:17 [self-0019-1-defense] Tiles: 22 / 124
2026-06-02 10:38:17 [self-0019-1-defense] Map: 18 x 23 Turn: 1099
2026-06-02 10:38:17 [self-0019-1-defense] Route planned: Target = 205 Mode = defense city-free reachable tiles = 327 Fallback-Tiles = 329
2026-06-02 10:38:17 [self-0019-1-defense] Priority agent: flow +6000 base = 250053 final = 256053
2026-06-02 10:38:17 [self-0019-1-defense] Move #1081: 223 -> 205 | Army: 3 | Target-Terrain: 0 | Target: 205 | Half: False
2026-06-02 10:38:17 [self-0019-1-defense] My general index: 239
2026-06-02 10:38:17 [self-0019-1-defense] Enemy general index: None
2026-06-02 10:38:17 [self-0019-1-defense] Visible enemy tiles: 11
2026-06-02 10:38:17 [self-0019-1-defense] Tiles: 22 / 124
2026-06-02 10:38:17 [self-0019-1-defense] Map: 18 x 23 Turn: 1100
2026-06-02 10:38:17 [self-0019-1-defense] Route planned: Target = 205 Mode = defense city-free reachable tiles = 327 Fallback-Tiles = 329
2026-06-02 10:38:17 [self-0019-1-defense] Move #1082: 187 -> 205 | Army: 2 | Target-Terrain: 0 | Target: 205 | Half: False
2026-06-02 10:38:18 [self-0019-1-defense] My general index: 239
2026-06-02 10:38:18 [self-0019-1-defense] Enemy general index: None
2026-06-02 10:38:18 [self-0019-1-defense] Visible enemy tiles: 11
2026-06-02 10:38:18 [self-0019-1-defense] Tiles: 22 / 124
2026-06-02 10:38:18 [self-0019-1-defense] Map: 18 x 23 Turn: 1101
2026-06-02 10:38:18 [self-0019-1-defense] Route planned: Target = 205 Mode = defense city-free reachable tiles = 327 Fallback-Tiles = 329
2026-06-02 10:38:18 [self-0019-1-defense] Move #1083: 206 -> 205 | Army: 2 | Target-Terrain: 0 | Target: 205 | Half: False
2026-06-02 10:38:18 [self-0019-1-defense] My general index: 239
2026-06-02 10:38:18 [self-0019-1-defense] Enemy general index: None
2026-06-02 10:38:18 [self-0019-1-defense] Visible enemy tiles: 12
2026-06-02 10:38:18 [self-0019-1-defense] Tiles: 21 / 125
2026-06-02 10:38:18 [self-0019-1-defense] Map: 18 x 23 Turn: 1102
2026-06-02 10:38:18 [self-0019-1-defense] Route planned: Target = 205 Mode = defense city-free reachable tiles = 327 Fallback-Tiles = 329
2026-06-02 10:38:18 [self-0019-1-defense] Move #1084: 204 -> 205 | Army: 2 | Target-Terrain: 0 | Target: 205 | Half: False
2026-06-02 10:38:19 [self-0019-1-defense] My general index: 239
2026-06-02 10:38:19 [self-0019-1-defense] Enemy general index: None
2026-06-02 10:38:19 [self-0019-1-defense] Visible enemy tiles: 12
2026-06-02 10:38:19 [self-0019-1-defense] Tiles: 21 / 125
2026-06-02 10:38:19 [self-0019-1-defense] Map: 18 x 23 Turn: 1103
2026-06-02 10:38:19 [self-0019-1-defense] Route planned: Target = 205 Mode = defense city-free reachable tiles = 327 Fallback-Tiles = 329
2026-06-02 10:38:19 [self-0019-1-defense] Priority agent: edge reuse -9000 base = 235852 final = 226852
2026-06-02 10:38:19 [self-0019-1-defense] Move #1085: 223 -> 205 | Army: 2 | Target-Terrain: 0 | Target: 205 | Half: False
2026-06-02 10:38:19 [self-0019-1-defense] My general index: 239
2026-06-02 10:38:19 [self-0019-1-defense] Enemy general index: None
2026-06-02 10:38:19 [self-0019-1-defense] Visible enemy tiles: 12
2026-06-02 10:38:19 [self-0019-1-defense] Tiles: 21 / 125
2026-06-02 10:38:19 [self-0019-1-defense] Map: 18 x 23 Turn: 1104
2026-06-02 10:38:19 [self-0019-1-defense] Route planned: Target = 205 Mode = defense city-free reachable tiles = 327 Fallback-Tiles = 329
2026-06-02 10:38:19 [self-0019-1-defense] Priority agent: edge reuse -9000 base = 176890 final = 167890
2026-06-02 10:38:19 [self-0019-1-defense] Move #1086: 186 -> 187 | Army: 108 | Target-Terrain: 1 | Target: 205 | Half: False
2026-06-02 10:38:20 [self-0019-1-defense] My general index: 239
2026-06-02 10:38:20 [self-0019-1-defense] Enemy general index: None
2026-06-02 10:38:20 [self-0019-1-defense] Visible enemy tiles: 11
2026-06-02 10:38:20 [self-0019-1-defense] Tiles: 22 / 124
2026-06-02 10:38:20 [self-0019-1-defense] Map: 18 x 23 Turn: 1105
2026-06-02 10:38:20 [self-0019-1-defense] Route planned: Target = 186 Mode = defense city-free reachable tiles = 327 Fallback-Tiles = 329
2026-06-02 10:38:20 [self-0019-1-defense] Priority agent: edge reuse -9000 base = 251214 final = 242214
2026-06-02 10:38:20 [self-0019-1-defense] Move #1087: 185 -> 186 | Army: 64 | Target-Terrain: 0 | Target: 186 | Half: False
2026-06-02 10:38:20 [self-0019-1-defense] My general index: 239
2026-06-02 10:38:20 [self-0019-1-defense] Enemy general index: None
2026-06-02 10:38:20 [self-0019-1-defense] Visible enemy tiles: 11
2026-06-02 10:38:20 [self-0019-1-defense] Tiles: 22 / 124
2026-06-02 10:38:20 [self-0019-1-defense] Map: 18 x 23 Turn: 1106
2026-06-02 10:38:20 [self-0019-1-defense] Route planned: Target = 185 Mode = defense city-free reachable tiles = 327 Fallback-Tiles = 329
2026-06-02 10:38:20 [self-0019-1-defense] Move #1088: 203 -> 185 | Army: 2 | Target-Terrain: 0 | Target: 185 | Half: False
2026-06-02 10:38:21 [self-0019-1-defense] My general index: 239
2026-06-02 10:38:21 [self-0019-1-defense] Enemy general index: None
2026-06-02 10:38:21 [self-0019-1-defense] Visible enemy tiles: 11
2026-06-02 10:38:21 [self-0019-1-defense] Tiles: 22 / 124
2026-06-02 10:38:21 [self-0019-1-defense] Map: 18 x 23 Turn: 1107
2026-06-02 10:38:21 [self-0019-1-defense] Route planned: Target = 185 Mode = defense city-free reachable tiles = 327 Fallback-Tiles = 329
2026-06-02 10:38:21 [self-0019-1-defense] Priority agent: edge reuse -9000 base = 234614 final = 225614
2026-06-02 10:38:21 [self-0019-1-defense] Move #1089: 186 -> 185 | Army: 64 | Target-Terrain: 0 | Target: 185 | Half: False
2026-06-02 10:38:21 [self-0019-1-defense] My general index: 239
2026-06-02 10:38:21 [self-0019-1-defense] Enemy general index: None
2026-06-02 10:38:21 [self-0019-1-defense] Visible enemy tiles: 11
2026-06-02 10:38:21 [self-0019-1-defense] Tiles: 22 / 124
2026-06-02 10:38:21 [self-0019-1-defense] Map: 18 x 23 Turn: 1108
2026-06-02 10:38:21 [self-0019-1-defense] Route planned: Target = 186 Mode = defense city-free reachable tiles = 327 Fallback-Tiles = 329
2026-06-02 10:38:21 [self-0019-1-defense] Priority agent: edge reuse -9000 base = 233430 final = 224430
2026-06-02 10:38:21 [self-0019-1-defense] Move #1090: 187 -> 186 | Army: 106 | Target-Terrain: 0 | Target: 186 | Half: False
2026-06-02 10:38:22 [self-0019-1-defense] My general index: 239
2026-06-02 10:38:22 [self-0019-1-defense] Enemy general index: None
2026-06-02 10:38:22 [self-0019-1-defense] Visible enemy tiles: 11
2026-06-02 10:38:22 [self-0019-1-defense] Tiles: 22 / 124
2026-06-02 10:38:22 [self-0019-1-defense] Map: 18 x 23 Turn: 1109
2026-06-02 10:38:22 [self-0019-1-defense] Route planned: Target = 205 Mode = defense city-free reachable tiles = 327 Fallback-Tiles = 329
2026-06-02 10:38:22 [self-0019-1-defense] Priority agent: flow +6000 base = 151640 final = 157640
2026-06-02 10:38:22 [self-0019-1-defense] Move #1091: 186 -> 204 | Army: 106 | Target-Terrain: 0 | Target: 205 | Half: False
2026-06-02 10:38:22 [self-0019-1-defense] My general index: 239
2026-06-02 10:38:22 [self-0019-1-defense] Enemy general index: None
2026-06-02 10:38:22 [self-0019-1-defense] Visible enemy tiles: 11
2026-06-02 10:38:22 [self-0019-1-defense] Tiles: 22 / 124
2026-06-02 10:38:22 [self-0019-1-defense] Map: 18 x 23 Turn: 1110
2026-06-02 10:38:22 [self-0019-1-defense] Route planned: Target = 186 Mode = defense city-free reachable tiles = 327 Fallback-Tiles = 329
2026-06-02 10:38:22 [self-0019-1-defense] Priority agent: edge reuse -18000 base = 204215 final = 186215
2026-06-02 10:38:22 [self-0019-1-defense] Move #1092: 185 -> 186 | Army: 65 | Target-Terrain: 0 | Target: 186 | Half: False
2026-06-02 10:38:23 [self-0019-1-defense] My general index: 239
2026-06-02 10:38:23 [self-0019-1-defense] Enemy general index: None
2026-06-02 10:38:23 [self-0019-1-defense] Visible enemy tiles: 11
2026-06-02 10:38:23 [self-0019-1-defense] Tiles: 22 / 124
2026-06-02 10:38:23 [self-0019-1-defense] Map: 18 x 23 Turn: 1111
2026-06-02 10:38:23 [self-0019-1-defense] Route planned: Target = 185 Mode = defense city-free reachable tiles = 327 Fallback-Tiles = 329
2026-06-02 10:38:23 [self-0019-1-defense] Move #1093: 224 -> 206 | Army: 2 | Target-Terrain: 0 | Target: 185 | Half: False
2026-06-02 10:38:23 [self-0019-1-defense] My general index: 239
2026-06-02 10:38:23 [self-0019-1-defense] Enemy general index: None
2026-06-02 10:38:23 [self-0019-1-defense] Visible enemy tiles: 11
2026-06-02 10:38:23 [self-0019-1-defense] Tiles: 22 / 124
2026-06-02 10:38:23 [self-0019-1-defense] Map: 18 x 23 Turn: 1112
2026-06-02 10:38:23 [self-0019-1-defense] Route planned: Target = 185 Mode = defense city-free reachable tiles = 327 Fallback-Tiles = 329
2026-06-02 10:38:23 [self-0019-1-defense] Priority agent: edge reuse -27000 base = 207615 final = 180615
2026-06-02 10:38:23 [self-0019-1-defense] Move #1094: 186 -> 185 | Army: 65 | Target-Terrain: 0 | Target: 185 | Half: False
2026-06-02 10:38:24 [self-0019-1-defense] My general index: 239
2026-06-02 10:38:24 [self-0019-1-defense] Enemy general index: None
2026-06-02 10:38:24 [self-0019-1-defense] Visible enemy tiles: 11
2026-06-02 10:38:24 [self-0019-1-defense] Tiles: 22 / 124
2026-06-02 10:38:24 [self-0019-1-defense] Map: 18 x 23 Turn: 1113
2026-06-02 10:38:24 [self-0019-1-defense] Route planned: Target = 186 Mode = defense city-free reachable tiles = 327 Fallback-Tiles = 329
2026-06-02 10:38:24 [self-0019-1-defense] Priority agent: edge reuse -9000 base = 219230 final = 210230
2026-06-02 10:38:24 [self-0019-1-defense] Move #1095: 204 -> 186 | Army: 106 | Target-Terrain: 0 | Target: 186 | Half: False
2026-06-02 10:38:24 [self-0019-1-defense] My general index: 239
2026-06-02 10:38:24 [self-0019-1-defense] Enemy general index: None
2026-06-02 10:38:24 [self-0019-1-defense] Visible enemy tiles: 11
2026-06-02 10:38:24 [self-0019-1-defense] Tiles: 22 / 124
2026-06-02 10:38:24 [self-0019-1-defense] Map: 18 x 23 Turn: 1114
2026-06-02 10:38:24 [self-0019-1-defense] Route planned: Target = 205 Mode = defense city-free reachable tiles = 327 Fallback-Tiles = 329
2026-06-02 10:38:24 [self-0019-1-defense] Priority agent: edge reuse -9000 base = 238052 final = 229052
2026-06-02 10:38:24 [self-0019-1-defense] Move #1096: 206 -> 205 | Army: 2 | Target-Terrain: 0 | Target: 205 | Half: False
2026-06-02 10:38:25 [self-0019-1-defense] My general index: 239
2026-06-02 10:38:25 [self-0019-1-defense] Enemy general index: None
2026-06-02 10:38:25 [self-0019-1-defense] Visible enemy tiles: 11
2026-06-02 10:38:25 [self-0019-1-defense] Tiles: 22 / 124
2026-06-02 10:38:25 [self-0019-1-defense] Map: 18 x 23 Turn: 1115
2026-06-02 10:38:25 [self-0019-1-defense] Route planned: Target = 205 Mode = defense city-free reachable tiles = 327 Fallback-Tiles = 329
2026-06-02 10:38:25 [self-0019-1-defense] Move #1097: 188 -> 206 | Army: 2 | Target-Terrain: 0 | Target: 205 | Half: False
2026-06-02 10:38:25 [self-0019-1-defense] My general index: 239
2026-06-02 10:38:25 [self-0019-1-defense] Enemy general index: None
2026-06-02 10:38:25 [self-0019-1-defense] Visible enemy tiles: 11
2026-06-02 10:38:25 [self-0019-1-defense] Tiles: 22 / 124
2026-06-02 10:38:25 [self-0019-1-defense] Map: 18 x 23 Turn: 1116
2026-06-02 10:38:25 [self-0019-1-defense] Route planned: Target = 205 Mode = defense city-free reachable tiles = 327 Fallback-Tiles = 329
2026-06-02 10:38:25 [self-0019-1-defense] Priority agent: edge reuse -9000, flow +6000 base = 238052 final = 235052
2026-06-02 10:38:25 [self-0019-1-defense] Move #1098: 206 -> 205 | Army: 2 | Target-Terrain: 0 | Target: 205 | Half: False
2026-06-02 10:38:26 [self-0019-1-defense] My general index: 239
2026-06-02 10:38:26 [self-0019-1-defense] Enemy general index: None
2026-06-02 10:38:26 [self-0019-1-defense] Visible enemy tiles: 11
2026-06-02 10:38:26 [self-0019-1-defense] Tiles: 22 / 124
2026-06-02 10:38:26 [self-0019-1-defense] Map: 18 x 23 Turn: 1117
2026-06-02 10:38:26 [self-0019-1-defense] Route planned: Target = 205 Mode = defense city-free reachable tiles = 327 Fallback-Tiles = 329
2026-06-02 10:38:26 [self-0019-1-defense] Move #1099: 202 -> 203 | Army: 3 | Target-Terrain: 0 | Target: 205 | Half: False
2026-06-02 10:38:26 [self-0019-1-defense] My general index: 239
2026-06-02 10:38:26 [self-0019-1-defense] Enemy general index: None
2026-06-02 10:38:26 [self-0019-1-defense] Visible enemy tiles: 11
2026-06-02 10:38:26 [self-0019-1-defense] Tiles: 22 / 124
2026-06-02 10:38:26 [self-0019-1-defense] Map: 18 x 23 Turn: 1118
2026-06-02 10:38:26 [self-0019-1-defense] Route planned: Target = 205 Mode = defense city-free reachable tiles = 327 Fallback-Tiles = 329
2026-06-02 10:38:26 [self-0019-1-defense] Priority agent: flow +6000 base = 147563 final = 153563
2026-06-02 10:38:26 [self-0019-1-defense] Move #1100: 203 -> 204 | Army: 3 | Target-Terrain: 0 | Target: 205 | Half: False
2026-06-02 10:38:27 [self-0019-1-defense] My general index: 239
2026-06-02 10:38:27 [self-0019-1-defense] Enemy general index: None
2026-06-02 10:38:27 [self-0019-1-defense] Visible enemy tiles: 11
2026-06-02 10:38:27 [self-0019-1-defense] Tiles: 22 / 124
2026-06-02 10:38:27 [self-0019-1-defense] Map: 18 x 23 Turn: 1119
2026-06-02 10:38:27 [self-0019-1-defense] Route planned: Target = 205 Mode = defense city-free reachable tiles = 327 Fallback-Tiles = 329
2026-06-02 10:38:27 [self-0019-1-defense] Priority agent: flow +6000 base = 238053 final = 244053
2026-06-02 10:38:27 [self-0019-1-defense] Move #1101: 204 -> 205 | Army: 3 | Target-Terrain: 0 | Target: 205 | Half: False
2026-06-02 10:38:27 [self-0019-1-defense] My general index: 239
2026-06-02 10:38:27 [self-0019-1-defense] Enemy general index: None
2026-06-02 10:38:27 [self-0019-1-defense] Visible enemy tiles: 11
2026-06-02 10:38:27 [self-0019-1-defense] Tiles: 22 / 124
2026-06-02 10:38:27 [self-0019-1-defense] Map: 18 x 23 Turn: 1120
2026-06-02 10:38:27 [self-0019-1-defense] Route planned: Target = 205 Mode = defense city-free reachable tiles = 327 Fallback-Tiles = 329
2026-06-02 10:38:27 [self-0019-1-defense] Move #1102: 189 -> 188 | Army: 2 | Target-Terrain: 0 | Target: 205 | Half: False
2026-06-02 10:38:28 [self-0019-1-defense] My general index: 239
2026-06-02 10:38:28 [self-0019-1-defense] Enemy general index: None
2026-06-02 10:38:28 [self-0019-1-defense] Visible enemy tiles: 11
2026-06-02 10:38:28 [self-0019-1-defense] Tiles: 22 / 124
2026-06-02 10:38:28 [self-0019-1-defense] Map: 18 x 23 Turn: 1121
2026-06-02 10:38:28 [self-0019-1-defense] Route planned: Target = 205 Mode = defense city-free reachable tiles = 327 Fallback-Tiles = 329
2026-06-02 10:38:28 [self-0019-1-defense] Priority agent: flow +6000 base = 149962 final = 155962
2026-06-02 10:38:28 [self-0019-1-defense] Move #1103: 188 -> 187 | Army: 2 | Target-Terrain: 0 | Target: 205 | Half: False
2026-06-02 10:38:28 [self-0019-1-defense] My general index: 239
2026-06-02 10:38:28 [self-0019-1-defense] Enemy general index: None
2026-06-02 10:38:28 [self-0019-1-defense] Visible enemy tiles: 12
2026-06-02 10:38:28 [self-0019-1-defense] Tiles: 21 / 125
2026-06-02 10:38:28 [self-0019-1-defense] Map: 18 x 23 Turn: 1122
2026-06-02 10:38:28 [self-0019-1-defense] Route planned: Target = 205 Mode = defense city-free reachable tiles = 327 Fallback-Tiles = 329
2026-06-02 10:38:28 [self-0019-1-defense] Priority agent: flow +6000 base = 238052 final = 244052
2026-06-02 10:38:28 [self-0019-1-defense] Move #1104: 187 -> 205 | Army: 2 | Target-Terrain: 0 | Target: 205 | Half: False
2026-06-02 10:38:29 [self-0019-1-defense] My general index: 239
2026-06-02 10:38:29 [self-0019-1-defense] Enemy general index: None
2026-06-02 10:38:29 [self-0019-1-defense] Visible enemy tiles: 12
2026-06-02 10:38:29 [self-0019-1-defense] Tiles: 21 / 125
2026-06-02 10:38:29 [self-0019-1-defense] Map: 18 x 23 Turn: 1123
2026-06-02 10:38:29 [self-0019-1-defense] Route planned: Target = 205 Mode = defense city-free reachable tiles = 327 Fallback-Tiles = 329
2026-06-02 10:38:29 [self-0019-1-defense] Move #1105: 190 -> 189 | Army: 23 | Target-Terrain: 1 | Target: 205 | Half: False
2026-06-02 10:38:29 [self-0019-1-defense] My general index: 239
2026-06-02 10:38:29 [self-0019-1-defense] Enemy general index: None
2026-06-02 10:38:29 [self-0019-1-defense] Visible enemy tiles: 11
2026-06-02 10:38:29 [self-0019-1-defense] Tiles: 22 / 124
2026-06-02 10:38:29 [self-0019-1-defense] Map: 18 x 23 Turn: 1124
2026-06-02 10:38:29 [self-0019-1-defense] Route planned: Target = 205 Mode = defense city-free reachable tiles = 327 Fallback-Tiles = 329
2026-06-02 10:38:29 [self-0019-1-defense] Priority agent: flow +6000 base = 182091 final = 188091
2026-06-02 10:38:29 [self-0019-1-defense] Move #1106: 189 -> 207 | Army: 21 | Target-Terrain: 1 | Target: 205 | Half: False
2026-06-02 10:38:30 [self-0019-1-defense] My general index: 239
2026-06-02 10:38:30 [self-0019-1-defense] Enemy general index: None
2026-06-02 10:38:30 [self-0019-1-defense] Visible enemy tiles: 11
2026-06-02 10:38:30 [self-0019-1-defense] Tiles: 23 / 123
2026-06-02 10:38:30 [self-0019-1-defense] Map: 18 x 23 Turn: 1125
2026-06-02 10:38:30 [self-0019-1-defense] Route planned: Target = 205 Mode = defense city-free reachable tiles = 327 Fallback-Tiles = 329
2026-06-02 10:38:30 [self-0019-1-defense] Move #1107: 186 -> 187 | Army: 106 | Target-Terrain: 0 | Target: 205 | Half: False
2026-06-02 10:38:30 [self-0019-1-defense] My general index: 239
2026-06-02 10:38:30 [self-0019-1-defense] Enemy general index: None
2026-06-02 10:38:30 [self-0019-1-defense] Visible enemy tiles: 11
2026-06-02 10:38:30 [self-0019-1-defense] Tiles: 22 / 124
2026-06-02 10:38:30 [self-0019-1-defense] Map: 18 x 23 Turn: 1126
2026-06-02 10:38:30 [self-0019-1-defense] Route planned: Target = 186 Mode = defense city-free reachable tiles = 327 Fallback-Tiles = 329
2026-06-02 10:38:30 [self-0019-1-defense] Priority agent: edge reuse -9000 base = 251215 final = 242215
2026-06-02 10:38:30 [self-0019-1-defense] Move #1108: 185 -> 186 | Army: 65 | Target-Terrain: 0 | Target: 186 | Half: False
2026-06-02 10:38:31 [self-0019-1-defense] My general index: 239
2026-06-02 10:38:31 [self-0019-1-defense] Enemy general index: None
2026-06-02 10:38:31 [self-0019-1-defense] Visible enemy tiles: 12
2026-06-02 10:38:31 [self-0019-1-defense] Tiles: 21 / 125
2026-06-02 10:38:31 [self-0019-1-defense] Map: 18 x 23 Turn: 1127
2026-06-02 10:38:31 [self-0019-1-defense] Route planned: Target = 185 Mode = defense city-free reachable tiles = 327 Fallback-Tiles = 329
2026-06-02 10:38:31 [self-0019-1-defense] Priority agent: reverse -35000, edge reuse -9000 base = 237715 final = 193715
2026-06-02 10:38:31 [self-0019-1-defense] Move #1109: 186 -> 185 | Army: 65 | Target-Terrain: 0 | Target: 185 | Half: False
2026-06-02 10:38:31 [self-0019-1-defense] My general index: 239
2026-06-02 10:38:31 [self-0019-1-defense] Enemy general index: None
2026-06-02 10:38:31 [self-0019-1-defense] Visible enemy tiles: 13
2026-06-02 10:38:31 [self-0019-1-defense] Tiles: 20 / 126
2026-06-02 10:38:31 [self-0019-1-defense] Map: 18 x 23 Turn: 1128
2026-06-02 10:38:31 [self-0019-1-defense] Route planned: Target = 186 Mode = defense city-free reachable tiles = 327 Fallback-Tiles = 329
2026-06-02 10:38:31 [self-0019-1-defense] Priority agent: edge reuse -9000 base = 235830 final = 226830
2026-06-02 10:38:31 [self-0019-1-defense] Move #1110: 187 -> 186 | Army: 106 | Target-Terrain: 0 | Target: 186 | Half: False
2026-06-02 10:38:32 [self-0019-1-defense] My general index: 239
2026-06-02 10:38:32 [self-0019-1-defense] Enemy general index: None
2026-06-02 10:38:32 [self-0019-1-defense] Visible enemy tiles: 14
2026-06-02 10:38:32 [self-0019-1-defense] Tiles: 19 / 127
2026-06-02 10:38:32 [self-0019-1-defense] Map: 18 x 23 Turn: 1129
2026-06-02 10:38:32 [self-0019-1-defense] Route planned: Target = 242 Mode = defense city-free reachable tiles = 327 Fallback-Tiles = 329
2026-06-02 10:38:32 [self-0019-1-defense] Move #1111: 190 -> 208 | Army: 4 | Target-Terrain: 1 | Target: 242 | Half: False
2026-06-02 10:38:32 [self-0019-1-defense] My general index: 239
2026-06-02 10:38:32 [self-0019-1-defense] Enemy general index: None
2026-06-02 10:38:32 [self-0019-1-defense] Visible enemy tiles: 16
2026-06-02 10:38:32 [self-0019-1-defense] Tiles: 19 / 127
2026-06-02 10:38:32 [self-0019-1-defense] Map: 18 x 23 Turn: 1130
2026-06-02 10:38:32 [self-0019-1-defense] Route planned: Target = 242 Mode = defense city-free reachable tiles = 327 Fallback-Tiles = 329
2026-06-02 10:38:32 [self-0019-1-defense] Move #1112: 259 -> 260 | Army: 4 | Target-Terrain: 1 | Target: 242 | Half: False
2026-06-02 10:38:33 [self-0019-1-defense] My general index: 239
2026-06-02 10:38:33 [self-0019-1-defense] Enemy general index: None
2026-06-02 10:38:33 [self-0019-1-defense] Visible enemy tiles: 18
2026-06-02 10:38:33 [self-0019-1-defense] Tiles: 19 / 127
2026-06-02 10:38:33 [self-0019-1-defense] Map: 18 x 23 Turn: 1131
2026-06-02 10:38:33 [self-0019-1-defense] Route planned: Target = 242 Mode = defense city-free reachable tiles = 327 Fallback-Tiles = 329
2026-06-02 10:38:33 [self-0019-1-defense] Move #1113: 205 -> 206 | Army: 13 | Target-Terrain: 1 | Target: 242 | Half: False
2026-06-02 10:38:33 [self-0019-1-defense] My general index: 239
2026-06-02 10:38:33 [self-0019-1-defense] Enemy general index: None
2026-06-02 10:38:33 [self-0019-1-defense] Visible enemy tiles: 16
2026-06-02 10:38:33 [self-0019-1-defense] Tiles: 19 / 127
2026-06-02 10:38:33 [self-0019-1-defense] Map: 18 x 23 Turn: 1132
2026-06-02 10:38:33 [self-0019-1-defense] Route planned: Target = 242 Mode = defense city-free reachable tiles = 327 Fallback-Tiles = 329
2026-06-02 10:38:33 [self-0019-1-defense] Priority agent: flow +6000 base = 180921 final = 186921
2026-06-02 10:38:33 [self-0019-1-defense] Move #1114: 206 -> 224 | Army: 11 | Target-Terrain: 1 | Target: 242 | Half: False
2026-06-02 10:38:34 [self-0019-1-defense] My general index: 239
2026-06-02 10:38:34 [self-0019-1-defense] Enemy general index: None
2026-06-02 10:38:34 [self-0019-1-defense] Visible enemy tiles: 16
2026-06-02 10:38:34 [self-0019-1-defense] Tiles: 19 / 127
2026-06-02 10:38:34 [self-0019-1-defense] Map: 18 x 23 Turn: 1133
2026-06-02 10:38:34 [self-0019-1-defense] Route planned: Target = 242 Mode = defense city-free reachable tiles = 327 Fallback-Tiles = 329
2026-06-02 10:38:34 [self-0019-1-defense] Priority agent: flow +6000 base = 282759 final = 288759
2026-06-02 10:38:34 [self-0019-1-defense] Move #1115: 224 -> 242 | Army: 9 | Target-Terrain: 1 | Target: 242 | Half: False
2026-06-02 10:38:34 [self-0019-1-defense] My general index: 239
2026-06-02 10:38:34 [self-0019-1-defense] Enemy general index: None
2026-06-02 10:38:34 [self-0019-1-defense] Visible enemy tiles: 16
2026-06-02 10:38:34 [self-0019-1-defense] Tiles: 19 / 127
2026-06-02 10:38:34 [self-0019-1-defense] Map: 18 x 23 Turn: 1134
2026-06-02 10:38:34 [self-0019-1-defense] Route planned: Target = 242 Mode = defense city-free reachable tiles = 327 Fallback-Tiles = 329
2026-06-02 10:38:34 [self-0019-1-defense] Move #1116: 241 -> 242 | Army: 2 | Target-Terrain: 0 | Target: 242 | Half: False
2026-06-02 10:38:35 [self-0019-1-defense] My general index: 239
2026-06-02 10:38:35 [self-0019-1-defense] Enemy general index: None
2026-06-02 10:38:35 [self-0019-1-defense] Visible enemy tiles: 16
2026-06-02 10:38:35 [self-0019-1-defense] Tiles: 18 / 128
2026-06-02 10:38:35 [self-0019-1-defense] Map: 18 x 23 Turn: 1135
2026-06-02 10:38:35 [self-0019-1-defense] Route planned: Target = 242 Mode = defense city-free reachable tiles = 327 Fallback-Tiles = 329
2026-06-02 10:38:35 [self-0019-1-defense] Move #1117: 277 -> 278 | Army: 5 | Target-Terrain: 1 | Target: 242 | Half: False
2026-06-02 10:38:35 [self-0019-1-defense] My general index: 239
2026-06-02 10:38:35 [self-0019-1-defense] Enemy general index: None
2026-06-02 10:38:35 [self-0019-1-defense] Visible enemy tiles: 18
2026-06-02 10:38:35 [self-0019-1-defense] Tiles: 18 / 128
2026-06-02 10:38:35 [self-0019-1-defense] Map: 18 x 23 Turn: 1136
2026-06-02 10:38:35 [self-0019-1-defense] Route planned: Target = 242 Mode = defense city-free reachable tiles = 327 Fallback-Tiles = 329
2026-06-02 10:38:35 [self-0019-1-defense] Priority agent: flow +6000 base = 178413 final = 184413
2026-06-02 10:38:35 [self-0019-1-defense] Move #1118: 278 -> 260 | Army: 3 | Target-Terrain: 1 | Target: 242 | Half: False
2026-06-02 10:38:36 [self-0019-1-defense] My general index: 239
2026-06-02 10:38:36 [self-0019-1-defense] Enemy general index: None
2026-06-02 10:38:36 [self-0019-1-defense] Visible enemy tiles: 17
2026-06-02 10:38:36 [self-0019-1-defense] Tiles: 17 / 129
2026-06-02 10:38:36 [self-0019-1-defense] Map: 18 x 23 Turn: 1137
2026-06-02 10:38:36 [self-0019-1-defense] Route planned: Target = 242 Mode = defense city-free reachable tiles = 327 Fallback-Tiles = 329
2026-06-02 10:38:36 [self-0019-1-defense] Move #1119: 258 -> 259 | Army: 5 | Target-Terrain: 1 | Target: 242 | Half: False
2026-06-02 10:38:36 [self-0019-1-defense] My general index: 239
2026-06-02 10:38:36 [self-0019-1-defense] Enemy general index: None
2026-06-02 10:38:36 [self-0019-1-defense] Visible enemy tiles: 16
2026-06-02 10:38:36 [self-0019-1-defense] Tiles: 18 / 128
2026-06-02 10:38:36 [self-0019-1-defense] Map: 18 x 23 Turn: 1138
2026-06-02 10:38:36 [self-0019-1-defense] Route planned: Target = 242 Mode = defense city-free reachable tiles = 327 Fallback-Tiles = 329
2026-06-02 10:38:36 [self-0019-1-defense] Move #1120: 190 -> 189 | Army: 6 | Target-Terrain: 1 | Target: 242 | Half: False
2026-06-02 10:38:37 [self-0019-1-defense] My general index: 239
2026-06-02 10:38:37 [self-0019-1-defense] Enemy general index: None
2026-06-02 10:38:37 [self-0019-1-defense] Visible enemy tiles: 15
2026-06-02 10:38:37 [self-0019-1-defense] Tiles: 19 / 127
2026-06-02 10:38:37 [self-0019-1-defense] Map: 18 x 23 Turn: 1139
2026-06-02 10:38:37 [self-0019-1-defense] Route planned: Target = 242 Mode = defense city-free reachable tiles = 327 Fallback-Tiles = 329
2026-06-02 10:38:37 [self-0019-1-defense] Priority agent: flow +6000 base = 179934 final = 185934
2026-06-02 10:38:37 [self-0019-1-defense] Move #1121: 189 -> 207 | Army: 4 | Target-Terrain: 1 | Target: 242 | Half: False
2026-06-02 10:38:37 [self-0019-1-defense] My general index: 239
2026-06-02 10:38:37 [self-0019-1-defense] Enemy general index: None
2026-06-02 10:38:37 [self-0019-1-defense] Visible enemy tiles: 15
2026-06-02 10:38:37 [self-0019-1-defense] Tiles: 20 / 126
2026-06-02 10:38:37 [self-0019-1-defense] Map: 18 x 23 Turn: 1140
2026-06-02 10:38:37 [self-0019-1-defense] Route planned: Target = 242 Mode = defense city-free reachable tiles = 327 Fallback-Tiles = 329
2026-06-02 10:38:37 [self-0019-1-defense] Priority agent: edge reuse -9000 base = 180070 final = 171070
2026-06-02 10:38:37 [self-0019-1-defense] Move #1122: 186 -> 187 | Army: 106 | Target-Terrain: 1 | Target: 242 | Half: False
2026-06-02 10:38:38 [self-0019-1-defense] My general index: 239
2026-06-02 10:38:38 [self-0019-1-defense] Enemy general index: None
2026-06-02 10:38:38 [self-0019-1-defense] Visible enemy tiles: 14
2026-06-02 10:38:38 [self-0019-1-defense] Tiles: 21 / 125
2026-06-02 10:38:38 [self-0019-1-defense] Map: 18 x 23 Turn: 1141
2026-06-02 10:38:38 [self-0019-1-defense] Route planned: Target = 242 Mode = defense city-free reachable tiles = 327 Fallback-Tiles = 329
2026-06-02 10:38:38 [self-0019-1-defense] Priority agent: flow +6000 base = 181510 final = 187510
2026-06-02 10:38:38 [self-0019-1-defense] Move #1123: 187 -> 205 | Army: 101 | Target-Terrain: 1 | Target: 242 | Half: False
2026-06-02 10:38:38 [self-0019-1-defense] My general index: 239
2026-06-02 10:38:38 [self-0019-1-defense] Enemy general index: None
2026-06-02 10:38:38 [self-0019-1-defense] Visible enemy tiles: 13
2026-06-02 10:38:38 [self-0019-1-defense] Tiles: 22 / 124
2026-06-02 10:38:38 [self-0019-1-defense] Map: 18 x 23 Turn: 1142
2026-06-02 10:38:38 [self-0019-1-defense] Route planned: Target = 242 Mode = defense city-free reachable tiles = 327 Fallback-Tiles = 329
2026-06-02 10:38:38 [self-0019-1-defense] Priority agent: flow +6000 base = 177950 final = 183950
2026-06-02 10:38:38 [self-0019-1-defense] Move #1124: 205 -> 223 | Army: 99 | Target-Terrain: 1 | Target: 242 | Half: False
2026-06-02 10:38:39 [self-0019-1-defense] My general index: 239
2026-06-02 10:38:39 [self-0019-1-defense] Enemy general index: None
2026-06-02 10:38:39 [self-0019-1-defense] Visible enemy tiles: 12
2026-06-02 10:38:39 [self-0019-1-defense] Tiles: 23 / 123
2026-06-02 10:38:39 [self-0019-1-defense] Map: 18 x 23 Turn: 1143
2026-06-02 10:38:39 [self-0019-1-defense] Route planned: Target = 242 Mode = defense city-free reachable tiles = 327 Fallback-Tiles = 329
2026-06-02 10:38:39 [self-0019-1-defense] Priority agent: flow +6000 base = 154240 final = 160240
2026-06-02 10:38:39 [self-0019-1-defense] Move #1125: 223 -> 224 | Army: 97 | Target-Terrain: 0 | Target: 242 | Half: False
2026-06-02 10:38:39 [self-0019-1-defense] My general index: 239
2026-06-02 10:38:39 [self-0019-1-defense] Enemy general index: None
2026-06-02 10:38:39 [self-0019-1-defense] Visible enemy tiles: 12
2026-06-02 10:38:39 [self-0019-1-defense] Tiles: 23 / 123
2026-06-02 10:38:39 [self-0019-1-defense] Map: 18 x 23 Turn: 1144
2026-06-02 10:38:39 [self-0019-1-defense] Route planned: Target = 242 Mode = defense city-free reachable tiles = 327 Fallback-Tiles = 329
2026-06-02 10:38:39 [self-0019-1-defense] Priority agent: edge reuse -9000, flow +6000 base = 248130 final = 245130
2026-06-02 10:38:39 [self-0019-1-defense] Move #1126: 224 -> 242 | Army: 97 | Target-Terrain: 0 | Target: 242 | Half: False
2026-06-02 10:38:40 [self-0019-1-defense] My general index: 239
2026-06-02 10:38:40 [self-0019-1-defense] Enemy general index: None
2026-06-02 10:38:40 [self-0019-1-defense] Visible enemy tiles: 12
2026-06-02 10:38:40 [self-0019-1-defense] Tiles: 23 / 123
2026-06-02 10:38:40 [self-0019-1-defense] Map: 18 x 23 Turn: 1145
2026-06-02 10:38:40 [self-0019-1-defense] Route planned: Target = 186 Mode = defense city-free reachable tiles = 327 Fallback-Tiles = 329
2026-06-02 10:38:40 [self-0019-1-defense] Move #1127: 185 -> 186 | Army: 65 | Target-Terrain: 0 | Target: 186 | Half: False
2026-06-02 10:38:40 [self-0019-1-defense] My general index: 239
2026-06-02 10:38:40 [self-0019-1-defense] Enemy general index: None
2026-06-02 10:38:40 [self-0019-1-defense] Visible enemy tiles: 12
2026-06-02 10:38:40 [self-0019-1-defense] Tiles: 23 / 123
2026-06-02 10:38:40 [self-0019-1-defense] Map: 18 x 23 Turn: 1146
2026-06-02 10:38:40 [self-0019-1-defense] Route planned: Target = 185 Mode = defense city-free reachable tiles = 327 Fallback-Tiles = 329
2026-06-02 10:38:40 [self-0019-1-defense] Priority agent: reverse -35000, edge reuse -9000 base = 238915 final = 194915
2026-06-02 10:38:40 [self-0019-1-defense] Move #1128: 186 -> 185 | Army: 65 | Target-Terrain: 0 | Target: 185 | Half: False
2026-06-02 10:38:41 [self-0019-1-defense] Coach: stabilize tiles 23/123 army 356/2908 cities 1/0 enemy_city_suspect True bias {'expansion_bias': 0.1, 'city_bias': 0.2, 'attack_bias': -0.5, 'defense_bias': 2.0, 'route_bias': 0.1}
2026-06-02 10:38:41 [self-0019-1-defense] My general index: 239
2026-06-02 10:38:41 [self-0019-1-defense] Enemy general index: None
2026-06-02 10:38:41 [self-0019-1-defense] Visible enemy tiles: 12
2026-06-02 10:38:41 [self-0019-1-defense] Tiles: 23 / 123
2026-06-02 10:38:41 [self-0019-1-defense] Map: 18 x 23 Turn: 1147
2026-06-02 10:38:41 [self-0019-1-defense] Route planned: Target = 186 Mode = defense city-free reachable tiles = 327 Fallback-Tiles = 329
2026-06-02 10:38:41 [self-0019-1-defense] Priority agent: reverse -35000, edge reuse -18000 base = 221715 final = 168715
2026-06-02 10:38:41 [self-0019-1-defense] Move #1129: 185 -> 186 | Army: 65 | Target-Terrain: 0 | Target: 186 | Half: False
2026-06-02 10:38:41 [self-0019-1-defense] My general index: 239
2026-06-02 10:38:41 [self-0019-1-defense] Enemy general index: None
2026-06-02 10:38:41 [self-0019-1-defense] Visible enemy tiles: 12
2026-06-02 10:38:41 [self-0019-1-defense] Tiles: 23 / 123
2026-06-02 10:38:41 [self-0019-1-defense] Map: 18 x 23 Turn: 1148
2026-06-02 10:38:41 [self-0019-1-defense] Route planned: Target = 185 Mode = defense city-free reachable tiles = 327 Fallback-Tiles = 329
2026-06-02 10:38:41 [self-0019-1-defense] Priority agent: reverse -35000, edge reuse -27000 base = 223915 final = 161915
2026-06-02 10:38:41 [self-0019-1-defense] Move #1130: 186 -> 185 | Army: 65 | Target-Terrain: 0 | Target: 185 | Half: False
2026-06-02 10:38:42 [self-0019-1-defense] My general index: 239
2026-06-02 10:38:42 [self-0019-1-defense] Enemy general index: None
2026-06-02 10:38:42 [self-0019-1-defense] Visible enemy tiles: 12
2026-06-02 10:38:42 [self-0019-1-defense] Tiles: 23 / 123
2026-06-02 10:38:42 [self-0019-1-defense] Map: 18 x 23 Turn: 1149
2026-06-02 10:38:42 [self-0019-1-defense] Route planned: Target = 186 Mode = defense city-free reachable tiles = 327 Fallback-Tiles = 329
2026-06-02 10:38:42 [self-0019-1-defense] Move #1131: 207 -> 206 | Army: 2 | Target-Terrain: 0 | Target: 186 | Half: False
2026-06-02 10:38:42 [self-0019-1-defense] My general index: 239
2026-06-02 10:38:42 [self-0019-1-defense] Enemy general index: None
2026-06-02 10:38:42 [self-0019-1-defense] Visible enemy tiles: 12
2026-06-02 10:38:42 [self-0019-1-defense] Tiles: 23 / 123
2026-06-02 10:38:42 [self-0019-1-defense] Map: 18 x 23 Turn: 1150
2026-06-02 10:38:42 [self-0019-1-defense] Route planned: Target = 186 Mode = defense city-free reachable tiles = 327 Fallback-Tiles = 329
2026-06-02 10:38:42 [self-0019-1-defense] Move #1132: 204 -> 186 | Army: 2 | Target-Terrain: 0 | Target: 186 | Half: False
2026-06-02 10:38:43 [self-0019-1-defense] My general index: 239
2026-06-02 10:38:43 [self-0019-1-defense] Enemy general index: None
2026-06-02 10:38:43 [self-0019-1-defense] Visible enemy tiles: 12
2026-06-02 10:38:43 [self-0019-1-defense] Tiles: 23 / 123
2026-06-02 10:38:43 [self-0019-1-defense] Map: 18 x 23 Turn: 1151
2026-06-02 10:38:43 [self-0019-1-defense] Route planned: Target = 186 Mode = defense city-free reachable tiles = 327 Fallback-Tiles = 329
2026-06-02 10:38:43 [self-0019-1-defense] Priority agent: edge reuse -9000 base = 242852 final = 233852
2026-06-02 10:38:43 [self-0019-1-defense] Move #1133: 187 -> 186 | Army: 2 | Target-Terrain: 0 | Target: 186 | Half: False
2026-06-02 10:38:43 [self-0019-1-defense] My general index: 239
2026-06-02 10:38:43 [self-0019-1-defense] Enemy general index: None
2026-06-02 10:38:43 [self-0019-1-defense] Visible enemy tiles: 12
2026-06-02 10:38:43 [self-0019-1-defense] Tiles: 23 / 123
2026-06-02 10:38:43 [self-0019-1-defense] Map: 18 x 23 Turn: 1152
2026-06-02 10:38:43 [self-0019-1-defense] Route planned: Target = 186 Mode = defense city-free reachable tiles = 327 Fallback-Tiles = 329
2026-06-02 10:38:43 [self-0019-1-defense] Priority agent: edge reuse -36000 base = 206616 final = 170616
2026-06-02 10:38:43 [self-0019-1-defense] Move #1134: 185 -> 186 | Army: 66 | Target-Terrain: 0 | Target: 186 | Half: False
2026-06-02 10:38:44 [self-0019-1-defense] My general index: 239
2026-06-02 10:38:44 [self-0019-1-defense] Enemy general index: None
2026-06-02 10:38:44 [self-0019-1-defense] Visible enemy tiles: 12
2026-06-02 10:38:44 [self-0019-1-defense] Tiles: 23 / 123
2026-06-02 10:38:44 [self-0019-1-defense] Map: 18 x 23 Turn: 1153
2026-06-02 10:38:44 [self-0019-1-defense] Route planned: Target = 185 Mode = defense city-free reachable tiles = 327 Fallback-Tiles = 329
2026-06-02 10:38:44 [self-0019-1-defense] Move #1135: 203 -> 185 | Army: 2 | Target-Terrain: 0 | Target: 185 | Half: False
2026-06-02 10:38:44 [self-0019-1-defense] My general index: 239
2026-06-02 10:38:44 [self-0019-1-defense] Enemy general index: None
2026-06-02 10:38:44 [self-0019-1-defense] Visible enemy tiles: 12
2026-06-02 10:38:44 [self-0019-1-defense] Tiles: 23 / 123
2026-06-02 10:38:44 [self-0019-1-defense] Map: 18 x 23 Turn: 1154
2026-06-02 10:38:44 [self-0019-1-defense] Route planned: Target = 185 Mode = defense city-free reachable tiles = 327 Fallback-Tiles = 329
2026-06-02 10:38:44 [self-0019-1-defense] Priority agent: edge reuse -45000 base = 208819 final = 163819
2026-06-02 10:38:44 [self-0019-1-defense] Move #1136: 186 -> 185 | Army: 69 | Target-Terrain: 0 | Target: 185 | Half: False
2026-06-02 10:38:45 [self-0019-1-defense] My general index: 239
2026-06-02 10:38:45 [self-0019-1-defense] Enemy general index: None
2026-06-02 10:38:45 [self-0019-1-defense] Visible enemy tiles: 12
2026-06-02 10:38:45 [self-0019-1-defense] Tiles: 23 / 123
2026-06-02 10:38:45 [self-0019-1-defense] Map: 18 x 23 Turn: 1155
2026-06-02 10:38:45 [self-0019-1-defense] Route planned: Target = 186 Mode = defense city-free reachable tiles = 327 Fallback-Tiles = 329
2026-06-02 10:38:45 [self-0019-1-defense] Move #1137: 224 -> 206 | Army: 2 | Target-Terrain: 0 | Target: 186 | Half: False
2026-06-02 10:38:45 [self-0019-1-defense] My general index: 239
2026-06-02 10:38:45 [self-0019-1-defense] Enemy general index: None
2026-06-02 10:38:45 [self-0019-1-defense] Visible enemy tiles: 12
2026-06-02 10:38:45 [self-0019-1-defense] Tiles: 23 / 123
2026-06-02 10:38:45 [self-0019-1-defense] Map: 18 x 23 Turn: 1156
2026-06-02 10:38:45 [self-0019-1-defense] Route planned: Target = 186 Mode = defense city-free reachable tiles = 327 Fallback-Tiles = 329
2026-06-02 10:38:45 [self-0019-1-defense] Priority agent: flow +6000 base = 173874 final = 179874
2026-06-02 10:38:45 [self-0019-1-defense] Move #1138: 206 -> 188 | Army: 4 | Target-Terrain: 1 | Target: 186 | Half: False
2026-06-02 10:38:46 [self-0019-1-defense] My general index: 239
2026-06-02 10:38:46 [self-0019-1-defense] Enemy general index: None
2026-06-02 10:38:46 [self-0019-1-defense] Visible enemy tiles: 12
2026-06-02 10:38:46 [self-0019-1-defense] Tiles: 23 / 123
2026-06-02 10:38:46 [self-0019-1-defense] Map: 18 x 23 Turn: 1157
2026-06-02 10:38:46 [self-0019-1-defense] Route planned: Target = 186 Mode = defense city-free reachable tiles = 327 Fallback-Tiles = 329
2026-06-02 10:38:46 [self-0019-1-defense] Priority agent: edge reuse -9000 base = 178270 final = 169270
2026-06-02 10:38:46 [self-0019-1-defense] Move #1139: 242 -> 224 | Army: 104 | Target-Terrain: 1 | Target: 186 | Half: False
2026-06-02 10:38:46 [self-0019-1-defense] My general index: 239
2026-06-02 10:38:46 [self-0019-1-defense] Enemy general index: None
2026-06-02 10:38:46 [self-0019-1-defense] Visible enemy tiles: 11
2026-06-02 10:38:46 [self-0019-1-defense] Tiles: 24 / 122
2026-06-02 10:38:46 [self-0019-1-defense] Map: 18 x 23 Turn: 1158
2026-06-02 10:38:46 [self-0019-1-defense] Route planned: Target = 242 Mode = defense city-free reachable tiles = 327 Fallback-Tiles = 329
2026-06-02 10:38:46 [self-0019-1-defense] Move #1140: 241 -> 242 | Army: 2 | Target-Terrain: 0 | Target: 242 | Half: False
2026-06-02 10:38:47 [self-0019-1-defense] My general index: 239
2026-06-02 10:38:47 [self-0019-1-defense] Enemy general index: None
2026-06-02 10:38:47 [self-0019-1-defense] Visible enemy tiles: 11
2026-06-02 10:38:47 [self-0019-1-defense] Tiles: 24 / 122
2026-06-02 10:38:47 [self-0019-1-defense] Map: 18 x 23 Turn: 1159
2026-06-02 10:38:47 [self-0019-1-defense] Route planned: Target = 242 Mode = defense city-free reachable tiles = 327 Fallback-Tiles = 329
2026-06-02 10:38:47 [self-0019-1-defense] Priority agent: edge reuse -9000 base = 237030 final = 228030
2026-06-02 10:38:47 [self-0019-1-defense] Move #1141: 224 -> 242 | Army: 102 | Target-Terrain: 0 | Target: 242 | Half: False
2026-06-02 10:38:47 [self-0019-1-defense] My general index: 239
2026-06-02 10:38:47 [self-0019-1-defense] Enemy general index: None
2026-06-02 10:38:47 [self-0019-1-defense] Visible enemy tiles: 11
2026-06-02 10:38:47 [self-0019-1-defense] Tiles: 24 / 122
2026-06-02 10:38:47 [self-0019-1-defense] Map: 18 x 23 Turn: 1160
2026-06-02 10:38:47 [self-0019-1-defense] Route planned: Target = 186 Mode = defense city-free reachable tiles = 327 Fallback-Tiles = 329
2026-06-02 10:38:47 [self-0019-1-defense] Priority agent: edge reuse -45000 base = 206618 final = 161618
2026-06-02 10:38:47 [self-0019-1-defense] Move #1142: 185 -> 186 | Army: 68 | Target-Terrain: 0 | Target: 186 | Half: False
2026-06-02 10:38:48 [self-0019-1-defense] My general index: 239
2026-06-02 10:38:48 [self-0019-1-defense] Enemy general index: None
2026-06-02 10:38:48 [self-0019-1-defense] Visible enemy tiles: 11
2026-06-02 10:38:48 [self-0019-1-defense] Tiles: 24 / 122
2026-06-02 10:38:48 [self-0019-1-defense] Map: 18 x 23 Turn: 1161
2026-06-02 10:38:48 [self-0019-1-defense] Route planned: Target = 185 Mode = defense city-free reachable tiles = 327 Fallback-Tiles = 329
2026-06-02 10:38:48 [self-0019-1-defense] Move #1143: 205 -> 187 | Army: 2 | Target-Terrain: 0 | Target: 185 | Half: False
2026-06-02 10:38:48 [self-0019-1-defense] My general index: 239
2026-06-02 10:38:48 [self-0019-1-defense] Enemy general index: None
2026-06-02 10:38:48 [self-0019-1-defense] Visible enemy tiles: 11
2026-06-02 10:38:48 [self-0019-1-defense] Tiles: 24 / 122
2026-06-02 10:38:48 [self-0019-1-defense] Map: 18 x 23 Turn: 1162
2026-06-02 10:38:48 [self-0019-1-defense] Route planned: Target = 185 Mode = defense city-free reachable tiles = 327 Fallback-Tiles = 329
2026-06-02 10:38:48 [self-0019-1-defense] Priority agent: edge reuse -36000 base = 208818 final = 172818
2026-06-02 10:38:48 [self-0019-1-defense] Move #1144: 186 -> 185 | Army: 68 | Target-Terrain: 0 | Target: 185 | Half: False
2026-06-02 10:38:49 [self-0019-1-defense] My general index: 239
2026-06-02 10:38:49 [self-0019-1-defense] Enemy general index: None
2026-06-02 10:38:49 [self-0019-1-defense] Visible enemy tiles: 11
2026-06-02 10:38:49 [self-0019-1-defense] Tiles: 24 / 122
2026-06-02 10:38:49 [self-0019-1-defense] Map: 18 x 23 Turn: 1163
2026-06-02 10:38:49 [self-0019-1-defense] Route planned: Target = 186 Mode = defense city-free reachable tiles = 327 Fallback-Tiles = 329
2026-06-02 10:38:49 [self-0019-1-defense] Priority agent: edge reuse -9000 base = 242852 final = 233852
2026-06-02 10:38:49 [self-0019-1-defense] Move #1145: 187 -> 186 | Army: 2 | Target-Terrain: 0 | Target: 186 | Half: False
2026-06-02 10:38:49 [self-0019-1-defense] My general index: 239
2026-06-02 10:38:49 [self-0019-1-defense] Enemy general index: None
2026-06-02 10:38:49 [self-0019-1-defense] Visible enemy tiles: 11
2026-06-02 10:38:49 [self-0019-1-defense] Tiles: 24 / 122
2026-06-02 10:38:49 [self-0019-1-defense] Map: 18 x 23 Turn: 1164
2026-06-02 10:38:49 [self-0019-1-defense] Route planned: Target = 186 Mode = defense city-free reachable tiles = 327 Fallback-Tiles = 329
2026-06-02 10:38:49 [self-0019-1-defense] Priority agent: edge reuse -36000 base = 206618 final = 170618
2026-06-02 10:38:49 [self-0019-1-defense] Move #1146: 185 -> 186 | Army: 68 | Target-Terrain: 0 | Target: 186 | Half: False
2026-06-02 10:38:50 [self-0019-1-defense] My general index: 239
2026-06-02 10:38:50 [self-0019-1-defense] Enemy general index: None
2026-06-02 10:38:50 [self-0019-1-defense] Visible enemy tiles: 11
2026-06-02 10:38:50 [self-0019-1-defense] Tiles: 24 / 122
2026-06-02 10:38:50 [self-0019-1-defense] Map: 18 x 23 Turn: 1165
2026-06-02 10:38:50 [self-0019-1-defense] Route planned: Target = 185 Mode = defense city-free reachable tiles = 327 Fallback-Tiles = 329
2026-06-02 10:38:50 [self-0019-1-defense] Move #1147: 207 -> 206 | Army: 2 | Target-Terrain: 0 | Target: 185 | Half: False
2026-06-02 10:38:50 [self-0019-1-defense] My general index: 239
2026-06-02 10:38:50 [self-0019-1-defense] Enemy general index: None
2026-06-02 10:38:50 [self-0019-1-defense] Visible enemy tiles: 11
2026-06-02 10:38:50 [self-0019-1-defense] Tiles: 24 / 122
2026-06-02 10:38:50 [self-0019-1-defense] Map: 18 x 23 Turn: 1166
2026-06-02 10:38:50 [self-0019-1-defense] Route planned: Target = 185 Mode = defense city-free reachable tiles = 327 Fallback-Tiles = 329
2026-06-02 10:38:50 [self-0019-1-defense] Priority agent: edge reuse -45000 base = 208819 final = 163819
2026-06-02 10:38:50 [self-0019-1-defense] Move #1148: 186 -> 185 | Army: 69 | Target-Terrain: 0 | Target: 185 | Half: False
2026-06-02 10:38:51 [self-0019-1-defense] My general index: 239
2026-06-02 10:38:51 [self-0019-1-defense] Enemy general index: None
2026-06-02 10:38:51 [self-0019-1-defense] Visible enemy tiles: 11
2026-06-02 10:38:51 [self-0019-1-defense] Tiles: 23 / 123
2026-06-02 10:38:51 [self-0019-1-defense] Map: 18 x 23 Turn: 1167
2026-06-02 10:38:51 [self-0019-1-defense] Route planned: Target = 186 Mode = defense city-free reachable tiles = 327 Fallback-Tiles = 329
2026-06-02 10:38:51 [self-0019-1-defense] Move #1149: 189 -> 188 | Army: 2 | Target-Terrain: 0 | Target: 186 | Half: False
2026-06-02 10:38:51 [self-0019-1-defense] My general index: 239
2026-06-02 10:38:51 [self-0019-1-defense] Enemy general index: None
2026-06-02 10:38:51 [self-0019-1-defense] Visible enemy tiles: 11
2026-06-02 10:38:51 [self-0019-1-defense] Tiles: 23 / 123
2026-06-02 10:38:51 [self-0019-1-defense] Map: 18 x 23 Turn: 1168
2026-06-02 10:38:51 [self-0019-1-defense] Route planned: Target = 186 Mode = defense city-free reachable tiles = 327 Fallback-Tiles = 329
2026-06-02 10:38:51 [self-0019-1-defense] Priority agent: edge reuse -45000 base = 206619 final = 161619
2026-06-02 10:38:51 [self-0019-1-defense] Move #1150: 185 -> 186 | Army: 69 | Target-Terrain: 0 | Target: 186 | Half: False
2026-06-02 10:38:52 [self-0019-1-defense] My general index: 239
2026-06-02 10:38:52 [self-0019-1-defense] Enemy general index: None
2026-06-02 10:38:52 [self-0019-1-defense] Visible enemy tiles: 11
2026-06-02 10:38:52 [self-0019-1-defense] Tiles: 23 / 123
2026-06-02 10:38:52 [self-0019-1-defense] Map: 18 x 23 Turn: 1169
2026-06-02 10:38:52 [self-0019-1-defense] Route planned: Target = 185 Mode = defense city-free reachable tiles = 327 Fallback-Tiles = 329
2026-06-02 10:38:52 [self-0019-1-defense] Move #1151: 188 -> 187 | Army: 2 | Target-Terrain: 0 | Target: 185 | Half: False
2026-06-02 10:38:52 [self-0019-1-defense] My general index: 239
2026-06-02 10:38:52 [self-0019-1-defense] Enemy general index: None
2026-06-02 10:38:52 [self-0019-1-defense] Visible enemy tiles: 11
2026-06-02 10:38:52 [self-0019-1-defense] Tiles: 23 / 123
2026-06-02 10:38:52 [self-0019-1-defense] Map: 18 x 23 Turn: 1170
2026-06-02 10:38:52 [self-0019-1-defense] Route planned: Target = 185 Mode = defense city-free reachable tiles = 327 Fallback-Tiles = 329
2026-06-02 10:38:52 [self-0019-1-defense] Priority agent: edge reuse -45000 base = 208819 final = 163819
2026-06-02 10:38:52 [self-0019-1-defense] Move #1152: 186 -> 185 | Army: 69 | Target-Terrain: 0 | Target: 185 | Half: False
2026-06-02 10:38:53 [self-0019-1-defense] My general index: 239
2026-06-02 10:38:53 [self-0019-1-defense] Enemy general index: None
2026-06-02 10:38:53 [self-0019-1-defense] Visible enemy tiles: 11
2026-06-02 10:38:53 [self-0019-1-defense] Tiles: 23 / 123
2026-06-02 10:38:53 [self-0019-1-defense] Map: 18 x 23 Turn: 1171
2026-06-02 10:38:53 [self-0019-1-defense] Route planned: Target = 186 Mode = defense city-free reachable tiles = 327 Fallback-Tiles = 329
2026-06-02 10:38:53 [self-0019-1-defense] Priority agent: edge reuse -9000 base = 242852 final = 233852
2026-06-02 10:38:53 [self-0019-1-defense] Move #1153: 187 -> 186 | Army: 2 | Target-Terrain: 0 | Target: 186 | Half: False
2026-06-02 10:38:53 [self-0019-1-defense] My general index: 239
2026-06-02 10:38:53 [self-0019-1-defense] Enemy general index: None
2026-06-02 10:38:53 [self-0019-1-defense] Visible enemy tiles: 11
2026-06-02 10:38:53 [self-0019-1-defense] Tiles: 23 / 123
2026-06-02 10:38:53 [self-0019-1-defense] Map: 18 x 23 Turn: 1172
2026-06-02 10:38:53 [self-0019-1-defense] Route planned: Target = 186 Mode = defense city-free reachable tiles = 327 Fallback-Tiles = 329
2026-06-02 10:38:53 [self-0019-1-defense] Priority agent: edge reuse -54000 base = 206619 final = 152619
2026-06-02 10:38:53 [self-0019-1-defense] Move #1154: 185 -> 186 | Army: 69 | Target-Terrain: 0 | Target: 186 | Half: False
2026-06-02 10:38:54 [self-0019-1-defense] My general index: 239
2026-06-02 10:38:54 [self-0019-1-defense] Enemy general index: None
2026-06-02 10:38:54 [self-0019-1-defense] Visible enemy tiles: 11
2026-06-02 10:38:54 [self-0019-1-defense] Tiles: 23 / 123
2026-06-02 10:38:54 [self-0019-1-defense] Map: 18 x 23 Turn: 1173
2026-06-02 10:38:54 [self-0019-1-defense] Route planned: Target = 185 Mode = defense city-free reachable tiles = 327 Fallback-Tiles = 329
2026-06-02 10:38:54 [self-0019-1-defense] Move #1155: 242 -> 241 | Army: 103 | Target-Terrain: 0 | Target: 185 | Half: False
2026-06-02 10:38:54 [self-0019-1-defense] My general index: 239
2026-06-02 10:38:54 [self-0019-1-defense] Enemy general index: None
2026-06-02 10:38:54 [self-0019-1-defense] Visible enemy tiles: 11
2026-06-02 10:38:54 [self-0019-1-defense] Tiles: 23 / 123
2026-06-02 10:38:54 [self-0019-1-defense] Map: 18 x 23 Turn: 1174
2026-06-02 10:38:54 [self-0019-1-defense] Route planned: Target = 242 Mode = defense city-free reachable tiles = 327 Fallback-Tiles = 329
2026-06-02 10:38:54 [self-0019-1-defense] Priority agent: reverse -35000, edge reuse -9000 base = 237930 final = 193930
2026-06-02 10:38:54 [self-0019-1-defense] Move #1156: 241 -> 242 | Army: 103 | Target-Terrain: 0 | Target: 242 | Half: False
2026-06-02 10:38:55 [self-0019-1-defense] My general index: 239
2026-06-02 10:38:55 [self-0019-1-defense] Enemy general index: None
2026-06-02 10:38:55 [self-0019-1-defense] Visible enemy tiles: 11
2026-06-02 10:38:55 [self-0019-1-defense] Tiles: 23 / 123
2026-06-02 10:38:55 [self-0019-1-defense] Map: 18 x 23 Turn: 1175
2026-06-02 10:38:55 [self-0019-1-defense] Route planned: Target = 185 Mode = defense city-free reachable tiles = 327 Fallback-Tiles = 329
2026-06-02 10:38:55 [self-0019-1-defense] Priority agent: flow +6000 base = 153880 final = 159880
2026-06-02 10:38:55 [self-0019-1-defense] Move #1157: 242 -> 224 | Army: 103 | Target-Terrain: 0 | Target: 185 | Half: False
2026-06-02 10:38:55 [self-0019-1-defense] My general index: 239
2026-06-02 10:38:55 [self-0019-1-defense] Enemy general index: None
2026-06-02 10:38:55 [self-0019-1-defense] Visible enemy tiles: 11
2026-06-02 10:38:55 [self-0019-1-defense] Tiles: 23 / 123
2026-06-02 10:38:55 [self-0019-1-defense] Map: 18 x 23 Turn: 1176
2026-06-02 10:38:55 [self-0019-1-defense] Route planned: Target = 242 Mode = defense city-free reachable tiles = 327 Fallback-Tiles = 329
2026-06-02 10:38:55 [self-0019-1-defense] Priority agent: reverse -35000, edge reuse -9000 base = 240130 final = 196130
2026-06-02 10:38:55 [self-0019-1-defense] Move #1158: 224 -> 242 | Army: 103 | Target-Terrain: 0 | Target: 242 | Half: False
2026-06-02 10:38:56 [self-0019-1-defense] My general index: 239
2026-06-02 10:38:56 [self-0019-1-defense] Enemy general index: None
2026-06-02 10:38:56 [self-0019-1-defense] Visible enemy tiles: 11
2026-06-02 10:38:56 [self-0019-1-defense] Tiles: 23 / 123
2026-06-02 10:38:56 [self-0019-1-defense] Map: 18 x 23 Turn: 1177
2026-06-02 10:38:56 [self-0019-1-defense] Route planned: Target = 185 Mode = defense city-free reachable tiles = 327 Fallback-Tiles = 329
2026-06-02 10:38:56 [self-0019-1-defense] Priority agent: edge reuse -45000 base = 208820 final = 163820
2026-06-02 10:38:56 [self-0019-1-defense] Move #1159: 186 -> 185 | Army: 70 | Target-Terrain: 0 | Target: 185 | Half: False
2026-06-02 10:38:56 [self-0019-1-defense] My general index: 239
2026-06-02 10:38:56 [self-0019-1-defense] Enemy general index: None
2026-06-02 10:38:56 [self-0019-1-defense] Visible enemy tiles: 11
2026-06-02 10:38:56 [self-0019-1-defense] Tiles: 23 / 123
2026-06-02 10:38:56 [self-0019-1-defense] Map: 18 x 23 Turn: 1178
2026-06-02 10:38:56 [self-0019-1-defense] Route planned: Target = 186 Mode = defense city-free reachable tiles = 327 Fallback-Tiles = 329
2026-06-02 10:38:56 [self-0019-1-defense] Move #1160: 202 -> 203 | Army: 2 | Target-Terrain: 0 | Target: 186 | Half: False
2026-06-02 10:38:57 [self-0019-1-defense] My general index: 239
2026-06-02 10:38:57 [self-0019-1-defense] Enemy general index: None
2026-06-02 10:38:57 [self-0019-1-defense] Visible enemy tiles: 11
2026-06-02 10:38:57 [self-0019-1-defense] Tiles: 23 / 123
2026-06-02 10:38:57 [self-0019-1-defense] Map: 18 x 23 Turn: 1179
2026-06-02 10:38:57 [self-0019-1-defense] Route planned: Target = 186 Mode = defense city-free reachable tiles = 327 Fallback-Tiles = 329
2026-06-02 10:38:57 [self-0019-1-defense] Priority agent: edge reuse -45000 base = 206620 final = 161620
2026-06-02 10:38:57 [self-0019-1-defense] Move #1161: 185 -> 186 | Army: 70 | Target-Terrain: 0 | Target: 186 | Half: False
2026-06-02 10:38:57 [self-0019-1-defense] My general index: 239
2026-06-02 10:38:57 [self-0019-1-defense] Enemy general index: None
2026-06-02 10:38:57 [self-0019-1-defense] Visible enemy tiles: 11
2026-06-02 10:38:57 [self-0019-1-defense] Tiles: 23 / 123
2026-06-02 10:38:57 [self-0019-1-defense] Map: 18 x 23 Turn: 1180
2026-06-02 10:38:57 [self-0019-1-defense] Route planned: Target = 185 Mode = defense city-free reachable tiles = 327 Fallback-Tiles = 329
2026-06-02 10:38:57 [self-0019-1-defense] Move #1162: 203 -> 185 | Army: 2 | Target-Terrain: 0 | Target: 185 | Half: False
2026-06-02 10:38:58 [self-0019-1-defense] My general index: 239
2026-06-02 10:38:58 [self-0019-1-defense] Enemy general index: None
2026-06-02 10:38:58 [self-0019-1-defense] Visible enemy tiles: 11
2026-06-02 10:38:58 [self-0019-1-defense] Tiles: 23 / 123
2026-06-02 10:38:58 [self-0019-1-defense] Map: 18 x 23 Turn: 1181
2026-06-02 10:38:58 [self-0019-1-defense] Route planned: Target = 185 Mode = defense city-free reachable tiles = 327 Fallback-Tiles = 329
2026-06-02 10:38:58 [self-0019-1-defense] Priority agent: edge reuse -45000 base = 208820 final = 163820
2026-06-02 10:38:58 [self-0019-1-defense] Move #1163: 186 -> 185 | Army: 70 | Target-Terrain: 0 | Target: 185 | Half: False
2026-06-02 10:38:58 [self-0019-1-defense] My general index: 239
2026-06-02 10:38:58 [self-0019-1-defense] Enemy general index: None
2026-06-02 10:38:58 [self-0019-1-defense] Visible enemy tiles: 11
2026-06-02 10:38:58 [self-0019-1-defense] Tiles: 23 / 123
2026-06-02 10:38:58 [self-0019-1-defense] Map: 18 x 23 Turn: 1182
2026-06-02 10:38:58 [self-0019-1-defense] Route planned: Target = 186 Mode = defense city-free reachable tiles = 327 Fallback-Tiles = 329
2026-06-02 10:38:58 [self-0019-1-defense] Move #1164: 206 -> 205 | Army: 2 | Target-Terrain: 0 | Target: 186 | Half: False
2026-06-02 10:38:59 [self-0019-1-defense] My general index: 239
2026-06-02 10:38:59 [self-0019-1-defense] Enemy general index: None
2026-06-02 10:38:59 [self-0019-1-defense] Visible enemy tiles: 11
2026-06-02 10:38:59 [self-0019-1-defense] Tiles: 23 / 123
2026-06-02 10:38:59 [self-0019-1-defense] Map: 18 x 23 Turn: 1183
2026-06-02 10:38:59 [self-0019-1-defense] Route planned: Target = 186 Mode = defense city-free reachable tiles = 327 Fallback-Tiles = 329
2026-06-02 10:38:59 [self-0019-1-defense] Priority agent: edge reuse -45000 base = 206621 final = 161621
2026-06-02 10:38:59 [self-0019-1-defense] Move #1165: 185 -> 186 | Army: 71 | Target-Terrain: 0 | Target: 186 | Half: False
2026-06-02 10:38:59 [self-0019-1-defense] My general index: 239
2026-06-02 10:38:59 [self-0019-1-defense] Enemy general index: None
2026-06-02 10:38:59 [self-0019-1-defense] Visible enemy tiles: 11
2026-06-02 10:38:59 [self-0019-1-defense] Tiles: 23 / 123
2026-06-02 10:38:59 [self-0019-1-defense] Map: 18 x 23 Turn: 1184
2026-06-02 10:38:59 [self-0019-1-defense] Route planned: Target = 185 Mode = defense city-free reachable tiles = 327 Fallback-Tiles = 329
2026-06-02 10:38:59 [self-0019-1-defense] Move #1166: 205 -> 187 | Army: 2 | Target-Terrain: 0 | Target: 185 | Half: False
2026-06-02 10:39:00 [self-0019-1-defense] My general index: 239
2026-06-02 10:39:00 [self-0019-1-defense] Enemy general index: None
2026-06-02 10:39:00 [self-0019-1-defense] Visible enemy tiles: 11
2026-06-02 10:39:00 [self-0019-1-defense] Tiles: 23 / 123
2026-06-02 10:39:00 [self-0019-1-defense] Map: 18 x 23 Turn: 1185
2026-06-02 10:39:00 [self-0019-1-defense] Route planned: Target = 185 Mode = defense city-free reachable tiles = 327 Fallback-Tiles = 329
2026-06-02 10:39:00 [self-0019-1-defense] Priority agent: edge reuse -45000 base = 208821 final = 163821
2026-06-02 10:39:00 [self-0019-1-defense] Move #1167: 186 -> 185 | Army: 71 | Target-Terrain: 0 | Target: 185 | Half: False
2026-06-02 10:39:00 [self-0019-1-defense] My general index: 239
2026-06-02 10:39:00 [self-0019-1-defense] Enemy general index: None
2026-06-02 10:39:00 [self-0019-1-defense] Visible enemy tiles: 11
2026-06-02 10:39:00 [self-0019-1-defense] Tiles: 23 / 123
2026-06-02 10:39:00 [self-0019-1-defense] Map: 18 x 23 Turn: 1186
2026-06-02 10:39:00 [self-0019-1-defense] Route planned: Target = 186 Mode = defense city-free reachable tiles = 327 Fallback-Tiles = 329
2026-06-02 10:39:00 [self-0019-1-defense] Move #1168: 187 -> 186 | Army: 2 | Target-Terrain: 0 | Target: 186 | Half: False
2026-06-02 10:39:01 [self-0019-1-defense] My general index: 239
2026-06-02 10:39:01 [self-0019-1-defense] Enemy general index: None
2026-06-02 10:39:01 [self-0019-1-defense] Visible enemy tiles: 11
2026-06-02 10:39:01 [self-0019-1-defense] Tiles: 23 / 123
2026-06-02 10:39:01 [self-0019-1-defense] Map: 18 x 23 Turn: 1187
2026-06-02 10:39:01 [self-0019-1-defense] Route planned: Target = 186 Mode = defense city-free reachable tiles = 327 Fallback-Tiles = 329
2026-06-02 10:39:01 [self-0019-1-defense] Priority agent: edge reuse -45000 base = 206621 final = 161621
2026-06-02 10:39:01 [self-0019-1-defense] Move #1169: 185 -> 186 | Army: 71 | Target-Terrain: 0 | Target: 186 | Half: False
2026-06-02 10:39:01 [self-0019-1-defense] My general index: 239
2026-06-02 10:39:01 [self-0019-1-defense] Enemy general index: None
2026-06-02 10:39:01 [self-0019-1-defense] Visible enemy tiles: 11
2026-06-02 10:39:01 [self-0019-1-defense] Tiles: 23 / 123
2026-06-02 10:39:01 [self-0019-1-defense] Map: 18 x 23 Turn: 1188
2026-06-02 10:39:01 [self-0019-1-defense] Route planned: Target = 185 Mode = defense city-free reachable tiles = 327 Fallback-Tiles = 329
2026-06-02 10:39:01 [self-0019-1-defense] Move #1170: 201 -> 202 | Army: 3 | Target-Terrain: 0 | Target: 185 | Half: False
2026-06-02 10:39:02 [self-0019-1-defense] My general index: 239
2026-06-02 10:39:02 [self-0019-1-defense] Enemy general index: None
2026-06-02 10:39:02 [self-0019-1-defense] Visible enemy tiles: 11
2026-06-02 10:39:02 [self-0019-1-defense] Tiles: 23 / 123
2026-06-02 10:39:02 [self-0019-1-defense] Map: 18 x 23 Turn: 1189
2026-06-02 10:39:02 [self-0019-1-defense] Route planned: Target = 224 Mode = defense city-free reachable tiles = 327 Fallback-Tiles = 329
2026-06-02 10:39:02 [self-0019-1-defense] Move #1171: 223 -> 224 | Army: 2 | Target-Terrain: 0 | Target: 224 | Half: False
2026-06-02 10:39:02 [self-0019-1-defense] My general index: 239
2026-06-02 10:39:02 [self-0019-1-defense] Enemy general index: None
2026-06-02 10:39:02 [self-0019-1-defense] Visible enemy tiles: 11
2026-06-02 10:39:02 [self-0019-1-defense] Tiles: 23 / 123
2026-06-02 10:39:02 [self-0019-1-defense] Map: 18 x 23 Turn: 1190
2026-06-02 10:39:02 [self-0019-1-defense] Route planned: Target = 224 Mode = defense city-free reachable tiles = 327 Fallback-Tiles = 329
2026-06-02 10:39:02 [self-0019-1-defense] Priority agent: edge reuse -9000 base = 251230 final = 242230
2026-06-02 10:39:02 [self-0019-1-defense] Move #1172: 242 -> 224 | Army: 103 | Target-Terrain: 0 | Target: 224 | Half: False
2026-06-02 10:39:03 [self-0019-1-defense] My general index: 239
2026-06-02 10:39:03 [self-0019-1-defense] Enemy general index: None
2026-06-02 10:39:03 [self-0019-1-defense] Visible enemy tiles: 11
2026-06-02 10:39:03 [self-0019-1-defense] Tiles: 23 / 123
2026-06-02 10:39:03 [self-0019-1-defense] Map: 18 x 23 Turn: 1191
2026-06-02 10:39:03 [self-0019-1-defense] Route planned: Target = 242 Mode = defense city-free reachable tiles = 327 Fallback-Tiles = 329
2026-06-02 10:39:03 [self-0019-1-defense] Priority agent: reverse -35000, edge reuse -9000 base = 240130 final = 196130
2026-06-02 10:39:03 [self-0019-1-defense] Move #1173: 224 -> 242 | Army: 104 | Target-Terrain: 0 | Target: 242 | Half: False
2026-06-02 10:39:03 [self-0019-1-defense] My general index: 239
2026-06-02 10:39:03 [self-0019-1-defense] Enemy general index: None
2026-06-02 10:39:03 [self-0019-1-defense] Visible enemy tiles: 11
2026-06-02 10:39:03 [self-0019-1-defense] Tiles: 23 / 123
2026-06-02 10:39:03 [self-0019-1-defense] Map: 18 x 23 Turn: 1192
2026-06-02 10:39:03 [self-0019-1-defense] Route planned: Target = 224 Mode = defense city-free reachable tiles = 327 Fallback-Tiles = 329
2026-06-02 10:39:03 [self-0019-1-defense] Move #1174: 190 -> 208 | Army: 29 | Target-Terrain: 1 | Target: 224 | Half: False
2026-06-02 10:39:04 [self-0019-1-defense] My general index: 239
2026-06-02 10:39:04 [self-0019-1-defense] Enemy general index: None
2026-06-02 10:39:04 [self-0019-1-defense] Visible enemy tiles: 12
2026-06-02 10:39:04 [self-0019-1-defense] Tiles: 24 / 122
2026-06-02 10:39:04 [self-0019-1-defense] Map: 18 x 23 Turn: 1193
2026-06-02 10:39:04 [self-0019-1-defense] Route planned: Target = 224 Mode = defense city-free reachable tiles = 327 Fallback-Tiles = 329
2026-06-02 10:39:04 [self-0019-1-defense] Priority agent: edge reuse -18000 base = 204230 final = 186230
2026-06-02 10:39:04 [self-0019-1-defense] Move #1175: 242 -> 224 | Army: 104 | Target-Terrain: 0 | Target: 224 | Half: False
2026-06-02 10:39:04 [self-0019-1-defense] My general index: 239
2026-06-02 10:39:04 [self-0019-1-defense] Enemy general index: None
2026-06-02 10:39:04 [self-0019-1-defense] Visible enemy tiles: 12
2026-06-02 10:39:04 [self-0019-1-defense] Tiles: 24 / 122
2026-06-02 10:39:04 [self-0019-1-defense] Map: 18 x 23 Turn: 1194
2026-06-02 10:39:04 [self-0019-1-defense] Route planned: Target = 242 Mode = defense city-free reachable tiles = 327 Fallback-Tiles = 329
2026-06-02 10:39:04 [self-0019-1-defense] Move #1176: 208 -> 226 | Army: 8 | Target-Terrain: 1 | Target: 242 | Half: False
2026-06-02 10:39:05 [self-0019-1-defense] My general index: 239
2026-06-02 10:39:05 [self-0019-1-defense] Enemy general index: None
2026-06-02 10:39:05 [self-0019-1-defense] Visible enemy tiles: 13
2026-06-02 10:39:05 [self-0019-1-defense] Tiles: 25 / 121
2026-06-02 10:39:05 [self-0019-1-defense] Map: 18 x 23 Turn: 1195
2026-06-02 10:39:05 [self-0019-1-defense] Route planned: Target = 242 Mode = defense city-free reachable tiles = 327 Fallback-Tiles = 329
2026-06-02 10:39:05 [self-0019-1-defense] Priority agent: edge reuse -27000 base = 222030 final = 195030
2026-06-02 10:39:05 [self-0019-1-defense] Move #1177: 224 -> 242 | Army: 104 | Target-Terrain: 0 | Target: 242 | Half: False
2026-06-02 10:39:05 [self-0019-1-defense] My general index: 239
2026-06-02 10:39:05 [self-0019-1-defense] Enemy general index: None
2026-06-02 10:39:05 [self-0019-1-defense] Visible enemy tiles: 14
2026-06-02 10:39:05 [self-0019-1-defense] Tiles: 24 / 122
2026-06-02 10:39:05 [self-0019-1-defense] Map: 18 x 23 Turn: 1196
2026-06-02 10:39:05 [self-0019-1-defense] Route planned: Target = 261 Mode = defense city-free reachable tiles = 327 Fallback-Tiles = 329
2026-06-02 10:39:05 [self-0019-1-defense] Priority agent: flow +6000 base = 178890 final = 184890
2026-06-02 10:39:05 [self-0019-1-defense] Move #1178: 242 -> 260 | Army: 104 | Target-Terrain: 1 | Target: 261 | Half: False
2026-06-02 10:39:06 [self-0019-1-defense] Coach: stabilize tiles 25/121 army 398/3100 cities 1/0 enemy_city_suspect True bias {'expansion_bias': 0.1, 'city_bias': 0.2, 'attack_bias': -0.5, 'defense_bias': 2.0, 'route_bias': 0.1}
2026-06-02 10:39:06 [self-0019-1-defense] My general index: 239
2026-06-02 10:39:06 [self-0019-1-defense] Enemy general index: None
2026-06-02 10:39:06 [self-0019-1-defense] Visible enemy tiles: 14
2026-06-02 10:39:06 [self-0019-1-defense] Tiles: 25 / 121
2026-06-02 10:39:06 [self-0019-1-defense] Map: 18 x 23 Turn: 1197
2026-06-02 10:39:06 [self-0019-1-defense] Route planned: Target = 261 Mode = defense city-free reachable tiles = 327 Fallback-Tiles = 329
2026-06-02 10:39:06 [self-0019-1-defense] Priority agent: flow +6000 base = 277030 final = 283030
2026-06-02 10:39:06 [self-0019-1-defense] Move #1179: 260 -> 261 | Army: 101 | Target-Terrain: 1 | Target: 261 | Half: False
2026-06-02 10:39:06 [self-0019-1-defense] My general index: 239
2026-06-02 10:39:06 [self-0019-1-defense] Enemy general index: None
2026-06-02 10:39:06 [self-0019-1-defense] Visible enemy tiles: 15
2026-06-02 10:39:06 [self-0019-1-defense] Tiles: 26 / 120
2026-06-02 10:39:06 [self-0019-1-defense] Map: 18 x 23 Turn: 1198
2026-06-02 10:39:06 [self-0019-1-defense] Reinforcement waypoint: 208 final target = 207 turns until reinforcement = 2
2026-06-02 10:39:06 [self-0019-1-defense] Route planned: Target = 208 Mode = reinforcement_waypoint city-free reachable tiles = 327 Fallback-Tiles = 329
2026-06-02 10:39:06 [self-0019-1-defense] Priority agent: flow +6000 base = 90560 final = 96560
2026-06-02 10:39:06 [self-0019-1-defense] Move #1180: 261 -> 262 | Army: 80 | Target-Terrain: 1 | Target: 208 | Half: False
2026-06-02 10:39:07 [self-0019-1-defense] My general index: 239
2026-06-02 10:39:07 [self-0019-1-defense] Enemy general index: None
2026-06-02 10:39:07 [self-0019-1-defense] Visible enemy tiles: 15
2026-06-02 10:39:07 [self-0019-1-defense] Tiles: 27 / 119
2026-06-02 10:39:07 [self-0019-1-defense] Map: 18 x 23 Turn: 1199
2026-06-02 10:39:07 [self-0019-1-defense] Reinforcement waypoint: 208 final target = 207 turns until reinforcement = 1
2026-06-02 10:39:07 [self-0019-1-defense] Route planned: Target = 208 Mode = reinforcement_waypoint city-free reachable tiles = 327 Fallback-Tiles = 329
2026-06-02 10:39:07 [self-0019-1-defense] Priority agent: flow +6000 base = 90298 final = 96298
2026-06-02 10:39:07 [self-0019-1-defense] Move #1181: 262 -> 244 | Army: 78 | Target-Terrain: 1 | Target: 208 | Half: False
2026-06-02 10:39:07 [self-0019-1-defense] My general index: 239
2026-06-02 10:39:07 [self-0019-1-defense] Enemy general index: None
2026-06-02 10:39:07 [self-0019-1-defense] Visible enemy tiles: 14
2026-06-02 10:39:07 [self-0019-1-defense] Tiles: 28 / 118
2026-06-02 10:39:07 [self-0019-1-defense] Map: 18 x 23 Turn: 1200
2026-06-02 10:39:07 [self-0019-1-defense] Route planned: Target = 207 Mode = strategy city-free reachable tiles = 327 Fallback-Tiles = 329
2026-06-02 10:39:07 [self-0019-1-defense] Move #1182: 226 -> 225 | Army: 7 | Target-Terrain: 1 | Target: 207 | Half: False
2026-06-02 10:39:08 [self-0019-1-defense] My general index: 239
2026-06-02 10:39:08 [self-0019-1-defense] Enemy general index: None
2026-06-02 10:39:08 [self-0019-1-defense] Visible enemy tiles: 14
2026-06-02 10:39:08 [self-0019-1-defense] Tiles: 28 / 118
2026-06-02 10:39:08 [self-0019-1-defense] Map: 18 x 23 Turn: 1201
2026-06-02 10:39:08 [self-0019-1-defense] Route planned: Target = 260 Mode = defense city-free reachable tiles = 327 Fallback-Tiles = 329
2026-06-02 10:39:08 [self-0019-1-defense] Move #1183: 259 -> 260 | Army: 5 | Target-Terrain: 0 | Target: 260 | Half: False
2026-06-02 10:39:08 [self-0019-1-defense] My general index: 239
2026-06-02 10:39:08 [self-0019-1-defense] Enemy general index: None
2026-06-02 10:39:08 [self-0019-1-defense] Visible enemy tiles: 14
2026-06-02 10:39:08 [self-0019-1-defense] Tiles: 27 / 119
2026-06-02 10:39:08 [self-0019-1-defense] Map: 18 x 23 Turn: 1202
2026-06-02 10:39:08 [self-0019-1-defense] Route planned: Target = 260 Mode = defense city-free reachable tiles = 327 Fallback-Tiles = 329
2026-06-02 10:39:08 [self-0019-1-defense] Priority agent: edge reuse -9000 base = 236852 final = 227852
2026-06-02 10:39:08 [self-0019-1-defense] Move #1184: 242 -> 260 | Army: 2 | Target-Terrain: 0 | Target: 260 | Half: False
2026-06-02 10:39:09 [self-0019-1-defense] My general index: 239
2026-06-02 10:39:09 [self-0019-1-defense] Enemy general index: None
2026-06-02 10:39:09 [self-0019-1-defense] Visible enemy tiles: 15
2026-06-02 10:39:09 [self-0019-1-defense] Tiles: 26 / 120
2026-06-02 10:39:09 [self-0019-1-defense] Map: 18 x 23 Turn: 1203
2026-06-02 10:39:09 [self-0019-1-defense] Route planned: Target = 260 Mode = defense city-free reachable tiles = 327 Fallback-Tiles = 329
2026-06-02 10:39:09 [self-0019-1-defense] Priority agent: edge reuse -9000 base = 177257 final = 168257
2026-06-02 10:39:09 [self-0019-1-defense] Move #1185: 190 -> 208 | Army: 7 | Target-Terrain: 1 | Target: 260 | Half: False
2026-06-02 10:39:09 [self-0019-1-defense] My general index: 239
2026-06-02 10:39:09 [self-0019-1-defense] Enemy general index: None
2026-06-02 10:39:09 [self-0019-1-defense] Visible enemy tiles: 14
2026-06-02 10:39:09 [self-0019-1-defense] Tiles: 27 / 119
2026-06-02 10:39:09 [self-0019-1-defense] Map: 18 x 23 Turn: 1204
2026-06-02 10:39:09 [self-0019-1-defense] Route planned: Target = 260 Mode = defense city-free reachable tiles = 327 Fallback-Tiles = 329
2026-06-02 10:39:09 [self-0019-1-defense] Priority agent: flow +6000 base = 175394 final = 181394
2026-06-02 10:39:09 [self-0019-1-defense] Move #1186: 208 -> 207 | Army: 4 | Target-Terrain: 1 | Target: 260 | Half: False
2026-06-02 10:39:10 [self-0019-1-defense] My general index: 239
2026-06-02 10:39:10 [self-0019-1-defense] Enemy general index: None
2026-06-02 10:39:10 [self-0019-1-defense] Visible enemy tiles: 13
2026-06-02 10:39:10 [self-0019-1-defense] Tiles: 28 / 118
2026-06-02 10:39:10 [self-0019-1-defense] Map: 18 x 23 Turn: 1205
2026-06-02 10:39:10 [self-0019-1-defense] Route planned: Target = 260 Mode = defense city-free reachable tiles = 327 Fallback-Tiles = 329
2026-06-02 10:39:10 [self-0019-1-defense] Move #1187: 225 -> 224 | Army: 4 | Target-Terrain: 0 | Target: 260 | Half: False
2026-06-02 10:39:10 [self-0019-1-defense] My general index: 239
2026-06-02 10:39:10 [self-0019-1-defense] Enemy general index: None
2026-06-02 10:39:10 [self-0019-1-defense] Visible enemy tiles: 14
2026-06-02 10:39:10 [self-0019-1-defense] Tiles: 27 / 119
2026-06-02 10:39:10 [self-0019-1-defense] Map: 18 x 23 Turn: 1206
2026-06-02 10:39:10 [self-0019-1-defense] Route planned: Target = 260 Mode = defense city-free reachable tiles = 327 Fallback-Tiles = 329
2026-06-02 10:39:10 [self-0019-1-defense] Move #1188: 241 -> 259 | Army: 2 | Target-Terrain: 0 | Target: 260 | Half: False
2026-06-02 10:39:11 [self-0019-1-defense] My general index: 239
2026-06-02 10:39:11 [self-0019-1-defense] Enemy general index: None
2026-06-02 10:39:11 [self-0019-1-defense] Visible enemy tiles: 14
2026-06-02 10:39:11 [self-0019-1-defense] Tiles: 27 / 119
2026-06-02 10:39:11 [self-0019-1-defense] Map: 18 x 23 Turn: 1207
2026-06-02 10:39:11 [self-0019-1-defense] Route planned: Target = 260 Mode = defense city-free reachable tiles = 327 Fallback-Tiles = 329
2026-06-02 10:39:11 [self-0019-1-defense] Priority agent: edge reuse -9000, flow +6000 base = 234652 final = 231652
2026-06-02 10:39:11 [self-0019-1-defense] Move #1189: 259 -> 260 | Army: 2 | Target-Terrain: 0 | Target: 260 | Half: False
2026-06-02 10:39:11 [self-0019-1-defense] My general index: 239
2026-06-02 10:39:11 [self-0019-1-defense] Enemy general index: None
2026-06-02 10:39:11 [self-0019-1-defense] Visible enemy tiles: 14
2026-06-02 10:39:11 [self-0019-1-defense] Tiles: 27 / 119
2026-06-02 10:39:11 [self-0019-1-defense] Map: 18 x 23 Turn: 1208
2026-06-02 10:39:11 [self-0019-1-defense] Route planned: Target = 260 Mode = defense city-free reachable tiles = 327 Fallback-Tiles = 329
2026-06-02 10:39:11 [self-0019-1-defense] Priority agent: edge reuse -9000 base = 176954 final = 167954
2026-06-02 10:39:11 [self-0019-1-defense] Move #1190: 190 -> 208 | Army: 4 | Target-Terrain: 1 | Target: 260 | Half: False
2026-06-02 10:39:12 [self-0019-1-defense] My general index: 239
2026-06-02 10:39:12 [self-0019-1-defense] Enemy general index: None
2026-06-02 10:39:12 [self-0019-1-defense] Visible enemy tiles: 13
2026-06-02 10:39:12 [self-0019-1-defense] Tiles: 28 / 118
2026-06-02 10:39:12 [self-0019-1-defense] Map: 18 x 23 Turn: 1209
2026-06-02 10:39:12 [self-0019-1-defense] Route planned: Target = 260 Mode = defense city-free reachable tiles = 327 Fallback-Tiles = 329
2026-06-02 10:39:12 [self-0019-1-defense] Priority agent: edge reuse -9000 base = 175747 final = 166747
2026-06-02 10:39:12 [self-0019-1-defense] Move #1191: 244 -> 262 | Army: 77 | Target-Terrain: 1 | Target: 260 | Half: False
2026-06-02 10:39:12 [self-0019-1-defense] My general index: 239
2026-06-02 10:39:12 [self-0019-1-defense] Enemy general index: None
2026-06-02 10:39:12 [self-0019-1-defense] Visible enemy tiles: 13
2026-06-02 10:39:12 [self-0019-1-defense] Tiles: 29 / 117
2026-06-02 10:39:12 [self-0019-1-defense] Map: 18 x 23 Turn: 1210
2026-06-02 10:39:12 [self-0019-1-defense] Route planned: Target = 260 Mode = defense city-free reachable tiles = 327 Fallback-Tiles = 329
2026-06-02 10:39:12 [self-0019-1-defense] Priority agent: edge reuse -9000, flow +6000 base = 182185 final = 179185
2026-06-02 10:39:12 [self-0019-1-defense] Move #1192: 262 -> 261 | Army: 75 | Target-Terrain: 1 | Target: 260 | Half: False
2026-06-02 10:39:13 [self-0019-1-defense] My general index: 239
2026-06-02 10:39:13 [self-0019-1-defense] Enemy general index: None
2026-06-02 10:39:13 [self-0019-1-defense] Visible enemy tiles: 13
2026-06-02 10:39:13 [self-0019-1-defense] Tiles: 29 / 117
2026-06-02 10:39:13 [self-0019-1-defense] Map: 18 x 23 Turn: 1211
2026-06-02 10:39:13 [self-0019-1-defense] Route planned: Target = 260 Mode = defense city-free reachable tiles = 327 Fallback-Tiles = 329
2026-06-02 10:39:13 [self-0019-1-defense] Priority agent: edge reuse -9000, flow +6000 base = 240923 final = 237923
2026-06-02 10:39:13 [self-0019-1-defense] Move #1193: 261 -> 260 | Army: 73 | Target-Terrain: 0 | Target: 260 | Half: False
2026-06-02 10:39:13 [self-0019-1-defense] My general index: 239
2026-06-02 10:39:13 [self-0019-1-defense] Enemy general index: None
2026-06-02 10:39:13 [self-0019-1-defense] Visible enemy tiles: 12
2026-06-02 10:39:13 [self-0019-1-defense] Tiles: 28 / 118
2026-06-02 10:39:13 [self-0019-1-defense] Map: 18 x 23 Turn: 1212
2026-06-02 10:39:13 [self-0019-1-defense] Route planned: Target = 224 Mode = defense city-free reachable tiles = 327 Fallback-Tiles = 329
2026-06-02 10:39:13 [self-0019-1-defense] Move #1194: 206 -> 224 | Army: 2 | Target-Terrain: 0 | Target: 224 | Half: False
2026-06-02 10:39:14 [self-0019-1-defense] My general index: 239
2026-06-02 10:39:14 [self-0019-1-defense] Enemy general index: None
2026-06-02 10:39:14 [self-0019-1-defense] Visible enemy tiles: 11
2026-06-02 10:39:14 [self-0019-1-defense] Tiles: 27 / 119
2026-06-02 10:39:14 [self-0019-1-defense] Map: 18 x 23 Turn: 1213
2026-06-02 10:39:14 [self-0019-1-defense] Route planned: Target = 224 Mode = defense city-free reachable tiles = 327 Fallback-Tiles = 329
2026-06-02 10:39:14 [self-0019-1-defense] Move #1195: 223 -> 224 | Army: 2 | Target-Terrain: 0 | Target: 224 | Half: False
2026-06-02 10:39:14 [self-0019-1-defense] My general index: 239
2026-06-02 10:39:14 [self-0019-1-defense] Enemy general index: None
2026-06-02 10:39:14 [self-0019-1-defense] Visible enemy tiles: 11
2026-06-02 10:39:14 [self-0019-1-defense] Tiles: 27 / 119
2026-06-02 10:39:14 [self-0019-1-defense] Map: 18 x 23 Turn: 1214
2026-06-02 10:39:14 [self-0019-1-defense] Route planned: Target = 224 Mode = defense city-free reachable tiles = 327 Fallback-Tiles = 329
2026-06-02 10:39:14 [self-0019-1-defense] Move #1196: 205 -> 223 | Army: 2 | Target-Terrain: 0 | Target: 224 | Half: False
2026-06-02 10:39:15 [self-0019-1-defense] My general index: 239
2026-06-02 10:39:15 [self-0019-1-defense] Enemy general index: None
2026-06-02 10:39:15 [self-0019-1-defense] Visible enemy tiles: 11
2026-06-02 10:39:15 [self-0019-1-defense] Tiles: 27 / 119
2026-06-02 10:39:15 [self-0019-1-defense] Map: 18 x 23 Turn: 1215
2026-06-02 10:39:15 [self-0019-1-defense] Route planned: Target = 224 Mode = defense city-free reachable tiles = 327 Fallback-Tiles = 329
2026-06-02 10:39:15 [self-0019-1-defense] Priority agent: edge reuse -9000, flow +6000 base = 234652 final = 231652
2026-06-02 10:39:15 [self-0019-1-defense] Move #1197: 223 -> 224 | Army: 2 | Target-Terrain: 0 | Target: 224 | Half: False
2026-06-02 10:39:15 [self-0019-1-defense] My general index: 239
2026-06-02 10:39:15 [self-0019-1-defense] Enemy general index: None
2026-06-02 10:39:15 [self-0019-1-defense] Visible enemy tiles: 11
2026-06-02 10:39:15 [self-0019-1-defense] Tiles: 27 / 119
2026-06-02 10:39:15 [self-0019-1-defense] Map: 18 x 23 Turn: 1216
2026-06-02 10:39:15 [self-0019-1-defense] Route planned: Target = 224 Mode = defense city-free reachable tiles = 327 Fallback-Tiles = 329
2026-06-02 10:39:15 [self-0019-1-defense] Move #1198: 186 -> 204 | Army: 73 | Target-Terrain: 0 | Target: 224 | Half: False
2026-06-02 10:39:16 [self-0019-1-defense] My general index: 239
2026-06-02 10:39:16 [self-0019-1-defense] Enemy general index: None
2026-06-02 10:39:16 [self-0019-1-defense] Visible enemy tiles: 11
2026-06-02 10:39:16 [self-0019-1-defense] Tiles: 27 / 119
2026-06-02 10:39:16 [self-0019-1-defense] Map: 18 x 23 Turn: 1217
2026-06-02 10:39:16 [self-0019-1-defense] Route planned: Target = 224 Mode = defense city-free reachable tiles = 327 Fallback-Tiles = 329
2026-06-02 10:39:16 [self-0019-1-defense] Priority agent: flow +6000 base = 148144 final = 154144
2026-06-02 10:39:16 [self-0019-1-defense] Move #1199: 204 -> 205 | Army: 74 | Target-Terrain: 0 | Target: 224 | Half: False
2026-06-02 10:39:16 [self-0019-1-defense] My general index: 239
2026-06-02 10:39:16 [self-0019-1-defense] Enemy general index: None
2026-06-02 10:39:16 [self-0019-1-defense] Visible enemy tiles: 11
2026-06-02 10:39:16 [self-0019-1-defense] Tiles: 27 / 119
2026-06-02 10:39:16 [self-0019-1-defense] Map: 18 x 23 Turn: 1218
2026-06-02 10:39:16 [self-0019-1-defense] Route planned: Target = 224 Mode = defense city-free reachable tiles = 327 Fallback-Tiles = 329
2026-06-02 10:39:16 [self-0019-1-defense] Priority agent: flow +6000 base = 148234 final = 154234
2026-06-02 10:39:16 [self-0019-1-defense] Move #1200: 205 -> 206 | Army: 74 | Target-Terrain: 0 | Target: 224 | Half: False
2026-06-02 10:39:17 [self-0019-1-defense] My general index: 239
2026-06-02 10:39:17 [self-0019-1-defense] Enemy general index: None
2026-06-02 10:39:17 [self-0019-1-defense] Visible enemy tiles: 11
2026-06-02 10:39:17 [self-0019-1-defense] Tiles: 27 / 119
2026-06-02 10:39:17 [self-0019-1-defense] Map: 18 x 23 Turn: 1219
2026-06-02 10:39:17 [self-0019-1-defense] Route planned: Target = 224 Mode = defense city-free reachable tiles = 327 Fallback-Tiles = 329
2026-06-02 10:39:17 [self-0019-1-defense] Priority agent: edge reuse -9000, flow +6000 base = 240924 final = 237924
2026-06-02 10:39:17 [self-0019-1-defense] Move #1201: 206 -> 224 | Army: 74 | Target-Terrain: 0 | Target: 224 | Half: False
2026-06-02 10:39:17 [self-0019-1-defense] My general index: 239
2026-06-02 10:39:17 [self-0019-1-defense] Enemy general index: None
2026-06-02 10:39:17 [self-0019-1-defense] Visible enemy tiles: 11
2026-06-02 10:39:17 [self-0019-1-defense] Tiles: 27 / 119
2026-06-02 10:39:17 [self-0019-1-defense] Map: 18 x 23 Turn: 1220
2026-06-02 10:39:17 [self-0019-1-defense] Route planned: Target = 261 Mode = defense city-free reachable tiles = 327 Fallback-Tiles = 329
2026-06-02 10:39:17 [self-0019-1-defense] Priority agent: edge reuse -9000 base = 277530 final = 268530
2026-06-02 10:39:17 [self-0019-1-defense] Move #1202: 260 -> 261 | Army: 80 | Target-Terrain: 1 | Target: 261 | Half: False
2026-06-02 10:39:18 [self-0019-1-defense] My general index: 239
2026-06-02 10:39:18 [self-0019-1-defense] Enemy general index: None
2026-06-02 10:39:18 [self-0019-1-defense] Visible enemy tiles: 12
2026-06-02 10:39:18 [self-0019-1-defense] Tiles: 28 / 118
2026-06-02 10:39:18 [self-0019-1-defense] Map: 18 x 23 Turn: 1221
2026-06-02 10:39:18 [self-0019-1-defense] Route planned: Target = 260 Mode = defense city-free reachable tiles = 327 Fallback-Tiles = 329
2026-06-02 10:39:18 [self-0019-1-defense] Priority agent: reverse -35000, edge reuse -18000 base = 205921 final = 152921
2026-06-02 10:39:18 [self-0019-1-defense] Move #1203: 261 -> 260 | Army: 71 | Target-Terrain: 0 | Target: 260 | Half: False
2026-06-02 10:39:18 [self-0019-1-defense] My general index: 239
2026-06-02 10:39:18 [self-0019-1-defense] Enemy general index: None
2026-06-02 10:39:18 [self-0019-1-defense] Visible enemy tiles: 12
2026-06-02 10:39:18 [self-0019-1-defense] Tiles: 28 / 118
2026-06-02 10:39:18 [self-0019-1-defense] Map: 18 x 23 Turn: 1222
2026-06-02 10:39:18 [self-0019-1-defense] Route planned: Target = 261 Mode = defense city-free reachable tiles = 327 Fallback-Tiles = 329
2026-06-02 10:39:18 [self-0019-1-defense] Move #1204: 277 -> 278 | Army: 3 | Target-Terrain: 1 | Target: 261 | Half: False
2026-06-02 10:39:19 [self-0019-1-defense] My general index: 239
2026-06-02 10:39:19 [self-0019-1-defense] Enemy general index: None
2026-06-02 10:39:19 [self-0019-1-defense] Visible enemy tiles: 12
2026-06-02 10:39:19 [self-0019-1-defense] Tiles: 29 / 117
2026-06-02 10:39:19 [self-0019-1-defense] Map: 18 x 23 Turn: 1223
2026-06-02 10:39:19 [self-0019-1-defense] Route planned: Target = 261 Mode = defense city-free reachable tiles = 327 Fallback-Tiles = 329
2026-06-02 10:39:19 [self-0019-1-defense] Priority agent: edge reuse -27000 base = 201819 final = 174819
2026-06-02 10:39:19 [self-0019-1-defense] Move #1205: 260 -> 261 | Army: 69 | Target-Terrain: 0 | Target: 261 | Half: False
2026-06-02 10:39:19 [self-0019-1-defense] My general index: 239
2026-06-02 10:39:19 [self-0019-1-defense] Enemy general index: None
2026-06-02 10:39:19 [self-0019-1-defense] Visible enemy tiles: 12
2026-06-02 10:39:19 [self-0019-1-defense] Tiles: 29 / 117
2026-06-02 10:39:19 [self-0019-1-defense] Map: 18 x 23 Turn: 1224
2026-06-02 10:39:19 [self-0019-1-defense] Route planned: Target = 260 Mode = defense city-free reachable tiles = 327 Fallback-Tiles = 329
2026-06-02 10:39:19 [self-0019-1-defense] Move #1206: 224 -> 242 | Army: 81 | Target-Terrain: 0 | Target: 260 | Half: False
2026-06-02 10:39:20 [self-0019-1-defense] My general index: 239
2026-06-02 10:39:20 [self-0019-1-defense] Enemy general index: None
2026-06-02 10:39:20 [self-0019-1-defense] Visible enemy tiles: 12
2026-06-02 10:39:20 [self-0019-1-defense] Tiles: 29 / 117
2026-06-02 10:39:20 [self-0019-1-defense] Map: 18 x 23 Turn: 1225
2026-06-02 10:39:20 [self-0019-1-defense] Route planned: Target = 260 Mode = defense city-free reachable tiles = 327 Fallback-Tiles = 329
2026-06-02 10:39:20 [self-0019-1-defense] Priority agent: flow +6000 base = 240930 final = 246930
2026-06-02 10:39:20 [self-0019-1-defense] Move #1207: 242 -> 260 | Army: 81 | Target-Terrain: 0 | Target: 260 | Half: False
2026-06-02 10:39:20 [self-0019-1-defense] My general index: 239
2026-06-02 10:39:20 [self-0019-1-defense] Enemy general index: None
2026-06-02 10:39:20 [self-0019-1-defense] Visible enemy tiles: 12
2026-06-02 10:39:20 [self-0019-1-defense] Tiles: 28 / 118
2026-06-02 10:39:20 [self-0019-1-defense] Map: 18 x 23 Turn: 1226
2026-06-02 10:39:20 [self-0019-1-defense] Route planned: Target = 277 Mode = defense city-free reachable tiles = 327 Fallback-Tiles = 329
2026-06-02 10:39:20 [self-0019-1-defense] Priority agent: flow +6000 base = 178590 final = 184590
2026-06-02 10:39:20 [self-0019-1-defense] Move #1208: 260 -> 278 | Army: 81 | Target-Terrain: 1 | Target: 277 | Half: False
2026-06-02 10:39:21 [self-0019-1-defense] My general index: 239
2026-06-02 10:39:21 [self-0019-1-defense] Enemy general index: None
2026-06-02 10:39:21 [self-0019-1-defense] Visible enemy tiles: 12
2026-06-02 10:39:21 [self-0019-1-defense] Tiles: 29 / 117
2026-06-02 10:39:21 [self-0019-1-defense] Map: 18 x 23 Turn: 1227
2026-06-02 10:39:21 [self-0019-1-defense] Route planned: Target = 277 Mode = defense city-free reachable tiles = 327 Fallback-Tiles = 329
2026-06-02 10:39:21 [self-0019-1-defense] Priority agent: edge reuse -9000, flow +6000 base = 234123 final = 231123
2026-06-02 10:39:21 [self-0019-1-defense] Move #1209: 278 -> 277 | Army: 73 | Target-Terrain: 0 | Target: 277 | Half: False
2026-06-02 10:39:21 [self-0019-1-defense] My general index: 239
2026-06-02 10:39:21 [self-0019-1-defense] Enemy general index: None
2026-06-02 10:39:21 [self-0019-1-defense] Visible enemy tiles: 12
2026-06-02 10:39:21 [self-0019-1-defense] Tiles: 29 / 117
2026-06-02 10:39:21 [self-0019-1-defense] Map: 18 x 23 Turn: 1228
2026-06-02 10:39:21 [self-0019-1-defense] Route planned: Target = 260 Mode = defense city-free reachable tiles = 327 Fallback-Tiles = 329
2026-06-02 10:39:21 [self-0019-1-defense] Priority agent: edge reuse -27000 base = 202819 final = 175819
2026-06-02 10:39:21 [self-0019-1-defense] Move #1210: 261 -> 260 | Army: 69 | Target-Terrain: 0 | Target: 260 | Half: False
2026-06-02 10:39:22 [self-0019-1-defense] My general index: 239
2026-06-02 10:39:22 [self-0019-1-defense] Enemy general index: None
2026-06-02 10:39:22 [self-0019-1-defense] Visible enemy tiles: 12
2026-06-02 10:39:22 [self-0019-1-defense] Tiles: 29 / 117
2026-06-02 10:39:22 [self-0019-1-defense] Map: 18 x 23 Turn: 1229
2026-06-02 10:39:22 [self-0019-1-defense] Route planned: Target = 224 Mode = defense city-free reachable tiles = 327 Fallback-Tiles = 329
2026-06-02 10:39:22 [self-0019-1-defense] Move #1211: 188 -> 206 | Army: 2 | Target-Terrain: 0 | Target: 224 | Half: False
2026-06-02 10:39:22 [self-0019-1-defense] My general index: 239
2026-06-02 10:39:22 [self-0019-1-defense] Enemy general index: None
2026-06-02 10:39:22 [self-0019-1-defense] Visible enemy tiles: 12
2026-06-02 10:39:22 [self-0019-1-defense] Tiles: 29 / 117
2026-06-02 10:39:22 [self-0019-1-defense] Map: 18 x 23 Turn: 1230
2026-06-02 10:39:22 [self-0019-1-defense] Route planned: Target = 224 Mode = defense city-free reachable tiles = 327 Fallback-Tiles = 329
2026-06-02 10:39:22 [self-0019-1-defense] Priority agent: edge reuse -9000, flow +6000 base = 248852 final = 245852
2026-06-02 10:39:22 [self-0019-1-defense] Move #1212: 206 -> 224 | Army: 2 | Target-Terrain: 0 | Target: 224 | Half: False
2026-06-02 10:39:23 [self-0019-1-defense] My general index: 239
2026-06-02 10:39:23 [self-0019-1-defense] Enemy general index: None
2026-06-02 10:39:23 [self-0019-1-defense] Visible enemy tiles: 12
2026-06-02 10:39:23 [self-0019-1-defense] Tiles: 29 / 117
2026-06-02 10:39:23 [self-0019-1-defense] Map: 18 x 23 Turn: 1231
2026-06-02 10:39:23 [self-0019-1-defense] Route planned: Target = 224 Mode = defense city-free reachable tiles = 327 Fallback-Tiles = 329
2026-06-02 10:39:23 [self-0019-1-defense] Move #1213: 187 -> 205 | Army: 2 | Target-Terrain: 0 | Target: 224 | Half: False
2026-06-02 10:39:23 [self-0019-1-defense] My general index: 239
2026-06-02 10:39:23 [self-0019-1-defense] Enemy general index: None
2026-06-02 10:39:23 [self-0019-1-defense] Visible enemy tiles: 12
2026-06-02 10:39:23 [self-0019-1-defense] Tiles: 29 / 117
2026-06-02 10:39:23 [self-0019-1-defense] Map: 18 x 23 Turn: 1232
2026-06-02 10:39:23 [self-0019-1-defense] Route planned: Target = 224 Mode = defense city-free reachable tiles = 327 Fallback-Tiles = 329
2026-06-02 10:39:23 [self-0019-1-defense] Priority agent: flow +6000 base = 147562 final = 153562
2026-06-02 10:39:23 [self-0019-1-defense] Move #1214: 205 -> 223 | Army: 2 | Target-Terrain: 0 | Target: 224 | Half: False
2026-06-02 10:39:24 [self-0019-1-defense] My general index: 239
2026-06-02 10:39:24 [self-0019-1-defense] Enemy general index: None
2026-06-02 10:39:24 [self-0019-1-defense] Visible enemy tiles: 13
2026-06-02 10:39:24 [self-0019-1-defense] Tiles: 28 / 118
2026-06-02 10:39:24 [self-0019-1-defense] Map: 18 x 23 Turn: 1233
2026-06-02 10:39:24 [self-0019-1-defense] Route planned: Target = 224 Mode = defense city-free reachable tiles = 327 Fallback-Tiles = 329
2026-06-02 10:39:24 [self-0019-1-defense] Priority agent: flow +6000 base = 234652 final = 240652
2026-06-02 10:39:24 [self-0019-1-defense] Move #1215: 223 -> 224 | Army: 2 | Target-Terrain: 0 | Target: 224 | Half: False
2026-06-02 10:39:24 [self-0019-1-defense] My general index: 239
2026-06-02 10:39:24 [self-0019-1-defense] Enemy general index: None
2026-06-02 10:39:24 [self-0019-1-defense] Visible enemy tiles: 13
2026-06-02 10:39:24 [self-0019-1-defense] Tiles: 28 / 118
2026-06-02 10:39:24 [self-0019-1-defense] Map: 18 x 23 Turn: 1234
2026-06-02 10:39:24 [self-0019-1-defense] Route planned: Target = 224 Mode = defense city-free reachable tiles = 327 Fallback-Tiles = 329
2026-06-02 10:39:24 [self-0019-1-defense] Move #1216: 189 -> 207 | Army: 2 | Target-Terrain: 0 | Target: 224 | Half: False
2026-06-02 10:39:25 [self-0019-1-defense] My general index: 239
2026-06-02 10:39:25 [self-0019-1-defense] Enemy general index: None
2026-06-02 10:39:25 [self-0019-1-defense] Visible enemy tiles: 13
2026-06-02 10:39:25 [self-0019-1-defense] Tiles: 28 / 118
2026-06-02 10:39:25 [self-0019-1-defense] Map: 18 x 23 Turn: 1235
2026-06-02 10:39:25 [self-0019-1-defense] Route planned: Target = 224 Mode = defense city-free reachable tiles = 327 Fallback-Tiles = 329
2026-06-02 10:39:25 [self-0019-1-defense] Priority agent: flow +6000 base = 149962 final = 155962
2026-06-02 10:39:25 [self-0019-1-defense] Move #1217: 207 -> 225 | Army: 2 | Target-Terrain: 0 | Target: 224 | Half: False
2026-06-02 10:39:25 [self-0019-1-defense] My general index: 239
2026-06-02 10:39:25 [self-0019-1-defense] Enemy general index: None
2026-06-02 10:39:25 [self-0019-1-defense] Visible enemy tiles: 14
2026-06-02 10:39:25 [self-0019-1-defense] Tiles: 27 / 119
2026-06-02 10:39:25 [self-0019-1-defense] Map: 18 x 23 Turn: 1236
2026-06-02 10:39:25 [self-0019-1-defense] Route planned: Target = 224 Mode = defense city-free reachable tiles = 327 Fallback-Tiles = 329
2026-06-02 10:39:25 [self-0019-1-defense] Priority agent: flow +6000 base = 236852 final = 242852
2026-06-02 10:39:25 [self-0019-1-defense] Move #1218: 225 -> 224 | Army: 2 | Target-Terrain: 0 | Target: 224 | Half: False
2026-06-02 10:39:26 [self-0019-1-defense] My general index: 239
2026-06-02 10:39:26 [self-0019-1-defense] Enemy general index: None
2026-06-02 10:39:26 [self-0019-1-defense] Visible enemy tiles: 14
2026-06-02 10:39:26 [self-0019-1-defense] Tiles: 27 / 119
2026-06-02 10:39:26 [self-0019-1-defense] Map: 18 x 23 Turn: 1237
2026-06-02 10:39:26 [self-0019-1-defense] Route planned: Target = 224 Mode = defense city-free reachable tiles = 327 Fallback-Tiles = 329
2026-06-02 10:39:26 [self-0019-1-defense] Move #1219: 190 -> 189 | Army: 15 | Target-Terrain: 1 | Target: 224 | Half: False
2026-06-02 10:39:26 [self-0019-1-defense] My general index: 239
2026-06-02 10:39:26 [self-0019-1-defense] Enemy general index: None
2026-06-02 10:39:26 [self-0019-1-defense] Visible enemy tiles: 13
2026-06-02 10:39:26 [self-0019-1-defense] Tiles: 28 / 118
2026-06-02 10:39:26 [self-0019-1-defense] Map: 18 x 23 Turn: 1238
2026-06-02 10:39:26 [self-0019-1-defense] Route planned: Target = 224 Mode = defense city-free reachable tiles = 327 Fallback-Tiles = 329
2026-06-02 10:39:26 [self-0019-1-defense] Priority agent: flow +6000 base = 148483 final = 154483
2026-06-02 10:39:26 [self-0019-1-defense] Move #1220: 189 -> 188 | Army: 13 | Target-Terrain: 0 | Target: 224 | Half: False
2026-06-02 10:39:27 [self-0019-1-defense] My general index: 239
2026-06-02 10:39:27 [self-0019-1-defense] Enemy general index: None
2026-06-02 10:39:27 [self-0019-1-defense] Visible enemy tiles: 13
2026-06-02 10:39:27 [self-0019-1-defense] Tiles: 28 / 118
2026-06-02 10:39:27 [self-0019-1-defense] Map: 18 x 23 Turn: 1239
2026-06-02 10:39:27 [self-0019-1-defense] Route planned: Target = 224 Mode = defense city-free reachable tiles = 327 Fallback-Tiles = 329
2026-06-02 10:39:27 [self-0019-1-defense] Move #1221: 208 -> 207 | Army: 2 | Target-Terrain: 0 | Target: 224 | Half: False
2026-06-02 10:39:27 [self-0019-1-defense] My general index: 239
2026-06-02 10:39:27 [self-0019-1-defense] Enemy general index: None
2026-06-02 10:39:27 [self-0019-1-defense] Visible enemy tiles: 13
2026-06-02 10:39:27 [self-0019-1-defense] Tiles: 28 / 118
2026-06-02 10:39:27 [self-0019-1-defense] Map: 18 x 23 Turn: 1240
2026-06-02 10:39:27 [self-0019-1-defense] Route planned: Target = 224 Mode = defense city-free reachable tiles = 327 Fallback-Tiles = 329
2026-06-02 10:39:27 [self-0019-1-defense] Priority agent: flow +6000 base = 146362 final = 152362
2026-06-02 10:39:27 [self-0019-1-defense] Move #1222: 207 -> 206 | Army: 2 | Target-Terrain: 0 | Target: 224 | Half: False
2026-06-02 10:39:28 [self-0019-1-defense] My general index: 239
2026-06-02 10:39:28 [self-0019-1-defense] Enemy general index: None
2026-06-02 10:39:28 [self-0019-1-defense] Visible enemy tiles: 13
2026-06-02 10:39:28 [self-0019-1-defense] Tiles: 28 / 118
2026-06-02 10:39:28 [self-0019-1-defense] Map: 18 x 23 Turn: 1241
2026-06-02 10:39:28 [self-0019-1-defense] Route planned: Target = 224 Mode = defense city-free reachable tiles = 327 Fallback-Tiles = 329
2026-06-02 10:39:28 [self-0019-1-defense] Priority agent: edge reuse -9000, flow +6000 base = 236852 final = 233852
2026-06-02 10:39:28 [self-0019-1-defense] Move #1223: 206 -> 224 | Army: 2 | Target-Terrain: 0 | Target: 224 | Half: False
2026-06-02 10:39:28 [self-0019-1-defense] My general index: 239
2026-06-02 10:39:28 [self-0019-1-defense] Enemy general index: None
2026-06-02 10:39:28 [self-0019-1-defense] Visible enemy tiles: 13
2026-06-02 10:39:28 [self-0019-1-defense] Tiles: 28 / 118
2026-06-02 10:39:28 [self-0019-1-defense] Map: 18 x 23 Turn: 1242
2026-06-02 10:39:28 [self-0019-1-defense] Route planned: Target = 224 Mode = defense city-free reachable tiles = 327 Fallback-Tiles = 329
2026-06-02 10:39:28 [self-0019-1-defense] Move #1224: 277 -> 259 | Army: 73 | Target-Terrain: 0 | Target: 224 | Half: False
2026-06-02 10:39:29 [self-0019-1-defense] My general index: 239
2026-06-02 10:39:29 [self-0019-1-defense] Enemy general index: None
2026-06-02 10:39:29 [self-0019-1-defense] Visible enemy tiles: 13
2026-06-02 10:39:29 [self-0019-1-defense] Tiles: 28 / 118
2026-06-02 10:39:29 [self-0019-1-defense] Map: 18 x 23 Turn: 1243
2026-06-02 10:39:29 [self-0019-1-defense] Route planned: Target = 277 Mode = defense city-free reachable tiles = 327 Fallback-Tiles = 329
2026-06-02 10:39:29 [self-0019-1-defense] Priority agent: reverse -35000, edge reuse -9000 base = 234123 final = 190123
2026-06-02 10:39:29 [self-0019-1-defense] Move #1225: 259 -> 277 | Army: 73 | Target-Terrain: 0 | Target: 277 | Half: False
2026-06-02 10:39:29 [self-0019-1-defense] My general index: 239
2026-06-02 10:39:29 [self-0019-1-defense] Enemy general index: None
2026-06-02 10:39:29 [self-0019-1-defense] Visible enemy tiles: 13
2026-06-02 10:39:29 [self-0019-1-defense] Tiles: 28 / 118
2026-06-02 10:39:29 [self-0019-1-defense] Map: 18 x 23 Turn: 1244
2026-06-02 10:39:29 [self-0019-1-defense] Route planned: Target = 224 Mode = defense city-free reachable tiles = 327 Fallback-Tiles = 329
2026-06-02 10:39:29 [self-0019-1-defense] Priority agent: flow +6000 base = 148053 final = 154053
2026-06-02 10:39:29 [self-0019-1-defense] Move #1226: 277 -> 278 | Army: 73 | Target-Terrain: 0 | Target: 224 | Half: False
2026-06-02 10:39:30 [self-0019-1-defense] My general index: 239
2026-06-02 10:39:30 [self-0019-1-defense] Enemy general index: None
2026-06-02 10:39:30 [self-0019-1-defense] Visible enemy tiles: 13
2026-06-02 10:39:30 [self-0019-1-defense] Tiles: 28 / 118
2026-06-02 10:39:30 [self-0019-1-defense] Map: 18 x 23 Turn: 1245
2026-06-02 10:39:30 [self-0019-1-defense] Route planned: Target = 277 Mode = defense city-free reachable tiles = 327 Fallback-Tiles = 329
2026-06-02 10:39:30 [self-0019-1-defense] Priority agent: reverse -35000, edge reuse -9000 base = 234123 final = 190123
2026-06-02 10:39:30 [self-0019-1-defense] Move #1227: 278 -> 277 | Army: 73 | Target-Terrain: 0 | Target: 277 | Half: False
2026-06-02 10:39:30 [self-0019-1-defense] My general index: 239
2026-06-02 10:39:30 [self-0019-1-defense] Enemy general index: None
2026-06-02 10:39:30 [self-0019-1-defense] Visible enemy tiles: 13
2026-06-02 10:39:30 [self-0019-1-defense] Tiles: 28 / 118
2026-06-02 10:39:30 [self-0019-1-defense] Map: 18 x 23 Turn: 1246
2026-06-02 10:39:30 [self-0019-1-defense] Route planned: Target = 224 Mode = defense city-free reachable tiles = 327 Fallback-Tiles = 329
2026-06-02 10:39:30 [self-0019-1-defense] Move #1228: 188 -> 206 | Army: 13 | Target-Terrain: 0 | Target: 224 | Half: False
2026-06-02 10:39:31 [self-0019-1-defense] Coach: stabilize tiles 28/118 army 414/3256 cities 1/0 enemy_city_suspect True bias {'expansion_bias': 0.1, 'city_bias': 0.2, 'attack_bias': -0.5, 'defense_bias': 2.0, 'route_bias': 0.1}
2026-06-02 10:39:31 [self-0019-1-defense] My general index: 239
2026-06-02 10:39:31 [self-0019-1-defense] Enemy general index: None
2026-06-02 10:39:31 [self-0019-1-defense] Visible enemy tiles: 13
2026-06-02 10:39:31 [self-0019-1-defense] Tiles: 28 / 118
2026-06-02 10:39:31 [self-0019-1-defense] Map: 18 x 23 Turn: 1247
2026-06-02 10:39:31 [self-0019-1-defense] Route planned: Target = 224 Mode = defense city-free reachable tiles = 327 Fallback-Tiles = 329
2026-06-02 10:39:31 [self-0019-1-defense] Priority agent: edge reuse -9000, flow +6000 base = 239063 final = 236063
2026-06-02 10:39:31 [self-0019-1-defense] Move #1229: 206 -> 224 | Army: 13 | Target-Terrain: 0 | Target: 224 | Half: False
2026-06-02 10:39:31 [self-0019-1-defense] My general index: 239
2026-06-02 10:39:31 [self-0019-1-defense] Enemy general index: None
2026-06-02 10:39:31 [self-0019-1-defense] Visible enemy tiles: 13
2026-06-02 10:39:31 [self-0019-1-defense] Tiles: 28 / 118
2026-06-02 10:39:31 [self-0019-1-defense] Map: 18 x 23 Turn: 1248
2026-06-02 10:39:31 [self-0019-1-defense] Route planned: Target = 224 Mode = defense city-free reachable tiles = 327 Fallback-Tiles = 329
2026-06-02 10:39:31 [self-0019-1-defense] Move #1230: 202 -> 203 | Army: 4 | Target-Terrain: 0 | Target: 224 | Half: False
2026-06-02 10:39:32 [self-0019-1-defense] My general index: 239
2026-06-02 10:39:32 [self-0019-1-defense] Enemy general index: None
2026-06-02 10:39:32 [self-0019-1-defense] Visible enemy tiles: 13
2026-06-02 10:39:32 [self-0019-1-defense] Tiles: 28 / 118
2026-06-02 10:39:32 [self-0019-1-defense] Map: 18 x 23 Turn: 1249
2026-06-02 10:39:32 [self-0019-1-defense] Route planned: Target = 224 Mode = defense city-free reachable tiles = 327 Fallback-Tiles = 329
2026-06-02 10:39:32 [self-0019-1-defense] Priority agent: flow +6000 base = 146185 final = 152185
2026-06-02 10:39:32 [self-0019-1-defense] Move #1231: 203 -> 204 | Army: 5 | Target-Terrain: 0 | Target: 224 | Half: False
2026-06-02 10:39:32 [self-0019-1-defense] My general index: 239
2026-06-02 10:39:32 [self-0019-1-defense] Enemy general index: None
2026-06-02 10:39:32 [self-0019-1-defense] Visible enemy tiles: 13
2026-06-02 10:39:32 [self-0019-1-defense] Tiles: 28 / 118
2026-06-02 10:39:32 [self-0019-1-defense] Map: 18 x 23 Turn: 1250
2026-06-02 10:39:32 [self-0019-1-defense] Route planned: Target = 224 Mode = defense city-free reachable tiles = 327 Fallback-Tiles = 329
2026-06-02 10:39:32 [self-0019-1-defense] Move #1232: 223 -> 224 | Army: 2 | Target-Terrain: 0 | Target: 224 | Half: False
2026-06-02 10:39:33 [self-0019-1-defense] My general index: 239
2026-06-02 10:39:33 [self-0019-1-defense] Enemy general index: None
2026-06-02 10:39:33 [self-0019-1-defense] Visible enemy tiles: 13
2026-06-02 10:39:33 [self-0019-1-defense] Tiles: 28 / 118
2026-06-02 10:39:33 [self-0019-1-defense] Map: 18 x 23 Turn: 1251
2026-06-02 10:39:33 [self-0019-1-defense] Route planned: Target = 224 Mode = defense city-free reachable tiles = 327 Fallback-Tiles = 329
2026-06-02 10:39:33 [self-0019-1-defense] Move #1233: 225 -> 224 | Army: 2 | Target-Terrain: 0 | Target: 224 | Half: False
2026-06-02 10:39:33 [self-0019-1-defense] My general index: 239
2026-06-02 10:39:33 [self-0019-1-defense] Enemy general index: None
2026-06-02 10:39:33 [self-0019-1-defense] Visible enemy tiles: 13
2026-06-02 10:39:33 [self-0019-1-defense] Tiles: 28 / 118
2026-06-02 10:39:33 [self-0019-1-defense] Map: 18 x 23 Turn: 1252
2026-06-02 10:39:33 [self-0019-1-defense] Route planned: Target = 224 Mode = defense city-free reachable tiles = 327 Fallback-Tiles = 329
2026-06-02 10:39:33 [self-0019-1-defense] Move #1234: 242 -> 224 | Army: 2 | Target-Terrain: 0 | Target: 224 | Half: False
2026-06-02 10:39:34 [self-0019-1-defense] My general index: 239
2026-06-02 10:39:34 [self-0019-1-defense] Enemy general index: None
2026-06-02 10:39:34 [self-0019-1-defense] Visible enemy tiles: 13
2026-06-02 10:39:34 [self-0019-1-defense] Tiles: 28 / 118
2026-06-02 10:39:34 [self-0019-1-defense] Map: 18 x 23 Turn: 1253
2026-06-02 10:39:34 [self-0019-1-defense] Route planned: Target = 224 Mode = defense city-free reachable tiles = 327 Fallback-Tiles = 329
2026-06-02 10:39:34 [self-0019-1-defense] Priority agent: edge reuse -18000 base = 221852 final = 203852
2026-06-02 10:39:34 [self-0019-1-defense] Move #1235: 206 -> 224 | Army: 2 | Target-Terrain: 0 | Target: 224 | Half: False
2026-06-02 10:39:34 [self-0019-1-defense] My general index: 239
2026-06-02 10:39:34 [self-0019-1-defense] Enemy general index: None
2026-06-02 10:39:34 [self-0019-1-defense] Visible enemy tiles: 13
2026-06-02 10:39:34 [self-0019-1-defense] Tiles: 28 / 118
2026-06-02 10:39:34 [self-0019-1-defense] Map: 18 x 23 Turn: 1254
2026-06-02 10:39:34 [self-0019-1-defense] Route planned: Target = 224 Mode = defense city-free reachable tiles = 327 Fallback-Tiles = 329
2026-06-02 10:39:34 [self-0019-1-defense] Move #1236: 207 -> 225 | Army: 2 | Target-Terrain: 0 | Target: 224 | Half: False
2026-06-02 10:39:35 [self-0019-1-defense] My general index: 239
2026-06-02 10:39:35 [self-0019-1-defense] Enemy general index: None
2026-06-02 10:39:35 [self-0019-1-defense] Visible enemy tiles: 13
2026-06-02 10:39:35 [self-0019-1-defense] Tiles: 28 / 118
2026-06-02 10:39:35 [self-0019-1-defense] Map: 18 x 23 Turn: 1255
2026-06-02 10:39:35 [self-0019-1-defense] Route planned: Target = 224 Mode = defense city-free reachable tiles = 327 Fallback-Tiles = 329
2026-06-02 10:39:35 [self-0019-1-defense] Priority agent: edge reuse -9000, flow +6000 base = 236852 final = 233852
2026-06-02 10:39:35 [self-0019-1-defense] Move #1237: 225 -> 224 | Army: 2 | Target-Terrain: 0 | Target: 224 | Half: False
2026-06-02 10:39:35 [self-0019-1-defense] My general index: 239
2026-06-02 10:39:35 [self-0019-1-defense] Enemy general index: None
2026-06-02 10:39:35 [self-0019-1-defense] Visible enemy tiles: 13
2026-06-02 10:39:35 [self-0019-1-defense] Tiles: 28 / 118
2026-06-02 10:39:35 [self-0019-1-defense] Map: 18 x 23 Turn: 1256
2026-06-02 10:39:35 [self-0019-1-defense] Route planned: Target = 224 Mode = defense city-free reachable tiles = 327 Fallback-Tiles = 329
2026-06-02 10:39:35 [self-0019-1-defense] Move #1238: 261 -> 260 | Army: 2 | Target-Terrain: 0 | Target: 224 | Half: False
2026-06-02 10:39:36 [self-0019-1-defense] My general index: 239
2026-06-02 10:39:36 [self-0019-1-defense] Enemy general index: None
2026-06-02 10:39:36 [self-0019-1-defense] Visible enemy tiles: 13
2026-06-02 10:39:36 [self-0019-1-defense] Tiles: 27 / 119
2026-06-02 10:39:36 [self-0019-1-defense] Map: 18 x 23 Turn: 1257
2026-06-02 10:39:36 [self-0019-1-defense] Route planned: Target = 224 Mode = defense city-free reachable tiles = 327 Fallback-Tiles = 329
2026-06-02 10:39:36 [self-0019-1-defense] Priority agent: flow +6000 base = 148231 final = 154231
2026-06-02 10:39:36 [self-0019-1-defense] Move #1239: 260 -> 242 | Army: 71 | Target-Terrain: 0 | Target: 224 | Half: False
