2026-06-02 10:23:40 [self-0003-0-attack] Connected
2026-06-02 10:23:40 [self-0003-0-attack] Room: https://bot.generals.io/games/TillTestRoom123_self_20260602_102258_0003
2026-06-02 10:23:40 [self-0003-0-attack] Reserve ab sichtbarem Turn: 273
2026-06-02 10:23:40 [self-0003-0-attack] City-Fokus ab sichtbarem Turn: 69
2026-06-02 10:23:40 [self-0003-0-attack] General-Angriff ab sichtbarem Turn: 175
2026-06-02 10:23:40 [self-0003-0-attack] SET_USERNAME: ['error_set_username', 'You already have a username! Only Supporters can change usernames.']
2026-06-02 10:23:40 [self-0003-0-attack] JOIN_PRIVATE: ['chat_message', 'chat_custom_queue_TillTestRoom123_self_20260602_102258_0003', {'text': 'T1LL4_Self_05 joined the custom lobby.'}]
2026-06-02 10:23:40 [self-0003-0-attack] EVENT: ['queue_update', {'playerIndices': [0, 1], 'playerColors': [0, 1], 'lobbyIndex': 1, 'isForcing': False, 'numPlayers': 2, 'numForce': [], 'playerCap': 16, 'teamSize': 1, 'teams': [1, 2], 'usernames': ['T1LL4_Self_06', 'T1LL4_Self_05'], 'options': {'map': None, 'modifiers': []}, 'owner': 0, 'bans': [], 'kicks': []}]
2026-06-02 10:23:40 [self-0003-0-attack] EVENT: ['queue_update', {'playerIndices': [0, 1], 'playerColors': [0, 1], 'lobbyIndex': 1, 'isForcing': True, 'numPlayers': 2, 'numForce': [1], 'playerCap': 16, 'teamSize': 1, 'teams': [1, 2], 'usernames': ['T1LL4_Self_06', 'T1LL4_Self_05'], 'options': {'map': None, 'modifiers': []}, 'owner': 0, 'bans': [], 'kicks': []}]
2026-06-02 10:23:40 [self-0003-0-attack] EVENT: ['pre_game_start']
2026-06-02 10:23:43 [self-0003-0-attack] EVENT: ['game_start', {'playerIndex': 1, 'playerColors': [0, 1], 'replay_id': 'jbU8LbwGB', 'chat_room': 'game_17803886213099bzQJoVpZWGn5JX3AAaq', 'usernames': ['T1LL4_Self_06', 'T1LL4_Self_05'], 'teams': [1, 2], 'game_type': 'custom', 'swamps': [], 'lights': [], 'options': {'map': None, 'width': None, 'height': None, 'game_speed': None, 'modifiers': [], 'mountain_density': None, 'city_density': None, 'lookout_density': None, 'observatory_density': None, 'swamp_density': None, 'desert_density': None, 'max_players': None, 'city_fairness': None, 'spawn_fairness': None, 'defeat_spectate': None, 'spectate_chat': None, 'public': None, 'chatRecordingDisabled': None, 'eventId': None}, 'queue_chat': None}, None]
2026-06-02 10:23:43 [self-0003-0-attack] GAME START!
2026-06-02 10:23:43 [self-0003-0-attack] My player index: 1
2026-06-02 10:23:43 [self-0003-0-attack] Replay: https://bot.generals.io/replays/jbU8LbwGB
2026-06-02 10:23:43 [self-0003-0-attack] EVENT: ['chat_message', 'game_17803886213099bzQJoVpZWGn5JX3AAaq', {'text': ' Chat is being recorded.'}]
2026-06-02 10:23:43 [self-0003-0-attack] Enemy general guess: 316 Confidence: 0.43 Grund: rotated spawn, distance 21 near expected 20.35, unseen tile, far from center bei eigener Position 25 Map: 18x19
2026-06-02 10:23:43 [self-0003-0-attack] My general index: 25
2026-06-02 10:23:43 [self-0003-0-attack] Enemy general index: None
2026-06-02 10:23:43 [self-0003-0-attack] Visible enemy tiles: 0
2026-06-02 10:23:43 [self-0003-0-attack] Tiles: 1 / 1
2026-06-02 10:23:43 [self-0003-0-attack] Map: 18 x 19 Turn: 1
2026-06-02 10:23:43 [self-0003-0-attack] Route planned: Target = 316 Mode = strategy city-free reachable tiles = 267 Fallback-Tiles = 267
2026-06-02 10:23:43 [self-0003-0-attack] Waiting until turn 10: turn 1, general has 1 units
2026-06-02 10:23:43 [self-0003-0-attack] My general index: 25
2026-06-02 10:23:43 [self-0003-0-attack] Enemy general index: None
2026-06-02 10:23:43 [self-0003-0-attack] Visible enemy tiles: 0
2026-06-02 10:23:43 [self-0003-0-attack] Tiles: 1 / 1
2026-06-02 10:23:43 [self-0003-0-attack] Map: 18 x 19 Turn: 2
2026-06-02 10:23:43 [self-0003-0-attack] Route planned: Target = 316 Mode = strategy city-free reachable tiles = 267 Fallback-Tiles = 267
2026-06-02 10:23:43 [self-0003-0-attack] Waiting until turn 10: turn 1, general has 2 units
2026-06-02 10:23:44 [self-0003-0-attack] My general index: 25
2026-06-02 10:23:44 [self-0003-0-attack] Enemy general index: None
2026-06-02 10:23:44 [self-0003-0-attack] Visible enemy tiles: 0
2026-06-02 10:23:44 [self-0003-0-attack] Tiles: 1 / 1
2026-06-02 10:23:44 [self-0003-0-attack] Map: 18 x 19 Turn: 3
2026-06-02 10:23:44 [self-0003-0-attack] Route planned: Target = 316 Mode = strategy city-free reachable tiles = 267 Fallback-Tiles = 267
2026-06-02 10:23:44 [self-0003-0-attack] Waiting until turn 10: turn 2, general has 2 units
2026-06-02 10:23:44 [self-0003-0-attack] My general index: 25
2026-06-02 10:23:44 [self-0003-0-attack] Enemy general index: None
2026-06-02 10:23:44 [self-0003-0-attack] Visible enemy tiles: 0
2026-06-02 10:23:44 [self-0003-0-attack] Tiles: 1 / 1
2026-06-02 10:23:44 [self-0003-0-attack] Map: 18 x 19 Turn: 4
2026-06-02 10:23:44 [self-0003-0-attack] Route planned: Target = 316 Mode = strategy city-free reachable tiles = 267 Fallback-Tiles = 267
2026-06-02 10:23:44 [self-0003-0-attack] Waiting until turn 10: turn 2, general has 3 units
2026-06-02 10:23:45 [self-0003-0-attack] My general index: 25
2026-06-02 10:23:45 [self-0003-0-attack] Enemy general index: None
2026-06-02 10:23:45 [self-0003-0-attack] Visible enemy tiles: 0
2026-06-02 10:23:45 [self-0003-0-attack] Tiles: 1 / 1
2026-06-02 10:23:45 [self-0003-0-attack] Map: 18 x 19 Turn: 5
2026-06-02 10:23:45 [self-0003-0-attack] Route planned: Target = 316 Mode = strategy city-free reachable tiles = 267 Fallback-Tiles = 267
2026-06-02 10:23:45 [self-0003-0-attack] Waiting until turn 10: turn 3, general has 3 units
2026-06-02 10:23:45 [self-0003-0-attack] My general index: 25
2026-06-02 10:23:45 [self-0003-0-attack] Enemy general index: None
2026-06-02 10:23:45 [self-0003-0-attack] Visible enemy tiles: 0
2026-06-02 10:23:45 [self-0003-0-attack] Tiles: 1 / 1
2026-06-02 10:23:45 [self-0003-0-attack] Map: 18 x 19 Turn: 6
2026-06-02 10:23:45 [self-0003-0-attack] Route planned: Target = 316 Mode = strategy city-free reachable tiles = 267 Fallback-Tiles = 267
2026-06-02 10:23:45 [self-0003-0-attack] Waiting until turn 10: turn 3, general has 4 units
2026-06-02 10:23:46 [self-0003-0-attack] My general index: 25
2026-06-02 10:23:46 [self-0003-0-attack] Enemy general index: None
2026-06-02 10:23:46 [self-0003-0-attack] Visible enemy tiles: 0
2026-06-02 10:23:46 [self-0003-0-attack] Tiles: 1 / 1
2026-06-02 10:23:46 [self-0003-0-attack] Map: 18 x 19 Turn: 7
2026-06-02 10:23:46 [self-0003-0-attack] Route planned: Target = 316 Mode = strategy city-free reachable tiles = 267 Fallback-Tiles = 267
2026-06-02 10:23:46 [self-0003-0-attack] Waiting until turn 10: turn 4, general has 4 units
2026-06-02 10:23:46 [self-0003-0-attack] My general index: 25
2026-06-02 10:23:46 [self-0003-0-attack] Enemy general index: None
2026-06-02 10:23:46 [self-0003-0-attack] Visible enemy tiles: 0
2026-06-02 10:23:46 [self-0003-0-attack] Tiles: 1 / 1
2026-06-02 10:23:46 [self-0003-0-attack] Map: 18 x 19 Turn: 8
2026-06-02 10:23:46 [self-0003-0-attack] Route planned: Target = 316 Mode = strategy city-free reachable tiles = 267 Fallback-Tiles = 267
2026-06-02 10:23:46 [self-0003-0-attack] Waiting until turn 10: turn 4, general has 5 units
2026-06-02 10:23:47 [self-0003-0-attack] My general index: 25
2026-06-02 10:23:47 [self-0003-0-attack] Enemy general index: None
2026-06-02 10:23:47 [self-0003-0-attack] Visible enemy tiles: 0
2026-06-02 10:23:47 [self-0003-0-attack] Tiles: 1 / 1
2026-06-02 10:23:47 [self-0003-0-attack] Map: 18 x 19 Turn: 9
2026-06-02 10:23:47 [self-0003-0-attack] Route planned: Target = 316 Mode = strategy city-free reachable tiles = 267 Fallback-Tiles = 267
2026-06-02 10:23:47 [self-0003-0-attack] Waiting until turn 10: turn 5, general has 5 units
2026-06-02 10:23:47 [self-0003-0-attack] My general index: 25
2026-06-02 10:23:47 [self-0003-0-attack] Enemy general index: None
2026-06-02 10:23:47 [self-0003-0-attack] Visible enemy tiles: 0
2026-06-02 10:23:47 [self-0003-0-attack] Tiles: 1 / 1
2026-06-02 10:23:47 [self-0003-0-attack] Map: 18 x 19 Turn: 10
2026-06-02 10:23:47 [self-0003-0-attack] Route planned: Target = 316 Mode = strategy city-free reachable tiles = 267 Fallback-Tiles = 267
2026-06-02 10:23:47 [self-0003-0-attack] Waiting until turn 10: turn 5, general has 6 units
2026-06-02 10:23:48 [self-0003-0-attack] My general index: 25
2026-06-02 10:23:48 [self-0003-0-attack] Enemy general index: None
2026-06-02 10:23:48 [self-0003-0-attack] Visible enemy tiles: 0
2026-06-02 10:23:48 [self-0003-0-attack] Tiles: 1 / 1
2026-06-02 10:23:48 [self-0003-0-attack] Map: 18 x 19 Turn: 11
2026-06-02 10:23:48 [self-0003-0-attack] Route planned: Target = 316 Mode = strategy city-free reachable tiles = 267 Fallback-Tiles = 267
2026-06-02 10:23:48 [self-0003-0-attack] Waiting until turn 10: turn 6, general has 6 units
2026-06-02 10:23:48 [self-0003-0-attack] My general index: 25
2026-06-02 10:23:48 [self-0003-0-attack] Enemy general index: None
2026-06-02 10:23:48 [self-0003-0-attack] Visible enemy tiles: 0
2026-06-02 10:23:48 [self-0003-0-attack] Tiles: 1 / 1
2026-06-02 10:23:48 [self-0003-0-attack] Map: 18 x 19 Turn: 12
2026-06-02 10:23:48 [self-0003-0-attack] Route planned: Target = 316 Mode = strategy city-free reachable tiles = 267 Fallback-Tiles = 267
2026-06-02 10:23:48 [self-0003-0-attack] Waiting until turn 10: turn 6, general has 7 units
2026-06-02 10:23:49 [self-0003-0-attack] My general index: 25
2026-06-02 10:23:49 [self-0003-0-attack] Enemy general index: None
2026-06-02 10:23:49 [self-0003-0-attack] Visible enemy tiles: 0
2026-06-02 10:23:49 [self-0003-0-attack] Tiles: 1 / 1
2026-06-02 10:23:49 [self-0003-0-attack] Map: 18 x 19 Turn: 13
2026-06-02 10:23:49 [self-0003-0-attack] Route planned: Target = 316 Mode = strategy city-free reachable tiles = 267 Fallback-Tiles = 267
2026-06-02 10:23:49 [self-0003-0-attack] Waiting until turn 10: turn 7, general has 7 units
2026-06-02 10:23:49 [self-0003-0-attack] My general index: 25
2026-06-02 10:23:49 [self-0003-0-attack] Enemy general index: None
2026-06-02 10:23:49 [self-0003-0-attack] Visible enemy tiles: 0
2026-06-02 10:23:49 [self-0003-0-attack] Tiles: 1 / 1
2026-06-02 10:23:49 [self-0003-0-attack] Map: 18 x 19 Turn: 14
2026-06-02 10:23:49 [self-0003-0-attack] Route planned: Target = 316 Mode = strategy city-free reachable tiles = 267 Fallback-Tiles = 267
2026-06-02 10:23:49 [self-0003-0-attack] Waiting until turn 10: turn 7, general has 8 units
2026-06-02 10:23:50 [self-0003-0-attack] My general index: 25
2026-06-02 10:23:50 [self-0003-0-attack] Enemy general index: None
2026-06-02 10:23:50 [self-0003-0-attack] Visible enemy tiles: 0
2026-06-02 10:23:50 [self-0003-0-attack] Tiles: 1 / 1
2026-06-02 10:23:50 [self-0003-0-attack] Map: 18 x 19 Turn: 15
2026-06-02 10:23:50 [self-0003-0-attack] Route planned: Target = 316 Mode = strategy city-free reachable tiles = 267 Fallback-Tiles = 267
2026-06-02 10:23:50 [self-0003-0-attack] Waiting until turn 10: turn 8, general has 8 units
2026-06-02 10:23:50 [self-0003-0-attack] My general index: 25
2026-06-02 10:23:50 [self-0003-0-attack] Enemy general index: None
2026-06-02 10:23:50 [self-0003-0-attack] Visible enemy tiles: 0
2026-06-02 10:23:50 [self-0003-0-attack] Tiles: 1 / 1
2026-06-02 10:23:50 [self-0003-0-attack] Map: 18 x 19 Turn: 16
2026-06-02 10:23:50 [self-0003-0-attack] Route planned: Target = 316 Mode = strategy city-free reachable tiles = 267 Fallback-Tiles = 267
2026-06-02 10:23:50 [self-0003-0-attack] Waiting until turn 10: turn 8, general has 9 units
2026-06-02 10:23:51 [self-0003-0-attack] My general index: 25
2026-06-02 10:23:51 [self-0003-0-attack] Enemy general index: None
2026-06-02 10:23:51 [self-0003-0-attack] Visible enemy tiles: 0
2026-06-02 10:23:51 [self-0003-0-attack] Tiles: 1 / 1
2026-06-02 10:23:51 [self-0003-0-attack] Map: 18 x 19 Turn: 17
2026-06-02 10:23:51 [self-0003-0-attack] Route planned: Target = 316 Mode = strategy city-free reachable tiles = 267 Fallback-Tiles = 267
2026-06-02 10:23:51 [self-0003-0-attack] Waiting until turn 10: turn 9, general has 9 units
2026-06-02 10:23:51 [self-0003-0-attack] My general index: 25
2026-06-02 10:23:51 [self-0003-0-attack] Enemy general index: None
2026-06-02 10:23:51 [self-0003-0-attack] Visible enemy tiles: 0
2026-06-02 10:23:51 [self-0003-0-attack] Tiles: 1 / 1
2026-06-02 10:23:51 [self-0003-0-attack] Map: 18 x 19 Turn: 18
2026-06-02 10:23:51 [self-0003-0-attack] Route planned: Target = 316 Mode = strategy city-free reachable tiles = 267 Fallback-Tiles = 267
2026-06-02 10:23:51 [self-0003-0-attack] Waiting until turn 10: turn 9, general has 10 units
2026-06-02 10:23:52 [self-0003-0-attack] My general index: 25
2026-06-02 10:23:52 [self-0003-0-attack] Enemy general index: None
2026-06-02 10:23:52 [self-0003-0-attack] Visible enemy tiles: 0
2026-06-02 10:23:52 [self-0003-0-attack] Tiles: 1 / 1
2026-06-02 10:23:52 [self-0003-0-attack] Map: 18 x 19 Turn: 19
2026-06-02 10:23:52 [self-0003-0-attack] Route planned: Target = 316 Mode = strategy city-free reachable tiles = 267 Fallback-Tiles = 267
2026-06-02 10:23:52 [self-0003-0-attack] Move #1: 25 -> 26 | Army: 10 | Target-Terrain: -1 | Target: 316 | Half: False
2026-06-02 10:23:52 [self-0003-0-attack] My general index: 25
2026-06-02 10:23:52 [self-0003-0-attack] Enemy general index: None
2026-06-02 10:23:52 [self-0003-0-attack] Visible enemy tiles: 0
2026-06-02 10:23:52 [self-0003-0-attack] Tiles: 2 / 2
2026-06-02 10:23:52 [self-0003-0-attack] Map: 18 x 19 Turn: 20
2026-06-02 10:23:52 [self-0003-0-attack] Route planned: Target = 316 Mode = strategy city-free reachable tiles = 267 Fallback-Tiles = 267
2026-06-02 10:23:52 [self-0003-0-attack] Priority agent: flow +6000 base = 44099 final = 50099
2026-06-02 10:23:52 [self-0003-0-attack] Move #2: 26 -> 27 | Army: 9 | Target-Terrain: -1 | Target: 316 | Half: False
2026-06-02 10:23:53 [self-0003-0-attack] My general index: 25
2026-06-02 10:23:53 [self-0003-0-attack] Enemy general index: None
2026-06-02 10:23:53 [self-0003-0-attack] Visible enemy tiles: 0
2026-06-02 10:23:53 [self-0003-0-attack] Tiles: 3 / 3
2026-06-02 10:23:53 [self-0003-0-attack] Map: 18 x 19 Turn: 21
2026-06-02 10:23:53 [self-0003-0-attack] Route planned: Target = 316 Mode = strategy city-free reachable tiles = 267 Fallback-Tiles = 267
2026-06-02 10:23:53 [self-0003-0-attack] Priority agent: flow +6000 base = 43588 final = 49588
2026-06-02 10:23:53 [self-0003-0-attack] Move #3: 27 -> 45 | Army: 8 | Target-Terrain: -1 | Target: 316 | Half: False
2026-06-02 10:23:53 [self-0003-0-attack] My general index: 25
2026-06-02 10:23:53 [self-0003-0-attack] Enemy general index: None
2026-06-02 10:23:53 [self-0003-0-attack] Visible enemy tiles: 0
2026-06-02 10:23:53 [self-0003-0-attack] Tiles: 4 / 4
2026-06-02 10:23:53 [self-0003-0-attack] Map: 18 x 19 Turn: 22
2026-06-02 10:23:53 [self-0003-0-attack] Route planned: Target = 316 Mode = strategy city-free reachable tiles = 267 Fallback-Tiles = 267
2026-06-02 10:23:53 [self-0003-0-attack] Priority agent: flow +6000 base = 44277 final = 50277
2026-06-02 10:23:53 [self-0003-0-attack] Move #4: 45 -> 63 | Army: 7 | Target-Terrain: -1 | Target: 316 | Half: False
2026-06-02 10:23:54 [self-0003-0-attack] My general index: 25
2026-06-02 10:23:54 [self-0003-0-attack] Enemy general index: None
2026-06-02 10:23:54 [self-0003-0-attack] Visible enemy tiles: 0
2026-06-02 10:23:54 [self-0003-0-attack] Tiles: 5 / 5
2026-06-02 10:23:54 [self-0003-0-attack] Map: 18 x 19 Turn: 23
2026-06-02 10:23:54 [self-0003-0-attack] Route planned: Target = 316 Mode = strategy city-free reachable tiles = 267 Fallback-Tiles = 267
2026-06-02 10:23:54 [self-0003-0-attack] Priority agent: flow +6000 base = 44066 final = 50066
2026-06-02 10:23:54 [self-0003-0-attack] Move #5: 63 -> 64 | Army: 6 | Target-Terrain: -1 | Target: 316 | Half: False
2026-06-02 10:23:54 [self-0003-0-attack] My general index: 25
2026-06-02 10:23:54 [self-0003-0-attack] Enemy general index: None
2026-06-02 10:23:54 [self-0003-0-attack] Visible enemy tiles: 0
2026-06-02 10:23:54 [self-0003-0-attack] Tiles: 6 / 6
2026-06-02 10:23:54 [self-0003-0-attack] Map: 18 x 19 Turn: 24
2026-06-02 10:23:54 [self-0003-0-attack] Route planned: Target = 316 Mode = strategy city-free reachable tiles = 267 Fallback-Tiles = 267
2026-06-02 10:23:54 [self-0003-0-attack] Priority agent: flow +6000 base = 44155 final = 50155
2026-06-02 10:23:54 [self-0003-0-attack] Move #6: 64 -> 82 | Army: 5 | Target-Terrain: -1 | Target: 316 | Half: False
2026-06-02 10:23:55 [self-0003-0-attack] My general index: 25
2026-06-02 10:23:55 [self-0003-0-attack] Enemy general index: None
2026-06-02 10:23:55 [self-0003-0-attack] Visible enemy tiles: 0
2026-06-02 10:23:55 [self-0003-0-attack] Tiles: 7 / 7
2026-06-02 10:23:55 [self-0003-0-attack] Map: 18 x 19 Turn: 25
2026-06-02 10:23:55 [self-0003-0-attack] Route planned: Target = 316 Mode = strategy city-free reachable tiles = 267 Fallback-Tiles = 268
2026-06-02 10:23:55 [self-0003-0-attack] Priority agent: flow +6000 base = 44544 final = 50544
2026-06-02 10:23:55 [self-0003-0-attack] Move #7: 82 -> 100 | Army: 4 | Target-Terrain: -1 | Target: 316 | Half: False
2026-06-02 10:23:55 [self-0003-0-attack] My general index: 25
2026-06-02 10:23:55 [self-0003-0-attack] Enemy general index: None
2026-06-02 10:23:55 [self-0003-0-attack] Visible enemy tiles: 0
2026-06-02 10:23:55 [self-0003-0-attack] Tiles: 8 / 8
2026-06-02 10:23:55 [self-0003-0-attack] Map: 18 x 19 Turn: 26
2026-06-02 10:23:55 [self-0003-0-attack] Route planned: Target = 316 Mode = strategy city-free reachable tiles = 267 Fallback-Tiles = 269
2026-06-02 10:23:55 [self-0003-0-attack] Priority agent: flow +6000 base = 44633 final = 50633
2026-06-02 10:23:55 [self-0003-0-attack] Move #8: 100 -> 118 | Army: 3 | Target-Terrain: -1 | Target: 316 | Half: False
2026-06-02 10:23:56 [self-0003-0-attack] My general index: 25
2026-06-02 10:23:56 [self-0003-0-attack] Enemy general index: None
2026-06-02 10:23:56 [self-0003-0-attack] Visible enemy tiles: 0
2026-06-02 10:23:56 [self-0003-0-attack] Tiles: 9 / 9
2026-06-02 10:23:56 [self-0003-0-attack] Map: 18 x 19 Turn: 27
2026-06-02 10:23:56 [self-0003-0-attack] Route planned: Target = 316 Mode = strategy city-free reachable tiles = 267 Fallback-Tiles = 269
2026-06-02 10:23:56 [self-0003-0-attack] Priority agent: flow +6000 base = 42522 final = 48522
2026-06-02 10:23:56 [self-0003-0-attack] Move #9: 118 -> 136 | Army: 2 | Target-Terrain: -1 | Target: 316 | Half: False
2026-06-02 10:23:56 [self-0003-0-attack] My general index: 25
2026-06-02 10:23:56 [self-0003-0-attack] Enemy general index: None
2026-06-02 10:23:56 [self-0003-0-attack] Visible enemy tiles: 0
2026-06-02 10:23:56 [self-0003-0-attack] Tiles: 10 / 10
2026-06-02 10:23:56 [self-0003-0-attack] Map: 18 x 19 Turn: 28
2026-06-02 10:23:56 [self-0003-0-attack] Route planned: Target = 316 Mode = strategy city-free reachable tiles = 267 Fallback-Tiles = 269
2026-06-02 10:23:56 [self-0003-0-attack] Move #10: 25 -> 24 | Army: 6 | Target-Terrain: -1 | Target: 316 | Half: False
2026-06-02 10:23:57 [self-0003-0-attack] My general index: 25
2026-06-02 10:23:57 [self-0003-0-attack] Enemy general index: None
2026-06-02 10:23:57 [self-0003-0-attack] Visible enemy tiles: 0
2026-06-02 10:23:57 [self-0003-0-attack] Tiles: 11 / 11
2026-06-02 10:23:57 [self-0003-0-attack] Map: 18 x 19 Turn: 29
2026-06-02 10:23:57 [self-0003-0-attack] Route planned: Target = 316 Mode = strategy city-free reachable tiles = 267 Fallback-Tiles = 269
2026-06-02 10:23:57 [self-0003-0-attack] Priority agent: flow +6000 base = 44095 final = 50095
2026-06-02 10:23:57 [self-0003-0-attack] Move #11: 24 -> 42 | Army: 5 | Target-Terrain: -1 | Target: 316 | Half: False
2026-06-02 10:23:57 [self-0003-0-attack] My general index: 25
2026-06-02 10:23:57 [self-0003-0-attack] Enemy general index: None
2026-06-02 10:23:57 [self-0003-0-attack] Visible enemy tiles: 0
2026-06-02 10:23:57 [self-0003-0-attack] Tiles: 12 / 12
2026-06-02 10:23:57 [self-0003-0-attack] Map: 18 x 19 Turn: 30
2026-06-02 10:23:57 [self-0003-0-attack] Route planned: Target = 316 Mode = strategy city-free reachable tiles = 267 Fallback-Tiles = 270
2026-06-02 10:23:57 [self-0003-0-attack] Priority agent: flow +6000 base = 44184 final = 50184
2026-06-02 10:23:57 [self-0003-0-attack] Move #12: 42 -> 60 | Army: 4 | Target-Terrain: -1 | Target: 316 | Half: False
2026-06-02 10:23:58 [self-0003-0-attack] My general index: 25
2026-06-02 10:23:58 [self-0003-0-attack] Enemy general index: None
2026-06-02 10:23:58 [self-0003-0-attack] Visible enemy tiles: 0
2026-06-02 10:23:58 [self-0003-0-attack] Tiles: 13 / 13
2026-06-02 10:23:58 [self-0003-0-attack] Map: 18 x 19 Turn: 31
2026-06-02 10:23:58 [self-0003-0-attack] Route planned: Target = 316 Mode = strategy city-free reachable tiles = 267 Fallback-Tiles = 270
2026-06-02 10:23:58 [self-0003-0-attack] Priority agent: flow +6000 base = 44273 final = 50273
2026-06-02 10:23:58 [self-0003-0-attack] Move #13: 60 -> 78 | Army: 3 | Target-Terrain: -1 | Target: 316 | Half: False
2026-06-02 10:23:58 [self-0003-0-attack] My general index: 25
2026-06-02 10:23:58 [self-0003-0-attack] Enemy general index: None
2026-06-02 10:23:58 [self-0003-0-attack] Visible enemy tiles: 0
2026-06-02 10:23:58 [self-0003-0-attack] Tiles: 14 / 14
2026-06-02 10:23:58 [self-0003-0-attack] Map: 18 x 19 Turn: 32
2026-06-02 10:23:58 [self-0003-0-attack] Route planned: Target = 316 Mode = strategy city-free reachable tiles = 267 Fallback-Tiles = 270
2026-06-02 10:23:58 [self-0003-0-attack] Priority agent: flow +6000 base = 42162 final = 48162
2026-06-02 10:23:58 [self-0003-0-attack] Move #14: 78 -> 79 | Army: 2 | Target-Terrain: -1 | Target: 316 | Half: False
2026-06-02 10:23:59 [self-0003-0-attack] My general index: 25
2026-06-02 10:23:59 [self-0003-0-attack] Enemy general index: None
2026-06-02 10:23:59 [self-0003-0-attack] Visible enemy tiles: 0
2026-06-02 10:23:59 [self-0003-0-attack] Tiles: 15 / 15
2026-06-02 10:23:59 [self-0003-0-attack] Map: 18 x 19 Turn: 33
2026-06-02 10:23:59 [self-0003-0-attack] Route planned: Target = 316 Mode = strategy city-free reachable tiles = 267 Fallback-Tiles = 270
2026-06-02 10:23:59 [self-0003-0-attack] Move #15: 25 -> 43 | Army: 3 | Target-Terrain: -1 | Target: 316 | Half: False
2026-06-02 10:23:59 [self-0003-0-attack] My general index: 25
2026-06-02 10:23:59 [self-0003-0-attack] Enemy general index: None
2026-06-02 10:23:59 [self-0003-0-attack] Visible enemy tiles: 0
2026-06-02 10:23:59 [self-0003-0-attack] Tiles: 16 / 16
2026-06-02 10:23:59 [self-0003-0-attack] Map: 18 x 19 Turn: 34
2026-06-02 10:23:59 [self-0003-0-attack] Reinforcement waypoint: 98 final target = 316 turns until reinforcement = 16
2026-06-02 10:23:59 [self-0003-0-attack] Route planned: Target = 98 Mode = reinforcement_waypoint city-free reachable tiles = 267 Fallback-Tiles = 270
2026-06-02 10:23:59 [self-0003-0-attack] Move #16: 25 -> 26 | Army: 2 | Target-Terrain: 1 | Target: 98 | Half: False
2026-06-02 10:24:00 [self-0003-0-attack] My general index: 25
2026-06-02 10:24:00 [self-0003-0-attack] Enemy general index: None
2026-06-02 10:24:00 [self-0003-0-attack] Visible enemy tiles: 0
2026-06-02 10:24:00 [self-0003-0-attack] Tiles: 16 / 16
2026-06-02 10:24:00 [self-0003-0-attack] Map: 18 x 19 Turn: 35
2026-06-02 10:24:00 [self-0003-0-attack] Reinforcement waypoint: 80 final target = 316 turns until reinforcement = 15
2026-06-02 10:24:00 [self-0003-0-attack] Route planned: Target = 80 Mode = reinforcement_waypoint city-free reachable tiles = 267 Fallback-Tiles = 270
2026-06-02 10:24:00 [self-0003-0-attack] Priority agent: fresh target pullback -12000, flow +6000 base = 38642 final = 32642
2026-06-02 10:24:00 [self-0003-0-attack] Move #17: 26 -> 27 | Army: 2 | Target-Terrain: 1 | Target: 80 | Half: False
2026-06-02 10:24:00 [self-0003-0-attack] My general index: 25
2026-06-02 10:24:00 [self-0003-0-attack] Enemy general index: None
2026-06-02 10:24:00 [self-0003-0-attack] Visible enemy tiles: 0
2026-06-02 10:24:00 [self-0003-0-attack] Tiles: 16 / 16
2026-06-02 10:24:00 [self-0003-0-attack] Map: 18 x 19 Turn: 36
2026-06-02 10:24:00 [self-0003-0-attack] Reinforcement waypoint: 80 final target = 316 turns until reinforcement = 14
2026-06-02 10:24:00 [self-0003-0-attack] Route planned: Target = 80 Mode = reinforcement_waypoint city-free reachable tiles = 267 Fallback-Tiles = 270
2026-06-02 10:24:00 [self-0003-0-attack] Priority agent: fresh target pullback -12000, flow +6000 base = 38732 final = 32732
2026-06-02 10:24:00 [self-0003-0-attack] Move #18: 27 -> 45 | Army: 2 | Target-Terrain: 1 | Target: 80 | Half: False
2026-06-02 10:24:01 [self-0003-0-attack] My general index: 25
2026-06-02 10:24:01 [self-0003-0-attack] Enemy general index: None
2026-06-02 10:24:01 [self-0003-0-attack] Visible enemy tiles: 0
2026-06-02 10:24:01 [self-0003-0-attack] Tiles: 16 / 17
2026-06-02 10:24:01 [self-0003-0-attack] Map: 18 x 19 Turn: 37
2026-06-02 10:24:01 [self-0003-0-attack] Reinforcement waypoint: 80 final target = 316 turns until reinforcement = 13
2026-06-02 10:24:01 [self-0003-0-attack] Route planned: Target = 80 Mode = reinforcement_waypoint city-free reachable tiles = 267 Fallback-Tiles = 270
2026-06-02 10:24:01 [self-0003-0-attack] Priority agent: fresh target pullback -12000, flow +6000 base = 38822 final = 32822
2026-06-02 10:24:01 [self-0003-0-attack] Move #19: 45 -> 63 | Army: 2 | Target-Terrain: 1 | Target: 80 | Half: False
2026-06-02 10:24:01 [self-0003-0-attack] My general index: 25
2026-06-02 10:24:01 [self-0003-0-attack] Enemy general index: None
2026-06-02 10:24:01 [self-0003-0-attack] Visible enemy tiles: 0
2026-06-02 10:24:01 [self-0003-0-attack] Tiles: 16 / 18
2026-06-02 10:24:01 [self-0003-0-attack] Map: 18 x 19 Turn: 38
2026-06-02 10:24:01 [self-0003-0-attack] Reinforcement waypoint: 80 final target = 316 turns until reinforcement = 12
2026-06-02 10:24:01 [self-0003-0-attack] Route planned: Target = 80 Mode = reinforcement_waypoint city-free reachable tiles = 267 Fallback-Tiles = 270
2026-06-02 10:24:01 [self-0003-0-attack] Priority agent: flow +6000 base = 61712 final = 67712
2026-06-02 10:24:01 [self-0003-0-attack] Move #20: 63 -> 81 | Army: 2 | Target-Terrain: -1 | Target: 80 | Half: False
2026-06-02 10:24:02 [self-0003-0-attack] My general index: 25
2026-06-02 10:24:02 [self-0003-0-attack] Enemy general index: None
2026-06-02 10:24:02 [self-0003-0-attack] Visible enemy tiles: 0
2026-06-02 10:24:02 [self-0003-0-attack] Tiles: 17 / 18
2026-06-02 10:24:02 [self-0003-0-attack] Map: 18 x 19 Turn: 39
2026-06-02 10:24:02 [self-0003-0-attack] Reinforcement waypoint: 42 final target = 316 turns until reinforcement = 11
2026-06-02 10:24:02 [self-0003-0-attack] Route planned: Target = 42 Mode = reinforcement_waypoint city-free reachable tiles = 267 Fallback-Tiles = 270
2026-06-02 10:24:02 [self-0003-0-attack] Move #21: 43 -> 42 | Army: 2 | Target-Terrain: 1 | Target: 42 | Half: False
2026-06-02 10:24:02 [self-0003-0-attack] My general index: 25
2026-06-02 10:24:02 [self-0003-0-attack] Enemy general index: None
2026-06-02 10:24:02 [self-0003-0-attack] Visible enemy tiles: 0
2026-06-02 10:24:02 [self-0003-0-attack] Tiles: 17 / 18
2026-06-02 10:24:02 [self-0003-0-attack] Map: 18 x 19 Turn: 40
2026-06-02 10:24:02 [self-0003-0-attack] Reinforcement waypoint: 26 final target = 316 turns until reinforcement = 10
2026-06-02 10:24:02 [self-0003-0-attack] Route planned: Target = 26 Mode = reinforcement_waypoint city-free reachable tiles = 267 Fallback-Tiles = 270
2026-06-02 10:24:02 [self-0003-0-attack] Priority agent: edge reuse -18000 base = 39004 final = 21004
2026-06-02 10:24:02 [self-0003-0-attack] Move #22: 25 -> 26 | Army: 4 | Target-Terrain: 1 | Target: 26 | Half: False
2026-06-02 10:24:03 [self-0003-0-attack] My general index: 25
2026-06-02 10:24:03 [self-0003-0-attack] Enemy general index: None
2026-06-02 10:24:03 [self-0003-0-attack] Visible enemy tiles: 0
2026-06-02 10:24:03 [self-0003-0-attack] Tiles: 17 / 18
2026-06-02 10:24:03 [self-0003-0-attack] Map: 18 x 19 Turn: 41
2026-06-02 10:24:03 [self-0003-0-attack] Reinforcement waypoint: 27 final target = 316 turns until reinforcement = 9
2026-06-02 10:24:03 [self-0003-0-attack] Route planned: Target = 27 Mode = reinforcement_waypoint city-free reachable tiles = 267 Fallback-Tiles = 270
2026-06-02 10:24:03 [self-0003-0-attack] Priority agent: flow +6000 base = 15074 final = 21074
2026-06-02 10:24:03 [self-0003-0-attack] Move #23: 26 -> 8 | Army: 4 | Target-Terrain: -1 | Target: 27 | Half: False
2026-06-02 10:24:03 [self-0003-0-attack] My general index: 25
2026-06-02 10:24:03 [self-0003-0-attack] Enemy general index: None
2026-06-02 10:24:03 [self-0003-0-attack] Visible enemy tiles: 0
2026-06-02 10:24:03 [self-0003-0-attack] Tiles: 18 / 18
2026-06-02 10:24:03 [self-0003-0-attack] Map: 18 x 19 Turn: 42
2026-06-02 10:24:03 [self-0003-0-attack] Reinforcement waypoint: 9 final target = 316 turns until reinforcement = 8
2026-06-02 10:24:03 [self-0003-0-attack] Route planned: Target = 9 Mode = reinforcement_waypoint city-free reachable tiles = 267 Fallback-Tiles = 270
2026-06-02 10:24:03 [self-0003-0-attack] Priority agent: flow +6000 base = 54453 final = 60453
2026-06-02 10:24:03 [self-0003-0-attack] Move #24: 8 -> 9 | Army: 3 | Target-Terrain: -1 | Target: 9 | Half: False
2026-06-02 10:24:04 [self-0003-0-attack] My general index: 25
2026-06-02 10:24:04 [self-0003-0-attack] Enemy general index: None
2026-06-02 10:24:04 [self-0003-0-attack] Visible enemy tiles: 0
2026-06-02 10:24:04 [self-0003-0-attack] Tiles: 19 / 19
2026-06-02 10:24:04 [self-0003-0-attack] Map: 18 x 19 Turn: 43
2026-06-02 10:24:04 [self-0003-0-attack] Reinforcement waypoint: 27 final target = 316 turns until reinforcement = 7
2026-06-02 10:24:04 [self-0003-0-attack] Route planned: Target = 27 Mode = reinforcement_waypoint city-free reachable tiles = 267 Fallback-Tiles = 270
2026-06-02 10:24:04 [self-0003-0-attack] Priority agent: fresh target pullback -12000, flow +6000 base = 39002 final = 33002
2026-06-02 10:24:04 [self-0003-0-attack] Move #25: 9 -> 27 | Army: 2 | Target-Terrain: 1 | Target: 27 | Half: False
2026-06-02 10:24:04 [self-0003-0-attack] My general index: 25
2026-06-02 10:24:04 [self-0003-0-attack] Enemy general index: None
2026-06-02 10:24:04 [self-0003-0-attack] Visible enemy tiles: 0
2026-06-02 10:24:04 [self-0003-0-attack] Tiles: 19 / 19
2026-06-02 10:24:04 [self-0003-0-attack] Map: 18 x 19 Turn: 44
2026-06-02 10:24:04 [self-0003-0-attack] Reinforcement waypoint: 45 final target = 316 turns until reinforcement = 6
2026-06-02 10:24:04 [self-0003-0-attack] Route planned: Target = 45 Mode = reinforcement_waypoint city-free reachable tiles = 267 Fallback-Tiles = 270
2026-06-02 10:24:04 [self-0003-0-attack] Move #26: 42 -> 24 | Army: 2 | Target-Terrain: 1 | Target: 45 | Half: False
2026-06-02 10:24:05 [self-0003-0-attack] My general index: 25
2026-06-02 10:24:05 [self-0003-0-attack] Enemy general index: None
2026-06-02 10:24:05 [self-0003-0-attack] Visible enemy tiles: 0
2026-06-02 10:24:05 [self-0003-0-attack] Tiles: 19 / 20
2026-06-02 10:24:05 [self-0003-0-attack] Map: 18 x 19 Turn: 45
2026-06-02 10:24:05 [self-0003-0-attack] Reinforcement waypoint: 45 final target = 316 turns until reinforcement = 5
2026-06-02 10:24:05 [self-0003-0-attack] Route planned: Target = 45 Mode = reinforcement_waypoint city-free reachable tiles = 267 Fallback-Tiles = 270
2026-06-02 10:24:05 [self-0003-0-attack] Priority agent: fresh target pullback -12000, flow +6000 base = 38732 final = 32732
2026-06-02 10:24:05 [self-0003-0-attack] Move #27: 24 -> 25 | Army: 2 | Target-Terrain: 1 | Target: 45 | Half: False
2026-06-02 10:24:05 [self-0003-0-attack] My general index: 25
2026-06-02 10:24:05 [self-0003-0-attack] Enemy general index: None
2026-06-02 10:24:05 [self-0003-0-attack] Visible enemy tiles: 0
2026-06-02 10:24:05 [self-0003-0-attack] Tiles: 19 / 20
2026-06-02 10:24:05 [self-0003-0-attack] Map: 18 x 19 Turn: 46
2026-06-02 10:24:05 [self-0003-0-attack] Reinforcement waypoint: 45 final target = 316 turns until reinforcement = 4
2026-06-02 10:24:05 [self-0003-0-attack] Route planned: Target = 45 Mode = reinforcement_waypoint city-free reachable tiles = 267 Fallback-Tiles = 270
2026-06-02 10:24:05 [self-0003-0-attack] Priority agent: flow +6000 base = 14095 final = 20095
2026-06-02 10:24:05 [self-0003-0-attack] Move #28: 25 -> 7 | Army: 5 | Target-Terrain: -1 | Target: 45 | Half: False
2026-06-02 10:24:06 [self-0003-0-attack] Coach: balanced tiles 20/20 army 24/24 cities 0/0 enemy_city_suspect False bias {'expansion_bias': 0.2, 'city_bias': 0.1, 'attack_bias': 0.8, 'defense_bias': 0.0, 'route_bias': 0.8}
2026-06-02 10:24:06 [self-0003-0-attack] My general index: 25
2026-06-02 10:24:06 [self-0003-0-attack] Enemy general index: None
2026-06-02 10:24:06 [self-0003-0-attack] Visible enemy tiles: 0
2026-06-02 10:24:06 [self-0003-0-attack] Tiles: 20 / 20
2026-06-02 10:24:06 [self-0003-0-attack] Map: 18 x 19 Turn: 47
2026-06-02 10:24:06 [self-0003-0-attack] Reinforcement waypoint: 45 final target = 316 turns until reinforcement = 3
2026-06-02 10:24:06 [self-0003-0-attack] Route planned: Target = 45 Mode = reinforcement_waypoint city-free reachable tiles = 267 Fallback-Tiles = 270
2026-06-02 10:24:06 [self-0003-0-attack] Priority agent: fresh target pullback -12000, flow +6000 base = 40934 final = 34934
2026-06-02 10:24:06 [self-0003-0-attack] Move #29: 7 -> 8 | Army: 4 | Target-Terrain: 1 | Target: 45 | Half: False
2026-06-02 10:24:06 [self-0003-0-attack] My general index: 25
2026-06-02 10:24:06 [self-0003-0-attack] Enemy general index: None
2026-06-02 10:24:06 [self-0003-0-attack] Visible enemy tiles: 0
2026-06-02 10:24:06 [self-0003-0-attack] Tiles: 20 / 20
2026-06-02 10:24:06 [self-0003-0-attack] Map: 18 x 19 Turn: 48
2026-06-02 10:24:06 [self-0003-0-attack] Reinforcement waypoint: 45 final target = 316 turns until reinforcement = 2
2026-06-02 10:24:06 [self-0003-0-attack] Route planned: Target = 45 Mode = reinforcement_waypoint city-free reachable tiles = 267 Fallback-Tiles = 270
2026-06-02 10:24:06 [self-0003-0-attack] Priority agent: edge reuse -18000 base = 39002 final = 21002
2026-06-02 10:24:06 [self-0003-0-attack] Move #30: 27 -> 45 | Army: 2 | Target-Terrain: 1 | Target: 45 | Half: False
2026-06-02 10:24:07 [self-0003-0-attack] My general index: 25
2026-06-02 10:24:07 [self-0003-0-attack] Enemy general index: None
2026-06-02 10:24:07 [self-0003-0-attack] Visible enemy tiles: 0
2026-06-02 10:24:07 [self-0003-0-attack] Tiles: 20 / 20
2026-06-02 10:24:07 [self-0003-0-attack] Map: 18 x 19 Turn: 49
2026-06-02 10:24:07 [self-0003-0-attack] Reinforcement waypoint: 63 final target = 316 turns until reinforcement = 1
2026-06-02 10:24:07 [self-0003-0-attack] Route planned: Target = 63 Mode = reinforcement_waypoint city-free reachable tiles = 267 Fallback-Tiles = 270
2026-06-02 10:24:07 [self-0003-0-attack] Priority agent: edge reuse -18000, fresh target pullback -12000, flow +6000 base = 39002 final = 15002
2026-06-02 10:24:07 [self-0003-0-attack] Move #31: 45 -> 63 | Army: 2 | Target-Terrain: 1 | Target: 63 | Half: False
2026-06-02 10:24:07 [self-0003-0-attack] My general index: 25
2026-06-02 10:24:07 [self-0003-0-attack] Enemy general index: None
2026-06-02 10:24:07 [self-0003-0-attack] Visible enemy tiles: 0
2026-06-02 10:24:07 [self-0003-0-attack] Tiles: 20 / 20
2026-06-02 10:24:07 [self-0003-0-attack] Map: 18 x 19 Turn: 50
2026-06-02 10:24:07 [self-0003-0-attack] Route planned: Target = 316 Mode = reinforcement_waypoint city-free reachable tiles = 267 Fallback-Tiles = 270
2026-06-02 10:24:07 [self-0003-0-attack] Move #32: 136 -> 154 | Army: 2 | Target-Terrain: -1 | Target: 316 | Half: False
2026-06-02 10:24:08 [self-0003-0-attack] My general index: 25
2026-06-02 10:24:08 [self-0003-0-attack] Enemy general index: None
2026-06-02 10:24:08 [self-0003-0-attack] Visible enemy tiles: 0
2026-06-02 10:24:08 [self-0003-0-attack] Tiles: 21 / 21
2026-06-02 10:24:08 [self-0003-0-attack] Map: 18 x 19 Turn: 51
2026-06-02 10:24:08 [self-0003-0-attack] Route planned: Target = 316 Mode = reinforcement_waypoint city-free reachable tiles = 267 Fallback-Tiles = 270
2026-06-02 10:24:08 [self-0003-0-attack] Move #33: 118 -> 117 | Army: 2 | Target-Terrain: -1 | Target: 316 | Half: False
2026-06-02 10:24:08 [self-0003-0-attack] My general index: 25
2026-06-02 10:24:08 [self-0003-0-attack] Enemy general index: None
2026-06-02 10:24:08 [self-0003-0-attack] Visible enemy tiles: 0
2026-06-02 10:24:08 [self-0003-0-attack] Tiles: 22 / 22
2026-06-02 10:24:08 [self-0003-0-attack] Map: 18 x 19 Turn: 52
2026-06-02 10:24:08 [self-0003-0-attack] Route planned: Target = 316 Mode = reinforcement_waypoint city-free reachable tiles = 267 Fallback-Tiles = 270
2026-06-02 10:24:08 [self-0003-0-attack] Move #34: 79 -> 97 | Army: 2 | Target-Terrain: -1 | Target: 316 | Half: False
2026-06-02 10:24:09 [self-0003-0-attack] My general index: 25
2026-06-02 10:24:09 [self-0003-0-attack] Enemy general index: None
2026-06-02 10:24:09 [self-0003-0-attack] Visible enemy tiles: 0
2026-06-02 10:24:09 [self-0003-0-attack] Tiles: 23 / 23
2026-06-02 10:24:09 [self-0003-0-attack] Map: 18 x 19 Turn: 53
2026-06-02 10:24:09 [self-0003-0-attack] Route planned: Target = 316 Mode = reinforcement_waypoint city-free reachable tiles = 267 Fallback-Tiles = 270
2026-06-02 10:24:09 [self-0003-0-attack] Move #35: 78 -> 96 | Army: 2 | Target-Terrain: -1 | Target: 316 | Half: False
2026-06-02 10:24:09 [self-0003-0-attack] My general index: 25
2026-06-02 10:24:09 [self-0003-0-attack] Enemy general index: None
2026-06-02 10:24:09 [self-0003-0-attack] Visible enemy tiles: 0
2026-06-02 10:24:09 [self-0003-0-attack] Tiles: 24 / 24
2026-06-02 10:24:09 [self-0003-0-attack] Map: 18 x 19 Turn: 54
2026-06-02 10:24:09 [self-0003-0-attack] Route planned: Target = 316 Mode = reinforcement_waypoint city-free reachable tiles = 267 Fallback-Tiles = 270
2026-06-02 10:24:09 [self-0003-0-attack] Move #36: 81 -> 80 | Army: 2 | Target-Terrain: -1 | Target: 316 | Half: False
2026-06-02 10:24:10 [self-0003-0-attack] My general index: 25
2026-06-02 10:24:10 [self-0003-0-attack] Enemy general index: None
2026-06-02 10:24:10 [self-0003-0-attack] Visible enemy tiles: 0
2026-06-02 10:24:10 [self-0003-0-attack] Tiles: 25 / 24
2026-06-02 10:24:10 [self-0003-0-attack] Map: 18 x 19 Turn: 55
2026-06-02 10:24:10 [self-0003-0-attack] Route planned: Target = 316 Mode = reinforcement_waypoint city-free reachable tiles = 267 Fallback-Tiles = 270
2026-06-02 10:24:10 [self-0003-0-attack] Move #37: 63 -> 62 | Army: 3 | Target-Terrain: -1 | Target: 316 | Half: False
2026-06-02 10:24:10 [self-0003-0-attack] My general index: 25
2026-06-02 10:24:10 [self-0003-0-attack] Enemy general index: None
2026-06-02 10:24:10 [self-0003-0-attack] Visible enemy tiles: 0
2026-06-02 10:24:10 [self-0003-0-attack] Tiles: 26 / 24
2026-06-02 10:24:10 [self-0003-0-attack] Map: 18 x 19 Turn: 56
2026-06-02 10:24:10 [self-0003-0-attack] Route planned: Target = 316 Mode = reinforcement_waypoint city-free reachable tiles = 267 Fallback-Tiles = 270
2026-06-02 10:24:10 [self-0003-0-attack] Move #38: 7 -> 6 | Army: 2 | Target-Terrain: -1 | Target: 316 | Half: False
2026-06-02 10:24:11 [self-0003-0-attack] My general index: 25
2026-06-02 10:24:11 [self-0003-0-attack] Enemy general index: None
2026-06-02 10:24:11 [self-0003-0-attack] Visible enemy tiles: 0
2026-06-02 10:24:11 [self-0003-0-attack] Tiles: 27 / 24
2026-06-02 10:24:11 [self-0003-0-attack] Map: 18 x 19 Turn: 57
2026-06-02 10:24:11 [self-0003-0-attack] Route planned: Target = 316 Mode = reinforcement_waypoint city-free reachable tiles = 267 Fallback-Tiles = 270
2026-06-02 10:24:11 [self-0003-0-attack] Move #39: 100 -> 118 | Army: 2 | Target-Terrain: 1 | Target: 316 | Half: False
2026-06-02 10:24:11 [self-0003-0-attack] My general index: 25
2026-06-02 10:24:11 [self-0003-0-attack] Enemy general index: None
2026-06-02 10:24:11 [self-0003-0-attack] Visible enemy tiles: 0
2026-06-02 10:24:11 [self-0003-0-attack] Tiles: 27 / 24
2026-06-02 10:24:11 [self-0003-0-attack] Map: 18 x 19 Turn: 58
2026-06-02 10:24:11 [self-0003-0-attack] Route planned: Target = 316 Mode = reinforcement_waypoint city-free reachable tiles = 267 Fallback-Tiles = 270
2026-06-02 10:24:11 [self-0003-0-attack] Move #40: 82 -> 100 | Army: 2 | Target-Terrain: 1 | Target: 316 | Half: False
2026-06-02 10:24:12 [self-0003-0-attack] My general index: 25
2026-06-02 10:24:12 [self-0003-0-attack] Enemy general index: None
2026-06-02 10:24:12 [self-0003-0-attack] Visible enemy tiles: 0
2026-06-02 10:24:12 [self-0003-0-attack] Tiles: 27 / 24
2026-06-02 10:24:12 [self-0003-0-attack] Map: 18 x 19 Turn: 59
2026-06-02 10:24:12 [self-0003-0-attack] Route planned: Target = 316 Mode = reinforcement_waypoint city-free reachable tiles = 267 Fallback-Tiles = 270
2026-06-02 10:24:12 [self-0003-0-attack] Move #41: 25 -> 26 | Army: 8 | Target-Terrain: 1 | Target: 316 | Half: False
2026-06-02 10:24:12 [self-0003-0-attack] My general index: 25
2026-06-02 10:24:12 [self-0003-0-attack] Enemy general index: None
2026-06-02 10:24:12 [self-0003-0-attack] Visible enemy tiles: 0
2026-06-02 10:24:12 [self-0003-0-attack] Tiles: 27 / 24
2026-06-02 10:24:12 [self-0003-0-attack] Map: 18 x 19 Turn: 60
2026-06-02 10:24:12 [self-0003-0-attack] Route planned: Target = 316 Mode = reinforcement_waypoint city-free reachable tiles = 267 Fallback-Tiles = 270
2026-06-02 10:24:12 [self-0003-0-attack] Move #42: 62 -> 80 | Army: 2 | Target-Terrain: 1 | Target: 316 | Half: False
2026-06-02 10:24:13 [self-0003-0-attack] My general index: 25
2026-06-02 10:24:13 [self-0003-0-attack] Enemy general index: None
2026-06-02 10:24:13 [self-0003-0-attack] Visible enemy tiles: 0
2026-06-02 10:24:13 [self-0003-0-attack] Tiles: 27 / 24
2026-06-02 10:24:13 [self-0003-0-attack] Map: 18 x 19 Turn: 61
2026-06-02 10:24:13 [self-0003-0-attack] Route planned: Target = 316 Mode = reinforcement_waypoint city-free reachable tiles = 267 Fallback-Tiles = 270
2026-06-02 10:24:13 [self-0003-0-attack] Priority agent: flow +6000 base = 51542 final = 57542
2026-06-02 10:24:13 [self-0003-0-attack] Move #43: 80 -> 98 | Army: 2 | Target-Terrain: -1 | Target: 316 | Half: False
2026-06-02 10:24:13 [self-0003-0-attack] My general index: 25
2026-06-02 10:24:13 [self-0003-0-attack] Enemy general index: None
2026-06-02 10:24:13 [self-0003-0-attack] Visible enemy tiles: 0
2026-06-02 10:24:13 [self-0003-0-attack] Tiles: 28 / 25
2026-06-02 10:24:13 [self-0003-0-attack] Map: 18 x 19 Turn: 62
2026-06-02 10:24:13 [self-0003-0-attack] Route planned: Target = 316 Mode = reinforcement_waypoint city-free reachable tiles = 267 Fallback-Tiles = 270
2026-06-02 10:24:13 [self-0003-0-attack] Move #44: 118 -> 136 | Army: 2 | Target-Terrain: 1 | Target: 316 | Half: False
2026-06-02 10:24:14 [self-0003-0-attack] My general index: 25
2026-06-02 10:24:14 [self-0003-0-attack] Enemy general index: None
2026-06-02 10:24:14 [self-0003-0-attack] Visible enemy tiles: 0
2026-06-02 10:24:14 [self-0003-0-attack] Tiles: 28 / 26
2026-06-02 10:24:14 [self-0003-0-attack] Map: 18 x 19 Turn: 63
2026-06-02 10:24:14 [self-0003-0-attack] Route planned: Target = 316 Mode = reinforcement_waypoint city-free reachable tiles = 267 Fallback-Tiles = 270
2026-06-02 10:24:14 [self-0003-0-attack] Priority agent: flow +6000 base = 51812 final = 57812
2026-06-02 10:24:14 [self-0003-0-attack] Move #45: 136 -> 135 | Army: 2 | Target-Terrain: -1 | Target: 316 | Half: False
2026-06-02 10:24:14 [self-0003-0-attack] My general index: 25
2026-06-02 10:24:14 [self-0003-0-attack] Enemy general index: None
2026-06-02 10:24:14 [self-0003-0-attack] Visible enemy tiles: 0
2026-06-02 10:24:14 [self-0003-0-attack] Tiles: 29 / 26
2026-06-02 10:24:14 [self-0003-0-attack] Map: 18 x 19 Turn: 64
2026-06-02 10:24:14 [self-0003-0-attack] Route planned: Target = 316 Mode = reinforcement_waypoint city-free reachable tiles = 267 Fallback-Tiles = 270
2026-06-02 10:24:14 [self-0003-0-attack] Move #46: 64 -> 82 | Army: 2 | Target-Terrain: 1 | Target: 316 | Half: False
2026-06-02 10:24:15 [self-0003-0-attack] My general index: 25
2026-06-02 10:24:15 [self-0003-0-attack] Enemy general index: None
2026-06-02 10:24:15 [self-0003-0-attack] Visible enemy tiles: 0
2026-06-02 10:24:15 [self-0003-0-attack] Tiles: 29 / 26
2026-06-02 10:24:15 [self-0003-0-attack] Map: 18 x 19 Turn: 65
2026-06-02 10:24:15 [self-0003-0-attack] Route planned: Target = 316 Mode = reinforcement_waypoint city-free reachable tiles = 267 Fallback-Tiles = 270
2026-06-02 10:24:15 [self-0003-0-attack] Move #47: 45 -> 63 | Army: 2 | Target-Terrain: 1 | Target: 316 | Half: False
2026-06-02 10:24:15 [self-0003-0-attack] My general index: 25
2026-06-02 10:24:15 [self-0003-0-attack] Enemy general index: None
2026-06-02 10:24:15 [self-0003-0-attack] Visible enemy tiles: 0
2026-06-02 10:24:15 [self-0003-0-attack] Tiles: 29 / 26
2026-06-02 10:24:15 [self-0003-0-attack] Map: 18 x 19 Turn: 66
2026-06-02 10:24:15 [self-0003-0-attack] Route planned: Target = 316 Mode = reinforcement_waypoint city-free reachable tiles = 267 Fallback-Tiles = 270
2026-06-02 10:24:15 [self-0003-0-attack] Move #48: 60 -> 78 | Army: 2 | Target-Terrain: 1 | Target: 316 | Half: False
2026-06-02 10:24:16 [self-0003-0-attack] My general index: 25
2026-06-02 10:24:16 [self-0003-0-attack] Enemy general index: None
2026-06-02 10:24:16 [self-0003-0-attack] Visible enemy tiles: 0
2026-06-02 10:24:16 [self-0003-0-attack] Tiles: 29 / 26
2026-06-02 10:24:16 [self-0003-0-attack] Map: 18 x 19 Turn: 67
2026-06-02 10:24:16 [self-0003-0-attack] Route planned: Target = 316 Mode = reinforcement_waypoint city-free reachable tiles = 267 Fallback-Tiles = 270
2026-06-02 10:24:16 [self-0003-0-attack] Move #49: 27 -> 45 | Army: 2 | Target-Terrain: 1 | Target: 316 | Half: False
2026-06-02 10:24:16 [self-0003-0-attack] My general index: 25
2026-06-02 10:24:16 [self-0003-0-attack] Enemy general index: None
2026-06-02 10:24:16 [self-0003-0-attack] Visible enemy tiles: 0
2026-06-02 10:24:16 [self-0003-0-attack] Tiles: 29 / 26
2026-06-02 10:24:16 [self-0003-0-attack] Map: 18 x 19 Turn: 68
2026-06-02 10:24:16 [self-0003-0-attack] Route planned: Target = 316 Mode = reinforcement_waypoint city-free reachable tiles = 267 Fallback-Tiles = 270
2026-06-02 10:24:16 [self-0003-0-attack] Move #50: 42 -> 60 | Army: 2 | Target-Terrain: 1 | Target: 316 | Half: False
2026-06-02 10:24:17 [self-0003-0-attack] My general index: 25
2026-06-02 10:24:17 [self-0003-0-attack] Enemy general index: None
2026-06-02 10:24:17 [self-0003-0-attack] Visible enemy tiles: 0
2026-06-02 10:24:17 [self-0003-0-attack] Tiles: 29 / 26
2026-06-02 10:24:17 [self-0003-0-attack] Map: 18 x 19 Turn: 69
2026-06-02 10:24:17 [self-0003-0-attack] Route planned: Target = 316 Mode = reinforcement_waypoint city-free reachable tiles = 267 Fallback-Tiles = 270
2026-06-02 10:24:17 [self-0003-0-attack] Move #51: 26 -> 27 | Army: 9 | Target-Terrain: 1 | Target: 316 | Half: False
2026-06-02 10:24:17 [self-0003-0-attack] My general index: 25
2026-06-02 10:24:17 [self-0003-0-attack] Enemy general index: None
2026-06-02 10:24:17 [self-0003-0-attack] Visible enemy tiles: 0
2026-06-02 10:24:17 [self-0003-0-attack] Tiles: 29 / 26
2026-06-02 10:24:17 [self-0003-0-attack] Map: 18 x 19 Turn: 70
2026-06-02 10:24:17 [self-0003-0-attack] Route planned: Target = 316 Mode = reinforcement_waypoint city-free reachable tiles = 267 Fallback-Tiles = 270
2026-06-02 10:24:17 [self-0003-0-attack] Move #52: 63 -> 81 | Army: 2 | Target-Terrain: 1 | Target: 316 | Half: False
2026-06-02 10:24:18 [self-0003-0-attack] My general index: 25
2026-06-02 10:24:18 [self-0003-0-attack] Enemy general index: None
2026-06-02 10:24:18 [self-0003-0-attack] Visible enemy tiles: 0
2026-06-02 10:24:18 [self-0003-0-attack] Tiles: 29 / 26
2026-06-02 10:24:18 [self-0003-0-attack] Map: 18 x 19 Turn: 71
2026-06-02 10:24:18 [self-0003-0-attack] Route planned: Target = 316 Mode = reinforcement_waypoint city-free reachable tiles = 267 Fallback-Tiles = 270
2026-06-02 10:24:18 [self-0003-0-attack] Move #53: 78 -> 79 | Army: 2 | Target-Terrain: 1 | Target: 316 | Half: False
2026-06-02 10:24:18 [self-0003-0-attack] My general index: 25
2026-06-02 10:24:18 [self-0003-0-attack] Enemy general index: None
2026-06-02 10:24:18 [self-0003-0-attack] Visible enemy tiles: 0
2026-06-02 10:24:18 [self-0003-0-attack] Tiles: 29 / 26
2026-06-02 10:24:18 [self-0003-0-attack] Map: 18 x 19 Turn: 72
2026-06-02 10:24:18 [self-0003-0-attack] Route planned: Target = 316 Mode = reinforcement_waypoint city-free reachable tiles = 267 Fallback-Tiles = 270
2026-06-02 10:24:18 [self-0003-0-attack] Move #54: 25 -> 43 | Army: 8 | Target-Terrain: 1 | Target: 316 | Half: False
2026-06-02 10:24:19 [self-0003-0-attack] My general index: 25
2026-06-02 10:24:19 [self-0003-0-attack] Enemy general index: None
2026-06-02 10:24:19 [self-0003-0-attack] Visible enemy tiles: 0
2026-06-02 10:24:19 [self-0003-0-attack] Tiles: 29 / 26
2026-06-02 10:24:19 [self-0003-0-attack] Map: 18 x 19 Turn: 73
2026-06-02 10:24:19 [self-0003-0-attack] Route planned: Target = 316 Mode = strategy city-free reachable tiles = 267 Fallback-Tiles = 270
2026-06-02 10:24:19 [self-0003-0-attack] Move #55: 100 -> 118 | Army: 2 | Target-Terrain: 1 | Target: 316 | Half: False
2026-06-02 10:24:19 [self-0003-0-attack] My general index: 25
2026-06-02 10:24:19 [self-0003-0-attack] Enemy general index: None
2026-06-02 10:24:19 [self-0003-0-attack] Visible enemy tiles: 0
2026-06-02 10:24:19 [self-0003-0-attack] Tiles: 29 / 26
2026-06-02 10:24:19 [self-0003-0-attack] Map: 18 x 19 Turn: 74
2026-06-02 10:24:19 [self-0003-0-attack] Route planned: Target = 316 Mode = strategy city-free reachable tiles = 267 Fallback-Tiles = 270
2026-06-02 10:24:19 [self-0003-0-attack] Move #56: 82 -> 100 | Army: 2 | Target-Terrain: 1 | Target: 316 | Half: False
2026-06-02 10:24:20 [self-0003-0-attack] My general index: 25
2026-06-02 10:24:20 [self-0003-0-attack] Enemy general index: None
2026-06-02 10:24:20 [self-0003-0-attack] Visible enemy tiles: 0
2026-06-02 10:24:20 [self-0003-0-attack] Tiles: 29 / 26
2026-06-02 10:24:20 [self-0003-0-attack] Map: 18 x 19 Turn: 75
2026-06-02 10:24:20 [self-0003-0-attack] Route planned: Target = 316 Mode = strategy city-free reachable tiles = 267 Fallback-Tiles = 270
2026-06-02 10:24:20 [self-0003-0-attack] Move #57: 9 -> 27 | Army: 2 | Target-Terrain: 1 | Target: 316 | Half: False
2026-06-02 10:24:20 [self-0003-0-attack] My general index: 25
2026-06-02 10:24:20 [self-0003-0-attack] Enemy general index: None
2026-06-02 10:24:20 [self-0003-0-attack] Visible enemy tiles: 0
2026-06-02 10:24:20 [self-0003-0-attack] Tiles: 29 / 26
2026-06-02 10:24:20 [self-0003-0-attack] Map: 18 x 19 Turn: 76
2026-06-02 10:24:20 [self-0003-0-attack] Route planned: Target = 316 Mode = strategy city-free reachable tiles = 267 Fallback-Tiles = 270
2026-06-02 10:24:20 [self-0003-0-attack] Move #58: 79 -> 80 | Army: 2 | Target-Terrain: 1 | Target: 316 | Half: False
2026-06-02 10:24:21 [self-0003-0-attack] My general index: 25
2026-06-02 10:24:21 [self-0003-0-attack] Enemy general index: None
2026-06-02 10:24:21 [self-0003-0-attack] Visible enemy tiles: 0
2026-06-02 10:24:21 [self-0003-0-attack] Tiles: 29 / 26
2026-06-02 10:24:21 [self-0003-0-attack] Map: 18 x 19 Turn: 77
2026-06-02 10:24:21 [self-0003-0-attack] Route planned: Target = 316 Mode = strategy city-free reachable tiles = 267 Fallback-Tiles = 270
2026-06-02 10:24:21 [self-0003-0-attack] Move #59: 24 -> 42 | Army: 2 | Target-Terrain: 1 | Target: 316 | Half: False
2026-06-02 10:24:21 [self-0003-0-attack] My general index: 25
2026-06-02 10:24:21 [self-0003-0-attack] Enemy general index: None
2026-06-02 10:24:21 [self-0003-0-attack] Visible enemy tiles: 0
2026-06-02 10:24:21 [self-0003-0-attack] Tiles: 29 / 26
2026-06-02 10:24:21 [self-0003-0-attack] Map: 18 x 19 Turn: 78
2026-06-02 10:24:21 [self-0003-0-attack] Route planned: Target = 316 Mode = strategy city-free reachable tiles = 267 Fallback-Tiles = 270
2026-06-02 10:24:21 [self-0003-0-attack] Move #60: 118 -> 136 | Army: 2 | Target-Terrain: 1 | Target: 316 | Half: False
2026-06-02 10:24:22 [self-0003-0-attack] My general index: 25
2026-06-02 10:24:22 [self-0003-0-attack] Enemy general index: None
2026-06-02 10:24:22 [self-0003-0-attack] Visible enemy tiles: 0
2026-06-02 10:24:22 [self-0003-0-attack] Tiles: 29 / 26
2026-06-02 10:24:22 [self-0003-0-attack] Map: 18 x 19 Turn: 79
2026-06-02 10:24:22 [self-0003-0-attack] Route planned: Target = 316 Mode = strategy city-free reachable tiles = 267 Fallback-Tiles = 270
2026-06-02 10:24:22 [self-0003-0-attack] Move #61: 8 -> 9 | Army: 5 | Target-Terrain: 1 | Target: 316 | Half: False
2026-06-02 10:24:22 [self-0003-0-attack] My general index: 25
2026-06-02 10:24:22 [self-0003-0-attack] Enemy general index: None
2026-06-02 10:24:22 [self-0003-0-attack] Visible enemy tiles: 0
2026-06-02 10:24:22 [self-0003-0-attack] Tiles: 29 / 26
2026-06-02 10:24:22 [self-0003-0-attack] Map: 18 x 19 Turn: 80
2026-06-02 10:24:22 [self-0003-0-attack] Route planned: Target = 316 Mode = strategy city-free reachable tiles = 267 Fallback-Tiles = 270
2026-06-02 10:24:22 [self-0003-0-attack] Move #62: 45 -> 63 | Army: 2 | Target-Terrain: 1 | Target: 316 | Half: False
2026-06-02 10:24:23 [self-0003-0-attack] My general index: 25
2026-06-02 10:24:23 [self-0003-0-attack] Enemy general index: None
2026-06-02 10:24:23 [self-0003-0-attack] Visible enemy tiles: 0
2026-06-02 10:24:23 [self-0003-0-attack] Tiles: 29 / 26
2026-06-02 10:24:23 [self-0003-0-attack] Map: 18 x 19 Turn: 81
2026-06-02 10:24:23 [self-0003-0-attack] Route planned: Target = 316 Mode = strategy city-free reachable tiles = 267 Fallback-Tiles = 270
2026-06-02 10:24:23 [self-0003-0-attack] Move #63: 80 -> 98 | Army: 2 | Target-Terrain: 1 | Target: 316 | Half: False
2026-06-02 10:24:23 [self-0003-0-attack] My general index: 25
2026-06-02 10:24:23 [self-0003-0-attack] Enemy general index: None
2026-06-02 10:24:23 [self-0003-0-attack] Visible enemy tiles: 0
2026-06-02 10:24:23 [self-0003-0-attack] Tiles: 29 / 26
2026-06-02 10:24:23 [self-0003-0-attack] Map: 18 x 19 Turn: 82
2026-06-02 10:24:23 [self-0003-0-attack] Route planned: Target = 316 Mode = strategy city-free reachable tiles = 267 Fallback-Tiles = 270
2026-06-02 10:24:23 [self-0003-0-attack] Priority agent: flow +6000 base = 51632 final = 57632
2026-06-02 10:24:23 [self-0003-0-attack] Move #64: 98 -> 116 | Army: 2 | Target-Terrain: -1 | Target: 316 | Half: False
2026-06-02 10:24:24 [self-0003-0-attack] My general index: 25
2026-06-02 10:24:24 [self-0003-0-attack] Enemy general index: None
2026-06-02 10:24:24 [self-0003-0-attack] Visible enemy tiles: 0
2026-06-02 10:24:24 [self-0003-0-attack] Tiles: 30 / 26
2026-06-02 10:24:24 [self-0003-0-attack] Map: 18 x 19 Turn: 83
2026-06-02 10:24:24 [self-0003-0-attack] Route planned: Target = 316 Mode = strategy city-free reachable tiles = 267 Fallback-Tiles = 270
2026-06-02 10:24:24 [self-0003-0-attack] Move #65: 27 -> 45 | Army: 10 | Target-Terrain: 1 | Target: 316 | Half: False
2026-06-02 10:24:24 [self-0003-0-attack] My general index: 25
2026-06-02 10:24:24 [self-0003-0-attack] Enemy general index: None
2026-06-02 10:24:24 [self-0003-0-attack] Visible enemy tiles: 0
2026-06-02 10:24:24 [self-0003-0-attack] Tiles: 30 / 26
2026-06-02 10:24:24 [self-0003-0-attack] Map: 18 x 19 Turn: 84
2026-06-02 10:24:24 [self-0003-0-attack] Reinforcement waypoint: 225 final target = 316 turns until reinforcement = 16
2026-06-02 10:24:24 [self-0003-0-attack] Route planned: Target = 225 Mode = reinforcement_waypoint city-free reachable tiles = 267 Fallback-Tiles = 270
2026-06-02 10:24:24 [self-0003-0-attack] Move #66: 136 -> 154 | Army: 2 | Target-Terrain: 1 | Target: 225 | Half: False
2026-06-02 10:24:25 [self-0003-0-attack] My general index: 25
2026-06-02 10:24:25 [self-0003-0-attack] Enemy general index: None
2026-06-02 10:24:25 [self-0003-0-attack] Visible enemy tiles: 1
2026-06-02 10:24:25 [self-0003-0-attack] Tiles: 30 / 27
2026-06-02 10:24:25 [self-0003-0-attack] Map: 18 x 19 Turn: 85
2026-06-02 10:24:25 [self-0003-0-attack] Reinforcement waypoint: 225 final target = 316 turns until reinforcement = 15
2026-06-02 10:24:25 [self-0003-0-attack] Route planned: Target = 225 Mode = reinforcement_waypoint city-free reachable tiles = 267 Fallback-Tiles = 270
2026-06-02 10:24:25 [self-0003-0-attack] Priority agent: flow +6000 base = 51492 final = 57492
2026-06-02 10:24:25 [self-0003-0-attack] Move #67: 154 -> 172 | Army: 2 | Target-Terrain: -1 | Target: 225 | Half: False
2026-06-02 10:24:25 [self-0003-0-attack] My general index: 25
2026-06-02 10:24:25 [self-0003-0-attack] Enemy general index: None
2026-06-02 10:24:25 [self-0003-0-attack] Visible enemy tiles: 3
2026-06-02 10:24:25 [self-0003-0-attack] Tiles: 31 / 28
2026-06-02 10:24:25 [self-0003-0-attack] Map: 18 x 19 Turn: 86
2026-06-02 10:24:25 [self-0003-0-attack] Reinforcement waypoint: 153 final target = 316 turns until reinforcement = 14
2026-06-02 10:24:25 [self-0003-0-attack] Route planned: Target = 153 Mode = reinforcement_waypoint city-free reachable tiles = 267 Fallback-Tiles = 270
2026-06-02 10:24:25 [self-0003-0-attack] Move #68: 63 -> 81 | Army: 2 | Target-Terrain: 1 | Target: 153 | Half: False
2026-06-02 10:24:26 [self-0003-0-attack] My general index: 25
2026-06-02 10:24:26 [self-0003-0-attack] Enemy general index: None
2026-06-02 10:24:26 [self-0003-0-attack] Visible enemy tiles: 4
2026-06-02 10:24:26 [self-0003-0-attack] Tiles: 31 / 29
2026-06-02 10:24:26 [self-0003-0-attack] Map: 18 x 19 Turn: 87
2026-06-02 10:24:26 [self-0003-0-attack] Reinforcement waypoint: 154 final target = 316 turns until reinforcement = 13
2026-06-02 10:24:26 [self-0003-0-attack] Route planned: Target = 154 Mode = reinforcement_waypoint city-free reachable tiles = 267 Fallback-Tiles = 270
2026-06-02 10:24:26 [self-0003-0-attack] Move #69: 60 -> 78 | Army: 2 | Target-Terrain: 1 | Target: 154 | Half: False
2026-06-02 10:24:26 [self-0003-0-attack] My general index: 25
2026-06-02 10:24:26 [self-0003-0-attack] Enemy general index: None
2026-06-02 10:24:26 [self-0003-0-attack] Visible enemy tiles: 4
2026-06-02 10:24:26 [self-0003-0-attack] Tiles: 31 / 29
2026-06-02 10:24:26 [self-0003-0-attack] Map: 18 x 19 Turn: 88
2026-06-02 10:24:26 [self-0003-0-attack] Reinforcement waypoint: 136 final target = 316 turns until reinforcement = 12
2026-06-02 10:24:26 [self-0003-0-attack] Route planned: Target = 136 Mode = reinforcement_waypoint city-free reachable tiles = 267 Fallback-Tiles = 270
2026-06-02 10:24:26 [self-0003-0-attack] Move #70: 100 -> 118 | Army: 2 | Target-Terrain: 1 | Target: 136 | Half: False
2026-06-02 10:24:27 [self-0003-0-attack] My general index: 25
2026-06-02 10:24:27 [self-0003-0-attack] Enemy general index: None
2026-06-02 10:24:27 [self-0003-0-attack] Visible enemy tiles: 4
2026-06-02 10:24:27 [self-0003-0-attack] Tiles: 31 / 29
2026-06-02 10:24:27 [self-0003-0-attack] Map: 18 x 19 Turn: 89
2026-06-02 10:24:27 [self-0003-0-attack] Reinforcement waypoint: 136 final target = 316 turns until reinforcement = 11
2026-06-02 10:24:27 [self-0003-0-attack] Route planned: Target = 136 Mode = reinforcement_waypoint city-free reachable tiles = 267 Fallback-Tiles = 270
2026-06-02 10:24:27 [self-0003-0-attack] Move #71: 25 -> 26 | Army: 9 | Target-Terrain: 1 | Target: 136 | Half: False
2026-06-02 10:24:27 [self-0003-0-attack] My general index: 25
2026-06-02 10:24:27 [self-0003-0-attack] Enemy general index: None
2026-06-02 10:24:27 [self-0003-0-attack] Visible enemy tiles: 4
2026-06-02 10:24:27 [self-0003-0-attack] Tiles: 31 / 29
2026-06-02 10:24:27 [self-0003-0-attack] Map: 18 x 19 Turn: 90
2026-06-02 10:24:27 [self-0003-0-attack] Reinforcement waypoint: 136 final target = 316 turns until reinforcement = 10
2026-06-02 10:24:27 [self-0003-0-attack] Route planned: Target = 136 Mode = reinforcement_waypoint city-free reachable tiles = 267 Fallback-Tiles = 270
2026-06-02 10:24:27 [self-0003-0-attack] Move #72: 9 -> 27 | Army: 5 | Target-Terrain: 1 | Target: 136 | Half: False
2026-06-02 10:24:28 [self-0003-0-attack] My general index: 25
2026-06-02 10:24:28 [self-0003-0-attack] Enemy general index: None
2026-06-02 10:24:28 [self-0003-0-attack] Visible enemy tiles: 4
2026-06-02 10:24:28 [self-0003-0-attack] Tiles: 31 / 29
2026-06-02 10:24:28 [self-0003-0-attack] Map: 18 x 19 Turn: 91
2026-06-02 10:24:28 [self-0003-0-attack] Reinforcement waypoint: 136 final target = 316 turns until reinforcement = 9
2026-06-02 10:24:28 [self-0003-0-attack] Route planned: Target = 136 Mode = reinforcement_waypoint city-free reachable tiles = 267 Fallback-Tiles = 270
2026-06-02 10:24:28 [self-0003-0-attack] Move #73: 81 -> 82 | Army: 3 | Target-Terrain: 1 | Target: 136 | Half: False
2026-06-02 10:24:28 [self-0003-0-attack] My general index: 25
2026-06-02 10:24:28 [self-0003-0-attack] Enemy general index: None
2026-06-02 10:24:28 [self-0003-0-attack] Visible enemy tiles: 4
2026-06-02 10:24:28 [self-0003-0-attack] Tiles: 31 / 29
2026-06-02 10:24:28 [self-0003-0-attack] Map: 18 x 19 Turn: 92
2026-06-02 10:24:28 [self-0003-0-attack] Reinforcement waypoint: 136 final target = 316 turns until reinforcement = 8
2026-06-02 10:24:28 [self-0003-0-attack] Route planned: Target = 136 Mode = reinforcement_waypoint city-free reachable tiles = 267 Fallback-Tiles = 270
2026-06-02 10:24:28 [self-0003-0-attack] Move #74: 78 -> 79 | Army: 2 | Target-Terrain: 1 | Target: 136 | Half: False
2026-06-02 10:24:29 [self-0003-0-attack] My general index: 25
2026-06-02 10:24:29 [self-0003-0-attack] Enemy general index: None
2026-06-02 10:24:29 [self-0003-0-attack] Visible enemy tiles: 4
2026-06-02 10:24:29 [self-0003-0-attack] Tiles: 31 / 29
2026-06-02 10:24:29 [self-0003-0-attack] Map: 18 x 19 Turn: 93
2026-06-02 10:24:29 [self-0003-0-attack] Reinforcement waypoint: 136 final target = 316 turns until reinforcement = 7
2026-06-02 10:24:29 [self-0003-0-attack] Route planned: Target = 136 Mode = reinforcement_waypoint city-free reachable tiles = 267 Fallback-Tiles = 270
2026-06-02 10:24:29 [self-0003-0-attack] Move #75: 118 -> 136 | Army: 2 | Target-Terrain: 1 | Target: 136 | Half: False
2026-06-02 10:24:29 [self-0003-0-attack] My general index: 25
2026-06-02 10:24:29 [self-0003-0-attack] Enemy general index: None
2026-06-02 10:24:29 [self-0003-0-attack] Visible enemy tiles: 4
2026-06-02 10:24:29 [self-0003-0-attack] Tiles: 31 / 29
2026-06-02 10:24:29 [self-0003-0-attack] Map: 18 x 19 Turn: 94
2026-06-02 10:24:29 [self-0003-0-attack] Reinforcement waypoint: 154 final target = 316 turns until reinforcement = 6
2026-06-02 10:24:29 [self-0003-0-attack] Route planned: Target = 154 Mode = reinforcement_waypoint city-free reachable tiles = 267 Fallback-Tiles = 270
2026-06-02 10:24:29 [self-0003-0-attack] Move #76: 26 -> 27 | Army: 9 | Target-Terrain: 1 | Target: 154 | Half: False
2026-06-02 10:24:30 [self-0003-0-attack] My general index: 25
2026-06-02 10:24:30 [self-0003-0-attack] Enemy general index: None
2026-06-02 10:24:30 [self-0003-0-attack] Visible enemy tiles: 4
2026-06-02 10:24:30 [self-0003-0-attack] Tiles: 31 / 29
2026-06-02 10:24:30 [self-0003-0-attack] Map: 18 x 19 Turn: 95
2026-06-02 10:24:30 [self-0003-0-attack] Reinforcement waypoint: 154 final target = 316 turns until reinforcement = 5
2026-06-02 10:24:30 [self-0003-0-attack] Route planned: Target = 154 Mode = reinforcement_waypoint city-free reachable tiles = 267 Fallback-Tiles = 270
2026-06-02 10:24:30 [self-0003-0-attack] Move #77: 45 -> 63 | Army: 10 | Target-Terrain: 1 | Target: 154 | Half: False
2026-06-02 10:24:30 [self-0003-0-attack] My general index: 25
2026-06-02 10:24:30 [self-0003-0-attack] Enemy general index: None
2026-06-02 10:24:30 [self-0003-0-attack] Visible enemy tiles: 4
2026-06-02 10:24:30 [self-0003-0-attack] Tiles: 31 / 29
2026-06-02 10:24:30 [self-0003-0-attack] Map: 18 x 19 Turn: 96
2026-06-02 10:24:30 [self-0003-0-attack] Reinforcement waypoint: 154 final target = 316 turns until reinforcement = 4
2026-06-02 10:24:30 [self-0003-0-attack] Route planned: Target = 154 Mode = reinforcement_waypoint city-free reachable tiles = 267 Fallback-Tiles = 270
2026-06-02 10:24:30 [self-0003-0-attack] Move #78: 82 -> 100 | Army: 3 | Target-Terrain: 1 | Target: 154 | Half: False
2026-06-02 10:24:31 [self-0003-0-attack] Coach: balanced tiles 31/29 army 69/69 cities 0/0 enemy_city_suspect False bias {'expansion_bias': 0.2, 'city_bias': 0.1, 'attack_bias': 0.8, 'defense_bias': 0.0, 'route_bias': 0.8}
2026-06-02 10:24:31 [self-0003-0-attack] My general index: 25
2026-06-02 10:24:31 [self-0003-0-attack] Enemy general index: None
2026-06-02 10:24:31 [self-0003-0-attack] Visible enemy tiles: 4
2026-06-02 10:24:31 [self-0003-0-attack] Tiles: 31 / 29
2026-06-02 10:24:31 [self-0003-0-attack] Map: 18 x 19 Turn: 97
2026-06-02 10:24:31 [self-0003-0-attack] Reinforcement waypoint: 154 final target = 316 turns until reinforcement = 3
2026-06-02 10:24:31 [self-0003-0-attack] Route planned: Target = 154 Mode = reinforcement_waypoint city-free reachable tiles = 267 Fallback-Tiles = 270
2026-06-02 10:24:31 [self-0003-0-attack] Move #79: 79 -> 80 | Army: 2 | Target-Terrain: 1 | Target: 154 | Half: False
2026-06-02 10:24:31 [self-0003-0-attack] My general index: 25
2026-06-02 10:24:31 [self-0003-0-attack] Enemy general index: None
2026-06-02 10:24:31 [self-0003-0-attack] Visible enemy tiles: 4
2026-06-02 10:24:31 [self-0003-0-attack] Tiles: 31 / 29
2026-06-02 10:24:31 [self-0003-0-attack] Map: 18 x 19 Turn: 98
2026-06-02 10:24:31 [self-0003-0-attack] Reinforcement waypoint: 154 final target = 316 turns until reinforcement = 2
2026-06-02 10:24:31 [self-0003-0-attack] Route planned: Target = 154 Mode = reinforcement_waypoint city-free reachable tiles = 267 Fallback-Tiles = 270
2026-06-02 10:24:31 [self-0003-0-attack] Move #80: 42 -> 60 | Army: 2 | Target-Terrain: 1 | Target: 154 | Half: False
2026-06-02 10:24:32 [self-0003-0-attack] My general index: 25
2026-06-02 10:24:32 [self-0003-0-attack] Enemy general index: None
2026-06-02 10:24:32 [self-0003-0-attack] Visible enemy tiles: 4
2026-06-02 10:24:32 [self-0003-0-attack] Tiles: 31 / 29
2026-06-02 10:24:32 [self-0003-0-attack] Map: 18 x 19 Turn: 99
2026-06-02 10:24:32 [self-0003-0-attack] Reinforcement waypoint: 154 final target = 316 turns until reinforcement = 1
2026-06-02 10:24:32 [self-0003-0-attack] Route planned: Target = 154 Mode = reinforcement_waypoint city-free reachable tiles = 267 Fallback-Tiles = 270
2026-06-02 10:24:32 [self-0003-0-attack] Move #81: 27 -> 45 | Army: 13 | Target-Terrain: 1 | Target: 154 | Half: False
2026-06-02 10:24:32 [self-0003-0-attack] My general index: 25
2026-06-02 10:24:32 [self-0003-0-attack] Enemy general index: None
2026-06-02 10:24:32 [self-0003-0-attack] Visible enemy tiles: 4
2026-06-02 10:24:32 [self-0003-0-attack] Tiles: 31 / 29
2026-06-02 10:24:32 [self-0003-0-attack] Map: 18 x 19 Turn: 100
2026-06-02 10:24:32 [self-0003-0-attack] Route planned: Target = 316 Mode = reinforcement_waypoint city-free reachable tiles = 267 Fallback-Tiles = 270
2026-06-02 10:24:32 [self-0003-0-attack] Move #82: 172 -> 190 | Army: 2 | Target-Terrain: -1 | Target: 316 | Half: False
2026-06-02 10:24:33 [self-0003-0-attack] My general index: 25
2026-06-02 10:24:33 [self-0003-0-attack] Enemy general index: None
2026-06-02 10:24:33 [self-0003-0-attack] Visible enemy tiles: 6
2026-06-02 10:24:33 [self-0003-0-attack] Tiles: 32 / 30
2026-06-02 10:24:33 [self-0003-0-attack] Map: 18 x 19 Turn: 101
2026-06-02 10:24:33 [self-0003-0-attack] Route planned: Target = 316 Mode = reinforcement_waypoint city-free reachable tiles = 267 Fallback-Tiles = 270
2026-06-02 10:24:33 [self-0003-0-attack] Move #83: 96 -> 114 | Army: 2 | Target-Terrain: -1 | Target: 316 | Half: False
2026-06-02 10:24:33 [self-0003-0-attack] My general index: 25
2026-06-02 10:24:33 [self-0003-0-attack] Enemy general index: None
2026-06-02 10:24:33 [self-0003-0-attack] Visible enemy tiles: 6
2026-06-02 10:24:33 [self-0003-0-attack] Tiles: 33 / 31
2026-06-02 10:24:33 [self-0003-0-attack] Map: 18 x 19 Turn: 102
2026-06-02 10:24:33 [self-0003-0-attack] Route planned: Target = 316 Mode = reinforcement_waypoint city-free reachable tiles = 267 Fallback-Tiles = 270
2026-06-02 10:24:33 [self-0003-0-attack] Move #84: 97 -> 115 | Army: 2 | Target-Terrain: -1 | Target: 316 | Half: False
2026-06-02 10:24:34 [self-0003-0-attack] My general index: 25
2026-06-02 10:24:34 [self-0003-0-attack] Enemy general index: None
2026-06-02 10:24:34 [self-0003-0-attack] Visible enemy tiles: 6
2026-06-02 10:24:34 [self-0003-0-attack] Tiles: 34 / 32
2026-06-02 10:24:34 [self-0003-0-attack] Map: 18 x 19 Turn: 103
2026-06-02 10:24:34 [self-0003-0-attack] Route planned: Target = 316 Mode = reinforcement_waypoint city-free reachable tiles = 267 Fallback-Tiles = 270
2026-06-02 10:24:34 [self-0003-0-attack] Move #85: 63 -> 81 | Army: 11 | Target-Terrain: 1 | Target: 316 | Half: False
2026-06-02 10:24:34 [self-0003-0-attack] My general index: 25
2026-06-02 10:24:34 [self-0003-0-attack] Enemy general index: None
2026-06-02 10:24:34 [self-0003-0-attack] Visible enemy tiles: 6
2026-06-02 10:24:34 [self-0003-0-attack] Tiles: 34 / 32
2026-06-02 10:24:34 [self-0003-0-attack] Map: 18 x 19 Turn: 104
2026-06-02 10:24:34 [self-0003-0-attack] Route planned: Target = 316 Mode = reinforcement_waypoint city-free reachable tiles = 267 Fallback-Tiles = 270
2026-06-02 10:24:34 [self-0003-0-attack] Move #86: 25 -> 26 | Army: 10 | Target-Terrain: 1 | Target: 316 | Half: False
2026-06-02 10:24:35 [self-0003-0-attack] My general index: 25
2026-06-02 10:24:35 [self-0003-0-attack] Enemy general index: None
2026-06-02 10:24:35 [self-0003-0-attack] Visible enemy tiles: 6
2026-06-02 10:24:35 [self-0003-0-attack] Tiles: 34 / 32
2026-06-02 10:24:35 [self-0003-0-attack] Map: 18 x 19 Turn: 105
2026-06-02 10:24:35 [self-0003-0-attack] Route planned: Target = 316 Mode = reinforcement_waypoint city-free reachable tiles = 267 Fallback-Tiles = 270
2026-06-02 10:24:35 [self-0003-0-attack] Move #87: 154 -> 172 | Army: 2 | Target-Terrain: 1 | Target: 316 | Half: False
2026-06-02 10:24:35 [self-0003-0-attack] My general index: 25
2026-06-02 10:24:35 [self-0003-0-attack] Enemy general index: None
2026-06-02 10:24:35 [self-0003-0-attack] Visible enemy tiles: 6
2026-06-02 10:24:35 [self-0003-0-attack] Tiles: 34 / 32
2026-06-02 10:24:35 [self-0003-0-attack] Map: 18 x 19 Turn: 106
2026-06-02 10:24:35 [self-0003-0-attack] Route planned: Target = 316 Mode = reinforcement_waypoint city-free reachable tiles = 267 Fallback-Tiles = 270
2026-06-02 10:24:35 [self-0003-0-attack] Move #88: 136 -> 154 | Army: 3 | Target-Terrain: 1 | Target: 316 | Half: False
2026-06-02 10:24:36 [self-0003-0-attack] My general index: 25
2026-06-02 10:24:36 [self-0003-0-attack] Enemy general index: None
2026-06-02 10:24:36 [self-0003-0-attack] Visible enemy tiles: 6
2026-06-02 10:24:36 [self-0003-0-attack] Tiles: 34 / 32
2026-06-02 10:24:36 [self-0003-0-attack] Map: 18 x 19 Turn: 107
2026-06-02 10:24:36 [self-0003-0-attack] Route planned: Target = 316 Mode = reinforcement_waypoint city-free reachable tiles = 267 Fallback-Tiles = 270
2026-06-02 10:24:36 [self-0003-0-attack] Priority agent: flow +6000 base = 66603 final = 72603
2026-06-02 10:24:36 [self-0003-0-attack] Move #89: 154 -> 153 | Army: 3 | Target-Terrain: 0 | Target: 316 | Half: False
2026-06-02 10:24:36 [self-0003-0-attack] My general index: 25
2026-06-02 10:24:36 [self-0003-0-attack] Enemy general index: None
2026-06-02 10:24:36 [self-0003-0-attack] Visible enemy tiles: 6
2026-06-02 10:24:36 [self-0003-0-attack] Tiles: 35 / 31
2026-06-02 10:24:36 [self-0003-0-attack] Map: 18 x 19 Turn: 108
2026-06-02 10:24:36 [self-0003-0-attack] Route planned: Target = 316 Mode = reinforcement_waypoint city-free reachable tiles = 267 Fallback-Tiles = 270
2026-06-02 10:24:36 [self-0003-0-attack] Move #90: 135 -> 153 | Army: 2 | Target-Terrain: 1 | Target: 316 | Half: False
2026-06-02 10:24:37 [self-0003-0-attack] My general index: 25
2026-06-02 10:24:37 [self-0003-0-attack] Enemy general index: None
2026-06-02 10:24:37 [self-0003-0-attack] Visible enemy tiles: 6
2026-06-02 10:24:37 [self-0003-0-attack] Tiles: 35 / 31
2026-06-02 10:24:37 [self-0003-0-attack] Map: 18 x 19 Turn: 109
2026-06-02 10:24:37 [self-0003-0-attack] Route planned: Target = 316 Mode = reinforcement_waypoint city-free reachable tiles = 267 Fallback-Tiles = 270
2026-06-02 10:24:37 [self-0003-0-attack] Move #91: 26 -> 27 | Army: 11 | Target-Terrain: 1 | Target: 316 | Half: False
2026-06-02 10:24:37 [self-0003-0-attack] My general index: 25
2026-06-02 10:24:37 [self-0003-0-attack] Enemy general index: None
2026-06-02 10:24:37 [self-0003-0-attack] Visible enemy tiles: 6
2026-06-02 10:24:37 [self-0003-0-attack] Tiles: 35 / 31
2026-06-02 10:24:37 [self-0003-0-attack] Map: 18 x 19 Turn: 110
2026-06-02 10:24:37 [self-0003-0-attack] Route planned: Target = 316 Mode = reinforcement_waypoint city-free reachable tiles = 267 Fallback-Tiles = 270
2026-06-02 10:24:37 [self-0003-0-attack] Move #92: 45 -> 63 | Army: 14 | Target-Terrain: 1 | Target: 316 | Half: False
2026-06-02 10:24:38 [self-0003-0-attack] My general index: 25
2026-06-02 10:24:38 [self-0003-0-attack] Enemy general index: None
2026-06-02 10:24:38 [self-0003-0-attack] Visible enemy tiles: 6
2026-06-02 10:24:38 [self-0003-0-attack] Tiles: 35 / 31
2026-06-02 10:24:38 [self-0003-0-attack] Map: 18 x 19 Turn: 111
2026-06-02 10:24:38 [self-0003-0-attack] Route planned: Target = 316 Mode = reinforcement_waypoint city-free reachable tiles = 267 Fallback-Tiles = 270
2026-06-02 10:24:38 [self-0003-0-attack] Move #93: 117 -> 135 | Army: 2 | Target-Terrain: 1 | Target: 316 | Half: False
2026-06-02 10:24:38 [self-0003-0-attack] My general index: 25
2026-06-02 10:24:38 [self-0003-0-attack] Enemy general index: None
2026-06-02 10:24:38 [self-0003-0-attack] Visible enemy tiles: 6
2026-06-02 10:24:38 [self-0003-0-attack] Tiles: 35 / 31
2026-06-02 10:24:38 [self-0003-0-attack] Map: 18 x 19 Turn: 112
2026-06-02 10:24:38 [self-0003-0-attack] Route planned: Target = 316 Mode = reinforcement_waypoint city-free reachable tiles = 267 Fallback-Tiles = 270
2026-06-02 10:24:38 [self-0003-0-attack] Move #94: 116 -> 117 | Army: 2 | Target-Terrain: 1 | Target: 316 | Half: False
2026-06-02 10:24:39 [self-0003-0-attack] My general index: 25
2026-06-02 10:24:39 [self-0003-0-attack] Enemy general index: None
2026-06-02 10:24:39 [self-0003-0-attack] Visible enemy tiles: 6
2026-06-02 10:24:39 [self-0003-0-attack] Tiles: 35 / 31
2026-06-02 10:24:39 [self-0003-0-attack] Map: 18 x 19 Turn: 113
2026-06-02 10:24:39 [self-0003-0-attack] Route planned: Target = 316 Mode = reinforcement_waypoint city-free reachable tiles = 267 Fallback-Tiles = 270
2026-06-02 10:24:39 [self-0003-0-attack] Move #95: 118 -> 136 | Army: 2 | Target-Terrain: 1 | Target: 316 | Half: False
2026-06-02 10:24:39 [self-0003-0-attack] My general index: 25
2026-06-02 10:24:39 [self-0003-0-attack] Enemy general index: None
2026-06-02 10:24:39 [self-0003-0-attack] Visible enemy tiles: 6
2026-06-02 10:24:39 [self-0003-0-attack] Tiles: 34 / 32
2026-06-02 10:24:39 [self-0003-0-attack] Map: 18 x 19 Turn: 114
2026-06-02 10:24:39 [self-0003-0-attack] Route planned: Target = 316 Mode = reinforcement_waypoint city-free reachable tiles = 267 Fallback-Tiles = 270
2026-06-02 10:24:39 [self-0003-0-attack] Move #96: 27 -> 45 | Army: 12 | Target-Terrain: 1 | Target: 316 | Half: False
2026-06-02 10:24:40 [self-0003-0-attack] My general index: 25
2026-06-02 10:24:40 [self-0003-0-attack] Enemy general index: None
2026-06-02 10:24:40 [self-0003-0-attack] Visible enemy tiles: 6
2026-06-02 10:24:40 [self-0003-0-attack] Tiles: 34 / 32
2026-06-02 10:24:40 [self-0003-0-attack] Map: 18 x 19 Turn: 115
2026-06-02 10:24:40 [self-0003-0-attack] Route planned: Target = 316 Mode = reinforcement_waypoint city-free reachable tiles = 267 Fallback-Tiles = 270
2026-06-02 10:24:40 [self-0003-0-attack] Move #97: 100 -> 118 | Army: 4 | Target-Terrain: 1 | Target: 316 | Half: False
2026-06-02 10:24:40 [self-0003-0-attack] My general index: 25
2026-06-02 10:24:40 [self-0003-0-attack] Enemy general index: None
2026-06-02 10:24:40 [self-0003-0-attack] Visible enemy tiles: 6
2026-06-02 10:24:40 [self-0003-0-attack] Tiles: 34 / 32
2026-06-02 10:24:40 [self-0003-0-attack] Map: 18 x 19 Turn: 116
2026-06-02 10:24:40 [self-0003-0-attack] Route planned: Target = 316 Mode = reinforcement_waypoint city-free reachable tiles = 267 Fallback-Tiles = 270
2026-06-02 10:24:40 [self-0003-0-attack] Move #98: 98 -> 116 | Army: 2 | Target-Terrain: 1 | Target: 316 | Half: False
2026-06-02 10:24:41 [self-0003-0-attack] My general index: 25
2026-06-02 10:24:41 [self-0003-0-attack] Enemy general index: None
2026-06-02 10:24:41 [self-0003-0-attack] Visible enemy tiles: 6
2026-06-02 10:24:41 [self-0003-0-attack] Tiles: 34 / 32
2026-06-02 10:24:41 [self-0003-0-attack] Map: 18 x 19 Turn: 117
2026-06-02 10:24:41 [self-0003-0-attack] Route planned: Target = 316 Mode = reinforcement_waypoint city-free reachable tiles = 267 Fallback-Tiles = 270
2026-06-02 10:24:41 [self-0003-0-attack] Move #99: 80 -> 98 | Army: 3 | Target-Terrain: 1 | Target: 316 | Half: False
2026-06-02 10:24:41 [self-0003-0-attack] My general index: 25
2026-06-02 10:24:41 [self-0003-0-attack] Enemy general index: None
2026-06-02 10:24:41 [self-0003-0-attack] Visible enemy tiles: 6
2026-06-02 10:24:41 [self-0003-0-attack] Tiles: 34 / 32
2026-06-02 10:24:41 [self-0003-0-attack] Map: 18 x 19 Turn: 118
2026-06-02 10:24:41 [self-0003-0-attack] Route planned: Target = 316 Mode = reinforcement_waypoint city-free reachable tiles = 267 Fallback-Tiles = 270
2026-06-02 10:24:41 [self-0003-0-attack] Move #100: 63 -> 81 | Army: 14 | Target-Terrain: 1 | Target: 316 | Half: False
2026-06-02 10:24:42 [self-0003-0-attack] My general index: 25
2026-06-02 10:24:42 [self-0003-0-attack] Enemy general index: None
2026-06-02 10:24:42 [self-0003-0-attack] Visible enemy tiles: 7
2026-06-02 10:24:42 [self-0003-0-attack] Tiles: 34 / 33
2026-06-02 10:24:42 [self-0003-0-attack] Map: 18 x 19 Turn: 119
2026-06-02 10:24:42 [self-0003-0-attack] Route planned: Target = 316 Mode = reinforcement_waypoint city-free reachable tiles = 267 Fallback-Tiles = 270
2026-06-02 10:24:42 [self-0003-0-attack] Move #101: 25 -> 26 | Army: 8 | Target-Terrain: 1 | Target: 316 | Half: False
2026-06-02 10:24:42 [self-0003-0-attack] My general index: 25
2026-06-02 10:24:42 [self-0003-0-attack] Enemy general index: None
2026-06-02 10:24:42 [self-0003-0-attack] Visible enemy tiles: 7
2026-06-02 10:24:42 [self-0003-0-attack] Tiles: 34 / 33
2026-06-02 10:24:42 [self-0003-0-attack] Map: 18 x 19 Turn: 120
2026-06-02 10:24:42 [self-0003-0-attack] Route planned: Target = 316 Mode = reinforcement_waypoint city-free reachable tiles = 267 Fallback-Tiles = 270
2026-06-02 10:24:42 [self-0003-0-attack] Move #102: 136 -> 135 | Army: 2 | Target-Terrain: 1 | Target: 316 | Half: False
2026-06-02 10:24:43 [self-0003-0-attack] My general index: 25
2026-06-02 10:24:43 [self-0003-0-attack] Enemy general index: None
2026-06-02 10:24:43 [self-0003-0-attack] Visible enemy tiles: 7
2026-06-02 10:24:43 [self-0003-0-attack] Tiles: 34 / 33
2026-06-02 10:24:43 [self-0003-0-attack] Map: 18 x 19 Turn: 121
2026-06-02 10:24:43 [self-0003-0-attack] Route planned: Target = 316 Mode = reinforcement_waypoint city-free reachable tiles = 267 Fallback-Tiles = 270
2026-06-02 10:24:43 [self-0003-0-attack] Priority agent: flow +6000 base = 34423 final = 40423
2026-06-02 10:24:43 [self-0003-0-attack] Move #103: 135 -> 134 | Army: 3 | Target-Terrain: 0 | Target: 316 | Half: False
2026-06-02 10:24:43 [self-0003-0-attack] My general index: 25
2026-06-02 10:24:43 [self-0003-0-attack] Enemy general index: None
2026-06-02 10:24:43 [self-0003-0-attack] Visible enemy tiles: 6
2026-06-02 10:24:43 [self-0003-0-attack] Tiles: 35 / 32
2026-06-02 10:24:43 [self-0003-0-attack] Map: 18 x 19 Turn: 122
2026-06-02 10:24:43 [self-0003-0-attack] Route planned: Target = 316 Mode = reinforcement_waypoint city-free reachable tiles = 267 Fallback-Tiles = 270
2026-06-02 10:24:43 [self-0003-0-attack] Move #104: 118 -> 117 | Army: 4 | Target-Terrain: 1 | Target: 316 | Half: False
2026-06-02 10:24:44 [self-0003-0-attack] My general index: 25
2026-06-02 10:24:44 [self-0003-0-attack] Enemy general index: None
2026-06-02 10:24:44 [self-0003-0-attack] Visible enemy tiles: 6
2026-06-02 10:24:44 [self-0003-0-attack] Tiles: 35 / 32
2026-06-02 10:24:44 [self-0003-0-attack] Map: 18 x 19 Turn: 123
2026-06-02 10:24:44 [self-0003-0-attack] Route planned: Target = 316 Mode = reinforcement_waypoint city-free reachable tiles = 267 Fallback-Tiles = 270
2026-06-02 10:24:44 [self-0003-0-attack] Move #105: 116 -> 134 | Army: 2 | Target-Terrain: 1 | Target: 316 | Half: False
2026-06-02 10:24:44 [self-0003-0-attack] My general index: 25
2026-06-02 10:24:44 [self-0003-0-attack] Enemy general index: None
2026-06-02 10:24:44 [self-0003-0-attack] Visible enemy tiles: 6
2026-06-02 10:24:44 [self-0003-0-attack] Tiles: 35 / 33
2026-06-02 10:24:44 [self-0003-0-attack] Map: 18 x 19 Turn: 124
2026-06-02 10:24:44 [self-0003-0-attack] Route planned: Target = 316 Mode = reinforcement_waypoint city-free reachable tiles = 267 Fallback-Tiles = 270
2026-06-02 10:24:44 [self-0003-0-attack] Move #106: 82 -> 100 | Army: 2 | Target-Terrain: 1 | Target: 316 | Half: False
2026-06-02 10:24:45 [self-0003-0-attack] My general index: 25
2026-06-02 10:24:45 [self-0003-0-attack] Enemy general index: None
2026-06-02 10:24:45 [self-0003-0-attack] Visible enemy tiles: 6
2026-06-02 10:24:45 [self-0003-0-attack] Tiles: 35 / 33
2026-06-02 10:24:45 [self-0003-0-attack] Map: 18 x 19 Turn: 125
2026-06-02 10:24:45 [self-0003-0-attack] Route planned: Target = 316 Mode = reinforcement_waypoint city-free reachable tiles = 267 Fallback-Tiles = 270
2026-06-02 10:24:45 [self-0003-0-attack] Move #107: 45 -> 63 | Army: 12 | Target-Terrain: 1 | Target: 316 | Half: False
2026-06-02 10:24:45 [self-0003-0-attack] My general index: 25
2026-06-02 10:24:45 [self-0003-0-attack] Enemy general index: None
2026-06-02 10:24:45 [self-0003-0-attack] Visible enemy tiles: 6
2026-06-02 10:24:45 [self-0003-0-attack] Tiles: 35 / 33
2026-06-02 10:24:45 [self-0003-0-attack] Map: 18 x 19 Turn: 126
2026-06-02 10:24:45 [self-0003-0-attack] Route planned: Target = 316 Mode = reinforcement_waypoint city-free reachable tiles = 267 Fallback-Tiles = 270
2026-06-02 10:24:45 [self-0003-0-attack] Move #108: 62 -> 80 | Army: 2 | Target-Terrain: 1 | Target: 316 | Half: False
2026-06-02 10:24:46 [self-0003-0-attack] My general index: 25
2026-06-02 10:24:46 [self-0003-0-attack] Enemy general index: None
2026-06-02 10:24:46 [self-0003-0-attack] Visible enemy tiles: 6
2026-06-02 10:24:46 [self-0003-0-attack] Tiles: 35 / 33
2026-06-02 10:24:46 [self-0003-0-attack] Map: 18 x 19 Turn: 127
2026-06-02 10:24:46 [self-0003-0-attack] Route planned: Target = 316 Mode = reinforcement_waypoint city-free reachable tiles = 267 Fallback-Tiles = 270
2026-06-02 10:24:46 [self-0003-0-attack] Move #109: 117 -> 135 | Army: 5 | Target-Terrain: 1 | Target: 316 | Half: False
2026-06-02 10:24:46 [self-0003-0-attack] My general index: 25
2026-06-02 10:24:46 [self-0003-0-attack] Enemy general index: None
2026-06-02 10:24:46 [self-0003-0-attack] Visible enemy tiles: 6
2026-06-02 10:24:46 [self-0003-0-attack] Tiles: 35 / 33
2026-06-02 10:24:46 [self-0003-0-attack] Map: 18 x 19 Turn: 128
2026-06-02 10:24:46 [self-0003-0-attack] Route planned: Target = 316 Mode = reinforcement_waypoint city-free reachable tiles = 267 Fallback-Tiles = 270
2026-06-02 10:24:46 [self-0003-0-attack] Move #110: 64 -> 82 | Army: 2 | Target-Terrain: 1 | Target: 316 | Half: False
2026-06-02 10:24:47 [self-0003-0-attack] My general index: 25
2026-06-02 10:24:47 [self-0003-0-attack] Enemy general index: None
2026-06-02 10:24:47 [self-0003-0-attack] Visible enemy tiles: 6
2026-06-02 10:24:47 [self-0003-0-attack] Tiles: 35 / 33
2026-06-02 10:24:47 [self-0003-0-attack] Map: 18 x 19 Turn: 129
2026-06-02 10:24:47 [self-0003-0-attack] Route planned: Target = 316 Mode = reinforcement_waypoint city-free reachable tiles = 267 Fallback-Tiles = 270
2026-06-02 10:24:47 [self-0003-0-attack] Move #111: 79 -> 80 | Army: 2 | Target-Terrain: 1 | Target: 316 | Half: False
2026-06-02 10:24:47 [self-0003-0-attack] My general index: 25
2026-06-02 10:24:47 [self-0003-0-attack] Enemy general index: None
2026-06-02 10:24:47 [self-0003-0-attack] Visible enemy tiles: 6
2026-06-02 10:24:47 [self-0003-0-attack] Tiles: 35 / 33
2026-06-02 10:24:47 [self-0003-0-attack] Map: 18 x 19 Turn: 130
2026-06-02 10:24:47 [self-0003-0-attack] Route planned: Target = 316 Mode = reinforcement_waypoint city-free reachable tiles = 267 Fallback-Tiles = 270
2026-06-02 10:24:47 [self-0003-0-attack] Move #112: 100 -> 118 | Army: 2 | Target-Terrain: 1 | Target: 316 | Half: False
2026-06-02 10:24:48 [self-0003-0-attack] My general index: 25
2026-06-02 10:24:48 [self-0003-0-attack] Enemy general index: None
2026-06-02 10:24:48 [self-0003-0-attack] Visible enemy tiles: 6
2026-06-02 10:24:48 [self-0003-0-attack] Tiles: 35 / 33
2026-06-02 10:24:48 [self-0003-0-attack] Map: 18 x 19 Turn: 131
2026-06-02 10:24:48 [self-0003-0-attack] Route planned: Target = 316 Mode = reinforcement_waypoint city-free reachable tiles = 267 Fallback-Tiles = 270
2026-06-02 10:24:48 [self-0003-0-attack] Move #113: 26 -> 27 | Army: 8 | Target-Terrain: 1 | Target: 316 | Half: False
2026-06-02 10:24:48 [self-0003-0-attack] My general index: 25
2026-06-02 10:24:48 [self-0003-0-attack] Enemy general index: None
2026-06-02 10:24:48 [self-0003-0-attack] Visible enemy tiles: 6
2026-06-02 10:24:48 [self-0003-0-attack] Tiles: 35 / 33
2026-06-02 10:24:48 [self-0003-0-attack] Map: 18 x 19 Turn: 132
2026-06-02 10:24:48 [self-0003-0-attack] Route planned: Target = 316 Mode = reinforcement_waypoint city-free reachable tiles = 267 Fallback-Tiles = 270
2026-06-02 10:24:48 [self-0003-0-attack] Move #114: 25 -> 43 | Army: 8 | Target-Terrain: 1 | Target: 316 | Half: False
2026-06-02 10:24:49 [self-0003-0-attack] My general index: 25
2026-06-02 10:24:49 [self-0003-0-attack] Enemy general index: None
2026-06-02 10:24:49 [self-0003-0-attack] Visible enemy tiles: 6
2026-06-02 10:24:49 [self-0003-0-attack] Tiles: 35 / 33
2026-06-02 10:24:49 [self-0003-0-attack] Map: 18 x 19 Turn: 133
2026-06-02 10:24:49 [self-0003-0-attack] Route planned: Target = 316 Mode = reinforcement_waypoint city-free reachable tiles = 267 Fallback-Tiles = 270
2026-06-02 10:24:49 [self-0003-0-attack] Move #115: 63 -> 81 | Army: 12 | Target-Terrain: 1 | Target: 316 | Half: False
2026-06-02 10:24:49 [self-0003-0-attack] My general index: 25
2026-06-02 10:24:49 [self-0003-0-attack] Enemy general index: None
2026-06-02 10:24:49 [self-0003-0-attack] Visible enemy tiles: 6
2026-06-02 10:24:49 [self-0003-0-attack] Tiles: 35 / 33
2026-06-02 10:24:49 [self-0003-0-attack] Map: 18 x 19 Turn: 134
2026-06-02 10:24:49 [self-0003-0-attack] Reinforcement waypoint: 244 final target = 316 turns until reinforcement = 16
2026-06-02 10:24:49 [self-0003-0-attack] Route planned: Target = 244 Mode = reinforcement_waypoint city-free reachable tiles = 267 Fallback-Tiles = 270
2026-06-02 10:24:49 [self-0003-0-attack] Move #116: 135 -> 153 | Army: 5 | Target-Terrain: 1 | Target: 244 | Half: False
2026-06-02 10:24:50 [self-0003-0-attack] My general index: 25
2026-06-02 10:24:50 [self-0003-0-attack] Enemy general index: None
2026-06-02 10:24:50 [self-0003-0-attack] Visible enemy tiles: 6
2026-06-02 10:24:50 [self-0003-0-attack] Tiles: 35 / 33
2026-06-02 10:24:50 [self-0003-0-attack] Map: 18 x 19 Turn: 135
2026-06-02 10:24:50 [self-0003-0-attack] Route planned: Target = 116 Mode = defense city-free reachable tiles = 267 Fallback-Tiles = 270
2026-06-02 10:24:50 [self-0003-0-attack] Move #117: 98 -> 116 | Army: 3 | Target-Terrain: 1 | Target: 116 | Half: False
2026-06-02 10:24:50 [self-0003-0-attack] My general index: 25
2026-06-02 10:24:50 [self-0003-0-attack] Enemy general index: None
2026-06-02 10:24:50 [self-0003-0-attack] Visible enemy tiles: 7
2026-06-02 10:24:50 [self-0003-0-attack] Tiles: 34 / 34
2026-06-02 10:24:50 [self-0003-0-attack] Map: 18 x 19 Turn: 136
2026-06-02 10:24:50 [self-0003-0-attack] Route planned: Target = 98 Mode = defense city-free reachable tiles = 267 Fallback-Tiles = 270
2026-06-02 10:24:50 [self-0003-0-attack] Move #118: 80 -> 98 | Army: 3 | Target-Terrain: 1 | Target: 98 | Half: False
2026-06-02 10:24:51 [self-0003-0-attack] My general index: 25
2026-06-02 10:24:51 [self-0003-0-attack] Enemy general index: None
2026-06-02 10:24:51 [self-0003-0-attack] Visible enemy tiles: 8
2026-06-02 10:24:51 [self-0003-0-attack] Tiles: 33 / 35
2026-06-02 10:24:51 [self-0003-0-attack] Map: 18 x 19 Turn: 137
2026-06-02 10:24:51 [self-0003-0-attack] Route planned: Target = 80 Mode = defense city-free reachable tiles = 267 Fallback-Tiles = 270
2026-06-02 10:24:51 [self-0003-0-attack] Move #119: 81 -> 80 | Army: 36 | Target-Terrain: 1 | Target: 80 | Half: False
2026-06-02 10:24:51 [self-0003-0-attack] My general index: 25
2026-06-02 10:24:51 [self-0003-0-attack] Enemy general index: None
2026-06-02 10:24:51 [self-0003-0-attack] Visible enemy tiles: 9
2026-06-02 10:24:51 [self-0003-0-attack] Tiles: 32 / 36
2026-06-02 10:24:51 [self-0003-0-attack] Map: 18 x 19 Turn: 138
2026-06-02 10:24:51 [self-0003-0-attack] Route planned: Target = 62 Mode = defense city-free reachable tiles = 267 Fallback-Tiles = 270
2026-06-02 10:24:51 [self-0003-0-attack] Priority agent: edge reuse -9000, flow +6000 base = 231486 final = 228486
2026-06-02 10:24:51 [self-0003-0-attack] Move #120: 80 -> 62 | Army: 36 | Target-Terrain: 1 | Target: 62 | Half: False
2026-06-02 10:24:52 [self-0003-0-attack] My general index: 25
2026-06-02 10:24:52 [self-0003-0-attack] Enemy general index: None
2026-06-02 10:24:52 [self-0003-0-attack] Visible enemy tiles: 10
2026-06-02 10:24:52 [self-0003-0-attack] Tiles: 31 / 37
2026-06-02 10:24:52 [self-0003-0-attack] Map: 18 x 19 Turn: 139
2026-06-02 10:24:52 [self-0003-0-attack] Route planned: Target = 80 Mode = defense city-free reachable tiles = 267 Fallback-Tiles = 270
2026-06-02 10:24:52 [self-0003-0-attack] Move #121: 153 -> 152 | Army: 6 | Target-Terrain: 0 | Target: 80 | Half: False
2026-06-02 10:24:52 [self-0003-0-attack] My general index: 25
2026-06-02 10:24:52 [self-0003-0-attack] Enemy general index: None
2026-06-02 10:24:52 [self-0003-0-attack] Visible enemy tiles: 11
2026-06-02 10:24:52 [self-0003-0-attack] Tiles: 31 / 37
2026-06-02 10:24:52 [self-0003-0-attack] Map: 18 x 19 Turn: 140
2026-06-02 10:24:52 [self-0003-0-attack] Route planned: Target = 43 Mode = defense city-free reachable tiles = 267 Fallback-Tiles = 270
2026-06-02 10:24:52 [self-0003-0-attack] Move #122: 42 -> 43 | Army: 2 | Target-Terrain: 1 | Target: 43 | Half: False
2026-06-02 10:24:53 [self-0003-0-attack] My general index: 25
2026-06-02 10:24:53 [self-0003-0-attack] Enemy general index: None
2026-06-02 10:24:53 [self-0003-0-attack] Visible enemy tiles: 12
2026-06-02 10:24:53 [self-0003-0-attack] Tiles: 30 / 38
2026-06-02 10:24:53 [self-0003-0-attack] Map: 18 x 19 Turn: 141
2026-06-02 10:24:53 [self-0003-0-attack] Route planned: Target = 43 Mode = defense city-free reachable tiles = 267 Fallback-Tiles = 270
2026-06-02 10:24:53 [self-0003-0-attack] Priority agent: edge reuse -9000 base = 214255 final = 205255
2026-06-02 10:24:53 [self-0003-0-attack] Move #123: 25 -> 43 | Army: 5 | Target-Terrain: 1 | Target: 43 | Half: False
2026-06-02 10:24:53 [self-0003-0-attack] My general index: 25
2026-06-02 10:24:53 [self-0003-0-attack] Enemy general index: None
2026-06-02 10:24:53 [self-0003-0-attack] Visible enemy tiles: 13
2026-06-02 10:24:53 [self-0003-0-attack] Tiles: 29 / 39
2026-06-02 10:24:53 [self-0003-0-attack] Map: 18 x 19 Turn: 142
2026-06-02 10:24:53 [self-0003-0-attack] Route planned: Target = 43 Mode = defense city-free reachable tiles = 267 Fallback-Tiles = 270
2026-06-02 10:24:53 [self-0003-0-attack] Priority agent: edge reuse -18000 base = 199752 final = 181752
2026-06-02 10:24:53 [self-0003-0-attack] Move #124: 25 -> 43 | Army: 2 | Target-Terrain: 1 | Target: 43 | Half: False
2026-06-02 10:24:54 [self-0003-0-attack] My general index: 25
2026-06-02 10:24:54 [self-0003-0-attack] Enemy general index: None
2026-06-02 10:24:54 [self-0003-0-attack] Visible enemy tiles: 13
2026-06-02 10:24:54 [self-0003-0-attack] Tiles: 29 / 39
2026-06-02 10:24:54 [self-0003-0-attack] Map: 18 x 19 Turn: 143
2026-06-02 10:24:54 [self-0003-0-attack] Route planned: Target = 43 Mode = defense city-free reachable tiles = 267 Fallback-Tiles = 270
2026-06-02 10:24:54 [self-0003-0-attack] Move #125: 7 -> 25 | Army: 2 | Target-Terrain: 1 | Target: 43 | Half: False
2026-06-02 10:24:54 [self-0003-0-attack] My general index: 25
2026-06-02 10:24:54 [self-0003-0-attack] Enemy general index: None
2026-06-02 10:24:54 [self-0003-0-attack] Visible enemy tiles: 13
2026-06-02 10:24:54 [self-0003-0-attack] Tiles: 29 / 39
2026-06-02 10:24:54 [self-0003-0-attack] Map: 18 x 19 Turn: 144
2026-06-02 10:24:54 [self-0003-0-attack] Route planned: Target = 43 Mode = defense city-free reachable tiles = 267 Fallback-Tiles = 270
2026-06-02 10:24:54 [self-0003-0-attack] Priority agent: edge reuse -27000, flow +6000 base = 201953 final = 180953
2026-06-02 10:24:54 [self-0003-0-attack] Move #126: 25 -> 43 | Army: 3 | Target-Terrain: 1 | Target: 43 | Half: False
2026-06-02 10:24:55 [self-0003-0-attack] My general index: 25
2026-06-02 10:24:55 [self-0003-0-attack] Enemy general index: None
2026-06-02 10:24:55 [self-0003-0-attack] Visible enemy tiles: 13
2026-06-02 10:24:55 [self-0003-0-attack] Tiles: 29 / 39
2026-06-02 10:24:55 [self-0003-0-attack] Map: 18 x 19 Turn: 145
2026-06-02 10:24:55 [self-0003-0-attack] Route planned: Target = 43 Mode = defense city-free reachable tiles = 267 Fallback-Tiles = 270
2026-06-02 10:24:55 [self-0003-0-attack] Move #127: 24 -> 25 | Army: 2 | Target-Terrain: 1 | Target: 43 | Half: False
2026-06-02 10:24:55 [self-0003-0-attack] My general index: 25
2026-06-02 10:24:55 [self-0003-0-attack] Enemy general index: None
2026-06-02 10:24:55 [self-0003-0-attack] Visible enemy tiles: 13
2026-06-02 10:24:55 [self-0003-0-attack] Tiles: 29 / 39
2026-06-02 10:24:55 [self-0003-0-attack] Map: 18 x 19 Turn: 146
2026-06-02 10:24:55 [self-0003-0-attack] Route planned: Target = 43 Mode = defense city-free reachable tiles = 267 Fallback-Tiles = 270
2026-06-02 10:24:55 [self-0003-0-attack] Priority agent: edge reuse -36000, flow +6000 base = 201953 final = 171953
2026-06-02 10:24:55 [self-0003-0-attack] Move #128: 25 -> 43 | Army: 3 | Target-Terrain: 1 | Target: 43 | Half: False
2026-06-02 10:24:56 [self-0003-0-attack] Coach: catch_up_expand tiles 29/39 army 108/106 cities 0/0 enemy_city_suspect False bias {'expansion_bias': 1.4, 'city_bias': 0.1, 'attack_bias': 0.8, 'defense_bias': 0.0, 'route_bias': 1.0}
2026-06-02 10:24:56 [self-0003-0-attack] My general index: 25
2026-06-02 10:24:56 [self-0003-0-attack] Enemy general index: None
2026-06-02 10:24:56 [self-0003-0-attack] Visible enemy tiles: 13
2026-06-02 10:24:56 [self-0003-0-attack] Tiles: 29 / 39
2026-06-02 10:24:56 [self-0003-0-attack] Map: 18 x 19 Turn: 147
2026-06-02 10:24:56 [self-0003-0-attack] Route planned: Target = 43 Mode = defense city-free reachable tiles = 267 Fallback-Tiles = 270
2026-06-02 10:24:56 [self-0003-0-attack] Move #129: 27 -> 26 | Army: 8 | Target-Terrain: 1 | Target: 43 | Half: False
2026-06-02 10:24:56 [self-0003-0-attack] My general index: 25
2026-06-02 10:24:56 [self-0003-0-attack] Enemy general index: None
2026-06-02 10:24:56 [self-0003-0-attack] Visible enemy tiles: 13
2026-06-02 10:24:56 [self-0003-0-attack] Tiles: 29 / 39
2026-06-02 10:24:56 [self-0003-0-attack] Map: 18 x 19 Turn: 148
2026-06-02 10:24:56 [self-0003-0-attack] Route planned: Target = 43 Mode = defense city-free reachable tiles = 267 Fallback-Tiles = 270
2026-06-02 10:24:56 [self-0003-0-attack] Priority agent: edge reuse -36000 base = 199752 final = 163752
2026-06-02 10:24:56 [self-0003-0-attack] Move #130: 25 -> 43 | Army: 2 | Target-Terrain: 1 | Target: 43 | Half: False
2026-06-02 10:24:57 [self-0003-0-attack] My general index: 25
2026-06-02 10:24:57 [self-0003-0-attack] Enemy general index: None
2026-06-02 10:24:57 [self-0003-0-attack] Visible enemy tiles: 13
2026-06-02 10:24:57 [self-0003-0-attack] Tiles: 29 / 39
2026-06-02 10:24:57 [self-0003-0-attack] Map: 18 x 19 Turn: 149
2026-06-02 10:24:57 [self-0003-0-attack] Route planned: Target = 43 Mode = defense city-free reachable tiles = 267 Fallback-Tiles = 270
2026-06-02 10:24:57 [self-0003-0-attack] Move #131: 6 -> 7 | Army: 2 | Target-Terrain: 1 | Target: 43 | Half: False
2026-06-02 10:24:57 [self-0003-0-attack] My general index: 25
2026-06-02 10:24:57 [self-0003-0-attack] Enemy general index: None
2026-06-02 10:24:57 [self-0003-0-attack] Visible enemy tiles: 13
2026-06-02 10:24:57 [self-0003-0-attack] Tiles: 29 / 39
2026-06-02 10:24:57 [self-0003-0-attack] Map: 18 x 19 Turn: 150
2026-06-02 10:24:57 [self-0003-0-attack] Route planned: Target = 43 Mode = defense city-free reachable tiles = 267 Fallback-Tiles = 270
2026-06-02 10:24:57 [self-0003-0-attack] Priority agent: edge reuse -9000 base = 220252 final = 211252
2026-06-02 10:24:57 [self-0003-0-attack] Move #132: 42 -> 43 | Army: 2 | Target-Terrain: 1 | Target: 43 | Half: False
2026-06-02 10:24:58 [self-0003-0-attack] My general index: 25
2026-06-02 10:24:58 [self-0003-0-attack] Enemy general index: None
2026-06-02 10:24:58 [self-0003-0-attack] Visible enemy tiles: 13
2026-06-02 10:24:58 [self-0003-0-attack] Tiles: 29 / 39
2026-06-02 10:24:58 [self-0003-0-attack] Map: 18 x 19 Turn: 151
2026-06-02 10:24:58 [self-0003-0-attack] Route planned: Target = 43 Mode = defense city-free reachable tiles = 267 Fallback-Tiles = 270
2026-06-02 10:24:58 [self-0003-0-attack] Priority agent: edge reuse -45000 base = 199753 final = 154753
2026-06-02 10:24:58 [self-0003-0-attack] Move #133: 25 -> 43 | Army: 3 | Target-Terrain: 1 | Target: 43 | Half: False
2026-06-02 10:24:58 [self-0003-0-attack] My general index: 25
2026-06-02 10:24:58 [self-0003-0-attack] Enemy general index: None
2026-06-02 10:24:58 [self-0003-0-attack] Visible enemy tiles: 13
2026-06-02 10:24:58 [self-0003-0-attack] Tiles: 29 / 39
2026-06-02 10:24:58 [self-0003-0-attack] Map: 18 x 19 Turn: 152
2026-06-02 10:24:58 [self-0003-0-attack] Route planned: Target = 61 Mode = defense city-free reachable tiles = 268 Fallback-Tiles = 270
2026-06-02 10:24:58 [self-0003-0-attack] Move #134: 152 -> 134 | Army: 5 | Target-Terrain: 0 | Target: 61 | Half: False
2026-06-02 10:24:59 [self-0003-0-attack] My general index: 25
2026-06-02 10:24:59 [self-0003-0-attack] Enemy general index: None
2026-06-02 10:24:59 [self-0003-0-attack] Visible enemy tiles: 12
2026-06-02 10:24:59 [self-0003-0-attack] Tiles: 30 / 38
2026-06-02 10:24:59 [self-0003-0-attack] Map: 18 x 19 Turn: 153
2026-06-02 10:24:59 [self-0003-0-attack] Route planned: Target = 61 Mode = defense city-free reachable tiles = 268 Fallback-Tiles = 270
2026-06-02 10:24:59 [self-0003-0-attack] Move #135: 81 -> 80 | Army: 2 | Target-Terrain: 1 | Target: 61 | Half: False
2026-06-02 10:24:59 [self-0003-0-attack] My general index: 25
2026-06-02 10:24:59 [self-0003-0-attack] Enemy general index: None
2026-06-02 10:24:59 [self-0003-0-attack] Visible enemy tiles: 12
2026-06-02 10:24:59 [self-0003-0-attack] Tiles: 30 / 38
2026-06-02 10:24:59 [self-0003-0-attack] Map: 18 x 19 Turn: 154
2026-06-02 10:24:59 [self-0003-0-attack] Route planned: Target = 61 Mode = defense city-free reachable tiles = 268 Fallback-Tiles = 270
2026-06-02 10:24:59 [self-0003-0-attack] Priority agent: flow +6000 base = 129563 final = 135563
2026-06-02 10:24:59 [self-0003-0-attack] Move #136: 80 -> 62 | Army: 3 | Target-Terrain: 1 | Target: 61 | Half: False
2026-06-02 10:25:00 [self-0003-0-attack] My general index: 25
2026-06-02 10:25:00 [self-0003-0-attack] Enemy general index: None
2026-06-02 10:25:00 [self-0003-0-attack] Visible enemy tiles: 12
2026-06-02 10:25:00 [self-0003-0-attack] Tiles: 30 / 38
2026-06-02 10:25:00 [self-0003-0-attack] Map: 18 x 19 Turn: 155
2026-06-02 10:25:00 [self-0003-0-attack] Route planned: Target = 61 Mode = defense city-free reachable tiles = 268 Fallback-Tiles = 270
2026-06-02 10:25:00 [self-0003-0-attack] Move #137: 172 -> 171 | Army: 3 | Target-Terrain: 0 | Target: 61 | Half: False
2026-06-02 10:25:00 [self-0003-0-attack] My general index: 25
2026-06-02 10:25:00 [self-0003-0-attack] Enemy general index: None
2026-06-02 10:25:00 [self-0003-0-attack] Visible enemy tiles: 12
2026-06-02 10:25:00 [self-0003-0-attack] Tiles: 30 / 38
2026-06-02 10:25:00 [self-0003-0-attack] Map: 18 x 19 Turn: 156
2026-06-02 10:25:00 [self-0003-0-attack] Route planned: Target = 61 Mode = defense city-free reachable tiles = 268 Fallback-Tiles = 270
2026-06-02 10:25:00 [self-0003-0-attack] Move #138: 153 -> 135 | Army: 2 | Target-Terrain: 1 | Target: 61 | Half: False
2026-06-02 10:25:01 [self-0003-0-attack] My general index: 25
2026-06-02 10:25:01 [self-0003-0-attack] Enemy general index: None
2026-06-02 10:25:01 [self-0003-0-attack] Visible enemy tiles: 12
2026-06-02 10:25:01 [self-0003-0-attack] Tiles: 30 / 38
2026-06-02 10:25:01 [self-0003-0-attack] Map: 18 x 19 Turn: 157
2026-06-02 10:25:01 [self-0003-0-attack] Route planned: Target = 61 Mode = defense city-free reachable tiles = 268 Fallback-Tiles = 270
2026-06-02 10:25:01 [self-0003-0-attack] Priority agent: flow +6000 base = 129753 final = 135753
2026-06-02 10:25:01 [self-0003-0-attack] Move #139: 135 -> 134 | Army: 3 | Target-Terrain: 1 | Target: 61 | Half: False
2026-06-02 10:25:01 [self-0003-0-attack] My general index: 25
2026-06-02 10:25:01 [self-0003-0-attack] Enemy general index: None
2026-06-02 10:25:01 [self-0003-0-attack] Visible enemy tiles: 12
2026-06-02 10:25:01 [self-0003-0-attack] Tiles: 29 / 39
2026-06-02 10:25:01 [self-0003-0-attack] Map: 18 x 19 Turn: 158
2026-06-02 10:25:01 [self-0003-0-attack] Route planned: Target = 61 Mode = defense city-free reachable tiles = 268 Fallback-Tiles = 270
2026-06-02 10:25:01 [self-0003-0-attack] Priority agent: flow +6000 base = 162793 final = 168793
2026-06-02 10:25:01 [self-0003-0-attack] Move #140: 134 -> 133 | Army: 3 | Target-Terrain: 0 | Target: 61 | Half: False
2026-06-02 10:25:02 [self-0003-0-attack] My general index: 25
2026-06-02 10:25:02 [self-0003-0-attack] Enemy general index: None
2026-06-02 10:25:02 [self-0003-0-attack] Visible enemy tiles: 11
2026-06-02 10:25:02 [self-0003-0-attack] Tiles: 29 / 39
2026-06-02 10:25:02 [self-0003-0-attack] Map: 18 x 19 Turn: 159
2026-06-02 10:25:02 [self-0003-0-attack] Route planned: Target = 61 Mode = defense city-free reachable tiles = 268 Fallback-Tiles = 270
2026-06-02 10:25:02 [self-0003-0-attack] Move #141: 136 -> 135 | Army: 2 | Target-Terrain: 1 | Target: 61 | Half: False
2026-06-02 10:25:02 [self-0003-0-attack] My general index: 25
2026-06-02 10:25:02 [self-0003-0-attack] Enemy general index: None
2026-06-02 10:25:02 [self-0003-0-attack] Visible enemy tiles: 12
2026-06-02 10:25:02 [self-0003-0-attack] Tiles: 28 / 40
2026-06-02 10:25:02 [self-0003-0-attack] Map: 18 x 19 Turn: 160
2026-06-02 10:25:02 [self-0003-0-attack] Route planned: Target = 61 Mode = defense city-free reachable tiles = 268 Fallback-Tiles = 270
2026-06-02 10:25:02 [self-0003-0-attack] Priority agent: flow +6000 base = 126302 final = 132302
2026-06-02 10:25:02 [self-0003-0-attack] Move #142: 135 -> 117 | Army: 2 | Target-Terrain: 1 | Target: 61 | Half: False
2026-06-02 10:25:03 [self-0003-0-attack] My general index: 25
2026-06-02 10:25:03 [self-0003-0-attack] Enemy general index: None
2026-06-02 10:25:03 [self-0003-0-attack] Visible enemy tiles: 9
2026-06-02 10:25:03 [self-0003-0-attack] Tiles: 27 / 41
2026-06-02 10:25:03 [self-0003-0-attack] Map: 18 x 19 Turn: 161
2026-06-02 10:25:03 [self-0003-0-attack] Route planned: Target = 61 Mode = defense city-free reachable tiles = 268 Fallback-Tiles = 270
2026-06-02 10:25:03 [self-0003-0-attack] Move #143: 63 -> 62 | Army: 2 | Target-Terrain: 1 | Target: 61 | Half: False
2026-06-02 10:25:03 [self-0003-0-attack] My general index: 25
2026-06-02 10:25:03 [self-0003-0-attack] Enemy general index: None
2026-06-02 10:25:03 [self-0003-0-attack] Visible enemy tiles: 9
2026-06-02 10:25:03 [self-0003-0-attack] Tiles: 27 / 41
2026-06-02 10:25:03 [self-0003-0-attack] Map: 18 x 19 Turn: 162
2026-06-02 10:25:03 [self-0003-0-attack] Route planned: Target = 61 Mode = defense city-free reachable tiles = 268 Fallback-Tiles = 270
2026-06-02 10:25:03 [self-0003-0-attack] Move #144: 26 -> 25 | Army: 9 | Target-Terrain: 1 | Target: 61 | Half: False
2026-06-02 10:25:04 [self-0003-0-attack] My general index: 25
2026-06-02 10:25:04 [self-0003-0-attack] Enemy general index: None
2026-06-02 10:25:04 [self-0003-0-attack] Visible enemy tiles: 9
2026-06-02 10:25:04 [self-0003-0-attack] Tiles: 27 / 41
2026-06-02 10:25:04 [self-0003-0-attack] Map: 18 x 19 Turn: 163
2026-06-02 10:25:04 [self-0003-0-attack] Route planned: Target = 61 Mode = defense city-free reachable tiles = 268 Fallback-Tiles = 270
2026-06-02 10:25:04 [self-0003-0-attack] Move #145: 7 -> 25 | Army: 3 | Target-Terrain: 1 | Target: 61 | Half: False
2026-06-02 10:25:04 [self-0003-0-attack] My general index: 25
2026-06-02 10:25:04 [self-0003-0-attack] Enemy general index: None
2026-06-02 10:25:04 [self-0003-0-attack] Visible enemy tiles: 10
2026-06-02 10:25:04 [self-0003-0-attack] Tiles: 26 / 42
2026-06-02 10:25:04 [self-0003-0-attack] Map: 18 x 19 Turn: 164
2026-06-02 10:25:04 [self-0003-0-attack] Route planned: Target = 61 Mode = defense city-free reachable tiles = 268 Fallback-Tiles = 270
2026-06-02 10:25:04 [self-0003-0-attack] Move #146: 118 -> 117 | Army: 3 | Target-Terrain: 1 | Target: 61 | Half: False
2026-06-02 10:25:05 [self-0003-0-attack] My general index: 25
2026-06-02 10:25:05 [self-0003-0-attack] Enemy general index: None
2026-06-02 10:25:05 [self-0003-0-attack] Visible enemy tiles: 10
2026-06-02 10:25:05 [self-0003-0-attack] Tiles: 26 / 42
2026-06-02 10:25:05 [self-0003-0-attack] Map: 18 x 19 Turn: 165
2026-06-02 10:25:05 [self-0003-0-attack] Route planned: Target = 61 Mode = defense city-free reachable tiles = 268 Fallback-Tiles = 270
2026-06-02 10:25:05 [self-0003-0-attack] Priority agent: flow +6000 base = 169995 final = 175995
2026-06-02 10:25:05 [self-0003-0-attack] Move #147: 117 -> 116 | Army: 5 | Target-Terrain: 0 | Target: 61 | Half: False
2026-06-02 10:25:05 [self-0003-0-attack] My general index: 25
2026-06-02 10:25:05 [self-0003-0-attack] Enemy general index: None
2026-06-02 10:25:05 [self-0003-0-attack] Visible enemy tiles: 9
2026-06-02 10:25:05 [self-0003-0-attack] Tiles: 27 / 41
2026-06-02 10:25:05 [self-0003-0-attack] Map: 18 x 19 Turn: 166
2026-06-02 10:25:05 [self-0003-0-attack] Route planned: Target = 61 Mode = defense city-free reachable tiles = 268 Fallback-Tiles = 270
2026-06-02 10:25:05 [self-0003-0-attack] Priority agent: flow +6000 base = 122232 final = 128232
2026-06-02 10:25:05 [self-0003-0-attack] Move #148: 116 -> 115 | Army: 2 | Target-Terrain: 1 | Target: 61 | Half: False
2026-06-02 10:25:06 [self-0003-0-attack] My general index: 25
2026-06-02 10:25:06 [self-0003-0-attack] Enemy general index: None
2026-06-02 10:25:06 [self-0003-0-attack] Visible enemy tiles: 9
2026-06-02 10:25:06 [self-0003-0-attack] Tiles: 27 / 41
2026-06-02 10:25:06 [self-0003-0-attack] Map: 18 x 19 Turn: 167
2026-06-02 10:25:06 [self-0003-0-attack] Route planned: Target = 61 Mode = defense city-free reachable tiles = 268 Fallback-Tiles = 270
2026-06-02 10:25:06 [self-0003-0-attack] Move #149: 25 -> 43 | Army: 19 | Target-Terrain: 1 | Target: 61 | Half: False
2026-06-02 10:25:06 [self-0003-0-attack] My general index: 25
2026-06-02 10:25:06 [self-0003-0-attack] Enemy general index: None
2026-06-02 10:25:06 [self-0003-0-attack] Visible enemy tiles: 9
2026-06-02 10:25:06 [self-0003-0-attack] Tiles: 27 / 41
2026-06-02 10:25:06 [self-0003-0-attack] Map: 18 x 19 Turn: 168
2026-06-02 10:25:06 [self-0003-0-attack] Route planned: Target = 61 Mode = defense city-free reachable tiles = 268 Fallback-Tiles = 270
2026-06-02 10:25:06 [self-0003-0-attack] Move #150: 24 -> 42 | Army: 2 | Target-Terrain: 1 | Target: 61 | Half: False
2026-06-02 10:25:07 [self-0003-0-attack] My general index: 25
2026-06-02 10:25:07 [self-0003-0-attack] Enemy general index: None
2026-06-02 10:25:07 [self-0003-0-attack] Visible enemy tiles: 9
2026-06-02 10:25:07 [self-0003-0-attack] Tiles: 27 / 41
2026-06-02 10:25:07 [self-0003-0-attack] Map: 18 x 19 Turn: 169
2026-06-02 10:25:07 [self-0003-0-attack] Route planned: Target = 61 Mode = defense city-free reachable tiles = 268 Fallback-Tiles = 270
2026-06-02 10:25:07 [self-0003-0-attack] Priority agent: flow +6000 base = 126662 final = 132662
2026-06-02 10:25:07 [self-0003-0-attack] Move #151: 42 -> 43 | Army: 2 | Target-Terrain: 1 | Target: 61 | Half: False
2026-06-02 10:25:07 [self-0003-0-attack] My general index: 25
2026-06-02 10:25:07 [self-0003-0-attack] Enemy general index: None
2026-06-02 10:25:07 [self-0003-0-attack] Visible enemy tiles: 9
2026-06-02 10:25:07 [self-0003-0-attack] Tiles: 27 / 41
2026-06-02 10:25:07 [self-0003-0-attack] Map: 18 x 19 Turn: 170
2026-06-02 10:25:07 [self-0003-0-attack] Route planned: Target = 61 Mode = defense city-free reachable tiles = 268 Fallback-Tiles = 270
2026-06-02 10:25:07 [self-0003-0-attack] Move #152: 45 -> 63 | Army: 2 | Target-Terrain: 1 | Target: 61 | Half: False
2026-06-02 10:25:08 [self-0003-0-attack] My general index: 25
2026-06-02 10:25:08 [self-0003-0-attack] Enemy general index: None
2026-06-02 10:25:08 [self-0003-0-attack] Visible enemy tiles: 9
2026-06-02 10:25:08 [self-0003-0-attack] Tiles: 27 / 41
2026-06-02 10:25:08 [self-0003-0-attack] Map: 18 x 19 Turn: 171
2026-06-02 10:25:08 [self-0003-0-attack] Route planned: Target = 61 Mode = defense city-free reachable tiles = 268 Fallback-Tiles = 270
2026-06-02 10:25:08 [self-0003-0-attack] Priority agent: edge reuse -9000, flow +6000 base = 127862 final = 124862
2026-06-02 10:25:08 [self-0003-0-attack] Move #153: 63 -> 62 | Army: 2 | Target-Terrain: 1 | Target: 61 | Half: False
2026-06-02 10:25:08 [self-0003-0-attack] My general index: 25
2026-06-02 10:25:08 [self-0003-0-attack] Enemy general index: None
2026-06-02 10:25:08 [self-0003-0-attack] Visible enemy tiles: 9
2026-06-02 10:25:08 [self-0003-0-attack] Tiles: 27 / 41
2026-06-02 10:25:08 [self-0003-0-attack] Map: 18 x 19 Turn: 172
2026-06-02 10:25:08 [self-0003-0-attack] Route planned: Target = 61 Mode = defense city-free reachable tiles = 268 Fallback-Tiles = 270
2026-06-02 10:25:08 [self-0003-0-attack] Move #154: 64 -> 63 | Army: 2 | Target-Terrain: 1 | Target: 61 | Half: False
2026-06-02 10:25:09 [self-0003-0-attack] My general index: 25
2026-06-02 10:25:09 [self-0003-0-attack] Enemy general index: None
2026-06-02 10:25:09 [self-0003-0-attack] Visible enemy tiles: 9
2026-06-02 10:25:09 [self-0003-0-attack] Tiles: 27 / 41
2026-06-02 10:25:09 [self-0003-0-attack] Map: 18 x 19 Turn: 173
2026-06-02 10:25:09 [self-0003-0-attack] Route planned: Target = 61 Mode = defense city-free reachable tiles = 268 Fallback-Tiles = 270
2026-06-02 10:25:09 [self-0003-0-attack] Move #155: 8 -> 26 | Army: 3 | Target-Terrain: 1 | Target: 61 | Half: False
2026-06-02 10:25:09 [self-0003-0-attack] My general index: 25
2026-06-02 10:25:09 [self-0003-0-attack] Enemy general index: None
2026-06-02 10:25:09 [self-0003-0-attack] Visible enemy tiles: 9
2026-06-02 10:25:09 [self-0003-0-attack] Tiles: 27 / 41
2026-06-02 10:25:09 [self-0003-0-attack] Map: 18 x 19 Turn: 174
2026-06-02 10:25:09 [self-0003-0-attack] Route planned: Target = 61 Mode = defense city-free reachable tiles = 268 Fallback-Tiles = 270
2026-06-02 10:25:09 [self-0003-0-attack] Move #156: 82 -> 81 | Army: 3 | Target-Terrain: 1 | Target: 61 | Half: False
2026-06-02 10:25:10 [self-0003-0-attack] My general index: 25
2026-06-02 10:25:10 [self-0003-0-attack] Enemy general index: None
2026-06-02 10:25:10 [self-0003-0-attack] Visible enemy tiles: 9
2026-06-02 10:25:10 [self-0003-0-attack] Tiles: 27 / 41
2026-06-02 10:25:10 [self-0003-0-attack] Map: 18 x 19 Turn: 175
2026-06-02 10:25:10 [self-0003-0-attack] Route planned: Target = 61 Mode = defense city-free reachable tiles = 268 Fallback-Tiles = 270
2026-06-02 10:25:10 [self-0003-0-attack] Priority agent: flow +6000 base = 170973 final = 176973
2026-06-02 10:25:10 [self-0003-0-attack] Move #157: 81 -> 80 | Army: 3 | Target-Terrain: 0 | Target: 61 | Half: False
2026-06-02 10:25:10 [self-0003-0-attack] My general index: 25
2026-06-02 10:25:10 [self-0003-0-attack] Enemy general index: None
2026-06-02 10:25:10 [self-0003-0-attack] Visible enemy tiles: 8
2026-06-02 10:25:10 [self-0003-0-attack] Tiles: 28 / 40
2026-06-02 10:25:10 [self-0003-0-attack] Map: 18 x 19 Turn: 176
2026-06-02 10:25:10 [self-0003-0-attack] Route planned: Target = 61 Mode = defense city-free reachable tiles = 268 Fallback-Tiles = 270
2026-06-02 10:25:10 [self-0003-0-attack] Move #158: 6 -> 7 | Army: 2 | Target-Terrain: 1 | Target: 61 | Half: False
2026-06-02 10:25:11 [self-0003-0-attack] My general index: 25
2026-06-02 10:25:11 [self-0003-0-attack] Enemy general index: None
2026-06-02 10:25:11 [self-0003-0-attack] Visible enemy tiles: 9
2026-06-02 10:25:11 [self-0003-0-attack] Tiles: 27 / 41
2026-06-02 10:25:11 [self-0003-0-attack] Map: 18 x 19 Turn: 177
2026-06-02 10:25:11 [self-0003-0-attack] Route planned: Target = 61 Mode = defense city-free reachable tiles = 268 Fallback-Tiles = 270
2026-06-02 10:25:11 [self-0003-0-attack] Move #159: 26 -> 25 | Army: 3 | Target-Terrain: 1 | Target: 61 | Half: False
2026-06-02 10:25:11 [self-0003-0-attack] My general index: 25
2026-06-02 10:25:11 [self-0003-0-attack] Enemy general index: None
2026-06-02 10:25:11 [self-0003-0-attack] Visible enemy tiles: 9
2026-06-02 10:25:11 [self-0003-0-attack] Tiles: 27 / 41
2026-06-02 10:25:11 [self-0003-0-attack] Map: 18 x 19 Turn: 178
2026-06-02 10:25:11 [self-0003-0-attack] Route planned: Target = 61 Mode = defense city-free reachable tiles = 268 Fallback-Tiles = 270
2026-06-02 10:25:11 [self-0003-0-attack] Move #160: 115 -> 97 | Army: 3 | Target-Terrain: 0 | Target: 61 | Half: False
2026-06-02 10:25:12 [self-0003-0-attack] My general index: 25
2026-06-02 10:25:12 [self-0003-0-attack] Enemy general index: None
2026-06-02 10:25:12 [self-0003-0-attack] Visible enemy tiles: 8
2026-06-02 10:25:12 [self-0003-0-attack] Tiles: 28 / 40
2026-06-02 10:25:12 [self-0003-0-attack] Map: 18 x 19 Turn: 179
2026-06-02 10:25:12 [self-0003-0-attack] Route planned: Target = 61 Mode = defense city-free reachable tiles = 268 Fallback-Tiles = 270
2026-06-02 10:25:12 [self-0003-0-attack] Move #161: 7 -> 25 | Army: 2 | Target-Terrain: 1 | Target: 61 | Half: False
2026-06-02 10:25:12 [self-0003-0-attack] My general index: 25
2026-06-02 10:25:12 [self-0003-0-attack] Enemy general index: None
2026-06-02 10:25:12 [self-0003-0-attack] Visible enemy tiles: 8
2026-06-02 10:25:12 [self-0003-0-attack] Tiles: 28 / 40
2026-06-02 10:25:12 [self-0003-0-attack] Map: 18 x 19 Turn: 180
2026-06-02 10:25:12 [self-0003-0-attack] Route planned: Target = 61 Mode = defense city-free reachable tiles = 268 Fallback-Tiles = 270
2026-06-02 10:25:12 [self-0003-0-attack] Move #162: 27 -> 45 | Army: 2 | Target-Terrain: 1 | Target: 61 | Half: False
2026-06-02 10:25:13 [self-0003-0-attack] My general index: 25
2026-06-02 10:25:13 [self-0003-0-attack] Enemy general index: None
2026-06-02 10:25:13 [self-0003-0-attack] Visible enemy tiles: 8
2026-06-02 10:25:13 [self-0003-0-attack] Tiles: 28 / 40
2026-06-02 10:25:13 [self-0003-0-attack] Map: 18 x 19 Turn: 181
2026-06-02 10:25:13 [self-0003-0-attack] Route planned: Target = 61 Mode = defense city-free reachable tiles = 268 Fallback-Tiles = 270
2026-06-02 10:25:13 [self-0003-0-attack] Move #163: 114 -> 115 | Army: 2 | Target-Terrain: 1 | Target: 61 | Half: False
2026-06-02 10:25:13 [self-0003-0-attack] My general index: 25
2026-06-02 10:25:13 [self-0003-0-attack] Enemy general index: None
2026-06-02 10:25:13 [self-0003-0-attack] Visible enemy tiles: 8
2026-06-02 10:25:13 [self-0003-0-attack] Tiles: 28 / 40
2026-06-02 10:25:13 [self-0003-0-attack] Map: 18 x 19 Turn: 182
2026-06-02 10:25:13 [self-0003-0-attack] Route planned: Target = 61 Mode = defense city-free reachable tiles = 268 Fallback-Tiles = 270
2026-06-02 10:25:13 [self-0003-0-attack] Move #164: 9 -> 27 | Army: 3 | Target-Terrain: 1 | Target: 61 | Half: False
2026-06-02 10:25:14 [self-0003-0-attack] My general index: 25
2026-06-02 10:25:14 [self-0003-0-attack] Enemy general index: None
2026-06-02 10:25:14 [self-0003-0-attack] Visible enemy tiles: 8
2026-06-02 10:25:14 [self-0003-0-attack] Tiles: 28 / 40
2026-06-02 10:25:14 [self-0003-0-attack] Map: 18 x 19 Turn: 183
2026-06-02 10:25:14 [self-0003-0-attack] Route planned: Target = 61 Mode = defense city-free reachable tiles = 268 Fallback-Tiles = 270
2026-06-02 10:25:14 [self-0003-0-attack] Priority agent: flow +6000 base = 126283 final = 132283
2026-06-02 10:25:14 [self-0003-0-attack] Move #165: 27 -> 26 | Army: 3 | Target-Terrain: 1 | Target: 61 | Half: False
2026-06-02 10:25:14 [self-0003-0-attack] My general index: 25
2026-06-02 10:25:14 [self-0003-0-attack] Enemy general index: None
2026-06-02 10:25:14 [self-0003-0-attack] Visible enemy tiles: 8
2026-06-02 10:25:14 [self-0003-0-attack] Tiles: 28 / 40
2026-06-02 10:25:14 [self-0003-0-attack] Map: 18 x 19 Turn: 184
2026-06-02 10:25:14 [self-0003-0-attack] Route planned: Target = 61 Mode = defense city-free reachable tiles = 268 Fallback-Tiles = 270
2026-06-02 10:25:14 [self-0003-0-attack] Move #166: 100 -> 82 | Army: 2 | Target-Terrain: 1 | Target: 61 | Half: False
2026-06-02 10:25:15 [self-0003-0-attack] My general index: 25
2026-06-02 10:25:15 [self-0003-0-attack] Enemy general index: None
2026-06-02 10:25:15 [self-0003-0-attack] Visible enemy tiles: 8
2026-06-02 10:25:15 [self-0003-0-attack] Tiles: 28 / 40
2026-06-02 10:25:15 [self-0003-0-attack] Map: 18 x 19 Turn: 185
2026-06-02 10:25:15 [self-0003-0-attack] Route planned: Target = 61 Mode = defense city-free reachable tiles = 268 Fallback-Tiles = 270
2026-06-02 10:25:15 [self-0003-0-attack] Priority agent: flow +6000 base = 122232 final = 128232
2026-06-02 10:25:15 [self-0003-0-attack] Move #167: 82 -> 64 | Army: 2 | Target-Terrain: 1 | Target: 61 | Half: False
2026-06-02 10:25:15 [self-0003-0-attack] My general index: 25
2026-06-02 10:25:15 [self-0003-0-attack] Enemy general index: None
2026-06-02 10:25:15 [self-0003-0-attack] Visible enemy tiles: 8
2026-06-02 10:25:15 [self-0003-0-attack] Tiles: 28 / 40
2026-06-02 10:25:15 [self-0003-0-attack] Map: 18 x 19 Turn: 186
2026-06-02 10:25:15 [self-0003-0-attack] Route planned: Target = 61 Mode = defense city-free reachable tiles = 268 Fallback-Tiles = 270
2026-06-02 10:25:15 [self-0003-0-attack] Move #168: 63 -> 62 | Army: 2 | Target-Terrain: 1 | Target: 61 | Half: False
2026-06-02 10:25:16 [self-0003-0-attack] My general index: 25
2026-06-02 10:25:16 [self-0003-0-attack] Enemy general index: None
2026-06-02 10:25:16 [self-0003-0-attack] Visible enemy tiles: 8
2026-06-02 10:25:16 [self-0003-0-attack] Tiles: 28 / 40
2026-06-02 10:25:16 [self-0003-0-attack] Map: 18 x 19 Turn: 187
2026-06-02 10:25:16 [self-0003-0-attack] Route planned: Target = 61 Mode = defense city-free reachable tiles = 268 Fallback-Tiles = 270
2026-06-02 10:25:16 [self-0003-0-attack] Move #169: 45 -> 63 | Army: 2 | Target-Terrain: 1 | Target: 61 | Half: False
2026-06-02 10:25:16 [self-0003-0-attack] My general index: 25
2026-06-02 10:25:16 [self-0003-0-attack] Enemy general index: None
2026-06-02 10:25:16 [self-0003-0-attack] Visible enemy tiles: 8
2026-06-02 10:25:16 [self-0003-0-attack] Tiles: 28 / 40
2026-06-02 10:25:16 [self-0003-0-attack] Map: 18 x 19 Turn: 188
2026-06-02 10:25:16 [self-0003-0-attack] Route planned: Target = 61 Mode = defense city-free reachable tiles = 268 Fallback-Tiles = 270
2026-06-02 10:25:16 [self-0003-0-attack] Priority agent: edge reuse -9000, flow +6000 base = 127862 final = 124862
2026-06-02 10:25:16 [self-0003-0-attack] Move #170: 63 -> 62 | Army: 2 | Target-Terrain: 1 | Target: 61 | Half: False
2026-06-02 10:25:17 [self-0003-0-attack] My general index: 25
2026-06-02 10:25:17 [self-0003-0-attack] Enemy general index: None
2026-06-02 10:25:17 [self-0003-0-attack] Visible enemy tiles: 8
2026-06-02 10:25:17 [self-0003-0-attack] Tiles: 28 / 40
2026-06-02 10:25:17 [self-0003-0-attack] Map: 18 x 19 Turn: 189
2026-06-02 10:25:17 [self-0003-0-attack] Route planned: Target = 61 Mode = defense city-free reachable tiles = 268 Fallback-Tiles = 270
2026-06-02 10:25:17 [self-0003-0-attack] Move #171: 64 -> 63 | Army: 2 | Target-Terrain: 1 | Target: 61 | Half: False
2026-06-02 10:25:17 [self-0003-0-attack] My general index: 25
2026-06-02 10:25:17 [self-0003-0-attack] Enemy general index: None
2026-06-02 10:25:17 [self-0003-0-attack] Visible enemy tiles: 8
2026-06-02 10:25:17 [self-0003-0-attack] Tiles: 28 / 40
2026-06-02 10:25:17 [self-0003-0-attack] Map: 18 x 19 Turn: 190
2026-06-02 10:25:17 [self-0003-0-attack] Route planned: Target = 61 Mode = defense city-free reachable tiles = 268 Fallback-Tiles = 270
2026-06-02 10:25:17 [self-0003-0-attack] Priority agent: edge reuse -9000 base = 124172 final = 115172
2026-06-02 10:25:17 [self-0003-0-attack] Move #172: 115 -> 97 | Army: 2 | Target-Terrain: 1 | Target: 61 | Half: False
2026-06-02 10:25:18 [self-0003-0-attack] My general index: 25
2026-06-02 10:25:18 [self-0003-0-attack] Enemy general index: None
2026-06-02 10:25:18 [self-0003-0-attack] Visible enemy tiles: 8
2026-06-02 10:25:18 [self-0003-0-attack] Tiles: 28 / 40
2026-06-02 10:25:18 [self-0003-0-attack] Map: 18 x 19 Turn: 191
2026-06-02 10:25:18 [self-0003-0-attack] Route planned: Target = 61 Mode = defense city-free reachable tiles = 268 Fallback-Tiles = 270
2026-06-02 10:25:18 [self-0003-0-attack] Priority agent: edge reuse -9000 base = 113373 final = 104373
2026-06-02 10:25:18 [self-0003-0-attack] Move #173: 26 -> 25 | Army: 3 | Target-Terrain: 1 | Target: 61 | Half: False
2026-06-02 10:25:18 [self-0003-0-attack] My general index: 25
2026-06-02 10:25:18 [self-0003-0-attack] Enemy general index: None
2026-06-02 10:25:18 [self-0003-0-attack] Visible enemy tiles: 8
2026-06-02 10:25:18 [self-0003-0-attack] Tiles: 28 / 40
2026-06-02 10:25:18 [self-0003-0-attack] Map: 18 x 19 Turn: 192
2026-06-02 10:25:18 [self-0003-0-attack] Route planned: Target = 61 Mode = defense city-free reachable tiles = 268 Fallback-Tiles = 270
2026-06-02 10:25:18 [self-0003-0-attack] Priority agent: edge reuse -18000 base = 100862 final = 82862
2026-06-02 10:25:18 [self-0003-0-attack] Move #174: 63 -> 62 | Army: 2 | Target-Terrain: 1 | Target: 61 | Half: False
2026-06-02 10:25:19 [self-0003-0-attack] My general index: 25
2026-06-02 10:25:19 [self-0003-0-attack] Enemy general index: None
2026-06-02 10:25:19 [self-0003-0-attack] Visible enemy tiles: 8
2026-06-02 10:25:19 [self-0003-0-attack] Tiles: 28 / 40
2026-06-02 10:25:19 [self-0003-0-attack] Map: 18 x 19 Turn: 193
2026-06-02 10:25:19 [self-0003-0-attack] Route planned: Target = 61 Mode = defense city-free reachable tiles = 268 Fallback-Tiles = 270
2026-06-02 10:25:19 [self-0003-0-attack] Priority agent: flow +6000 base = 43114 final = 49114
2026-06-02 10:25:19 [self-0003-0-attack] Move #175: 62 -> 80 | Army: 44 | Target-Terrain: 0 | Target: 61 | Half: False
2026-06-02 10:25:19 [self-0003-0-attack] My general index: 25
2026-06-02 10:25:19 [self-0003-0-attack] Enemy general index: None
2026-06-02 10:25:19 [self-0003-0-attack] Visible enemy tiles: 7
2026-06-02 10:25:19 [self-0003-0-attack] Tiles: 29 / 39
2026-06-02 10:25:19 [self-0003-0-attack] Map: 18 x 19 Turn: 194
2026-06-02 10:25:19 [self-0003-0-attack] Route planned: Target = 61 Mode = defense city-free reachable tiles = 268 Fallback-Tiles = 270
2026-06-02 10:25:19 [self-0003-0-attack] Priority agent: flow +6000 base = 167802 final = 173802
2026-06-02 10:25:19 [self-0003-0-attack] Move #176: 80 -> 79 | Army: 42 | Target-Terrain: 0 | Target: 61 | Half: False
2026-06-02 10:25:20 [self-0003-0-attack] My general index: 25
2026-06-02 10:25:20 [self-0003-0-attack] Enemy general index: None
2026-06-02 10:25:20 [self-0003-0-attack] Visible enemy tiles: 7
2026-06-02 10:25:20 [self-0003-0-attack] Tiles: 29 / 39
2026-06-02 10:25:20 [self-0003-0-attack] Map: 18 x 19 Turn: 195
2026-06-02 10:25:20 [self-0003-0-attack] Route planned: Target = 61 Mode = defense city-free reachable tiles = 268 Fallback-Tiles = 270
2026-06-02 10:25:20 [self-0003-0-attack] Move #177: 97 -> 79 | Army: 2 | Target-Terrain: 1 | Target: 61 | Half: False
2026-06-02 10:25:20 [self-0003-0-attack] My general index: 25
2026-06-02 10:25:20 [self-0003-0-attack] Enemy general index: None
2026-06-02 10:25:20 [self-0003-0-attack] Visible enemy tiles: 8
2026-06-02 10:25:20 [self-0003-0-attack] Tiles: 28 / 40
2026-06-02 10:25:20 [self-0003-0-attack] Map: 18 x 19 Turn: 196
2026-06-02 10:25:20 [self-0003-0-attack] Route planned: Target = 61 Mode = defense city-free reachable tiles = 268 Fallback-Tiles = 270
2026-06-02 10:25:20 [self-0003-0-attack] Priority agent: flow +6000 base = 43111 final = 49111
2026-06-02 10:25:20 [self-0003-0-attack] Move #178: 79 -> 78 | Army: 41 | Target-Terrain: 0 | Target: 61 | Half: False
2026-06-02 10:25:21 [self-0003-0-attack] Coach: catch_up_expand tiles 28/40 army 139/147 cities 0/0 enemy_city_suspect False bias {'expansion_bias': 1.4, 'city_bias': 0.1, 'attack_bias': 0.8, 'defense_bias': 0.0, 'route_bias': 1.0}
2026-06-02 10:25:21 [self-0003-0-attack] My general index: 25
2026-06-02 10:25:21 [self-0003-0-attack] Enemy general index: None
2026-06-02 10:25:21 [self-0003-0-attack] Visible enemy tiles: 8
2026-06-02 10:25:21 [self-0003-0-attack] Tiles: 28 / 40
2026-06-02 10:25:21 [self-0003-0-attack] Map: 18 x 19 Turn: 197
2026-06-02 10:25:21 [self-0003-0-attack] Route planned: Target = 61 Mode = defense city-free reachable tiles = 268 Fallback-Tiles = 270
2026-06-02 10:25:21 [self-0003-0-attack] Priority agent: flow +6000 base = 128299 final = 134299
2026-06-02 10:25:21 [self-0003-0-attack] Move #179: 78 -> 60 | Army: 39 | Target-Terrain: 1 | Target: 61 | Half: False
2026-06-02 10:25:21 [self-0003-0-attack] My general index: 25
2026-06-02 10:25:21 [self-0003-0-attack] Enemy general index: None
2026-06-02 10:25:21 [self-0003-0-attack] Visible enemy tiles: 9
2026-06-02 10:25:21 [self-0003-0-attack] Tiles: 27 / 41
2026-06-02 10:25:21 [self-0003-0-attack] Map: 18 x 19 Turn: 198
2026-06-02 10:25:21 [self-0003-0-attack] Route planned: Target = 61 Mode = defense city-free reachable tiles = 268 Fallback-Tiles = 270
2026-06-02 10:25:21 [self-0003-0-attack] Priority agent: flow +6000 base = 21412 final = 27412
2026-06-02 10:25:21 [self-0003-0-attack] Move #180: 60 -> 59 | Army: 42 | Target-Terrain: -1 | Target: 61 | Half: False
2026-06-02 10:25:22 [self-0003-0-attack] My general index: 25
2026-06-02 10:25:22 [self-0003-0-attack] Enemy general index: None
2026-06-02 10:25:22 [self-0003-0-attack] Visible enemy tiles: 9
2026-06-02 10:25:22 [self-0003-0-attack] Tiles: 28 / 42
2026-06-02 10:25:22 [self-0003-0-attack] Map: 18 x 19 Turn: 199
2026-06-02 10:25:22 [self-0003-0-attack] Route planned: Target = 61 Mode = defense city-free reachable tiles = 268 Fallback-Tiles = 270
2026-06-02 10:25:22 [self-0003-0-attack] Priority agent: reverse -35000, edge reuse -9000 base = 108301 final = 64301
2026-06-02 10:25:22 [self-0003-0-attack] Move #181: 59 -> 60 | Army: 41 | Target-Terrain: 1 | Target: 61 | Half: False
2026-06-02 10:25:22 [self-0003-0-attack] My general index: 25
2026-06-02 10:25:22 [self-0003-0-attack] Enemy general index: None
2026-06-02 10:25:22 [self-0003-0-attack] Visible enemy tiles: 9
2026-06-02 10:25:22 [self-0003-0-attack] Tiles: 28 / 43
2026-06-02 10:25:22 [self-0003-0-attack] Map: 18 x 19 Turn: 200
2026-06-02 10:25:22 [self-0003-0-attack] Route planned: Target = 61 Mode = defense city-free reachable tiles = 268 Fallback-Tiles = 270
2026-06-02 10:25:22 [self-0003-0-attack] Move #182: 114 -> 115 | Army: 2 | Target-Terrain: 1 | Target: 61 | Half: False
2026-06-02 10:25:23 [self-0003-0-attack] My general index: 25
2026-06-02 10:25:23 [self-0003-0-attack] Enemy general index: None
2026-06-02 10:25:23 [self-0003-0-attack] Visible enemy tiles: 10
2026-06-02 10:25:23 [self-0003-0-attack] Tiles: 28 / 44
2026-06-02 10:25:23 [self-0003-0-attack] Map: 18 x 19 Turn: 201
2026-06-02 10:25:23 [self-0003-0-attack] Route planned: Target = 80 Mode = defense city-free reachable tiles = 267 Fallback-Tiles = 270
2026-06-02 10:25:23 [self-0003-0-attack] Move #183: 81 -> 80 | Army: 2 | Target-Terrain: 1 | Target: 80 | Half: False
2026-06-02 10:25:23 [self-0003-0-attack] My general index: 25
2026-06-02 10:25:23 [self-0003-0-attack] Enemy general index: None
2026-06-02 10:25:23 [self-0003-0-attack] Visible enemy tiles: 10
2026-06-02 10:25:23 [self-0003-0-attack] Tiles: 28 / 44
2026-06-02 10:25:23 [self-0003-0-attack] Map: 18 x 19 Turn: 202
2026-06-02 10:25:23 [self-0003-0-attack] Route planned: Target = 80 Mode = defense city-free reachable tiles = 267 Fallback-Tiles = 270
2026-06-02 10:25:23 [self-0003-0-attack] Priority agent: edge reuse -9000 base = 218902 final = 209902
2026-06-02 10:25:23 [self-0003-0-attack] Move #184: 62 -> 80 | Army: 2 | Target-Terrain: 1 | Target: 80 | Half: False
2026-06-02 10:25:24 [self-0003-0-attack] My general index: 25
2026-06-02 10:25:24 [self-0003-0-attack] Enemy general index: None
2026-06-02 10:25:24 [self-0003-0-attack] Visible enemy tiles: 10
2026-06-02 10:25:24 [self-0003-0-attack] Tiles: 28 / 44
2026-06-02 10:25:24 [self-0003-0-attack] Map: 18 x 19 Turn: 203
2026-06-02 10:25:24 [self-0003-0-attack] Route planned: Target = 80 Mode = defense city-free reachable tiles = 267 Fallback-Tiles = 270
2026-06-02 10:25:24 [self-0003-0-attack] Priority agent: edge reuse -9000 base = 218902 final = 209902
2026-06-02 10:25:24 [self-0003-0-attack] Move #185: 79 -> 80 | Army: 2 | Target-Terrain: 1 | Target: 80 | Half: False
2026-06-02 10:25:24 [self-0003-0-attack] My general index: 25
2026-06-02 10:25:24 [self-0003-0-attack] Enemy general index: None
2026-06-02 10:25:24 [self-0003-0-attack] Visible enemy tiles: 10
2026-06-02 10:25:24 [self-0003-0-attack] Tiles: 28 / 44
2026-06-02 10:25:24 [self-0003-0-attack] Map: 18 x 19 Turn: 204
2026-06-02 10:25:24 [self-0003-0-attack] Route planned: Target = 80 Mode = defense city-free reachable tiles = 267 Fallback-Tiles = 270
2026-06-02 10:25:24 [self-0003-0-attack] Move #186: 59 -> 77 | Army: 2 | Target-Terrain: -1 | Target: 80 | Half: False
2026-06-02 10:25:25 [self-0003-0-attack] My general index: 25
2026-06-02 10:25:25 [self-0003-0-attack] Enemy general index: None
2026-06-02 10:25:25 [self-0003-0-attack] Visible enemy tiles: 10
2026-06-02 10:25:25 [self-0003-0-attack] Tiles: 29 / 44
2026-06-02 10:25:25 [self-0003-0-attack] Map: 18 x 19 Turn: 205
2026-06-02 10:25:25 [self-0003-0-attack] Route planned: Target = 80 Mode = defense city-free reachable tiles = 267 Fallback-Tiles = 270
2026-06-02 10:25:25 [self-0003-0-attack] Move #187: 133 -> 115 | Army: 2 | Target-Terrain: 1 | Target: 80 | Half: False
2026-06-02 10:25:25 [self-0003-0-attack] My general index: 25
2026-06-02 10:25:25 [self-0003-0-attack] Enemy general index: None
2026-06-02 10:25:25 [self-0003-0-attack] Visible enemy tiles: 10
2026-06-02 10:25:25 [self-0003-0-attack] Tiles: 29 / 44
2026-06-02 10:25:25 [self-0003-0-attack] Map: 18 x 19 Turn: 206
2026-06-02 10:25:25 [self-0003-0-attack] Route planned: Target = 80 Mode = defense city-free reachable tiles = 267 Fallback-Tiles = 270
2026-06-02 10:25:25 [self-0003-0-attack] Priority agent: flow +6000 base = 126374 final = 132374
2026-06-02 10:25:25 [self-0003-0-attack] Move #188: 115 -> 97 | Army: 4 | Target-Terrain: 1 | Target: 80 | Half: False
2026-06-02 10:25:26 [self-0003-0-attack] My general index: 25
2026-06-02 10:25:26 [self-0003-0-attack] Enemy general index: None
2026-06-02 10:25:26 [self-0003-0-attack] Visible enemy tiles: 10
2026-06-02 10:25:26 [self-0003-0-attack] Tiles: 29 / 44
2026-06-02 10:25:26 [self-0003-0-attack] Map: 18 x 19 Turn: 207
2026-06-02 10:25:26 [self-0003-0-attack] Route planned: Target = 80 Mode = defense city-free reachable tiles = 267 Fallback-Tiles = 270
2026-06-02 10:25:26 [self-0003-0-attack] Priority agent: flow +6000 base = 175565 final = 181565
2026-06-02 10:25:26 [self-0003-0-attack] Move #189: 97 -> 98 | Army: 5 | Target-Terrain: 0 | Target: 80 | Half: False
2026-06-02 10:25:26 [self-0003-0-attack] My general index: 25
2026-06-02 10:25:26 [self-0003-0-attack] Enemy general index: None
2026-06-02 10:25:26 [self-0003-0-attack] Visible enemy tiles: 10
2026-06-02 10:25:26 [self-0003-0-attack] Tiles: 29 / 44
2026-06-02 10:25:26 [self-0003-0-attack] Map: 18 x 19 Turn: 208
2026-06-02 10:25:26 [self-0003-0-attack] Route planned: Target = 80 Mode = defense city-free reachable tiles = 267 Fallback-Tiles = 270
2026-06-02 10:25:26 [self-0003-0-attack] Move #190: 63 -> 81 | Army: 2 | Target-Terrain: 1 | Target: 80 | Half: False
2026-06-02 10:25:27 [self-0003-0-attack] My general index: 25
2026-06-02 10:25:27 [self-0003-0-attack] Enemy general index: None
2026-06-02 10:25:27 [self-0003-0-attack] Visible enemy tiles: 10
2026-06-02 10:25:27 [self-0003-0-attack] Tiles: 29 / 44
2026-06-02 10:25:27 [self-0003-0-attack] Map: 18 x 19 Turn: 209
2026-06-02 10:25:27 [self-0003-0-attack] Route planned: Target = 80 Mode = defense city-free reachable tiles = 267 Fallback-Tiles = 270
2026-06-02 10:25:27 [self-0003-0-attack] Priority agent: edge reuse -9000, flow +6000 base = 218902 final = 215902
2026-06-02 10:25:27 [self-0003-0-attack] Move #191: 81 -> 80 | Army: 2 | Target-Terrain: 1 | Target: 80 | Half: False
2026-06-02 10:25:27 [self-0003-0-attack] My general index: 25
2026-06-02 10:25:27 [self-0003-0-attack] Enemy general index: None
2026-06-02 10:25:27 [self-0003-0-attack] Visible enemy tiles: 10
2026-06-02 10:25:27 [self-0003-0-attack] Tiles: 29 / 44
2026-06-02 10:25:27 [self-0003-0-attack] Map: 18 x 19 Turn: 210
2026-06-02 10:25:27 [self-0003-0-attack] Route planned: Target = 80 Mode = defense city-free reachable tiles = 267 Fallback-Tiles = 270
2026-06-02 10:25:27 [self-0003-0-attack] Move #192: 82 -> 81 | Army: 2 | Target-Terrain: 1 | Target: 80 | Half: False
2026-06-02 10:25:28 [self-0003-0-attack] My general index: 25
2026-06-02 10:25:28 [self-0003-0-attack] Enemy general index: None
2026-06-02 10:25:28 [self-0003-0-attack] Visible enemy tiles: 8
2026-06-02 10:25:28 [self-0003-0-attack] Tiles: 28 / 45
2026-06-02 10:25:28 [self-0003-0-attack] Map: 18 x 19 Turn: 211
2026-06-02 10:25:28 [self-0003-0-attack] Route planned: Target = 80 Mode = defense city-free reachable tiles = 267 Fallback-Tiles = 270
2026-06-02 10:25:28 [self-0003-0-attack] Priority agent: edge reuse -18000, flow +6000 base = 203902 final = 191902
2026-06-02 10:25:28 [self-0003-0-attack] Move #193: 81 -> 80 | Army: 2 | Target-Terrain: 1 | Target: 80 | Half: False
2026-06-02 10:25:28 [self-0003-0-attack] My general index: 25
2026-06-02 10:25:28 [self-0003-0-attack] Enemy general index: None
2026-06-02 10:25:28 [self-0003-0-attack] Visible enemy tiles: 8
2026-06-02 10:25:28 [self-0003-0-attack] Tiles: 28 / 45
2026-06-02 10:25:28 [self-0003-0-attack] Map: 18 x 19 Turn: 212
2026-06-02 10:25:28 [self-0003-0-attack] Route planned: Target = 80 Mode = defense city-free reachable tiles = 267 Fallback-Tiles = 270
2026-06-02 10:25:28 [self-0003-0-attack] Move #194: 45 -> 63 | Army: 2 | Target-Terrain: 1 | Target: 80 | Half: False
2026-06-02 10:25:29 [self-0003-0-attack] My general index: 25
2026-06-02 10:25:29 [self-0003-0-attack] Enemy general index: None
2026-06-02 10:25:29 [self-0003-0-attack] Visible enemy tiles: 8
2026-06-02 10:25:29 [self-0003-0-attack] Tiles: 28 / 45
2026-06-02 10:25:29 [self-0003-0-attack] Map: 18 x 19 Turn: 213
2026-06-02 10:25:29 [self-0003-0-attack] Route planned: Target = 80 Mode = defense city-free reachable tiles = 267 Fallback-Tiles = 270
2026-06-02 10:25:29 [self-0003-0-attack] Priority agent: flow +6000 base = 124262 final = 130262
2026-06-02 10:25:29 [self-0003-0-attack] Move #195: 63 -> 62 | Army: 2 | Target-Terrain: 1 | Target: 80 | Half: False
2026-06-02 10:25:29 [self-0003-0-attack] My general index: 25
2026-06-02 10:25:29 [self-0003-0-attack] Enemy general index: None
2026-06-02 10:25:29 [self-0003-0-attack] Visible enemy tiles: 8
2026-06-02 10:25:29 [self-0003-0-attack] Tiles: 28 / 45
2026-06-02 10:25:29 [self-0003-0-attack] Map: 18 x 19 Turn: 214
2026-06-02 10:25:29 [self-0003-0-attack] Route planned: Target = 80 Mode = defense city-free reachable tiles = 267 Fallback-Tiles = 270
2026-06-02 10:25:29 [self-0003-0-attack] Priority agent: edge reuse -9000, flow +6000 base = 218902 final = 215902
2026-06-02 10:25:29 [self-0003-0-attack] Move #196: 62 -> 80 | Army: 2 | Target-Terrain: 1 | Target: 80 | Half: False
2026-06-02 10:25:30 [self-0003-0-attack] My general index: 25
2026-06-02 10:25:30 [self-0003-0-attack] Enemy general index: None
2026-06-02 10:25:30 [self-0003-0-attack] Visible enemy tiles: 8
2026-06-02 10:25:30 [self-0003-0-attack] Tiles: 28 / 45
2026-06-02 10:25:30 [self-0003-0-attack] Map: 18 x 19 Turn: 215
2026-06-02 10:25:30 [self-0003-0-attack] Route planned: Target = 80 Mode = defense city-free reachable tiles = 267 Fallback-Tiles = 270
2026-06-02 10:25:30 [self-0003-0-attack] Move #197: 64 -> 63 | Army: 2 | Target-Terrain: 1 | Target: 80 | Half: False
2026-06-02 10:25:30 [self-0003-0-attack] My general index: 25
2026-06-02 10:25:30 [self-0003-0-attack] Enemy general index: None
2026-06-02 10:25:30 [self-0003-0-attack] Visible enemy tiles: 8
2026-06-02 10:25:30 [self-0003-0-attack] Tiles: 28 / 45
2026-06-02 10:25:30 [self-0003-0-attack] Map: 18 x 19 Turn: 216
2026-06-02 10:25:30 [self-0003-0-attack] Route planned: Target = 80 Mode = defense city-free reachable tiles = 267 Fallback-Tiles = 270
2026-06-02 10:25:30 [self-0003-0-attack] Move #198: 78 -> 79 | Army: 2 | Target-Terrain: 1 | Target: 80 | Half: False
2026-06-02 10:25:31 [self-0003-0-attack] My general index: 25
2026-06-02 10:25:31 [self-0003-0-attack] Enemy general index: None
2026-06-02 10:25:31 [self-0003-0-attack] Visible enemy tiles: 8
2026-06-02 10:25:31 [self-0003-0-attack] Tiles: 28 / 45
2026-06-02 10:25:31 [self-0003-0-attack] Map: 18 x 19 Turn: 217
2026-06-02 10:25:31 [self-0003-0-attack] Route planned: Target = 80 Mode = defense city-free reachable tiles = 267 Fallback-Tiles = 270
2026-06-02 10:25:31 [self-0003-0-attack] Priority agent: edge reuse -9000, flow +6000 base = 218902 final = 215902
2026-06-02 10:25:31 [self-0003-0-attack] Move #199: 79 -> 80 | Army: 2 | Target-Terrain: 1 | Target: 80 | Half: False
2026-06-02 10:25:31 [self-0003-0-attack] My general index: 25
2026-06-02 10:25:31 [self-0003-0-attack] Enemy general index: None
2026-06-02 10:25:31 [self-0003-0-attack] Visible enemy tiles: 7
2026-06-02 10:25:31 [self-0003-0-attack] Tiles: 27 / 46
2026-06-02 10:25:31 [self-0003-0-attack] Map: 18 x 19 Turn: 218
2026-06-02 10:25:31 [self-0003-0-attack] Route planned: Target = 80 Mode = defense city-free reachable tiles = 267 Fallback-Tiles = 270
2026-06-02 10:25:31 [self-0003-0-attack] Move #200: 27 -> 45 | Army: 2 | Target-Terrain: 1 | Target: 80 | Half: False
2026-06-02 10:25:32 [self-0003-0-attack] My general index: 25
2026-06-02 10:25:32 [self-0003-0-attack] Enemy general index: None
2026-06-02 10:25:32 [self-0003-0-attack] Visible enemy tiles: 7
2026-06-02 10:25:32 [self-0003-0-attack] Tiles: 27 / 46
2026-06-02 10:25:32 [self-0003-0-attack] Map: 18 x 19 Turn: 219
2026-06-02 10:25:32 [self-0003-0-attack] Route planned: Target = 80 Mode = defense city-free reachable tiles = 267 Fallback-Tiles = 270
2026-06-02 10:25:32 [self-0003-0-attack] Move #201: 42 -> 60 | Army: 2 | Target-Terrain: 1 | Target: 80 | Half: False
2026-06-02 10:25:32 [self-0003-0-attack] My general index: 25
2026-06-02 10:25:32 [self-0003-0-attack] Enemy general index: None
2026-06-02 10:25:32 [self-0003-0-attack] Visible enemy tiles: 7
2026-06-02 10:25:32 [self-0003-0-attack] Tiles: 27 / 46
2026-06-02 10:25:32 [self-0003-0-attack] Map: 18 x 19 Turn: 220
2026-06-02 10:25:32 [self-0003-0-attack] Route planned: Target = 80 Mode = defense city-free reachable tiles = 267 Fallback-Tiles = 270
2026-06-02 10:25:32 [self-0003-0-attack] Priority agent: flow +6000 base = 126363 final = 132363
2026-06-02 10:25:32 [self-0003-0-attack] Move #202: 60 -> 78 | Army: 43 | Target-Terrain: 1 | Target: 80 | Half: False
2026-06-02 10:25:33 [self-0003-0-attack] My general index: 25
2026-06-02 10:25:33 [self-0003-0-attack] Enemy general index: None
2026-06-02 10:25:33 [self-0003-0-attack] Visible enemy tiles: 7
2026-06-02 10:25:33 [self-0003-0-attack] Tiles: 27 / 46
2026-06-02 10:25:33 [self-0003-0-attack] Map: 18 x 19 Turn: 221
2026-06-02 10:25:33 [self-0003-0-attack] Route planned: Target = 80 Mode = defense city-free reachable tiles = 267 Fallback-Tiles = 270
2026-06-02 10:25:33 [self-0003-0-attack] Priority agent: edge reuse -9000, flow +6000 base = 128303 final = 125303
2026-06-02 10:25:33 [self-0003-0-attack] Move #203: 78 -> 79 | Army: 43 | Target-Terrain: 1 | Target: 80 | Half: False
2026-06-02 10:25:33 [self-0003-0-attack] My general index: 25
2026-06-02 10:25:33 [self-0003-0-attack] Enemy general index: None
2026-06-02 10:25:33 [self-0003-0-attack] Visible enemy tiles: 7
2026-06-02 10:25:33 [self-0003-0-attack] Tiles: 27 / 46
2026-06-02 10:25:33 [self-0003-0-attack] Map: 18 x 19 Turn: 222
2026-06-02 10:25:33 [self-0003-0-attack] Route planned: Target = 80 Mode = defense city-free reachable tiles = 267 Fallback-Tiles = 270
2026-06-02 10:25:33 [self-0003-0-attack] Priority agent: edge reuse -9000, flow +6000 base = 222943 final = 219943
2026-06-02 10:25:33 [self-0003-0-attack] Move #204: 79 -> 80 | Army: 43 | Target-Terrain: 1 | Target: 80 | Half: False
2026-06-02 10:25:34 [self-0003-0-attack] My general index: 25
2026-06-02 10:25:34 [self-0003-0-attack] Enemy general index: None
2026-06-02 10:25:34 [self-0003-0-attack] Visible enemy tiles: 7
2026-06-02 10:25:34 [self-0003-0-attack] Tiles: 27 / 46
2026-06-02 10:25:34 [self-0003-0-attack] Map: 18 x 19 Turn: 223
2026-06-02 10:25:34 [self-0003-0-attack] Route planned: Target = 98 Mode = defense city-free reachable tiles = 267 Fallback-Tiles = 270
2026-06-02 10:25:34 [self-0003-0-attack] Priority agent: flow +6000 base = 238001 final = 244001
2026-06-02 10:25:34 [self-0003-0-attack] Move #205: 80 -> 98 | Army: 51 | Target-Terrain: 1 | Target: 98 | Half: False
2026-06-02 10:25:34 [self-0003-0-attack] My general index: 25
2026-06-02 10:25:34 [self-0003-0-attack] Enemy general index: None
2026-06-02 10:25:34 [self-0003-0-attack] Visible enemy tiles: 7
2026-06-02 10:25:34 [self-0003-0-attack] Tiles: 27 / 46
2026-06-02 10:25:34 [self-0003-0-attack] Map: 18 x 19 Turn: 224
2026-06-02 10:25:34 [self-0003-0-attack] Route planned: Target = 80 Mode = defense city-free reachable tiles = 267 Fallback-Tiles = 270
2026-06-02 10:25:34 [self-0003-0-attack] Priority agent: reverse -35000, edge reuse -9000 base = 202951 final = 158951
2026-06-02 10:25:34 [self-0003-0-attack] Move #206: 98 -> 80 | Army: 51 | Target-Terrain: 1 | Target: 80 | Half: False
2026-06-02 10:25:35 [self-0003-0-attack] My general index: 25
2026-06-02 10:25:35 [self-0003-0-attack] Enemy general index: None
2026-06-02 10:25:35 [self-0003-0-attack] Visible enemy tiles: 7
2026-06-02 10:25:35 [self-0003-0-attack] Tiles: 27 / 46
2026-06-02 10:25:35 [self-0003-0-attack] Map: 18 x 19 Turn: 225
2026-06-02 10:25:35 [self-0003-0-attack] Route planned: Target = 98 Mode = defense city-free reachable tiles = 267 Fallback-Tiles = 270
2026-06-02 10:25:35 [self-0003-0-attack] Priority agent: reverse -35000, edge reuse -18000, flow +3000 base = 203001 final = 153001
2026-06-02 10:25:35 [self-0003-0-attack] Move #207: 80 -> 98 | Army: 51 | Target-Terrain: 1 | Target: 98 | Half: False
2026-06-02 10:25:35 [self-0003-0-attack] My general index: 25
2026-06-02 10:25:35 [self-0003-0-attack] Enemy general index: None
2026-06-02 10:25:35 [self-0003-0-attack] Visible enemy tiles: 7
2026-06-02 10:25:35 [self-0003-0-attack] Tiles: 27 / 46
2026-06-02 10:25:35 [self-0003-0-attack] Map: 18 x 19 Turn: 226
2026-06-02 10:25:35 [self-0003-0-attack] Route planned: Target = 80 Mode = defense city-free reachable tiles = 267 Fallback-Tiles = 270
2026-06-02 10:25:35 [self-0003-0-attack] Move #208: 63 -> 81 | Army: 2 | Target-Terrain: 1 | Target: 80 | Half: False
2026-06-02 10:25:36 [self-0003-0-attack] My general index: 25
2026-06-02 10:25:36 [self-0003-0-attack] Enemy general index: None
2026-06-02 10:25:36 [self-0003-0-attack] Visible enemy tiles: 7
2026-06-02 10:25:36 [self-0003-0-attack] Tiles: 27 / 46
2026-06-02 10:25:36 [self-0003-0-attack] Map: 18 x 19 Turn: 227
2026-06-02 10:25:36 [self-0003-0-attack] Route planned: Target = 80 Mode = defense city-free reachable tiles = 267 Fallback-Tiles = 270
2026-06-02 10:25:36 [self-0003-0-attack] Priority agent: flow +6000 base = 218902 final = 224902
2026-06-02 10:25:36 [self-0003-0-attack] Move #209: 81 -> 80 | Army: 2 | Target-Terrain: 1 | Target: 80 | Half: False
2026-06-02 10:25:36 [self-0003-0-attack] My general index: 25
2026-06-02 10:25:36 [self-0003-0-attack] Enemy general index: None
2026-06-02 10:25:36 [self-0003-0-attack] Visible enemy tiles: 7
2026-06-02 10:25:36 [self-0003-0-attack] Tiles: 27 / 46
2026-06-02 10:25:36 [self-0003-0-attack] Map: 18 x 19 Turn: 228
2026-06-02 10:25:36 [self-0003-0-attack] Route planned: Target = 80 Mode = defense city-free reachable tiles = 267 Fallback-Tiles = 270
2026-06-02 10:25:36 [self-0003-0-attack] Priority agent: edge reuse -27000 base = 184851 final = 157851
2026-06-02 10:25:36 [self-0003-0-attack] Move #210: 98 -> 80 | Army: 51 | Target-Terrain: 1 | Target: 80 | Half: False
2026-06-02 10:25:37 [self-0003-0-attack] My general index: 25
2026-06-02 10:25:37 [self-0003-0-attack] Enemy general index: None
2026-06-02 10:25:37 [self-0003-0-attack] Visible enemy tiles: 7
2026-06-02 10:25:37 [self-0003-0-attack] Tiles: 27 / 46
2026-06-02 10:25:37 [self-0003-0-attack] Map: 18 x 19 Turn: 229
2026-06-02 10:25:37 [self-0003-0-attack] Route planned: Target = 98 Mode = defense city-free reachable tiles = 267 Fallback-Tiles = 270
2026-06-02 10:25:37 [self-0003-0-attack] Move #211: 45 -> 63 | Army: 2 | Target-Terrain: 1 | Target: 98 | Half: False
2026-06-02 10:25:37 [self-0003-0-attack] My general index: 25
2026-06-02 10:25:37 [self-0003-0-attack] Enemy general index: None
2026-06-02 10:25:37 [self-0003-0-attack] Visible enemy tiles: 7
2026-06-02 10:25:37 [self-0003-0-attack] Tiles: 27 / 46
2026-06-02 10:25:37 [self-0003-0-attack] Map: 18 x 19 Turn: 230
2026-06-02 10:25:37 [self-0003-0-attack] Route planned: Target = 98 Mode = defense city-free reachable tiles = 267 Fallback-Tiles = 270
2026-06-02 10:25:37 [self-0003-0-attack] Priority agent: edge reuse -36000 base = 187902 final = 151902
2026-06-02 10:25:37 [self-0003-0-attack] Move #212: 80 -> 98 | Army: 52 | Target-Terrain: 1 | Target: 98 | Half: False
2026-06-02 10:25:38 [self-0003-0-attack] My general index: 25
2026-06-02 10:25:38 [self-0003-0-attack] Enemy general index: None
2026-06-02 10:25:38 [self-0003-0-attack] Visible enemy tiles: 7
2026-06-02 10:25:38 [self-0003-0-attack] Tiles: 27 / 46
2026-06-02 10:25:38 [self-0003-0-attack] Map: 18 x 19 Turn: 231
2026-06-02 10:25:38 [self-0003-0-attack] Route planned: Target = 80 Mode = defense city-free reachable tiles = 267 Fallback-Tiles = 270
2026-06-02 10:25:38 [self-0003-0-attack] Move #213: 63 -> 62 | Army: 2 | Target-Terrain: 1 | Target: 80 | Half: False
2026-06-02 10:25:38 [self-0003-0-attack] My general index: 25
2026-06-02 10:25:38 [self-0003-0-attack] Enemy general index: None
2026-06-02 10:25:38 [self-0003-0-attack] Visible enemy tiles: 7
2026-06-02 10:25:38 [self-0003-0-attack] Tiles: 27 / 46
2026-06-02 10:25:38 [self-0003-0-attack] Map: 18 x 19 Turn: 232
2026-06-02 10:25:38 [self-0003-0-attack] Route planned: Target = 80 Mode = defense city-free reachable tiles = 267 Fallback-Tiles = 270
2026-06-02 10:25:38 [self-0003-0-attack] Priority agent: flow +6000 base = 218902 final = 224902
2026-06-02 10:25:38 [self-0003-0-attack] Move #214: 62 -> 80 | Army: 2 | Target-Terrain: 1 | Target: 80 | Half: False
2026-06-02 10:25:39 [self-0003-0-attack] My general index: 25
2026-06-02 10:25:39 [self-0003-0-attack] Enemy general index: None
2026-06-02 10:25:39 [self-0003-0-attack] Visible enemy tiles: 7
2026-06-02 10:25:39 [self-0003-0-attack] Tiles: 27 / 46
2026-06-02 10:25:39 [self-0003-0-attack] Map: 18 x 19 Turn: 233
2026-06-02 10:25:39 [self-0003-0-attack] Route planned: Target = 80 Mode = defense city-free reachable tiles = 267 Fallback-Tiles = 270
2026-06-02 10:25:39 [self-0003-0-attack] Priority agent: edge reuse -45000 base = 184852 final = 139852
2026-06-02 10:25:39 [self-0003-0-attack] Move #215: 98 -> 80 | Army: 52 | Target-Terrain: 1 | Target: 80 | Half: False
2026-06-02 10:25:39 [self-0003-0-attack] My general index: 25
2026-06-02 10:25:39 [self-0003-0-attack] Enemy general index: None
2026-06-02 10:25:39 [self-0003-0-attack] Visible enemy tiles: 7
2026-06-02 10:25:39 [self-0003-0-attack] Tiles: 27 / 46
2026-06-02 10:25:39 [self-0003-0-attack] Map: 18 x 19 Turn: 234
2026-06-02 10:25:39 [self-0003-0-attack] Route planned: Target = 98 Mode = defense city-free reachable tiles = 267 Fallback-Tiles = 270
2026-06-02 10:25:39 [self-0003-0-attack] Move #216: 9 -> 27 | Army: 2 | Target-Terrain: 1 | Target: 98 | Half: False
2026-06-02 10:25:40 [self-0003-0-attack] My general index: 25
2026-06-02 10:25:40 [self-0003-0-attack] Enemy general index: None
2026-06-02 10:25:40 [self-0003-0-attack] Visible enemy tiles: 7
2026-06-02 10:25:40 [self-0003-0-attack] Tiles: 27 / 46
2026-06-02 10:25:40 [self-0003-0-attack] Map: 18 x 19 Turn: 235
2026-06-02 10:25:40 [self-0003-0-attack] Route planned: Target = 98 Mode = defense city-free reachable tiles = 267 Fallback-Tiles = 270
2026-06-02 10:25:40 [self-0003-0-attack] Priority agent: edge reuse -54000 base = 187903 final = 133903
2026-06-02 10:25:40 [self-0003-0-attack] Move #217: 80 -> 98 | Army: 53 | Target-Terrain: 1 | Target: 98 | Half: False
2026-06-02 10:25:40 [self-0003-0-attack] My general index: 25
2026-06-02 10:25:40 [self-0003-0-attack] Enemy general index: None
2026-06-02 10:25:40 [self-0003-0-attack] Visible enemy tiles: 7
2026-06-02 10:25:40 [self-0003-0-attack] Tiles: 27 / 46
2026-06-02 10:25:40 [self-0003-0-attack] Map: 18 x 19 Turn: 236
2026-06-02 10:25:40 [self-0003-0-attack] Route planned: Target = 80 Mode = defense city-free reachable tiles = 267 Fallback-Tiles = 270
2026-06-02 10:25:40 [self-0003-0-attack] Move #218: 27 -> 45 | Army: 2 | Target-Terrain: 1 | Target: 80 | Half: False
2026-06-02 10:25:41 [self-0003-0-attack] My general index: 25
2026-06-02 10:25:41 [self-0003-0-attack] Enemy general index: None
2026-06-02 10:25:41 [self-0003-0-attack] Visible enemy tiles: 7
2026-06-02 10:25:41 [self-0003-0-attack] Tiles: 27 / 46
2026-06-02 10:25:41 [self-0003-0-attack] Map: 18 x 19 Turn: 237
2026-06-02 10:25:41 [self-0003-0-attack] Route planned: Target = 80 Mode = defense city-free reachable tiles = 267 Fallback-Tiles = 270
2026-06-02 10:25:41 [self-0003-0-attack] Move #219: 24 -> 42 | Army: 2 | Target-Terrain: 1 | Target: 80 | Half: False
2026-06-02 10:25:41 [self-0003-0-attack] My general index: 25
2026-06-02 10:25:41 [self-0003-0-attack] Enemy general index: None
2026-06-02 10:25:41 [self-0003-0-attack] Visible enemy tiles: 7
2026-06-02 10:25:41 [self-0003-0-attack] Tiles: 27 / 46
2026-06-02 10:25:41 [self-0003-0-attack] Map: 18 x 19 Turn: 238
2026-06-02 10:25:41 [self-0003-0-attack] Route planned: Target = 80 Mode = defense city-free reachable tiles = 267 Fallback-Tiles = 270
2026-06-02 10:25:41 [self-0003-0-attack] Priority agent: edge reuse -54000 base = 184853 final = 130853
2026-06-02 10:25:41 [self-0003-0-attack] Move #220: 98 -> 80 | Army: 53 | Target-Terrain: 1 | Target: 80 | Half: False
2026-06-02 10:25:42 [self-0003-0-attack] My general index: 25
2026-06-02 10:25:42 [self-0003-0-attack] Enemy general index: None
2026-06-02 10:25:42 [self-0003-0-attack] Visible enemy tiles: 7
2026-06-02 10:25:42 [self-0003-0-attack] Tiles: 27 / 46
2026-06-02 10:25:42 [self-0003-0-attack] Map: 18 x 19 Turn: 239
2026-06-02 10:25:42 [self-0003-0-attack] Route planned: Target = 98 Mode = defense city-free reachable tiles = 267 Fallback-Tiles = 270
2026-06-02 10:25:42 [self-0003-0-attack] Move #221: 42 -> 60 | Army: 2 | Target-Terrain: 1 | Target: 98 | Half: False
2026-06-02 10:25:42 [self-0003-0-attack] My general index: 25
2026-06-02 10:25:42 [self-0003-0-attack] Enemy general index: None
2026-06-02 10:25:42 [self-0003-0-attack] Visible enemy tiles: 7
2026-06-02 10:25:42 [self-0003-0-attack] Tiles: 27 / 46
2026-06-02 10:25:42 [self-0003-0-attack] Map: 18 x 19 Turn: 240
2026-06-02 10:25:42 [self-0003-0-attack] Route planned: Target = 98 Mode = defense city-free reachable tiles = 267 Fallback-Tiles = 270
2026-06-02 10:25:42 [self-0003-0-attack] Priority agent: edge reuse -45000 base = 187903 final = 142903
2026-06-02 10:25:42 [self-0003-0-attack] Move #222: 80 -> 98 | Army: 53 | Target-Terrain: 1 | Target: 98 | Half: False
2026-06-02 10:25:43 [self-0003-0-attack] My general index: 25
2026-06-02 10:25:43 [self-0003-0-attack] Enemy general index: None
2026-06-02 10:25:43 [self-0003-0-attack] Visible enemy tiles: 7
2026-06-02 10:25:43 [self-0003-0-attack] Tiles: 27 / 46
2026-06-02 10:25:43 [self-0003-0-attack] Map: 18 x 19 Turn: 241
2026-06-02 10:25:43 [self-0003-0-attack] Route planned: Target = 80 Mode = defense city-free reachable tiles = 267 Fallback-Tiles = 270
2026-06-02 10:25:43 [self-0003-0-attack] Move #223: 6 -> 24 | Army: 2 | Target-Terrain: 1 | Target: 80 | Half: False
2026-06-02 10:25:43 [self-0003-0-attack] My general index: 25
2026-06-02 10:25:43 [self-0003-0-attack] Enemy general index: None
2026-06-02 10:25:43 [self-0003-0-attack] Visible enemy tiles: 7
2026-06-02 10:25:43 [self-0003-0-attack] Tiles: 27 / 46
2026-06-02 10:25:43 [self-0003-0-attack] Map: 18 x 19 Turn: 242
2026-06-02 10:25:43 [self-0003-0-attack] Route planned: Target = 80 Mode = defense city-free reachable tiles = 267 Fallback-Tiles = 270
2026-06-02 10:25:43 [self-0003-0-attack] Priority agent: edge reuse -54000 base = 184853 final = 130853
2026-06-02 10:25:43 [self-0003-0-attack] Move #224: 98 -> 80 | Army: 53 | Target-Terrain: 1 | Target: 80 | Half: False
2026-06-02 10:25:44 [self-0003-0-attack] My general index: 25
2026-06-02 10:25:44 [self-0003-0-attack] Enemy general index: None
2026-06-02 10:25:44 [self-0003-0-attack] Visible enemy tiles: 7
2026-06-02 10:25:44 [self-0003-0-attack] Tiles: 27 / 46
2026-06-02 10:25:44 [self-0003-0-attack] Map: 18 x 19 Turn: 243
2026-06-02 10:25:44 [self-0003-0-attack] Route planned: Target = 98 Mode = defense city-free reachable tiles = 267 Fallback-Tiles = 270
2026-06-02 10:25:44 [self-0003-0-attack] Move #225: 60 -> 78 | Army: 2 | Target-Terrain: 1 | Target: 98 | Half: False
2026-06-02 10:25:44 [self-0003-0-attack] My general index: 25
2026-06-02 10:25:44 [self-0003-0-attack] Enemy general index: None
2026-06-02 10:25:44 [self-0003-0-attack] Visible enemy tiles: 7
2026-06-02 10:25:44 [self-0003-0-attack] Tiles: 27 / 46
2026-06-02 10:25:44 [self-0003-0-attack] Map: 18 x 19 Turn: 244
2026-06-02 10:25:44 [self-0003-0-attack] Route planned: Target = 98 Mode = defense city-free reachable tiles = 267 Fallback-Tiles = 270
2026-06-02 10:25:44 [self-0003-0-attack] Priority agent: edge reuse -54000 base = 187903 final = 133903
2026-06-02 10:25:44 [self-0003-0-attack] Move #226: 80 -> 98 | Army: 53 | Target-Terrain: 1 | Target: 98 | Half: False
2026-06-02 10:25:45 [self-0003-0-attack] My general index: 25
2026-06-02 10:25:45 [self-0003-0-attack] Enemy general index: None
2026-06-02 10:25:45 [self-0003-0-attack] Visible enemy tiles: 7
2026-06-02 10:25:45 [self-0003-0-attack] Tiles: 27 / 46
2026-06-02 10:25:45 [self-0003-0-attack] Map: 18 x 19 Turn: 245
2026-06-02 10:25:45 [self-0003-0-attack] Route planned: Target = 80 Mode = defense city-free reachable tiles = 267 Fallback-Tiles = 270
2026-06-02 10:25:45 [self-0003-0-attack] Move #227: 45 -> 63 | Army: 2 | Target-Terrain: 1 | Target: 80 | Half: False
2026-06-02 10:25:45 [self-0003-0-attack] My general index: 25
2026-06-02 10:25:45 [self-0003-0-attack] Enemy general index: None
2026-06-02 10:25:45 [self-0003-0-attack] Visible enemy tiles: 7
2026-06-02 10:25:45 [self-0003-0-attack] Tiles: 27 / 46
2026-06-02 10:25:45 [self-0003-0-attack] Map: 18 x 19 Turn: 246
2026-06-02 10:25:45 [self-0003-0-attack] Route planned: Target = 80 Mode = defense city-free reachable tiles = 267 Fallback-Tiles = 270
2026-06-02 10:25:45 [self-0003-0-attack] Priority agent: flow +6000 base = 130262 final = 136262
2026-06-02 10:25:45 [self-0003-0-attack] Move #228: 63 -> 81 | Army: 2 | Target-Terrain: 1 | Target: 80 | Half: False
2026-06-02 10:25:46 [self-0003-0-attack] Coach: catch_up_expand tiles 27/46 army 184/207 cities 0/0 enemy_city_suspect False bias {'expansion_bias': 1.4, 'city_bias': 0.1, 'attack_bias': 0.8, 'defense_bias': 0.0, 'route_bias': 1.0}
2026-06-02 10:25:46 [self-0003-0-attack] My general index: 25
2026-06-02 10:25:46 [self-0003-0-attack] Enemy general index: None
2026-06-02 10:25:46 [self-0003-0-attack] Visible enemy tiles: 7
2026-06-02 10:25:46 [self-0003-0-attack] Tiles: 27 / 46
2026-06-02 10:25:46 [self-0003-0-attack] Map: 18 x 19 Turn: 247
2026-06-02 10:25:46 [self-0003-0-attack] Route planned: Target = 80 Mode = defense city-free reachable tiles = 267 Fallback-Tiles = 270
2026-06-02 10:25:46 [self-0003-0-attack] Priority agent: flow +6000 base = 218902 final = 224902
2026-06-02 10:25:46 [self-0003-0-attack] Move #229: 81 -> 80 | Army: 2 | Target-Terrain: 1 | Target: 80 | Half: False
2026-06-02 10:25:46 [self-0003-0-attack] My general index: 25
2026-06-02 10:25:46 [self-0003-0-attack] Enemy general index: None
2026-06-02 10:25:46 [self-0003-0-attack] Visible enemy tiles: 7
2026-06-02 10:25:46 [self-0003-0-attack] Tiles: 27 / 46
2026-06-02 10:25:46 [self-0003-0-attack] Map: 18 x 19 Turn: 248
2026-06-02 10:25:46 [self-0003-0-attack] Route planned: Target = 80 Mode = defense city-free reachable tiles = 267 Fallback-Tiles = 270
2026-06-02 10:25:46 [self-0003-0-attack] Priority agent: edge reuse -45000 base = 184853 final = 139853
2026-06-02 10:25:46 [self-0003-0-attack] Move #230: 98 -> 80 | Army: 53 | Target-Terrain: 1 | Target: 80 | Half: False
2026-06-02 10:25:47 [self-0003-0-attack] My general index: 25
2026-06-02 10:25:47 [self-0003-0-attack] Enemy general index: None
2026-06-02 10:25:47 [self-0003-0-attack] Visible enemy tiles: 7
2026-06-02 10:25:47 [self-0003-0-attack] Tiles: 27 / 46
2026-06-02 10:25:47 [self-0003-0-attack] Map: 18 x 19 Turn: 249
2026-06-02 10:25:47 [self-0003-0-attack] Route planned: Target = 63 Mode = defense city-free reachable tiles = 267 Fallback-Tiles = 270
2026-06-02 10:25:47 [self-0003-0-attack] Priority agent: flow +6000 base = 128314 final = 134314
2026-06-02 10:25:47 [self-0003-0-attack] Move #231: 80 -> 62 | Army: 54 | Target-Terrain: 1 | Target: 63 | Half: False
2026-06-02 10:25:47 [self-0003-0-attack] My general index: 25
2026-06-02 10:25:47 [self-0003-0-attack] Enemy general index: None
2026-06-02 10:25:47 [self-0003-0-attack] Visible enemy tiles: 7
2026-06-02 10:25:47 [self-0003-0-attack] Tiles: 27 / 46
2026-06-02 10:25:47 [self-0003-0-attack] Map: 18 x 19 Turn: 250
2026-06-02 10:25:47 [self-0003-0-attack] Route planned: Target = 80 Mode = defense city-free reachable tiles = 267 Fallback-Tiles = 270
2026-06-02 10:25:47 [self-0003-0-attack] Move #232: 79 -> 80 | Army: 2 | Target-Terrain: 1 | Target: 80 | Half: False
2026-06-02 10:25:48 [self-0003-0-attack] My general index: 25
2026-06-02 10:25:48 [self-0003-0-attack] Enemy general index: None
2026-06-02 10:25:48 [self-0003-0-attack] Visible enemy tiles: 7
2026-06-02 10:25:48 [self-0003-0-attack] Tiles: 27 / 46
2026-06-02 10:25:48 [self-0003-0-attack] Map: 18 x 19 Turn: 251
2026-06-02 10:25:48 [self-0003-0-attack] Route planned: Target = 80 Mode = defense city-free reachable tiles = 267 Fallback-Tiles = 270
2026-06-02 10:25:48 [self-0003-0-attack] Priority agent: edge reuse -9000 base = 218902 final = 209902
2026-06-02 10:25:48 [self-0003-0-attack] Move #233: 81 -> 80 | Army: 2 | Target-Terrain: 1 | Target: 80 | Half: False
2026-06-02 10:25:48 [self-0003-0-attack] My general index: 25
2026-06-02 10:25:48 [self-0003-0-attack] Enemy general index: None
2026-06-02 10:25:48 [self-0003-0-attack] Visible enemy tiles: 8
2026-06-02 10:25:48 [self-0003-0-attack] Tiles: 27 / 47
2026-06-02 10:25:48 [self-0003-0-attack] Map: 18 x 19 Turn: 252
2026-06-02 10:25:48 [self-0003-0-attack] Route planned: Target = 80 Mode = defense city-free reachable tiles = 267 Fallback-Tiles = 270
2026-06-02 10:25:48 [self-0003-0-attack] Priority agent: edge reuse -9000 base = 199855 final = 190855
2026-06-02 10:25:48 [self-0003-0-attack] Move #234: 62 -> 80 | Army: 55 | Target-Terrain: 1 | Target: 80 | Half: False
2026-06-02 10:25:49 [self-0003-0-attack] My general index: 25
2026-06-02 10:25:49 [self-0003-0-attack] Enemy general index: None
2026-06-02 10:25:49 [self-0003-0-attack] Visible enemy tiles: 8
2026-06-02 10:25:49 [self-0003-0-attack] Tiles: 27 / 47
2026-06-02 10:25:49 [self-0003-0-attack] Map: 18 x 19 Turn: 253
2026-06-02 10:25:49 [self-0003-0-attack] Route planned: Target = 63 Mode = defense city-free reachable tiles = 267 Fallback-Tiles = 270
2026-06-02 10:25:49 [self-0003-0-attack] Move #235: 64 -> 63 | Army: 2 | Target-Terrain: 1 | Target: 63 | Half: False
2026-06-02 10:25:49 [self-0003-0-attack] My general index: 25
2026-06-02 10:25:49 [self-0003-0-attack] Enemy general index: None
2026-06-02 10:25:49 [self-0003-0-attack] Visible enemy tiles: 9
2026-06-02 10:25:49 [self-0003-0-attack] Tiles: 26 / 48
2026-06-02 10:25:49 [self-0003-0-attack] Map: 18 x 19 Turn: 254
2026-06-02 10:25:49 [self-0003-0-attack] Route planned: Target = 62 Mode = defense city-free reachable tiles = 267 Fallback-Tiles = 270
2026-06-02 10:25:49 [self-0003-0-attack] Priority agent: flow +6000 base = 228953 final = 234953
2026-06-02 10:25:49 [self-0003-0-attack] Move #236: 63 -> 62 | Army: 3 | Target-Terrain: 1 | Target: 62 | Half: False
2026-06-02 10:25:50 [self-0003-0-attack] My general index: 25
2026-06-02 10:25:50 [self-0003-0-attack] Enemy general index: None
2026-06-02 10:25:50 [self-0003-0-attack] Visible enemy tiles: 9
2026-06-02 10:25:50 [self-0003-0-attack] Tiles: 26 / 48
2026-06-02 10:25:50 [self-0003-0-attack] Map: 18 x 19 Turn: 255
2026-06-02 10:25:50 [self-0003-0-attack] Route planned: Target = 62 Mode = defense city-free reachable tiles = 267 Fallback-Tiles = 270
2026-06-02 10:25:50 [self-0003-0-attack] Priority agent: edge reuse -18000 base = 180708 final = 162708
2026-06-02 10:25:50 [self-0003-0-attack] Move #237: 80 -> 62 | Army: 58 | Target-Terrain: 1 | Target: 62 | Half: False
2026-06-02 10:25:50 [self-0003-0-attack] My general index: 25
2026-06-02 10:25:50 [self-0003-0-attack] Enemy general index: None
2026-06-02 10:25:50 [self-0003-0-attack] Visible enemy tiles: 9
2026-06-02 10:25:50 [self-0003-0-attack] Tiles: 26 / 48
2026-06-02 10:25:50 [self-0003-0-attack] Map: 18 x 19 Turn: 256
2026-06-02 10:25:50 [self-0003-0-attack] Route planned: Target = 80 Mode = defense city-free reachable tiles = 267 Fallback-Tiles = 270
2026-06-02 10:25:50 [self-0003-0-attack] Move #238: 82 -> 81 | Army: 2 | Target-Terrain: 1 | Target: 80 | Half: False
2026-06-02 10:25:51 [self-0003-0-attack] My general index: 25
2026-06-02 10:25:51 [self-0003-0-attack] Enemy general index: None
2026-06-02 10:25:51 [self-0003-0-attack] Visible enemy tiles: 9
2026-06-02 10:25:51 [self-0003-0-attack] Tiles: 26 / 48
2026-06-02 10:25:51 [self-0003-0-attack] Map: 18 x 19 Turn: 257
2026-06-02 10:25:51 [self-0003-0-attack] Route planned: Target = 80 Mode = defense city-free reachable tiles = 267 Fallback-Tiles = 270
2026-06-02 10:25:51 [self-0003-0-attack] Priority agent: edge reuse -18000, flow +6000 base = 207502 final = 195502
2026-06-02 10:25:51 [self-0003-0-attack] Move #239: 81 -> 80 | Army: 2 | Target-Terrain: 1 | Target: 80 | Half: False
2026-06-02 10:25:51 [self-0003-0-attack] My general index: 25
2026-06-02 10:25:51 [self-0003-0-attack] Enemy general index: None
2026-06-02 10:25:51 [self-0003-0-attack] Visible enemy tiles: 9
2026-06-02 10:25:51 [self-0003-0-attack] Tiles: 26 / 48
2026-06-02 10:25:51 [self-0003-0-attack] Map: 18 x 19 Turn: 258
2026-06-02 10:25:51 [self-0003-0-attack] Route planned: Target = 80 Mode = defense city-free reachable tiles = 267 Fallback-Tiles = 270
2026-06-02 10:25:51 [self-0003-0-attack] Priority agent: edge reuse -27000 base = 188460 final = 161460
2026-06-02 10:25:51 [self-0003-0-attack] Move #240: 62 -> 80 | Army: 60 | Target-Terrain: 1 | Target: 80 | Half: False
2026-06-02 10:25:52 [self-0003-0-attack] My general index: 25
2026-06-02 10:25:52 [self-0003-0-attack] Enemy general index: None
2026-06-02 10:25:52 [self-0003-0-attack] Visible enemy tiles: 9
2026-06-02 10:25:52 [self-0003-0-attack] Tiles: 26 / 48
2026-06-02 10:25:52 [self-0003-0-attack] Map: 18 x 19 Turn: 259
2026-06-02 10:25:52 [self-0003-0-attack] Route planned: Target = 62 Mode = defense city-free reachable tiles = 267 Fallback-Tiles = 270
2026-06-02 10:25:52 [self-0003-0-attack] Move #241: 78 -> 79 | Army: 3 | Target-Terrain: 1 | Target: 62 | Half: False
2026-06-02 10:25:52 [self-0003-0-attack] My general index: 25
2026-06-02 10:25:52 [self-0003-0-attack] Enemy general index: None
2026-06-02 10:25:52 [self-0003-0-attack] Visible enemy tiles: 9
2026-06-02 10:25:52 [self-0003-0-attack] Tiles: 26 / 48
2026-06-02 10:25:52 [self-0003-0-attack] Map: 18 x 19 Turn: 260
2026-06-02 10:25:52 [self-0003-0-attack] Route planned: Target = 62 Mode = defense city-free reachable tiles = 267 Fallback-Tiles = 270
2026-06-02 10:25:52 [self-0003-0-attack] Priority agent: edge reuse -36000 base = 180711 final = 144711
2026-06-02 10:25:52 [self-0003-0-attack] Move #242: 80 -> 62 | Army: 61 | Target-Terrain: 1 | Target: 62 | Half: False
2026-06-02 10:25:53 [self-0003-0-attack] My general index: 25
2026-06-02 10:25:53 [self-0003-0-attack] Enemy general index: None
2026-06-02 10:25:53 [self-0003-0-attack] Visible enemy tiles: 9
2026-06-02 10:25:53 [self-0003-0-attack] Tiles: 26 / 48
2026-06-02 10:25:53 [self-0003-0-attack] Map: 18 x 19 Turn: 261
2026-06-02 10:25:53 [self-0003-0-attack] Route planned: Target = 80 Mode = defense city-free reachable tiles = 267 Fallback-Tiles = 270
2026-06-02 10:25:53 [self-0003-0-attack] Priority agent: edge reuse -9000 base = 222503 final = 213503
2026-06-02 10:25:53 [self-0003-0-attack] Move #243: 79 -> 80 | Army: 3 | Target-Terrain: 1 | Target: 80 | Half: False
2026-06-02 10:25:53 [self-0003-0-attack] My general index: 25
2026-06-02 10:25:53 [self-0003-0-attack] Enemy general index: None
2026-06-02 10:25:53 [self-0003-0-attack] Visible enemy tiles: 9
2026-06-02 10:25:53 [self-0003-0-attack] Tiles: 26 / 48
2026-06-02 10:25:53 [self-0003-0-attack] Map: 18 x 19 Turn: 262
2026-06-02 10:25:53 [self-0003-0-attack] Route planned: Target = 80 Mode = defense city-free reachable tiles = 267 Fallback-Tiles = 270
2026-06-02 10:25:53 [self-0003-0-attack] Priority agent: edge reuse -45000 base = 188461 final = 143461
2026-06-02 10:25:53 [self-0003-0-attack] Move #244: 62 -> 80 | Army: 61 | Target-Terrain: 1 | Target: 80 | Half: False
2026-06-02 10:25:54 [self-0003-0-attack] My general index: 25
2026-06-02 10:25:54 [self-0003-0-attack] Enemy general index: None
2026-06-02 10:25:54 [self-0003-0-attack] Visible enemy tiles: 8
2026-06-02 10:25:54 [self-0003-0-attack] Tiles: 25 / 49
2026-06-02 10:25:54 [self-0003-0-attack] Map: 18 x 19 Turn: 263
2026-06-02 10:25:54 [self-0003-0-attack] Route planned: Target = 62 Mode = defense city-free reachable tiles = 267 Fallback-Tiles = 270
2026-06-02 10:25:54 [self-0003-0-attack] Move #245: 45 -> 63 | Army: 2 | Target-Terrain: 1 | Target: 62 | Half: False
2026-06-02 10:25:54 [self-0003-0-attack] My general index: 25
2026-06-02 10:25:54 [self-0003-0-attack] Enemy general index: None
2026-06-02 10:25:54 [self-0003-0-attack] Visible enemy tiles: 9
2026-06-02 10:25:54 [self-0003-0-attack] Tiles: 24 / 50
2026-06-02 10:25:54 [self-0003-0-attack] Map: 18 x 19 Turn: 264
2026-06-02 10:25:54 [self-0003-0-attack] Route planned: Target = 62 Mode = defense city-free reachable tiles = 267 Fallback-Tiles = 270
2026-06-02 10:25:54 [self-0003-0-attack] Priority agent: edge reuse -9000, flow +6000 base = 214752 final = 211752
2026-06-02 10:25:54 [self-0003-0-attack] Move #246: 63 -> 62 | Army: 2 | Target-Terrain: 1 | Target: 62 | Half: False
2026-06-02 10:25:55 [self-0003-0-attack] My general index: 25
2026-06-02 10:25:55 [self-0003-0-attack] Enemy general index: None
2026-06-02 10:25:55 [self-0003-0-attack] Visible enemy tiles: 9
2026-06-02 10:25:55 [self-0003-0-attack] Tiles: 24 / 50
2026-06-02 10:25:55 [self-0003-0-attack] Map: 18 x 19 Turn: 265
2026-06-02 10:25:55 [self-0003-0-attack] Route planned: Target = 62 Mode = defense city-free reachable tiles = 267 Fallback-Tiles = 270
2026-06-02 10:25:55 [self-0003-0-attack] Priority agent: edge reuse -45000 base = 180713 final = 135713
2026-06-02 10:25:55 [self-0003-0-attack] Move #247: 80 -> 62 | Army: 63 | Target-Terrain: 1 | Target: 62 | Half: False
2026-06-02 10:25:55 [self-0003-0-attack] My general index: 25
2026-06-02 10:25:55 [self-0003-0-attack] Enemy general index: None
2026-06-02 10:25:55 [self-0003-0-attack] Visible enemy tiles: 9
2026-06-02 10:25:55 [self-0003-0-attack] Tiles: 24 / 50
2026-06-02 10:25:55 [self-0003-0-attack] Map: 18 x 19 Turn: 266
2026-06-02 10:25:55 [self-0003-0-attack] Route planned: Target = 80 Mode = defense city-free reachable tiles = 267 Fallback-Tiles = 270
2026-06-02 10:25:55 [self-0003-0-attack] Move #248: 97 -> 79 | Army: 2 | Target-Terrain: 1 | Target: 80 | Half: False
2026-06-02 10:25:56 [self-0003-0-attack] My general index: 25
2026-06-02 10:25:56 [self-0003-0-attack] Enemy general index: None
2026-06-02 10:25:56 [self-0003-0-attack] Visible enemy tiles: 9
2026-06-02 10:25:56 [self-0003-0-attack] Tiles: 24 / 50
2026-06-02 10:25:56 [self-0003-0-attack] Map: 18 x 19 Turn: 267
2026-06-02 10:25:56 [self-0003-0-attack] Route planned: Target = 80 Mode = defense city-free reachable tiles = 267 Fallback-Tiles = 270
2026-06-02 10:25:56 [self-0003-0-attack] Priority agent: edge reuse -9000, flow +6000 base = 222502 final = 219502
2026-06-02 10:25:56 [self-0003-0-attack] Move #249: 79 -> 80 | Army: 2 | Target-Terrain: 1 | Target: 80 | Half: False
2026-06-02 10:25:56 [self-0003-0-attack] My general index: 25
2026-06-02 10:25:56 [self-0003-0-attack] Enemy general index: None
2026-06-02 10:25:56 [self-0003-0-attack] Visible enemy tiles: 10
2026-06-02 10:25:56 [self-0003-0-attack] Tiles: 23 / 51
2026-06-02 10:25:56 [self-0003-0-attack] Map: 18 x 19 Turn: 268
2026-06-02 10:25:56 [self-0003-0-attack] Route planned: Target = 80 Mode = defense city-free reachable tiles = 267 Fallback-Tiles = 270
2026-06-02 10:25:56 [self-0003-0-attack] Priority agent: edge reuse -45000 base = 227914 final = 182914
2026-06-02 10:25:56 [self-0003-0-attack] Move #250: 62 -> 80 | Army: 64 | Target-Terrain: 0 | Target: 80 | Half: False
2026-06-02 10:25:57 [self-0003-0-attack] My general index: 25
2026-06-02 10:25:57 [self-0003-0-attack] Enemy general index: None
2026-06-02 10:25:57 [self-0003-0-attack] Visible enemy tiles: 9
2026-06-02 10:25:57 [self-0003-0-attack] Tiles: 24 / 50
2026-06-02 10:25:57 [self-0003-0-attack] Map: 18 x 19 Turn: 269
2026-06-02 10:25:57 [self-0003-0-attack] Route planned: Target = 62 Mode = defense city-free reachable tiles = 267 Fallback-Tiles = 270
2026-06-02 10:25:57 [self-0003-0-attack] Move #251: 27 -> 45 | Army: 2 | Target-Terrain: 1 | Target: 62 | Half: False
2026-06-02 10:25:57 [self-0003-0-attack] My general index: 25
2026-06-02 10:25:57 [self-0003-0-attack] Enemy general index: None
2026-06-02 10:25:57 [self-0003-0-attack] Visible enemy tiles: 9
2026-06-02 10:25:57 [self-0003-0-attack] Tiles: 24 / 50
2026-06-02 10:25:57 [self-0003-0-attack] Map: 18 x 19 Turn: 270
2026-06-02 10:25:57 [self-0003-0-attack] Route planned: Target = 62 Mode = defense city-free reachable tiles = 267 Fallback-Tiles = 270
2026-06-02 10:25:57 [self-0003-0-attack] Priority agent: edge reuse -45000 base = 184292 final = 139292
2026-06-02 10:25:57 [self-0003-0-attack] Move #252: 80 -> 62 | Army: 42 | Target-Terrain: 1 | Target: 62 | Half: False
2026-06-02 10:25:58 [self-0003-0-attack] My general index: 25
2026-06-02 10:25:58 [self-0003-0-attack] Enemy general index: None
2026-06-02 10:25:58 [self-0003-0-attack] Visible enemy tiles: 9
2026-06-02 10:25:58 [self-0003-0-attack] Tiles: 24 / 50
2026-06-02 10:25:58 [self-0003-0-attack] Map: 18 x 19 Turn: 271
2026-06-02 10:25:58 [self-0003-0-attack] Route planned: Target = 80 Mode = defense city-free reachable tiles = 267 Fallback-Tiles = 270
2026-06-02 10:25:58 [self-0003-0-attack] Move #253: 42 -> 60 | Army: 2 | Target-Terrain: 1 | Target: 80 | Half: False
2026-06-02 10:25:58 [self-0003-0-attack] My general index: 25
2026-06-02 10:25:58 [self-0003-0-attack] Enemy general index: None
2026-06-02 10:25:58 [self-0003-0-attack] Visible enemy tiles: 9
2026-06-02 10:25:58 [self-0003-0-attack] Tiles: 24 / 50
2026-06-02 10:25:58 [self-0003-0-attack] Map: 18 x 19 Turn: 272
2026-06-02 10:25:58 [self-0003-0-attack] Route planned: Target = 80 Mode = defense city-free reachable tiles = 267 Fallback-Tiles = 270
2026-06-02 10:25:58 [self-0003-0-attack] Priority agent: flow +6000 base = 163473 final = 169473
2026-06-02 10:25:58 [self-0003-0-attack] Move #254: 60 -> 78 | Army: 3 | Target-Terrain: 0 | Target: 80 | Half: False
2026-06-02 10:25:59 [self-0003-0-attack] My general index: 25
2026-06-02 10:25:59 [self-0003-0-attack] Enemy general index: None
2026-06-02 10:25:59 [self-0003-0-attack] Visible enemy tiles: 8
2026-06-02 10:25:59 [self-0003-0-attack] Tiles: 25 / 49
2026-06-02 10:25:59 [self-0003-0-attack] Map: 18 x 19 Turn: 273
2026-06-02 10:25:59 [self-0003-0-attack] Route planned: Target = 80 Mode = defense city-free reachable tiles = 267 Fallback-Tiles = 270
2026-06-02 10:25:59 [self-0003-0-attack] Priority agent: edge reuse -45000 base = 188442 final = 143442
2026-06-02 10:25:59 [self-0003-0-attack] Move #255: 62 -> 80 | Army: 42 | Target-Terrain: 1 | Target: 80 | Half: False
2026-06-02 10:25:59 [self-0003-0-attack] My general index: 25
2026-06-02 10:25:59 [self-0003-0-attack] Enemy general index: None
2026-06-02 10:25:59 [self-0003-0-attack] Visible enemy tiles: 8
2026-06-02 10:25:59 [self-0003-0-attack] Tiles: 25 / 49
2026-06-02 10:25:59 [self-0003-0-attack] Map: 18 x 19 Turn: 274
2026-06-02 10:25:59 [self-0003-0-attack] Route planned: Target = 62 Mode = defense city-free reachable tiles = 267 Fallback-Tiles = 270
2026-06-02 10:25:59 [self-0003-0-attack] Move #256: 9 -> 27 | Army: 2 | Target-Terrain: 1 | Target: 62 | Half: False
2026-06-02 10:26:00 [self-0003-0-attack] My general index: 25
2026-06-02 10:26:00 [self-0003-0-attack] Enemy general index: None
2026-06-02 10:26:00 [self-0003-0-attack] Visible enemy tiles: 8
2026-06-02 10:26:00 [self-0003-0-attack] Tiles: 25 / 49
2026-06-02 10:26:00 [self-0003-0-attack] Map: 18 x 19 Turn: 275
2026-06-02 10:26:00 [self-0003-0-attack] Route planned: Target = 62 Mode = defense city-free reachable tiles = 267 Fallback-Tiles = 270
2026-06-02 10:26:00 [self-0003-0-attack] Priority agent: edge reuse -45000 base = 184292 final = 139292
2026-06-02 10:26:00 [self-0003-0-attack] Move #257: 80 -> 62 | Army: 42 | Target-Terrain: 1 | Target: 62 | Half: False
2026-06-02 10:26:00 [self-0003-0-attack] My general index: 25
2026-06-02 10:26:00 [self-0003-0-attack] Enemy general index: None
2026-06-02 10:26:00 [self-0003-0-attack] Visible enemy tiles: 8
2026-06-02 10:26:00 [self-0003-0-attack] Tiles: 25 / 49
2026-06-02 10:26:00 [self-0003-0-attack] Map: 18 x 19 Turn: 276
2026-06-02 10:26:00 [self-0003-0-attack] Route planned: Target = 80 Mode = defense city-free reachable tiles = 267 Fallback-Tiles = 270
2026-06-02 10:26:00 [self-0003-0-attack] Move #258: 77 -> 78 | Army: 2 | Target-Terrain: 1 | Target: 80 | Half: False
2026-06-02 10:26:01 [self-0003-0-attack] My general index: 25
2026-06-02 10:26:01 [self-0003-0-attack] Enemy general index: None
2026-06-02 10:26:01 [self-0003-0-attack] Visible enemy tiles: 8
2026-06-02 10:26:01 [self-0003-0-attack] Tiles: 25 / 49
2026-06-02 10:26:01 [self-0003-0-attack] Map: 18 x 19 Turn: 277
2026-06-02 10:26:01 [self-0003-0-attack] Route planned: Target = 80 Mode = defense city-free reachable tiles = 267 Fallback-Tiles = 270
2026-06-02 10:26:01 [self-0003-0-attack] Priority agent: edge reuse -45000 base = 188442 final = 143442
2026-06-02 10:26:01 [self-0003-0-attack] Move #259: 62 -> 80 | Army: 42 | Target-Terrain: 1 | Target: 80 | Half: False
2026-06-02 10:26:01 [self-0003-0-attack] My general index: 25
2026-06-02 10:26:01 [self-0003-0-attack] Enemy general index: None
2026-06-02 10:26:01 [self-0003-0-attack] Visible enemy tiles: 8
2026-06-02 10:26:01 [self-0003-0-attack] Tiles: 25 / 49
2026-06-02 10:26:01 [self-0003-0-attack] Map: 18 x 19 Turn: 278
2026-06-02 10:26:01 [self-0003-0-attack] Route planned: Target = 62 Mode = defense city-free reachable tiles = 267 Fallback-Tiles = 270
2026-06-02 10:26:01 [self-0003-0-attack] Move #260: 45 -> 63 | Army: 2 | Target-Terrain: 1 | Target: 62 | Half: False
2026-06-02 10:26:02 [self-0003-0-attack] My general index: 25
2026-06-02 10:26:02 [self-0003-0-attack] Enemy general index: None
2026-06-02 10:26:02 [self-0003-0-attack] Visible enemy tiles: 8
2026-06-02 10:26:02 [self-0003-0-attack] Tiles: 25 / 49
2026-06-02 10:26:02 [self-0003-0-attack] Map: 18 x 19 Turn: 279
2026-06-02 10:26:02 [self-0003-0-attack] Route planned: Target = 62 Mode = defense city-free reachable tiles = 267 Fallback-Tiles = 270
2026-06-02 10:26:02 [self-0003-0-attack] Priority agent: flow +6000 base = 218352 final = 224352
2026-06-02 10:26:02 [self-0003-0-attack] Move #261: 63 -> 62 | Army: 2 | Target-Terrain: 1 | Target: 62 | Half: False
2026-06-02 10:26:02 [self-0003-0-attack] My general index: 25
2026-06-02 10:26:02 [self-0003-0-attack] Enemy general index: None
2026-06-02 10:26:02 [self-0003-0-attack] Visible enemy tiles: 8
2026-06-02 10:26:02 [self-0003-0-attack] Tiles: 25 / 49
2026-06-02 10:26:02 [self-0003-0-attack] Map: 18 x 19 Turn: 280
2026-06-02 10:26:02 [self-0003-0-attack] Route planned: Target = 62 Mode = defense city-free reachable tiles = 267 Fallback-Tiles = 270
2026-06-02 10:26:02 [self-0003-0-attack] Priority agent: edge reuse -45000 base = 184292 final = 139292
2026-06-02 10:26:02 [self-0003-0-attack] Move #262: 80 -> 62 | Army: 42 | Target-Terrain: 1 | Target: 62 | Half: False
2026-06-02 10:26:03 [self-0003-0-attack] My general index: 25
2026-06-02 10:26:03 [self-0003-0-attack] Enemy general index: None
2026-06-02 10:26:03 [self-0003-0-attack] Visible enemy tiles: 8
2026-06-02 10:26:03 [self-0003-0-attack] Tiles: 25 / 49
2026-06-02 10:26:03 [self-0003-0-attack] Map: 18 x 19 Turn: 281
2026-06-02 10:26:03 [self-0003-0-attack] Route planned: Target = 80 Mode = defense city-free reachable tiles = 267 Fallback-Tiles = 270
2026-06-02 10:26:03 [self-0003-0-attack] Move #263: 78 -> 79 | Army: 2 | Target-Terrain: 1 | Target: 80 | Half: False
2026-06-02 10:26:03 [self-0003-0-attack] My general index: 25
2026-06-02 10:26:03 [self-0003-0-attack] Enemy general index: None
2026-06-02 10:26:03 [self-0003-0-attack] Visible enemy tiles: 8
2026-06-02 10:26:03 [self-0003-0-attack] Tiles: 25 / 49
2026-06-02 10:26:03 [self-0003-0-attack] Map: 18 x 19 Turn: 282
2026-06-02 10:26:03 [self-0003-0-attack] Route planned: Target = 80 Mode = defense city-free reachable tiles = 267 Fallback-Tiles = 270
2026-06-02 10:26:03 [self-0003-0-attack] Priority agent: flow +6000 base = 222502 final = 228502
2026-06-02 10:26:03 [self-0003-0-attack] Move #264: 79 -> 80 | Army: 2 | Target-Terrain: 1 | Target: 80 | Half: False
2026-06-02 10:26:04 [self-0003-0-attack] My general index: 25
2026-06-02 10:26:04 [self-0003-0-attack] Enemy general index: None
2026-06-02 10:26:04 [self-0003-0-attack] Visible enemy tiles: 8
2026-06-02 10:26:04 [self-0003-0-attack] Tiles: 25 / 49
2026-06-02 10:26:04 [self-0003-0-attack] Map: 18 x 19 Turn: 283
2026-06-02 10:26:04 [self-0003-0-attack] Route planned: Target = 80 Mode = defense city-free reachable tiles = 267 Fallback-Tiles = 270
2026-06-02 10:26:04 [self-0003-0-attack] Priority agent: edge reuse -45000 base = 188443 final = 143443
2026-06-02 10:26:04 [self-0003-0-attack] Move #265: 62 -> 80 | Army: 43 | Target-Terrain: 1 | Target: 80 | Half: False
2026-06-02 10:26:04 [self-0003-0-attack] My general index: 25
2026-06-02 10:26:04 [self-0003-0-attack] Enemy general index: None
2026-06-02 10:26:04 [self-0003-0-attack] Visible enemy tiles: 8
2026-06-02 10:26:04 [self-0003-0-attack] Tiles: 25 / 49
2026-06-02 10:26:04 [self-0003-0-attack] Map: 18 x 19 Turn: 284
2026-06-02 10:26:04 [self-0003-0-attack] Route planned: Target = 62 Mode = defense city-free reachable tiles = 267 Fallback-Tiles = 270
2026-06-02 10:26:04 [self-0003-0-attack] Move #266: 27 -> 45 | Army: 2 | Target-Terrain: 1 | Target: 62 | Half: False
2026-06-02 10:26:05 [self-0003-0-attack] My general index: 25
2026-06-02 10:26:05 [self-0003-0-attack] Enemy general index: None
2026-06-02 10:26:05 [self-0003-0-attack] Visible enemy tiles: 8
2026-06-02 10:26:05 [self-0003-0-attack] Tiles: 25 / 49
2026-06-02 10:26:05 [self-0003-0-attack] Map: 18 x 19 Turn: 285
2026-06-02 10:26:05 [self-0003-0-attack] Route planned: Target = 62 Mode = defense city-free reachable tiles = 267 Fallback-Tiles = 270
2026-06-02 10:26:05 [self-0003-0-attack] Priority agent: edge reuse -45000 base = 184294 final = 139294
2026-06-02 10:26:05 [self-0003-0-attack] Move #267: 80 -> 62 | Army: 44 | Target-Terrain: 1 | Target: 62 | Half: False
2026-06-02 10:26:05 [self-0003-0-attack] My general index: 25
2026-06-02 10:26:05 [self-0003-0-attack] Enemy general index: None
2026-06-02 10:26:05 [self-0003-0-attack] Visible enemy tiles: 8
2026-06-02 10:26:05 [self-0003-0-attack] Tiles: 25 / 49
2026-06-02 10:26:05 [self-0003-0-attack] Map: 18 x 19 Turn: 286
2026-06-02 10:26:05 [self-0003-0-attack] Route planned: Target = 80 Mode = defense city-free reachable tiles = 267 Fallback-Tiles = 270
2026-06-02 10:26:05 [self-0003-0-attack] Move #268: 59 -> 60 | Army: 2 | Target-Terrain: 1 | Target: 80 | Half: False
2026-06-02 10:26:06 [self-0003-0-attack] My general index: 25
2026-06-02 10:26:06 [self-0003-0-attack] Enemy general index: None
2026-06-02 10:26:06 [self-0003-0-attack] Visible enemy tiles: 8
2026-06-02 10:26:06 [self-0003-0-attack] Tiles: 25 / 49
2026-06-02 10:26:06 [self-0003-0-attack] Map: 18 x 19 Turn: 287
2026-06-02 10:26:06 [self-0003-0-attack] Route planned: Target = 80 Mode = defense city-free reachable tiles = 267 Fallback-Tiles = 270
2026-06-02 10:26:06 [self-0003-0-attack] Priority agent: edge reuse -54000 base = 188444 final = 134444
2026-06-02 10:26:06 [self-0003-0-attack] Move #269: 62 -> 80 | Army: 44 | Target-Terrain: 1 | Target: 80 | Half: False
2026-06-02 10:26:06 [self-0003-0-attack] My general index: 25
2026-06-02 10:26:06 [self-0003-0-attack] Enemy general index: None
2026-06-02 10:26:06 [self-0003-0-attack] Visible enemy tiles: 8
2026-06-02 10:26:06 [self-0003-0-attack] Tiles: 25 / 49
2026-06-02 10:26:06 [self-0003-0-attack] Map: 18 x 19 Turn: 288
2026-06-02 10:26:06 [self-0003-0-attack] Route planned: Target = 62 Mode = defense city-free reachable tiles = 267 Fallback-Tiles = 270
2026-06-02 10:26:06 [self-0003-0-attack] Move #270: 100 -> 82 | Army: 3 | Target-Terrain: 1 | Target: 62 | Half: False
2026-06-02 10:26:07 [self-0003-0-attack] My general index: 25
2026-06-02 10:26:07 [self-0003-0-attack] Enemy general index: None
2026-06-02 10:26:07 [self-0003-0-attack] Visible enemy tiles: 8
2026-06-02 10:26:07 [self-0003-0-attack] Tiles: 25 / 49
2026-06-02 10:26:07 [self-0003-0-attack] Map: 18 x 19 Turn: 289
2026-06-02 10:26:07 [self-0003-0-attack] Route planned: Target = 62 Mode = defense city-free reachable tiles = 267 Fallback-Tiles = 270
2026-06-02 10:26:07 [self-0003-0-attack] Priority agent: flow +6000 base = 132373 final = 138373
2026-06-02 10:26:07 [self-0003-0-attack] Move #271: 82 -> 81 | Army: 3 | Target-Terrain: 1 | Target: 62 | Half: False
2026-06-02 10:26:07 [self-0003-0-attack] My general index: 25
2026-06-02 10:26:07 [self-0003-0-attack] Enemy general index: None
2026-06-02 10:26:07 [self-0003-0-attack] Visible enemy tiles: 8
2026-06-02 10:26:07 [self-0003-0-attack] Tiles: 25 / 49
2026-06-02 10:26:07 [self-0003-0-attack] Map: 18 x 19 Turn: 290
2026-06-02 10:26:07 [self-0003-0-attack] Route planned: Target = 62 Mode = defense city-free reachable tiles = 267 Fallback-Tiles = 270
2026-06-02 10:26:07 [self-0003-0-attack] Priority agent: edge reuse -45000 base = 184294 final = 139294
2026-06-02 10:26:07 [self-0003-0-attack] Move #272: 80 -> 62 | Army: 44 | Target-Terrain: 1 | Target: 62 | Half: False
2026-06-02 10:26:08 [self-0003-0-attack] My general index: 25
2026-06-02 10:26:08 [self-0003-0-attack] Enemy general index: None
2026-06-02 10:26:08 [self-0003-0-attack] Visible enemy tiles: 8
2026-06-02 10:26:08 [self-0003-0-attack] Tiles: 25 / 49
2026-06-02 10:26:08 [self-0003-0-attack] Map: 18 x 19 Turn: 291
2026-06-02 10:26:08 [self-0003-0-attack] Route planned: Target = 80 Mode = defense city-free reachable tiles = 267 Fallback-Tiles = 270
2026-06-02 10:26:08 [self-0003-0-attack] Move #273: 81 -> 80 | Army: 3 | Target-Terrain: 1 | Target: 80 | Half: False
2026-06-02 10:26:08 [self-0003-0-attack] My general index: 25
2026-06-02 10:26:08 [self-0003-0-attack] Enemy general index: None
2026-06-02 10:26:08 [self-0003-0-attack] Visible enemy tiles: 7
2026-06-02 10:26:08 [self-0003-0-attack] Tiles: 24 / 50
2026-06-02 10:26:08 [self-0003-0-attack] Map: 18 x 19 Turn: 292
2026-06-02 10:26:08 [self-0003-0-attack] Route planned: Target = 80 Mode = defense city-free reachable tiles = 267 Fallback-Tiles = 269
2026-06-02 10:26:08 [self-0003-0-attack] Priority agent: edge reuse -45000 base = 188444 final = 143444
2026-06-02 10:26:08 [self-0003-0-attack] Move #274: 62 -> 80 | Army: 44 | Target-Terrain: 1 | Target: 80 | Half: False
2026-06-02 10:26:09 [self-0003-0-attack] My general index: 25
2026-06-02 10:26:09 [self-0003-0-attack] Enemy general index: None
2026-06-02 10:26:09 [self-0003-0-attack] Visible enemy tiles: 7
2026-06-02 10:26:09 [self-0003-0-attack] Tiles: 24 / 50
2026-06-02 10:26:09 [self-0003-0-attack] Map: 18 x 19 Turn: 293
2026-06-02 10:26:09 [self-0003-0-attack] Route planned: Target = 62 Mode = defense city-free reachable tiles = 267 Fallback-Tiles = 269
2026-06-02 10:26:09 [self-0003-0-attack] Move #275: 45 -> 63 | Army: 2 | Target-Terrain: 1 | Target: 62 | Half: False
2026-06-02 10:26:09 [self-0003-0-attack] My general index: 25
2026-06-02 10:26:09 [self-0003-0-attack] Enemy general index: None
2026-06-02 10:26:09 [self-0003-0-attack] Visible enemy tiles: 7
2026-06-02 10:26:09 [self-0003-0-attack] Tiles: 24 / 50
2026-06-02 10:26:09 [self-0003-0-attack] Map: 18 x 19 Turn: 294
2026-06-02 10:26:09 [self-0003-0-attack] Route planned: Target = 62 Mode = defense city-free reachable tiles = 267 Fallback-Tiles = 269
2026-06-02 10:26:09 [self-0003-0-attack] Priority agent: flow +6000 base = 218352 final = 224352
2026-06-02 10:26:09 [self-0003-0-attack] Move #276: 63 -> 62 | Army: 2 | Target-Terrain: 1 | Target: 62 | Half: False
2026-06-02 10:26:10 [self-0003-0-attack] My general index: 25
2026-06-02 10:26:10 [self-0003-0-attack] Enemy general index: None
2026-06-02 10:26:10 [self-0003-0-attack] Visible enemy tiles: 7
2026-06-02 10:26:10 [self-0003-0-attack] Tiles: 24 / 50
2026-06-02 10:26:10 [self-0003-0-attack] Map: 18 x 19 Turn: 295
2026-06-02 10:26:10 [self-0003-0-attack] Route planned: Target = 62 Mode = defense city-free reachable tiles = 267 Fallback-Tiles = 269
2026-06-02 10:26:10 [self-0003-0-attack] Priority agent: edge reuse -45000 base = 184296 final = 139296
2026-06-02 10:26:10 [self-0003-0-attack] Move #277: 80 -> 62 | Army: 46 | Target-Terrain: 1 | Target: 62 | Half: False
2026-06-02 10:26:10 [self-0003-0-attack] My general index: 25
2026-06-02 10:26:10 [self-0003-0-attack] Enemy general index: None
2026-06-02 10:26:10 [self-0003-0-attack] Visible enemy tiles: 7
2026-06-02 10:26:10 [self-0003-0-attack] Tiles: 24 / 50
2026-06-02 10:26:10 [self-0003-0-attack] Map: 18 x 19 Turn: 296
2026-06-02 10:26:10 [self-0003-0-attack] Route planned: Target = 80 Mode = defense city-free reachable tiles = 267 Fallback-Tiles = 269
2026-06-02 10:26:10 [self-0003-0-attack] Move #278: 24 -> 42 | Army: 3 | Target-Terrain: 1 | Target: 80 | Half: False
2026-06-02 10:26:11 [self-0003-0-attack] Coach: catch_up_expand tiles 24/50 army 205/247 cities 0/0 enemy_city_suspect False bias {'expansion_bias': 1.4, 'city_bias': 0.1, 'attack_bias': 0.8, 'defense_bias': 0.0, 'route_bias': 1.0}
2026-06-02 10:26:11 [self-0003-0-attack] My general index: 25
2026-06-02 10:26:11 [self-0003-0-attack] Enemy general index: None
2026-06-02 10:26:11 [self-0003-0-attack] Visible enemy tiles: 7
2026-06-02 10:26:11 [self-0003-0-attack] Tiles: 24 / 50
2026-06-02 10:26:11 [self-0003-0-attack] Map: 18 x 19 Turn: 297
2026-06-02 10:26:11 [self-0003-0-attack] Route planned: Target = 80 Mode = defense city-free reachable tiles = 267 Fallback-Tiles = 269
2026-06-02 10:26:11 [self-0003-0-attack] Priority agent: edge reuse -54000 base = 188447 final = 134447
2026-06-02 10:26:11 [self-0003-0-attack] Move #279: 62 -> 80 | Army: 47 | Target-Terrain: 1 | Target: 80 | Half: False
2026-06-02 10:26:11 [self-0003-0-attack] My general index: 25
2026-06-02 10:26:11 [self-0003-0-attack] Enemy general index: None
2026-06-02 10:26:11 [self-0003-0-attack] Visible enemy tiles: 7
2026-06-02 10:26:11 [self-0003-0-attack] Tiles: 24 / 50
2026-06-02 10:26:11 [self-0003-0-attack] Map: 18 x 19 Turn: 298
2026-06-02 10:26:11 [self-0003-0-attack] Route planned: Target = 62 Mode = defense city-free reachable tiles = 267 Fallback-Tiles = 269
2026-06-02 10:26:11 [self-0003-0-attack] Priority agent: reverse -35000, edge reuse -54000 base = 187397 final = 98397
2026-06-02 10:26:11 [self-0003-0-attack] Move #280: 80 -> 62 | Army: 47 | Target-Terrain: 1 | Target: 62 | Half: False
2026-06-02 10:26:12 [self-0003-0-attack] My general index: 25
2026-06-02 10:26:12 [self-0003-0-attack] Enemy general index: None
2026-06-02 10:26:12 [self-0003-0-attack] Visible enemy tiles: 7
2026-06-02 10:26:12 [self-0003-0-attack] Tiles: 24 / 50
2026-06-02 10:26:12 [self-0003-0-attack] Map: 18 x 19 Turn: 299
2026-06-02 10:26:12 [self-0003-0-attack] Route planned: Target = 80 Mode = defense city-free reachable tiles = 267 Fallback-Tiles = 269
2026-06-02 10:26:12 [self-0003-0-attack] Move #281: 42 -> 60 | Army: 3 | Target-Terrain: 1 | Target: 80 | Half: False
2026-06-02 10:26:12 [self-0003-0-attack] My general index: 25
2026-06-02 10:26:12 [self-0003-0-attack] Enemy general index: None
2026-06-02 10:26:12 [self-0003-0-attack] Visible enemy tiles: 7
2026-06-02 10:26:12 [self-0003-0-attack] Tiles: 24 / 50
2026-06-02 10:26:12 [self-0003-0-attack] Map: 18 x 19 Turn: 300
2026-06-02 10:26:12 [self-0003-0-attack] Route planned: Target = 80 Mode = defense city-free reachable tiles = 267 Fallback-Tiles = 269
2026-06-02 10:26:12 [self-0003-0-attack] Move #282: 79 -> 80 | Army: 2 | Target-Terrain: 1 | Target: 80 | Half: False
2026-06-02 10:26:13 [self-0003-0-attack] My general index: 25
2026-06-02 10:26:13 [self-0003-0-attack] Enemy general index: None
2026-06-02 10:26:13 [self-0003-0-attack] Visible enemy tiles: 7
2026-06-02 10:26:13 [self-0003-0-attack] Tiles: 24 / 50
2026-06-02 10:26:13 [self-0003-0-attack] Map: 18 x 19 Turn: 301
2026-06-02 10:26:13 [self-0003-0-attack] Route planned: Target = 80 Mode = defense city-free reachable tiles = 267 Fallback-Tiles = 269
2026-06-02 10:26:13 [self-0003-0-attack] Priority agent: edge reuse -9000 base = 222502 final = 213502
2026-06-02 10:26:13 [self-0003-0-attack] Move #283: 81 -> 80 | Army: 2 | Target-Terrain: 1 | Target: 80 | Half: False
2026-06-02 10:26:13 [self-0003-0-attack] My general index: 25
2026-06-02 10:26:13 [self-0003-0-attack] Enemy general index: None
2026-06-02 10:26:13 [self-0003-0-attack] Visible enemy tiles: 7
2026-06-02 10:26:13 [self-0003-0-attack] Tiles: 24 / 50
2026-06-02 10:26:13 [self-0003-0-attack] Map: 18 x 19 Turn: 302
2026-06-02 10:26:13 [self-0003-0-attack] Route planned: Target = 80 Mode = defense city-free reachable tiles = 267 Fallback-Tiles = 269
2026-06-02 10:26:13 [self-0003-0-attack] Priority agent: edge reuse -45000 base = 188448 final = 143448
2026-06-02 10:26:13 [self-0003-0-attack] Move #284: 62 -> 80 | Army: 48 | Target-Terrain: 1 | Target: 80 | Half: False
2026-06-02 10:26:14 [self-0003-0-attack] My general index: 25
2026-06-02 10:26:14 [self-0003-0-attack] Enemy general index: None
2026-06-02 10:26:14 [self-0003-0-attack] Visible enemy tiles: 7
2026-06-02 10:26:14 [self-0003-0-attack] Tiles: 24 / 50
2026-06-02 10:26:14 [self-0003-0-attack] Map: 18 x 19 Turn: 303
2026-06-02 10:26:14 [self-0003-0-attack] Route planned: Target = 62 Mode = defense city-free reachable tiles = 267 Fallback-Tiles = 269
2026-06-02 10:26:14 [self-0003-0-attack] Priority agent: edge reuse -9000 base = 218352 final = 209352
2026-06-02 10:26:14 [self-0003-0-attack] Move #285: 63 -> 62 | Army: 2 | Target-Terrain: 1 | Target: 62 | Half: False
2026-06-02 10:26:14 [self-0003-0-attack] My general index: 25
2026-06-02 10:26:14 [self-0003-0-attack] Enemy general index: None
2026-06-02 10:26:14 [self-0003-0-attack] Visible enemy tiles: 7
2026-06-02 10:26:14 [self-0003-0-attack] Tiles: 24 / 50
2026-06-02 10:26:14 [self-0003-0-attack] Map: 18 x 19 Turn: 304
2026-06-02 10:26:14 [self-0003-0-attack] Route planned: Target = 62 Mode = defense city-free reachable tiles = 267 Fallback-Tiles = 269
2026-06-02 10:26:14 [self-0003-0-attack] Move #286: 114 -> 115 | Army: 3 | Target-Terrain: 0 | Target: 62 | Half: False
2026-06-02 10:26:15 [self-0003-0-attack] My general index: 25
2026-06-02 10:26:15 [self-0003-0-attack] Enemy general index: None
2026-06-02 10:26:15 [self-0003-0-attack] Visible enemy tiles: 7
2026-06-02 10:26:15 [self-0003-0-attack] Tiles: 25 / 49
2026-06-02 10:26:15 [self-0003-0-attack] Map: 18 x 19 Turn: 305
2026-06-02 10:26:15 [self-0003-0-attack] Route planned: Target = 62 Mode = defense city-free reachable tiles = 267 Fallback-Tiles = 269
2026-06-02 10:26:15 [self-0003-0-attack] Priority agent: edge reuse -45000 base = 184301 final = 139301
2026-06-02 10:26:15 [self-0003-0-attack] Move #287: 80 -> 62 | Army: 51 | Target-Terrain: 1 | Target: 62 | Half: False
2026-06-02 10:26:15 [self-0003-0-attack] My general index: 25
2026-06-02 10:26:15 [self-0003-0-attack] Enemy general index: None
2026-06-02 10:26:15 [self-0003-0-attack] Visible enemy tiles: 7
2026-06-02 10:26:15 [self-0003-0-attack] Tiles: 25 / 49
2026-06-02 10:26:15 [self-0003-0-attack] Map: 18 x 19 Turn: 306
2026-06-02 10:26:15 [self-0003-0-attack] Route planned: Target = 80 Mode = defense city-free reachable tiles = 267 Fallback-Tiles = 269
2026-06-02 10:26:15 [self-0003-0-attack] Move #288: 78 -> 79 | Army: 2 | Target-Terrain: 1 | Target: 80 | Half: False
2026-06-02 10:26:16 [self-0003-0-attack] My general index: 25
2026-06-02 10:26:16 [self-0003-0-attack] Enemy general index: None
2026-06-02 10:26:16 [self-0003-0-attack] Visible enemy tiles: 8
2026-06-02 10:26:16 [self-0003-0-attack] Tiles: 24 / 50
2026-06-02 10:26:16 [self-0003-0-attack] Map: 18 x 19 Turn: 307
2026-06-02 10:26:16 [self-0003-0-attack] Route planned: Target = 80 Mode = defense city-free reachable tiles = 267 Fallback-Tiles = 269
2026-06-02 10:26:16 [self-0003-0-attack] Priority agent: edge reuse -45000 base = 227902 final = 182902
2026-06-02 10:26:16 [self-0003-0-attack] Move #289: 62 -> 80 | Army: 52 | Target-Terrain: 0 | Target: 80 | Half: False
2026-06-02 10:26:16 [self-0003-0-attack] My general index: 25
2026-06-02 10:26:16 [self-0003-0-attack] Enemy general index: None
2026-06-02 10:26:16 [self-0003-0-attack] Visible enemy tiles: 7
2026-06-02 10:26:16 [self-0003-0-attack] Tiles: 25 / 49
2026-06-02 10:26:16 [self-0003-0-attack] Map: 18 x 19 Turn: 308
2026-06-02 10:26:16 [self-0003-0-attack] Route planned: Target = 62 Mode = defense city-free reachable tiles = 267 Fallback-Tiles = 269
2026-06-02 10:26:16 [self-0003-0-attack] Move #290: 45 -> 63 | Army: 2 | Target-Terrain: 1 | Target: 62 | Half: False
2026-06-02 10:26:17 [self-0003-0-attack] My general index: 25
2026-06-02 10:26:17 [self-0003-0-attack] Enemy general index: None
2026-06-02 10:26:17 [self-0003-0-attack] Visible enemy tiles: 7
2026-06-02 10:26:17 [self-0003-0-attack] Tiles: 24 / 50
2026-06-02 10:26:17 [self-0003-0-attack] Map: 18 x 19 Turn: 309
2026-06-02 10:26:17 [self-0003-0-attack] Route planned: Target = 62 Mode = defense city-free reachable tiles = 267 Fallback-Tiles = 269
2026-06-02 10:26:17 [self-0003-0-attack] Priority agent: edge reuse -9000, flow +6000 base = 221952 final = 218952
2026-06-02 10:26:17 [self-0003-0-attack] Move #291: 63 -> 62 | Army: 2 | Target-Terrain: 1 | Target: 62 | Half: False
2026-06-02 10:26:17 [self-0003-0-attack] My general index: 25
2026-06-02 10:26:17 [self-0003-0-attack] Enemy general index: None
2026-06-02 10:26:17 [self-0003-0-attack] Visible enemy tiles: 7
2026-06-02 10:26:17 [self-0003-0-attack] Tiles: 24 / 50
2026-06-02 10:26:17 [self-0003-0-attack] Map: 18 x 19 Turn: 310
2026-06-02 10:26:17 [self-0003-0-attack] Route planned: Target = 62 Mode = defense city-free reachable tiles = 267 Fallback-Tiles = 269
2026-06-02 10:26:17 [self-0003-0-attack] Priority agent: edge reuse -45000 base = 187899 final = 142899
2026-06-02 10:26:17 [self-0003-0-attack] Move #292: 80 -> 62 | Army: 49 | Target-Terrain: 1 | Target: 62 | Half: False
2026-06-02 10:26:18 [self-0003-0-attack] My general index: 25
2026-06-02 10:26:18 [self-0003-0-attack] Enemy general index: None
2026-06-02 10:26:18 [self-0003-0-attack] Visible enemy tiles: 7
2026-06-02 10:26:18 [self-0003-0-attack] Tiles: 24 / 50
2026-06-02 10:26:18 [self-0003-0-attack] Map: 18 x 19 Turn: 311
2026-06-02 10:26:18 [self-0003-0-attack] Route planned: Target = 80 Mode = defense city-free reachable tiles = 267 Fallback-Tiles = 269
2026-06-02 10:26:18 [self-0003-0-attack] Priority agent: edge reuse -9000 base = 222502 final = 213502
2026-06-02 10:26:18 [self-0003-0-attack] Move #293: 79 -> 80 | Army: 2 | Target-Terrain: 1 | Target: 80 | Half: False
2026-06-02 10:26:18 [self-0003-0-attack] My general index: 25
2026-06-02 10:26:18 [self-0003-0-attack] Enemy general index: None
2026-06-02 10:26:18 [self-0003-0-attack] Visible enemy tiles: 7
2026-06-02 10:26:18 [self-0003-0-attack] Tiles: 24 / 50
2026-06-02 10:26:18 [self-0003-0-attack] Map: 18 x 19 Turn: 312
2026-06-02 10:26:18 [self-0003-0-attack] Route planned: Target = 80 Mode = defense city-free reachable tiles = 267 Fallback-Tiles = 269
2026-06-02 10:26:18 [self-0003-0-attack] Priority agent: edge reuse -45000 base = 188450 final = 143450
2026-06-02 10:26:18 [self-0003-0-attack] Move #294: 62 -> 80 | Army: 50 | Target-Terrain: 1 | Target: 80 | Half: False
2026-06-02 10:26:19 [self-0003-0-attack] My general index: 25
2026-06-02 10:26:19 [self-0003-0-attack] Enemy general index: None
2026-06-02 10:26:19 [self-0003-0-attack] Visible enemy tiles: 7
2026-06-02 10:26:19 [self-0003-0-attack] Tiles: 24 / 50
2026-06-02 10:26:19 [self-0003-0-attack] Map: 18 x 19 Turn: 313
2026-06-02 10:26:19 [self-0003-0-attack] Route planned: Target = 62 Mode = defense city-free reachable tiles = 267 Fallback-Tiles = 269
2026-06-02 10:26:19 [self-0003-0-attack] Move #295: 64 -> 63 | Army: 2 | Target-Terrain: 1 | Target: 62 | Half: False
2026-06-02 10:26:19 [self-0003-0-attack] My general index: 25
2026-06-02 10:26:19 [self-0003-0-attack] Enemy general index: None
2026-06-02 10:26:19 [self-0003-0-attack] Visible enemy tiles: 7
2026-06-02 10:26:19 [self-0003-0-attack] Tiles: 24 / 50
2026-06-02 10:26:19 [self-0003-0-attack] Map: 18 x 19 Turn: 314
2026-06-02 10:26:19 [self-0003-0-attack] Route planned: Target = 62 Mode = defense city-free reachable tiles = 267 Fallback-Tiles = 269
2026-06-02 10:26:19 [self-0003-0-attack] Priority agent: edge reuse -18000, flow +6000 base = 206952 final = 194952
2026-06-02 10:26:19 [self-0003-0-attack] Move #296: 63 -> 62 | Army: 2 | Target-Terrain: 1 | Target: 62 | Half: False
2026-06-02 10:26:20 [self-0003-0-attack] My general index: 25
2026-06-02 10:26:20 [self-0003-0-attack] Enemy general index: None
2026-06-02 10:26:20 [self-0003-0-attack] Visible enemy tiles: 7
2026-06-02 10:26:20 [self-0003-0-attack] Tiles: 24 / 50
2026-06-02 10:26:20 [self-0003-0-attack] Map: 18 x 19 Turn: 315
2026-06-02 10:26:20 [self-0003-0-attack] Route planned: Target = 62 Mode = defense city-free reachable tiles = 267 Fallback-Tiles = 269
2026-06-02 10:26:20 [self-0003-0-attack] Priority agent: edge reuse -45000 base = 187901 final = 142901
2026-06-02 10:26:20 [self-0003-0-attack] Move #297: 80 -> 62 | Army: 51 | Target-Terrain: 1 | Target: 62 | Half: False
2026-06-02 10:26:20 [self-0003-0-attack] My general index: 25
2026-06-02 10:26:20 [self-0003-0-attack] Enemy general index: None
2026-06-02 10:26:20 [self-0003-0-attack] Visible enemy tiles: 7
2026-06-02 10:26:20 [self-0003-0-attack] Tiles: 24 / 50
2026-06-02 10:26:20 [self-0003-0-attack] Map: 18 x 19 Turn: 316
2026-06-02 10:26:20 [self-0003-0-attack] Route planned: Target = 80 Mode = defense city-free reachable tiles = 267 Fallback-Tiles = 269
2026-06-02 10:26:20 [self-0003-0-attack] Move #298: 82 -> 81 | Army: 2 | Target-Terrain: 1 | Target: 80 | Half: False
2026-06-02 10:26:21 [self-0003-0-attack] My general index: 25
2026-06-02 10:26:21 [self-0003-0-attack] Enemy general index: None
2026-06-02 10:26:21 [self-0003-0-attack] Visible enemy tiles: 8
2026-06-02 10:26:21 [self-0003-0-attack] Tiles: 23 / 51
2026-06-02 10:26:21 [self-0003-0-attack] Map: 18 x 19 Turn: 317
2026-06-02 10:26:21 [self-0003-0-attack] Route planned: Target = 80 Mode = defense city-free reachable tiles = 267 Fallback-Tiles = 269
2026-06-02 10:26:21 [self-0003-0-attack] Priority agent: edge reuse -45000 base = 219502 final = 174502
2026-06-02 10:26:21 [self-0003-0-attack] Move #299: 62 -> 80 | Army: 52 | Target-Terrain: 0 | Target: 80 | Half: False
2026-06-02 10:26:21 [self-0003-0-attack] My general index: 25
2026-06-02 10:26:21 [self-0003-0-attack] Enemy general index: None
2026-06-02 10:26:21 [self-0003-0-attack] Visible enemy tiles: 7
2026-06-02 10:26:21 [self-0003-0-attack] Tiles: 24 / 50
2026-06-02 10:26:21 [self-0003-0-attack] Map: 18 x 19 Turn: 318
2026-06-02 10:26:21 [self-0003-0-attack] Route planned: Target = 62 Mode = defense city-free reachable tiles = 267 Fallback-Tiles = 269
2026-06-02 10:26:21 [self-0003-0-attack] Move #300: 27 -> 45 | Army: 2 | Target-Terrain: 1 | Target: 62 | Half: False
2026-06-02 10:26:22 [self-0003-0-attack] My general index: 25
2026-06-02 10:26:22 [self-0003-0-attack] Enemy general index: None
2026-06-02 10:26:22 [self-0003-0-attack] Visible enemy tiles: 8
2026-06-02 10:26:22 [self-0003-0-attack] Tiles: 23 / 51
2026-06-02 10:26:22 [self-0003-0-attack] Map: 18 x 19 Turn: 319
2026-06-02 10:26:22 [self-0003-0-attack] Route planned: Target = 62 Mode = defense city-free reachable tiles = 267 Fallback-Tiles = 269
2026-06-02 10:26:22 [self-0003-0-attack] Priority agent: edge reuse -54000 base = 190300 final = 136300
2026-06-02 10:26:22 [self-0003-0-attack] Move #301: 80 -> 62 | Army: 50 | Target-Terrain: 1 | Target: 62 | Half: False
2026-06-02 10:26:22 [self-0003-0-attack] My general index: 25
2026-06-02 10:26:22 [self-0003-0-attack] Enemy general index: None
2026-06-02 10:26:22 [self-0003-0-attack] Visible enemy tiles: 8
2026-06-02 10:26:22 [self-0003-0-attack] Tiles: 23 / 51
2026-06-02 10:26:22 [self-0003-0-attack] Map: 18 x 19 Turn: 320
2026-06-02 10:26:22 [self-0003-0-attack] Route planned: Target = 80 Mode = defense city-free reachable tiles = 267 Fallback-Tiles = 269
2026-06-02 10:26:22 [self-0003-0-attack] Move #302: 81 -> 80 | Army: 2 | Target-Terrain: 1 | Target: 80 | Half: False
2026-06-02 10:26:23 [self-0003-0-attack] My general index: 25
2026-06-02 10:26:23 [self-0003-0-attack] Enemy general index: None
2026-06-02 10:26:23 [self-0003-0-attack] Visible enemy tiles: 8
2026-06-02 10:26:23 [self-0003-0-attack] Tiles: 23 / 51
2026-06-02 10:26:23 [self-0003-0-attack] Map: 18 x 19 Turn: 321
2026-06-02 10:26:23 [self-0003-0-attack] Route planned: Target = 80 Mode = defense city-free reachable tiles = 267 Fallback-Tiles = 269
2026-06-02 10:26:23 [self-0003-0-attack] Priority agent: edge reuse -54000 base = 180050 final = 126050
2026-06-02 10:26:23 [self-0003-0-attack] Move #303: 62 -> 80 | Army: 50 | Target-Terrain: 1 | Target: 80 | Half: False
2026-06-02 10:26:23 [self-0003-0-attack] My general index: 25
2026-06-02 10:26:23 [self-0003-0-attack] Enemy general index: None
2026-06-02 10:26:23 [self-0003-0-attack] Visible enemy tiles: 8
2026-06-02 10:26:23 [self-0003-0-attack] Tiles: 23 / 51
2026-06-02 10:26:23 [self-0003-0-attack] Map: 18 x 19 Turn: 322
2026-06-02 10:26:23 [self-0003-0-attack] Route planned: Target = 62 Mode = defense city-free reachable tiles = 267 Fallback-Tiles = 269
2026-06-02 10:26:23 [self-0003-0-attack] Move #304: 97 -> 79 | Army: 2 | Target-Terrain: 1 | Target: 62 | Half: False
2026-06-02 10:26:24 [self-0003-0-attack] My general index: 25
2026-06-02 10:26:24 [self-0003-0-attack] Enemy general index: None
2026-06-02 10:26:24 [self-0003-0-attack] Visible enemy tiles: 8
2026-06-02 10:26:24 [self-0003-0-attack] Tiles: 23 / 51
2026-06-02 10:26:24 [self-0003-0-attack] Map: 18 x 19 Turn: 323
2026-06-02 10:26:24 [self-0003-0-attack] Route planned: Target = 62 Mode = defense city-free reachable tiles = 267 Fallback-Tiles = 269
2026-06-02 10:26:24 [self-0003-0-attack] Priority agent: edge reuse -54000 base = 190301 final = 136301
2026-06-02 10:26:24 [self-0003-0-attack] Move #305: 80 -> 62 | Army: 51 | Target-Terrain: 1 | Target: 62 | Half: False
2026-06-02 10:26:24 [self-0003-0-attack] My general index: 25
2026-06-02 10:26:24 [self-0003-0-attack] Enemy general index: None
2026-06-02 10:26:24 [self-0003-0-attack] Visible enemy tiles: 8
2026-06-02 10:26:24 [self-0003-0-attack] Tiles: 23 / 51
2026-06-02 10:26:24 [self-0003-0-attack] Map: 18 x 19 Turn: 324
2026-06-02 10:26:24 [self-0003-0-attack] Route planned: Target = 80 Mode = defense city-free reachable tiles = 267 Fallback-Tiles = 269
2026-06-02 10:26:24 [self-0003-0-attack] Priority agent: edge reuse -9000 base = 214102 final = 205102
2026-06-02 10:26:24 [self-0003-0-attack] Move #306: 79 -> 80 | Army: 2 | Target-Terrain: 1 | Target: 80 | Half: False
2026-06-02 10:26:25 [self-0003-0-attack] My general index: 25
2026-06-02 10:26:25 [self-0003-0-attack] Enemy general index: None
2026-06-02 10:26:25 [self-0003-0-attack] Visible enemy tiles: 8
2026-06-02 10:26:25 [self-0003-0-attack] Tiles: 23 / 51
2026-06-02 10:26:25 [self-0003-0-attack] Map: 18 x 19 Turn: 325
2026-06-02 10:26:25 [self-0003-0-attack] Route planned: Target = 80 Mode = defense city-free reachable tiles = 267 Fallback-Tiles = 269
2026-06-02 10:26:25 [self-0003-0-attack] Priority agent: edge reuse -54000 base = 180051 final = 126051
2026-06-02 10:26:25 [self-0003-0-attack] Move #307: 62 -> 80 | Army: 51 | Target-Terrain: 1 | Target: 80 | Half: False
2026-06-02 10:26:25 [self-0003-0-attack] My general index: 25
2026-06-02 10:26:25 [self-0003-0-attack] Enemy general index: None
2026-06-02 10:26:25 [self-0003-0-attack] Visible enemy tiles: 8
2026-06-02 10:26:25 [self-0003-0-attack] Tiles: 23 / 51
2026-06-02 10:26:25 [self-0003-0-attack] Map: 18 x 19 Turn: 326
2026-06-02 10:26:25 [self-0003-0-attack] Route planned: Target = 62 Mode = defense city-free reachable tiles = 267 Fallback-Tiles = 269
2026-06-02 10:26:25 [self-0003-0-attack] Move #308: 45 -> 63 | Army: 2 | Target-Terrain: 1 | Target: 62 | Half: False
2026-06-02 10:26:26 [self-0003-0-attack] My general index: 25
2026-06-02 10:26:26 [self-0003-0-attack] Enemy general index: None
2026-06-02 10:26:26 [self-0003-0-attack] Visible enemy tiles: 8
2026-06-02 10:26:26 [self-0003-0-attack] Tiles: 23 / 51
2026-06-02 10:26:26 [self-0003-0-attack] Map: 18 x 19 Turn: 327
2026-06-02 10:26:26 [self-0003-0-attack] Route planned: Target = 62 Mode = defense city-free reachable tiles = 267 Fallback-Tiles = 269
2026-06-02 10:26:26 [self-0003-0-attack] Priority agent: edge reuse -9000, flow +6000 base = 224352 final = 221352
2026-06-02 10:26:26 [self-0003-0-attack] Move #309: 63 -> 62 | Army: 2 | Target-Terrain: 1 | Target: 62 | Half: False
2026-06-02 10:26:26 [self-0003-0-attack] My general index: 25
2026-06-02 10:26:26 [self-0003-0-attack] Enemy general index: None
2026-06-02 10:26:26 [self-0003-0-attack] Visible enemy tiles: 8
2026-06-02 10:26:26 [self-0003-0-attack] Tiles: 23 / 51
2026-06-02 10:26:26 [self-0003-0-attack] Map: 18 x 19 Turn: 328
2026-06-02 10:26:26 [self-0003-0-attack] Route planned: Target = 62 Mode = defense city-free reachable tiles = 267 Fallback-Tiles = 269
2026-06-02 10:26:26 [self-0003-0-attack] Priority agent: edge reuse -54000 base = 190302 final = 136302
2026-06-02 10:26:26 [self-0003-0-attack] Move #310: 80 -> 62 | Army: 52 | Target-Terrain: 1 | Target: 62 | Half: False
2026-06-02 10:26:27 [self-0003-0-attack] My general index: 25
2026-06-02 10:26:27 [self-0003-0-attack] Enemy general index: None
2026-06-02 10:26:27 [self-0003-0-attack] Visible enemy tiles: 8
2026-06-02 10:26:27 [self-0003-0-attack] Tiles: 23 / 51
2026-06-02 10:26:27 [self-0003-0-attack] Map: 18 x 19 Turn: 329
2026-06-02 10:26:27 [self-0003-0-attack] Route planned: Target = 80 Mode = defense city-free reachable tiles = 267 Fallback-Tiles = 269
2026-06-02 10:26:27 [self-0003-0-attack] Move #311: 77 -> 78 | Army: 2 | Target-Terrain: 1 | Target: 80 | Half: False
2026-06-02 10:26:27 [self-0003-0-attack] My general index: 25
2026-06-02 10:26:27 [self-0003-0-attack] Enemy general index: None
2026-06-02 10:26:27 [self-0003-0-attack] Visible enemy tiles: 8
2026-06-02 10:26:27 [self-0003-0-attack] Tiles: 23 / 51
2026-06-02 10:26:27 [self-0003-0-attack] Map: 18 x 19 Turn: 330
2026-06-02 10:26:27 [self-0003-0-attack] Route planned: Target = 80 Mode = defense city-free reachable tiles = 267 Fallback-Tiles = 269
2026-06-02 10:26:27 [self-0003-0-attack] Priority agent: flow +6000 base = 124262 final = 130262
2026-06-02 10:26:27 [self-0003-0-attack] Move #312: 78 -> 79 | Army: 2 | Target-Terrain: 1 | Target: 80 | Half: False
2026-06-02 10:26:28 [self-0003-0-attack] My general index: 25
2026-06-02 10:26:28 [self-0003-0-attack] Enemy general index: None
2026-06-02 10:26:28 [self-0003-0-attack] Visible enemy tiles: 8
2026-06-02 10:26:28 [self-0003-0-attack] Tiles: 23 / 51
2026-06-02 10:26:28 [self-0003-0-attack] Map: 18 x 19 Turn: 331
2026-06-02 10:26:28 [self-0003-0-attack] Route planned: Target = 80 Mode = defense city-free reachable tiles = 267 Fallback-Tiles = 269
2026-06-02 10:26:28 [self-0003-0-attack] Priority agent: edge reuse -9000, flow +6000 base = 214102 final = 211102
2026-06-02 10:26:28 [self-0003-0-attack] Move #313: 79 -> 80 | Army: 2 | Target-Terrain: 1 | Target: 80 | Half: False
2026-06-02 10:26:28 [self-0003-0-attack] My general index: 25
2026-06-02 10:26:28 [self-0003-0-attack] Enemy general index: None
2026-06-02 10:26:28 [self-0003-0-attack] Visible enemy tiles: 8
2026-06-02 10:26:28 [self-0003-0-attack] Tiles: 23 / 51
2026-06-02 10:26:28 [self-0003-0-attack] Map: 18 x 19 Turn: 332
2026-06-02 10:26:28 [self-0003-0-attack] Route planned: Target = 80 Mode = defense city-free reachable tiles = 267 Fallback-Tiles = 269
2026-06-02 10:26:28 [self-0003-0-attack] Priority agent: edge reuse -45000 base = 180053 final = 135053
2026-06-02 10:26:28 [self-0003-0-attack] Move #314: 62 -> 80 | Army: 53 | Target-Terrain: 1 | Target: 80 | Half: False
2026-06-02 10:26:29 [self-0003-0-attack] My general index: 25
2026-06-02 10:26:29 [self-0003-0-attack] Enemy general index: None
2026-06-02 10:26:29 [self-0003-0-attack] Visible enemy tiles: 8
2026-06-02 10:26:29 [self-0003-0-attack] Tiles: 23 / 51
2026-06-02 10:26:29 [self-0003-0-attack] Map: 18 x 19 Turn: 333
2026-06-02 10:26:29 [self-0003-0-attack] Route planned: Target = 62 Mode = defense city-free reachable tiles = 267 Fallback-Tiles = 269
2026-06-02 10:26:29 [self-0003-0-attack] Move #315: 9 -> 27 | Army: 2 | Target-Terrain: 1 | Target: 62 | Half: False
2026-06-02 10:26:29 [self-0003-0-attack] My general index: 25
2026-06-02 10:26:29 [self-0003-0-attack] Enemy general index: None
2026-06-02 10:26:29 [self-0003-0-attack] Visible enemy tiles: 8
2026-06-02 10:26:29 [self-0003-0-attack] Tiles: 23 / 51
2026-06-02 10:26:29 [self-0003-0-attack] Map: 18 x 19 Turn: 334
2026-06-02 10:26:29 [self-0003-0-attack] Route planned: Target = 62 Mode = defense city-free reachable tiles = 267 Fallback-Tiles = 269
2026-06-02 10:26:29 [self-0003-0-attack] Priority agent: edge reuse -45000 base = 190304 final = 145304
2026-06-02 10:26:29 [self-0003-0-attack] Move #316: 80 -> 62 | Army: 54 | Target-Terrain: 1 | Target: 62 | Half: False
2026-06-02 10:26:30 [self-0003-0-attack] My general index: 25
2026-06-02 10:26:30 [self-0003-0-attack] Enemy general index: None
2026-06-02 10:26:30 [self-0003-0-attack] Visible enemy tiles: 8
2026-06-02 10:26:30 [self-0003-0-attack] Tiles: 23 / 51
2026-06-02 10:26:30 [self-0003-0-attack] Map: 18 x 19 Turn: 335
2026-06-02 10:26:30 [self-0003-0-attack] Route planned: Target = 80 Mode = defense city-free reachable tiles = 267 Fallback-Tiles = 269
2026-06-02 10:26:30 [self-0003-0-attack] Move #317: 27 -> 45 | Army: 2 | Target-Terrain: 1 | Target: 80 | Half: False
2026-06-02 10:26:30 [self-0003-0-attack] My general index: 25
2026-06-02 10:26:30 [self-0003-0-attack] Enemy general index: None
2026-06-02 10:26:30 [self-0003-0-attack] Visible enemy tiles: 8
2026-06-02 10:26:30 [self-0003-0-attack] Tiles: 23 / 51
2026-06-02 10:26:30 [self-0003-0-attack] Map: 18 x 19 Turn: 336
2026-06-02 10:26:30 [self-0003-0-attack] Route planned: Target = 80 Mode = defense city-free reachable tiles = 267 Fallback-Tiles = 269
2026-06-02 10:26:30 [self-0003-0-attack] Priority agent: edge reuse -45000 base = 180054 final = 135054
2026-06-02 10:26:30 [self-0003-0-attack] Move #318: 62 -> 80 | Army: 54 | Target-Terrain: 1 | Target: 80 | Half: False
2026-06-02 10:26:31 [self-0003-0-attack] My general index: 25
2026-06-02 10:26:31 [self-0003-0-attack] Enemy general index: None
2026-06-02 10:26:31 [self-0003-0-attack] Visible enemy tiles: 8
2026-06-02 10:26:31 [self-0003-0-attack] Tiles: 23 / 51
2026-06-02 10:26:31 [self-0003-0-attack] Map: 18 x 19 Turn: 337
2026-06-02 10:26:31 [self-0003-0-attack] Route planned: Target = 62 Mode = defense city-free reachable tiles = 267 Fallback-Tiles = 269
2026-06-02 10:26:31 [self-0003-0-attack] Priority agent: edge reuse -9000 base = 124262 final = 115262
2026-06-02 10:26:31 [self-0003-0-attack] Move #319: 45 -> 63 | Army: 2 | Target-Terrain: 1 | Target: 62 | Half: False
2026-06-02 10:26:31 [self-0003-0-attack] My general index: 25
2026-06-02 10:26:31 [self-0003-0-attack] Enemy general index: None
2026-06-02 10:26:31 [self-0003-0-attack] Visible enemy tiles: 8
2026-06-02 10:26:31 [self-0003-0-attack] Tiles: 23 / 51
2026-06-02 10:26:31 [self-0003-0-attack] Map: 18 x 19 Turn: 338
2026-06-02 10:26:31 [self-0003-0-attack] Route planned: Target = 62 Mode = defense city-free reachable tiles = 267 Fallback-Tiles = 269
2026-06-02 10:26:31 [self-0003-0-attack] Priority agent: edge reuse -9000, flow +6000 base = 224352 final = 221352
2026-06-02 10:26:31 [self-0003-0-attack] Move #320: 63 -> 62 | Army: 2 | Target-Terrain: 1 | Target: 62 | Half: False
2026-06-02 10:26:32 [self-0003-0-attack] My general index: 25
2026-06-02 10:26:32 [self-0003-0-attack] Enemy general index: None
2026-06-02 10:26:32 [self-0003-0-attack] Visible enemy tiles: 8
2026-06-02 10:26:32 [self-0003-0-attack] Tiles: 23 / 51
2026-06-02 10:26:32 [self-0003-0-attack] Map: 18 x 19 Turn: 339
2026-06-02 10:26:32 [self-0003-0-attack] Route planned: Target = 62 Mode = defense city-free reachable tiles = 267 Fallback-Tiles = 269
2026-06-02 10:26:32 [self-0003-0-attack] Priority agent: edge reuse -45000 base = 190304 final = 145304
2026-06-02 10:26:32 [self-0003-0-attack] Move #321: 80 -> 62 | Army: 54 | Target-Terrain: 1 | Target: 62 | Half: False
2026-06-02 10:26:32 [self-0003-0-attack] My general index: 25
2026-06-02 10:26:32 [self-0003-0-attack] Enemy general index: None
2026-06-02 10:26:32 [self-0003-0-attack] Visible enemy tiles: 8
2026-06-02 10:26:32 [self-0003-0-attack] Tiles: 23 / 51
2026-06-02 10:26:32 [self-0003-0-attack] Map: 18 x 19 Turn: 340
2026-06-02 10:26:32 [self-0003-0-attack] Route planned: Target = 80 Mode = defense city-free reachable tiles = 267 Fallback-Tiles = 269
2026-06-02 10:26:32 [self-0003-0-attack] Move #322: 42 -> 60 | Army: 2 | Target-Terrain: 1 | Target: 80 | Half: False
2026-06-02 10:26:33 [self-0003-0-attack] My general index: 25
2026-06-02 10:26:33 [self-0003-0-attack] Enemy general index: None
2026-06-02 10:26:33 [self-0003-0-attack] Visible enemy tiles: 8
2026-06-02 10:26:33 [self-0003-0-attack] Tiles: 23 / 51
2026-06-02 10:26:33 [self-0003-0-attack] Map: 18 x 19 Turn: 341
2026-06-02 10:26:33 [self-0003-0-attack] Route planned: Target = 80 Mode = defense city-free reachable tiles = 267 Fallback-Tiles = 269
2026-06-02 10:26:33 [self-0003-0-attack] Priority agent: edge reuse -45000 base = 180055 final = 135055
2026-06-02 10:26:33 [self-0003-0-attack] Move #323: 62 -> 80 | Army: 55 | Target-Terrain: 1 | Target: 80 | Half: False
2026-06-02 10:26:33 [self-0003-0-attack] My general index: 25
2026-06-02 10:26:33 [self-0003-0-attack] Enemy general index: None
2026-06-02 10:26:33 [self-0003-0-attack] Visible enemy tiles: 8
2026-06-02 10:26:33 [self-0003-0-attack] Tiles: 23 / 51
2026-06-02 10:26:33 [self-0003-0-attack] Map: 18 x 19 Turn: 342
2026-06-02 10:26:33 [self-0003-0-attack] Route planned: Target = 62 Mode = defense city-free reachable tiles = 267 Fallback-Tiles = 269
2026-06-02 10:26:33 [self-0003-0-attack] Priority agent: reverse -35000, edge reuse -54000 base = 193405 final = 104405
2026-06-02 10:26:33 [self-0003-0-attack] Move #324: 80 -> 62 | Army: 55 | Target-Terrain: 1 | Target: 62 | Half: False
2026-06-02 10:26:34 [self-0003-0-attack] My general index: 25
2026-06-02 10:26:34 [self-0003-0-attack] Enemy general index: None
2026-06-02 10:26:34 [self-0003-0-attack] Visible enemy tiles: 8
2026-06-02 10:26:34 [self-0003-0-attack] Tiles: 23 / 51
2026-06-02 10:26:34 [self-0003-0-attack] Map: 18 x 19 Turn: 343
2026-06-02 10:26:34 [self-0003-0-attack] Route planned: Target = 80 Mode = defense city-free reachable tiles = 267 Fallback-Tiles = 269
2026-06-02 10:26:34 [self-0003-0-attack] Move #325: 59 -> 60 | Army: 2 | Target-Terrain: 1 | Target: 80 | Half: False
2026-06-02 10:26:34 [self-0003-0-attack] My general index: 25
2026-06-02 10:26:34 [self-0003-0-attack] Enemy general index: None
2026-06-02 10:26:34 [self-0003-0-attack] Visible enemy tiles: 8
2026-06-02 10:26:34 [self-0003-0-attack] Tiles: 23 / 51
2026-06-02 10:26:34 [self-0003-0-attack] Map: 18 x 19 Turn: 344
2026-06-02 10:26:34 [self-0003-0-attack] Route planned: Target = 80 Mode = defense city-free reachable tiles = 267 Fallback-Tiles = 269
2026-06-02 10:26:34 [self-0003-0-attack] Priority agent: flow +6000 base = 124527 final = 130527
2026-06-02 10:26:34 [self-0003-0-attack] Move #326: 60 -> 78 | Army: 7 | Target-Terrain: 1 | Target: 80 | Half: False
2026-06-02 10:26:35 [self-0003-0-attack] My general index: 25
2026-06-02 10:26:35 [self-0003-0-attack] Enemy general index: None
2026-06-02 10:26:35 [self-0003-0-attack] Visible enemy tiles: 8
2026-06-02 10:26:35 [self-0003-0-attack] Tiles: 23 / 51
2026-06-02 10:26:35 [self-0003-0-attack] Map: 18 x 19 Turn: 345
2026-06-02 10:26:35 [self-0003-0-attack] Route planned: Target = 80 Mode = defense city-free reachable tiles = 267 Fallback-Tiles = 269
2026-06-02 10:26:35 [self-0003-0-attack] Priority agent: flow +6000 base = 126467 final = 132467
2026-06-02 10:26:35 [self-0003-0-attack] Move #327: 78 -> 79 | Army: 7 | Target-Terrain: 1 | Target: 80 | Half: False
2026-06-02 10:26:35 [self-0003-0-attack] My general index: 25
2026-06-02 10:26:35 [self-0003-0-attack] Enemy general index: None
2026-06-02 10:26:35 [self-0003-0-attack] Visible enemy tiles: 8
2026-06-02 10:26:35 [self-0003-0-attack] Tiles: 23 / 51
2026-06-02 10:26:35 [self-0003-0-attack] Map: 18 x 19 Turn: 346
2026-06-02 10:26:35 [self-0003-0-attack] Route planned: Target = 80 Mode = defense city-free reachable tiles = 267 Fallback-Tiles = 269
2026-06-02 10:26:35 [self-0003-0-attack] Priority agent: flow +6000 base = 216307 final = 222307
2026-06-02 10:26:35 [self-0003-0-attack] Move #328: 79 -> 80 | Army: 7 | Target-Terrain: 1 | Target: 80 | Half: False
2026-06-02 10:26:36 [self-0003-0-attack] Coach: catch_up_expand tiles 23/51 army 246/314 cities 0/0 enemy_city_suspect False bias {'expansion_bias': 1.4, 'city_bias': 0.1, 'attack_bias': 0.8, 'defense_bias': 0.0, 'route_bias': 1.0}
2026-06-02 10:26:36 [self-0003-0-attack] My general index: 25
2026-06-02 10:26:36 [self-0003-0-attack] Enemy general index: None
2026-06-02 10:26:36 [self-0003-0-attack] Visible enemy tiles: 8
2026-06-02 10:26:36 [self-0003-0-attack] Tiles: 23 / 51
2026-06-02 10:26:36 [self-0003-0-attack] Map: 18 x 19 Turn: 347
2026-06-02 10:26:36 [self-0003-0-attack] Route planned: Target = 80 Mode = defense city-free reachable tiles = 267 Fallback-Tiles = 269
2026-06-02 10:26:36 [self-0003-0-attack] Priority agent: edge reuse -45000 base = 180055 final = 135055
2026-06-02 10:26:36 [self-0003-0-attack] Move #329: 62 -> 80 | Army: 55 | Target-Terrain: 1 | Target: 80 | Half: False
2026-06-02 10:26:36 [self-0003-0-attack] My general index: 25
2026-06-02 10:26:36 [self-0003-0-attack] Enemy general index: None
2026-06-02 10:26:36 [self-0003-0-attack] Visible enemy tiles: 8
2026-06-02 10:26:36 [self-0003-0-attack] Tiles: 23 / 51
2026-06-02 10:26:36 [self-0003-0-attack] Map: 18 x 19 Turn: 348
2026-06-02 10:26:36 [self-0003-0-attack] Route planned: Target = 62 Mode = defense city-free reachable tiles = 267 Fallback-Tiles = 269
2026-06-02 10:26:36 [self-0003-0-attack] Priority agent: reverse -35000, edge reuse -54000 base = 193411 final = 104411
2026-06-02 10:26:36 [self-0003-0-attack] Move #330: 80 -> 62 | Army: 61 | Target-Terrain: 1 | Target: 62 | Half: False
2026-06-02 10:26:37 [self-0003-0-attack] My general index: 25
2026-06-02 10:26:37 [self-0003-0-attack] Enemy general index: None
2026-06-02 10:26:37 [self-0003-0-attack] Visible enemy tiles: 8
2026-06-02 10:26:37 [self-0003-0-attack] Tiles: 23 / 51
2026-06-02 10:26:37 [self-0003-0-attack] Map: 18 x 19 Turn: 349
2026-06-02 10:26:37 [self-0003-0-attack] Route planned: Target = 80 Mode = defense city-free reachable tiles = 267 Fallback-Tiles = 269
2026-06-02 10:26:37 [self-0003-0-attack] Move #331: 24 -> 42 | Army: 2 | Target-Terrain: 1 | Target: 80 | Half: False
2026-06-02 10:26:37 [self-0003-0-attack] My general index: 25
2026-06-02 10:26:37 [self-0003-0-attack] Enemy general index: None
2026-06-02 10:26:37 [self-0003-0-attack] Visible enemy tiles: 8
2026-06-02 10:26:37 [self-0003-0-attack] Tiles: 23 / 51
2026-06-02 10:26:37 [self-0003-0-attack] Map: 18 x 19 Turn: 350
2026-06-02 10:26:37 [self-0003-0-attack] Route planned: Target = 80 Mode = defense city-free reachable tiles = 267 Fallback-Tiles = 269
2026-06-02 10:26:37 [self-0003-0-attack] Move #332: 81 -> 80 | Army: 2 | Target-Terrain: 1 | Target: 80 | Half: False
2026-06-02 10:26:38 [self-0003-0-attack] My general index: 25
2026-06-02 10:26:38 [self-0003-0-attack] Enemy general index: None
2026-06-02 10:26:38 [self-0003-0-attack] Visible enemy tiles: 8
2026-06-02 10:26:38 [self-0003-0-attack] Tiles: 23 / 51
2026-06-02 10:26:38 [self-0003-0-attack] Map: 18 x 19 Turn: 351
2026-06-02 10:26:38 [self-0003-0-attack] Route planned: Target = 80 Mode = defense city-free reachable tiles = 267 Fallback-Tiles = 269
2026-06-02 10:26:38 [self-0003-0-attack] Priority agent: edge reuse -9000 base = 227502 final = 218502
2026-06-02 10:26:38 [self-0003-0-attack] Move #333: 79 -> 80 | Army: 2 | Target-Terrain: 1 | Target: 80 | Half: False
2026-06-02 10:26:38 [self-0003-0-attack] My general index: 25
2026-06-02 10:26:38 [self-0003-0-attack] Enemy general index: None
2026-06-02 10:26:38 [self-0003-0-attack] Visible enemy tiles: 8
2026-06-02 10:26:38 [self-0003-0-attack] Tiles: 23 / 51
2026-06-02 10:26:38 [self-0003-0-attack] Map: 18 x 19 Turn: 352
2026-06-02 10:26:38 [self-0003-0-attack] Route planned: Target = 80 Mode = defense city-free reachable tiles = 267 Fallback-Tiles = 269
2026-06-02 10:26:38 [self-0003-0-attack] Move #334: 43 -> 61 | Army: 55 | Target-Terrain: -1 | Target: 80 | Half: False
2026-06-02 10:26:39 [self-0003-0-attack] My general index: 25
2026-06-02 10:26:39 [self-0003-0-attack] Enemy general index: None
2026-06-02 10:26:39 [self-0003-0-attack] Visible enemy tiles: 8
2026-06-02 10:26:39 [self-0003-0-attack] Tiles: 24 / 51
2026-06-02 10:26:39 [self-0003-0-attack] Map: 18 x 19 Turn: 353
2026-06-02 10:26:39 [self-0003-0-attack] Route planned: Target = 80 Mode = defense city-free reachable tiles = 267 Fallback-Tiles = 269
2026-06-02 10:26:39 [self-0003-0-attack] Priority agent: edge reuse -45000 base = 195312 final = 150312
2026-06-02 10:26:39 [self-0003-0-attack] Move #335: 62 -> 80 | Army: 62 | Target-Terrain: 1 | Target: 80 | Half: False
2026-06-02 10:26:39 [self-0003-0-attack] My general index: 25
2026-06-02 10:26:39 [self-0003-0-attack] Enemy general index: None
2026-06-02 10:26:39 [self-0003-0-attack] Visible enemy tiles: 8
2026-06-02 10:26:39 [self-0003-0-attack] Tiles: 24 / 51
2026-06-02 10:26:39 [self-0003-0-attack] Map: 18 x 19 Turn: 354
2026-06-02 10:26:39 [self-0003-0-attack] Route planned: Target = 62 Mode = defense city-free reachable tiles = 267 Fallback-Tiles = 269
2026-06-02 10:26:39 [self-0003-0-attack] Move #336: 63 -> 62 | Army: 2 | Target-Terrain: 1 | Target: 62 | Half: False
2026-06-02 10:26:40 [self-0003-0-attack] My general index: 25
2026-06-02 10:26:40 [self-0003-0-attack] Enemy general index: None
2026-06-02 10:26:40 [self-0003-0-attack] Visible enemy tiles: 8
2026-06-02 10:26:40 [self-0003-0-attack] Tiles: 24 / 51
2026-06-02 10:26:40 [self-0003-0-attack] Map: 18 x 19 Turn: 355
2026-06-02 10:26:40 [self-0003-0-attack] Route planned: Target = 62 Mode = defense city-free reachable tiles = 267 Fallback-Tiles = 269
2026-06-02 10:26:40 [self-0003-0-attack] Move #337: 61 -> 62 | Army: 6 | Target-Terrain: 1 | Target: 62 | Half: False
2026-06-02 10:26:40 [self-0003-0-attack] My general index: 25
2026-06-02 10:26:40 [self-0003-0-attack] Enemy general index: None
2026-06-02 10:26:40 [self-0003-0-attack] Visible enemy tiles: 8
2026-06-02 10:26:40 [self-0003-0-attack] Tiles: 24 / 51
2026-06-02 10:26:40 [self-0003-0-attack] Map: 18 x 19 Turn: 356
2026-06-02 10:26:40 [self-0003-0-attack] Route planned: Target = 62 Mode = defense city-free reachable tiles = 267 Fallback-Tiles = 269
2026-06-02 10:26:40 [self-0003-0-attack] Priority agent: edge reuse -9000 base = 219252 final = 210252
2026-06-02 10:26:40 [self-0003-0-attack] Move #338: 61 -> 62 | Army: 2 | Target-Terrain: 1 | Target: 62 | Half: False
2026-06-02 10:26:41 [self-0003-0-attack] My general index: 25
2026-06-02 10:26:41 [self-0003-0-attack] Enemy general index: None
2026-06-02 10:26:41 [self-0003-0-attack] Visible enemy tiles: 8
2026-06-02 10:26:41 [self-0003-0-attack] Tiles: 24 / 51
2026-06-02 10:26:41 [self-0003-0-attack] Map: 18 x 19 Turn: 357
2026-06-02 10:26:41 [self-0003-0-attack] Route planned: Target = 62 Mode = defense city-free reachable tiles = 267 Fallback-Tiles = 269
2026-06-02 10:26:41 [self-0003-0-attack] Priority agent: edge reuse -27000 base = 201865 final = 174865
2026-06-02 10:26:41 [self-0003-0-attack] Move #339: 80 -> 62 | Army: 65 | Target-Terrain: 1 | Target: 62 | Half: False
2026-06-02 10:26:41 [self-0003-0-attack] My general index: 25
2026-06-02 10:26:41 [self-0003-0-attack] Enemy general index: None
2026-06-02 10:26:41 [self-0003-0-attack] Visible enemy tiles: 8
2026-06-02 10:26:41 [self-0003-0-attack] Tiles: 24 / 51
2026-06-02 10:26:41 [self-0003-0-attack] Map: 18 x 19 Turn: 358
2026-06-02 10:26:41 [self-0003-0-attack] Route planned: Target = 80 Mode = defense city-free reachable tiles = 267 Fallback-Tiles = 269
2026-06-02 10:26:41 [self-0003-0-attack] Move #340: 45 -> 63 | Army: 2 | Target-Terrain: 1 | Target: 80 | Half: False
2026-06-02 10:26:42 [self-0003-0-attack] My general index: 25
2026-06-02 10:26:42 [self-0003-0-attack] Enemy general index: None
2026-06-02 10:26:42 [self-0003-0-attack] Visible enemy tiles: 9
2026-06-02 10:26:42 [self-0003-0-attack] Tiles: 23 / 52
2026-06-02 10:26:42 [self-0003-0-attack] Map: 18 x 19 Turn: 359
2026-06-02 10:26:42 [self-0003-0-attack] Route planned: Target = 80 Mode = defense city-free reachable tiles = 267 Fallback-Tiles = 269
2026-06-02 10:26:42 [self-0003-0-attack] Priority agent: edge reuse -36000 base = 228572 final = 192572
2026-06-02 10:26:42 [self-0003-0-attack] Move #341: 62 -> 80 | Army: 72 | Target-Terrain: 0 | Target: 80 | Half: False
2026-06-02 10:26:42 [self-0003-0-attack] My general index: 25
2026-06-02 10:26:42 [self-0003-0-attack] Enemy general index: None
2026-06-02 10:26:42 [self-0003-0-attack] Visible enemy tiles: 8
2026-06-02 10:26:42 [self-0003-0-attack] Tiles: 24 / 51
2026-06-02 10:26:42 [self-0003-0-attack] Map: 18 x 19 Turn: 360
2026-06-02 10:26:42 [self-0003-0-attack] Route planned: Target = 62 Mode = defense city-free reachable tiles = 267 Fallback-Tiles = 269
2026-06-02 10:26:42 [self-0003-0-attack] Priority agent: edge reuse -9000 base = 239502 final = 230502
2026-06-02 10:26:42 [self-0003-0-attack] Move #342: 63 -> 62 | Army: 2 | Target-Terrain: 1 | Target: 62 | Half: False
2026-06-02 10:26:43 [self-0003-0-attack] My general index: 25
2026-06-02 10:26:43 [self-0003-0-attack] Enemy general index: None
2026-06-02 10:26:43 [self-0003-0-attack] Visible enemy tiles: 8
2026-06-02 10:26:43 [self-0003-0-attack] Tiles: 24 / 51
2026-06-02 10:26:43 [self-0003-0-attack] Map: 18 x 19 Turn: 361
2026-06-02 10:26:43 [self-0003-0-attack] Route planned: Target = 62 Mode = defense city-free reachable tiles = 267 Fallback-Tiles = 269
2026-06-02 10:26:43 [self-0003-0-attack] Priority agent: edge reuse -18000 base = 207853 final = 189853
2026-06-02 10:26:43 [self-0003-0-attack] Move #343: 61 -> 62 | Army: 3 | Target-Terrain: 1 | Target: 62 | Half: False
2026-06-02 10:26:43 [self-0003-0-attack] My general index: 25
2026-06-02 10:26:43 [self-0003-0-attack] Enemy general index: None
2026-06-02 10:26:43 [self-0003-0-attack] Visible enemy tiles: 8
2026-06-02 10:26:43 [self-0003-0-attack] Tiles: 24 / 51
2026-06-02 10:26:43 [self-0003-0-attack] Map: 18 x 19 Turn: 362
2026-06-02 10:26:43 [self-0003-0-attack] Route planned: Target = 62 Mode = defense city-free reachable tiles = 267 Fallback-Tiles = 269
2026-06-02 10:26:43 [self-0003-0-attack] Priority agent: edge reuse -27000 base = 207852 final = 180852
2026-06-02 10:26:43 [self-0003-0-attack] Move #344: 61 -> 62 | Army: 2 | Target-Terrain: 1 | Target: 62 | Half: False
2026-06-02 10:26:44 [self-0003-0-attack] My general index: 25
2026-06-02 10:26:44 [self-0003-0-attack] Enemy general index: None
2026-06-02 10:26:44 [self-0003-0-attack] Visible enemy tiles: 8
2026-06-02 10:26:44 [self-0003-0-attack] Tiles: 24 / 51
2026-06-02 10:26:44 [self-0003-0-attack] Map: 18 x 19 Turn: 363
2026-06-02 10:26:44 [self-0003-0-attack] Route planned: Target = 62 Mode = defense city-free reachable tiles = 267 Fallback-Tiles = 269
2026-06-02 10:26:44 [self-0003-0-attack] Priority agent: edge reuse -27000 base = 205469 final = 178469
2026-06-02 10:26:44 [self-0003-0-attack] Move #345: 80 -> 62 | Army: 69 | Target-Terrain: 1 | Target: 62 | Half: False
2026-06-02 10:26:44 [self-0003-0-attack] My general index: 25
2026-06-02 10:26:44 [self-0003-0-attack] Enemy general index: None
2026-06-02 10:26:44 [self-0003-0-attack] Visible enemy tiles: 8
2026-06-02 10:26:44 [self-0003-0-attack] Tiles: 24 / 51
2026-06-02 10:26:44 [self-0003-0-attack] Map: 18 x 19 Turn: 364
2026-06-02 10:26:44 [self-0003-0-attack] Route planned: Target = 80 Mode = defense city-free reachable tiles = 267 Fallback-Tiles = 269
2026-06-02 10:26:44 [self-0003-0-attack] Move #346: 78 -> 79 | Army: 2 | Target-Terrain: 1 | Target: 80 | Half: False
2026-06-02 10:26:45 [self-0003-0-attack] My general index: 25
2026-06-02 10:26:45 [self-0003-0-attack] Enemy general index: None
2026-06-02 10:26:45 [self-0003-0-attack] Visible enemy tiles: 8
2026-06-02 10:26:45 [self-0003-0-attack] Tiles: 24 / 51
2026-06-02 10:26:45 [self-0003-0-attack] Map: 18 x 19 Turn: 365
2026-06-02 10:26:45 [self-0003-0-attack] Route planned: Target = 80 Mode = defense city-free reachable tiles = 267 Fallback-Tiles = 269
2026-06-02 10:26:45 [self-0003-0-attack] Priority agent: edge reuse -9000, flow +6000 base = 229352 final = 226352
2026-06-02 10:26:45 [self-0003-0-attack] Move #347: 79 -> 80 | Army: 2 | Target-Terrain: 1 | Target: 80 | Half: False
2026-06-02 10:26:45 [self-0003-0-attack] My general index: 25
2026-06-02 10:26:45 [self-0003-0-attack] Enemy general index: None
2026-06-02 10:26:45 [self-0003-0-attack] Visible enemy tiles: 9
2026-06-02 10:26:45 [self-0003-0-attack] Tiles: 23 / 52
2026-06-02 10:26:45 [self-0003-0-attack] Map: 18 x 19 Turn: 366
2026-06-02 10:26:45 [self-0003-0-attack] Route planned: Target = 80 Mode = defense city-free reachable tiles = 267 Fallback-Tiles = 269
2026-06-02 10:26:45 [self-0003-0-attack] Priority agent: edge reuse -36000 base = 195323 final = 159323
2026-06-02 10:26:45 [self-0003-0-attack] Move #348: 62 -> 80 | Army: 73 | Target-Terrain: 1 | Target: 80 | Half: False
2026-06-02 10:26:46 [self-0003-0-attack] My general index: 25
2026-06-02 10:26:46 [self-0003-0-attack] Enemy general index: None
2026-06-02 10:26:46 [self-0003-0-attack] Visible enemy tiles: 9
2026-06-02 10:26:46 [self-0003-0-attack] Tiles: 23 / 52
2026-06-02 10:26:46 [self-0003-0-attack] Map: 18 x 19 Turn: 367
2026-06-02 10:26:46 [self-0003-0-attack] Route planned: Target = 62 Mode = defense city-free reachable tiles = 267 Fallback-Tiles = 269
2026-06-02 10:26:46 [self-0003-0-attack] Priority agent: edge reuse -36000 base = 210253 final = 174253
2026-06-02 10:26:46 [self-0003-0-attack] Move #349: 61 -> 62 | Army: 3 | Target-Terrain: 1 | Target: 62 | Half: False
2026-06-02 10:26:46 [self-0003-0-attack] My general index: 25
2026-06-02 10:26:46 [self-0003-0-attack] Enemy general index: None
2026-06-02 10:26:46 [self-0003-0-attack] Visible enemy tiles: 9
2026-06-02 10:26:46 [self-0003-0-attack] Tiles: 23 / 52
2026-06-02 10:26:46 [self-0003-0-attack] Map: 18 x 19 Turn: 368
2026-06-02 10:26:46 [self-0003-0-attack] Route planned: Target = 62 Mode = defense city-free reachable tiles = 267 Fallback-Tiles = 269
2026-06-02 10:26:46 [self-0003-0-attack] Priority agent: edge reuse -36000 base = 207874 final = 171874
2026-06-02 10:26:46 [self-0003-0-attack] Move #350: 80 -> 62 | Army: 74 | Target-Terrain: 1 | Target: 62 | Half: False
2026-06-02 10:26:47 [self-0003-0-attack] My general index: 25
2026-06-02 10:26:47 [self-0003-0-attack] Enemy general index: None
2026-06-02 10:26:47 [self-0003-0-attack] Visible enemy tiles: 9
2026-06-02 10:26:47 [self-0003-0-attack] Tiles: 23 / 52
2026-06-02 10:26:47 [self-0003-0-attack] Map: 18 x 19 Turn: 369
2026-06-02 10:26:47 [self-0003-0-attack] Route planned: Target = 80 Mode = defense city-free reachable tiles = 267 Fallback-Tiles = 269
2026-06-02 10:26:47 [self-0003-0-attack] Move #351: 64 -> 63 | Army: 2 | Target-Terrain: 1 | Target: 80 | Half: False
2026-06-02 10:26:47 [self-0003-0-attack] My general index: 25
2026-06-02 10:26:47 [self-0003-0-attack] Enemy general index: None
2026-06-02 10:26:47 [self-0003-0-attack] Visible enemy tiles: 10
2026-06-02 10:26:47 [self-0003-0-attack] Tiles: 22 / 53
2026-06-02 10:26:47 [self-0003-0-attack] Map: 18 x 19 Turn: 370
2026-06-02 10:26:47 [self-0003-0-attack] Route planned: Target = 80 Mode = defense city-free reachable tiles = 267 Fallback-Tiles = 269
2026-06-02 10:26:47 [self-0003-0-attack] Priority agent: edge reuse -45000 base = 232176 final = 187176
2026-06-02 10:26:47 [self-0003-0-attack] Move #352: 62 -> 80 | Army: 76 | Target-Terrain: 0 | Target: 80 | Half: False
2026-06-02 10:26:48 [self-0003-0-attack] My general index: 25
2026-06-02 10:26:48 [self-0003-0-attack] Enemy general index: None
2026-06-02 10:26:48 [self-0003-0-attack] Visible enemy tiles: 9
2026-06-02 10:26:48 [self-0003-0-attack] Tiles: 23 / 52
2026-06-02 10:26:48 [self-0003-0-attack] Map: 18 x 19 Turn: 371
2026-06-02 10:26:48 [self-0003-0-attack] Route planned: Target = 62 Mode = defense city-free reachable tiles = 267 Fallback-Tiles = 269
2026-06-02 10:26:48 [self-0003-0-attack] Priority agent: edge reuse -9000 base = 241902 final = 232902
2026-06-02 10:26:48 [self-0003-0-attack] Move #353: 63 -> 62 | Army: 2 | Target-Terrain: 1 | Target: 62 | Half: False
2026-06-02 10:26:48 [self-0003-0-attack] My general index: 25
2026-06-02 10:26:48 [self-0003-0-attack] Enemy general index: None
2026-06-02 10:26:48 [self-0003-0-attack] Visible enemy tiles: 9
2026-06-02 10:26:48 [self-0003-0-attack] Tiles: 23 / 52
2026-06-02 10:26:48 [self-0003-0-attack] Map: 18 x 19 Turn: 372
2026-06-02 10:26:48 [self-0003-0-attack] Route planned: Target = 62 Mode = defense city-free reachable tiles = 267 Fallback-Tiles = 269
2026-06-02 10:26:48 [self-0003-0-attack] Priority agent: edge reuse -27000 base = 210254 final = 183254
2026-06-02 10:26:48 [self-0003-0-attack] Move #354: 61 -> 62 | Army: 4 | Target-Terrain: 1 | Target: 62 | Half: False
2026-06-02 10:26:49 [self-0003-0-attack] My general index: 25
2026-06-02 10:26:49 [self-0003-0-attack] Enemy general index: None
2026-06-02 10:26:49 [self-0003-0-attack] Visible enemy tiles: 9
2026-06-02 10:26:49 [self-0003-0-attack] Tiles: 23 / 52
2026-06-02 10:26:49 [self-0003-0-attack] Map: 18 x 19 Turn: 373
2026-06-02 10:26:49 [self-0003-0-attack] Route planned: Target = 62 Mode = defense city-free reachable tiles = 267 Fallback-Tiles = 269
2026-06-02 10:26:49 [self-0003-0-attack] Priority agent: edge reuse -45000 base = 207874 final = 162874
2026-06-02 10:26:49 [self-0003-0-attack] Move #355: 80 -> 62 | Army: 74 | Target-Terrain: 1 | Target: 62 | Half: False
2026-06-02 10:26:49 [self-0003-0-attack] My general index: 25
2026-06-02 10:26:49 [self-0003-0-attack] Enemy general index: None
2026-06-02 10:26:49 [self-0003-0-attack] Visible enemy tiles: 9
2026-06-02 10:26:49 [self-0003-0-attack] Tiles: 23 / 52
2026-06-02 10:26:49 [self-0003-0-attack] Map: 18 x 19 Turn: 374
2026-06-02 10:26:49 [self-0003-0-attack] Route planned: Target = 80 Mode = defense city-free reachable tiles = 267 Fallback-Tiles = 269
2026-06-02 10:26:49 [self-0003-0-attack] Move #356: 42 -> 60 | Army: 3 | Target-Terrain: 1 | Target: 80 | Half: False
2026-06-02 10:26:50 [self-0003-0-attack] My general index: 25
2026-06-02 10:26:50 [self-0003-0-attack] Enemy general index: None
2026-06-02 10:26:50 [self-0003-0-attack] Visible enemy tiles: 9
2026-06-02 10:26:50 [self-0003-0-attack] Tiles: 23 / 52
2026-06-02 10:26:50 [self-0003-0-attack] Map: 18 x 19 Turn: 375
2026-06-02 10:26:50 [self-0003-0-attack] Route planned: Target = 80 Mode = defense city-free reachable tiles = 267 Fallback-Tiles = 269
2026-06-02 10:26:50 [self-0003-0-attack] Priority agent: flow +6000 base = 172524 final = 178524
2026-06-02 10:26:50 [self-0003-0-attack] Move #357: 60 -> 78 | Army: 4 | Target-Terrain: 0 | Target: 80 | Half: False
2026-06-02 10:26:50 [self-0003-0-attack] My general index: 25
2026-06-02 10:26:50 [self-0003-0-attack] Enemy general index: None
2026-06-02 10:26:50 [self-0003-0-attack] Visible enemy tiles: 8
2026-06-02 10:26:50 [self-0003-0-attack] Tiles: 24 / 51
2026-06-02 10:26:50 [self-0003-0-attack] Map: 18 x 19 Turn: 376
2026-06-02 10:26:50 [self-0003-0-attack] Route planned: Target = 80 Mode = defense city-free reachable tiles = 267 Fallback-Tiles = 269
2026-06-02 10:26:50 [self-0003-0-attack] Priority agent: edge reuse -45000 base = 198928 final = 153928
2026-06-02 10:26:50 [self-0003-0-attack] Move #358: 62 -> 80 | Army: 78 | Target-Terrain: 1 | Target: 80 | Half: False
2026-06-02 10:26:51 [self-0003-0-attack] My general index: 25
2026-06-02 10:26:51 [self-0003-0-attack] Enemy general index: None
2026-06-02 10:26:51 [self-0003-0-attack] Visible enemy tiles: 8
2026-06-02 10:26:51 [self-0003-0-attack] Tiles: 24 / 51
2026-06-02 10:26:51 [self-0003-0-attack] Map: 18 x 19 Turn: 377
2026-06-02 10:26:51 [self-0003-0-attack] Route planned: Target = 62 Mode = defense city-free reachable tiles = 267 Fallback-Tiles = 269
2026-06-02 10:26:51 [self-0003-0-attack] Priority agent: edge reuse -18000 base = 210253 final = 192253
2026-06-02 10:26:51 [self-0003-0-attack] Move #359: 61 -> 62 | Army: 3 | Target-Terrain: 1 | Target: 62 | Half: False
2026-06-02 10:26:51 [self-0003-0-attack] My general index: 25
2026-06-02 10:26:51 [self-0003-0-attack] Enemy general index: None
2026-06-02 10:26:51 [self-0003-0-attack] Visible enemy tiles: 8
2026-06-02 10:26:51 [self-0003-0-attack] Tiles: 24 / 51
2026-06-02 10:26:51 [self-0003-0-attack] Map: 18 x 19 Turn: 378
2026-06-02 10:26:51 [self-0003-0-attack] Route planned: Target = 62 Mode = defense city-free reachable tiles = 267 Fallback-Tiles = 269
2026-06-02 10:26:51 [self-0003-0-attack] Priority agent: edge reuse -27000 base = 210252 final = 183252
2026-06-02 10:26:51 [self-0003-0-attack] Move #360: 61 -> 62 | Army: 2 | Target-Terrain: 1 | Target: 62 | Half: False
2026-06-02 10:26:52 [self-0003-0-attack] My general index: 25
2026-06-02 10:26:52 [self-0003-0-attack] Enemy general index: None
2026-06-02 10:26:52 [self-0003-0-attack] Visible enemy tiles: 8
2026-06-02 10:26:52 [self-0003-0-attack] Tiles: 24 / 51
2026-06-02 10:26:52 [self-0003-0-attack] Map: 18 x 19 Turn: 379
2026-06-02 10:26:52 [self-0003-0-attack] Route planned: Target = 62 Mode = defense city-free reachable tiles = 267 Fallback-Tiles = 269
2026-06-02 10:26:52 [self-0003-0-attack] Priority agent: edge reuse -45000 base = 207878 final = 162878
2026-06-02 10:26:52 [self-0003-0-attack] Move #361: 80 -> 62 | Army: 78 | Target-Terrain: 1 | Target: 62 | Half: False
2026-06-02 10:26:52 [self-0003-0-attack] My general index: 25
2026-06-02 10:26:52 [self-0003-0-attack] Enemy general index: None
2026-06-02 10:26:52 [self-0003-0-attack] Visible enemy tiles: 8
2026-06-02 10:26:52 [self-0003-0-attack] Tiles: 24 / 51
2026-06-02 10:26:52 [self-0003-0-attack] Map: 18 x 19 Turn: 380
2026-06-02 10:26:52 [self-0003-0-attack] Route planned: Target = 80 Mode = defense city-free reachable tiles = 267 Fallback-Tiles = 269
2026-06-02 10:26:52 [self-0003-0-attack] Move #362: 78 -> 79 | Army: 2 | Target-Terrain: 1 | Target: 80 | Half: False
2026-06-02 10:26:53 [self-0003-0-attack] My general index: 25
2026-06-02 10:26:53 [self-0003-0-attack] Enemy general index: None
2026-06-02 10:26:53 [self-0003-0-attack] Visible enemy tiles: 8
2026-06-02 10:26:53 [self-0003-0-attack] Tiles: 24 / 51
2026-06-02 10:26:53 [self-0003-0-attack] Map: 18 x 19 Turn: 381
2026-06-02 10:26:53 [self-0003-0-attack] Route planned: Target = 80 Mode = defense city-free reachable tiles = 267 Fallback-Tiles = 269
2026-06-02 10:26:53 [self-0003-0-attack] Priority agent: flow +6000 base = 232952 final = 238952
2026-06-02 10:26:53 [self-0003-0-attack] Move #363: 79 -> 80 | Army: 2 | Target-Terrain: 1 | Target: 80 | Half: False
2026-06-02 10:26:53 [self-0003-0-attack] My general index: 25
2026-06-02 10:26:53 [self-0003-0-attack] Enemy general index: None
2026-06-02 10:26:53 [self-0003-0-attack] Visible enemy tiles: 8
2026-06-02 10:26:53 [self-0003-0-attack] Tiles: 24 / 51
2026-06-02 10:26:53 [self-0003-0-attack] Map: 18 x 19 Turn: 382
2026-06-02 10:26:53 [self-0003-0-attack] Route planned: Target = 80 Mode = defense city-free reachable tiles = 267 Fallback-Tiles = 269
2026-06-02 10:26:53 [self-0003-0-attack] Priority agent: edge reuse -45000 base = 202530 final = 157530
2026-06-02 10:26:53 [self-0003-0-attack] Move #364: 62 -> 80 | Army: 81 | Target-Terrain: 1 | Target: 80 | Half: False
2026-06-02 10:26:54 [self-0003-0-attack] My general index: 25
2026-06-02 10:26:54 [self-0003-0-attack] Enemy general index: None
2026-06-02 10:26:54 [self-0003-0-attack] Visible enemy tiles: 8
2026-06-02 10:26:54 [self-0003-0-attack] Tiles: 24 / 51
2026-06-02 10:26:54 [self-0003-0-attack] Map: 18 x 19 Turn: 383
2026-06-02 10:26:54 [self-0003-0-attack] Route planned: Target = 62 Mode = defense city-free reachable tiles = 267 Fallback-Tiles = 269
2026-06-02 10:26:54 [self-0003-0-attack] Priority agent: edge reuse -27000 base = 212653 final = 185653
2026-06-02 10:26:54 [self-0003-0-attack] Move #365: 61 -> 62 | Army: 3 | Target-Terrain: 1 | Target: 62 | Half: False
2026-06-02 10:26:54 [self-0003-0-attack] My general index: 25
2026-06-02 10:26:54 [self-0003-0-attack] Enemy general index: None
2026-06-02 10:26:54 [self-0003-0-attack] Visible enemy tiles: 8
2026-06-02 10:26:54 [self-0003-0-attack] Tiles: 24 / 51
2026-06-02 10:26:54 [self-0003-0-attack] Map: 18 x 19 Turn: 384
2026-06-02 10:26:54 [self-0003-0-attack] Route planned: Target = 62 Mode = defense city-free reachable tiles = 267 Fallback-Tiles = 269
2026-06-02 10:26:54 [self-0003-0-attack] Priority agent: edge reuse -36000 base = 212652 final = 176652
2026-06-02 10:26:54 [self-0003-0-attack] Move #366: 61 -> 62 | Army: 2 | Target-Terrain: 1 | Target: 62 | Half: False
2026-06-02 10:26:55 [self-0003-0-attack] My general index: 25
2026-06-02 10:26:55 [self-0003-0-attack] Enemy general index: None
2026-06-02 10:26:55 [self-0003-0-attack] Visible enemy tiles: 8
2026-06-02 10:26:55 [self-0003-0-attack] Tiles: 24 / 51
2026-06-02 10:26:55 [self-0003-0-attack] Map: 18 x 19 Turn: 385
2026-06-02 10:26:55 [self-0003-0-attack] Route planned: Target = 62 Mode = defense city-free reachable tiles = 267 Fallback-Tiles = 269
2026-06-02 10:26:55 [self-0003-0-attack] Priority agent: edge reuse -36000 base = 210280 final = 174280
2026-06-02 10:26:55 [self-0003-0-attack] Move #367: 80 -> 62 | Army: 82 | Target-Terrain: 1 | Target: 62 | Half: False
2026-06-02 10:26:55 [self-0003-0-attack] My general index: 25
2026-06-02 10:26:55 [self-0003-0-attack] Enemy general index: None
2026-06-02 10:26:55 [self-0003-0-attack] Visible enemy tiles: 8
2026-06-02 10:26:55 [self-0003-0-attack] Tiles: 24 / 51
2026-06-02 10:26:55 [self-0003-0-attack] Map: 18 x 19 Turn: 386
2026-06-02 10:26:55 [self-0003-0-attack] Route planned: Target = 80 Mode = defense city-free reachable tiles = 267 Fallback-Tiles = 269
2026-06-02 10:26:55 [self-0003-0-attack] Move #368: 77 -> 78 | Army: 2 | Target-Terrain: 1 | Target: 80 | Half: False
2026-06-02 10:26:56 [self-0003-0-attack] My general index: 25
2026-06-02 10:26:56 [self-0003-0-attack] Enemy general index: None
2026-06-02 10:26:56 [self-0003-0-attack] Visible enemy tiles: 9
2026-06-02 10:26:56 [self-0003-0-attack] Tiles: 23 / 52
2026-06-02 10:26:56 [self-0003-0-attack] Map: 18 x 19 Turn: 387
2026-06-02 10:26:56 [self-0003-0-attack] Route planned: Target = 80 Mode = defense city-free reachable tiles = 267 Fallback-Tiles = 269
2026-06-02 10:26:56 [self-0003-0-attack] Priority agent: edge reuse -45000 base = 235780 final = 190780
2026-06-02 10:26:56 [self-0003-0-attack] Move #369: 62 -> 80 | Army: 85 | Target-Terrain: 0 | Target: 80 | Half: False
2026-06-02 10:26:56 [self-0003-0-attack] My general index: 25
2026-06-02 10:26:56 [self-0003-0-attack] Enemy general index: None
2026-06-02 10:26:56 [self-0003-0-attack] Visible enemy tiles: 8
2026-06-02 10:26:56 [self-0003-0-attack] Tiles: 24 / 51
2026-06-02 10:26:56 [self-0003-0-attack] Map: 18 x 19 Turn: 388
2026-06-02 10:26:56 [self-0003-0-attack] Route planned: Target = 62 Mode = defense city-free reachable tiles = 267 Fallback-Tiles = 269
2026-06-02 10:26:56 [self-0003-0-attack] Priority agent: edge reuse -36000 base = 212653 final = 176653
2026-06-02 10:26:56 [self-0003-0-attack] Move #370: 61 -> 62 | Army: 3 | Target-Terrain: 1 | Target: 62 | Half: False
2026-06-02 10:26:57 [self-0003-0-attack] My general index: 25
2026-06-02 10:26:57 [self-0003-0-attack] Enemy general index: None
2026-06-02 10:26:57 [self-0003-0-attack] Visible enemy tiles: 8
2026-06-02 10:26:57 [self-0003-0-attack] Tiles: 24 / 51
2026-06-02 10:26:57 [self-0003-0-attack] Map: 18 x 19 Turn: 389
2026-06-02 10:26:57 [self-0003-0-attack] Route planned: Target = 62 Mode = defense city-free reachable tiles = 267 Fallback-Tiles = 269
2026-06-02 10:26:57 [self-0003-0-attack] Priority agent: edge reuse -45000 base = 210280 final = 165280
2026-06-02 10:26:57 [self-0003-0-attack] Move #371: 80 -> 62 | Army: 83 | Target-Terrain: 1 | Target: 62 | Half: False
2026-06-02 10:26:57 [self-0003-0-attack] My general index: 25
2026-06-02 10:26:57 [self-0003-0-attack] Enemy general index: None
2026-06-02 10:26:57 [self-0003-0-attack] Visible enemy tiles: 8
2026-06-02 10:26:57 [self-0003-0-attack] Tiles: 24 / 51
2026-06-02 10:26:57 [self-0003-0-attack] Map: 18 x 19 Turn: 390
2026-06-02 10:26:57 [self-0003-0-attack] Route planned: Target = 80 Mode = defense city-free reachable tiles = 267 Fallback-Tiles = 269
2026-06-02 10:26:57 [self-0003-0-attack] Move #372: 27 -> 45 | Army: 2 | Target-Terrain: 1 | Target: 80 | Half: False
2026-06-02 10:26:58 [self-0003-0-attack] My general index: 25
2026-06-02 10:26:58 [self-0003-0-attack] Enemy general index: None
2026-06-02 10:26:58 [self-0003-0-attack] Visible enemy tiles: 8
2026-06-02 10:26:58 [self-0003-0-attack] Tiles: 24 / 51
2026-06-02 10:26:58 [self-0003-0-attack] Map: 18 x 19 Turn: 391
2026-06-02 10:26:58 [self-0003-0-attack] Route planned: Target = 80 Mode = defense city-free reachable tiles = 267 Fallback-Tiles = 269
2026-06-02 10:26:58 [self-0003-0-attack] Priority agent: edge reuse -45000 base = 202530 final = 157530
2026-06-02 10:26:58 [self-0003-0-attack] Move #373: 62 -> 80 | Army: 85 | Target-Terrain: 1 | Target: 80 | Half: False
2026-06-02 10:26:58 [self-0003-0-attack] My general index: 25
2026-06-02 10:26:58 [self-0003-0-attack] Enemy general index: None
2026-06-02 10:26:58 [self-0003-0-attack] Visible enemy tiles: 8
2026-06-02 10:26:58 [self-0003-0-attack] Tiles: 24 / 51
2026-06-02 10:26:58 [self-0003-0-attack] Map: 18 x 19 Turn: 392
2026-06-02 10:26:58 [self-0003-0-attack] Route planned: Target = 62 Mode = defense city-free reachable tiles = 267 Fallback-Tiles = 269
2026-06-02 10:26:58 [self-0003-0-attack] Priority agent: edge reuse -36000 base = 212653 final = 176653
2026-06-02 10:26:58 [self-0003-0-attack] Move #374: 61 -> 62 | Army: 3 | Target-Terrain: 1 | Target: 62 | Half: False
2026-06-02 10:26:59 [self-0003-0-attack] My general index: 25
2026-06-02 10:26:59 [self-0003-0-attack] Enemy general index: None
2026-06-02 10:26:59 [self-0003-0-attack] Visible enemy tiles: 8
2026-06-02 10:26:59 [self-0003-0-attack] Tiles: 24 / 51
2026-06-02 10:26:59 [self-0003-0-attack] Map: 18 x 19 Turn: 393
2026-06-02 10:26:59 [self-0003-0-attack] Route planned: Target = 62 Mode = defense city-free reachable tiles = 267 Fallback-Tiles = 269
2026-06-02 10:26:59 [self-0003-0-attack] Priority agent: edge reuse -54000 base = 210280 final = 156280
2026-06-02 10:26:59 [self-0003-0-attack] Move #375: 80 -> 62 | Army: 85 | Target-Terrain: 1 | Target: 62 | Half: False
2026-06-02 10:26:59 [self-0003-0-attack] My general index: 25
2026-06-02 10:26:59 [self-0003-0-attack] Enemy general index: None
2026-06-02 10:26:59 [self-0003-0-attack] Visible enemy tiles: 8
2026-06-02 10:26:59 [self-0003-0-attack] Tiles: 24 / 51
2026-06-02 10:26:59 [self-0003-0-attack] Map: 18 x 19 Turn: 394
2026-06-02 10:26:59 [self-0003-0-attack] Route planned: Target = 80 Mode = defense city-free reachable tiles = 267 Fallback-Tiles = 269
2026-06-02 10:26:59 [self-0003-0-attack] Move #376: 45 -> 63 | Army: 2 | Target-Terrain: 1 | Target: 80 | Half: False
2026-06-02 10:27:00 [self-0003-0-attack] My general index: 25
2026-06-02 10:27:00 [self-0003-0-attack] Enemy general index: None
2026-06-02 10:27:00 [self-0003-0-attack] Visible enemy tiles: 8
2026-06-02 10:27:00 [self-0003-0-attack] Tiles: 24 / 51
2026-06-02 10:27:00 [self-0003-0-attack] Map: 18 x 19 Turn: 395
2026-06-02 10:27:00 [self-0003-0-attack] Route planned: Target = 80 Mode = defense city-free reachable tiles = 267 Fallback-Tiles = 269
2026-06-02 10:27:00 [self-0003-0-attack] Priority agent: flow +6000 base = 144212 final = 150212
2026-06-02 10:27:00 [self-0003-0-attack] Move #377: 63 -> 62 | Army: 2 | Target-Terrain: 1 | Target: 80 | Half: False
2026-06-02 10:27:00 [self-0003-0-attack] My general index: 25
2026-06-02 10:27:00 [self-0003-0-attack] Enemy general index: None
2026-06-02 10:27:00 [self-0003-0-attack] Visible enemy tiles: 8
2026-06-02 10:27:00 [self-0003-0-attack] Tiles: 24 / 51
2026-06-02 10:27:00 [self-0003-0-attack] Map: 18 x 19 Turn: 396
2026-06-02 10:27:00 [self-0003-0-attack] Route planned: Target = 80 Mode = defense city-free reachable tiles = 267 Fallback-Tiles = 269
2026-06-02 10:27:00 [self-0003-0-attack] Priority agent: edge reuse -54000, flow +6000 base = 205630 final = 157630
2026-06-02 10:27:00 [self-0003-0-attack] Move #378: 62 -> 80 | Army: 88 | Target-Terrain: 1 | Target: 80 | Half: False
2026-06-02 10:27:01 [self-0003-0-attack] Coach: stabilize tiles 24/51 army 258/381 cities 1/0 enemy_city_suspect False bias {'expansion_bias': 0.2, 'city_bias': 0.1, 'attack_bias': 0.4, 'defense_bias': 1.2, 'route_bias': 0.6}
2026-06-02 10:27:01 [self-0003-0-attack] My general index: 25
2026-06-02 10:27:01 [self-0003-0-attack] Enemy general index: None
2026-06-02 10:27:01 [self-0003-0-attack] Visible enemy tiles: 8
2026-06-02 10:27:01 [self-0003-0-attack] Tiles: 24 / 51
2026-06-02 10:27:01 [self-0003-0-attack] Map: 18 x 19 Turn: 397
2026-06-02 10:27:01 [self-0003-0-attack] Route planned: Target = 62 Mode = defense city-free reachable tiles = 267 Fallback-Tiles = 269
2026-06-02 10:27:01 [self-0003-0-attack] Priority agent: edge reuse -36000 base = 212653 final = 176653
2026-06-02 10:27:01 [self-0003-0-attack] Move #379: 61 -> 62 | Army: 3 | Target-Terrain: 1 | Target: 62 | Half: False
2026-06-02 10:27:01 [self-0003-0-attack] My general index: 25
2026-06-02 10:27:01 [self-0003-0-attack] Enemy general index: None
2026-06-02 10:27:01 [self-0003-0-attack] Visible enemy tiles: 8
2026-06-02 10:27:01 [self-0003-0-attack] Tiles: 24 / 51
2026-06-02 10:27:01 [self-0003-0-attack] Map: 18 x 19 Turn: 398
2026-06-02 10:27:01 [self-0003-0-attack] Route planned: Target = 62 Mode = defense city-free reachable tiles = 267 Fallback-Tiles = 269
2026-06-02 10:27:01 [self-0003-0-attack] Priority agent: edge reuse -36000 base = 212652 final = 176652
2026-06-02 10:27:01 [self-0003-0-attack] Move #380: 61 -> 62 | Army: 2 | Target-Terrain: 1 | Target: 62 | Half: False
2026-06-02 10:27:02 [self-0003-0-attack] My general index: 25
2026-06-02 10:27:02 [self-0003-0-attack] Enemy general index: None
2026-06-02 10:27:02 [self-0003-0-attack] Visible enemy tiles: 8
2026-06-02 10:27:02 [self-0003-0-attack] Tiles: 24 / 51
2026-06-02 10:27:02 [self-0003-0-attack] Map: 18 x 19 Turn: 399
2026-06-02 10:27:02 [self-0003-0-attack] Route planned: Target = 62 Mode = defense city-free reachable tiles = 267 Fallback-Tiles = 269
2026-06-02 10:27:02 [self-0003-0-attack] Priority agent: edge reuse -54000 base = 210280 final = 156280
2026-06-02 10:27:02 [self-0003-0-attack] Move #381: 80 -> 62 | Army: 88 | Target-Terrain: 1 | Target: 62 | Half: False
2026-06-02 10:27:02 [self-0003-0-attack] My general index: 25
2026-06-02 10:27:02 [self-0003-0-attack] Enemy general index: None
2026-06-02 10:27:02 [self-0003-0-attack] Visible enemy tiles: 8
2026-06-02 10:27:02 [self-0003-0-attack] Tiles: 24 / 51
2026-06-02 10:27:02 [self-0003-0-attack] Map: 18 x 19 Turn: 400
2026-06-02 10:27:02 [self-0003-0-attack] Route planned: Target = 80 Mode = defense city-free reachable tiles = 267 Fallback-Tiles = 269
2026-06-02 10:27:02 [self-0003-0-attack] Move #382: 79 -> 80 | Army: 2 | Target-Terrain: 1 | Target: 80 | Half: False
2026-06-02 10:27:03 [self-0003-0-attack] My general index: 25
2026-06-02 10:27:03 [self-0003-0-attack] Enemy general index: None
2026-06-02 10:27:03 [self-0003-0-attack] Visible enemy tiles: 8
2026-06-02 10:27:03 [self-0003-0-attack] Tiles: 24 / 51
2026-06-02 10:27:03 [self-0003-0-attack] Map: 18 x 19 Turn: 401
2026-06-02 10:27:03 [self-0003-0-attack] Route planned: Target = 80 Mode = defense city-free reachable tiles = 267 Fallback-Tiles = 269
2026-06-02 10:27:03 [self-0003-0-attack] Move #383: 81 -> 80 | Army: 2 | Target-Terrain: 1 | Target: 80 | Half: False
2026-06-02 10:27:03 [self-0003-0-attack] My general index: 25
2026-06-02 10:27:03 [self-0003-0-attack] Enemy general index: None
2026-06-02 10:27:03 [self-0003-0-attack] Visible enemy tiles: 8
2026-06-02 10:27:03 [self-0003-0-attack] Tiles: 24 / 51
2026-06-02 10:27:03 [self-0003-0-attack] Map: 18 x 19 Turn: 402
2026-06-02 10:27:03 [self-0003-0-attack] Route planned: Target = 80 Mode = defense city-free reachable tiles = 267 Fallback-Tiles = 269
2026-06-02 10:27:03 [self-0003-0-attack] Move #384: 114 -> 115 | Army: 3 | Target-Terrain: 0 | Target: 80 | Half: False
2026-06-02 10:27:04 [self-0003-0-attack] My general index: 25
2026-06-02 10:27:04 [self-0003-0-attack] Enemy general index: None
2026-06-02 10:27:04 [self-0003-0-attack] Visible enemy tiles: 8
2026-06-02 10:27:04 [self-0003-0-attack] Tiles: 24 / 51
2026-06-02 10:27:04 [self-0003-0-attack] Map: 18 x 19 Turn: 403
2026-06-02 10:27:04 [self-0003-0-attack] Route planned: Target = 80 Mode = defense city-free reachable tiles = 267 Fallback-Tiles = 269
2026-06-02 10:27:04 [self-0003-0-attack] Priority agent: edge reuse -45000 base = 202530 final = 157530
2026-06-02 10:27:04 [self-0003-0-attack] Move #385: 62 -> 80 | Army: 92 | Target-Terrain: 1 | Target: 80 | Half: False
2026-06-02 10:27:04 [self-0003-0-attack] My general index: 25
2026-06-02 10:27:04 [self-0003-0-attack] Enemy general index: None
2026-06-02 10:27:04 [self-0003-0-attack] Visible enemy tiles: 8
2026-06-02 10:27:04 [self-0003-0-attack] Tiles: 24 / 51
2026-06-02 10:27:04 [self-0003-0-attack] Map: 18 x 19 Turn: 404
2026-06-02 10:27:04 [self-0003-0-attack] Route planned: Target = 62 Mode = defense city-free reachable tiles = 267 Fallback-Tiles = 269
2026-06-02 10:27:04 [self-0003-0-attack] Priority agent: edge reuse -9000 base = 244302 final = 235302
2026-06-02 10:27:04 [self-0003-0-attack] Move #386: 63 -> 62 | Army: 2 | Target-Terrain: 1 | Target: 62 | Half: False
2026-06-02 10:27:05 [self-0003-0-attack] My general index: 25
2026-06-02 10:27:05 [self-0003-0-attack] Enemy general index: None
2026-06-02 10:27:05 [self-0003-0-attack] Visible enemy tiles: 8
2026-06-02 10:27:05 [self-0003-0-attack] Tiles: 23 / 52
2026-06-02 10:27:05 [self-0003-0-attack] Map: 18 x 19 Turn: 405
2026-06-02 10:27:05 [self-0003-0-attack] Route planned: Target = 62 Mode = defense city-free reachable tiles = 267 Fallback-Tiles = 269
2026-06-02 10:27:05 [self-0003-0-attack] Priority agent: edge reuse -27000 base = 212655 final = 185655
2026-06-02 10:27:05 [self-0003-0-attack] Move #387: 61 -> 62 | Army: 5 | Target-Terrain: 1 | Target: 62 | Half: False
2026-06-02 10:27:05 [self-0003-0-attack] My general index: 25
2026-06-02 10:27:05 [self-0003-0-attack] Enemy general index: None
2026-06-02 10:27:05 [self-0003-0-attack] Visible enemy tiles: 8
2026-06-02 10:27:05 [self-0003-0-attack] Tiles: 23 / 52
2026-06-02 10:27:05 [self-0003-0-attack] Map: 18 x 19 Turn: 406
2026-06-02 10:27:05 [self-0003-0-attack] Route planned: Target = 62 Mode = defense city-free reachable tiles = 267 Fallback-Tiles = 269
2026-06-02 10:27:05 [self-0003-0-attack] Priority agent: edge reuse -36000 base = 212652 final = 176652
2026-06-02 10:27:05 [self-0003-0-attack] Move #388: 61 -> 62 | Army: 2 | Target-Terrain: 1 | Target: 62 | Half: False
2026-06-02 10:27:06 [self-0003-0-attack] My general index: 25
2026-06-02 10:27:06 [self-0003-0-attack] Enemy general index: None
2026-06-02 10:27:06 [self-0003-0-attack] Visible enemy tiles: 8
2026-06-02 10:27:06 [self-0003-0-attack] Tiles: 23 / 52
2026-06-02 10:27:06 [self-0003-0-attack] Map: 18 x 19 Turn: 407
2026-06-02 10:27:06 [self-0003-0-attack] Route planned: Target = 62 Mode = defense city-free reachable tiles = 267 Fallback-Tiles = 269
2026-06-02 10:27:06 [self-0003-0-attack] Priority agent: edge reuse -36000 base = 210280 final = 174280
2026-06-02 10:27:06 [self-0003-0-attack] Move #389: 80 -> 62 | Army: 95 | Target-Terrain: 1 | Target: 62 | Half: False
2026-06-02 10:27:06 [self-0003-0-attack] My general index: 25
2026-06-02 10:27:06 [self-0003-0-attack] Enemy general index: None
2026-06-02 10:27:06 [self-0003-0-attack] Visible enemy tiles: 8
2026-06-02 10:27:06 [self-0003-0-attack] Tiles: 23 / 52
2026-06-02 10:27:06 [self-0003-0-attack] Map: 18 x 19 Turn: 408
2026-06-02 10:27:06 [self-0003-0-attack] Route planned: Target = 80 Mode = defense city-free reachable tiles = 267 Fallback-Tiles = 269
2026-06-02 10:27:06 [self-0003-0-attack] Move #390: 78 -> 79 | Army: 3 | Target-Terrain: 1 | Target: 80 | Half: False
2026-06-02 10:27:07 [self-0003-0-attack] My general index: 25
2026-06-02 10:27:07 [self-0003-0-attack] Enemy general index: None
2026-06-02 10:27:07 [self-0003-0-attack] Visible enemy tiles: 9
2026-06-02 10:27:07 [self-0003-0-attack] Tiles: 22 / 53
2026-06-02 10:27:07 [self-0003-0-attack] Map: 18 x 19 Turn: 409
2026-06-02 10:27:07 [self-0003-0-attack] Route planned: Target = 80 Mode = defense city-free reachable tiles = 267 Fallback-Tiles = 268
2026-06-02 10:27:07 [self-0003-0-attack] Priority agent: edge reuse -9000, flow +6000 base = 272303 final = 269303
2026-06-02 10:27:07 [self-0003-0-attack] Move #391: 79 -> 80 | Army: 3 | Target-Terrain: 0 | Target: 80 | Half: False
2026-06-02 10:27:07 [self-0003-0-attack] My general index: 25
2026-06-02 10:27:07 [self-0003-0-attack] Enemy general index: None
2026-06-02 10:27:07 [self-0003-0-attack] Visible enemy tiles: 8
2026-06-02 10:27:07 [self-0003-0-attack] Tiles: 23 / 52
2026-06-02 10:27:07 [self-0003-0-attack] Map: 18 x 19 Turn: 410
2026-06-02 10:27:07 [self-0003-0-attack] Route planned: Target = 80 Mode = defense city-free reachable tiles = 267 Fallback-Tiles = 269
2026-06-02 10:27:07 [self-0003-0-attack] Move #392: 97 -> 98 | Army: 3 | Target-Terrain: 0 | Target: 80 | Half: False
2026-06-02 10:27:08 [self-0003-0-attack] My general index: 25
2026-06-02 10:27:08 [self-0003-0-attack] Enemy general index: None
2026-06-02 10:27:08 [self-0003-0-attack] Visible enemy tiles: 8
2026-06-02 10:27:08 [self-0003-0-attack] Tiles: 24 / 51
2026-06-02 10:27:08 [self-0003-0-attack] Map: 18 x 19 Turn: 411
2026-06-02 10:27:08 [self-0003-0-attack] Route planned: Target = 80 Mode = defense city-free reachable tiles = 267 Fallback-Tiles = 269
2026-06-02 10:27:08 [self-0003-0-attack] Priority agent: edge reuse -27000 base = 202530 final = 175530
2026-06-02 10:27:08 [self-0003-0-attack] Move #393: 62 -> 80 | Army: 101 | Target-Terrain: 1 | Target: 80 | Half: False
2026-06-02 10:27:08 [self-0003-0-attack] My general index: 25
2026-06-02 10:27:08 [self-0003-0-attack] Enemy general index: None
2026-06-02 10:27:08 [self-0003-0-attack] Visible enemy tiles: 8
2026-06-02 10:27:08 [self-0003-0-attack] Tiles: 23 / 52
2026-06-02 10:27:08 [self-0003-0-attack] Map: 18 x 19 Turn: 412
2026-06-02 10:27:08 [self-0003-0-attack] Route planned: Target = 62 Mode = defense city-free reachable tiles = 267 Fallback-Tiles = 269
2026-06-02 10:27:08 [self-0003-0-attack] Priority agent: edge reuse -27000 base = 215054 final = 188054
2026-06-02 10:27:08 [self-0003-0-attack] Move #394: 61 -> 62 | Army: 4 | Target-Terrain: 1 | Target: 62 | Half: False
2026-06-02 10:27:09 [self-0003-0-attack] My general index: 25
2026-06-02 10:27:09 [self-0003-0-attack] Enemy general index: None
2026-06-02 10:27:09 [self-0003-0-attack] Visible enemy tiles: 8
2026-06-02 10:27:09 [self-0003-0-attack] Tiles: 23 / 52
2026-06-02 10:27:09 [self-0003-0-attack] Map: 18 x 19 Turn: 413
2026-06-02 10:27:09 [self-0003-0-attack] Route planned: Target = 62 Mode = defense city-free reachable tiles = 267 Fallback-Tiles = 269
2026-06-02 10:27:09 [self-0003-0-attack] Priority agent: edge reuse -36000 base = 212680 final = 176680
2026-06-02 10:27:09 [self-0003-0-attack] Move #395: 80 -> 62 | Army: 101 | Target-Terrain: 1 | Target: 62 | Half: False
2026-06-02 10:27:09 [self-0003-0-attack] My general index: 25
2026-06-02 10:27:09 [self-0003-0-attack] Enemy general index: None
2026-06-02 10:27:09 [self-0003-0-attack] Visible enemy tiles: 8
2026-06-02 10:27:09 [self-0003-0-attack] Tiles: 23 / 52
2026-06-02 10:27:09 [self-0003-0-attack] Map: 18 x 19 Turn: 414
2026-06-02 10:27:09 [self-0003-0-attack] Route planned: Target = 80 Mode = defense city-free reachable tiles = 267 Fallback-Tiles = 269
2026-06-02 10:27:09 [self-0003-0-attack] Priority agent: reverse -35000, edge reuse -36000 base = 209230 final = 138230
2026-06-02 10:27:09 [self-0003-0-attack] Move #396: 62 -> 80 | Army: 104 | Target-Terrain: 1 | Target: 80 | Half: False
2026-06-02 10:27:10 [self-0003-0-attack] My general index: 25
2026-06-02 10:27:10 [self-0003-0-attack] Enemy general index: None
2026-06-02 10:27:10 [self-0003-0-attack] Visible enemy tiles: 8
2026-06-02 10:27:10 [self-0003-0-attack] Tiles: 23 / 52
2026-06-02 10:27:10 [self-0003-0-attack] Map: 18 x 19 Turn: 415
2026-06-02 10:27:10 [self-0003-0-attack] Route planned: Target = 62 Mode = defense city-free reachable tiles = 267 Fallback-Tiles = 269
2026-06-02 10:27:10 [self-0003-0-attack] Priority agent: edge reuse -27000 base = 215052 final = 188052
2026-06-02 10:27:10 [self-0003-0-attack] Move #397: 61 -> 62 | Army: 2 | Target-Terrain: 1 | Target: 62 | Half: False
2026-06-02 10:27:10 [self-0003-0-attack] My general index: 25
2026-06-02 10:27:10 [self-0003-0-attack] Enemy general index: None
2026-06-02 10:27:10 [self-0003-0-attack] Visible enemy tiles: 8
2026-06-02 10:27:10 [self-0003-0-attack] Tiles: 23 / 52
2026-06-02 10:27:10 [self-0003-0-attack] Map: 18 x 19 Turn: 416
2026-06-02 10:27:10 [self-0003-0-attack] Route planned: Target = 62 Mode = defense city-free reachable tiles = 267 Fallback-Tiles = 269
2026-06-02 10:27:10 [self-0003-0-attack] Priority agent: edge reuse -36000 base = 215052 final = 179052
2026-06-02 10:27:10 [self-0003-0-attack] Move #398: 61 -> 62 | Army: 2 | Target-Terrain: 1 | Target: 62 | Half: False
2026-06-02 10:27:11 [self-0003-0-attack] My general index: 25
2026-06-02 10:27:11 [self-0003-0-attack] Enemy general index: None
2026-06-02 10:27:11 [self-0003-0-attack] Visible enemy tiles: 8
2026-06-02 10:27:11 [self-0003-0-attack] Tiles: 23 / 52
2026-06-02 10:27:11 [self-0003-0-attack] Map: 18 x 19 Turn: 417
2026-06-02 10:27:11 [self-0003-0-attack] Route planned: Target = 62 Mode = defense city-free reachable tiles = 267 Fallback-Tiles = 269
2026-06-02 10:27:11 [self-0003-0-attack] Priority agent: edge reuse -45000 base = 212680 final = 167680
2026-06-02 10:27:11 [self-0003-0-attack] Move #399: 80 -> 62 | Army: 104 | Target-Terrain: 1 | Target: 62 | Half: False
2026-06-02 10:27:11 [self-0003-0-attack] My general index: 25
2026-06-02 10:27:11 [self-0003-0-attack] Enemy general index: None
2026-06-02 10:27:11 [self-0003-0-attack] Visible enemy tiles: 8
2026-06-02 10:27:11 [self-0003-0-attack] Tiles: 23 / 52
2026-06-02 10:27:11 [self-0003-0-attack] Map: 18 x 19 Turn: 418
2026-06-02 10:27:11 [self-0003-0-attack] Route planned: Target = 80 Mode = defense city-free reachable tiles = 267 Fallback-Tiles = 269
2026-06-02 10:27:11 [self-0003-0-attack] Move #400: 45 -> 63 | Army: 2 | Target-Terrain: 1 | Target: 80 | Half: False
2026-06-02 10:27:12 [self-0003-0-attack] My general index: 25
2026-06-02 10:27:12 [self-0003-0-attack] Enemy general index: None
2026-06-02 10:27:12 [self-0003-0-attack] Visible enemy tiles: 8
2026-06-02 10:27:12 [self-0003-0-attack] Tiles: 23 / 52
2026-06-02 10:27:12 [self-0003-0-attack] Map: 18 x 19 Turn: 419
2026-06-02 10:27:12 [self-0003-0-attack] Route planned: Target = 80 Mode = defense city-free reachable tiles = 267 Fallback-Tiles = 269
2026-06-02 10:27:12 [self-0003-0-attack] Priority agent: edge reuse -45000 base = 206130 final = 161130
2026-06-02 10:27:12 [self-0003-0-attack] Move #401: 62 -> 80 | Army: 106 | Target-Terrain: 1 | Target: 80 | Half: False
2026-06-02 10:27:12 [self-0003-0-attack] My general index: 25
2026-06-02 10:27:12 [self-0003-0-attack] Enemy general index: None
2026-06-02 10:27:12 [self-0003-0-attack] Visible enemy tiles: 8
2026-06-02 10:27:12 [self-0003-0-attack] Tiles: 23 / 52
2026-06-02 10:27:12 [self-0003-0-attack] Map: 18 x 19 Turn: 420
2026-06-02 10:27:12 [self-0003-0-attack] Route planned: Target = 62 Mode = defense city-free reachable tiles = 267 Fallback-Tiles = 269
2026-06-02 10:27:12 [self-0003-0-attack] Move #402: 63 -> 62 | Army: 2 | Target-Terrain: 1 | Target: 62 | Half: False
2026-06-02 10:27:13 [self-0003-0-attack] My general index: 25
2026-06-02 10:27:13 [self-0003-0-attack] Enemy general index: None
2026-06-02 10:27:13 [self-0003-0-attack] Visible enemy tiles: 8
2026-06-02 10:27:13 [self-0003-0-attack] Tiles: 23 / 52
2026-06-02 10:27:13 [self-0003-0-attack] Map: 18 x 19 Turn: 421
2026-06-02 10:27:13 [self-0003-0-attack] Route planned: Target = 62 Mode = defense city-free reachable tiles = 267 Fallback-Tiles = 269
2026-06-02 10:27:13 [self-0003-0-attack] Priority agent: edge reuse -27000 base = 215053 final = 188053
2026-06-02 10:27:13 [self-0003-0-attack] Move #403: 61 -> 62 | Army: 3 | Target-Terrain: 1 | Target: 62 | Half: False
2026-06-02 10:27:13 [self-0003-0-attack] My general index: 25
2026-06-02 10:27:13 [self-0003-0-attack] Enemy general index: None
2026-06-02 10:27:13 [self-0003-0-attack] Visible enemy tiles: 8
2026-06-02 10:27:13 [self-0003-0-attack] Tiles: 23 / 52
2026-06-02 10:27:13 [self-0003-0-attack] Map: 18 x 19 Turn: 422
2026-06-02 10:27:13 [self-0003-0-attack] Route planned: Target = 62 Mode = defense city-free reachable tiles = 267 Fallback-Tiles = 269
2026-06-02 10:27:13 [self-0003-0-attack] Priority agent: edge reuse -36000 base = 215052 final = 179052
2026-06-02 10:27:13 [self-0003-0-attack] Move #404: 61 -> 62 | Army: 2 | Target-Terrain: 1 | Target: 62 | Half: False
2026-06-02 10:27:14 [self-0003-0-attack] My general index: 25
2026-06-02 10:27:14 [self-0003-0-attack] Enemy general index: None
2026-06-02 10:27:14 [self-0003-0-attack] Visible enemy tiles: 8
2026-06-02 10:27:14 [self-0003-0-attack] Tiles: 23 / 52
2026-06-02 10:27:14 [self-0003-0-attack] Map: 18 x 19 Turn: 423
2026-06-02 10:27:14 [self-0003-0-attack] Route planned: Target = 62 Mode = defense city-free reachable tiles = 267 Fallback-Tiles = 269
2026-06-02 10:27:14 [self-0003-0-attack] Priority agent: edge reuse -45000 base = 212680 final = 167680
2026-06-02 10:27:14 [self-0003-0-attack] Move #405: 80 -> 62 | Army: 106 | Target-Terrain: 1 | Target: 62 | Half: False
2026-06-02 10:27:14 [self-0003-0-attack] My general index: 25
2026-06-02 10:27:14 [self-0003-0-attack] Enemy general index: None
2026-06-02 10:27:14 [self-0003-0-attack] Visible enemy tiles: 8
2026-06-02 10:27:14 [self-0003-0-attack] Tiles: 23 / 52
2026-06-02 10:27:14 [self-0003-0-attack] Map: 18 x 19 Turn: 424
2026-06-02 10:27:14 [self-0003-0-attack] Route planned: Target = 80 Mode = defense city-free reachable tiles = 267 Fallback-Tiles = 269
2026-06-02 10:27:14 [self-0003-0-attack] Move #406: 60 -> 78 | Army: 2 | Target-Terrain: 1 | Target: 80 | Half: False
2026-06-02 10:27:15 [self-0003-0-attack] My general index: 25
2026-06-02 10:27:15 [self-0003-0-attack] Enemy general index: None
2026-06-02 10:27:15 [self-0003-0-attack] Visible enemy tiles: 8
2026-06-02 10:27:15 [self-0003-0-attack] Tiles: 23 / 52
2026-06-02 10:27:15 [self-0003-0-attack] Map: 18 x 19 Turn: 425
2026-06-02 10:27:15 [self-0003-0-attack] Route planned: Target = 80 Mode = defense city-free reachable tiles = 267 Fallback-Tiles = 269
2026-06-02 10:27:15 [self-0003-0-attack] Priority agent: edge reuse -54000 base = 206130 final = 152130
2026-06-02 10:27:15 [self-0003-0-attack] Move #407: 62 -> 80 | Army: 110 | Target-Terrain: 1 | Target: 80 | Half: False
2026-06-02 10:27:15 [self-0003-0-attack] My general index: 25
2026-06-02 10:27:15 [self-0003-0-attack] Enemy general index: None
2026-06-02 10:27:15 [self-0003-0-attack] Visible enemy tiles: 8
2026-06-02 10:27:15 [self-0003-0-attack] Tiles: 23 / 52
2026-06-02 10:27:15 [self-0003-0-attack] Map: 18 x 19 Turn: 426
2026-06-02 10:27:15 [self-0003-0-attack] Route planned: Target = 62 Mode = defense city-free reachable tiles = 267 Fallback-Tiles = 269
2026-06-02 10:27:15 [self-0003-0-attack] Priority agent: edge reuse -45000 base = 215053 final = 170053
2026-06-02 10:27:15 [self-0003-0-attack] Move #408: 61 -> 62 | Army: 3 | Target-Terrain: 1 | Target: 62 | Half: False
2026-06-02 10:27:16 [self-0003-0-attack] My general index: 25
2026-06-02 10:27:16 [self-0003-0-attack] Enemy general index: None
2026-06-02 10:27:16 [self-0003-0-attack] Visible enemy tiles: 8
2026-06-02 10:27:16 [self-0003-0-attack] Tiles: 23 / 52
2026-06-02 10:27:16 [self-0003-0-attack] Map: 18 x 19 Turn: 427
2026-06-02 10:27:16 [self-0003-0-attack] Route planned: Target = 62 Mode = defense city-free reachable tiles = 267 Fallback-Tiles = 269
2026-06-02 10:27:16 [self-0003-0-attack] Priority agent: edge reuse -54000 base = 212680 final = 158680
2026-06-02 10:27:16 [self-0003-0-attack] Move #409: 80 -> 62 | Army: 110 | Target-Terrain: 1 | Target: 62 | Half: False
2026-06-02 10:27:16 [self-0003-0-attack] My general index: 25
2026-06-02 10:27:16 [self-0003-0-attack] Enemy general index: None
2026-06-02 10:27:16 [self-0003-0-attack] Visible enemy tiles: 8
2026-06-02 10:27:16 [self-0003-0-attack] Tiles: 22 / 53
2026-06-02 10:27:16 [self-0003-0-attack] Map: 18 x 19 Turn: 428
2026-06-02 10:27:16 [self-0003-0-attack] Route planned: Target = 80 Mode = defense city-free reachable tiles = 267 Fallback-Tiles = 269
2026-06-02 10:27:16 [self-0003-0-attack] Move #410: 78 -> 79 | Army: 2 | Target-Terrain: 1 | Target: 80 | Half: False
2026-06-02 10:27:17 [self-0003-0-attack] My general index: 25
2026-06-02 10:27:17 [self-0003-0-attack] Enemy general index: None
2026-06-02 10:27:17 [self-0003-0-attack] Visible enemy tiles: 8
2026-06-02 10:27:17 [self-0003-0-attack] Tiles: 22 / 53
2026-06-02 10:27:17 [self-0003-0-attack] Map: 18 x 19 Turn: 429
2026-06-02 10:27:17 [self-0003-0-attack] Route planned: Target = 80 Mode = defense city-free reachable tiles = 267 Fallback-Tiles = 269
2026-06-02 10:27:17 [self-0003-0-attack] Priority agent: flow +6000 base = 240152 final = 246152
2026-06-02 10:27:17 [self-0003-0-attack] Move #411: 79 -> 80 | Army: 2 | Target-Terrain: 1 | Target: 80 | Half: False
2026-06-02 10:27:17 [self-0003-0-attack] My general index: 25
2026-06-02 10:27:17 [self-0003-0-attack] Enemy general index: None
2026-06-02 10:27:17 [self-0003-0-attack] Visible enemy tiles: 8
2026-06-02 10:27:17 [self-0003-0-attack] Tiles: 22 / 53
2026-06-02 10:27:17 [self-0003-0-attack] Map: 18 x 19 Turn: 430
2026-06-02 10:27:17 [self-0003-0-attack] Route planned: Target = 80 Mode = defense city-free reachable tiles = 267 Fallback-Tiles = 269
2026-06-02 10:27:17 [self-0003-0-attack] Priority agent: edge reuse -45000 base = 206130 final = 161130
2026-06-02 10:27:17 [self-0003-0-attack] Move #412: 62 -> 80 | Army: 112 | Target-Terrain: 1 | Target: 80 | Half: False
2026-06-02 10:27:18 [self-0003-0-attack] My general index: 25
2026-06-02 10:27:18 [self-0003-0-attack] Enemy general index: None
2026-06-02 10:27:18 [self-0003-0-attack] Visible enemy tiles: 8
2026-06-02 10:27:18 [self-0003-0-attack] Tiles: 22 / 53
2026-06-02 10:27:18 [self-0003-0-attack] Map: 18 x 19 Turn: 431
2026-06-02 10:27:18 [self-0003-0-attack] Route planned: Target = 62 Mode = defense city-free reachable tiles = 267 Fallback-Tiles = 269
2026-06-02 10:27:18 [self-0003-0-attack] Priority agent: edge reuse -27000 base = 215053 final = 188053
2026-06-02 10:27:18 [self-0003-0-attack] Move #413: 61 -> 62 | Army: 3 | Target-Terrain: 1 | Target: 62 | Half: False
2026-06-02 10:27:18 [self-0003-0-attack] My general index: 25
2026-06-02 10:27:18 [self-0003-0-attack] Enemy general index: None
2026-06-02 10:27:18 [self-0003-0-attack] Visible enemy tiles: 8
2026-06-02 10:27:18 [self-0003-0-attack] Tiles: 22 / 53
2026-06-02 10:27:18 [self-0003-0-attack] Map: 18 x 19 Turn: 432
2026-06-02 10:27:18 [self-0003-0-attack] Route planned: Target = 62 Mode = defense city-free reachable tiles = 267 Fallback-Tiles = 269
2026-06-02 10:27:18 [self-0003-0-attack] Priority agent: edge reuse -36000 base = 215052 final = 179052
2026-06-02 10:27:18 [self-0003-0-attack] Move #414: 61 -> 62 | Army: 2 | Target-Terrain: 1 | Target: 62 | Half: False
2026-06-02 10:27:19 [self-0003-0-attack] My general index: 25
2026-06-02 10:27:19 [self-0003-0-attack] Enemy general index: None
2026-06-02 10:27:19 [self-0003-0-attack] Visible enemy tiles: 8
2026-06-02 10:27:19 [self-0003-0-attack] Tiles: 22 / 53
2026-06-02 10:27:19 [self-0003-0-attack] Map: 18 x 19 Turn: 433
2026-06-02 10:27:19 [self-0003-0-attack] Route planned: Target = 62 Mode = defense city-free reachable tiles = 267 Fallback-Tiles = 269
2026-06-02 10:27:19 [self-0003-0-attack] Priority agent: edge reuse -45000 base = 212680 final = 167680
2026-06-02 10:27:19 [self-0003-0-attack] Move #415: 80 -> 62 | Army: 113 | Target-Terrain: 1 | Target: 62 | Half: False
2026-06-02 10:27:19 [self-0003-0-attack] My general index: 25
2026-06-02 10:27:19 [self-0003-0-attack] Enemy general index: None
2026-06-02 10:27:19 [self-0003-0-attack] Visible enemy tiles: 8
2026-06-02 10:27:19 [self-0003-0-attack] Tiles: 22 / 53
2026-06-02 10:27:19 [self-0003-0-attack] Map: 18 x 19 Turn: 434
2026-06-02 10:27:19 [self-0003-0-attack] Route planned: Target = 80 Mode = defense city-free reachable tiles = 267 Fallback-Tiles = 269
2026-06-02 10:27:19 [self-0003-0-attack] Move #416: 64 -> 63 | Army: 2 | Target-Terrain: 1 | Target: 80 | Half: False
2026-06-02 10:27:20 [self-0003-0-attack] My general index: 25
2026-06-02 10:27:20 [self-0003-0-attack] Enemy general index: None
2026-06-02 10:27:20 [self-0003-0-attack] Visible enemy tiles: 8
2026-06-02 10:27:20 [self-0003-0-attack] Tiles: 22 / 53
2026-06-02 10:27:20 [self-0003-0-attack] Map: 18 x 19 Turn: 435
2026-06-02 10:27:20 [self-0003-0-attack] Route planned: Target = 80 Mode = defense city-free reachable tiles = 267 Fallback-Tiles = 269
2026-06-02 10:27:20 [self-0003-0-attack] Priority agent: edge reuse -45000 base = 206130 final = 161130
2026-06-02 10:27:20 [self-0003-0-attack] Move #417: 62 -> 80 | Army: 116 | Target-Terrain: 1 | Target: 80 | Half: False
2026-06-02 10:27:20 [self-0003-0-attack] My general index: 25
2026-06-02 10:27:20 [self-0003-0-attack] Enemy general index: None
2026-06-02 10:27:20 [self-0003-0-attack] Visible enemy tiles: 8
2026-06-02 10:27:20 [self-0003-0-attack] Tiles: 22 / 53
2026-06-02 10:27:20 [self-0003-0-attack] Map: 18 x 19 Turn: 436
2026-06-02 10:27:20 [self-0003-0-attack] Route planned: Target = 62 Mode = defense city-free reachable tiles = 267 Fallback-Tiles = 269
2026-06-02 10:27:20 [self-0003-0-attack] Move #418: 63 -> 62 | Army: 2 | Target-Terrain: 1 | Target: 62 | Half: False
2026-06-02 10:27:21 [self-0003-0-attack] My general index: 25
2026-06-02 10:27:21 [self-0003-0-attack] Enemy general index: None
2026-06-02 10:27:21 [self-0003-0-attack] Visible enemy tiles: 8
2026-06-02 10:27:21 [self-0003-0-attack] Tiles: 22 / 53
2026-06-02 10:27:21 [self-0003-0-attack] Map: 18 x 19 Turn: 437
2026-06-02 10:27:21 [self-0003-0-attack] Route planned: Target = 62 Mode = defense city-free reachable tiles = 267 Fallback-Tiles = 269
2026-06-02 10:27:21 [self-0003-0-attack] Priority agent: edge reuse -27000 base = 215053 final = 188053
2026-06-02 10:27:21 [self-0003-0-attack] Move #419: 61 -> 62 | Army: 3 | Target-Terrain: 1 | Target: 62 | Half: False
2026-06-02 10:27:21 [self-0003-0-attack] My general index: 25
2026-06-02 10:27:21 [self-0003-0-attack] Enemy general index: None
2026-06-02 10:27:21 [self-0003-0-attack] Visible enemy tiles: 8
2026-06-02 10:27:21 [self-0003-0-attack] Tiles: 22 / 53
2026-06-02 10:27:21 [self-0003-0-attack] Map: 18 x 19 Turn: 438
2026-06-02 10:27:21 [self-0003-0-attack] Route planned: Target = 62 Mode = defense city-free reachable tiles = 267 Fallback-Tiles = 269
2026-06-02 10:27:21 [self-0003-0-attack] Priority agent: edge reuse -36000 base = 215052 final = 179052
2026-06-02 10:27:21 [self-0003-0-attack] Move #420: 61 -> 62 | Army: 2 | Target-Terrain: 1 | Target: 62 | Half: False
2026-06-02 10:27:22 [self-0003-0-attack] My general index: 25
2026-06-02 10:27:22 [self-0003-0-attack] Enemy general index: None
2026-06-02 10:27:22 [self-0003-0-attack] Visible enemy tiles: 8
2026-06-02 10:27:22 [self-0003-0-attack] Tiles: 22 / 53
2026-06-02 10:27:22 [self-0003-0-attack] Map: 18 x 19 Turn: 439
2026-06-02 10:27:22 [self-0003-0-attack] Route planned: Target = 62 Mode = defense city-free reachable tiles = 267 Fallback-Tiles = 269
2026-06-02 10:27:22 [self-0003-0-attack] Priority agent: edge reuse -45000 base = 212680 final = 167680
2026-06-02 10:27:22 [self-0003-0-attack] Move #421: 80 -> 62 | Army: 116 | Target-Terrain: 1 | Target: 62 | Half: False
2026-06-02 10:27:22 [self-0003-0-attack] My general index: 25
2026-06-02 10:27:22 [self-0003-0-attack] Enemy general index: None
2026-06-02 10:27:22 [self-0003-0-attack] Visible enemy tiles: 8
2026-06-02 10:27:22 [self-0003-0-attack] Tiles: 22 / 53
2026-06-02 10:27:22 [self-0003-0-attack] Map: 18 x 19 Turn: 440
2026-06-02 10:27:22 [self-0003-0-attack] Route planned: Target = 80 Mode = defense city-free reachable tiles = 267 Fallback-Tiles = 269
2026-06-02 10:27:22 [self-0003-0-attack] Move #422: 77 -> 78 | Army: 2 | Target-Terrain: 1 | Target: 80 | Half: False
2026-06-02 10:27:23 [self-0003-0-attack] My general index: 25
2026-06-02 10:27:23 [self-0003-0-attack] Enemy general index: None
2026-06-02 10:27:23 [self-0003-0-attack] Visible enemy tiles: 8
2026-06-02 10:27:23 [self-0003-0-attack] Tiles: 22 / 53
2026-06-02 10:27:23 [self-0003-0-attack] Map: 18 x 19 Turn: 441
2026-06-02 10:27:23 [self-0003-0-attack] Route planned: Target = 80 Mode = defense city-free reachable tiles = 267 Fallback-Tiles = 269
2026-06-02 10:27:23 [self-0003-0-attack] Priority agent: edge reuse -45000 base = 206130 final = 161130
2026-06-02 10:27:23 [self-0003-0-attack] Move #423: 62 -> 80 | Army: 120 | Target-Terrain: 1 | Target: 80 | Half: False
2026-06-02 10:27:23 [self-0003-0-attack] My general index: 25
2026-06-02 10:27:23 [self-0003-0-attack] Enemy general index: None
2026-06-02 10:27:23 [self-0003-0-attack] Visible enemy tiles: 8
2026-06-02 10:27:23 [self-0003-0-attack] Tiles: 22 / 53
2026-06-02 10:27:23 [self-0003-0-attack] Map: 18 x 19 Turn: 442
2026-06-02 10:27:23 [self-0003-0-attack] Route planned: Target = 62 Mode = defense city-free reachable tiles = 267 Fallback-Tiles = 269
2026-06-02 10:27:23 [self-0003-0-attack] Priority agent: edge reuse -36000 base = 215053 final = 179053
2026-06-02 10:27:23 [self-0003-0-attack] Move #424: 61 -> 62 | Army: 3 | Target-Terrain: 1 | Target: 62 | Half: False
2026-06-02 10:27:24 [self-0003-0-attack] My general index: 25
2026-06-02 10:27:24 [self-0003-0-attack] Enemy general index: None
2026-06-02 10:27:24 [self-0003-0-attack] Visible enemy tiles: 8
2026-06-02 10:27:24 [self-0003-0-attack] Tiles: 22 / 53
2026-06-02 10:27:24 [self-0003-0-attack] Map: 18 x 19 Turn: 443
2026-06-02 10:27:24 [self-0003-0-attack] Route planned: Target = 62 Mode = defense city-free reachable tiles = 267 Fallback-Tiles = 269
2026-06-02 10:27:24 [self-0003-0-attack] Priority agent: edge reuse -45000 base = 212680 final = 167680
2026-06-02 10:27:24 [self-0003-0-attack] Move #425: 80 -> 62 | Army: 120 | Target-Terrain: 1 | Target: 62 | Half: False
2026-06-02 10:27:24 [self-0003-0-attack] My general index: 25
2026-06-02 10:27:24 [self-0003-0-attack] Enemy general index: None
2026-06-02 10:27:24 [self-0003-0-attack] Visible enemy tiles: 8
2026-06-02 10:27:24 [self-0003-0-attack] Tiles: 22 / 53
2026-06-02 10:27:24 [self-0003-0-attack] Map: 18 x 19 Turn: 444
2026-06-02 10:27:24 [self-0003-0-attack] Route planned: Target = 80 Mode = defense city-free reachable tiles = 267 Fallback-Tiles = 269
2026-06-02 10:27:24 [self-0003-0-attack] Move #426: 78 -> 79 | Army: 2 | Target-Terrain: 1 | Target: 80 | Half: False
2026-06-02 10:27:25 [self-0003-0-attack] My general index: 25
2026-06-02 10:27:25 [self-0003-0-attack] Enemy general index: None
2026-06-02 10:27:25 [self-0003-0-attack] Visible enemy tiles: 8
2026-06-02 10:27:25 [self-0003-0-attack] Tiles: 22 / 53
2026-06-02 10:27:25 [self-0003-0-attack] Map: 18 x 19 Turn: 445
2026-06-02 10:27:25 [self-0003-0-attack] Route planned: Target = 80 Mode = defense city-free reachable tiles = 267 Fallback-Tiles = 269
2026-06-02 10:27:25 [self-0003-0-attack] Priority agent: flow +6000 base = 240152 final = 246152
2026-06-02 10:27:25 [self-0003-0-attack] Move #427: 79 -> 80 | Army: 2 | Target-Terrain: 1 | Target: 80 | Half: False
2026-06-02 10:27:25 [self-0003-0-attack] My general index: 25
2026-06-02 10:27:25 [self-0003-0-attack] Enemy general index: None
2026-06-02 10:27:25 [self-0003-0-attack] Visible enemy tiles: 8
2026-06-02 10:27:25 [self-0003-0-attack] Tiles: 22 / 53
2026-06-02 10:27:25 [self-0003-0-attack] Map: 18 x 19 Turn: 446
2026-06-02 10:27:25 [self-0003-0-attack] Route planned: Target = 80 Mode = defense city-free reachable tiles = 267 Fallback-Tiles = 269
2026-06-02 10:27:25 [self-0003-0-attack] Priority agent: edge reuse -45000 base = 206130 final = 161130
2026-06-02 10:27:25 [self-0003-0-attack] Move #428: 62 -> 80 | Army: 122 | Target-Terrain: 1 | Target: 80 | Half: False
2026-06-02 10:27:26 [self-0003-0-attack] Coach: stabilize tiles 22/53 army 324/449 cities 1/0 enemy_city_suspect False bias {'expansion_bias': 0.2, 'city_bias': 0.1, 'attack_bias': 0.4, 'defense_bias': 1.2, 'route_bias': 0.6}
2026-06-02 10:27:26 [self-0003-0-attack] My general index: 25
2026-06-02 10:27:26 [self-0003-0-attack] Enemy general index: None
2026-06-02 10:27:26 [self-0003-0-attack] Visible enemy tiles: 8
2026-06-02 10:27:26 [self-0003-0-attack] Tiles: 22 / 53
2026-06-02 10:27:26 [self-0003-0-attack] Map: 18 x 19 Turn: 447
2026-06-02 10:27:26 [self-0003-0-attack] Route planned: Target = 62 Mode = defense city-free reachable tiles = 267 Fallback-Tiles = 269
2026-06-02 10:27:26 [self-0003-0-attack] Priority agent: edge reuse -27000 base = 215053 final = 188053
2026-06-02 10:27:26 [self-0003-0-attack] Move #429: 61 -> 62 | Army: 3 | Target-Terrain: 1 | Target: 62 | Half: False
2026-06-02 10:27:26 [self-0003-0-attack] My general index: 25
2026-06-02 10:27:26 [self-0003-0-attack] Enemy general index: None
2026-06-02 10:27:26 [self-0003-0-attack] Visible enemy tiles: 8
2026-06-02 10:27:26 [self-0003-0-attack] Tiles: 22 / 53
2026-06-02 10:27:26 [self-0003-0-attack] Map: 18 x 19 Turn: 448
2026-06-02 10:27:26 [self-0003-0-attack] Route planned: Target = 62 Mode = defense city-free reachable tiles = 267 Fallback-Tiles = 269
2026-06-02 10:27:26 [self-0003-0-attack] Priority agent: edge reuse -36000 base = 215052 final = 179052
2026-06-02 10:27:26 [self-0003-0-attack] Move #430: 61 -> 62 | Army: 2 | Target-Terrain: 1 | Target: 62 | Half: False
2026-06-02 10:27:27 [self-0003-0-attack] My general index: 25
2026-06-02 10:27:27 [self-0003-0-attack] Enemy general index: None
2026-06-02 10:27:27 [self-0003-0-attack] Visible enemy tiles: 8
2026-06-02 10:27:27 [self-0003-0-attack] Tiles: 22 / 53
2026-06-02 10:27:27 [self-0003-0-attack] Map: 18 x 19 Turn: 449
2026-06-02 10:27:27 [self-0003-0-attack] Route planned: Target = 62 Mode = defense city-free reachable tiles = 267 Fallback-Tiles = 269
2026-06-02 10:27:27 [self-0003-0-attack] Priority agent: edge reuse -45000 base = 212680 final = 167680
2026-06-02 10:27:27 [self-0003-0-attack] Move #431: 80 -> 62 | Army: 123 | Target-Terrain: 1 | Target: 62 | Half: False
2026-06-02 10:27:27 [self-0003-0-attack] My general index: 25
2026-06-02 10:27:27 [self-0003-0-attack] Enemy general index: None
2026-06-02 10:27:27 [self-0003-0-attack] Visible enemy tiles: 8
2026-06-02 10:27:27 [self-0003-0-attack] Tiles: 22 / 53
2026-06-02 10:27:27 [self-0003-0-attack] Map: 18 x 19 Turn: 450
2026-06-02 10:27:27 [self-0003-0-attack] Route planned: Target = 80 Mode = defense city-free reachable tiles = 267 Fallback-Tiles = 269
2026-06-02 10:27:27 [self-0003-0-attack] Priority agent: edge reuse -9000 base = 240152 final = 231152
2026-06-02 10:27:27 [self-0003-0-attack] Move #432: 79 -> 80 | Army: 2 | Target-Terrain: 1 | Target: 80 | Half: False
2026-06-02 10:27:28 [self-0003-0-attack] My general index: 25
2026-06-02 10:27:28 [self-0003-0-attack] Enemy general index: None
2026-06-02 10:27:28 [self-0003-0-attack] Visible enemy tiles: 8
2026-06-02 10:27:28 [self-0003-0-attack] Tiles: 22 / 53
2026-06-02 10:27:28 [self-0003-0-attack] Map: 18 x 19 Turn: 451
2026-06-02 10:27:28 [self-0003-0-attack] Route planned: Target = 80 Mode = defense city-free reachable tiles = 267 Fallback-Tiles = 269
2026-06-02 10:27:28 [self-0003-0-attack] Priority agent: edge reuse -45000 base = 206130 final = 161130
2026-06-02 10:27:28 [self-0003-0-attack] Move #433: 62 -> 80 | Army: 127 | Target-Terrain: 1 | Target: 80 | Half: False
2026-06-02 10:27:28 [self-0003-0-attack] My general index: 25
2026-06-02 10:27:28 [self-0003-0-attack] Enemy general index: None
2026-06-02 10:27:28 [self-0003-0-attack] Visible enemy tiles: 8
2026-06-02 10:27:28 [self-0003-0-attack] Tiles: 22 / 53
2026-06-02 10:27:28 [self-0003-0-attack] Map: 18 x 19 Turn: 452
2026-06-02 10:27:28 [self-0003-0-attack] Route planned: Target = 62 Mode = defense city-free reachable tiles = 267 Fallback-Tiles = 269
2026-06-02 10:27:28 [self-0003-0-attack] Move #434: 63 -> 62 | Army: 2 | Target-Terrain: 1 | Target: 62 | Half: False
2026-06-02 10:27:29 [self-0003-0-attack] My general index: 25
2026-06-02 10:27:29 [self-0003-0-attack] Enemy general index: None
2026-06-02 10:27:29 [self-0003-0-attack] Visible enemy tiles: 8
2026-06-02 10:27:29 [self-0003-0-attack] Tiles: 22 / 53
2026-06-02 10:27:29 [self-0003-0-attack] Map: 18 x 19 Turn: 453
2026-06-02 10:27:29 [self-0003-0-attack] Route planned: Target = 62 Mode = defense city-free reachable tiles = 267 Fallback-Tiles = 269
2026-06-02 10:27:29 [self-0003-0-attack] Priority agent: edge reuse -27000 base = 215054 final = 188054
2026-06-02 10:27:29 [self-0003-0-attack] Move #435: 61 -> 62 | Army: 4 | Target-Terrain: 1 | Target: 62 | Half: False
2026-06-02 10:27:29 [self-0003-0-attack] My general index: 25
2026-06-02 10:27:29 [self-0003-0-attack] Enemy general index: None
2026-06-02 10:27:29 [self-0003-0-attack] Visible enemy tiles: 8
2026-06-02 10:27:29 [self-0003-0-attack] Tiles: 22 / 53
2026-06-02 10:27:29 [self-0003-0-attack] Map: 18 x 19 Turn: 454
2026-06-02 10:27:29 [self-0003-0-attack] Route planned: Target = 62 Mode = defense city-free reachable tiles = 267 Fallback-Tiles = 269
2026-06-02 10:27:29 [self-0003-0-attack] Priority agent: edge reuse -36000 base = 215052 final = 179052
2026-06-02 10:27:29 [self-0003-0-attack] Move #436: 61 -> 62 | Army: 2 | Target-Terrain: 1 | Target: 62 | Half: False
2026-06-02 10:27:30 [self-0003-0-attack] My general index: 25
2026-06-02 10:27:30 [self-0003-0-attack] Enemy general index: None
2026-06-02 10:27:30 [self-0003-0-attack] Visible enemy tiles: 8
2026-06-02 10:27:30 [self-0003-0-attack] Tiles: 22 / 53
2026-06-02 10:27:30 [self-0003-0-attack] Map: 18 x 19 Turn: 455
2026-06-02 10:27:30 [self-0003-0-attack] Route planned: Target = 62 Mode = defense city-free reachable tiles = 267 Fallback-Tiles = 269
2026-06-02 10:27:30 [self-0003-0-attack] Priority agent: edge reuse -45000 base = 212680 final = 167680
2026-06-02 10:27:30 [self-0003-0-attack] Move #437: 80 -> 62 | Army: 129 | Target-Terrain: 1 | Target: 62 | Half: False
2026-06-02 10:27:30 [self-0003-0-attack] My general index: 25
2026-06-02 10:27:30 [self-0003-0-attack] Enemy general index: None
2026-06-02 10:27:30 [self-0003-0-attack] Visible enemy tiles: 9
2026-06-02 10:27:30 [self-0003-0-attack] Tiles: 21 / 54
2026-06-02 10:27:30 [self-0003-0-attack] Map: 18 x 19 Turn: 456
2026-06-02 10:27:30 [self-0003-0-attack] Route planned: Target = 80 Mode = defense city-free reachable tiles = 267 Fallback-Tiles = 269
2026-06-02 10:27:30 [self-0003-0-attack] Move #438: 45 -> 63 | Army: 2 | Target-Terrain: 1 | Target: 80 | Half: False
2026-06-02 10:27:31 [self-0003-0-attack] My general index: 25
2026-06-02 10:27:31 [self-0003-0-attack] Enemy general index: None
2026-06-02 10:27:31 [self-0003-0-attack] Visible enemy tiles: 9
2026-06-02 10:27:31 [self-0003-0-attack] Tiles: 20 / 55
2026-06-02 10:27:31 [self-0003-0-attack] Map: 18 x 19 Turn: 457
2026-06-02 10:27:31 [self-0003-0-attack] Route planned: Target = 80 Mode = defense city-free reachable tiles = 267 Fallback-Tiles = 268
2026-06-02 10:27:31 [self-0003-0-attack] Priority agent: edge reuse -45000 base = 239980 final = 194980
2026-06-02 10:27:31 [self-0003-0-attack] Move #439: 62 -> 80 | Army: 134 | Target-Terrain: 0 | Target: 80 | Half: False
2026-06-02 10:27:31 [self-0003-0-attack] My general index: 25
2026-06-02 10:27:31 [self-0003-0-attack] Enemy general index: None
2026-06-02 10:27:31 [self-0003-0-attack] Visible enemy tiles: 9
2026-06-02 10:27:31 [self-0003-0-attack] Tiles: 21 / 54
2026-06-02 10:27:31 [self-0003-0-attack] Map: 18 x 19 Turn: 458
2026-06-02 10:27:31 [self-0003-0-attack] Route planned: Target = 62 Mode = defense city-free reachable tiles = 267 Fallback-Tiles = 269
2026-06-02 10:27:31 [self-0003-0-attack] Priority agent: edge reuse -9000 base = 246702 final = 237702
2026-06-02 10:27:31 [self-0003-0-attack] Move #440: 63 -> 62 | Army: 2 | Target-Terrain: 1 | Target: 62 | Half: False
2026-06-02 10:27:32 [self-0003-0-attack] My general index: 25
2026-06-02 10:27:32 [self-0003-0-attack] Enemy general index: None
2026-06-02 10:27:32 [self-0003-0-attack] Visible enemy tiles: 9
2026-06-02 10:27:32 [self-0003-0-attack] Tiles: 21 / 54
2026-06-02 10:27:32 [self-0003-0-attack] Map: 18 x 19 Turn: 459
2026-06-02 10:27:32 [self-0003-0-attack] Route planned: Target = 62 Mode = defense city-free reachable tiles = 267 Fallback-Tiles = 269
2026-06-02 10:27:32 [self-0003-0-attack] Priority agent: edge reuse -36000 base = 215053 final = 179053
2026-06-02 10:27:32 [self-0003-0-attack] Move #441: 61 -> 62 | Army: 3 | Target-Terrain: 1 | Target: 62 | Half: False
2026-06-02 10:27:32 [self-0003-0-attack] My general index: 25
2026-06-02 10:27:32 [self-0003-0-attack] Enemy general index: None
2026-06-02 10:27:32 [self-0003-0-attack] Visible enemy tiles: 9
2026-06-02 10:27:32 [self-0003-0-attack] Tiles: 21 / 54
2026-06-02 10:27:32 [self-0003-0-attack] Map: 18 x 19 Turn: 460
2026-06-02 10:27:32 [self-0003-0-attack] Route planned: Target = 62 Mode = defense city-free reachable tiles = 267 Fallback-Tiles = 269
2026-06-02 10:27:32 [self-0003-0-attack] Priority agent: edge reuse -45000 base = 215052 final = 170052
2026-06-02 10:27:32 [self-0003-0-attack] Move #442: 61 -> 62 | Army: 2 | Target-Terrain: 1 | Target: 62 | Half: False
2026-06-02 10:27:33 [self-0003-0-attack] My general index: 25
2026-06-02 10:27:33 [self-0003-0-attack] Enemy general index: None
2026-06-02 10:27:33 [self-0003-0-attack] Visible enemy tiles: 9
2026-06-02 10:27:33 [self-0003-0-attack] Tiles: 21 / 54
2026-06-02 10:27:33 [self-0003-0-attack] Map: 18 x 19 Turn: 461
2026-06-02 10:27:33 [self-0003-0-attack] Route planned: Target = 62 Mode = defense city-free reachable tiles = 267 Fallback-Tiles = 269
2026-06-02 10:27:33 [self-0003-0-attack] Priority agent: edge reuse -36000 base = 212680 final = 176680
2026-06-02 10:27:33 [self-0003-0-attack] Move #443: 80 -> 62 | Army: 130 | Target-Terrain: 1 | Target: 62 | Half: False
2026-06-02 10:27:33 [self-0003-0-attack] My general index: 25
2026-06-02 10:27:33 [self-0003-0-attack] Enemy general index: None
2026-06-02 10:27:33 [self-0003-0-attack] Visible enemy tiles: 9
2026-06-02 10:27:33 [self-0003-0-attack] Tiles: 21 / 54
2026-06-02 10:27:33 [self-0003-0-attack] Map: 18 x 19 Turn: 462
2026-06-02 10:27:33 [self-0003-0-attack] Route planned: Target = 80 Mode = defense city-free reachable tiles = 267 Fallback-Tiles = 269
2026-06-02 10:27:33 [self-0003-0-attack] Move #444: 60 -> 78 | Army: 2 | Target-Terrain: 1 | Target: 80 | Half: False
2026-06-02 10:27:34 [self-0003-0-attack] My general index: 25
2026-06-02 10:27:34 [self-0003-0-attack] Enemy general index: None
2026-06-02 10:27:34 [self-0003-0-attack] Visible enemy tiles: 9
2026-06-02 10:27:34 [self-0003-0-attack] Tiles: 20 / 55
2026-06-02 10:27:34 [self-0003-0-attack] Map: 18 x 19 Turn: 463
2026-06-02 10:27:34 [self-0003-0-attack] Route planned: Target = 80 Mode = defense city-free reachable tiles = 267 Fallback-Tiles = 268
2026-06-02 10:27:34 [self-0003-0-attack] Priority agent: edge reuse -45000 base = 239980 final = 194980
2026-06-02 10:27:34 [self-0003-0-attack] Move #445: 62 -> 80 | Army: 134 | Target-Terrain: 0 | Target: 80 | Half: False
2026-06-02 10:27:34 [self-0003-0-attack] My general index: 25
2026-06-02 10:27:34 [self-0003-0-attack] Enemy general index: None
2026-06-02 10:27:34 [self-0003-0-attack] Visible enemy tiles: 9
2026-06-02 10:27:34 [self-0003-0-attack] Tiles: 21 / 54
2026-06-02 10:27:34 [self-0003-0-attack] Map: 18 x 19 Turn: 464
2026-06-02 10:27:34 [self-0003-0-attack] Route planned: Target = 62 Mode = defense city-free reachable tiles = 267 Fallback-Tiles = 269
2026-06-02 10:27:34 [self-0003-0-attack] Priority agent: edge reuse -36000 base = 215053 final = 179053
2026-06-02 10:27:34 [self-0003-0-attack] Move #446: 61 -> 62 | Army: 3 | Target-Terrain: 1 | Target: 62 | Half: False
2026-06-02 10:27:35 [self-0003-0-attack] My general index: 25
2026-06-02 10:27:35 [self-0003-0-attack] Enemy general index: None
2026-06-02 10:27:35 [self-0003-0-attack] Visible enemy tiles: 9
2026-06-02 10:27:35 [self-0003-0-attack] Tiles: 21 / 54
2026-06-02 10:27:35 [self-0003-0-attack] Map: 18 x 19 Turn: 465
2026-06-02 10:27:35 [self-0003-0-attack] Route planned: Target = 62 Mode = defense city-free reachable tiles = 267 Fallback-Tiles = 269
2026-06-02 10:27:35 [self-0003-0-attack] Move #447: 78 -> 79 | Army: 3 | Target-Terrain: 0 | Target: 62 | Half: False
2026-06-02 10:27:35 [self-0003-0-attack] My general index: 25
2026-06-02 10:27:35 [self-0003-0-attack] Enemy general index: None
2026-06-02 10:27:35 [self-0003-0-attack] Visible enemy tiles: 8
2026-06-02 10:27:35 [self-0003-0-attack] Tiles: 22 / 53
2026-06-02 10:27:35 [self-0003-0-attack] Map: 18 x 19 Turn: 466
2026-06-02 10:27:35 [self-0003-0-attack] Route planned: Target = 62 Mode = defense city-free reachable tiles = 267 Fallback-Tiles = 269
2026-06-02 10:27:35 [self-0003-0-attack] Priority agent: edge reuse -36000 base = 212680 final = 176680
2026-06-02 10:27:35 [self-0003-0-attack] Move #448: 80 -> 62 | Army: 132 | Target-Terrain: 1 | Target: 62 | Half: False
2026-06-02 10:27:36 [self-0003-0-attack] My general index: 25
2026-06-02 10:27:36 [self-0003-0-attack] Enemy general index: None
2026-06-02 10:27:36 [self-0003-0-attack] Visible enemy tiles: 8
2026-06-02 10:27:36 [self-0003-0-attack] Tiles: 22 / 53
2026-06-02 10:27:36 [self-0003-0-attack] Map: 18 x 19 Turn: 467
2026-06-02 10:27:36 [self-0003-0-attack] Route planned: Target = 80 Mode = defense city-free reachable tiles = 267 Fallback-Tiles = 269
2026-06-02 10:27:36 [self-0003-0-attack] Move #449: 64 -> 63 | Army: 2 | Target-Terrain: 1 | Target: 80 | Half: False
2026-06-02 10:27:36 [self-0003-0-attack] My general index: 25
2026-06-02 10:27:36 [self-0003-0-attack] Enemy general index: None
2026-06-02 10:27:36 [self-0003-0-attack] Visible enemy tiles: 8
2026-06-02 10:27:36 [self-0003-0-attack] Tiles: 22 / 53
2026-06-02 10:27:36 [self-0003-0-attack] Map: 18 x 19 Turn: 468
2026-06-02 10:27:36 [self-0003-0-attack] Route planned: Target = 80 Mode = defense city-free reachable tiles = 267 Fallback-Tiles = 269
2026-06-02 10:27:36 [self-0003-0-attack] Priority agent: edge reuse -45000 base = 206130 final = 161130
2026-06-02 10:27:36 [self-0003-0-attack] Move #450: 62 -> 80 | Army: 134 | Target-Terrain: 1 | Target: 80 | Half: False
2026-06-02 10:27:37 [self-0003-0-attack] My general index: 25
2026-06-02 10:27:37 [self-0003-0-attack] Enemy general index: None
2026-06-02 10:27:37 [self-0003-0-attack] Visible enemy tiles: 8
2026-06-02 10:27:37 [self-0003-0-attack] Tiles: 22 / 53
2026-06-02 10:27:37 [self-0003-0-attack] Map: 18 x 19 Turn: 469
2026-06-02 10:27:37 [self-0003-0-attack] Route planned: Target = 62 Mode = defense city-free reachable tiles = 267 Fallback-Tiles = 269
2026-06-02 10:27:37 [self-0003-0-attack] Priority agent: edge reuse -9000 base = 246702 final = 237702
2026-06-02 10:27:37 [self-0003-0-attack] Move #451: 63 -> 62 | Army: 2 | Target-Terrain: 1 | Target: 62 | Half: False
2026-06-02 10:27:37 [self-0003-0-attack] My general index: 25
2026-06-02 10:27:37 [self-0003-0-attack] Enemy general index: None
2026-06-02 10:27:37 [self-0003-0-attack] Visible enemy tiles: 8
2026-06-02 10:27:37 [self-0003-0-attack] Tiles: 22 / 53
2026-06-02 10:27:37 [self-0003-0-attack] Map: 18 x 19 Turn: 470
2026-06-02 10:27:37 [self-0003-0-attack] Route planned: Target = 62 Mode = defense city-free reachable tiles = 267 Fallback-Tiles = 269
2026-06-02 10:27:37 [self-0003-0-attack] Priority agent: edge reuse -27000 base = 215054 final = 188054
2026-06-02 10:27:37 [self-0003-0-attack] Move #452: 61 -> 62 | Army: 4 | Target-Terrain: 1 | Target: 62 | Half: False
2026-06-02 10:27:38 [self-0003-0-attack] My general index: 25
2026-06-02 10:27:38 [self-0003-0-attack] Enemy general index: None
2026-06-02 10:27:38 [self-0003-0-attack] Visible enemy tiles: 8
2026-06-02 10:27:38 [self-0003-0-attack] Tiles: 22 / 53
2026-06-02 10:27:38 [self-0003-0-attack] Map: 18 x 19 Turn: 471
2026-06-02 10:27:38 [self-0003-0-attack] Route planned: Target = 62 Mode = defense city-free reachable tiles = 267 Fallback-Tiles = 269
2026-06-02 10:27:38 [self-0003-0-attack] Priority agent: edge reuse -45000 base = 212680 final = 167680
2026-06-02 10:27:38 [self-0003-0-attack] Move #453: 80 -> 62 | Army: 134 | Target-Terrain: 1 | Target: 62 | Half: False
2026-06-02 10:27:38 [self-0003-0-attack] My general index: 25
2026-06-02 10:27:38 [self-0003-0-attack] Enemy general index: None
2026-06-02 10:27:38 [self-0003-0-attack] Visible enemy tiles: 8
2026-06-02 10:27:38 [self-0003-0-attack] Tiles: 22 / 53
2026-06-02 10:27:38 [self-0003-0-attack] Map: 18 x 19 Turn: 472
2026-06-02 10:27:38 [self-0003-0-attack] Route planned: Target = 80 Mode = defense city-free reachable tiles = 267 Fallback-Tiles = 269
2026-06-02 10:27:38 [self-0003-0-attack] Move #454: 77 -> 78 | Army: 2 | Target-Terrain: 1 | Target: 80 | Half: False
2026-06-02 10:27:39 [self-0003-0-attack] My general index: 25
2026-06-02 10:27:39 [self-0003-0-attack] Enemy general index: None
2026-06-02 10:27:39 [self-0003-0-attack] Visible enemy tiles: 9
2026-06-02 10:27:39 [self-0003-0-attack] Tiles: 21 / 54
2026-06-02 10:27:39 [self-0003-0-attack] Map: 18 x 19 Turn: 473
2026-06-02 10:27:39 [self-0003-0-attack] Route planned: Target = 133 Mode = strategy city-free reachable tiles = 267 Fallback-Tiles = 268
2026-06-02 10:27:39 [self-0003-0-attack] Move #455: 59 -> 60 | Army: 4 | Target-Terrain: 1 | Target: 133 | Half: False
2026-06-02 10:27:39 [self-0003-0-attack] My general index: 25
2026-06-02 10:27:39 [self-0003-0-attack] Enemy general index: None
2026-06-02 10:27:39 [self-0003-0-attack] Visible enemy tiles: 9
2026-06-02 10:27:39 [self-0003-0-attack] Tiles: 21 / 54
2026-06-02 10:27:39 [self-0003-0-attack] Map: 18 x 19 Turn: 474
2026-06-02 10:27:39 [self-0003-0-attack] Route planned: Target = 133 Mode = strategy city-free reachable tiles = 267 Fallback-Tiles = 268
2026-06-02 10:27:39 [self-0003-0-attack] Move #456: 42 -> 60 | Army: 3 | Target-Terrain: 1 | Target: 133 | Half: False
2026-06-02 10:27:40 [self-0003-0-attack] My general index: 25
2026-06-02 10:27:40 [self-0003-0-attack] Enemy general index: None
2026-06-02 10:27:40 [self-0003-0-attack] Visible enemy tiles: 9
2026-06-02 10:27:40 [self-0003-0-attack] Tiles: 21 / 54
2026-06-02 10:27:40 [self-0003-0-attack] Map: 18 x 19 Turn: 475
2026-06-02 10:27:40 [self-0003-0-attack] Route planned: Target = 133 Mode = strategy city-free reachable tiles = 267 Fallback-Tiles = 268
2026-06-02 10:27:40 [self-0003-0-attack] Move #457: 24 -> 42 | Army: 4 | Target-Terrain: 1 | Target: 133 | Half: False
2026-06-02 10:27:40 [self-0003-0-attack] My general index: 25
2026-06-02 10:27:40 [self-0003-0-attack] Enemy general index: None
2026-06-02 10:27:40 [self-0003-0-attack] Visible enemy tiles: 9
2026-06-02 10:27:40 [self-0003-0-attack] Tiles: 21 / 54
2026-06-02 10:27:40 [self-0003-0-attack] Map: 18 x 19 Turn: 476
2026-06-02 10:27:40 [self-0003-0-attack] Route planned: Target = 133 Mode = strategy city-free reachable tiles = 267 Fallback-Tiles = 268
2026-06-02 10:27:40 [self-0003-0-attack] Move #458: 25 -> 43 | Army: 167 | Target-Terrain: 1 | Target: 133 | Half: True
2026-06-02 10:27:41 [self-0003-0-attack] My general index: 25
2026-06-02 10:27:41 [self-0003-0-attack] Enemy general index: None
2026-06-02 10:27:41 [self-0003-0-attack] Visible enemy tiles: 9
2026-06-02 10:27:41 [self-0003-0-attack] Tiles: 21 / 54
2026-06-02 10:27:41 [self-0003-0-attack] Map: 18 x 19 Turn: 477
2026-06-02 10:27:41 [self-0003-0-attack] Route planned: Target = 133 Mode = strategy city-free reachable tiles = 267 Fallback-Tiles = 268
2026-06-02 10:27:41 [self-0003-0-attack] Priority agent: flow +6000 base = 43570 final = 49570
2026-06-02 10:27:41 [self-0003-0-attack] Move #459: 43 -> 61 | Army: 86 | Target-Terrain: 1 | Target: 133 | Half: False
2026-06-02 10:27:41 [self-0003-0-attack] My general index: 25
2026-06-02 10:27:41 [self-0003-0-attack] Enemy general index: None
2026-06-02 10:27:41 [self-0003-0-attack] Visible enemy tiles: 9
2026-06-02 10:27:41 [self-0003-0-attack] Tiles: 21 / 54
2026-06-02 10:27:41 [self-0003-0-attack] Map: 18 x 19 Turn: 478
2026-06-02 10:27:41 [self-0003-0-attack] Route planned: Target = 133 Mode = strategy city-free reachable tiles = 267 Fallback-Tiles = 268
2026-06-02 10:27:41 [self-0003-0-attack] Move #460: 6 -> 24 | Army: 6 | Target-Terrain: 1 | Target: 133 | Half: False
2026-06-02 10:27:42 [self-0003-0-attack] My general index: 25
2026-06-02 10:27:42 [self-0003-0-attack] Enemy general index: None
2026-06-02 10:27:42 [self-0003-0-attack] Visible enemy tiles: 9
2026-06-02 10:27:42 [self-0003-0-attack] Tiles: 21 / 54
2026-06-02 10:27:42 [self-0003-0-attack] Map: 18 x 19 Turn: 479
2026-06-02 10:27:42 [self-0003-0-attack] Route planned: Target = 133 Mode = strategy city-free reachable tiles = 267 Fallback-Tiles = 268
2026-06-02 10:27:42 [self-0003-0-attack] Move #461: 60 -> 78 | Army: 6 | Target-Terrain: 1 | Target: 133 | Half: False
2026-06-02 10:27:42 [self-0003-0-attack] My general index: 25
2026-06-02 10:27:42 [self-0003-0-attack] Enemy general index: None
2026-06-02 10:27:42 [self-0003-0-attack] Visible enemy tiles: 9
2026-06-02 10:27:42 [self-0003-0-attack] Tiles: 21 / 54
2026-06-02 10:27:42 [self-0003-0-attack] Map: 18 x 19 Turn: 480
2026-06-02 10:27:42 [self-0003-0-attack] Route planned: Target = 133 Mode = strategy city-free reachable tiles = 267 Fallback-Tiles = 268
2026-06-02 10:27:42 [self-0003-0-attack] Priority agent: flow +6000 base = 77287 final = 83287
2026-06-02 10:27:42 [self-0003-0-attack] Move #462: 78 -> 96 | Army: 7 | Target-Terrain: 0 | Target: 133 | Half: False
2026-06-02 10:27:43 [self-0003-0-attack] My general index: 25
2026-06-02 10:27:43 [self-0003-0-attack] Enemy general index: None
2026-06-02 10:27:43 [self-0003-0-attack] Visible enemy tiles: 8
2026-06-02 10:27:43 [self-0003-0-attack] Tiles: 22 / 53
2026-06-02 10:27:43 [self-0003-0-attack] Map: 18 x 19 Turn: 481
2026-06-02 10:27:43 [self-0003-0-attack] Route planned: Target = 133 Mode = strategy city-free reachable tiles = 267 Fallback-Tiles = 268
2026-06-02 10:27:43 [self-0003-0-attack] Priority agent: flow +6000 base = 77925 final = 83925
2026-06-02 10:27:43 [self-0003-0-attack] Move #463: 96 -> 97 | Army: 5 | Target-Terrain: 0 | Target: 133 | Half: False
2026-06-02 10:27:43 [self-0003-0-attack] My general index: 25
2026-06-02 10:27:43 [self-0003-0-attack] Enemy general index: None
2026-06-02 10:27:43 [self-0003-0-attack] Visible enemy tiles: 8
2026-06-02 10:27:43 [self-0003-0-attack] Tiles: 23 / 52
2026-06-02 10:27:43 [self-0003-0-attack] Map: 18 x 19 Turn: 482
2026-06-02 10:27:43 [self-0003-0-attack] Route planned: Target = 133 Mode = strategy city-free reachable tiles = 267 Fallback-Tiles = 268
2026-06-02 10:27:43 [self-0003-0-attack] Priority agent: flow +6000 base = 76413 final = 82413
2026-06-02 10:27:43 [self-0003-0-attack] Move #464: 97 -> 115 | Army: 3 | Target-Terrain: 0 | Target: 133 | Half: False
2026-06-02 10:27:44 [self-0003-0-attack] My general index: 25
2026-06-02 10:27:44 [self-0003-0-attack] Enemy general index: None
2026-06-02 10:27:44 [self-0003-0-attack] Visible enemy tiles: 8
2026-06-02 10:27:44 [self-0003-0-attack] Tiles: 24 / 51
2026-06-02 10:27:44 [self-0003-0-attack] Map: 18 x 19 Turn: 483
2026-06-02 10:27:44 [self-0003-0-attack] Route planned: Target = 134 Mode = strategy city-free reachable tiles = 267 Fallback-Tiles = 268
2026-06-02 10:27:44 [self-0003-0-attack] Priority agent: edge reuse -9000 base = 76360 final = 67360
2026-06-02 10:27:44 [self-0003-0-attack] Move #465: 62 -> 80 | Army: 138 | Target-Terrain: 0 | Target: 134 | Half: False
2026-06-02 10:27:44 [self-0003-0-attack] My general index: 25
2026-06-02 10:27:44 [self-0003-0-attack] Enemy general index: None
2026-06-02 10:27:44 [self-0003-0-attack] Visible enemy tiles: 7
2026-06-02 10:27:44 [self-0003-0-attack] Tiles: 24 / 51
2026-06-02 10:27:44 [self-0003-0-attack] Map: 18 x 19 Turn: 484
2026-06-02 10:27:44 [self-0003-0-attack] Route planned: Target = 99 Mode = defense city-free reachable tiles = 268 Fallback-Tiles = 269
2026-06-02 10:27:44 [self-0003-0-attack] Priority agent: flow +6000 base = 175040 final = 181040
2026-06-02 10:27:44 [self-0003-0-attack] Move #466: 80 -> 81 | Army: 136 | Target-Terrain: 0 | Target: 99 | Half: False
2026-06-02 10:27:45 [self-0003-0-attack] My general index: 25
2026-06-02 10:27:45 [self-0003-0-attack] Enemy general index: None
2026-06-02 10:27:45 [self-0003-0-attack] Visible enemy tiles: 7
2026-06-02 10:27:45 [self-0003-0-attack] Tiles: 25 / 50
2026-06-02 10:27:45 [self-0003-0-attack] Map: 18 x 19 Turn: 485
2026-06-02 10:27:45 [self-0003-0-attack] Route planned: Target = 99 Mode = defense city-free reachable tiles = 268 Fallback-Tiles = 269
2026-06-02 10:27:45 [self-0003-0-attack] Priority agent: flow +6000 base = 284280 final = 290280
2026-06-02 10:27:45 [self-0003-0-attack] Move #467: 81 -> 99 | Army: 134 | Target-Terrain: -1 | Target: 99 | Half: False
2026-06-02 10:27:45 [self-0003-0-attack] My general index: 25
2026-06-02 10:27:45 [self-0003-0-attack] Enemy general index: None
2026-06-02 10:27:45 [self-0003-0-attack] Visible enemy tiles: 9
2026-06-02 10:27:45 [self-0003-0-attack] Tiles: 26 / 50
2026-06-02 10:27:45 [self-0003-0-attack] Map: 18 x 19 Turn: 486
2026-06-02 10:27:45 [self-0003-0-attack] Reinforcement waypoint: 134 final target = 134 turns until reinforcement = 14
2026-06-02 10:27:45 [self-0003-0-attack] Route planned: Target = 134 Mode = reinforcement_waypoint city-free reachable tiles = 267 Fallback-Tiles = 269
2026-06-02 10:27:45 [self-0003-0-attack] Priority agent: flow +6000 base = 90300 final = 96300
2026-06-02 10:27:45 [self-0003-0-attack] Move #468: 99 -> 117 | Army: 86 | Target-Terrain: 0 | Target: 134 | Half: False
2026-06-02 10:27:46 [self-0003-0-attack] My general index: 25
2026-06-02 10:27:46 [self-0003-0-attack] Enemy general index: None
2026-06-02 10:27:46 [self-0003-0-attack] Visible enemy tiles: 11
2026-06-02 10:27:46 [self-0003-0-attack] Tiles: 27 / 49
2026-06-02 10:27:46 [self-0003-0-attack] Map: 18 x 19 Turn: 487
2026-06-02 10:27:46 [self-0003-0-attack] Route planned: Target = 99 Mode = defense city-free reachable tiles = 268 Fallback-Tiles = 269
2026-06-02 10:27:46 [self-0003-0-attack] Priority agent: reverse -35000, edge reuse -9000 base = 248915 final = 204915
2026-06-02 10:27:46 [self-0003-0-attack] Move #469: 117 -> 99 | Army: 65 | Target-Terrain: 1 | Target: 99 | Half: False
2026-06-02 10:27:46 [self-0003-0-attack] My general index: 25
2026-06-02 10:27:46 [self-0003-0-attack] Enemy general index: None
2026-06-02 10:27:46 [self-0003-0-attack] Visible enemy tiles: 11
2026-06-02 10:27:46 [self-0003-0-attack] Tiles: 27 / 49
2026-06-02 10:27:46 [self-0003-0-attack] Map: 18 x 19 Turn: 488
2026-06-02 10:27:46 [self-0003-0-attack] Reinforcement waypoint: 116 final target = 134 turns until reinforcement = 12
2026-06-02 10:27:46 [self-0003-0-attack] Route planned: Target = 116 Mode = reinforcement_waypoint city-free reachable tiles = 267 Fallback-Tiles = 269
2026-06-02 10:27:46 [self-0003-0-attack] Priority agent: flow +6000 base = 90026 final = 96026
2026-06-02 10:27:46 [self-0003-0-attack] Move #470: 99 -> 98 | Army: 66 | Target-Terrain: 0 | Target: 116 | Half: False
2026-06-02 10:27:47 [self-0003-0-attack] My general index: 25
2026-06-02 10:27:47 [self-0003-0-attack] Enemy general index: None
2026-06-02 10:27:47 [self-0003-0-attack] Visible enemy tiles: 8
2026-06-02 10:27:47 [self-0003-0-attack] Tiles: 27 / 49
2026-06-02 10:27:47 [self-0003-0-attack] Map: 18 x 19 Turn: 489
2026-06-02 10:27:47 [self-0003-0-attack] Route planned: Target = 115 Mode = defense city-free reachable tiles = 267 Fallback-Tiles = 269
2026-06-02 10:27:47 [self-0003-0-attack] Priority agent: flow +6000 base = 177074 final = 183074
2026-06-02 10:27:47 [self-0003-0-attack] Move #471: 98 -> 116 | Army: 64 | Target-Terrain: 0 | Target: 115 | Half: False
2026-06-02 10:27:47 [self-0003-0-attack] My general index: 25
2026-06-02 10:27:47 [self-0003-0-attack] Enemy general index: None
2026-06-02 10:27:47 [self-0003-0-attack] Visible enemy tiles: 9
2026-06-02 10:27:47 [self-0003-0-attack] Tiles: 28 / 48
2026-06-02 10:27:47 [self-0003-0-attack] Map: 18 x 19 Turn: 490
2026-06-02 10:27:47 [self-0003-0-attack] Route planned: Target = 115 Mode = defense city-free reachable tiles = 267 Fallback-Tiles = 269
2026-06-02 10:27:47 [self-0003-0-attack] Priority agent: flow +6000 base = 275612 final = 281612
2026-06-02 10:27:47 [self-0003-0-attack] Move #472: 116 -> 115 | Army: 62 | Target-Terrain: 0 | Target: 115 | Half: False
2026-06-02 10:27:48 [self-0003-0-attack] My general index: 25
2026-06-02 10:27:48 [self-0003-0-attack] Enemy general index: None
2026-06-02 10:27:48 [self-0003-0-attack] Visible enemy tiles: 8
2026-06-02 10:27:48 [self-0003-0-attack] Tiles: 29 / 47
2026-06-02 10:27:48 [self-0003-0-attack] Map: 18 x 19 Turn: 491
2026-06-02 10:27:48 [self-0003-0-attack] Route planned: Target = 99 Mode = defense city-free reachable tiles = 268 Fallback-Tiles = 269
2026-06-02 10:27:48 [self-0003-0-attack] Priority agent: edge reuse -9000, flow +6000 base = 139780 final = 136780
2026-06-02 10:27:48 [self-0003-0-attack] Move #473: 115 -> 97 | Army: 60 | Target-Terrain: 1 | Target: 99 | Half: False
2026-06-02 10:27:48 [self-0003-0-attack] My general index: 25
2026-06-02 10:27:48 [self-0003-0-attack] Enemy general index: None
2026-06-02 10:27:48 [self-0003-0-attack] Visible enemy tiles: 8
2026-06-02 10:27:48 [self-0003-0-attack] Tiles: 28 / 48
2026-06-02 10:27:48 [self-0003-0-attack] Map: 18 x 19 Turn: 492
2026-06-02 10:27:48 [self-0003-0-attack] Route planned: Target = 115 Mode = defense city-free reachable tiles = 267 Fallback-Tiles = 269
2026-06-02 10:27:48 [self-0003-0-attack] Move #474: 114 -> 115 | Army: 2 | Target-Terrain: 1 | Target: 115 | Half: False
2026-06-02 10:27:49 [self-0003-0-attack] My general index: 25
2026-06-02 10:27:49 [self-0003-0-attack] Enemy general index: None
2026-06-02 10:27:49 [self-0003-0-attack] Visible enemy tiles: 9
2026-06-02 10:27:49 [self-0003-0-attack] Tiles: 27 / 49
2026-06-02 10:27:49 [self-0003-0-attack] Map: 18 x 19 Turn: 493
2026-06-02 10:27:49 [self-0003-0-attack] Route planned: Target = 62 Mode = defense city-free reachable tiles = 267 Fallback-Tiles = 269
2026-06-02 10:27:49 [self-0003-0-attack] Move #475: 61 -> 62 | Army: 97 | Target-Terrain: 1 | Target: 62 | Half: False
2026-06-02 10:27:49 [self-0003-0-attack] My general index: 25
2026-06-02 10:27:49 [self-0003-0-attack] Enemy general index: None
2026-06-02 10:27:49 [self-0003-0-attack] Visible enemy tiles: 10
2026-06-02 10:27:49 [self-0003-0-attack] Tiles: 26 / 50
2026-06-02 10:27:49 [self-0003-0-attack] Map: 18 x 19 Turn: 494
2026-06-02 10:27:49 [self-0003-0-attack] Route planned: Target = 80 Mode = defense city-free reachable tiles = 267 Fallback-Tiles = 269
2026-06-02 10:27:49 [self-0003-0-attack] Priority agent: edge reuse -9000, flow +6000 base = 276830 final = 273830
2026-06-02 10:27:49 [self-0003-0-attack] Move #476: 62 -> 80 | Army: 97 | Target-Terrain: 0 | Target: 80 | Half: False
2026-06-02 10:27:50 [self-0003-0-attack] My general index: 25
2026-06-02 10:27:50 [self-0003-0-attack] Enemy general index: None
2026-06-02 10:27:50 [self-0003-0-attack] Visible enemy tiles: 9
2026-06-02 10:27:50 [self-0003-0-attack] Tiles: 27 / 49
2026-06-02 10:27:50 [self-0003-0-attack] Map: 18 x 19 Turn: 495
2026-06-02 10:27:50 [self-0003-0-attack] Route planned: Target = 62 Mode = defense city-free reachable tiles = 267 Fallback-Tiles = 269
2026-06-02 10:27:50 [self-0003-0-attack] Priority agent: edge reuse -9000 base = 223402 final = 214402
2026-06-02 10:27:50 [self-0003-0-attack] Move #477: 61 -> 62 | Army: 2 | Target-Terrain: 1 | Target: 62 | Half: False
2026-06-02 10:27:50 [self-0003-0-attack] My general index: 25
2026-06-02 10:27:50 [self-0003-0-attack] Enemy general index: None
2026-06-02 10:27:50 [self-0003-0-attack] Visible enemy tiles: 9
2026-06-02 10:27:50 [self-0003-0-attack] Tiles: 27 / 49
2026-06-02 10:27:50 [self-0003-0-attack] Map: 18 x 19 Turn: 496
2026-06-02 10:27:50 [self-0003-0-attack] Route planned: Target = 62 Mode = defense city-free reachable tiles = 267 Fallback-Tiles = 269
2026-06-02 10:27:50 [self-0003-0-attack] Priority agent: edge reuse -18000 base = 196402 final = 178402
2026-06-02 10:27:50 [self-0003-0-attack] Move #478: 61 -> 62 | Army: 2 | Target-Terrain: 1 | Target: 62 | Half: False
2026-06-02 10:27:51 [self-0003-0-attack] Coach: stabilize tiles 27/49 army 304/477 cities 2/0 enemy_city_suspect False bias {'expansion_bias': 0.2, 'city_bias': 0.1, 'attack_bias': 0.4, 'defense_bias': 1.2, 'route_bias': 0.6}
2026-06-02 10:27:51 [self-0003-0-attack] My general index: 25
2026-06-02 10:27:51 [self-0003-0-attack] Enemy general index: None
2026-06-02 10:27:51 [self-0003-0-attack] Visible enemy tiles: 9
2026-06-02 10:27:51 [self-0003-0-attack] Tiles: 27 / 49
2026-06-02 10:27:51 [self-0003-0-attack] Map: 18 x 19 Turn: 497
2026-06-02 10:27:51 [self-0003-0-attack] Route planned: Target = 62 Mode = defense city-free reachable tiles = 267 Fallback-Tiles = 269
2026-06-02 10:27:51 [self-0003-0-attack] Priority agent: edge reuse -18000 base = 195880 final = 177880
2026-06-02 10:27:51 [self-0003-0-attack] Move #479: 80 -> 62 | Army: 88 | Target-Terrain: 1 | Target: 62 | Half: False
2026-06-02 10:27:51 [self-0003-0-attack] My general index: 25
2026-06-02 10:27:51 [self-0003-0-attack] Enemy general index: None
2026-06-02 10:27:51 [self-0003-0-attack] Visible enemy tiles: 9
2026-06-02 10:27:51 [self-0003-0-attack] Tiles: 27 / 49
2026-06-02 10:27:51 [self-0003-0-attack] Map: 18 x 19 Turn: 498
2026-06-02 10:27:51 [self-0003-0-attack] Route planned: Target = 80 Mode = defense city-free reachable tiles = 267 Fallback-Tiles = 269
2026-06-02 10:27:51 [self-0003-0-attack] Move #480: 97 -> 98 | Army: 60 | Target-Terrain: 0 | Target: 80 | Half: False
2026-06-02 10:27:52 [self-0003-0-attack] My general index: 25
2026-06-02 10:27:52 [self-0003-0-attack] Enemy general index: None
2026-06-02 10:27:52 [self-0003-0-attack] Visible enemy tiles: 8
2026-06-02 10:27:52 [self-0003-0-attack] Tiles: 28 / 48
2026-06-02 10:27:52 [self-0003-0-attack] Map: 18 x 19 Turn: 499
2026-06-02 10:27:52 [self-0003-0-attack] Route planned: Target = 80 Mode = defense city-free reachable tiles = 267 Fallback-Tiles = 269
2026-06-02 10:27:52 [self-0003-0-attack] Priority agent: flow +6000 base = 243558 final = 249558
2026-06-02 10:27:52 [self-0003-0-attack] Move #481: 98 -> 80 | Army: 58 | Target-Terrain: 1 | Target: 80 | Half: False
2026-06-02 10:27:52 [self-0003-0-attack] My general index: 25
2026-06-02 10:27:52 [self-0003-0-attack] Enemy general index: None
2026-06-02 10:27:52 [self-0003-0-attack] Visible enemy tiles: 8
2026-06-02 10:27:52 [self-0003-0-attack] Tiles: 28 / 48
2026-06-02 10:27:52 [self-0003-0-attack] Map: 18 x 19 Turn: 500
2026-06-02 10:27:52 [self-0003-0-attack] Route planned: Target = 115 Mode = defense city-free reachable tiles = 267 Fallback-Tiles = 269
2026-06-02 10:27:52 [self-0003-0-attack] Priority agent: edge reuse -9000 base = 229902 final = 220902
2026-06-02 10:27:52 [self-0003-0-attack] Move #482: 97 -> 115 | Army: 2 | Target-Terrain: 1 | Target: 115 | Half: False
2026-06-02 10:27:53 [self-0003-0-attack] My general index: 25
2026-06-02 10:27:53 [self-0003-0-attack] Enemy general index: None
2026-06-02 10:27:53 [self-0003-0-attack] Visible enemy tiles: 8
2026-06-02 10:27:53 [self-0003-0-attack] Tiles: 28 / 49
2026-06-02 10:27:53 [self-0003-0-attack] Map: 18 x 19 Turn: 501
2026-06-02 10:27:53 [self-0003-0-attack] Route planned: Target = 115 Mode = defense city-free reachable tiles = 267 Fallback-Tiles = 269
2026-06-02 10:27:53 [self-0003-0-attack] Priority agent: edge reuse -9000 base = 229902 final = 220902
2026-06-02 10:27:53 [self-0003-0-attack] Move #483: 114 -> 115 | Army: 2 | Target-Terrain: 1 | Target: 115 | Half: False
2026-06-02 10:27:53 [self-0003-0-attack] My general index: 25
2026-06-02 10:27:53 [self-0003-0-attack] Enemy general index: None
2026-06-02 10:27:53 [self-0003-0-attack] Visible enemy tiles: 8
2026-06-02 10:27:53 [self-0003-0-attack] Tiles: 28 / 49
2026-06-02 10:27:53 [self-0003-0-attack] Map: 18 x 19 Turn: 502
2026-06-02 10:27:53 [self-0003-0-attack] Route planned: Target = 115 Mode = defense city-free reachable tiles = 267 Fallback-Tiles = 269
2026-06-02 10:27:53 [self-0003-0-attack] Move #484: 99 -> 117 | Army: 9 | Target-Terrain: 0 | Target: 115 | Half: False
2026-06-02 10:27:54 [self-0003-0-attack] My general index: 25
2026-06-02 10:27:54 [self-0003-0-attack] Enemy general index: None
2026-06-02 10:27:54 [self-0003-0-attack] Visible enemy tiles: 9
2026-06-02 10:27:54 [self-0003-0-attack] Tiles: 29 / 48
2026-06-02 10:27:54 [self-0003-0-attack] Map: 18 x 19 Turn: 503
2026-06-02 10:27:54 [self-0003-0-attack] Route planned: Target = 115 Mode = defense city-free reachable tiles = 267 Fallback-Tiles = 269
2026-06-02 10:27:54 [self-0003-0-attack] Priority agent: flow +6000 base = 174615 final = 180615
2026-06-02 10:27:54 [self-0003-0-attack] Move #485: 117 -> 116 | Army: 5 | Target-Terrain: 0 | Target: 115 | Half: False
2026-06-02 10:27:54 [self-0003-0-attack] My general index: 25
2026-06-02 10:27:54 [self-0003-0-attack] Enemy general index: None
2026-06-02 10:27:54 [self-0003-0-attack] Visible enemy tiles: 8
2026-06-02 10:27:54 [self-0003-0-attack] Tiles: 30 / 47
2026-06-02 10:27:54 [self-0003-0-attack] Map: 18 x 19 Turn: 504
2026-06-02 10:27:54 [self-0003-0-attack] Route planned: Target = 115 Mode = defense city-free reachable tiles = 267 Fallback-Tiles = 269
2026-06-02 10:27:54 [self-0003-0-attack] Move #486: 96 -> 114 | Army: 2 | Target-Terrain: 1 | Target: 115 | Half: False
2026-06-02 10:27:55 [self-0003-0-attack] My general index: 25
2026-06-02 10:27:55 [self-0003-0-attack] Enemy general index: None
2026-06-02 10:27:55 [self-0003-0-attack] Visible enemy tiles: 8
2026-06-02 10:27:55 [self-0003-0-attack] Tiles: 29 / 48
2026-06-02 10:27:55 [self-0003-0-attack] Map: 18 x 19 Turn: 505
2026-06-02 10:27:55 [self-0003-0-attack] Route planned: Target = 115 Mode = defense city-free reachable tiles = 267 Fallback-Tiles = 269
2026-06-02 10:27:55 [self-0003-0-attack] Priority agent: edge reuse -18000, flow +6000 base = 214902 final = 202902
2026-06-02 10:27:55 [self-0003-0-attack] Move #487: 114 -> 115 | Army: 2 | Target-Terrain: 1 | Target: 115 | Half: False
2026-06-02 10:27:55 [self-0003-0-attack] My general index: 25
2026-06-02 10:27:55 [self-0003-0-attack] Enemy general index: None
2026-06-02 10:27:55 [self-0003-0-attack] Visible enemy tiles: 8
2026-06-02 10:27:55 [self-0003-0-attack] Tiles: 29 / 48
2026-06-02 10:27:55 [self-0003-0-attack] Map: 18 x 19 Turn: 506
2026-06-02 10:27:55 [self-0003-0-attack] Route planned: Target = 115 Mode = defense city-free reachable tiles = 267 Fallback-Tiles = 269
2026-06-02 10:27:55 [self-0003-0-attack] Priority agent: edge reuse -9000 base = 172273 final = 163273
2026-06-02 10:27:55 [self-0003-0-attack] Move #488: 99 -> 117 | Army: 3 | Target-Terrain: 0 | Target: 115 | Half: False
2026-06-02 10:27:56 [self-0003-0-attack] My general index: 25
2026-06-02 10:27:56 [self-0003-0-attack] Enemy general index: None
2026-06-02 10:27:56 [self-0003-0-attack] Visible enemy tiles: 8
2026-06-02 10:27:56 [self-0003-0-attack] Tiles: 30 / 47
2026-06-02 10:27:56 [self-0003-0-attack] Map: 18 x 19 Turn: 507
2026-06-02 10:27:56 [self-0003-0-attack] Route planned: Target = 115 Mode = defense city-free reachable tiles = 267 Fallback-Tiles = 269
2026-06-02 10:27:56 [self-0003-0-attack] Move #489: 98 -> 116 | Army: 2 | Target-Terrain: 1 | Target: 115 | Half: False
2026-06-02 10:27:56 [self-0003-0-attack] My general index: 25
2026-06-02 10:27:56 [self-0003-0-attack] Enemy general index: None
2026-06-02 10:27:56 [self-0003-0-attack] Visible enemy tiles: 8
2026-06-02 10:27:56 [self-0003-0-attack] Tiles: 30 / 47
2026-06-02 10:27:56 [self-0003-0-attack] Map: 18 x 19 Turn: 508
2026-06-02 10:27:56 [self-0003-0-attack] Route planned: Target = 115 Mode = defense city-free reachable tiles = 267 Fallback-Tiles = 269
2026-06-02 10:27:56 [self-0003-0-attack] Priority agent: flow +6000 base = 229902 final = 235902
2026-06-02 10:27:56 [self-0003-0-attack] Move #490: 116 -> 115 | Army: 2 | Target-Terrain: 1 | Target: 115 | Half: False
2026-06-02 10:27:57 [self-0003-0-attack] My general index: 25
2026-06-02 10:27:57 [self-0003-0-attack] Enemy general index: None
2026-06-02 10:27:57 [self-0003-0-attack] Visible enemy tiles: 8
2026-06-02 10:27:57 [self-0003-0-attack] Tiles: 30 / 47
2026-06-02 10:27:57 [self-0003-0-attack] Map: 18 x 19 Turn: 509
2026-06-02 10:27:57 [self-0003-0-attack] Route planned: Target = 115 Mode = defense city-free reachable tiles = 267 Fallback-Tiles = 269
2026-06-02 10:27:57 [self-0003-0-attack] Move #491: 81 -> 80 | Army: 2 | Target-Terrain: 1 | Target: 115 | Half: False
2026-06-02 10:27:57 [self-0003-0-attack] My general index: 25
2026-06-02 10:27:57 [self-0003-0-attack] Enemy general index: None
2026-06-02 10:27:57 [self-0003-0-attack] Visible enemy tiles: 8
2026-06-02 10:27:57 [self-0003-0-attack] Tiles: 29 / 48
2026-06-02 10:27:57 [self-0003-0-attack] Map: 18 x 19 Turn: 510
2026-06-02 10:27:57 [self-0003-0-attack] Route planned: Target = 115 Mode = defense city-free reachable tiles = 267 Fallback-Tiles = 269
2026-06-02 10:27:57 [self-0003-0-attack] Priority agent: flow +6000 base = 139780 final = 145780
2026-06-02 10:27:57 [self-0003-0-attack] Move #492: 80 -> 79 | Army: 60 | Target-Terrain: 1 | Target: 115 | Half: False
2026-06-02 10:27:58 [self-0003-0-attack] My general index: 25
2026-06-02 10:27:58 [self-0003-0-attack] Enemy general index: None
2026-06-02 10:27:58 [self-0003-0-attack] Visible enemy tiles: 8
2026-06-02 10:27:58 [self-0003-0-attack] Tiles: 29 / 48
2026-06-02 10:27:58 [self-0003-0-attack] Map: 18 x 19 Turn: 511
2026-06-02 10:27:58 [self-0003-0-attack] Route planned: Target = 80 Mode = defense city-free reachable tiles = 267 Fallback-Tiles = 269
2026-06-02 10:27:58 [self-0003-0-attack] Priority agent: edge reuse -9000 base = 228480 final = 219480
2026-06-02 10:27:58 [self-0003-0-attack] Move #493: 62 -> 80 | Army: 91 | Target-Terrain: 1 | Target: 80 | Half: False
2026-06-02 10:27:58 [self-0003-0-attack] My general index: 25
2026-06-02 10:27:58 [self-0003-0-attack] Enemy general index: None
2026-06-02 10:27:58 [self-0003-0-attack] Visible enemy tiles: 9
2026-06-02 10:27:58 [self-0003-0-attack] Tiles: 28 / 49
2026-06-02 10:27:58 [self-0003-0-attack] Map: 18 x 19 Turn: 512
2026-06-02 10:27:58 [self-0003-0-attack] Route planned: Target = 62 Mode = defense city-free reachable tiles = 267 Fallback-Tiles = 269
2026-06-02 10:27:58 [self-0003-0-attack] Move #494: 63 -> 62 | Army: 2 | Target-Terrain: 1 | Target: 62 | Half: False
2026-06-02 10:27:59 [self-0003-0-attack] My general index: 25
2026-06-02 10:27:59 [self-0003-0-attack] Enemy general index: None
2026-06-02 10:27:59 [self-0003-0-attack] Visible enemy tiles: 10
2026-06-02 10:27:59 [self-0003-0-attack] Tiles: 27 / 50
2026-06-02 10:27:59 [self-0003-0-attack] Map: 18 x 19 Turn: 513
2026-06-02 10:27:59 [self-0003-0-attack] Route planned: Target = 62 Mode = defense city-free reachable tiles = 267 Fallback-Tiles = 269
2026-06-02 10:27:59 [self-0003-0-attack] Move #495: 61 -> 62 | Army: 10 | Target-Terrain: 1 | Target: 62 | Half: False
2026-06-02 10:27:59 [self-0003-0-attack] My general index: 25
2026-06-02 10:27:59 [self-0003-0-attack] Enemy general index: None
2026-06-02 10:27:59 [self-0003-0-attack] Visible enemy tiles: 10
2026-06-02 10:27:59 [self-0003-0-attack] Tiles: 27 / 50
2026-06-02 10:27:59 [self-0003-0-attack] Map: 18 x 19 Turn: 514
2026-06-02 10:27:59 [self-0003-0-attack] Route planned: Target = 62 Mode = defense city-free reachable tiles = 267 Fallback-Tiles = 269
2026-06-02 10:27:59 [self-0003-0-attack] Priority agent: edge reuse -9000 base = 211402 final = 202402
2026-06-02 10:27:59 [self-0003-0-attack] Move #496: 61 -> 62 | Army: 2 | Target-Terrain: 1 | Target: 62 | Half: False
2026-06-02 10:28:00 [self-0003-0-attack] My general index: 25
2026-06-02 10:28:00 [self-0003-0-attack] Enemy general index: None
2026-06-02 10:28:00 [self-0003-0-attack] Visible enemy tiles: 10
2026-06-02 10:28:00 [self-0003-0-attack] Tiles: 26 / 51
2026-06-02 10:28:00 [self-0003-0-attack] Map: 18 x 19 Turn: 515
2026-06-02 10:28:00 [self-0003-0-attack] Route planned: Target = 62 Mode = defense city-free reachable tiles = 267 Fallback-Tiles = 269
2026-06-02 10:28:00 [self-0003-0-attack] Priority agent: edge reuse -9000 base = 212080 final = 203080
2026-06-02 10:28:00 [self-0003-0-attack] Move #497: 80 -> 62 | Army: 91 | Target-Terrain: 1 | Target: 62 | Half: False
2026-06-02 10:28:00 [self-0003-0-attack] My general index: 25
2026-06-02 10:28:00 [self-0003-0-attack] Enemy general index: None
2026-06-02 10:28:00 [self-0003-0-attack] Visible enemy tiles: 11
2026-06-02 10:28:00 [self-0003-0-attack] Tiles: 25 / 52
2026-06-02 10:28:00 [self-0003-0-attack] Map: 18 x 19 Turn: 516
2026-06-02 10:28:00 [self-0003-0-attack] Route planned: Target = 60 Mode = defense city-free reachable tiles = 267 Fallback-Tiles = 269
2026-06-02 10:28:00 [self-0003-0-attack] Move #498: 42 -> 60 | Army: 5 | Target-Terrain: 1 | Target: 60 | Half: False
2026-06-02 10:28:01 [self-0003-0-attack] My general index: 25
2026-06-02 10:28:01 [self-0003-0-attack] Enemy general index: None
2026-06-02 10:28:01 [self-0003-0-attack] Visible enemy tiles: 12
2026-06-02 10:28:01 [self-0003-0-attack] Tiles: 24 / 53
2026-06-02 10:28:01 [self-0003-0-attack] Map: 18 x 19 Turn: 517
2026-06-02 10:28:01 [self-0003-0-attack] Route planned: Target = 60 Mode = defense city-free reachable tiles = 267 Fallback-Tiles = 269
2026-06-02 10:28:01 [self-0003-0-attack] Move #499: 59 -> 60 | Army: 2 | Target-Terrain: 1 | Target: 60 | Half: False
2026-06-02 10:28:01 [self-0003-0-attack] My general index: 25
2026-06-02 10:28:01 [self-0003-0-attack] Enemy general index: None
2026-06-02 10:28:01 [self-0003-0-attack] Visible enemy tiles: 13
2026-06-02 10:28:01 [self-0003-0-attack] Tiles: 23 / 54
2026-06-02 10:28:01 [self-0003-0-attack] Map: 18 x 19 Turn: 518
2026-06-02 10:28:01 [self-0003-0-attack] Route planned: Target = 60 Mode = defense city-free reachable tiles = 267 Fallback-Tiles = 269
2026-06-02 10:28:01 [self-0003-0-attack] Move #500: 78 -> 60 | Army: 2 | Target-Terrain: 1 | Target: 60 | Half: False
2026-06-02 10:28:02 [self-0003-0-attack] My general index: 25
2026-06-02 10:28:02 [self-0003-0-attack] Enemy general index: None
2026-06-02 10:28:02 [self-0003-0-attack] Visible enemy tiles: 14
2026-06-02 10:28:02 [self-0003-0-attack] Tiles: 22 / 55
2026-06-02 10:28:02 [self-0003-0-attack] Map: 18 x 19 Turn: 519
2026-06-02 10:28:02 [self-0003-0-attack] Route planned: Target = 27 Mode = defense city-free reachable tiles = 267 Fallback-Tiles = 269
2026-06-02 10:28:02 [self-0003-0-attack] Move #501: 26 -> 27 | Army: 8 | Target-Terrain: 1 | Target: 27 | Half: False
2026-06-02 10:28:02 [self-0003-0-attack] My general index: 25
2026-06-02 10:28:02 [self-0003-0-attack] Enemy general index: None
2026-06-02 10:28:02 [self-0003-0-attack] Visible enemy tiles: 15
2026-06-02 10:28:02 [self-0003-0-attack] Tiles: 21 / 56
2026-06-02 10:28:02 [self-0003-0-attack] Map: 18 x 19 Turn: 520
2026-06-02 10:28:02 [self-0003-0-attack] Route planned: Target = 27 Mode = defense city-free reachable tiles = 267 Fallback-Tiles = 269
2026-06-02 10:28:02 [self-0003-0-attack] Move #502: 9 -> 27 | Army: 5 | Target-Terrain: 1 | Target: 27 | Half: False
2026-06-02 10:28:03 [self-0003-0-attack] My general index: 25
2026-06-02 10:28:03 [self-0003-0-attack] Enemy general index: None
2026-06-02 10:28:03 [self-0003-0-attack] Visible enemy tiles: 15
2026-06-02 10:28:03 [self-0003-0-attack] Tiles: 21 / 56
2026-06-02 10:28:03 [self-0003-0-attack] Map: 18 x 19 Turn: 521
2026-06-02 10:28:03 [self-0003-0-attack] Route planned: Target = 27 Mode = defense city-free reachable tiles = 267 Fallback-Tiles = 269
2026-06-02 10:28:03 [self-0003-0-attack] Move #503: 45 -> 27 | Army: 2 | Target-Terrain: 1 | Target: 27 | Half: False
2026-06-02 10:28:03 [self-0003-0-attack] My general index: 25
2026-06-02 10:28:03 [self-0003-0-attack] Enemy general index: None
2026-06-02 10:28:03 [self-0003-0-attack] Visible enemy tiles: 15
2026-06-02 10:28:03 [self-0003-0-attack] Tiles: 21 / 56
2026-06-02 10:28:03 [self-0003-0-attack] Map: 18 x 19 Turn: 522
2026-06-02 10:28:03 [self-0003-0-attack] Route planned: Target = 27 Mode = defense city-free reachable tiles = 267 Fallback-Tiles = 269
2026-06-02 10:28:03 [self-0003-0-attack] Move #504: 99 -> 81 | Army: 9 | Target-Terrain: 0 | Target: 27 | Half: False
2026-06-02 10:28:04 [self-0003-0-attack] My general index: 25
2026-06-02 10:28:04 [self-0003-0-attack] Enemy general index: None
2026-06-02 10:28:04 [self-0003-0-attack] Visible enemy tiles: 14
2026-06-02 10:28:04 [self-0003-0-attack] Tiles: 22 / 55
2026-06-02 10:28:04 [self-0003-0-attack] Map: 18 x 19 Turn: 523
2026-06-02 10:28:04 [self-0003-0-attack] Route planned: Target = 27 Mode = defense city-free reachable tiles = 267 Fallback-Tiles = 269
2026-06-02 10:28:04 [self-0003-0-attack] Priority agent: flow +6000 base = 170677 final = 176677
2026-06-02 10:28:04 [self-0003-0-attack] Move #505: 81 -> 63 | Army: 7 | Target-Terrain: 0 | Target: 27 | Half: False
2026-06-02 10:28:04 [self-0003-0-attack] My general index: 25
2026-06-02 10:28:04 [self-0003-0-attack] Enemy general index: None
2026-06-02 10:28:04 [self-0003-0-attack] Visible enemy tiles: 13
2026-06-02 10:28:04 [self-0003-0-attack] Tiles: 23 / 54
2026-06-02 10:28:04 [self-0003-0-attack] Map: 18 x 19 Turn: 524
2026-06-02 10:28:04 [self-0003-0-attack] Route planned: Target = 27 Mode = defense city-free reachable tiles = 267 Fallback-Tiles = 269
2026-06-02 10:28:04 [self-0003-0-attack] Move #506: 115 -> 116 | Army: 7 | Target-Terrain: 0 | Target: 27 | Half: False
2026-06-02 10:28:05 [self-0003-0-attack] My general index: 25
2026-06-02 10:28:05 [self-0003-0-attack] Enemy general index: None
2026-06-02 10:28:05 [self-0003-0-attack] Visible enemy tiles: 13
2026-06-02 10:28:05 [self-0003-0-attack] Tiles: 24 / 53
2026-06-02 10:28:05 [self-0003-0-attack] Map: 18 x 19 Turn: 525
2026-06-02 10:28:05 [self-0003-0-attack] Route planned: Target = 27 Mode = defense city-free reachable tiles = 267 Fallback-Tiles = 269
2026-06-02 10:28:05 [self-0003-0-attack] Priority agent: flow +6000 base = 173255 final = 179255
2026-06-02 10:28:05 [self-0003-0-attack] Move #507: 116 -> 98 | Army: 5 | Target-Terrain: 0 | Target: 27 | Half: False
2026-06-02 10:28:05 [self-0003-0-attack] My general index: 25
2026-06-02 10:28:05 [self-0003-0-attack] Enemy general index: None
2026-06-02 10:28:05 [self-0003-0-attack] Visible enemy tiles: 13
2026-06-02 10:28:05 [self-0003-0-attack] Tiles: 24 / 53
2026-06-02 10:28:05 [self-0003-0-attack] Map: 18 x 19 Turn: 526
2026-06-02 10:28:05 [self-0003-0-attack] Route planned: Target = 27 Mode = defense city-free reachable tiles = 267 Fallback-Tiles = 269
2026-06-02 10:28:05 [self-0003-0-attack] Priority agent: flow +6000 base = 179293 final = 185293
2026-06-02 10:28:05 [self-0003-0-attack] Move #508: 98 -> 80 | Army: 3 | Target-Terrain: 0 | Target: 27 | Half: False
2026-06-02 10:28:06 [self-0003-0-attack] My general index: 25
2026-06-02 10:28:06 [self-0003-0-attack] Enemy general index: None
2026-06-02 10:28:06 [self-0003-0-attack] Visible enemy tiles: 12
2026-06-02 10:28:06 [self-0003-0-attack] Tiles: 25 / 52
2026-06-02 10:28:06 [self-0003-0-attack] Map: 18 x 19 Turn: 527
2026-06-02 10:28:06 [self-0003-0-attack] Route planned: Target = 27 Mode = defense city-free reachable tiles = 267 Fallback-Tiles = 269
2026-06-02 10:28:06 [self-0003-0-attack] Move #509: 62 -> 63 | Army: 102 | Target-Terrain: 0 | Target: 27 | Half: False
2026-06-02 10:28:06 [self-0003-0-attack] My general index: 25
2026-06-02 10:28:06 [self-0003-0-attack] Enemy general index: None
2026-06-02 10:28:06 [self-0003-0-attack] Visible enemy tiles: 11
2026-06-02 10:28:06 [self-0003-0-attack] Tiles: 26 / 51
2026-06-02 10:28:06 [self-0003-0-attack] Map: 18 x 19 Turn: 528
2026-06-02 10:28:06 [self-0003-0-attack] Route planned: Target = 27 Mode = defense city-free reachable tiles = 267 Fallback-Tiles = 269
2026-06-02 10:28:06 [self-0003-0-attack] Priority agent: flow +6000 base = 143490 final = 149490
2026-06-02 10:28:06 [self-0003-0-attack] Move #510: 63 -> 45 | Army: 99 | Target-Terrain: 1 | Target: 27 | Half: False
2026-06-02 10:28:07 [self-0003-0-attack] My general index: 25
2026-06-02 10:28:07 [self-0003-0-attack] Enemy general index: None
2026-06-02 10:28:07 [self-0003-0-attack] Visible enemy tiles: 11
2026-06-02 10:28:07 [self-0003-0-attack] Tiles: 26 / 51
2026-06-02 10:28:07 [self-0003-0-attack] Map: 18 x 19 Turn: 529
2026-06-02 10:28:07 [self-0003-0-attack] Route planned: Target = 27 Mode = defense city-free reachable tiles = 267 Fallback-Tiles = 269
2026-06-02 10:28:07 [self-0003-0-attack] Priority agent: edge reuse -9000, flow +6000 base = 230380 final = 227380
2026-06-02 10:28:07 [self-0003-0-attack] Move #511: 45 -> 27 | Army: 99 | Target-Terrain: 1 | Target: 27 | Half: False
2026-06-02 10:28:07 [self-0003-0-attack] My general index: 25
2026-06-02 10:28:07 [self-0003-0-attack] Enemy general index: None
2026-06-02 10:28:07 [self-0003-0-attack] Visible enemy tiles: 11
2026-06-02 10:28:07 [self-0003-0-attack] Tiles: 26 / 51
2026-06-02 10:28:07 [self-0003-0-attack] Map: 18 x 19 Turn: 530
2026-06-02 10:28:07 [self-0003-0-attack] Route planned: Target = 62 Mode = defense city-free reachable tiles = 267 Fallback-Tiles = 269
2026-06-02 10:28:07 [self-0003-0-attack] Move #512: 61 -> 62 | Army: 9 | Target-Terrain: 1 | Target: 62 | Half: False
2026-06-02 10:28:08 [self-0003-0-attack] My general index: 25
2026-06-02 10:28:08 [self-0003-0-attack] Enemy general index: None
2026-06-02 10:28:08 [self-0003-0-attack] Visible enemy tiles: 11
2026-06-02 10:28:08 [self-0003-0-attack] Tiles: 26 / 51
2026-06-02 10:28:08 [self-0003-0-attack] Map: 18 x 19 Turn: 531
2026-06-02 10:28:08 [self-0003-0-attack] Route planned: Target = 62 Mode = defense city-free reachable tiles = 267 Fallback-Tiles = 269
2026-06-02 10:28:08 [self-0003-0-attack] Move #513: 79 -> 80 | Army: 61 | Target-Terrain: 1 | Target: 62 | Half: False
2026-06-02 10:28:08 [self-0003-0-attack] My general index: 25
2026-06-02 10:28:08 [self-0003-0-attack] Enemy general index: None
2026-06-02 10:28:08 [self-0003-0-attack] Visible enemy tiles: 11
2026-06-02 10:28:08 [self-0003-0-attack] Tiles: 26 / 51
2026-06-02 10:28:08 [self-0003-0-attack] Map: 18 x 19 Turn: 532
2026-06-02 10:28:08 [self-0003-0-attack] Route planned: Target = 62 Mode = defense city-free reachable tiles = 267 Fallback-Tiles = 269
2026-06-02 10:28:08 [self-0003-0-attack] Priority agent: flow +6000 base = 253161 final = 259161
2026-06-02 10:28:08 [self-0003-0-attack] Move #514: 80 -> 62 | Army: 61 | Target-Terrain: 1 | Target: 62 | Half: False
2026-06-02 10:28:09 [self-0003-0-attack] My general index: 25
2026-06-02 10:28:09 [self-0003-0-attack] Enemy general index: None
2026-06-02 10:28:09 [self-0003-0-attack] Visible enemy tiles: 11
2026-06-02 10:28:09 [self-0003-0-attack] Tiles: 25 / 52
2026-06-02 10:28:09 [self-0003-0-attack] Map: 18 x 19 Turn: 533
2026-06-02 10:28:09 [self-0003-0-attack] Route planned: Target = 60 Mode = defense city-free reachable tiles = 267 Fallback-Tiles = 269
2026-06-02 10:28:09 [self-0003-0-attack] Move #515: 61 -> 60 | Army: 2 | Target-Terrain: 1 | Target: 60 | Half: False
2026-06-02 10:28:09 [self-0003-0-attack] My general index: 25
2026-06-02 10:28:09 [self-0003-0-attack] Enemy general index: None
2026-06-02 10:28:09 [self-0003-0-attack] Visible enemy tiles: 12
2026-06-02 10:28:09 [self-0003-0-attack] Tiles: 24 / 53
2026-06-02 10:28:09 [self-0003-0-attack] Map: 18 x 19 Turn: 534
2026-06-02 10:28:09 [self-0003-0-attack] Route planned: Target = 60 Mode = defense city-free reachable tiles = 267 Fallback-Tiles = 269
2026-06-02 10:28:09 [self-0003-0-attack] Priority agent: edge reuse -9000 base = 221002 final = 212002
2026-06-02 10:28:09 [self-0003-0-attack] Move #516: 61 -> 60 | Army: 2 | Target-Terrain: 1 | Target: 60 | Half: False
2026-06-02 10:28:10 [self-0003-0-attack] My general index: 25
2026-06-02 10:28:10 [self-0003-0-attack] Enemy general index: None
2026-06-02 10:28:10 [self-0003-0-attack] Visible enemy tiles: 12
2026-06-02 10:28:10 [self-0003-0-attack] Tiles: 24 / 53
2026-06-02 10:28:10 [self-0003-0-attack] Map: 18 x 19 Turn: 535
2026-06-02 10:28:10 [self-0003-0-attack] Route planned: Target = 60 Mode = defense city-free reachable tiles = 267 Fallback-Tiles = 269
2026-06-02 10:28:10 [self-0003-0-attack] Move #517: 77 -> 78 | Army: 2 | Target-Terrain: 1 | Target: 60 | Half: False
2026-06-02 10:28:10 [self-0003-0-attack] My general index: 25
2026-06-02 10:28:10 [self-0003-0-attack] Enemy general index: None
2026-06-02 10:28:10 [self-0003-0-attack] Visible enemy tiles: 12
2026-06-02 10:28:10 [self-0003-0-attack] Tiles: 24 / 53
2026-06-02 10:28:10 [self-0003-0-attack] Map: 18 x 19 Turn: 536
2026-06-02 10:28:10 [self-0003-0-attack] Route planned: Target = 60 Mode = defense city-free reachable tiles = 267 Fallback-Tiles = 269
2026-06-02 10:28:10 [self-0003-0-attack] Priority agent: flow +6000 base = 227502 final = 233502
2026-06-02 10:28:10 [self-0003-0-attack] Move #518: 78 -> 60 | Army: 2 | Target-Terrain: 1 | Target: 60 | Half: False
2026-06-02 10:28:11 [self-0003-0-attack] My general index: 25
2026-06-02 10:28:11 [self-0003-0-attack] Enemy general index: None
2026-06-02 10:28:11 [self-0003-0-attack] Visible enemy tiles: 12
2026-06-02 10:28:11 [self-0003-0-attack] Tiles: 24 / 53
2026-06-02 10:28:11 [self-0003-0-attack] Map: 18 x 19 Turn: 537
2026-06-02 10:28:11 [self-0003-0-attack] Route planned: Target = 60 Mode = defense city-free reachable tiles = 267 Fallback-Tiles = 269
2026-06-02 10:28:11 [self-0003-0-attack] Priority agent: edge reuse -18000 base = 194002 final = 176002
2026-06-02 10:28:11 [self-0003-0-attack] Move #519: 61 -> 60 | Army: 2 | Target-Terrain: 1 | Target: 60 | Half: False
2026-06-02 10:28:11 [self-0003-0-attack] My general index: 25
2026-06-02 10:28:11 [self-0003-0-attack] Enemy general index: None
2026-06-02 10:28:11 [self-0003-0-attack] Visible enemy tiles: 12
2026-06-02 10:28:11 [self-0003-0-attack] Tiles: 24 / 53
2026-06-02 10:28:11 [self-0003-0-attack] Map: 18 x 19 Turn: 538
2026-06-02 10:28:11 [self-0003-0-attack] Route planned: Target = 60 Mode = defense city-free reachable tiles = 267 Fallback-Tiles = 269
2026-06-02 10:28:11 [self-0003-0-attack] Priority agent: edge reuse -27000 base = 180602 final = 153602
2026-06-02 10:28:11 [self-0003-0-attack] Move #520: 61 -> 60 | Army: 2 | Target-Terrain: 1 | Target: 60 | Half: False
2026-06-02 10:28:12 [self-0003-0-attack] My general index: 25
2026-06-02 10:28:12 [self-0003-0-attack] Enemy general index: None
2026-06-02 10:28:12 [self-0003-0-attack] Visible enemy tiles: 12
2026-06-02 10:28:12 [self-0003-0-attack] Tiles: 24 / 53
2026-06-02 10:28:12 [self-0003-0-attack] Map: 18 x 19 Turn: 539
2026-06-02 10:28:12 [self-0003-0-attack] Route planned: Target = 60 Mode = defense city-free reachable tiles = 267 Fallback-Tiles = 269
2026-06-02 10:28:12 [self-0003-0-attack] Move #521: 24 -> 42 | Army: 7 | Target-Terrain: 1 | Target: 60 | Half: False
2026-06-02 10:28:12 [self-0003-0-attack] My general index: 25
2026-06-02 10:28:12 [self-0003-0-attack] Enemy general index: None
2026-06-02 10:28:12 [self-0003-0-attack] Visible enemy tiles: 12
2026-06-02 10:28:12 [self-0003-0-attack] Tiles: 24 / 53
2026-06-02 10:28:12 [self-0003-0-attack] Map: 18 x 19 Turn: 540
2026-06-02 10:28:12 [self-0003-0-attack] Route planned: Target = 60 Mode = defense city-free reachable tiles = 267 Fallback-Tiles = 269
2026-06-02 10:28:12 [self-0003-0-attack] Priority agent: flow +6000 base = 216307 final = 222307
2026-06-02 10:28:12 [self-0003-0-attack] Move #522: 42 -> 60 | Army: 7 | Target-Terrain: 1 | Target: 60 | Half: False
2026-06-02 10:28:13 [self-0003-0-attack] My general index: 25
2026-06-02 10:28:13 [self-0003-0-attack] Enemy general index: None
2026-06-02 10:28:13 [self-0003-0-attack] Visible enemy tiles: 12
2026-06-02 10:28:13 [self-0003-0-attack] Tiles: 24 / 53
2026-06-02 10:28:13 [self-0003-0-attack] Map: 18 x 19 Turn: 541
2026-06-02 10:28:13 [self-0003-0-attack] Route planned: Target = 60 Mode = defense city-free reachable tiles = 267 Fallback-Tiles = 269
2026-06-02 10:28:13 [self-0003-0-attack] Priority agent: edge reuse -36000 base = 180602 final = 144602
2026-06-02 10:28:13 [self-0003-0-attack] Move #523: 61 -> 60 | Army: 2 | Target-Terrain: 1 | Target: 60 | Half: False
2026-06-02 10:28:13 [self-0003-0-attack] My general index: 25
2026-06-02 10:28:13 [self-0003-0-attack] Enemy general index: None
2026-06-02 10:28:13 [self-0003-0-attack] Visible enemy tiles: 12
2026-06-02 10:28:13 [self-0003-0-attack] Tiles: 24 / 53
2026-06-02 10:28:13 [self-0003-0-attack] Map: 18 x 19 Turn: 542
2026-06-02 10:28:13 [self-0003-0-attack] Route planned: Target = 60 Mode = defense city-free reachable tiles = 267 Fallback-Tiles = 269
2026-06-02 10:28:13 [self-0003-0-attack] Priority agent: edge reuse -45000 base = 180602 final = 135602
2026-06-02 10:28:13 [self-0003-0-attack] Move #524: 61 -> 60 | Army: 2 | Target-Terrain: 1 | Target: 60 | Half: False
2026-06-02 10:28:14 [self-0003-0-attack] My general index: 25
2026-06-02 10:28:14 [self-0003-0-attack] Enemy general index: None
2026-06-02 10:28:14 [self-0003-0-attack] Visible enemy tiles: 12
2026-06-02 10:28:14 [self-0003-0-attack] Tiles: 24 / 53
2026-06-02 10:28:14 [self-0003-0-attack] Map: 18 x 19 Turn: 543
2026-06-02 10:28:14 [self-0003-0-attack] Route planned: Target = 60 Mode = defense city-free reachable tiles = 267 Fallback-Tiles = 269
2026-06-02 10:28:14 [self-0003-0-attack] Move #525: 43 -> 42 | Army: 2 | Target-Terrain: 1 | Target: 60 | Half: False
2026-06-02 10:28:14 [self-0003-0-attack] My general index: 25
2026-06-02 10:28:14 [self-0003-0-attack] Enemy general index: None
2026-06-02 10:28:14 [self-0003-0-attack] Visible enemy tiles: 12
2026-06-02 10:28:14 [self-0003-0-attack] Tiles: 24 / 53
2026-06-02 10:28:14 [self-0003-0-attack] Map: 18 x 19 Turn: 544
2026-06-02 10:28:14 [self-0003-0-attack] Route planned: Target = 60 Mode = defense city-free reachable tiles = 267 Fallback-Tiles = 269
2026-06-02 10:28:14 [self-0003-0-attack] Priority agent: edge reuse -9000, flow +6000 base = 214102 final = 211102
2026-06-02 10:28:14 [self-0003-0-attack] Move #526: 42 -> 60 | Army: 2 | Target-Terrain: 1 | Target: 60 | Half: False
2026-06-02 10:28:15 [self-0003-0-attack] My general index: 25
2026-06-02 10:28:15 [self-0003-0-attack] Enemy general index: None
2026-06-02 10:28:15 [self-0003-0-attack] Visible enemy tiles: 12
2026-06-02 10:28:15 [self-0003-0-attack] Tiles: 24 / 53
2026-06-02 10:28:15 [self-0003-0-attack] Map: 18 x 19 Turn: 545
2026-06-02 10:28:15 [self-0003-0-attack] Route planned: Target = 60 Mode = defense city-free reachable tiles = 267 Fallback-Tiles = 269
2026-06-02 10:28:15 [self-0003-0-attack] Move #527: 62 -> 61 | Army: 69 | Target-Terrain: 1 | Target: 60 | Half: False
2026-06-02 10:28:15 [self-0003-0-attack] My general index: 25
2026-06-02 10:28:15 [self-0003-0-attack] Enemy general index: None
2026-06-02 10:28:15 [self-0003-0-attack] Visible enemy tiles: 12
2026-06-02 10:28:15 [self-0003-0-attack] Tiles: 24 / 53
2026-06-02 10:28:15 [self-0003-0-attack] Map: 18 x 19 Turn: 546
2026-06-02 10:28:15 [self-0003-0-attack] Route planned: Target = 62 Mode = defense city-free reachable tiles = 267 Fallback-Tiles = 269
2026-06-02 10:28:15 [self-0003-0-attack] Priority agent: reverse -35000, edge reuse -9000 base = 206421 final = 162421
2026-06-02 10:28:15 [self-0003-0-attack] Move #528: 61 -> 62 | Army: 71 | Target-Terrain: 1 | Target: 62 | Half: False
2026-06-02 10:28:16 [self-0003-0-attack] Coach: catch_up_expand tiles 24/53 army 374/490 cities 2/0 enemy_city_suspect False bias {'expansion_bias': 1.4, 'city_bias': 0.1, 'attack_bias': 0.8, 'defense_bias': 0.0, 'route_bias': 1.0}
2026-06-02 10:28:16 [self-0003-0-attack] My general index: 25
2026-06-02 10:28:16 [self-0003-0-attack] Enemy general index: None
2026-06-02 10:28:16 [self-0003-0-attack] Visible enemy tiles: 12
2026-06-02 10:28:16 [self-0003-0-attack] Tiles: 24 / 53
2026-06-02 10:28:16 [self-0003-0-attack] Map: 18 x 19 Turn: 547
2026-06-02 10:28:16 [self-0003-0-attack] Route planned: Target = 60 Mode = defense city-free reachable tiles = 267 Fallback-Tiles = 269
2026-06-02 10:28:16 [self-0003-0-attack] Move #529: 27 -> 26 | Army: 114 | Target-Terrain: 1 | Target: 60 | Half: False
2026-06-02 10:28:16 [self-0003-0-attack] My general index: 25
2026-06-02 10:28:16 [self-0003-0-attack] Enemy general index: None
2026-06-02 10:28:16 [self-0003-0-attack] Visible enemy tiles: 12
2026-06-02 10:28:16 [self-0003-0-attack] Tiles: 24 / 53
2026-06-02 10:28:16 [self-0003-0-attack] Map: 18 x 19 Turn: 548
2026-06-02 10:28:16 [self-0003-0-attack] Route planned: Target = 27 Mode = defense city-free reachable tiles = 267 Fallback-Tiles = 269
2026-06-02 10:28:16 [self-0003-0-attack] Priority agent: reverse -35000, edge reuse -9000 base = 208980 final = 164980
2026-06-02 10:28:16 [self-0003-0-attack] Move #530: 26 -> 27 | Army: 114 | Target-Terrain: 1 | Target: 27 | Half: False
2026-06-02 10:28:17 [self-0003-0-attack] My general index: 25
2026-06-02 10:28:17 [self-0003-0-attack] Enemy general index: None
2026-06-02 10:28:17 [self-0003-0-attack] Visible enemy tiles: 13
2026-06-02 10:28:17 [self-0003-0-attack] Tiles: 23 / 54
2026-06-02 10:28:17 [self-0003-0-attack] Map: 18 x 19 Turn: 549
2026-06-02 10:28:17 [self-0003-0-attack] Route planned: Target = 60 Mode = defense city-free reachable tiles = 267 Fallback-Tiles = 269
2026-06-02 10:28:17 [self-0003-0-attack] Move #531: 99 -> 98 | Army: 14 | Target-Terrain: 0 | Target: 60 | Half: False
2026-06-02 10:28:17 [self-0003-0-attack] My general index: 25
2026-06-02 10:28:17 [self-0003-0-attack] Enemy general index: None
2026-06-02 10:28:17 [self-0003-0-attack] Visible enemy tiles: 13
2026-06-02 10:28:17 [self-0003-0-attack] Tiles: 23 / 54
2026-06-02 10:28:17 [self-0003-0-attack] Map: 18 x 19 Turn: 550
2026-06-02 10:28:17 [self-0003-0-attack] Route planned: Target = 60 Mode = defense city-free reachable tiles = 267 Fallback-Tiles = 269
2026-06-02 10:28:17 [self-0003-0-attack] Move #532: 59 -> 60 | Army: 2 | Target-Terrain: 1 | Target: 60 | Half: False
2026-06-02 10:28:18 [self-0003-0-attack] My general index: 25
2026-06-02 10:28:18 [self-0003-0-attack] Enemy general index: None
2026-06-02 10:28:18 [self-0003-0-attack] Visible enemy tiles: 14
2026-06-02 10:28:18 [self-0003-0-attack] Tiles: 22 / 55
2026-06-02 10:28:18 [self-0003-0-attack] Map: 18 x 19 Turn: 551
2026-06-02 10:28:18 [self-0003-0-attack] Route planned: Target = 45 Mode = defense city-free reachable tiles = 267 Fallback-Tiles = 269
2026-06-02 10:28:18 [self-0003-0-attack] Move #533: 27 -> 45 | Army: 115 | Target-Terrain: 1 | Target: 45 | Half: False
2026-06-02 10:28:18 [self-0003-0-attack] My general index: 25
2026-06-02 10:28:18 [self-0003-0-attack] Enemy general index: None
2026-06-02 10:28:18 [self-0003-0-attack] Visible enemy tiles: 14
2026-06-02 10:28:18 [self-0003-0-attack] Tiles: 22 / 55
2026-06-02 10:28:18 [self-0003-0-attack] Map: 18 x 19 Turn: 552
2026-06-02 10:28:18 [self-0003-0-attack] Route planned: Target = 27 Mode = defense city-free reachable tiles = 267 Fallback-Tiles = 269
2026-06-02 10:28:18 [self-0003-0-attack] Move #534: 9 -> 27 | Army: 2 | Target-Terrain: 1 | Target: 27 | Half: False
2026-06-02 10:28:19 [self-0003-0-attack] My general index: 25
2026-06-02 10:28:19 [self-0003-0-attack] Enemy general index: None
2026-06-02 10:28:19 [self-0003-0-attack] Visible enemy tiles: 14
2026-06-02 10:28:19 [self-0003-0-attack] Tiles: 22 / 55
2026-06-02 10:28:19 [self-0003-0-attack] Map: 18 x 19 Turn: 553
2026-06-02 10:28:19 [self-0003-0-attack] Route planned: Target = 27 Mode = defense city-free reachable tiles = 267 Fallback-Tiles = 269
2026-06-02 10:28:19 [self-0003-0-attack] Priority agent: edge reuse -9000 base = 209680 final = 200680
2026-06-02 10:28:19 [self-0003-0-attack] Move #535: 45 -> 27 | Army: 92 | Target-Terrain: 1 | Target: 27 | Half: False
2026-06-02 10:28:19 [self-0003-0-attack] My general index: 25
2026-06-02 10:28:19 [self-0003-0-attack] Enemy general index: None
2026-06-02 10:28:19 [self-0003-0-attack] Visible enemy tiles: 14
2026-06-02 10:28:19 [self-0003-0-attack] Tiles: 22 / 55
2026-06-02 10:28:19 [self-0003-0-attack] Map: 18 x 19 Turn: 554
2026-06-02 10:28:19 [self-0003-0-attack] Route planned: Target = 42 Mode = defense city-free reachable tiles = 267 Fallback-Tiles = 269
2026-06-02 10:28:19 [self-0003-0-attack] Move #536: 24 -> 42 | Army: 2 | Target-Terrain: 1 | Target: 42 | Half: False
2026-06-02 10:28:20 [self-0003-0-attack] My general index: 25
2026-06-02 10:28:20 [self-0003-0-attack] Enemy general index: None
2026-06-02 10:28:20 [self-0003-0-attack] Visible enemy tiles: 15
2026-06-02 10:28:20 [self-0003-0-attack] Tiles: 21 / 56
2026-06-02 10:28:20 [self-0003-0-attack] Map: 18 x 19 Turn: 555
2026-06-02 10:28:20 [self-0003-0-attack] Route planned: Target = 42 Mode = defense city-free reachable tiles = 267 Fallback-Tiles = 269
2026-06-02 10:28:20 [self-0003-0-attack] Priority agent: edge reuse -9000 base = 227224 final = 218224
2026-06-02 10:28:20 [self-0003-0-attack] Move #537: 60 -> 42 | Army: 24 | Target-Terrain: 1 | Target: 42 | Half: False
2026-06-02 10:28:20 [self-0003-0-attack] My general index: 25
2026-06-02 10:28:20 [self-0003-0-attack] Enemy general index: None
2026-06-02 10:28:20 [self-0003-0-attack] Visible enemy tiles: 15
2026-06-02 10:28:20 [self-0003-0-attack] Tiles: 21 / 56
2026-06-02 10:28:20 [self-0003-0-attack] Map: 18 x 19 Turn: 556
2026-06-02 10:28:20 [self-0003-0-attack] Route planned: Target = 42 Mode = defense city-free reachable tiles = 267 Fallback-Tiles = 269
2026-06-02 10:28:20 [self-0003-0-attack] Priority agent: edge reuse -9000 base = 226302 final = 217302
2026-06-02 10:28:20 [self-0003-0-attack] Move #538: 43 -> 42 | Army: 2 | Target-Terrain: 1 | Target: 42 | Half: False
2026-06-02 10:28:21 [self-0003-0-attack] My general index: 25
2026-06-02 10:28:21 [self-0003-0-attack] Enemy general index: None
2026-06-02 10:28:21 [self-0003-0-attack] Visible enemy tiles: 15
2026-06-02 10:28:21 [self-0003-0-attack] Tiles: 21 / 56
2026-06-02 10:28:21 [self-0003-0-attack] Map: 18 x 19 Turn: 557
2026-06-02 10:28:21 [self-0003-0-attack] Route planned: Target = 42 Mode = defense city-free reachable tiles = 267 Fallback-Tiles = 269
2026-06-02 10:28:21 [self-0003-0-attack] Move #539: 98 -> 80 | Army: 13 | Target-Terrain: 0 | Target: 42 | Half: False
2026-06-02 10:28:21 [self-0003-0-attack] My general index: 25
2026-06-02 10:28:21 [self-0003-0-attack] Enemy general index: None
2026-06-02 10:28:21 [self-0003-0-attack] Visible enemy tiles: 14
2026-06-02 10:28:21 [self-0003-0-attack] Tiles: 22 / 55
2026-06-02 10:28:21 [self-0003-0-attack] Map: 18 x 19 Turn: 558
2026-06-02 10:28:21 [self-0003-0-attack] Route planned: Target = 42 Mode = defense city-free reachable tiles = 267 Fallback-Tiles = 269
2026-06-02 10:28:21 [self-0003-0-attack] Move #540: 99 -> 81 | Army: 7 | Target-Terrain: 0 | Target: 42 | Half: False
2026-06-02 10:28:22 [self-0003-0-attack] My general index: 25
2026-06-02 10:28:22 [self-0003-0-attack] Enemy general index: None
2026-06-02 10:28:22 [self-0003-0-attack] Visible enemy tiles: 14
2026-06-02 10:28:22 [self-0003-0-attack] Tiles: 22 / 55
2026-06-02 10:28:22 [self-0003-0-attack] Map: 18 x 19 Turn: 559
2026-06-02 10:28:22 [self-0003-0-attack] Route planned: Target = 42 Mode = defense city-free reachable tiles = 267 Fallback-Tiles = 269
2026-06-02 10:28:22 [self-0003-0-attack] Priority agent: flow +6000 base = 153344 final = 159344
2026-06-02 10:28:22 [self-0003-0-attack] Move #541: 81 -> 80 | Army: 4 | Target-Terrain: 1 | Target: 42 | Half: False
2026-06-02 10:28:22 [self-0003-0-attack] My general index: 25
2026-06-02 10:28:22 [self-0003-0-attack] Enemy general index: None
2026-06-02 10:28:22 [self-0003-0-attack] Visible enemy tiles: 14
2026-06-02 10:28:22 [self-0003-0-attack] Tiles: 22 / 55
2026-06-02 10:28:22 [self-0003-0-attack] Map: 18 x 19 Turn: 560
2026-06-02 10:28:22 [self-0003-0-attack] Route planned: Target = 42 Mode = defense city-free reachable tiles = 267 Fallback-Tiles = 269
2026-06-02 10:28:22 [self-0003-0-attack] Priority agent: flow +6000 base = 139643 final = 145643
2026-06-02 10:28:22 [self-0003-0-attack] Move #542: 80 -> 79 | Army: 13 | Target-Terrain: 1 | Target: 42 | Half: False
2026-06-02 10:28:23 [self-0003-0-attack] My general index: 25
2026-06-02 10:28:23 [self-0003-0-attack] Enemy general index: None
2026-06-02 10:28:23 [self-0003-0-attack] Visible enemy tiles: 14
2026-06-02 10:28:23 [self-0003-0-attack] Tiles: 22 / 55
2026-06-02 10:28:23 [self-0003-0-attack] Map: 18 x 19 Turn: 561
2026-06-02 10:28:23 [self-0003-0-attack] Route planned: Target = 42 Mode = defense city-free reachable tiles = 267 Fallback-Tiles = 269
2026-06-02 10:28:23 [self-0003-0-attack] Priority agent: flow +6000 base = 149334 final = 155334
2026-06-02 10:28:23 [self-0003-0-attack] Move #543: 79 -> 78 | Army: 14 | Target-Terrain: 1 | Target: 42 | Half: False
2026-06-02 10:28:23 [self-0003-0-attack] My general index: 25
2026-06-02 10:28:23 [self-0003-0-attack] Enemy general index: None
2026-06-02 10:28:23 [self-0003-0-attack] Visible enemy tiles: 14
2026-06-02 10:28:23 [self-0003-0-attack] Tiles: 22 / 55
2026-06-02 10:28:23 [self-0003-0-attack] Map: 18 x 19 Turn: 562
2026-06-02 10:28:23 [self-0003-0-attack] Route planned: Target = 42 Mode = defense city-free reachable tiles = 267 Fallback-Tiles = 269
2026-06-02 10:28:23 [self-0003-0-attack] Priority agent: edge reuse -9000 base = 178453 final = 169453
2026-06-02 10:28:23 [self-0003-0-attack] Move #544: 99 -> 98 | Army: 3 | Target-Terrain: 0 | Target: 42 | Half: False
2026-06-02 10:28:24 [self-0003-0-attack] My general index: 25
2026-06-02 10:28:24 [self-0003-0-attack] Enemy general index: None
2026-06-02 10:28:24 [self-0003-0-attack] Visible enemy tiles: 13
2026-06-02 10:28:24 [self-0003-0-attack] Tiles: 23 / 54
2026-06-02 10:28:24 [self-0003-0-attack] Map: 18 x 19 Turn: 563
2026-06-02 10:28:24 [self-0003-0-attack] Route planned: Target = 42 Mode = defense city-free reachable tiles = 267 Fallback-Tiles = 269
2026-06-02 10:28:24 [self-0003-0-attack] Move #545: 77 -> 78 | Army: 2 | Target-Terrain: 1 | Target: 42 | Half: False
2026-06-02 10:28:24 [self-0003-0-attack] My general index: 25
2026-06-02 10:28:24 [self-0003-0-attack] Enemy general index: None
2026-06-02 10:28:24 [self-0003-0-attack] Visible enemy tiles: 13
2026-06-02 10:28:24 [self-0003-0-attack] Tiles: 23 / 54
2026-06-02 10:28:24 [self-0003-0-attack] Map: 18 x 19 Turn: 564
2026-06-02 10:28:24 [self-0003-0-attack] Route planned: Target = 42 Mode = defense city-free reachable tiles = 267 Fallback-Tiles = 269
2026-06-02 10:28:24 [self-0003-0-attack] Priority agent: flow +6000 base = 145826 final = 151826
2026-06-02 10:28:24 [self-0003-0-attack] Move #546: 78 -> 60 | Army: 16 | Target-Terrain: 1 | Target: 42 | Half: False
2026-06-02 10:28:25 [self-0003-0-attack] My general index: 25
2026-06-02 10:28:25 [self-0003-0-attack] Enemy general index: None
2026-06-02 10:28:25 [self-0003-0-attack] Visible enemy tiles: 13
2026-06-02 10:28:25 [self-0003-0-attack] Tiles: 23 / 54
2026-06-02 10:28:25 [self-0003-0-attack] Map: 18 x 19 Turn: 565
2026-06-02 10:28:25 [self-0003-0-attack] Route planned: Target = 42 Mode = defense city-free reachable tiles = 267 Fallback-Tiles = 269
2026-06-02 10:28:25 [self-0003-0-attack] Priority agent: edge reuse -9000, flow +6000 base = 230316 final = 227316
2026-06-02 10:28:25 [self-0003-0-attack] Move #547: 60 -> 42 | Army: 16 | Target-Terrain: 1 | Target: 42 | Half: False
2026-06-02 10:28:25 [self-0003-0-attack] My general index: 25
2026-06-02 10:28:25 [self-0003-0-attack] Enemy general index: None
2026-06-02 10:28:25 [self-0003-0-attack] Visible enemy tiles: 13
2026-06-02 10:28:25 [self-0003-0-attack] Tiles: 23 / 54
2026-06-02 10:28:25 [self-0003-0-attack] Map: 18 x 19 Turn: 566
2026-06-02 10:28:25 [self-0003-0-attack] Route planned: Target = 45 Mode = defense city-free reachable tiles = 267 Fallback-Tiles = 269
2026-06-02 10:28:25 [self-0003-0-attack] Priority agent: edge reuse -9000 base = 244080 final = 235080
2026-06-02 10:28:25 [self-0003-0-attack] Move #548: 27 -> 45 | Army: 93 | Target-Terrain: 1 | Target: 45 | Half: False
2026-06-02 10:28:26 [self-0003-0-attack] My general index: 25
2026-06-02 10:28:26 [self-0003-0-attack] Enemy general index: None
2026-06-02 10:28:26 [self-0003-0-attack] Visible enemy tiles: 13
2026-06-02 10:28:26 [self-0003-0-attack] Tiles: 23 / 54
2026-06-02 10:28:26 [self-0003-0-attack] Map: 18 x 19 Turn: 567
2026-06-02 10:28:26 [self-0003-0-attack] Route planned: Target = 27 Mode = defense city-free reachable tiles = 267 Fallback-Tiles = 269
2026-06-02 10:28:26 [self-0003-0-attack] Move #549: 26 -> 27 | Army: 2 | Target-Terrain: 1 | Target: 27 | Half: False
2026-06-02 10:28:26 [self-0003-0-attack] My general index: 25
2026-06-02 10:28:26 [self-0003-0-attack] Enemy general index: None
2026-06-02 10:28:26 [self-0003-0-attack] Visible enemy tiles: 13
2026-06-02 10:28:26 [self-0003-0-attack] Tiles: 23 / 54
2026-06-02 10:28:26 [self-0003-0-attack] Map: 18 x 19 Turn: 568
2026-06-02 10:28:26 [self-0003-0-attack] Route planned: Target = 27 Mode = defense city-free reachable tiles = 267 Fallback-Tiles = 269
2026-06-02 10:28:26 [self-0003-0-attack] Priority agent: edge reuse -9000 base = 221680 final = 212680
2026-06-02 10:28:26 [self-0003-0-attack] Move #550: 45 -> 27 | Army: 93 | Target-Terrain: 1 | Target: 27 | Half: False
2026-06-02 10:28:27 [self-0003-0-attack] My general index: 25
2026-06-02 10:28:27 [self-0003-0-attack] Enemy general index: None
2026-06-02 10:28:27 [self-0003-0-attack] Visible enemy tiles: 13
2026-06-02 10:28:27 [self-0003-0-attack] Tiles: 23 / 54
2026-06-02 10:28:27 [self-0003-0-attack] Map: 18 x 19 Turn: 569
2026-06-02 10:28:27 [self-0003-0-attack] Route planned: Target = 45 Mode = defense city-free reachable tiles = 267 Fallback-Tiles = 269
2026-06-02 10:28:27 [self-0003-0-attack] Move #551: 62 -> 63 | Army: 72 | Target-Terrain: 0 | Target: 45 | Half: False
2026-06-02 10:28:27 [self-0003-0-attack] My general index: 25
2026-06-02 10:28:27 [self-0003-0-attack] Enemy general index: None
2026-06-02 10:28:27 [self-0003-0-attack] Visible enemy tiles: 12
2026-06-02 10:28:27 [self-0003-0-attack] Tiles: 24 / 53
2026-06-02 10:28:27 [self-0003-0-attack] Map: 18 x 19 Turn: 570
2026-06-02 10:28:27 [self-0003-0-attack] Route planned: Target = 62 Mode = defense city-free reachable tiles = 267 Fallback-Tiles = 269
2026-06-02 10:28:27 [self-0003-0-attack] Move #552: 61 -> 62 | Army: 14 | Target-Terrain: 1 | Target: 62 | Half: False
2026-06-02 10:28:28 [self-0003-0-attack] My general index: 25
2026-06-02 10:28:28 [self-0003-0-attack] Enemy general index: None
2026-06-02 10:28:28 [self-0003-0-attack] Visible enemy tiles: 12
2026-06-02 10:28:28 [self-0003-0-attack] Tiles: 24 / 53
2026-06-02 10:28:28 [self-0003-0-attack] Map: 18 x 19 Turn: 571
2026-06-02 10:28:28 [self-0003-0-attack] Route planned: Target = 62 Mode = defense city-free reachable tiles = 267 Fallback-Tiles = 269
2026-06-02 10:28:28 [self-0003-0-attack] Priority agent: edge reuse -9000 base = 237270 final = 228270
2026-06-02 10:28:28 [self-0003-0-attack] Move #553: 63 -> 62 | Army: 70 | Target-Terrain: 1 | Target: 62 | Half: False
2026-06-02 10:28:28 [self-0003-0-attack] My general index: 25
2026-06-02 10:28:28 [self-0003-0-attack] Enemy general index: None
2026-06-02 10:28:28 [self-0003-0-attack] Visible enemy tiles: 12
2026-06-02 10:28:28 [self-0003-0-attack] Tiles: 24 / 53
2026-06-02 10:28:28 [self-0003-0-attack] Map: 18 x 19 Turn: 572
2026-06-02 10:28:28 [self-0003-0-attack] Route planned: Target = 45 Mode = defense city-free reachable tiles = 267 Fallback-Tiles = 269
2026-06-02 10:28:28 [self-0003-0-attack] Priority agent: edge reuse -18000 base = 209080 final = 191080
2026-06-02 10:28:28 [self-0003-0-attack] Move #554: 27 -> 45 | Army: 94 | Target-Terrain: 1 | Target: 45 | Half: False
2026-06-02 10:28:29 [self-0003-0-attack] My general index: 25
2026-06-02 10:28:29 [self-0003-0-attack] Enemy general index: None
2026-06-02 10:28:29 [self-0003-0-attack] Visible enemy tiles: 12
2026-06-02 10:28:29 [self-0003-0-attack] Tiles: 24 / 53
2026-06-02 10:28:29 [self-0003-0-attack] Map: 18 x 19 Turn: 573
2026-06-02 10:28:29 [self-0003-0-attack] Route planned: Target = 27 Mode = defense city-free reachable tiles = 267 Fallback-Tiles = 269
2026-06-02 10:28:29 [self-0003-0-attack] Move #555: 8 -> 9 | Army: 9 | Target-Terrain: 1 | Target: 27 | Half: False
2026-06-02 10:28:29 [self-0003-0-attack] My general index: 25
2026-06-02 10:28:29 [self-0003-0-attack] Enemy general index: None
2026-06-02 10:28:29 [self-0003-0-attack] Visible enemy tiles: 12
2026-06-02 10:28:29 [self-0003-0-attack] Tiles: 24 / 53
2026-06-02 10:28:29 [self-0003-0-attack] Map: 18 x 19 Turn: 574
2026-06-02 10:28:29 [self-0003-0-attack] Route planned: Target = 27 Mode = defense city-free reachable tiles = 267 Fallback-Tiles = 269
2026-06-02 10:28:29 [self-0003-0-attack] Priority agent: flow +6000 base = 217509 final = 223509
2026-06-02 10:28:29 [self-0003-0-attack] Move #556: 9 -> 27 | Army: 9 | Target-Terrain: 1 | Target: 27 | Half: False
2026-06-02 10:28:30 [self-0003-0-attack] My general index: 25
2026-06-02 10:28:30 [self-0003-0-attack] Enemy general index: None
2026-06-02 10:28:30 [self-0003-0-attack] Visible enemy tiles: 12
2026-06-02 10:28:30 [self-0003-0-attack] Tiles: 24 / 53
2026-06-02 10:28:30 [self-0003-0-attack] Map: 18 x 19 Turn: 575
2026-06-02 10:28:30 [self-0003-0-attack] Route planned: Target = 27 Mode = defense city-free reachable tiles = 267 Fallback-Tiles = 269
2026-06-02 10:28:30 [self-0003-0-attack] Priority agent: edge reuse -27000 base = 181280 final = 154280
2026-06-02 10:28:30 [self-0003-0-attack] Move #557: 45 -> 27 | Army: 94 | Target-Terrain: 1 | Target: 27 | Half: False
2026-06-02 10:28:30 [self-0003-0-attack] My general index: 25
2026-06-02 10:28:30 [self-0003-0-attack] Enemy general index: None
2026-06-02 10:28:30 [self-0003-0-attack] Visible enemy tiles: 12
2026-06-02 10:28:30 [self-0003-0-attack] Tiles: 24 / 53
2026-06-02 10:28:30 [self-0003-0-attack] Map: 18 x 19 Turn: 576
2026-06-02 10:28:30 [self-0003-0-attack] Route planned: Target = 45 Mode = defense city-free reachable tiles = 267 Fallback-Tiles = 269
2026-06-02 10:28:30 [self-0003-0-attack] Move #558: 25 -> 26 | Army: 136 | Target-Terrain: 1 | Target: 45 | Half: True
2026-06-02 10:28:31 [self-0003-0-attack] My general index: 25
2026-06-02 10:28:31 [self-0003-0-attack] Enemy general index: None
2026-06-02 10:28:31 [self-0003-0-attack] Visible enemy tiles: 13
2026-06-02 10:28:31 [self-0003-0-attack] Tiles: 23 / 54
2026-06-02 10:28:31 [self-0003-0-attack] Map: 18 x 19 Turn: 577
2026-06-02 10:28:31 [self-0003-0-attack] Route planned: Target = 45 Mode = defense city-free reachable tiles = 267 Fallback-Tiles = 269
2026-06-02 10:28:31 [self-0003-0-attack] Priority agent: edge reuse -36000 base = 183680 final = 147680
2026-06-02 10:28:31 [self-0003-0-attack] Move #559: 27 -> 45 | Army: 102 | Target-Terrain: 1 | Target: 45 | Half: False
2026-06-02 10:28:31 [self-0003-0-attack] My general index: 25
2026-06-02 10:28:31 [self-0003-0-attack] Enemy general index: None
2026-06-02 10:28:31 [self-0003-0-attack] Visible enemy tiles: 13
2026-06-02 10:28:31 [self-0003-0-attack] Tiles: 23 / 54
2026-06-02 10:28:31 [self-0003-0-attack] Map: 18 x 19 Turn: 578
2026-06-02 10:28:31 [self-0003-0-attack] Route planned: Target = 27 Mode = defense city-free reachable tiles = 267 Fallback-Tiles = 269
2026-06-02 10:28:31 [self-0003-0-attack] Priority agent: edge reuse -9000 base = 216269 final = 207269
2026-06-02 10:28:31 [self-0003-0-attack] Move #560: 26 -> 27 | Army: 69 | Target-Terrain: 1 | Target: 27 | Half: False
2026-06-02 10:28:32 [self-0003-0-attack] My general index: 25
2026-06-02 10:28:32 [self-0003-0-attack] Enemy general index: None
2026-06-02 10:28:32 [self-0003-0-attack] Visible enemy tiles: 13
2026-06-02 10:28:32 [self-0003-0-attack] Tiles: 23 / 54
2026-06-02 10:28:32 [self-0003-0-attack] Map: 18 x 19 Turn: 579
2026-06-02 10:28:32 [self-0003-0-attack] Route planned: Target = 60 Mode = defense city-free reachable tiles = 267 Fallback-Tiles = 269
2026-06-02 10:28:32 [self-0003-0-attack] Priority agent: edge reuse -9000 base = 229442 final = 220442
2026-06-02 10:28:32 [self-0003-0-attack] Move #561: 42 -> 60 | Army: 42 | Target-Terrain: 1 | Target: 60 | Half: False
2026-06-02 10:28:32 [self-0003-0-attack] My general index: 25
2026-06-02 10:28:32 [self-0003-0-attack] Enemy general index: None
2026-06-02 10:28:32 [self-0003-0-attack] Visible enemy tiles: 13
2026-06-02 10:28:32 [self-0003-0-attack] Tiles: 23 / 54
2026-06-02 10:28:32 [self-0003-0-attack] Map: 18 x 19 Turn: 580
2026-06-02 10:28:32 [self-0003-0-attack] Route planned: Target = 42 Mode = defense city-free reachable tiles = 267 Fallback-Tiles = 269
2026-06-02 10:28:32 [self-0003-0-attack] Move #562: 99 -> 98 | Army: 10 | Target-Terrain: 0 | Target: 42 | Half: False
2026-06-02 10:28:33 [self-0003-0-attack] My general index: 25
2026-06-02 10:28:33 [self-0003-0-attack] Enemy general index: None
2026-06-02 10:28:33 [self-0003-0-attack] Visible enemy tiles: 12
2026-06-02 10:28:33 [self-0003-0-attack] Tiles: 24 / 53
2026-06-02 10:28:33 [self-0003-0-attack] Map: 18 x 19 Turn: 581
2026-06-02 10:28:33 [self-0003-0-attack] Route planned: Target = 42 Mode = defense city-free reachable tiles = 267 Fallback-Tiles = 269
2026-06-02 10:28:33 [self-0003-0-attack] Priority agent: edge reuse -9000 base = 205842 final = 196842
2026-06-02 10:28:33 [self-0003-0-attack] Move #563: 60 -> 42 | Army: 42 | Target-Terrain: 1 | Target: 42 | Half: False
2026-06-02 10:28:33 [self-0003-0-attack] My general index: 25
2026-06-02 10:28:33 [self-0003-0-attack] Enemy general index: None
2026-06-02 10:28:33 [self-0003-0-attack] Visible enemy tiles: 12
2026-06-02 10:28:33 [self-0003-0-attack] Tiles: 24 / 53
2026-06-02 10:28:33 [self-0003-0-attack] Map: 18 x 19 Turn: 582
2026-06-02 10:28:33 [self-0003-0-attack] Route planned: Target = 60 Mode = defense city-free reachable tiles = 267 Fallback-Tiles = 269
2026-06-02 10:28:33 [self-0003-0-attack] Move #564: 61 -> 60 | Army: 7 | Target-Terrain: 1 | Target: 60 | Half: False
2026-06-02 10:28:34 [self-0003-0-attack] My general index: 25
2026-06-02 10:28:34 [self-0003-0-attack] Enemy general index: None
2026-06-02 10:28:34 [self-0003-0-attack] Visible enemy tiles: 12
2026-06-02 10:28:34 [self-0003-0-attack] Tiles: 24 / 53
2026-06-02 10:28:34 [self-0003-0-attack] Map: 18 x 19 Turn: 583
2026-06-02 10:28:34 [self-0003-0-attack] Route planned: Target = 60 Mode = defense city-free reachable tiles = 267 Fallback-Tiles = 269
2026-06-02 10:28:34 [self-0003-0-attack] Priority agent: edge reuse -18000 base = 182442 final = 164442
2026-06-02 10:28:34 [self-0003-0-attack] Move #565: 42 -> 60 | Army: 42 | Target-Terrain: 1 | Target: 60 | Half: False
2026-06-02 10:28:34 [self-0003-0-attack] My general index: 25
2026-06-02 10:28:34 [self-0003-0-attack] Enemy general index: None
2026-06-02 10:28:34 [self-0003-0-attack] Visible enemy tiles: 12
2026-06-02 10:28:34 [self-0003-0-attack] Tiles: 24 / 53
2026-06-02 10:28:34 [self-0003-0-attack] Map: 18 x 19 Turn: 584
2026-06-02 10:28:34 [self-0003-0-attack] Route planned: Target = 42 Mode = defense city-free reachable tiles = 267 Fallback-Tiles = 269
2026-06-02 10:28:34 [self-0003-0-attack] Move #566: 98 -> 97 | Army: 8 | Target-Terrain: 0 | Target: 42 | Half: False
2026-06-02 10:28:35 [self-0003-0-attack] My general index: 25
2026-06-02 10:28:35 [self-0003-0-attack] Enemy general index: None
2026-06-02 10:28:35 [self-0003-0-attack] Visible enemy tiles: 11
2026-06-02 10:28:35 [self-0003-0-attack] Tiles: 25 / 52
2026-06-02 10:28:35 [self-0003-0-attack] Map: 18 x 19 Turn: 585
2026-06-02 10:28:35 [self-0003-0-attack] Route planned: Target = 42 Mode = defense city-free reachable tiles = 267 Fallback-Tiles = 269
2026-06-02 10:28:35 [self-0003-0-attack] Priority agent: flow +6000 base = 163136 final = 169136
2026-06-02 10:28:35 [self-0003-0-attack] Move #567: 97 -> 96 | Army: 6 | Target-Terrain: 0 | Target: 42 | Half: False
2026-06-02 10:28:35 [self-0003-0-attack] My general index: 25
2026-06-02 10:28:35 [self-0003-0-attack] Enemy general index: None
2026-06-02 10:28:35 [self-0003-0-attack] Visible enemy tiles: 10
2026-06-02 10:28:35 [self-0003-0-attack] Tiles: 26 / 51
2026-06-02 10:28:35 [self-0003-0-attack] Map: 18 x 19 Turn: 586
2026-06-02 10:28:35 [self-0003-0-attack] Route planned: Target = 42 Mode = defense city-free reachable tiles = 267 Fallback-Tiles = 269
2026-06-02 10:28:35 [self-0003-0-attack] Priority agent: edge reuse -27000 base = 190848 final = 163848
2026-06-02 10:28:35 [self-0003-0-attack] Move #568: 60 -> 42 | Army: 48 | Target-Terrain: 1 | Target: 42 | Half: False
2026-06-02 10:28:36 [self-0003-0-attack] My general index: 25
2026-06-02 10:28:36 [self-0003-0-attack] Enemy general index: None
2026-06-02 10:28:36 [self-0003-0-attack] Visible enemy tiles: 10
2026-06-02 10:28:36 [self-0003-0-attack] Tiles: 26 / 51
2026-06-02 10:28:36 [self-0003-0-attack] Map: 18 x 19 Turn: 587
2026-06-02 10:28:36 [self-0003-0-attack] Route planned: Target = 60 Mode = defense city-free reachable tiles = 267 Fallback-Tiles = 269
2026-06-02 10:28:36 [self-0003-0-attack] Priority agent: edge reuse -9000 base = 198003 final = 189003
2026-06-02 10:28:36 [self-0003-0-attack] Move #569: 61 -> 60 | Army: 3 | Target-Terrain: 1 | Target: 60 | Half: False
2026-06-02 10:28:36 [self-0003-0-attack] My general index: 25
2026-06-02 10:28:36 [self-0003-0-attack] Enemy general index: None
2026-06-02 10:28:36 [self-0003-0-attack] Visible enemy tiles: 10
2026-06-02 10:28:36 [self-0003-0-attack] Tiles: 26 / 51
2026-06-02 10:28:36 [self-0003-0-attack] Map: 18 x 19 Turn: 588
2026-06-02 10:28:36 [self-0003-0-attack] Route planned: Target = 60 Mode = defense city-free reachable tiles = 267 Fallback-Tiles = 269
2026-06-02 10:28:36 [self-0003-0-attack] Priority agent: edge reuse -18000 base = 183002 final = 165002
2026-06-02 10:28:36 [self-0003-0-attack] Move #570: 61 -> 60 | Army: 2 | Target-Terrain: 1 | Target: 60 | Half: False
2026-06-02 10:28:37 [self-0003-0-attack] My general index: 25
2026-06-02 10:28:37 [self-0003-0-attack] Enemy general index: None
2026-06-02 10:28:37 [self-0003-0-attack] Visible enemy tiles: 11
2026-06-02 10:28:37 [self-0003-0-attack] Tiles: 25 / 52
2026-06-02 10:28:37 [self-0003-0-attack] Map: 18 x 19 Turn: 589
2026-06-02 10:28:37 [self-0003-0-attack] Route planned: Target = 60 Mode = defense city-free reachable tiles = 267 Fallback-Tiles = 269
2026-06-02 10:28:37 [self-0003-0-attack] Priority agent: edge reuse -9000 base = 174895 final = 165895
2026-06-02 10:28:37 [self-0003-0-attack] Move #571: 99 -> 98 | Army: 5 | Target-Terrain: 0 | Target: 60 | Half: False
2026-06-02 10:28:37 [self-0003-0-attack] My general index: 25
2026-06-02 10:28:37 [self-0003-0-attack] Enemy general index: None
2026-06-02 10:28:37 [self-0003-0-attack] Visible enemy tiles: 10
2026-06-02 10:28:37 [self-0003-0-attack] Tiles: 26 / 51
2026-06-02 10:28:37 [self-0003-0-attack] Map: 18 x 19 Turn: 590
2026-06-02 10:28:37 [self-0003-0-attack] Route planned: Target = 60 Mode = defense city-free reachable tiles = 267 Fallback-Tiles = 269
2026-06-02 10:28:37 [self-0003-0-attack] Priority agent: edge reuse -27000 base = 183002 final = 156002
2026-06-02 10:28:37 [self-0003-0-attack] Move #572: 61 -> 60 | Army: 2 | Target-Terrain: 1 | Target: 60 | Half: False
2026-06-02 10:28:38 [self-0003-0-attack] My general index: 25
2026-06-02 10:28:38 [self-0003-0-attack] Enemy general index: None
2026-06-02 10:28:38 [self-0003-0-attack] Visible enemy tiles: 10
2026-06-02 10:28:38 [self-0003-0-attack] Tiles: 26 / 51
2026-06-02 10:28:38 [self-0003-0-attack] Map: 18 x 19 Turn: 591
2026-06-02 10:28:38 [self-0003-0-attack] Route planned: Target = 60 Mode = defense city-free reachable tiles = 267 Fallback-Tiles = 269
2026-06-02 10:28:38 [self-0003-0-attack] Priority agent: edge reuse -36000 base = 182448 final = 146448
2026-06-02 10:28:38 [self-0003-0-attack] Move #573: 42 -> 60 | Army: 48 | Target-Terrain: 1 | Target: 60 | Half: False
2026-06-02 10:28:38 [self-0003-0-attack] My general index: 25
2026-06-02 10:28:38 [self-0003-0-attack] Enemy general index: None
2026-06-02 10:28:38 [self-0003-0-attack] Visible enemy tiles: 10
2026-06-02 10:28:38 [self-0003-0-attack] Tiles: 26 / 51
2026-06-02 10:28:38 [self-0003-0-attack] Map: 18 x 19 Turn: 592
2026-06-02 10:28:38 [self-0003-0-attack] Route planned: Target = 42 Mode = defense city-free reachable tiles = 267 Fallback-Tiles = 269
2026-06-02 10:28:38 [self-0003-0-attack] Move #574: 98 -> 80 | Army: 3 | Target-Terrain: 1 | Target: 42 | Half: False
2026-06-02 10:28:39 [self-0003-0-attack] My general index: 25
2026-06-02 10:28:39 [self-0003-0-attack] Enemy general index: None
2026-06-02 10:28:39 [self-0003-0-attack] Visible enemy tiles: 10
2026-06-02 10:28:39 [self-0003-0-attack] Tiles: 26 / 51
2026-06-02 10:28:39 [self-0003-0-attack] Map: 18 x 19 Turn: 593
2026-06-02 10:28:39 [self-0003-0-attack] Route planned: Target = 42 Mode = defense city-free reachable tiles = 267 Fallback-Tiles = 269
2026-06-02 10:28:39 [self-0003-0-attack] Priority agent: edge reuse -45000 base = 178852 final = 133852
2026-06-02 10:28:39 [self-0003-0-attack] Move #575: 60 -> 42 | Army: 52 | Target-Terrain: 1 | Target: 42 | Half: False
2026-06-02 10:28:39 [self-0003-0-attack] My general index: 25
2026-06-02 10:28:39 [self-0003-0-attack] Enemy general index: None
2026-06-02 10:28:39 [self-0003-0-attack] Visible enemy tiles: 10
2026-06-02 10:28:39 [self-0003-0-attack] Tiles: 26 / 51
2026-06-02 10:28:39 [self-0003-0-attack] Map: 18 x 19 Turn: 594
2026-06-02 10:28:39 [self-0003-0-attack] Route planned: Target = 60 Mode = defense city-free reachable tiles = 267 Fallback-Tiles = 269
2026-06-02 10:28:39 [self-0003-0-attack] Priority agent: edge reuse -36000 base = 183003 final = 147003
2026-06-02 10:28:39 [self-0003-0-attack] Move #576: 61 -> 60 | Army: 3 | Target-Terrain: 1 | Target: 60 | Half: False
2026-06-02 10:28:40 [self-0003-0-attack] My general index: 25
2026-06-02 10:28:40 [self-0003-0-attack] Enemy general index: None
2026-06-02 10:28:40 [self-0003-0-attack] Visible enemy tiles: 10
2026-06-02 10:28:40 [self-0003-0-attack] Tiles: 26 / 51
2026-06-02 10:28:40 [self-0003-0-attack] Map: 18 x 19 Turn: 595
2026-06-02 10:28:40 [self-0003-0-attack] Route planned: Target = 60 Mode = defense city-free reachable tiles = 267 Fallback-Tiles = 269
2026-06-02 10:28:40 [self-0003-0-attack] Priority agent: edge reuse -45000 base = 182452 final = 137452
2026-06-02 10:28:40 [self-0003-0-attack] Move #577: 42 -> 60 | Army: 52 | Target-Terrain: 1 | Target: 60 | Half: False
2026-06-02 10:28:40 [self-0003-0-attack] My general index: 25
2026-06-02 10:28:40 [self-0003-0-attack] Enemy general index: None
2026-06-02 10:28:40 [self-0003-0-attack] Visible enemy tiles: 10
2026-06-02 10:28:40 [self-0003-0-attack] Tiles: 26 / 51
2026-06-02 10:28:40 [self-0003-0-attack] Map: 18 x 19 Turn: 596
2026-06-02 10:28:40 [self-0003-0-attack] Route planned: Target = 42 Mode = defense city-free reachable tiles = 267 Fallback-Tiles = 269
2026-06-02 10:28:40 [self-0003-0-attack] Move #578: 96 -> 78 | Army: 4 | Target-Terrain: 1 | Target: 42 | Half: False
2026-06-02 10:28:41 [self-0003-0-attack] Coach: catch_up_expand tiles 26/51 army 428/550 cities 2/0 enemy_city_suspect False bias {'expansion_bias': 1.4, 'city_bias': 0.1, 'attack_bias': 0.8, 'defense_bias': 0.0, 'route_bias': 1.0}
2026-06-02 10:28:41 [self-0003-0-attack] My general index: 25
2026-06-02 10:28:41 [self-0003-0-attack] Enemy general index: None
2026-06-02 10:28:41 [self-0003-0-attack] Visible enemy tiles: 10
2026-06-02 10:28:41 [self-0003-0-attack] Tiles: 26 / 51
2026-06-02 10:28:41 [self-0003-0-attack] Map: 18 x 19 Turn: 597
2026-06-02 10:28:41 [self-0003-0-attack] Route planned: Target = 42 Mode = defense city-free reachable tiles = 267 Fallback-Tiles = 269
2026-06-02 10:28:41 [self-0003-0-attack] Priority agent: edge reuse -45000 base = 178854 final = 133854
2026-06-02 10:28:41 [self-0003-0-attack] Move #579: 60 -> 42 | Army: 54 | Target-Terrain: 1 | Target: 42 | Half: False
2026-06-02 10:28:41 [self-0003-0-attack] My general index: 25
2026-06-02 10:28:41 [self-0003-0-attack] Enemy general index: None
2026-06-02 10:28:41 [self-0003-0-attack] Visible enemy tiles: 11
2026-06-02 10:28:41 [self-0003-0-attack] Tiles: 25 / 52
2026-06-02 10:28:41 [self-0003-0-attack] Map: 18 x 19 Turn: 598
2026-06-02 10:28:41 [self-0003-0-attack] Route planned: Target = 60 Mode = defense city-free reachable tiles = 267 Fallback-Tiles = 269
2026-06-02 10:28:41 [self-0003-0-attack] Move #580: 78 -> 60 | Army: 4 | Target-Terrain: 1 | Target: 60 | Half: False
2026-06-02 10:28:42 [self-0003-0-attack] My general index: 25
2026-06-02 10:28:42 [self-0003-0-attack] Enemy general index: None
2026-06-02 10:28:42 [self-0003-0-attack] Visible enemy tiles: 11
2026-06-02 10:28:42 [self-0003-0-attack] Tiles: 25 / 52
2026-06-02 10:28:42 [self-0003-0-attack] Map: 18 x 19 Turn: 599
2026-06-02 10:28:42 [self-0003-0-attack] Route planned: Target = 60 Mode = defense city-free reachable tiles = 267 Fallback-Tiles = 269
2026-06-02 10:28:42 [self-0003-0-attack] Priority agent: edge reuse -36000 base = 184203 final = 148203
2026-06-02 10:28:42 [self-0003-0-attack] Move #581: 61 -> 60 | Army: 3 | Target-Terrain: 1 | Target: 60 | Half: False
2026-06-02 10:28:42 [self-0003-0-attack] My general index: 25
2026-06-02 10:28:42 [self-0003-0-attack] Enemy general index: None
2026-06-02 10:28:42 [self-0003-0-attack] Visible enemy tiles: 11
2026-06-02 10:28:42 [self-0003-0-attack] Tiles: 25 / 52
2026-06-02 10:28:42 [self-0003-0-attack] Map: 18 x 19 Turn: 600
2026-06-02 10:28:42 [self-0003-0-attack] Route planned: Target = 60 Mode = defense city-free reachable tiles = 267 Fallback-Tiles = 269
2026-06-02 10:28:42 [self-0003-0-attack] Move #582: 59 -> 60 | Army: 2 | Target-Terrain: 1 | Target: 60 | Half: False
2026-06-02 10:28:43 [self-0003-0-attack] My general index: 25
2026-06-02 10:28:43 [self-0003-0-attack] Enemy general index: None
2026-06-02 10:28:43 [self-0003-0-attack] Visible enemy tiles: 11
2026-06-02 10:28:43 [self-0003-0-attack] Tiles: 25 / 52
2026-06-02 10:28:43 [self-0003-0-attack] Map: 18 x 19 Turn: 601
2026-06-02 10:28:43 [self-0003-0-attack] Route planned: Target = 60 Mode = defense city-free reachable tiles = 267 Fallback-Tiles = 269
2026-06-02 10:28:43 [self-0003-0-attack] Priority agent: edge reuse -9000 base = 217702 final = 208702
2026-06-02 10:28:43 [self-0003-0-attack] Move #583: 78 -> 60 | Army: 2 | Target-Terrain: 1 | Target: 60 | Half: False
2026-06-02 10:28:43 [self-0003-0-attack] My general index: 25
2026-06-02 10:28:43 [self-0003-0-attack] Enemy general index: None
2026-06-02 10:28:43 [self-0003-0-attack] Visible enemy tiles: 11
2026-06-02 10:28:43 [self-0003-0-attack] Tiles: 25 / 52
2026-06-02 10:28:43 [self-0003-0-attack] Map: 18 x 19 Turn: 602
2026-06-02 10:28:43 [self-0003-0-attack] Route planned: Target = 60 Mode = defense city-free reachable tiles = 267 Fallback-Tiles = 269
2026-06-02 10:28:43 [self-0003-0-attack] Priority agent: edge reuse -36000 base = 184204 final = 148204
2026-06-02 10:28:43 [self-0003-0-attack] Move #584: 61 -> 60 | Army: 4 | Target-Terrain: 1 | Target: 60 | Half: False
2026-06-02 10:28:44 [self-0003-0-attack] My general index: 25
2026-06-02 10:28:44 [self-0003-0-attack] Enemy general index: None
2026-06-02 10:28:44 [self-0003-0-attack] Visible enemy tiles: 11
2026-06-02 10:28:44 [self-0003-0-attack] Tiles: 25 / 52
2026-06-02 10:28:44 [self-0003-0-attack] Map: 18 x 19 Turn: 603
2026-06-02 10:28:44 [self-0003-0-attack] Route planned: Target = 60 Mode = defense city-free reachable tiles = 267 Fallback-Tiles = 269
2026-06-02 10:28:44 [self-0003-0-attack] Priority agent: edge reuse -36000 base = 183655 final = 147655
2026-06-02 10:28:44 [self-0003-0-attack] Move #585: 42 -> 60 | Army: 55 | Target-Terrain: 1 | Target: 60 | Half: False
2026-06-02 10:28:44 [self-0003-0-attack] My general index: 25
2026-06-02 10:28:44 [self-0003-0-attack] Enemy general index: None
2026-06-02 10:28:44 [self-0003-0-attack] Visible enemy tiles: 11
2026-06-02 10:28:44 [self-0003-0-attack] Tiles: 25 / 52
2026-06-02 10:28:44 [self-0003-0-attack] Map: 18 x 19 Turn: 604
2026-06-02 10:28:44 [self-0003-0-attack] Route planned: Target = 42 Mode = defense city-free reachable tiles = 267 Fallback-Tiles = 269
2026-06-02 10:28:44 [self-0003-0-attack] Move #586: 24 -> 42 | Army: 2 | Target-Terrain: 1 | Target: 42 | Half: False
2026-06-02 10:28:45 [self-0003-0-attack] My general index: 25
2026-06-02 10:28:45 [self-0003-0-attack] Enemy general index: None
2026-06-02 10:28:45 [self-0003-0-attack] Visible enemy tiles: 11
2026-06-02 10:28:45 [self-0003-0-attack] Tiles: 25 / 52
2026-06-02 10:28:45 [self-0003-0-attack] Map: 18 x 19 Turn: 605
2026-06-02 10:28:45 [self-0003-0-attack] Route planned: Target = 42 Mode = defense city-free reachable tiles = 267 Fallback-Tiles = 269
2026-06-02 10:28:45 [self-0003-0-attack] Move #587: 43 -> 42 | Army: 2 | Target-Terrain: 1 | Target: 42 | Half: False
2026-06-02 10:28:45 [self-0003-0-attack] My general index: 25
2026-06-02 10:28:45 [self-0003-0-attack] Enemy general index: None
2026-06-02 10:28:45 [self-0003-0-attack] Visible enemy tiles: 11
2026-06-02 10:28:45 [self-0003-0-attack] Tiles: 25 / 52
2026-06-02 10:28:45 [self-0003-0-attack] Map: 18 x 19 Turn: 606
2026-06-02 10:28:45 [self-0003-0-attack] Route planned: Target = 42 Mode = defense city-free reachable tiles = 267 Fallback-Tiles = 269
2026-06-02 10:28:45 [self-0003-0-attack] Priority agent: edge reuse -36000 base = 178866 final = 142866
2026-06-02 10:28:45 [self-0003-0-attack] Move #588: 60 -> 42 | Army: 66 | Target-Terrain: 1 | Target: 42 | Half: False
2026-06-02 10:28:46 [self-0003-0-attack] My general index: 25
2026-06-02 10:28:46 [self-0003-0-attack] Enemy general index: None
2026-06-02 10:28:46 [self-0003-0-attack] Visible enemy tiles: 12
2026-06-02 10:28:46 [self-0003-0-attack] Tiles: 24 / 53
2026-06-02 10:28:46 [self-0003-0-attack] Map: 18 x 19 Turn: 607
2026-06-02 10:28:46 [self-0003-0-attack] Route planned: Target = 60 Mode = defense city-free reachable tiles = 267 Fallback-Tiles = 269
2026-06-02 10:28:46 [self-0003-0-attack] Move #589: 99 -> 98 | Army: 11 | Target-Terrain: 0 | Target: 60 | Half: False
2026-06-02 10:28:46 [self-0003-0-attack] My general index: 25
2026-06-02 10:28:46 [self-0003-0-attack] Enemy general index: None
2026-06-02 10:28:46 [self-0003-0-attack] Visible enemy tiles: 11
2026-06-02 10:28:46 [self-0003-0-attack] Tiles: 25 / 52
2026-06-02 10:28:46 [self-0003-0-attack] Map: 18 x 19 Turn: 608
2026-06-02 10:28:46 [self-0003-0-attack] Route planned: Target = 60 Mode = defense city-free reachable tiles = 267 Fallback-Tiles = 269
2026-06-02 10:28:46 [self-0003-0-attack] Priority agent: edge reuse -27000 base = 184204 final = 157204
2026-06-02 10:28:46 [self-0003-0-attack] Move #590: 61 -> 60 | Army: 4 | Target-Terrain: 1 | Target: 60 | Half: False
2026-06-02 10:28:47 [self-0003-0-attack] My general index: 25
2026-06-02 10:28:47 [self-0003-0-attack] Enemy general index: None
2026-06-02 10:28:47 [self-0003-0-attack] Visible enemy tiles: 11
2026-06-02 10:28:47 [self-0003-0-attack] Tiles: 25 / 52
2026-06-02 10:28:47 [self-0003-0-attack] Map: 18 x 19 Turn: 609
2026-06-02 10:28:47 [self-0003-0-attack] Route planned: Target = 60 Mode = defense city-free reachable tiles = 267 Fallback-Tiles = 269
2026-06-02 10:28:47 [self-0003-0-attack] Priority agent: edge reuse -36000 base = 183668 final = 147668
2026-06-02 10:28:47 [self-0003-0-attack] Move #591: 42 -> 60 | Army: 68 | Target-Terrain: 1 | Target: 60 | Half: False
2026-06-02 10:28:47 [self-0003-0-attack] My general index: 25
2026-06-02 10:28:47 [self-0003-0-attack] Enemy general index: None
2026-06-02 10:28:47 [self-0003-0-attack] Visible enemy tiles: 11
2026-06-02 10:28:47 [self-0003-0-attack] Tiles: 25 / 52
2026-06-02 10:28:47 [self-0003-0-attack] Map: 18 x 19 Turn: 610
2026-06-02 10:28:47 [self-0003-0-attack] Route planned: Target = 42 Mode = defense city-free reachable tiles = 267 Fallback-Tiles = 269
2026-06-02 10:28:47 [self-0003-0-attack] Move #592: 98 -> 80 | Army: 7 | Target-Terrain: 1 | Target: 42 | Half: False
2026-06-02 10:28:48 [self-0003-0-attack] My general index: 25
2026-06-02 10:28:48 [self-0003-0-attack] Enemy general index: None
2026-06-02 10:28:48 [self-0003-0-attack] Visible enemy tiles: 11
2026-06-02 10:28:48 [self-0003-0-attack] Tiles: 25 / 52
2026-06-02 10:28:48 [self-0003-0-attack] Map: 18 x 19 Turn: 611
2026-06-02 10:28:48 [self-0003-0-attack] Route planned: Target = 42 Mode = defense city-free reachable tiles = 267 Fallback-Tiles = 269
2026-06-02 10:28:48 [self-0003-0-attack] Move #593: 81 -> 80 | Army: 2 | Target-Terrain: 1 | Target: 42 | Half: False
2026-06-02 10:28:48 [self-0003-0-attack] My general index: 25
2026-06-02 10:28:48 [self-0003-0-attack] Enemy general index: None
2026-06-02 10:28:48 [self-0003-0-attack] Visible enemy tiles: 11
2026-06-02 10:28:48 [self-0003-0-attack] Tiles: 25 / 52
2026-06-02 10:28:48 [self-0003-0-attack] Map: 18 x 19 Turn: 612
2026-06-02 10:28:48 [self-0003-0-attack] Route planned: Target = 42 Mode = defense city-free reachable tiles = 267 Fallback-Tiles = 269
2026-06-02 10:28:48 [self-0003-0-attack] Priority agent: edge reuse -27000 base = 178871 final = 151871
2026-06-02 10:28:48 [self-0003-0-attack] Move #594: 60 -> 42 | Army: 71 | Target-Terrain: 1 | Target: 42 | Half: False
2026-06-02 10:28:49 [self-0003-0-attack] My general index: 25
2026-06-02 10:28:49 [self-0003-0-attack] Enemy general index: None
2026-06-02 10:28:49 [self-0003-0-attack] Visible enemy tiles: 11
2026-06-02 10:28:49 [self-0003-0-attack] Tiles: 25 / 52
2026-06-02 10:28:49 [self-0003-0-attack] Map: 18 x 19 Turn: 613
2026-06-02 10:28:49 [self-0003-0-attack] Route planned: Target = 60 Mode = defense city-free reachable tiles = 267 Fallback-Tiles = 269
2026-06-02 10:28:49 [self-0003-0-attack] Move #595: 115 -> 114 | Army: 3 | Target-Terrain: 0 | Target: 60 | Half: False
2026-06-02 10:28:49 [self-0003-0-attack] My general index: 25
2026-06-02 10:28:49 [self-0003-0-attack] Enemy general index: None
2026-06-02 10:28:49 [self-0003-0-attack] Visible enemy tiles: 11
2026-06-02 10:28:49 [self-0003-0-attack] Tiles: 25 / 52
2026-06-02 10:28:49 [self-0003-0-attack] Map: 18 x 19 Turn: 614
2026-06-02 10:28:49 [self-0003-0-attack] Route planned: Target = 60 Mode = defense city-free reachable tiles = 267 Fallback-Tiles = 269
2026-06-02 10:28:49 [self-0003-0-attack] Priority agent: edge reuse -18000 base = 184204 final = 166204
2026-06-02 10:28:49 [self-0003-0-attack] Move #596: 61 -> 60 | Army: 4 | Target-Terrain: 1 | Target: 60 | Half: False
2026-06-02 10:28:50 [self-0003-0-attack] My general index: 25
2026-06-02 10:28:50 [self-0003-0-attack] Enemy general index: None
2026-06-02 10:28:50 [self-0003-0-attack] Visible enemy tiles: 11
2026-06-02 10:28:50 [self-0003-0-attack] Tiles: 25 / 52
2026-06-02 10:28:50 [self-0003-0-attack] Map: 18 x 19 Turn: 615
2026-06-02 10:28:50 [self-0003-0-attack] Route planned: Target = 60 Mode = defense city-free reachable tiles = 267 Fallback-Tiles = 269
2026-06-02 10:28:50 [self-0003-0-attack] Priority agent: edge reuse -36000 base = 183671 final = 147671
2026-06-02 10:28:50 [self-0003-0-attack] Move #597: 42 -> 60 | Army: 71 | Target-Terrain: 1 | Target: 60 | Half: False
2026-06-02 10:28:50 [self-0003-0-attack] My general index: 25
2026-06-02 10:28:50 [self-0003-0-attack] Enemy general index: None
2026-06-02 10:28:50 [self-0003-0-attack] Visible enemy tiles: 11
2026-06-02 10:28:50 [self-0003-0-attack] Tiles: 25 / 52
2026-06-02 10:28:50 [self-0003-0-attack] Map: 18 x 19 Turn: 616
2026-06-02 10:28:50 [self-0003-0-attack] Route planned: Target = 80 Mode = defense city-free reachable tiles = 267 Fallback-Tiles = 269
2026-06-02 10:28:50 [self-0003-0-attack] Move #598: 62 -> 80 | Army: 84 | Target-Terrain: 1 | Target: 80 | Half: False
2026-06-02 10:28:51 [self-0003-0-attack] My general index: 25
2026-06-02 10:28:51 [self-0003-0-attack] Enemy general index: None
2026-06-02 10:28:51 [self-0003-0-attack] Visible enemy tiles: 11
2026-06-02 10:28:51 [self-0003-0-attack] Tiles: 25 / 52
2026-06-02 10:28:51 [self-0003-0-attack] Map: 18 x 19 Turn: 617
2026-06-02 10:28:51 [self-0003-0-attack] Route planned: Target = 62 Mode = defense city-free reachable tiles = 267 Fallback-Tiles = 269
2026-06-02 10:28:51 [self-0003-0-attack] Move #599: 63 -> 62 | Army: 2 | Target-Terrain: 1 | Target: 62 | Half: False
2026-06-02 10:28:51 [self-0003-0-attack] My general index: 25
2026-06-02 10:28:51 [self-0003-0-attack] Enemy general index: None
2026-06-02 10:28:51 [self-0003-0-attack] Visible enemy tiles: 11
2026-06-02 10:28:51 [self-0003-0-attack] Tiles: 25 / 52
2026-06-02 10:28:51 [self-0003-0-attack] Map: 18 x 19 Turn: 618
2026-06-02 10:28:51 [self-0003-0-attack] Route planned: Target = 62 Mode = defense city-free reachable tiles = 267 Fallback-Tiles = 269
2026-06-02 10:28:51 [self-0003-0-attack] Move #600: 61 -> 62 | Army: 3 | Target-Terrain: 1 | Target: 62 | Half: False
2026-06-02 10:28:52 [self-0003-0-attack] My general index: 25
2026-06-02 10:28:52 [self-0003-0-attack] Enemy general index: None
2026-06-02 10:28:52 [self-0003-0-attack] Visible enemy tiles: 11
2026-06-02 10:28:52 [self-0003-0-attack] Tiles: 25 / 52
2026-06-02 10:28:52 [self-0003-0-attack] Map: 18 x 19 Turn: 619
2026-06-02 10:28:52 [self-0003-0-attack] Route planned: Target = 62 Mode = defense city-free reachable tiles = 267 Fallback-Tiles = 269
2026-06-02 10:28:52 [self-0003-0-attack] Priority agent: edge reuse -9000 base = 216680 final = 207680
2026-06-02 10:28:52 [self-0003-0-attack] Move #601: 80 -> 62 | Army: 94 | Target-Terrain: 1 | Target: 62 | Half: False
2026-06-02 10:28:52 [self-0003-0-attack] My general index: 25
2026-06-02 10:28:52 [self-0003-0-attack] Enemy general index: None
2026-06-02 10:28:52 [self-0003-0-attack] Visible enemy tiles: 11
2026-06-02 10:28:52 [self-0003-0-attack] Tiles: 25 / 52
2026-06-02 10:28:52 [self-0003-0-attack] Map: 18 x 19 Turn: 620
2026-06-02 10:28:52 [self-0003-0-attack] Route planned: Target = 80 Mode = defense city-free reachable tiles = 267 Fallback-Tiles = 269
2026-06-02 10:28:52 [self-0003-0-attack] Move #602: 79 -> 80 | Army: 2 | Target-Terrain: 1 | Target: 80 | Half: False
2026-06-02 10:28:53 [self-0003-0-attack] My general index: 25
2026-06-02 10:28:53 [self-0003-0-attack] Enemy general index: None
2026-06-02 10:28:53 [self-0003-0-attack] Visible enemy tiles: 11
2026-06-02 10:28:53 [self-0003-0-attack] Tiles: 25 / 52
2026-06-02 10:28:53 [self-0003-0-attack] Map: 18 x 19 Turn: 621
2026-06-02 10:28:53 [self-0003-0-attack] Route planned: Target = 80 Mode = defense city-free reachable tiles = 267 Fallback-Tiles = 269
2026-06-02 10:28:53 [self-0003-0-attack] Priority agent: edge reuse -18000 base = 202880 final = 184880
2026-06-02 10:28:53 [self-0003-0-attack] Move #603: 62 -> 80 | Army: 97 | Target-Terrain: 1 | Target: 80 | Half: False
2026-06-02 10:28:53 [self-0003-0-attack] My general index: 25
2026-06-02 10:28:53 [self-0003-0-attack] Enemy general index: None
2026-06-02 10:28:53 [self-0003-0-attack] Visible enemy tiles: 12
2026-06-02 10:28:53 [self-0003-0-attack] Tiles: 24 / 53
2026-06-02 10:28:53 [self-0003-0-attack] Map: 18 x 19 Turn: 622
2026-06-02 10:28:53 [self-0003-0-attack] Route planned: Target = 62 Mode = defense city-free reachable tiles = 267 Fallback-Tiles = 269
2026-06-02 10:28:53 [self-0003-0-attack] Priority agent: edge reuse -9000 base = 220803 final = 211803
2026-06-02 10:28:53 [self-0003-0-attack] Move #604: 61 -> 62 | Army: 3 | Target-Terrain: 1 | Target: 62 | Half: False
2026-06-02 10:28:54 [self-0003-0-attack] My general index: 25
2026-06-02 10:28:54 [self-0003-0-attack] Enemy general index: None
2026-06-02 10:28:54 [self-0003-0-attack] Visible enemy tiles: 12
2026-06-02 10:28:54 [self-0003-0-attack] Tiles: 24 / 53
2026-06-02 10:28:54 [self-0003-0-attack] Map: 18 x 19 Turn: 623
2026-06-02 10:28:54 [self-0003-0-attack] Route planned: Target = 62 Mode = defense city-free reachable tiles = 267 Fallback-Tiles = 269
2026-06-02 10:28:54 [self-0003-0-attack] Move #605: 99 -> 98 | Army: 9 | Target-Terrain: 0 | Target: 62 | Half: False
2026-06-02 10:28:54 [self-0003-0-attack] My general index: 25
2026-06-02 10:28:54 [self-0003-0-attack] Enemy general index: None
2026-06-02 10:28:54 [self-0003-0-attack] Visible enemy tiles: 11
2026-06-02 10:28:54 [self-0003-0-attack] Tiles: 25 / 52
2026-06-02 10:28:54 [self-0003-0-attack] Map: 18 x 19 Turn: 624
2026-06-02 10:28:54 [self-0003-0-attack] Route planned: Target = 62 Mode = defense city-free reachable tiles = 267 Fallback-Tiles = 269
2026-06-02 10:28:54 [self-0003-0-attack] Priority agent: edge reuse -18000 base = 205802 final = 187802
2026-06-02 10:28:54 [self-0003-0-attack] Move #606: 61 -> 62 | Army: 2 | Target-Terrain: 1 | Target: 62 | Half: False
2026-06-02 10:28:55 [self-0003-0-attack] My general index: 25
2026-06-02 10:28:55 [self-0003-0-attack] Enemy general index: None
2026-06-02 10:28:55 [self-0003-0-attack] Visible enemy tiles: 11
2026-06-02 10:28:55 [self-0003-0-attack] Tiles: 25 / 52
2026-06-02 10:28:55 [self-0003-0-attack] Map: 18 x 19 Turn: 625
2026-06-02 10:28:55 [self-0003-0-attack] Route planned: Target = 62 Mode = defense city-free reachable tiles = 267 Fallback-Tiles = 269
2026-06-02 10:28:55 [self-0003-0-attack] Priority agent: edge reuse -27000 base = 205280 final = 178280
2026-06-02 10:28:55 [self-0003-0-attack] Move #607: 80 -> 62 | Army: 98 | Target-Terrain: 1 | Target: 62 | Half: False
2026-06-02 10:28:55 [self-0003-0-attack] My general index: 25
2026-06-02 10:28:55 [self-0003-0-attack] Enemy general index: None
2026-06-02 10:28:55 [self-0003-0-attack] Visible enemy tiles: 11
2026-06-02 10:28:55 [self-0003-0-attack] Tiles: 25 / 52
2026-06-02 10:28:55 [self-0003-0-attack] Map: 18 x 19 Turn: 626
2026-06-02 10:28:55 [self-0003-0-attack] Route planned: Target = 80 Mode = defense city-free reachable tiles = 267 Fallback-Tiles = 269
2026-06-02 10:28:55 [self-0003-0-attack] Move #608: 98 -> 80 | Army: 6 | Target-Terrain: 1 | Target: 80 | Half: False
2026-06-02 10:28:56 [self-0003-0-attack] My general index: 25
2026-06-02 10:28:56 [self-0003-0-attack] Enemy general index: None
2026-06-02 10:28:56 [self-0003-0-attack] Visible enemy tiles: 11
2026-06-02 10:28:56 [self-0003-0-attack] Tiles: 25 / 52
2026-06-02 10:28:56 [self-0003-0-attack] Map: 18 x 19 Turn: 627
2026-06-02 10:28:56 [self-0003-0-attack] Route planned: Target = 80 Mode = defense city-free reachable tiles = 267 Fallback-Tiles = 269
2026-06-02 10:28:56 [self-0003-0-attack] Move #609: 60 -> 78 | Army: 74 | Target-Terrain: 0 | Target: 80 | Half: False
2026-06-02 10:28:56 [self-0003-0-attack] My general index: 25
2026-06-02 10:28:56 [self-0003-0-attack] Enemy general index: None
2026-06-02 10:28:56 [self-0003-0-attack] Visible enemy tiles: 10
2026-06-02 10:28:56 [self-0003-0-attack] Tiles: 26 / 51
2026-06-02 10:28:56 [self-0003-0-attack] Map: 18 x 19 Turn: 628
2026-06-02 10:28:56 [self-0003-0-attack] Route planned: Target = 60 Mode = defense city-free reachable tiles = 267 Fallback-Tiles = 269
2026-06-02 10:28:56 [self-0003-0-attack] Priority agent: edge reuse -9000 base = 199203 final = 190203
2026-06-02 10:28:56 [self-0003-0-attack] Move #610: 61 -> 60 | Army: 3 | Target-Terrain: 1 | Target: 60 | Half: False
2026-06-02 10:28:57 [self-0003-0-attack] My general index: 25
2026-06-02 10:28:57 [self-0003-0-attack] Enemy general index: None
2026-06-02 10:28:57 [self-0003-0-attack] Visible enemy tiles: 10
2026-06-02 10:28:57 [self-0003-0-attack] Tiles: 26 / 51
2026-06-02 10:28:57 [self-0003-0-attack] Map: 18 x 19 Turn: 629
2026-06-02 10:28:57 [self-0003-0-attack] Route planned: Target = 60 Mode = defense city-free reachable tiles = 267 Fallback-Tiles = 269
2026-06-02 10:28:57 [self-0003-0-attack] Priority agent: edge reuse -9000 base = 198672 final = 189672
2026-06-02 10:28:57 [self-0003-0-attack] Move #611: 78 -> 60 | Army: 72 | Target-Terrain: 1 | Target: 60 | Half: False
2026-06-02 10:28:57 [self-0003-0-attack] My general index: 25
2026-06-02 10:28:57 [self-0003-0-attack] Enemy general index: None
2026-06-02 10:28:57 [self-0003-0-attack] Visible enemy tiles: 10
2026-06-02 10:28:57 [self-0003-0-attack] Tiles: 26 / 51
2026-06-02 10:28:57 [self-0003-0-attack] Map: 18 x 19 Turn: 630
2026-06-02 10:28:57 [self-0003-0-attack] Route planned: Target = 80 Mode = defense city-free reachable tiles = 267 Fallback-Tiles = 269
2026-06-02 10:28:57 [self-0003-0-attack] Priority agent: edge reuse -36000 base = 206480 final = 170480
2026-06-02 10:28:57 [self-0003-0-attack] Move #612: 62 -> 80 | Army: 101 | Target-Terrain: 1 | Target: 80 | Half: False
2026-06-02 10:28:58 [self-0003-0-attack] My general index: 25
2026-06-02 10:28:58 [self-0003-0-attack] Enemy general index: None
2026-06-02 10:28:58 [self-0003-0-attack] Visible enemy tiles: 10
2026-06-02 10:28:58 [self-0003-0-attack] Tiles: 26 / 51
2026-06-02 10:28:58 [self-0003-0-attack] Map: 18 x 19 Turn: 631
2026-06-02 10:28:58 [self-0003-0-attack] Route planned: Target = 62 Mode = defense city-free reachable tiles = 267 Fallback-Tiles = 269
2026-06-02 10:28:58 [self-0003-0-attack] Priority agent: edge reuse -27000 base = 205802 final = 178802
2026-06-02 10:28:58 [self-0003-0-attack] Move #613: 61 -> 62 | Army: 2 | Target-Terrain: 1 | Target: 62 | Half: False
2026-06-02 10:28:58 [self-0003-0-attack] My general index: 25
2026-06-02 10:28:58 [self-0003-0-attack] Enemy general index: None
2026-06-02 10:28:58 [self-0003-0-attack] Visible enemy tiles: 10
2026-06-02 10:28:58 [self-0003-0-attack] Tiles: 26 / 51
2026-06-02 10:28:58 [self-0003-0-attack] Map: 18 x 19 Turn: 632
2026-06-02 10:28:58 [self-0003-0-attack] Route planned: Target = 62 Mode = defense city-free reachable tiles = 267 Fallback-Tiles = 269
2026-06-02 10:28:58 [self-0003-0-attack] Priority agent: edge reuse -36000 base = 205802 final = 169802
2026-06-02 10:28:58 [self-0003-0-attack] Move #614: 61 -> 62 | Army: 2 | Target-Terrain: 1 | Target: 62 | Half: False
2026-06-02 10:28:59 [self-0003-0-attack] My general index: 25
2026-06-02 10:28:59 [self-0003-0-attack] Enemy general index: None
2026-06-02 10:28:59 [self-0003-0-attack] Visible enemy tiles: 10
2026-06-02 10:28:59 [self-0003-0-attack] Tiles: 26 / 51
2026-06-02 10:28:59 [self-0003-0-attack] Map: 18 x 19 Turn: 633
2026-06-02 10:28:59 [self-0003-0-attack] Route planned: Target = 62 Mode = defense city-free reachable tiles = 267 Fallback-Tiles = 269
2026-06-02 10:28:59 [self-0003-0-attack] Priority agent: edge reuse -36000 base = 205280 final = 169280
2026-06-02 10:28:59 [self-0003-0-attack] Move #615: 80 -> 62 | Army: 106 | Target-Terrain: 1 | Target: 62 | Half: False
2026-06-02 10:28:59 [self-0003-0-attack] My general index: 25
2026-06-02 10:28:59 [self-0003-0-attack] Enemy general index: None
2026-06-02 10:28:59 [self-0003-0-attack] Visible enemy tiles: 10
2026-06-02 10:28:59 [self-0003-0-attack] Tiles: 26 / 51
2026-06-02 10:28:59 [self-0003-0-attack] Map: 18 x 19 Turn: 634
2026-06-02 10:28:59 [self-0003-0-attack] Route planned: Target = 80 Mode = defense city-free reachable tiles = 267 Fallback-Tiles = 269
2026-06-02 10:28:59 [self-0003-0-attack] Move #616: 97 -> 98 | Army: 2 | Target-Terrain: 1 | Target: 80 | Half: False
2026-06-02 10:29:00 [self-0003-0-attack] My general index: 25
2026-06-02 10:29:00 [self-0003-0-attack] Enemy general index: None
2026-06-02 10:29:00 [self-0003-0-attack] Visible enemy tiles: 10
2026-06-02 10:29:00 [self-0003-0-attack] Tiles: 26 / 51
2026-06-02 10:29:00 [self-0003-0-attack] Map: 18 x 19 Turn: 635
2026-06-02 10:29:00 [self-0003-0-attack] Route planned: Target = 80 Mode = defense city-free reachable tiles = 267 Fallback-Tiles = 269
2026-06-02 10:29:00 [self-0003-0-attack] Priority agent: edge reuse -9000, flow +6000 base = 240502 final = 237502
2026-06-02 10:29:00 [self-0003-0-attack] Move #617: 98 -> 80 | Army: 2 | Target-Terrain: 1 | Target: 80 | Half: False
2026-06-02 10:29:00 [self-0003-0-attack] My general index: 25
2026-06-02 10:29:00 [self-0003-0-attack] Enemy general index: None
2026-06-02 10:29:00 [self-0003-0-attack] Visible enemy tiles: 10
2026-06-02 10:29:00 [self-0003-0-attack] Tiles: 26 / 51
2026-06-02 10:29:00 [self-0003-0-attack] Map: 18 x 19 Turn: 636
2026-06-02 10:29:00 [self-0003-0-attack] Route planned: Target = 80 Mode = defense city-free reachable tiles = 267 Fallback-Tiles = 269
2026-06-02 10:29:00 [self-0003-0-attack] Priority agent: edge reuse -27000 base = 206480 final = 179480
2026-06-02 10:29:00 [self-0003-0-attack] Move #618: 62 -> 80 | Army: 108 | Target-Terrain: 1 | Target: 80 | Half: False
2026-06-02 10:29:01 [self-0003-0-attack] My general index: 25
2026-06-02 10:29:01 [self-0003-0-attack] Enemy general index: None
2026-06-02 10:29:01 [self-0003-0-attack] Visible enemy tiles: 10
2026-06-02 10:29:01 [self-0003-0-attack] Tiles: 26 / 51
2026-06-02 10:29:01 [self-0003-0-attack] Map: 18 x 19 Turn: 637
2026-06-02 10:29:01 [self-0003-0-attack] Route planned: Target = 62 Mode = defense city-free reachable tiles = 267 Fallback-Tiles = 269
2026-06-02 10:29:01 [self-0003-0-attack] Priority agent: edge reuse -27000 base = 205803 final = 178803
2026-06-02 10:29:01 [self-0003-0-attack] Move #619: 61 -> 62 | Army: 3 | Target-Terrain: 1 | Target: 62 | Half: False
2026-06-02 10:29:01 [self-0003-0-attack] My general index: 25
2026-06-02 10:29:01 [self-0003-0-attack] Enemy general index: None
2026-06-02 10:29:01 [self-0003-0-attack] Visible enemy tiles: 10
2026-06-02 10:29:01 [self-0003-0-attack] Tiles: 26 / 51
2026-06-02 10:29:01 [self-0003-0-attack] Map: 18 x 19 Turn: 638
2026-06-02 10:29:01 [self-0003-0-attack] Route planned: Target = 62 Mode = defense city-free reachable tiles = 267 Fallback-Tiles = 269
2026-06-02 10:29:01 [self-0003-0-attack] Priority agent: edge reuse -36000 base = 205802 final = 169802
2026-06-02 10:29:01 [self-0003-0-attack] Move #620: 61 -> 62 | Army: 2 | Target-Terrain: 1 | Target: 62 | Half: False
2026-06-02 10:29:02 [self-0003-0-attack] My general index: 25
2026-06-02 10:29:02 [self-0003-0-attack] Enemy general index: None
2026-06-02 10:29:02 [self-0003-0-attack] Visible enemy tiles: 10
2026-06-02 10:29:02 [self-0003-0-attack] Tiles: 26 / 51
2026-06-02 10:29:02 [self-0003-0-attack] Map: 18 x 19 Turn: 639
2026-06-02 10:29:02 [self-0003-0-attack] Route planned: Target = 62 Mode = defense city-free reachable tiles = 267 Fallback-Tiles = 269
2026-06-02 10:29:02 [self-0003-0-attack] Priority agent: edge reuse -36000 base = 205280 final = 169280
2026-06-02 10:29:02 [self-0003-0-attack] Move #621: 80 -> 62 | Army: 109 | Target-Terrain: 1 | Target: 62 | Half: False
2026-06-02 10:29:02 [self-0003-0-attack] My general index: 25
2026-06-02 10:29:02 [self-0003-0-attack] Enemy general index: None
2026-06-02 10:29:02 [self-0003-0-attack] Visible enemy tiles: 10
2026-06-02 10:29:02 [self-0003-0-attack] Tiles: 26 / 51
2026-06-02 10:29:02 [self-0003-0-attack] Map: 18 x 19 Turn: 640
2026-06-02 10:29:02 [self-0003-0-attack] Route planned: Target = 80 Mode = defense city-free reachable tiles = 267 Fallback-Tiles = 269
2026-06-02 10:29:02 [self-0003-0-attack] Priority agent: reverse -35000, edge reuse -36000 base = 209580 final = 138580
2026-06-02 10:29:02 [self-0003-0-attack] Move #622: 62 -> 80 | Army: 112 | Target-Terrain: 1 | Target: 80 | Half: False
2026-06-02 10:29:03 [self-0003-0-attack] My general index: 25
2026-06-02 10:29:03 [self-0003-0-attack] Enemy general index: None
2026-06-02 10:29:03 [self-0003-0-attack] Visible enemy tiles: 10
2026-06-02 10:29:03 [self-0003-0-attack] Tiles: 26 / 51
2026-06-02 10:29:03 [self-0003-0-attack] Map: 18 x 19 Turn: 641
2026-06-02 10:29:03 [self-0003-0-attack] Route planned: Target = 62 Mode = defense city-free reachable tiles = 267 Fallback-Tiles = 269
2026-06-02 10:29:03 [self-0003-0-attack] Priority agent: edge reuse -36000 base = 205802 final = 169802
2026-06-02 10:29:03 [self-0003-0-attack] Move #623: 61 -> 62 | Army: 2 | Target-Terrain: 1 | Target: 62 | Half: False
2026-06-02 10:29:03 [self-0003-0-attack] My general index: 25
2026-06-02 10:29:03 [self-0003-0-attack] Enemy general index: None
2026-06-02 10:29:03 [self-0003-0-attack] Visible enemy tiles: 10
2026-06-02 10:29:03 [self-0003-0-attack] Tiles: 26 / 51
2026-06-02 10:29:03 [self-0003-0-attack] Map: 18 x 19 Turn: 642
2026-06-02 10:29:03 [self-0003-0-attack] Route planned: Target = 62 Mode = defense city-free reachable tiles = 267 Fallback-Tiles = 269
2026-06-02 10:29:03 [self-0003-0-attack] Priority agent: edge reuse -45000 base = 205802 final = 160802
2026-06-02 10:29:03 [self-0003-0-attack] Move #624: 61 -> 62 | Army: 2 | Target-Terrain: 1 | Target: 62 | Half: False
2026-06-02 10:29:04 [self-0003-0-attack] My general index: 25
2026-06-02 10:29:04 [self-0003-0-attack] Enemy general index: None
2026-06-02 10:29:04 [self-0003-0-attack] Visible enemy tiles: 10
2026-06-02 10:29:04 [self-0003-0-attack] Tiles: 26 / 51
2026-06-02 10:29:04 [self-0003-0-attack] Map: 18 x 19 Turn: 643
2026-06-02 10:29:04 [self-0003-0-attack] Route planned: Target = 62 Mode = defense city-free reachable tiles = 267 Fallback-Tiles = 269
2026-06-02 10:29:04 [self-0003-0-attack] Priority agent: edge reuse -45000 base = 205280 final = 160280
2026-06-02 10:29:04 [self-0003-0-attack] Move #625: 80 -> 62 | Army: 112 | Target-Terrain: 1 | Target: 62 | Half: False
2026-06-02 10:29:04 [self-0003-0-attack] My general index: 25
2026-06-02 10:29:04 [self-0003-0-attack] Enemy general index: None
2026-06-02 10:29:04 [self-0003-0-attack] Visible enemy tiles: 10
2026-06-02 10:29:04 [self-0003-0-attack] Tiles: 26 / 51
2026-06-02 10:29:04 [self-0003-0-attack] Map: 18 x 19 Turn: 644
2026-06-02 10:29:04 [self-0003-0-attack] Route planned: Target = 80 Mode = defense city-free reachable tiles = 267 Fallback-Tiles = 269
2026-06-02 10:29:04 [self-0003-0-attack] Move #626: 60 -> 78 | Army: 74 | Target-Terrain: 1 | Target: 80 | Half: False
2026-06-02 10:29:05 [self-0003-0-attack] My general index: 25
2026-06-02 10:29:05 [self-0003-0-attack] Enemy general index: None
2026-06-02 10:29:05 [self-0003-0-attack] Visible enemy tiles: 10
2026-06-02 10:29:05 [self-0003-0-attack] Tiles: 26 / 51
2026-06-02 10:29:05 [self-0003-0-attack] Map: 18 x 19 Turn: 645
2026-06-02 10:29:05 [self-0003-0-attack] Route planned: Target = 60 Mode = defense city-free reachable tiles = 267 Fallback-Tiles = 269
2026-06-02 10:29:05 [self-0003-0-attack] Move #627: 61 -> 60 | Army: 2 | Target-Terrain: 1 | Target: 60 | Half: False
2026-06-02 10:29:05 [self-0003-0-attack] My general index: 25
2026-06-02 10:29:05 [self-0003-0-attack] Enemy general index: None
2026-06-02 10:29:05 [self-0003-0-attack] Visible enemy tiles: 10
2026-06-02 10:29:05 [self-0003-0-attack] Tiles: 26 / 51
2026-06-02 10:29:05 [self-0003-0-attack] Map: 18 x 19 Turn: 646
2026-06-02 10:29:05 [self-0003-0-attack] Route planned: Target = 60 Mode = defense city-free reachable tiles = 267 Fallback-Tiles = 269
2026-06-02 10:29:05 [self-0003-0-attack] Priority agent: edge reuse -9000 base = 211202 final = 202202
2026-06-02 10:29:05 [self-0003-0-attack] Move #628: 61 -> 60 | Army: 2 | Target-Terrain: 1 | Target: 60 | Half: False
2026-06-02 10:29:06 [self-0003-0-attack] Coach: catch_up_expand tiles 26/51 army 516/640 cities 2/0 enemy_city_suspect False bias {'expansion_bias': 1.4, 'city_bias': 0.1, 'attack_bias': 0.8, 'defense_bias': 0.0, 'route_bias': 1.0}
2026-06-02 10:29:06 [self-0003-0-attack] My general index: 25
2026-06-02 10:29:06 [self-0003-0-attack] Enemy general index: None
2026-06-02 10:29:06 [self-0003-0-attack] Visible enemy tiles: 10
2026-06-02 10:29:06 [self-0003-0-attack] Tiles: 26 / 51
2026-06-02 10:29:06 [self-0003-0-attack] Map: 18 x 19 Turn: 647
2026-06-02 10:29:06 [self-0003-0-attack] Route planned: Target = 60 Mode = defense city-free reachable tiles = 267 Fallback-Tiles = 269
2026-06-02 10:29:06 [self-0003-0-attack] Priority agent: edge reuse -9000 base = 198674 final = 189674
2026-06-02 10:29:06 [self-0003-0-attack] Move #629: 78 -> 60 | Army: 74 | Target-Terrain: 1 | Target: 60 | Half: False
2026-06-02 10:29:06 [self-0003-0-attack] My general index: 25
2026-06-02 10:29:06 [self-0003-0-attack] Enemy general index: None
2026-06-02 10:29:06 [self-0003-0-attack] Visible enemy tiles: 10
2026-06-02 10:29:06 [self-0003-0-attack] Tiles: 26 / 51
2026-06-02 10:29:06 [self-0003-0-attack] Map: 18 x 19 Turn: 648
2026-06-02 10:29:06 [self-0003-0-attack] Route planned: Target = 80 Mode = defense city-free reachable tiles = 267 Fallback-Tiles = 269
2026-06-02 10:29:06 [self-0003-0-attack] Priority agent: edge reuse -36000 base = 206480 final = 170480
2026-06-02 10:29:06 [self-0003-0-attack] Move #630: 62 -> 80 | Army: 114 | Target-Terrain: 1 | Target: 80 | Half: False
2026-06-02 10:29:07 [self-0003-0-attack] My general index: 25
2026-06-02 10:29:07 [self-0003-0-attack] Enemy general index: None
2026-06-02 10:29:07 [self-0003-0-attack] Visible enemy tiles: 10
2026-06-02 10:29:07 [self-0003-0-attack] Tiles: 26 / 51
2026-06-02 10:29:07 [self-0003-0-attack] Map: 18 x 19 Turn: 649
2026-06-02 10:29:07 [self-0003-0-attack] Route planned: Target = 62 Mode = defense city-free reachable tiles = 267 Fallback-Tiles = 269
2026-06-02 10:29:07 [self-0003-0-attack] Priority agent: edge reuse -36000 base = 205802 final = 169802
2026-06-02 10:29:07 [self-0003-0-attack] Move #631: 61 -> 62 | Army: 2 | Target-Terrain: 1 | Target: 62 | Half: False
2026-06-02 10:29:07 [self-0003-0-attack] My general index: 25
2026-06-02 10:29:07 [self-0003-0-attack] Enemy general index: None
2026-06-02 10:29:07 [self-0003-0-attack] Visible enemy tiles: 10
2026-06-02 10:29:07 [self-0003-0-attack] Tiles: 26 / 51
2026-06-02 10:29:07 [self-0003-0-attack] Map: 18 x 19 Turn: 650
2026-06-02 10:29:07 [self-0003-0-attack] Route planned: Target = 62 Mode = defense city-free reachable tiles = 267 Fallback-Tiles = 269
2026-06-02 10:29:07 [self-0003-0-attack] Move #632: 63 -> 62 | Army: 2 | Target-Terrain: 1 | Target: 62 | Half: False
2026-06-02 10:29:08 [self-0003-0-attack] My general index: 25
2026-06-02 10:29:08 [self-0003-0-attack] Enemy general index: None
2026-06-02 10:29:08 [self-0003-0-attack] Visible enemy tiles: 10
2026-06-02 10:29:08 [self-0003-0-attack] Tiles: 26 / 51
2026-06-02 10:29:08 [self-0003-0-attack] Map: 18 x 19 Turn: 651
2026-06-02 10:29:08 [self-0003-0-attack] Route planned: Target = 62 Mode = defense city-free reachable tiles = 267 Fallback-Tiles = 269
2026-06-02 10:29:08 [self-0003-0-attack] Priority agent: edge reuse -36000 base = 206480 final = 170480
2026-06-02 10:29:08 [self-0003-0-attack] Move #633: 80 -> 62 | Army: 115 | Target-Terrain: 1 | Target: 62 | Half: False
2026-06-02 10:29:08 [self-0003-0-attack] My general index: 25
2026-06-02 10:29:08 [self-0003-0-attack] Enemy general index: None
2026-06-02 10:29:08 [self-0003-0-attack] Visible enemy tiles: 11
2026-06-02 10:29:08 [self-0003-0-attack] Tiles: 25 / 52
2026-06-02 10:29:08 [self-0003-0-attack] Map: 18 x 19 Turn: 652
2026-06-02 10:29:08 [self-0003-0-attack] Route planned: Target = 80 Mode = defense city-free reachable tiles = 267 Fallback-Tiles = 269
2026-06-02 10:29:08 [self-0003-0-attack] Move #634: 79 -> 80 | Army: 2 | Target-Terrain: 1 | Target: 80 | Half: False
2026-06-02 10:29:09 [self-0003-0-attack] My general index: 25
2026-06-02 10:29:09 [self-0003-0-attack] Enemy general index: None
2026-06-02 10:29:09 [self-0003-0-attack] Visible enemy tiles: 11
2026-06-02 10:29:09 [self-0003-0-attack] Tiles: 25 / 52
2026-06-02 10:29:09 [self-0003-0-attack] Map: 18 x 19 Turn: 653
2026-06-02 10:29:09 [self-0003-0-attack] Route planned: Target = 80 Mode = defense city-free reachable tiles = 267 Fallback-Tiles = 269
2026-06-02 10:29:09 [self-0003-0-attack] Move #635: 81 -> 80 | Army: 2 | Target-Terrain: 1 | Target: 80 | Half: False
2026-06-02 10:29:09 [self-0003-0-attack] My general index: 25
2026-06-02 10:29:09 [self-0003-0-attack] Enemy general index: None
2026-06-02 10:29:09 [self-0003-0-attack] Visible enemy tiles: 11
2026-06-02 10:29:09 [self-0003-0-attack] Tiles: 25 / 52
2026-06-02 10:29:09 [self-0003-0-attack] Map: 18 x 19 Turn: 654
2026-06-02 10:29:09 [self-0003-0-attack] Route planned: Target = 80 Mode = defense city-free reachable tiles = 267 Fallback-Tiles = 269
2026-06-02 10:29:09 [self-0003-0-attack] Move #636: 99 -> 98 | Army: 18 | Target-Terrain: 0 | Target: 80 | Half: False
2026-06-02 10:29:10 [self-0003-0-attack] My general index: 25
2026-06-02 10:29:10 [self-0003-0-attack] Enemy general index: None
2026-06-02 10:29:10 [self-0003-0-attack] Visible enemy tiles: 10
2026-06-02 10:29:10 [self-0003-0-attack] Tiles: 26 / 51
2026-06-02 10:29:10 [self-0003-0-attack] Map: 18 x 19 Turn: 655
2026-06-02 10:29:10 [self-0003-0-attack] Route planned: Target = 80 Mode = defense city-free reachable tiles = 267 Fallback-Tiles = 269
2026-06-02 10:29:10 [self-0003-0-attack] Priority agent: flow +6000 base = 250516 final = 256516
2026-06-02 10:29:10 [self-0003-0-attack] Move #637: 98 -> 80 | Army: 16 | Target-Terrain: 1 | Target: 80 | Half: False
2026-06-02 10:29:10 [self-0003-0-attack] My general index: 25
2026-06-02 10:29:10 [self-0003-0-attack] Enemy general index: None
2026-06-02 10:29:10 [self-0003-0-attack] Visible enemy tiles: 10
2026-06-02 10:29:10 [self-0003-0-attack] Tiles: 26 / 51
2026-06-02 10:29:10 [self-0003-0-attack] Map: 18 x 19 Turn: 656
2026-06-02 10:29:10 [self-0003-0-attack] Route planned: Target = 80 Mode = defense city-free reachable tiles = 267 Fallback-Tiles = 269
2026-06-02 10:29:10 [self-0003-0-attack] Priority agent: edge reuse -27000 base = 212480 final = 185480
2026-06-02 10:29:10 [self-0003-0-attack] Move #638: 62 -> 80 | Army: 118 | Target-Terrain: 1 | Target: 80 | Half: False
2026-06-02 10:29:11 [self-0003-0-attack] My general index: 25
2026-06-02 10:29:11 [self-0003-0-attack] Enemy general index: None
2026-06-02 10:29:11 [self-0003-0-attack] Visible enemy tiles: 10
2026-06-02 10:29:11 [self-0003-0-attack] Tiles: 26 / 51
2026-06-02 10:29:11 [self-0003-0-attack] Map: 18 x 19 Turn: 657
2026-06-02 10:29:11 [self-0003-0-attack] Route planned: Target = 62 Mode = defense city-free reachable tiles = 267 Fallback-Tiles = 269
2026-06-02 10:29:11 [self-0003-0-attack] Priority agent: edge reuse -9000 base = 224406 final = 215406
2026-06-02 10:29:11 [self-0003-0-attack] Move #639: 61 -> 62 | Army: 6 | Target-Terrain: 1 | Target: 62 | Half: False
2026-06-02 10:29:11 [self-0003-0-attack] My general index: 25
2026-06-02 10:29:11 [self-0003-0-attack] Enemy general index: None
2026-06-02 10:29:11 [self-0003-0-attack] Visible enemy tiles: 11
2026-06-02 10:29:11 [self-0003-0-attack] Tiles: 25 / 52
2026-06-02 10:29:11 [self-0003-0-attack] Map: 18 x 19 Turn: 658
2026-06-02 10:29:11 [self-0003-0-attack] Route planned: Target = 62 Mode = defense city-free reachable tiles = 267 Fallback-Tiles = 269
2026-06-02 10:29:11 [self-0003-0-attack] Priority agent: edge reuse -18000 base = 209402 final = 191402
2026-06-02 10:29:11 [self-0003-0-attack] Move #640: 61 -> 62 | Army: 2 | Target-Terrain: 1 | Target: 62 | Half: False
2026-06-02 10:29:12 [self-0003-0-attack] My general index: 25
2026-06-02 10:29:12 [self-0003-0-attack] Enemy general index: None
2026-06-02 10:29:12 [self-0003-0-attack] Visible enemy tiles: 11
2026-06-02 10:29:12 [self-0003-0-attack] Tiles: 25 / 52
2026-06-02 10:29:12 [self-0003-0-attack] Map: 18 x 19 Turn: 659
2026-06-02 10:29:12 [self-0003-0-attack] Route planned: Target = 62 Mode = defense city-free reachable tiles = 267 Fallback-Tiles = 269
2026-06-02 10:29:12 [self-0003-0-attack] Priority agent: edge reuse -27000 base = 208880 final = 181880
2026-06-02 10:29:12 [self-0003-0-attack] Move #641: 80 -> 62 | Army: 133 | Target-Terrain: 1 | Target: 62 | Half: False
2026-06-02 10:29:12 [self-0003-0-attack] My general index: 25
2026-06-02 10:29:12 [self-0003-0-attack] Enemy general index: None
2026-06-02 10:29:12 [self-0003-0-attack] Visible enemy tiles: 11
2026-06-02 10:29:12 [self-0003-0-attack] Tiles: 25 / 52
2026-06-02 10:29:12 [self-0003-0-attack] Map: 18 x 19 Turn: 660
2026-06-02 10:29:12 [self-0003-0-attack] Route planned: Target = 80 Mode = defense city-free reachable tiles = 267 Fallback-Tiles = 269
2026-06-02 10:29:12 [self-0003-0-attack] Move #642: 99 -> 81 | Army: 4 | Target-Terrain: 0 | Target: 80 | Half: False
2026-06-02 10:29:13 [self-0003-0-attack] My general index: 25
2026-06-02 10:29:13 [self-0003-0-attack] Enemy general index: None
2026-06-02 10:29:13 [self-0003-0-attack] Visible enemy tiles: 11
2026-06-02 10:29:13 [self-0003-0-attack] Tiles: 25 / 52
2026-06-02 10:29:13 [self-0003-0-attack] Map: 18 x 19 Turn: 661
2026-06-02 10:29:13 [self-0003-0-attack] Route planned: Target = 80 Mode = defense city-free reachable tiles = 267 Fallback-Tiles = 269
2026-06-02 10:29:13 [self-0003-0-attack] Priority agent: edge reuse -9000, flow +6000 base = 246502 final = 243502
2026-06-02 10:29:13 [self-0003-0-attack] Move #643: 81 -> 80 | Army: 2 | Target-Terrain: 1 | Target: 80 | Half: False
2026-06-02 10:29:13 [self-0003-0-attack] My general index: 25
2026-06-02 10:29:13 [self-0003-0-attack] Enemy general index: None
2026-06-02 10:29:13 [self-0003-0-attack] Visible enemy tiles: 11
2026-06-02 10:29:13 [self-0003-0-attack] Tiles: 25 / 52
2026-06-02 10:29:13 [self-0003-0-attack] Map: 18 x 19 Turn: 662
2026-06-02 10:29:13 [self-0003-0-attack] Route planned: Target = 80 Mode = defense city-free reachable tiles = 267 Fallback-Tiles = 269
2026-06-02 10:29:13 [self-0003-0-attack] Priority agent: edge reuse -36000 base = 212480 final = 176480
2026-06-02 10:29:13 [self-0003-0-attack] Move #644: 62 -> 80 | Army: 139 | Target-Terrain: 1 | Target: 80 | Half: False
2026-06-02 10:29:14 [self-0003-0-attack] My general index: 25
2026-06-02 10:29:14 [self-0003-0-attack] Enemy general index: None
2026-06-02 10:29:14 [self-0003-0-attack] Visible enemy tiles: 11
2026-06-02 10:29:14 [self-0003-0-attack] Tiles: 25 / 52
2026-06-02 10:29:14 [self-0003-0-attack] Map: 18 x 19 Turn: 663
2026-06-02 10:29:14 [self-0003-0-attack] Route planned: Target = 62 Mode = defense city-free reachable tiles = 267 Fallback-Tiles = 269
2026-06-02 10:29:14 [self-0003-0-attack] Priority agent: edge reuse -27000 base = 209403 final = 182403
2026-06-02 10:29:14 [self-0003-0-attack] Move #645: 61 -> 62 | Army: 3 | Target-Terrain: 1 | Target: 62 | Half: False
2026-06-02 10:29:14 [self-0003-0-attack] My general index: 25
2026-06-02 10:29:14 [self-0003-0-attack] Enemy general index: None
2026-06-02 10:29:14 [self-0003-0-attack] Visible enemy tiles: 11
2026-06-02 10:29:14 [self-0003-0-attack] Tiles: 25 / 52
2026-06-02 10:29:14 [self-0003-0-attack] Map: 18 x 19 Turn: 664
2026-06-02 10:29:14 [self-0003-0-attack] Route planned: Target = 62 Mode = defense city-free reachable tiles = 267 Fallback-Tiles = 269
2026-06-02 10:29:14 [self-0003-0-attack] Priority agent: edge reuse -27000 base = 209402 final = 182402
2026-06-02 10:29:14 [self-0003-0-attack] Move #646: 61 -> 62 | Army: 2 | Target-Terrain: 1 | Target: 62 | Half: False
2026-06-02 10:29:15 [self-0003-0-attack] My general index: 25
2026-06-02 10:29:15 [self-0003-0-attack] Enemy general index: None
2026-06-02 10:29:15 [self-0003-0-attack] Visible enemy tiles: 11
2026-06-02 10:29:15 [self-0003-0-attack] Tiles: 25 / 52
2026-06-02 10:29:15 [self-0003-0-attack] Map: 18 x 19 Turn: 665
2026-06-02 10:29:15 [self-0003-0-attack] Route planned: Target = 62 Mode = defense city-free reachable tiles = 267 Fallback-Tiles = 269
2026-06-02 10:29:15 [self-0003-0-attack] Priority agent: edge reuse -36000 base = 208880 final = 172880
2026-06-02 10:29:15 [self-0003-0-attack] Move #647: 80 -> 62 | Army: 140 | Target-Terrain: 1 | Target: 62 | Half: False
2026-06-02 10:29:15 [self-0003-0-attack] My general index: 25
2026-06-02 10:29:15 [self-0003-0-attack] Enemy general index: None
2026-06-02 10:29:15 [self-0003-0-attack] Visible enemy tiles: 11
2026-06-02 10:29:15 [self-0003-0-attack] Tiles: 25 / 52
2026-06-02 10:29:15 [self-0003-0-attack] Map: 18 x 19 Turn: 666
2026-06-02 10:29:15 [self-0003-0-attack] Route planned: Target = 80 Mode = defense city-free reachable tiles = 267 Fallback-Tiles = 269
2026-06-02 10:29:15 [self-0003-0-attack] Priority agent: reverse -35000, edge reuse -36000 base = 215580 final = 144580
2026-06-02 10:29:15 [self-0003-0-attack] Move #648: 62 -> 80 | Army: 143 | Target-Terrain: 1 | Target: 80 | Half: False
2026-06-02 10:29:16 [self-0003-0-attack] My general index: 25
2026-06-02 10:29:16 [self-0003-0-attack] Enemy general index: None
2026-06-02 10:29:16 [self-0003-0-attack] Visible enemy tiles: 11
2026-06-02 10:29:16 [self-0003-0-attack] Tiles: 25 / 52
2026-06-02 10:29:16 [self-0003-0-attack] Map: 18 x 19 Turn: 667
2026-06-02 10:29:16 [self-0003-0-attack] Route planned: Target = 62 Mode = defense city-free reachable tiles = 267 Fallback-Tiles = 269
2026-06-02 10:29:16 [self-0003-0-attack] Priority agent: edge reuse -36000 base = 209402 final = 173402
2026-06-02 10:29:16 [self-0003-0-attack] Move #649: 61 -> 62 | Army: 2 | Target-Terrain: 1 | Target: 62 | Half: False
2026-06-02 10:29:16 [self-0003-0-attack] My general index: 25
2026-06-02 10:29:16 [self-0003-0-attack] Enemy general index: None
2026-06-02 10:29:16 [self-0003-0-attack] Visible enemy tiles: 11
2026-06-02 10:29:16 [self-0003-0-attack] Tiles: 25 / 52
2026-06-02 10:29:16 [self-0003-0-attack] Map: 18 x 19 Turn: 668
2026-06-02 10:29:16 [self-0003-0-attack] Route planned: Target = 62 Mode = defense city-free reachable tiles = 267 Fallback-Tiles = 269
2026-06-02 10:29:16 [self-0003-0-attack] Priority agent: edge reuse -45000 base = 209402 final = 164402
2026-06-02 10:29:16 [self-0003-0-attack] Move #650: 61 -> 62 | Army: 2 | Target-Terrain: 1 | Target: 62 | Half: False
2026-06-02 10:29:17 [self-0003-0-attack] My general index: 25
2026-06-02 10:29:17 [self-0003-0-attack] Enemy general index: None
2026-06-02 10:29:17 [self-0003-0-attack] Visible enemy tiles: 11
2026-06-02 10:29:17 [self-0003-0-attack] Tiles: 25 / 52
2026-06-02 10:29:17 [self-0003-0-attack] Map: 18 x 19 Turn: 669
2026-06-02 10:29:17 [self-0003-0-attack] Route planned: Target = 62 Mode = defense city-free reachable tiles = 267 Fallback-Tiles = 269
2026-06-02 10:29:17 [self-0003-0-attack] Priority agent: edge reuse -45000 base = 210080 final = 165080
2026-06-02 10:29:17 [self-0003-0-attack] Move #651: 80 -> 62 | Army: 143 | Target-Terrain: 1 | Target: 62 | Half: False
2026-06-02 10:29:17 [self-0003-0-attack] My general index: 25
2026-06-02 10:29:17 [self-0003-0-attack] Enemy general index: None
2026-06-02 10:29:17 [self-0003-0-attack] Visible enemy tiles: 12
2026-06-02 10:29:17 [self-0003-0-attack] Tiles: 24 / 53
2026-06-02 10:29:17 [self-0003-0-attack] Map: 18 x 19 Turn: 670
2026-06-02 10:29:17 [self-0003-0-attack] Route planned: Target = 80 Mode = defense city-free reachable tiles = 267 Fallback-Tiles = 269
2026-06-02 10:29:17 [self-0003-0-attack] Move #652: 99 -> 98 | Army: 6 | Target-Terrain: 0 | Target: 80 | Half: False
2026-06-02 10:29:18 [self-0003-0-attack] My general index: 25
2026-06-02 10:29:18 [self-0003-0-attack] Enemy general index: None
2026-06-02 10:29:18 [self-0003-0-attack] Visible enemy tiles: 11
2026-06-02 10:29:18 [self-0003-0-attack] Tiles: 25 / 52
2026-06-02 10:29:18 [self-0003-0-attack] Map: 18 x 19 Turn: 671
2026-06-02 10:29:18 [self-0003-0-attack] Route planned: Target = 80 Mode = defense city-free reachable tiles = 267 Fallback-Tiles = 269
2026-06-02 10:29:18 [self-0003-0-attack] Priority agent: edge reuse -45000 base = 218480 final = 173480
2026-06-02 10:29:18 [self-0003-0-attack] Move #653: 62 -> 80 | Army: 145 | Target-Terrain: 1 | Target: 80 | Half: False
2026-06-02 10:29:18 [self-0003-0-attack] My general index: 25
2026-06-02 10:29:18 [self-0003-0-attack] Enemy general index: None
2026-06-02 10:29:18 [self-0003-0-attack] Visible enemy tiles: 11
2026-06-02 10:29:18 [self-0003-0-attack] Tiles: 25 / 52
2026-06-02 10:29:18 [self-0003-0-attack] Map: 18 x 19 Turn: 672
2026-06-02 10:29:18 [self-0003-0-attack] Route planned: Target = 62 Mode = defense city-free reachable tiles = 267 Fallback-Tiles = 269
2026-06-02 10:29:18 [self-0003-0-attack] Priority agent: edge reuse -45000 base = 213003 final = 168003
2026-06-02 10:29:18 [self-0003-0-attack] Move #654: 61 -> 62 | Army: 3 | Target-Terrain: 1 | Target: 62 | Half: False
2026-06-02 10:29:19 [self-0003-0-attack] My general index: 25
2026-06-02 10:29:19 [self-0003-0-attack] Enemy general index: None
2026-06-02 10:29:19 [self-0003-0-attack] Visible enemy tiles: 11
2026-06-02 10:29:19 [self-0003-0-attack] Tiles: 25 / 52
2026-06-02 10:29:19 [self-0003-0-attack] Map: 18 x 19 Turn: 673
2026-06-02 10:29:19 [self-0003-0-attack] Route planned: Target = 62 Mode = defense city-free reachable tiles = 267 Fallback-Tiles = 269
2026-06-02 10:29:19 [self-0003-0-attack] Priority agent: edge reuse -54000 base = 212480 final = 158480
2026-06-02 10:29:19 [self-0003-0-attack] Move #655: 80 -> 62 | Army: 145 | Target-Terrain: 1 | Target: 62 | Half: False
2026-06-02 10:29:19 [self-0003-0-attack] My general index: 25
2026-06-02 10:29:19 [self-0003-0-attack] Enemy general index: None
2026-06-02 10:29:19 [self-0003-0-attack] Visible enemy tiles: 11
2026-06-02 10:29:19 [self-0003-0-attack] Tiles: 25 / 52
2026-06-02 10:29:19 [self-0003-0-attack] Map: 18 x 19 Turn: 674
2026-06-02 10:29:19 [self-0003-0-attack] Route planned: Target = 80 Mode = defense city-free reachable tiles = 267 Fallback-Tiles = 269
2026-06-02 10:29:19 [self-0003-0-attack] Move #656: 97 -> 98 | Army: 2 | Target-Terrain: 1 | Target: 80 | Half: False
2026-06-02 10:29:20 [self-0003-0-attack] My general index: 25
2026-06-02 10:29:20 [self-0003-0-attack] Enemy general index: None
2026-06-02 10:29:20 [self-0003-0-attack] Visible enemy tiles: 11
2026-06-02 10:29:20 [self-0003-0-attack] Tiles: 25 / 52
2026-06-02 10:29:20 [self-0003-0-attack] Map: 18 x 19 Turn: 675
2026-06-02 10:29:20 [self-0003-0-attack] Route planned: Target = 80 Mode = defense city-free reachable tiles = 267 Fallback-Tiles = 269
2026-06-02 10:29:20 [self-0003-0-attack] Priority agent: flow +6000 base = 252502 final = 258502
2026-06-02 10:29:20 [self-0003-0-attack] Move #657: 98 -> 80 | Army: 2 | Target-Terrain: 1 | Target: 80 | Half: False
2026-06-02 10:29:20 [self-0003-0-attack] My general index: 25
2026-06-02 10:29:20 [self-0003-0-attack] Enemy general index: None
2026-06-02 10:29:20 [self-0003-0-attack] Visible enemy tiles: 11
2026-06-02 10:29:20 [self-0003-0-attack] Tiles: 25 / 52
2026-06-02 10:29:20 [self-0003-0-attack] Map: 18 x 19 Turn: 676
2026-06-02 10:29:20 [self-0003-0-attack] Route planned: Target = 80 Mode = defense city-free reachable tiles = 267 Fallback-Tiles = 269
2026-06-02 10:29:20 [self-0003-0-attack] Priority agent: edge reuse -54000 base = 218480 final = 164480
2026-06-02 10:29:20 [self-0003-0-attack] Move #658: 62 -> 80 | Army: 147 | Target-Terrain: 1 | Target: 80 | Half: False
2026-06-02 10:29:21 [self-0003-0-attack] My general index: 25
2026-06-02 10:29:21 [self-0003-0-attack] Enemy general index: None
2026-06-02 10:29:21 [self-0003-0-attack] Visible enemy tiles: 11
2026-06-02 10:29:21 [self-0003-0-attack] Tiles: 25 / 52
2026-06-02 10:29:21 [self-0003-0-attack] Map: 18 x 19 Turn: 677
2026-06-02 10:29:21 [self-0003-0-attack] Route planned: Target = 62 Mode = defense city-free reachable tiles = 267 Fallback-Tiles = 269
2026-06-02 10:29:21 [self-0003-0-attack] Priority agent: edge reuse -45000 base = 213003 final = 168003
2026-06-02 10:29:21 [self-0003-0-attack] Move #659: 61 -> 62 | Army: 3 | Target-Terrain: 1 | Target: 62 | Half: False
2026-06-02 10:29:21 [self-0003-0-attack] My general index: 25
2026-06-02 10:29:21 [self-0003-0-attack] Enemy general index: None
2026-06-02 10:29:21 [self-0003-0-attack] Visible enemy tiles: 11
2026-06-02 10:29:21 [self-0003-0-attack] Tiles: 25 / 52
2026-06-02 10:29:21 [self-0003-0-attack] Map: 18 x 19 Turn: 678
2026-06-02 10:29:21 [self-0003-0-attack] Route planned: Target = 62 Mode = defense city-free reachable tiles = 267 Fallback-Tiles = 269
2026-06-02 10:29:21 [self-0003-0-attack] Priority agent: edge reuse -45000 base = 213002 final = 168002
2026-06-02 10:29:21 [self-0003-0-attack] Move #660: 61 -> 62 | Army: 2 | Target-Terrain: 1 | Target: 62 | Half: False
2026-06-02 10:29:22 [self-0003-0-attack] My general index: 25
2026-06-02 10:29:22 [self-0003-0-attack] Enemy general index: None
2026-06-02 10:29:22 [self-0003-0-attack] Visible enemy tiles: 11
2026-06-02 10:29:22 [self-0003-0-attack] Tiles: 25 / 52
2026-06-02 10:29:22 [self-0003-0-attack] Map: 18 x 19 Turn: 679
2026-06-02 10:29:22 [self-0003-0-attack] Route planned: Target = 62 Mode = defense city-free reachable tiles = 267 Fallback-Tiles = 269
2026-06-02 10:29:22 [self-0003-0-attack] Priority agent: edge reuse -54000 base = 212480 final = 158480
2026-06-02 10:29:22 [self-0003-0-attack] Move #661: 80 -> 62 | Army: 148 | Target-Terrain: 1 | Target: 62 | Half: False
2026-06-02 10:29:22 [self-0003-0-attack] My general index: 25
2026-06-02 10:29:22 [self-0003-0-attack] Enemy general index: None
2026-06-02 10:29:22 [self-0003-0-attack] Visible enemy tiles: 11
2026-06-02 10:29:22 [self-0003-0-attack] Tiles: 25 / 52
2026-06-02 10:29:22 [self-0003-0-attack] Map: 18 x 19 Turn: 680
2026-06-02 10:29:22 [self-0003-0-attack] Route planned: Target = 80 Mode = defense city-free reachable tiles = 267 Fallback-Tiles = 269
2026-06-02 10:29:22 [self-0003-0-attack] Priority agent: reverse -35000, edge reuse -54000 base = 221580 final = 132580
2026-06-02 10:29:22 [self-0003-0-attack] Move #662: 62 -> 80 | Army: 151 | Target-Terrain: 1 | Target: 80 | Half: False
2026-06-02 10:29:23 [self-0003-0-attack] My general index: 25
2026-06-02 10:29:23 [self-0003-0-attack] Enemy general index: None
2026-06-02 10:29:23 [self-0003-0-attack] Visible enemy tiles: 11
2026-06-02 10:29:23 [self-0003-0-attack] Tiles: 25 / 52
2026-06-02 10:29:23 [self-0003-0-attack] Map: 18 x 19 Turn: 681
2026-06-02 10:29:23 [self-0003-0-attack] Route planned: Target = 62 Mode = defense city-free reachable tiles = 267 Fallback-Tiles = 269
2026-06-02 10:29:23 [self-0003-0-attack] Priority agent: edge reuse -45000 base = 213002 final = 168002
2026-06-02 10:29:23 [self-0003-0-attack] Move #663: 61 -> 62 | Army: 2 | Target-Terrain: 1 | Target: 62 | Half: False
2026-06-02 10:29:23 [self-0003-0-attack] My general index: 25
2026-06-02 10:29:23 [self-0003-0-attack] Enemy general index: None
2026-06-02 10:29:23 [self-0003-0-attack] Visible enemy tiles: 11
2026-06-02 10:29:23 [self-0003-0-attack] Tiles: 25 / 52
2026-06-02 10:29:23 [self-0003-0-attack] Map: 18 x 19 Turn: 682
2026-06-02 10:29:23 [self-0003-0-attack] Route planned: Target = 62 Mode = defense city-free reachable tiles = 267 Fallback-Tiles = 269
2026-06-02 10:29:23 [self-0003-0-attack] Priority agent: edge reuse -45000 base = 213002 final = 168002
2026-06-02 10:29:23 [self-0003-0-attack] Move #664: 61 -> 62 | Army: 2 | Target-Terrain: 1 | Target: 62 | Half: False
2026-06-02 10:29:24 [self-0003-0-attack] My general index: 25
2026-06-02 10:29:24 [self-0003-0-attack] Enemy general index: None
2026-06-02 10:29:24 [self-0003-0-attack] Visible enemy tiles: 11
2026-06-02 10:29:24 [self-0003-0-attack] Tiles: 25 / 52
2026-06-02 10:29:24 [self-0003-0-attack] Map: 18 x 19 Turn: 683
2026-06-02 10:29:24 [self-0003-0-attack] Route planned: Target = 62 Mode = defense city-free reachable tiles = 267 Fallback-Tiles = 269
2026-06-02 10:29:24 [self-0003-0-attack] Priority agent: edge reuse -54000 base = 212480 final = 158480
2026-06-02 10:29:24 [self-0003-0-attack] Move #665: 80 -> 62 | Army: 151 | Target-Terrain: 1 | Target: 62 | Half: False
2026-06-02 10:29:24 [self-0003-0-attack] My general index: 25
2026-06-02 10:29:24 [self-0003-0-attack] Enemy general index: None
2026-06-02 10:29:24 [self-0003-0-attack] Visible enemy tiles: 11
2026-06-02 10:29:24 [self-0003-0-attack] Tiles: 25 / 52
2026-06-02 10:29:24 [self-0003-0-attack] Map: 18 x 19 Turn: 684
2026-06-02 10:29:24 [self-0003-0-attack] Route planned: Target = 80 Mode = defense city-free reachable tiles = 267 Fallback-Tiles = 269
2026-06-02 10:29:24 [self-0003-0-attack] Priority agent: reverse -35000, edge reuse -54000 base = 223980 final = 134980
2026-06-02 10:29:24 [self-0003-0-attack] Move #666: 62 -> 80 | Army: 153 | Target-Terrain: 1 | Target: 80 | Half: False
2026-06-02 10:29:25 [self-0003-0-attack] My general index: 25
2026-06-02 10:29:25 [self-0003-0-attack] Enemy general index: None
2026-06-02 10:29:25 [self-0003-0-attack] Visible enemy tiles: 12
2026-06-02 10:29:25 [self-0003-0-attack] Tiles: 24 / 53
2026-06-02 10:29:25 [self-0003-0-attack] Map: 18 x 19 Turn: 685
2026-06-02 10:29:25 [self-0003-0-attack] Route planned: Target = 62 Mode = defense city-free reachable tiles = 267 Fallback-Tiles = 269
2026-06-02 10:29:25 [self-0003-0-attack] Move #667: 99 -> 98 | Army: 8 | Target-Terrain: 0 | Target: 62 | Half: False
2026-06-02 10:29:25 [self-0003-0-attack] My general index: 25
2026-06-02 10:29:25 [self-0003-0-attack] Enemy general index: None
2026-06-02 10:29:25 [self-0003-0-attack] Visible enemy tiles: 11
2026-06-02 10:29:25 [self-0003-0-attack] Tiles: 25 / 52
2026-06-02 10:29:25 [self-0003-0-attack] Map: 18 x 19 Turn: 686
2026-06-02 10:29:25 [self-0003-0-attack] Route planned: Target = 62 Mode = defense city-free reachable tiles = 267 Fallback-Tiles = 269
2026-06-02 10:29:25 [self-0003-0-attack] Priority agent: edge reuse -45000 base = 214203 final = 169203
2026-06-02 10:29:25 [self-0003-0-attack] Move #668: 61 -> 62 | Army: 3 | Target-Terrain: 1 | Target: 62 | Half: False
2026-06-02 10:29:26 [self-0003-0-attack] My general index: 25
2026-06-02 10:29:26 [self-0003-0-attack] Enemy general index: None
2026-06-02 10:29:26 [self-0003-0-attack] Visible enemy tiles: 11
2026-06-02 10:29:26 [self-0003-0-attack] Tiles: 25 / 52
2026-06-02 10:29:26 [self-0003-0-attack] Map: 18 x 19 Turn: 687
2026-06-02 10:29:26 [self-0003-0-attack] Route planned: Target = 62 Mode = defense city-free reachable tiles = 267 Fallback-Tiles = 269
2026-06-02 10:29:26 [self-0003-0-attack] Priority agent: edge reuse -54000 base = 213680 final = 159680
2026-06-02 10:29:26 [self-0003-0-attack] Move #669: 80 -> 62 | Army: 153 | Target-Terrain: 1 | Target: 62 | Half: False
2026-06-02 10:29:26 [self-0003-0-attack] My general index: 25
2026-06-02 10:29:26 [self-0003-0-attack] Enemy general index: None
2026-06-02 10:29:26 [self-0003-0-attack] Visible enemy tiles: 11
2026-06-02 10:29:26 [self-0003-0-attack] Tiles: 25 / 52
2026-06-02 10:29:26 [self-0003-0-attack] Map: 18 x 19 Turn: 688
2026-06-02 10:29:26 [self-0003-0-attack] Route planned: Target = 80 Mode = defense city-free reachable tiles = 267 Fallback-Tiles = 269
2026-06-02 10:29:26 [self-0003-0-attack] Priority agent: edge reuse -9000 base = 254906 final = 245906
2026-06-02 10:29:26 [self-0003-0-attack] Move #670: 98 -> 80 | Army: 6 | Target-Terrain: 1 | Target: 80 | Half: False
2026-06-02 10:29:27 [self-0003-0-attack] My general index: 25
2026-06-02 10:29:27 [self-0003-0-attack] Enemy general index: None
2026-06-02 10:29:27 [self-0003-0-attack] Visible enemy tiles: 11
2026-06-02 10:29:27 [self-0003-0-attack] Tiles: 25 / 52
2026-06-02 10:29:27 [self-0003-0-attack] Map: 18 x 19 Turn: 689
2026-06-02 10:29:27 [self-0003-0-attack] Route planned: Target = 80 Mode = defense city-free reachable tiles = 267 Fallback-Tiles = 269
2026-06-02 10:29:27 [self-0003-0-attack] Priority agent: edge reuse -54000 base = 220880 final = 166880
2026-06-02 10:29:27 [self-0003-0-attack] Move #671: 62 -> 80 | Army: 155 | Target-Terrain: 1 | Target: 80 | Half: False
2026-06-02 10:29:27 [self-0003-0-attack] My general index: 25
2026-06-02 10:29:27 [self-0003-0-attack] Enemy general index: None
2026-06-02 10:29:27 [self-0003-0-attack] Visible enemy tiles: 11
2026-06-02 10:29:27 [self-0003-0-attack] Tiles: 25 / 52
2026-06-02 10:29:27 [self-0003-0-attack] Map: 18 x 19 Turn: 690
2026-06-02 10:29:27 [self-0003-0-attack] Route planned: Target = 62 Mode = defense city-free reachable tiles = 267 Fallback-Tiles = 269
2026-06-02 10:29:27 [self-0003-0-attack] Priority agent: edge reuse -45000 base = 214203 final = 169203
2026-06-02 10:29:27 [self-0003-0-attack] Move #672: 61 -> 62 | Army: 3 | Target-Terrain: 1 | Target: 62 | Half: False
2026-06-02 10:29:28 [self-0003-0-attack] My general index: 25
2026-06-02 10:29:28 [self-0003-0-attack] Enemy general index: None
2026-06-02 10:29:28 [self-0003-0-attack] Visible enemy tiles: 11
2026-06-02 10:29:28 [self-0003-0-attack] Tiles: 25 / 52
2026-06-02 10:29:28 [self-0003-0-attack] Map: 18 x 19 Turn: 691
2026-06-02 10:29:28 [self-0003-0-attack] Route planned: Target = 62 Mode = defense city-free reachable tiles = 267 Fallback-Tiles = 269
2026-06-02 10:29:28 [self-0003-0-attack] Priority agent: edge reuse -54000 base = 213680 final = 159680
2026-06-02 10:29:28 [self-0003-0-attack] Move #673: 80 -> 62 | Army: 160 | Target-Terrain: 1 | Target: 62 | Half: False
2026-06-02 10:29:28 [self-0003-0-attack] My general index: 25
2026-06-02 10:29:28 [self-0003-0-attack] Enemy general index: None
2026-06-02 10:29:28 [self-0003-0-attack] Visible enemy tiles: 11
2026-06-02 10:29:28 [self-0003-0-attack] Tiles: 25 / 52
2026-06-02 10:29:28 [self-0003-0-attack] Map: 18 x 19 Turn: 692
2026-06-02 10:29:28 [self-0003-0-attack] Route planned: Target = 80 Mode = defense city-free reachable tiles = 267 Fallback-Tiles = 269
2026-06-02 10:29:28 [self-0003-0-attack] Move #674: 60 -> 61 | Army: 77 | Target-Terrain: 1 | Target: 80 | Half: False
2026-06-02 10:29:29 [self-0003-0-attack] My general index: 25
2026-06-02 10:29:29 [self-0003-0-attack] Enemy general index: None
2026-06-02 10:29:29 [self-0003-0-attack] Visible enemy tiles: 11
2026-06-02 10:29:29 [self-0003-0-attack] Tiles: 25 / 52
2026-06-02 10:29:29 [self-0003-0-attack] Map: 18 x 19 Turn: 693
2026-06-02 10:29:29 [self-0003-0-attack] Route planned: Target = 80 Mode = defense city-free reachable tiles = 267 Fallback-Tiles = 269
2026-06-02 10:29:29 [self-0003-0-attack] Priority agent: edge reuse -63000 base = 220880 final = 157880
2026-06-02 10:29:29 [self-0003-0-attack] Move #675: 62 -> 80 | Army: 162 | Target-Terrain: 1 | Target: 80 | Half: False
2026-06-02 10:29:29 [self-0003-0-attack] My general index: 25
2026-06-02 10:29:29 [self-0003-0-attack] Enemy general index: None
2026-06-02 10:29:29 [self-0003-0-attack] Visible enemy tiles: 11
2026-06-02 10:29:29 [self-0003-0-attack] Tiles: 25 / 52
2026-06-02 10:29:29 [self-0003-0-attack] Map: 18 x 19 Turn: 694
2026-06-02 10:29:29 [self-0003-0-attack] Route planned: Target = 62 Mode = defense city-free reachable tiles = 267 Fallback-Tiles = 269
2026-06-02 10:29:29 [self-0003-0-attack] Priority agent: edge reuse -36000 base = 217629 final = 181629
2026-06-02 10:29:29 [self-0003-0-attack] Move #676: 61 -> 62 | Army: 79 | Target-Terrain: 1 | Target: 62 | Half: False
2026-06-02 10:29:30 [self-0003-0-attack] My general index: 25
2026-06-02 10:29:30 [self-0003-0-attack] Enemy general index: None
2026-06-02 10:29:30 [self-0003-0-attack] Visible enemy tiles: 11
2026-06-02 10:29:30 [self-0003-0-attack] Tiles: 25 / 52
2026-06-02 10:29:30 [self-0003-0-attack] Map: 18 x 19 Turn: 695
2026-06-02 10:29:30 [self-0003-0-attack] Route planned: Target = 98 Mode = defense city-free reachable tiles = 267 Fallback-Tiles = 269
2026-06-02 10:29:30 [self-0003-0-attack] Priority agent: edge reuse -9000 base = 232806 final = 223806
2026-06-02 10:29:30 [self-0003-0-attack] Move #677: 99 -> 98 | Army: 6 | Target-Terrain: 1 | Target: 98 | Half: False
2026-06-02 10:29:30 [self-0003-0-attack] My general index: 25
2026-06-02 10:29:30 [self-0003-0-attack] Enemy general index: None
2026-06-02 10:29:30 [self-0003-0-attack] Visible enemy tiles: 11
2026-06-02 10:29:30 [self-0003-0-attack] Tiles: 25 / 52
2026-06-02 10:29:30 [self-0003-0-attack] Map: 18 x 19 Turn: 696
2026-06-02 10:29:30 [self-0003-0-attack] Route planned: Target = 98 Mode = defense city-free reachable tiles = 267 Fallback-Tiles = 269
2026-06-02 10:29:30 [self-0003-0-attack] Priority agent: edge reuse -9000 base = 220280 final = 211280
2026-06-02 10:29:30 [self-0003-0-attack] Move #678: 80 -> 98 | Army: 162 | Target-Terrain: 1 | Target: 98 | Half: False
2026-06-02 10:29:31 [self-0003-0-attack] Coach: catch_up_expand tiles 25/52 army 601/725 cities 2/0 enemy_city_suspect False bias {'expansion_bias': 1.4, 'city_bias': 0.1, 'attack_bias': 0.8, 'defense_bias': 0.0, 'route_bias': 1.0}
2026-06-02 10:29:31 [self-0003-0-attack] My general index: 25
2026-06-02 10:29:31 [self-0003-0-attack] Enemy general index: None
2026-06-02 10:29:31 [self-0003-0-attack] Visible enemy tiles: 11
2026-06-02 10:29:31 [self-0003-0-attack] Tiles: 25 / 52
2026-06-02 10:29:31 [self-0003-0-attack] Map: 18 x 19 Turn: 697
2026-06-02 10:29:31 [self-0003-0-attack] Route planned: Target = 80 Mode = defense city-free reachable tiles = 267 Fallback-Tiles = 269
2026-06-02 10:29:31 [self-0003-0-attack] Priority agent: reverse -35000, edge reuse -18000 base = 223980 final = 170980
2026-06-02 10:29:31 [self-0003-0-attack] Move #679: 98 -> 80 | Army: 167 | Target-Terrain: 1 | Target: 80 | Half: False
2026-06-02 10:29:31 [self-0003-0-attack] My general index: 25
2026-06-02 10:29:31 [self-0003-0-attack] Enemy general index: None
2026-06-02 10:29:31 [self-0003-0-attack] Visible enemy tiles: 11
2026-06-02 10:29:31 [self-0003-0-attack] Tiles: 25 / 52
2026-06-02 10:29:31 [self-0003-0-attack] Map: 18 x 19 Turn: 698
2026-06-02 10:29:31 [self-0003-0-attack] Route planned: Target = 98 Mode = defense city-free reachable tiles = 267 Fallback-Tiles = 269
2026-06-02 10:29:31 [self-0003-0-attack] Priority agent: edge reuse -18000 base = 205803 final = 187803
2026-06-02 10:29:31 [self-0003-0-attack] Move #680: 99 -> 98 | Army: 3 | Target-Terrain: 1 | Target: 98 | Half: False
2026-06-02 10:29:32 [self-0003-0-attack] My general index: 25
2026-06-02 10:29:32 [self-0003-0-attack] Enemy general index: None
2026-06-02 10:29:32 [self-0003-0-attack] Visible enemy tiles: 11
2026-06-02 10:29:32 [self-0003-0-attack] Tiles: 25 / 52
2026-06-02 10:29:32 [self-0003-0-attack] Map: 18 x 19 Turn: 699
2026-06-02 10:29:32 [self-0003-0-attack] Route planned: Target = 98 Mode = defense city-free reachable tiles = 267 Fallback-Tiles = 269
2026-06-02 10:29:32 [self-0003-0-attack] Priority agent: edge reuse -27000 base = 205280 final = 178280
2026-06-02 10:29:32 [self-0003-0-attack] Move #681: 80 -> 98 | Army: 167 | Target-Terrain: 1 | Target: 98 | Half: False
2026-06-02 10:29:32 [self-0003-0-attack] My general index: 25
2026-06-02 10:29:32 [self-0003-0-attack] Enemy general index: None
2026-06-02 10:29:32 [self-0003-0-attack] Visible enemy tiles: 11
2026-06-02 10:29:32 [self-0003-0-attack] Tiles: 25 / 52
2026-06-02 10:29:32 [self-0003-0-attack] Map: 18 x 19 Turn: 700
2026-06-02 10:29:32 [self-0003-0-attack] Route planned: Target = 80 Mode = defense city-free reachable tiles = 267 Fallback-Tiles = 269
2026-06-02 10:29:32 [self-0003-0-attack] Move #682: 79 -> 80 | Army: 2 | Target-Terrain: 1 | Target: 80 | Half: False
2026-06-02 10:29:33 [self-0003-0-attack] My general index: 25
2026-06-02 10:29:33 [self-0003-0-attack] Enemy general index: None
2026-06-02 10:29:33 [self-0003-0-attack] Visible enemy tiles: 12
2026-06-02 10:29:33 [self-0003-0-attack] Tiles: 24 / 53
2026-06-02 10:29:33 [self-0003-0-attack] Map: 18 x 19 Turn: 701
2026-06-02 10:29:33 [self-0003-0-attack] Route planned: Target = 80 Mode = defense city-free reachable tiles = 267 Fallback-Tiles = 269
2026-06-02 10:29:33 [self-0003-0-attack] Move #683: 81 -> 80 | Army: 2 | Target-Terrain: 1 | Target: 80 | Half: False
2026-06-02 10:29:33 [self-0003-0-attack] My general index: 25
2026-06-02 10:29:33 [self-0003-0-attack] Enemy general index: None
2026-06-02 10:29:33 [self-0003-0-attack] Visible enemy tiles: 12
2026-06-02 10:29:33 [self-0003-0-attack] Tiles: 24 / 53
2026-06-02 10:29:33 [self-0003-0-attack] Map: 18 x 19 Turn: 702
2026-06-02 10:29:33 [self-0003-0-attack] Route planned: Target = 80 Mode = defense city-free reachable tiles = 267 Fallback-Tiles = 269
2026-06-02 10:29:33 [self-0003-0-attack] Priority agent: edge reuse -27000 base = 240880 final = 213880
2026-06-02 10:29:33 [self-0003-0-attack] Move #684: 62 -> 80 | Army: 80 | Target-Terrain: 1 | Target: 80 | Half: False
2026-06-02 10:29:34 [self-0003-0-attack] My general index: 25
2026-06-02 10:29:34 [self-0003-0-attack] Enemy general index: None
2026-06-02 10:29:34 [self-0003-0-attack] Visible enemy tiles: 12
2026-06-02 10:29:34 [self-0003-0-attack] Tiles: 24 / 53
2026-06-02 10:29:34 [self-0003-0-attack] Map: 18 x 19 Turn: 703
2026-06-02 10:29:34 [self-0003-0-attack] Route planned: Target = 62 Mode = defense city-free reachable tiles = 267 Fallback-Tiles = 269
2026-06-02 10:29:34 [self-0003-0-attack] Move #685: 63 -> 62 | Army: 2 | Target-Terrain: 1 | Target: 62 | Half: False
2026-06-02 10:29:34 [self-0003-0-attack] My general index: 25
2026-06-02 10:29:34 [self-0003-0-attack] Enemy general index: None
2026-06-02 10:29:34 [self-0003-0-attack] Visible enemy tiles: 12
2026-06-02 10:29:34 [self-0003-0-attack] Tiles: 24 / 53
2026-06-02 10:29:34 [self-0003-0-attack] Map: 18 x 19 Turn: 704
2026-06-02 10:29:34 [self-0003-0-attack] Route planned: Target = 62 Mode = defense city-free reachable tiles = 267 Fallback-Tiles = 269
2026-06-02 10:29:34 [self-0003-0-attack] Priority agent: edge reuse -18000 base = 214207 final = 196207
2026-06-02 10:29:34 [self-0003-0-attack] Move #686: 61 -> 62 | Army: 7 | Target-Terrain: 1 | Target: 62 | Half: False
2026-06-02 10:29:35 [self-0003-0-attack] My general index: 25
2026-06-02 10:29:35 [self-0003-0-attack] Enemy general index: None
2026-06-02 10:29:35 [self-0003-0-attack] Visible enemy tiles: 12
2026-06-02 10:29:35 [self-0003-0-attack] Tiles: 24 / 53
2026-06-02 10:29:35 [self-0003-0-attack] Map: 18 x 19 Turn: 705
2026-06-02 10:29:35 [self-0003-0-attack] Route planned: Target = 62 Mode = defense city-free reachable tiles = 267 Fallback-Tiles = 269
2026-06-02 10:29:35 [self-0003-0-attack] Priority agent: edge reuse -27000 base = 213680 final = 186680
2026-06-02 10:29:35 [self-0003-0-attack] Move #687: 80 -> 62 | Army: 83 | Target-Terrain: 1 | Target: 62 | Half: False
2026-06-02 10:29:35 [self-0003-0-attack] My general index: 25
2026-06-02 10:29:35 [self-0003-0-attack] Enemy general index: None
2026-06-02 10:29:35 [self-0003-0-attack] Visible enemy tiles: 12
2026-06-02 10:29:35 [self-0003-0-attack] Tiles: 24 / 53
2026-06-02 10:29:35 [self-0003-0-attack] Map: 18 x 19 Turn: 706
2026-06-02 10:29:35 [self-0003-0-attack] Route planned: Target = 80 Mode = defense city-free reachable tiles = 267 Fallback-Tiles = 269
2026-06-02 10:29:35 [self-0003-0-attack] Priority agent: edge reuse -27000 base = 220880 final = 193880
2026-06-02 10:29:35 [self-0003-0-attack] Move #688: 98 -> 80 | Army: 170 | Target-Terrain: 1 | Target: 80 | Half: False
2026-06-02 10:29:36 [self-0003-0-attack] My general index: 25
2026-06-02 10:29:36 [self-0003-0-attack] Enemy general index: None
2026-06-02 10:29:36 [self-0003-0-attack] Visible enemy tiles: 12
2026-06-02 10:29:36 [self-0003-0-attack] Tiles: 24 / 53
2026-06-02 10:29:36 [self-0003-0-attack] Map: 18 x 19 Turn: 707
2026-06-02 10:29:36 [self-0003-0-attack] Route planned: Target = 98 Mode = defense city-free reachable tiles = 267 Fallback-Tiles = 269
2026-06-02 10:29:36 [self-0003-0-attack] Priority agent: edge reuse -18000 base = 205806 final = 187806
2026-06-02 10:29:36 [self-0003-0-attack] Move #689: 99 -> 98 | Army: 6 | Target-Terrain: 1 | Target: 98 | Half: False
2026-06-02 10:29:36 [self-0003-0-attack] My general index: 25
2026-06-02 10:29:36 [self-0003-0-attack] Enemy general index: None
2026-06-02 10:29:36 [self-0003-0-attack] Visible enemy tiles: 12
2026-06-02 10:29:36 [self-0003-0-attack] Tiles: 24 / 53
2026-06-02 10:29:36 [self-0003-0-attack] Map: 18 x 19 Turn: 708
2026-06-02 10:29:36 [self-0003-0-attack] Route planned: Target = 98 Mode = defense city-free reachable tiles = 267 Fallback-Tiles = 269
2026-06-02 10:29:36 [self-0003-0-attack] Priority agent: edge reuse -27000 base = 205802 final = 178802
2026-06-02 10:29:36 [self-0003-0-attack] Move #690: 99 -> 98 | Army: 2 | Target-Terrain: 1 | Target: 98 | Half: False
2026-06-02 10:29:37 [self-0003-0-attack] My general index: 25
2026-06-02 10:29:37 [self-0003-0-attack] Enemy general index: None
2026-06-02 10:29:37 [self-0003-0-attack] Visible enemy tiles: 12
2026-06-02 10:29:37 [self-0003-0-attack] Tiles: 24 / 53
2026-06-02 10:29:37 [self-0003-0-attack] Map: 18 x 19 Turn: 709
2026-06-02 10:29:37 [self-0003-0-attack] Route planned: Target = 98 Mode = defense city-free reachable tiles = 267 Fallback-Tiles = 269
2026-06-02 10:29:37 [self-0003-0-attack] Priority agent: edge reuse -36000 base = 205280 final = 169280
2026-06-02 10:29:37 [self-0003-0-attack] Move #691: 80 -> 98 | Army: 170 | Target-Terrain: 1 | Target: 98 | Half: False
2026-06-02 10:29:37 [self-0003-0-attack] My general index: 25
2026-06-02 10:29:37 [self-0003-0-attack] Enemy general index: None
2026-06-02 10:29:37 [self-0003-0-attack] Visible enemy tiles: 12
2026-06-02 10:29:37 [self-0003-0-attack] Tiles: 24 / 53
2026-06-02 10:29:37 [self-0003-0-attack] Map: 18 x 19 Turn: 710
2026-06-02 10:29:37 [self-0003-0-attack] Route planned: Target = 80 Mode = defense city-free reachable tiles = 267 Fallback-Tiles = 269
2026-06-02 10:29:37 [self-0003-0-attack] Priority agent: edge reuse -18000 base = 220880 final = 202880
2026-06-02 10:29:37 [self-0003-0-attack] Move #692: 62 -> 80 | Army: 90 | Target-Terrain: 1 | Target: 80 | Half: False
2026-06-02 10:29:38 [self-0003-0-attack] My general index: 25
2026-06-02 10:29:38 [self-0003-0-attack] Enemy general index: None
2026-06-02 10:29:38 [self-0003-0-attack] Visible enemy tiles: 13
2026-06-02 10:29:38 [self-0003-0-attack] Tiles: 23 / 54
2026-06-02 10:29:38 [self-0003-0-attack] Map: 18 x 19 Turn: 711
2026-06-02 10:29:38 [self-0003-0-attack] Route planned: Target = 62 Mode = defense city-free reachable tiles = 267 Fallback-Tiles = 269
2026-06-02 10:29:38 [self-0003-0-attack] Priority agent: edge reuse -9000 base = 229204 final = 220204
2026-06-02 10:29:38 [self-0003-0-attack] Move #693: 61 -> 62 | Army: 4 | Target-Terrain: 1 | Target: 62 | Half: False
2026-06-02 10:29:38 [self-0003-0-attack] My general index: 25
2026-06-02 10:29:38 [self-0003-0-attack] Enemy general index: None
2026-06-02 10:29:38 [self-0003-0-attack] Visible enemy tiles: 13
2026-06-02 10:29:38 [self-0003-0-attack] Tiles: 23 / 54
2026-06-02 10:29:38 [self-0003-0-attack] Map: 18 x 19 Turn: 712
2026-06-02 10:29:38 [self-0003-0-attack] Route planned: Target = 62 Mode = defense city-free reachable tiles = 267 Fallback-Tiles = 269
2026-06-02 10:29:38 [self-0003-0-attack] Priority agent: edge reuse -18000 base = 214202 final = 196202
2026-06-02 10:29:38 [self-0003-0-attack] Move #694: 61 -> 62 | Army: 2 | Target-Terrain: 1 | Target: 62 | Half: False
2026-06-02 10:29:39 [self-0003-0-attack] My general index: 25
2026-06-02 10:29:39 [self-0003-0-attack] Enemy general index: None
2026-06-02 10:29:39 [self-0003-0-attack] Visible enemy tiles: 13
2026-06-02 10:29:39 [self-0003-0-attack] Tiles: 23 / 54
2026-06-02 10:29:39 [self-0003-0-attack] Map: 18 x 19 Turn: 713
2026-06-02 10:29:39 [self-0003-0-attack] Route planned: Target = 62 Mode = defense city-free reachable tiles = 267 Fallback-Tiles = 269
2026-06-02 10:29:39 [self-0003-0-attack] Priority agent: edge reuse -27000 base = 213680 final = 186680
2026-06-02 10:29:39 [self-0003-0-attack] Move #695: 80 -> 62 | Army: 90 | Target-Terrain: 1 | Target: 62 | Half: False
2026-06-02 10:29:39 [self-0003-0-attack] My general index: 25
2026-06-02 10:29:39 [self-0003-0-attack] Enemy general index: None
2026-06-02 10:29:39 [self-0003-0-attack] Visible enemy tiles: 13
2026-06-02 10:29:39 [self-0003-0-attack] Tiles: 23 / 54
2026-06-02 10:29:39 [self-0003-0-attack] Map: 18 x 19 Turn: 714
2026-06-02 10:29:39 [self-0003-0-attack] Route planned: Target = 80 Mode = defense city-free reachable tiles = 267 Fallback-Tiles = 269
2026-06-02 10:29:39 [self-0003-0-attack] Priority agent: edge reuse -18000 base = 220880 final = 202880
2026-06-02 10:29:39 [self-0003-0-attack] Move #696: 98 -> 80 | Army: 174 | Target-Terrain: 1 | Target: 80 | Half: False
2026-06-02 10:29:40 [self-0003-0-attack] My general index: 25
2026-06-02 10:29:40 [self-0003-0-attack] Enemy general index: None
2026-06-02 10:29:40 [self-0003-0-attack] Visible enemy tiles: 13
2026-06-02 10:29:40 [self-0003-0-attack] Tiles: 23 / 54
2026-06-02 10:29:40 [self-0003-0-attack] Map: 18 x 19 Turn: 715
2026-06-02 10:29:40 [self-0003-0-attack] Route planned: Target = 98 Mode = defense city-free reachable tiles = 267 Fallback-Tiles = 269
2026-06-02 10:29:40 [self-0003-0-attack] Priority agent: edge reuse -18000 base = 205804 final = 187804
2026-06-02 10:29:40 [self-0003-0-attack] Move #697: 99 -> 98 | Army: 4 | Target-Terrain: 1 | Target: 98 | Half: False
2026-06-02 10:29:40 [self-0003-0-attack] My general index: 25
2026-06-02 10:29:40 [self-0003-0-attack] Enemy general index: None
2026-06-02 10:29:40 [self-0003-0-attack] Visible enemy tiles: 13
2026-06-02 10:29:40 [self-0003-0-attack] Tiles: 23 / 54
2026-06-02 10:29:40 [self-0003-0-attack] Map: 18 x 19 Turn: 716
2026-06-02 10:29:40 [self-0003-0-attack] Route planned: Target = 98 Mode = defense city-free reachable tiles = 267 Fallback-Tiles = 269
2026-06-02 10:29:40 [self-0003-0-attack] Priority agent: edge reuse -27000 base = 205802 final = 178802
2026-06-02 10:29:40 [self-0003-0-attack] Move #698: 99 -> 98 | Army: 2 | Target-Terrain: 1 | Target: 98 | Half: False
2026-06-02 10:29:41 [self-0003-0-attack] My general index: 25
2026-06-02 10:29:41 [self-0003-0-attack] Enemy general index: None
2026-06-02 10:29:41 [self-0003-0-attack] Visible enemy tiles: 13
2026-06-02 10:29:41 [self-0003-0-attack] Tiles: 23 / 54
2026-06-02 10:29:41 [self-0003-0-attack] Map: 18 x 19 Turn: 717
2026-06-02 10:29:41 [self-0003-0-attack] Route planned: Target = 98 Mode = defense city-free reachable tiles = 267 Fallback-Tiles = 269
2026-06-02 10:29:41 [self-0003-0-attack] Priority agent: edge reuse -27000 base = 208880 final = 181880
2026-06-02 10:29:41 [self-0003-0-attack] Move #699: 80 -> 98 | Army: 174 | Target-Terrain: 1 | Target: 98 | Half: False
2026-06-02 10:29:41 [self-0003-0-attack] My general index: 25
2026-06-02 10:29:41 [self-0003-0-attack] Enemy general index: None
2026-06-02 10:29:41 [self-0003-0-attack] Visible enemy tiles: 10
2026-06-02 10:29:41 [self-0003-0-attack] Tiles: 22 / 55
2026-06-02 10:29:41 [self-0003-0-attack] Map: 18 x 19 Turn: 718
2026-06-02 10:29:41 [self-0003-0-attack] Route planned: Target = 80 Mode = defense city-free reachable tiles = 267 Fallback-Tiles = 269
2026-06-02 10:29:41 [self-0003-0-attack] Priority agent: edge reuse -27000 base = 223280 final = 196280
2026-06-02 10:29:41 [self-0003-0-attack] Move #700: 62 -> 80 | Army: 94 | Target-Terrain: 1 | Target: 80 | Half: False
2026-06-02 10:29:42 [self-0003-0-attack] My general index: 25
2026-06-02 10:29:42 [self-0003-0-attack] Enemy general index: None
2026-06-02 10:29:42 [self-0003-0-attack] Visible enemy tiles: 10
2026-06-02 10:29:42 [self-0003-0-attack] Tiles: 22 / 55
2026-06-02 10:29:42 [self-0003-0-attack] Map: 18 x 19 Turn: 719
2026-06-02 10:29:42 [self-0003-0-attack] Route planned: Target = 62 Mode = defense city-free reachable tiles = 267 Fallback-Tiles = 269
2026-06-02 10:29:42 [self-0003-0-attack] Priority agent: edge reuse -18000 base = 215404 final = 197404
2026-06-02 10:29:42 [self-0003-0-attack] Move #701: 61 -> 62 | Army: 4 | Target-Terrain: 1 | Target: 62 | Half: False
2026-06-02 10:29:42 [self-0003-0-attack] My general index: 25
2026-06-02 10:29:42 [self-0003-0-attack] Enemy general index: None
2026-06-02 10:29:42 [self-0003-0-attack] Visible enemy tiles: 10
2026-06-02 10:29:42 [self-0003-0-attack] Tiles: 22 / 55
2026-06-02 10:29:42 [self-0003-0-attack] Map: 18 x 19 Turn: 720
2026-06-02 10:29:42 [self-0003-0-attack] Route planned: Target = 62 Mode = defense city-free reachable tiles = 267 Fallback-Tiles = 269
2026-06-02 10:29:42 [self-0003-0-attack] Priority agent: edge reuse -27000 base = 215402 final = 188402
2026-06-02 10:29:42 [self-0003-0-attack] Move #702: 61 -> 62 | Army: 2 | Target-Terrain: 1 | Target: 62 | Half: False
2026-06-02 10:29:43 [self-0003-0-attack] My general index: 25
2026-06-02 10:29:43 [self-0003-0-attack] Enemy general index: None
2026-06-02 10:29:43 [self-0003-0-attack] Visible enemy tiles: 10
2026-06-02 10:29:43 [self-0003-0-attack] Tiles: 22 / 55
2026-06-02 10:29:43 [self-0003-0-attack] Map: 18 x 19 Turn: 721
2026-06-02 10:29:43 [self-0003-0-attack] Route planned: Target = 62 Mode = defense city-free reachable tiles = 267 Fallback-Tiles = 269
2026-06-02 10:29:43 [self-0003-0-attack] Priority agent: edge reuse -27000 base = 214880 final = 187880
2026-06-02 10:29:43 [self-0003-0-attack] Move #703: 80 -> 62 | Army: 94 | Target-Terrain: 1 | Target: 62 | Half: False
2026-06-02 10:29:43 [self-0003-0-attack] My general index: 25
2026-06-02 10:29:43 [self-0003-0-attack] Enemy general index: None
2026-06-02 10:29:43 [self-0003-0-attack] Visible enemy tiles: 10
2026-06-02 10:29:43 [self-0003-0-attack] Tiles: 22 / 55
2026-06-02 10:29:43 [self-0003-0-attack] Map: 18 x 19 Turn: 722
2026-06-02 10:29:43 [self-0003-0-attack] Route planned: Target = 80 Mode = defense city-free reachable tiles = 267 Fallback-Tiles = 269
2026-06-02 10:29:43 [self-0003-0-attack] Priority agent: edge reuse -27000 base = 223280 final = 196280
2026-06-02 10:29:43 [self-0003-0-attack] Move #704: 98 -> 80 | Army: 178 | Target-Terrain: 1 | Target: 80 | Half: False
2026-06-02 10:29:44 [self-0003-0-attack] My general index: 25
2026-06-02 10:29:44 [self-0003-0-attack] Enemy general index: None
2026-06-02 10:29:44 [self-0003-0-attack] Visible enemy tiles: 10
2026-06-02 10:29:44 [self-0003-0-attack] Tiles: 22 / 55
2026-06-02 10:29:44 [self-0003-0-attack] Map: 18 x 19 Turn: 723
2026-06-02 10:29:44 [self-0003-0-attack] Route planned: Target = 98 Mode = defense city-free reachable tiles = 267 Fallback-Tiles = 269
2026-06-02 10:29:44 [self-0003-0-attack] Priority agent: edge reuse -18000 base = 209404 final = 191404
2026-06-02 10:29:44 [self-0003-0-attack] Move #705: 99 -> 98 | Army: 4 | Target-Terrain: 1 | Target: 98 | Half: False
2026-06-02 10:29:44 [self-0003-0-attack] My general index: 25
2026-06-02 10:29:44 [self-0003-0-attack] Enemy general index: None
2026-06-02 10:29:44 [self-0003-0-attack] Visible enemy tiles: 10
2026-06-02 10:29:44 [self-0003-0-attack] Tiles: 22 / 55
2026-06-02 10:29:44 [self-0003-0-attack] Map: 18 x 19 Turn: 724
2026-06-02 10:29:44 [self-0003-0-attack] Route planned: Target = 98 Mode = defense city-free reachable tiles = 267 Fallback-Tiles = 269
2026-06-02 10:29:44 [self-0003-0-attack] Priority agent: edge reuse -27000 base = 213002 final = 186002
2026-06-02 10:29:44 [self-0003-0-attack] Move #706: 99 -> 98 | Army: 2 | Target-Terrain: 1 | Target: 98 | Half: False
2026-06-02 10:29:45 [self-0003-0-attack] My general index: 25
2026-06-02 10:29:45 [self-0003-0-attack] Enemy general index: None
2026-06-02 10:29:45 [self-0003-0-attack] Visible enemy tiles: 11
2026-06-02 10:29:45 [self-0003-0-attack] Tiles: 21 / 56
2026-06-02 10:29:45 [self-0003-0-attack] Map: 18 x 19 Turn: 725
2026-06-02 10:29:45 [self-0003-0-attack] Route planned: Target = 43 Mode = defense city-free reachable tiles = 267 Fallback-Tiles = 269
2026-06-02 10:29:45 [self-0003-0-attack] Move #707: 25 -> 43 | Army: 145 | Target-Terrain: 1 | Target: 43 | Half: True
2026-06-02 10:29:45 [self-0003-0-attack] My general index: 25
2026-06-02 10:29:45 [self-0003-0-attack] Enemy general index: None
2026-06-02 10:29:45 [self-0003-0-attack] Visible enemy tiles: 11
2026-06-02 10:29:45 [self-0003-0-attack] Tiles: 21 / 56
2026-06-02 10:29:45 [self-0003-0-attack] Map: 18 x 19 Turn: 726
2026-06-02 10:29:45 [self-0003-0-attack] Route planned: Target = 61 Mode = defense city-free reachable tiles = 268 Fallback-Tiles = 269
2026-06-02 10:29:45 [self-0003-0-attack] Priority agent: flow +6000 base = 255525 final = 261525
2026-06-02 10:29:45 [self-0003-0-attack] Move #708: 43 -> 61 | Army: 75 | Target-Terrain: 1 | Target: 61 | Half: False
2026-06-02 10:29:46 [self-0003-0-attack] My general index: 25
2026-06-02 10:29:46 [self-0003-0-attack] Enemy general index: None
2026-06-02 10:29:46 [self-0003-0-attack] Visible enemy tiles: 11
2026-06-02 10:29:46 [self-0003-0-attack] Tiles: 21 / 56
2026-06-02 10:29:46 [self-0003-0-attack] Map: 18 x 19 Turn: 727
2026-06-02 10:29:46 [self-0003-0-attack] Route planned: Target = 43 Mode = defense city-free reachable tiles = 267 Fallback-Tiles = 269
2026-06-02 10:29:46 [self-0003-0-attack] Move #709: 42 -> 43 | Army: 3 | Target-Terrain: 1 | Target: 43 | Half: False
2026-06-02 10:29:46 [self-0003-0-attack] My general index: 25
2026-06-02 10:29:46 [self-0003-0-attack] Enemy general index: None
2026-06-02 10:29:46 [self-0003-0-attack] Visible enemy tiles: 11
2026-06-02 10:29:46 [self-0003-0-attack] Tiles: 21 / 56
2026-06-02 10:29:46 [self-0003-0-attack] Map: 18 x 19 Turn: 728
2026-06-02 10:29:46 [self-0003-0-attack] Route planned: Target = 43 Mode = defense city-free reachable tiles = 267 Fallback-Tiles = 269
2026-06-02 10:29:46 [self-0003-0-attack] Priority agent: edge reuse -9000 base = 212975 final = 203975
2026-06-02 10:29:46 [self-0003-0-attack] Move #710: 25 -> 43 | Army: 75 | Target-Terrain: 1 | Target: 43 | Half: True
2026-06-02 10:29:47 [self-0003-0-attack] My general index: 25
2026-06-02 10:29:47 [self-0003-0-attack] Enemy general index: None
2026-06-02 10:29:47 [self-0003-0-attack] Visible enemy tiles: 11
2026-06-02 10:29:47 [self-0003-0-attack] Tiles: 21 / 56
2026-06-02 10:29:47 [self-0003-0-attack] Map: 18 x 19 Turn: 729
2026-06-02 10:29:47 [self-0003-0-attack] Route planned: Target = 98 Mode = defense city-free reachable tiles = 267 Fallback-Tiles = 269
2026-06-02 10:29:47 [self-0003-0-attack] Priority agent: edge reuse -18000 base = 212480 final = 194480
2026-06-02 10:29:47 [self-0003-0-attack] Move #711: 80 -> 98 | Army: 178 | Target-Terrain: 1 | Target: 98 | Half: False
2026-06-02 10:29:47 [self-0003-0-attack] My general index: 25
2026-06-02 10:29:47 [self-0003-0-attack] Enemy general index: None
2026-06-02 10:29:47 [self-0003-0-attack] Visible enemy tiles: 11
2026-06-02 10:29:47 [self-0003-0-attack] Tiles: 21 / 56
2026-06-02 10:29:47 [self-0003-0-attack] Map: 18 x 19 Turn: 730
2026-06-02 10:29:47 [self-0003-0-attack] Route planned: Target = 80 Mode = defense city-free reachable tiles = 267 Fallback-Tiles = 269
2026-06-02 10:29:47 [self-0003-0-attack] Priority agent: edge reuse -18000 base = 243280 final = 225280
2026-06-02 10:29:47 [self-0003-0-attack] Move #712: 62 -> 80 | Army: 98 | Target-Terrain: 1 | Target: 80 | Half: False
2026-06-02 10:29:48 [self-0003-0-attack] My general index: 25
2026-06-02 10:29:48 [self-0003-0-attack] Enemy general index: None
2026-06-02 10:29:48 [self-0003-0-attack] Visible enemy tiles: 11
2026-06-02 10:29:48 [self-0003-0-attack] Tiles: 21 / 56
2026-06-02 10:29:48 [self-0003-0-attack] Map: 18 x 19 Turn: 731
2026-06-02 10:29:48 [self-0003-0-attack] Route planned: Target = 62 Mode = defense city-free reachable tiles = 267 Fallback-Tiles = 269
2026-06-02 10:29:48 [self-0003-0-attack] Priority agent: edge reuse -18000 base = 218830 final = 200830
2026-06-02 10:29:48 [self-0003-0-attack] Move #713: 61 -> 62 | Army: 80 | Target-Terrain: 1 | Target: 62 | Half: False
2026-06-02 10:29:48 [self-0003-0-attack] My general index: 25
2026-06-02 10:29:48 [self-0003-0-attack] Enemy general index: None
2026-06-02 10:29:48 [self-0003-0-attack] Visible enemy tiles: 11
2026-06-02 10:29:48 [self-0003-0-attack] Tiles: 21 / 56
2026-06-02 10:29:48 [self-0003-0-attack] Map: 18 x 19 Turn: 732
2026-06-02 10:29:48 [self-0003-0-attack] Route planned: Target = 61 Mode = defense city-free reachable tiles = 268 Fallback-Tiles = 269
2026-06-02 10:29:48 [self-0003-0-attack] Move #714: 99 -> 81 | Army: 5 | Target-Terrain: 0 | Target: 61 | Half: False
2026-06-02 10:29:49 [self-0003-0-attack] My general index: 25
2026-06-02 10:29:49 [self-0003-0-attack] Enemy general index: None
2026-06-02 10:29:49 [self-0003-0-attack] Visible enemy tiles: 10
2026-06-02 10:29:49 [self-0003-0-attack] Tiles: 22 / 55
2026-06-02 10:29:49 [self-0003-0-attack] Map: 18 x 19 Turn: 733
2026-06-02 10:29:49 [self-0003-0-attack] Route planned: Target = 61 Mode = defense city-free reachable tiles = 268 Fallback-Tiles = 269
2026-06-02 10:29:49 [self-0003-0-attack] Priority agent: edge reuse -27000 base = 217430 final = 190430
2026-06-02 10:29:49 [self-0003-0-attack] Move #715: 62 -> 61 | Army: 80 | Target-Terrain: 1 | Target: 61 | Half: False
2026-06-02 10:29:49 [self-0003-0-attack] My general index: 25
2026-06-02 10:29:49 [self-0003-0-attack] Enemy general index: None
2026-06-02 10:29:49 [self-0003-0-attack] Visible enemy tiles: 10
2026-06-02 10:29:49 [self-0003-0-attack] Tiles: 22 / 55
2026-06-02 10:29:49 [self-0003-0-attack] Map: 18 x 19 Turn: 734
2026-06-02 10:29:49 [self-0003-0-attack] Route planned: Target = 62 Mode = defense city-free reachable tiles = 267 Fallback-Tiles = 269
2026-06-02 10:29:49 [self-0003-0-attack] Priority agent: edge reuse -18000 base = 214880 final = 196880
2026-06-02 10:29:49 [self-0003-0-attack] Move #716: 80 -> 62 | Army: 98 | Target-Terrain: 1 | Target: 62 | Half: False
2026-06-02 10:29:50 [self-0003-0-attack] My general index: 25
2026-06-02 10:29:50 [self-0003-0-attack] Enemy general index: None
2026-06-02 10:29:50 [self-0003-0-attack] Visible enemy tiles: 10
2026-06-02 10:29:50 [self-0003-0-attack] Tiles: 22 / 55
2026-06-02 10:29:50 [self-0003-0-attack] Map: 18 x 19 Turn: 735
2026-06-02 10:29:50 [self-0003-0-attack] Route planned: Target = 80 Mode = defense city-free reachable tiles = 267 Fallback-Tiles = 269
2026-06-02 10:29:50 [self-0003-0-attack] Move #717: 81 -> 80 | Army: 3 | Target-Terrain: 1 | Target: 80 | Half: False
2026-06-02 10:29:50 [self-0003-0-attack] My general index: 25
2026-06-02 10:29:50 [self-0003-0-attack] Enemy general index: None
2026-06-02 10:29:50 [self-0003-0-attack] Visible enemy tiles: 10
2026-06-02 10:29:50 [self-0003-0-attack] Tiles: 22 / 55
2026-06-02 10:29:50 [self-0003-0-attack] Map: 18 x 19 Turn: 736
2026-06-02 10:29:50 [self-0003-0-attack] Route planned: Target = 80 Mode = defense city-free reachable tiles = 267 Fallback-Tiles = 269
2026-06-02 10:29:50 [self-0003-0-attack] Priority agent: edge reuse -18000 base = 223280 final = 205280
2026-06-02 10:29:50 [self-0003-0-attack] Move #718: 98 -> 80 | Army: 182 | Target-Terrain: 1 | Target: 80 | Half: False
2026-06-02 10:29:51 [self-0003-0-attack] My general index: 25
2026-06-02 10:29:51 [self-0003-0-attack] Enemy general index: None
2026-06-02 10:29:51 [self-0003-0-attack] Visible enemy tiles: 10
2026-06-02 10:29:51 [self-0003-0-attack] Tiles: 22 / 55
2026-06-02 10:29:51 [self-0003-0-attack] Map: 18 x 19 Turn: 737
2026-06-02 10:29:51 [self-0003-0-attack] Route planned: Target = 98 Mode = defense city-free reachable tiles = 267 Fallback-Tiles = 269
2026-06-02 10:29:51 [self-0003-0-attack] Priority agent: edge reuse -18000 base = 213003 final = 195003
2026-06-02 10:29:51 [self-0003-0-attack] Move #719: 99 -> 98 | Army: 3 | Target-Terrain: 1 | Target: 98 | Half: False
2026-06-02 10:29:51 [self-0003-0-attack] My general index: 25
2026-06-02 10:29:51 [self-0003-0-attack] Enemy general index: None
2026-06-02 10:29:51 [self-0003-0-attack] Visible enemy tiles: 10
2026-06-02 10:29:51 [self-0003-0-attack] Tiles: 22 / 55
2026-06-02 10:29:51 [self-0003-0-attack] Map: 18 x 19 Turn: 738
2026-06-02 10:29:51 [self-0003-0-attack] Route planned: Target = 98 Mode = defense city-free reachable tiles = 267 Fallback-Tiles = 269
2026-06-02 10:29:51 [self-0003-0-attack] Priority agent: edge reuse -18000 base = 213002 final = 195002
2026-06-02 10:29:51 [self-0003-0-attack] Move #720: 99 -> 98 | Army: 2 | Target-Terrain: 1 | Target: 98 | Half: False
2026-06-02 10:29:52 [self-0003-0-attack] My general index: 25
2026-06-02 10:29:52 [self-0003-0-attack] Enemy general index: None
2026-06-02 10:29:52 [self-0003-0-attack] Visible enemy tiles: 10
2026-06-02 10:29:52 [self-0003-0-attack] Tiles: 22 / 55
2026-06-02 10:29:52 [self-0003-0-attack] Map: 18 x 19 Turn: 739
2026-06-02 10:29:52 [self-0003-0-attack] Route planned: Target = 98 Mode = defense city-free reachable tiles = 267 Fallback-Tiles = 269
2026-06-02 10:29:52 [self-0003-0-attack] Priority agent: edge reuse -18000 base = 212480 final = 194480
2026-06-02 10:29:52 [self-0003-0-attack] Move #721: 80 -> 98 | Army: 184 | Target-Terrain: 1 | Target: 98 | Half: False
2026-06-02 10:29:52 [self-0003-0-attack] My general index: 25
2026-06-02 10:29:52 [self-0003-0-attack] Enemy general index: None
2026-06-02 10:29:52 [self-0003-0-attack] Visible enemy tiles: 10
2026-06-02 10:29:52 [self-0003-0-attack] Tiles: 22 / 55
2026-06-02 10:29:52 [self-0003-0-attack] Map: 18 x 19 Turn: 740
2026-06-02 10:29:52 [self-0003-0-attack] Route planned: Target = 80 Mode = defense city-free reachable tiles = 267 Fallback-Tiles = 269
2026-06-02 10:29:52 [self-0003-0-attack] Priority agent: edge reuse -18000 base = 223280 final = 205280
2026-06-02 10:29:52 [self-0003-0-attack] Move #722: 62 -> 80 | Army: 98 | Target-Terrain: 1 | Target: 80 | Half: False
2026-06-02 10:29:53 [self-0003-0-attack] My general index: 25
2026-06-02 10:29:53 [self-0003-0-attack] Enemy general index: None
2026-06-02 10:29:53 [self-0003-0-attack] Visible enemy tiles: 10
2026-06-02 10:29:53 [self-0003-0-attack] Tiles: 22 / 55
2026-06-02 10:29:53 [self-0003-0-attack] Map: 18 x 19 Turn: 741
2026-06-02 10:29:53 [self-0003-0-attack] Route planned: Target = 62 Mode = defense city-free reachable tiles = 267 Fallback-Tiles = 269
2026-06-02 10:29:53 [self-0003-0-attack] Priority agent: edge reuse -18000 base = 198830 final = 180830
2026-06-02 10:29:53 [self-0003-0-attack] Move #723: 61 -> 62 | Army: 85 | Target-Terrain: 1 | Target: 62 | Half: False
2026-06-02 10:29:53 [self-0003-0-attack] My general index: 25
2026-06-02 10:29:53 [self-0003-0-attack] Enemy general index: None
2026-06-02 10:29:53 [self-0003-0-attack] Visible enemy tiles: 10
2026-06-02 10:29:53 [self-0003-0-attack] Tiles: 22 / 55
2026-06-02 10:29:53 [self-0003-0-attack] Map: 18 x 19 Turn: 742
2026-06-02 10:29:53 [self-0003-0-attack] Route planned: Target = 61 Mode = defense city-free reachable tiles = 268 Fallback-Tiles = 269
2026-06-02 10:29:53 [self-0003-0-attack] Move #724: 98 -> 97 | Army: 185 | Target-Terrain: 0 | Target: 61 | Half: False
2026-06-02 10:29:54 [self-0003-0-attack] My general index: 25
2026-06-02 10:29:54 [self-0003-0-attack] Enemy general index: None
2026-06-02 10:29:54 [self-0003-0-attack] Visible enemy tiles: 10
2026-06-02 10:29:54 [self-0003-0-attack] Tiles: 23 / 54
2026-06-02 10:29:54 [self-0003-0-attack] Map: 18 x 19 Turn: 743
2026-06-02 10:29:54 [self-0003-0-attack] Route planned: Target = 61 Mode = defense city-free reachable tiles = 268 Fallback-Tiles = 269
2026-06-02 10:29:54 [self-0003-0-attack] Priority agent: edge reuse -27000 base = 217430 final = 190430
2026-06-02 10:29:54 [self-0003-0-attack] Move #725: 62 -> 61 | Army: 85 | Target-Terrain: 1 | Target: 61 | Half: False
2026-06-02 10:29:54 [self-0003-0-attack] My general index: 25
2026-06-02 10:29:54 [self-0003-0-attack] Enemy general index: None
2026-06-02 10:29:54 [self-0003-0-attack] Visible enemy tiles: 10
2026-06-02 10:29:54 [self-0003-0-attack] Tiles: 23 / 54
2026-06-02 10:29:54 [self-0003-0-attack] Map: 18 x 19 Turn: 744
2026-06-02 10:29:54 [self-0003-0-attack] Route planned: Target = 62 Mode = defense city-free reachable tiles = 267 Fallback-Tiles = 269
2026-06-02 10:29:54 [self-0003-0-attack] Priority agent: edge reuse -27000 base = 214880 final = 187880
2026-06-02 10:29:54 [self-0003-0-attack] Move #726: 80 -> 62 | Army: 98 | Target-Terrain: 1 | Target: 62 | Half: False
2026-06-02 10:29:55 [self-0003-0-attack] My general index: 25
2026-06-02 10:29:55 [self-0003-0-attack] Enemy general index: None
2026-06-02 10:29:55 [self-0003-0-attack] Visible enemy tiles: 11
2026-06-02 10:29:55 [self-0003-0-attack] Tiles: 22 / 55
2026-06-02 10:29:55 [self-0003-0-attack] Map: 18 x 19 Turn: 745
2026-06-02 10:29:55 [self-0003-0-attack] Route planned: Target = 80 Mode = defense city-free reachable tiles = 267 Fallback-Tiles = 269
2026-06-02 10:29:55 [self-0003-0-attack] Move #727: 61 -> 79 | Army: 87 | Target-Terrain: 0 | Target: 80 | Half: False
2026-06-02 10:29:55 [self-0003-0-attack] My general index: 25
2026-06-02 10:29:55 [self-0003-0-attack] Enemy general index: None
2026-06-02 10:29:55 [self-0003-0-attack] Visible enemy tiles: 10
2026-06-02 10:29:55 [self-0003-0-attack] Tiles: 23 / 54
2026-06-02 10:29:55 [self-0003-0-attack] Map: 18 x 19 Turn: 746
2026-06-02 10:29:55 [self-0003-0-attack] Route planned: Target = 61 Mode = defense city-free reachable tiles = 268 Fallback-Tiles = 269
2026-06-02 10:29:55 [self-0003-0-attack] Priority agent: reverse -35000, edge reuse -9000 base = 223530 final = 179530
2026-06-02 10:29:55 [self-0003-0-attack] Move #728: 79 -> 61 | Army: 84 | Target-Terrain: 1 | Target: 61 | Half: False
2026-06-02 10:29:56 [self-0003-0-attack] Coach: catch_up_expand tiles 23/54 army 685/811 cities 2/0 enemy_city_suspect False bias {'expansion_bias': 1.4, 'city_bias': 0.1, 'attack_bias': 0.8, 'defense_bias': 0.0, 'route_bias': 1.0}
2026-06-02 10:29:56 [self-0003-0-attack] My general index: 25
2026-06-02 10:29:56 [self-0003-0-attack] Enemy general index: None
2026-06-02 10:29:56 [self-0003-0-attack] Visible enemy tiles: 10
2026-06-02 10:29:56 [self-0003-0-attack] Tiles: 23 / 54
2026-06-02 10:29:56 [self-0003-0-attack] Map: 18 x 19 Turn: 747
2026-06-02 10:29:56 [self-0003-0-attack] Route planned: Target = 80 Mode = defense city-free reachable tiles = 267 Fallback-Tiles = 269
2026-06-02 10:29:56 [self-0003-0-attack] Priority agent: edge reuse -27000 base = 223280 final = 196280
2026-06-02 10:29:56 [self-0003-0-attack] Move #729: 62 -> 80 | Army: 98 | Target-Terrain: 1 | Target: 80 | Half: False
2026-06-02 10:29:56 [self-0003-0-attack] My general index: 25
2026-06-02 10:29:56 [self-0003-0-attack] Enemy general index: None
2026-06-02 10:29:56 [self-0003-0-attack] Visible enemy tiles: 10
2026-06-02 10:29:56 [self-0003-0-attack] Tiles: 23 / 54
2026-06-02 10:29:56 [self-0003-0-attack] Map: 18 x 19 Turn: 748
2026-06-02 10:29:56 [self-0003-0-attack] Route planned: Target = 62 Mode = defense city-free reachable tiles = 267 Fallback-Tiles = 269
2026-06-02 10:29:56 [self-0003-0-attack] Priority agent: edge reuse -18000 base = 198830 final = 180830
2026-06-02 10:29:56 [self-0003-0-attack] Move #730: 61 -> 62 | Army: 86 | Target-Terrain: 1 | Target: 62 | Half: False
2026-06-02 10:29:57 [self-0003-0-attack] My general index: 25
2026-06-02 10:29:57 [self-0003-0-attack] Enemy general index: None
2026-06-02 10:29:57 [self-0003-0-attack] Visible enemy tiles: 10
2026-06-02 10:29:57 [self-0003-0-attack] Tiles: 23 / 54
2026-06-02 10:29:57 [self-0003-0-attack] Map: 18 x 19 Turn: 749
2026-06-02 10:29:57 [self-0003-0-attack] Route planned: Target = 61 Mode = defense city-free reachable tiles = 268 Fallback-Tiles = 269
2026-06-02 10:29:57 [self-0003-0-attack] Priority agent: edge reuse -18000 base = 173436 final = 155436
2026-06-02 10:29:57 [self-0003-0-attack] Move #731: 99 -> 98 | Army: 6 | Target-Terrain: 0 | Target: 61 | Half: False
2026-06-02 10:29:57 [self-0003-0-attack] My general index: 25
2026-06-02 10:29:57 [self-0003-0-attack] Enemy general index: None
2026-06-02 10:29:57 [self-0003-0-attack] Visible enemy tiles: 9
2026-06-02 10:29:57 [self-0003-0-attack] Tiles: 24 / 53
2026-06-02 10:29:57 [self-0003-0-attack] Map: 18 x 19 Turn: 750
2026-06-02 10:29:57 [self-0003-0-attack] Route planned: Target = 61 Mode = defense city-free reachable tiles = 268 Fallback-Tiles = 269
2026-06-02 10:29:57 [self-0003-0-attack] Priority agent: edge reuse -27000 base = 210930 final = 183930
2026-06-02 10:29:57 [self-0003-0-attack] Move #732: 62 -> 61 | Army: 87 | Target-Terrain: 1 | Target: 61 | Half: False
2026-06-02 10:29:58 [self-0003-0-attack] My general index: 25
2026-06-02 10:29:58 [self-0003-0-attack] Enemy general index: None
2026-06-02 10:29:58 [self-0003-0-attack] Visible enemy tiles: 9
2026-06-02 10:29:58 [self-0003-0-attack] Tiles: 24 / 53
2026-06-02 10:29:58 [self-0003-0-attack] Map: 18 x 19 Turn: 751
2026-06-02 10:29:58 [self-0003-0-attack] Route planned: Target = 62 Mode = defense city-free reachable tiles = 267 Fallback-Tiles = 269
2026-06-02 10:29:58 [self-0003-0-attack] Move #733: 63 -> 62 | Army: 2 | Target-Terrain: 1 | Target: 62 | Half: False
2026-06-02 10:29:58 [self-0003-0-attack] My general index: 25
2026-06-02 10:29:58 [self-0003-0-attack] Enemy general index: None
2026-06-02 10:29:58 [self-0003-0-attack] Visible enemy tiles: 9
2026-06-02 10:29:58 [self-0003-0-attack] Tiles: 24 / 53
2026-06-02 10:29:58 [self-0003-0-attack] Map: 18 x 19 Turn: 752
2026-06-02 10:29:58 [self-0003-0-attack] Route planned: Target = 62 Mode = defense city-free reachable tiles = 267 Fallback-Tiles = 269
2026-06-02 10:29:58 [self-0003-0-attack] Priority agent: edge reuse -27000 base = 214880 final = 187880
2026-06-02 10:29:58 [self-0003-0-attack] Move #734: 80 -> 62 | Army: 99 | Target-Terrain: 1 | Target: 62 | Half: False
2026-06-02 10:29:59 [self-0003-0-attack] My general index: 25
2026-06-02 10:29:59 [self-0003-0-attack] Enemy general index: None
2026-06-02 10:29:59 [self-0003-0-attack] Visible enemy tiles: 9
2026-06-02 10:29:59 [self-0003-0-attack] Tiles: 24 / 53
2026-06-02 10:29:59 [self-0003-0-attack] Map: 18 x 19 Turn: 753
2026-06-02 10:29:59 [self-0003-0-attack] Route planned: Target = 80 Mode = defense city-free reachable tiles = 267 Fallback-Tiles = 269
2026-06-02 10:29:59 [self-0003-0-attack] Move #735: 79 -> 80 | Army: 2 | Target-Terrain: 1 | Target: 80 | Half: False
2026-06-02 10:29:59 [self-0003-0-attack] My general index: 25
2026-06-02 10:29:59 [self-0003-0-attack] Enemy general index: None
2026-06-02 10:29:59 [self-0003-0-attack] Visible enemy tiles: 9
2026-06-02 10:29:59 [self-0003-0-attack] Tiles: 24 / 53
2026-06-02 10:29:59 [self-0003-0-attack] Map: 18 x 19 Turn: 754
2026-06-02 10:29:59 [self-0003-0-attack] Route planned: Target = 80 Mode = defense city-free reachable tiles = 267 Fallback-Tiles = 269
2026-06-02 10:29:59 [self-0003-0-attack] Move #736: 98 -> 80 | Army: 5 | Target-Terrain: 1 | Target: 80 | Half: False
2026-06-02 10:30:00 [self-0003-0-attack] My general index: 25
2026-06-02 10:30:00 [self-0003-0-attack] Enemy general index: None
2026-06-02 10:30:00 [self-0003-0-attack] Visible enemy tiles: 9
2026-06-02 10:30:00 [self-0003-0-attack] Tiles: 24 / 53
2026-06-02 10:30:00 [self-0003-0-attack] Map: 18 x 19 Turn: 755
2026-06-02 10:30:00 [self-0003-0-attack] Route planned: Target = 80 Mode = defense city-free reachable tiles = 267 Fallback-Tiles = 269
2026-06-02 10:30:00 [self-0003-0-attack] Move #737: 81 -> 80 | Army: 2 | Target-Terrain: 1 | Target: 80 | Half: False
2026-06-02 10:30:00 [self-0003-0-attack] My general index: 25
2026-06-02 10:30:00 [self-0003-0-attack] Enemy general index: None
2026-06-02 10:30:00 [self-0003-0-attack] Visible enemy tiles: 9
2026-06-02 10:30:00 [self-0003-0-attack] Tiles: 24 / 53
2026-06-02 10:30:00 [self-0003-0-attack] Map: 18 x 19 Turn: 756
2026-06-02 10:30:00 [self-0003-0-attack] Route planned: Target = 80 Mode = defense city-free reachable tiles = 267 Fallback-Tiles = 269
2026-06-02 10:30:00 [self-0003-0-attack] Priority agent: edge reuse -27000 base = 223280 final = 196280
2026-06-02 10:30:00 [self-0003-0-attack] Move #738: 62 -> 80 | Army: 100 | Target-Terrain: 1 | Target: 80 | Half: False
2026-06-02 10:30:01 [self-0003-0-attack] My general index: 25
2026-06-02 10:30:01 [self-0003-0-attack] Enemy general index: None
2026-06-02 10:30:01 [self-0003-0-attack] Visible enemy tiles: 9
2026-06-02 10:30:01 [self-0003-0-attack] Tiles: 24 / 53
2026-06-02 10:30:01 [self-0003-0-attack] Map: 18 x 19 Turn: 757
2026-06-02 10:30:01 [self-0003-0-attack] Route planned: Target = 62 Mode = defense city-free reachable tiles = 267 Fallback-Tiles = 269
2026-06-02 10:30:01 [self-0003-0-attack] Priority agent: edge reuse -27000 base = 198830 final = 171830
2026-06-02 10:30:01 [self-0003-0-attack] Move #739: 61 -> 62 | Army: 92 | Target-Terrain: 1 | Target: 62 | Half: False
2026-06-02 10:30:01 [self-0003-0-attack] My general index: 25
2026-06-02 10:30:01 [self-0003-0-attack] Enemy general index: None
2026-06-02 10:30:01 [self-0003-0-attack] Visible enemy tiles: 9
2026-06-02 10:30:01 [self-0003-0-attack] Tiles: 24 / 53
2026-06-02 10:30:01 [self-0003-0-attack] Map: 18 x 19 Turn: 758
2026-06-02 10:30:01 [self-0003-0-attack] Route planned: Target = 61 Mode = defense city-free reachable tiles = 268 Fallback-Tiles = 269
2026-06-02 10:30:01 [self-0003-0-attack] Priority agent: reverse -35000, edge reuse -27000 base = 208530 final = 146530
2026-06-02 10:30:01 [self-0003-0-attack] Move #740: 62 -> 61 | Army: 92 | Target-Terrain: 1 | Target: 61 | Half: False
2026-06-02 10:30:02 [self-0003-0-attack] My general index: 25
2026-06-02 10:30:02 [self-0003-0-attack] Enemy general index: None
2026-06-02 10:30:02 [self-0003-0-attack] Visible enemy tiles: 10
2026-06-02 10:30:02 [self-0003-0-attack] Tiles: 23 / 54
2026-06-02 10:30:02 [self-0003-0-attack] Map: 18 x 19 Turn: 759
2026-06-02 10:30:02 [self-0003-0-attack] Route planned: Target = 62 Mode = defense city-free reachable tiles = 267 Fallback-Tiles = 269
2026-06-02 10:30:02 [self-0003-0-attack] Move #741: 97 -> 98 | Army: 184 | Target-Terrain: 0 | Target: 62 | Half: False
2026-06-02 10:30:02 [self-0003-0-attack] My general index: 25
2026-06-02 10:30:02 [self-0003-0-attack] Enemy general index: None
2026-06-02 10:30:02 [self-0003-0-attack] Visible enemy tiles: 9
2026-06-02 10:30:02 [self-0003-0-attack] Tiles: 24 / 53
2026-06-02 10:30:02 [self-0003-0-attack] Map: 18 x 19 Turn: 760
2026-06-02 10:30:02 [self-0003-0-attack] Route planned: Target = 62 Mode = defense city-free reachable tiles = 267 Fallback-Tiles = 269
2026-06-02 10:30:02 [self-0003-0-attack] Priority agent: edge reuse -27000 base = 214880 final = 187880
2026-06-02 10:30:02 [self-0003-0-attack] Move #742: 80 -> 62 | Army: 106 | Target-Terrain: 1 | Target: 62 | Half: False
2026-06-02 10:30:03 [self-0003-0-attack] My general index: 25
2026-06-02 10:30:03 [self-0003-0-attack] Enemy general index: None
2026-06-02 10:30:03 [self-0003-0-attack] Visible enemy tiles: 9
2026-06-02 10:30:03 [self-0003-0-attack] Tiles: 24 / 53
2026-06-02 10:30:03 [self-0003-0-attack] Map: 18 x 19 Turn: 761
2026-06-02 10:30:03 [self-0003-0-attack] Route planned: Target = 80 Mode = defense city-free reachable tiles = 267 Fallback-Tiles = 269
2026-06-02 10:30:03 [self-0003-0-attack] Priority agent: edge reuse -9000 base = 258280 final = 249280
2026-06-02 10:30:03 [self-0003-0-attack] Move #743: 98 -> 80 | Army: 182 | Target-Terrain: 1 | Target: 80 | Half: False
2026-06-02 10:30:03 [self-0003-0-attack] My general index: 25
2026-06-02 10:30:03 [self-0003-0-attack] Enemy general index: None
2026-06-02 10:30:03 [self-0003-0-attack] Visible enemy tiles: 9
2026-06-02 10:30:03 [self-0003-0-attack] Tiles: 24 / 53
2026-06-02 10:30:03 [self-0003-0-attack] Map: 18 x 19 Turn: 762
2026-06-02 10:30:03 [self-0003-0-attack] Route planned: Target = 98 Mode = defense city-free reachable tiles = 267 Fallback-Tiles = 269
2026-06-02 10:30:03 [self-0003-0-attack] Priority agent: edge reuse -9000 base = 228009 final = 219009
2026-06-02 10:30:03 [self-0003-0-attack] Move #744: 99 -> 98 | Army: 9 | Target-Terrain: 1 | Target: 98 | Half: False
2026-06-02 10:30:04 [self-0003-0-attack] My general index: 25
2026-06-02 10:30:04 [self-0003-0-attack] Enemy general index: None
2026-06-02 10:30:04 [self-0003-0-attack] Visible enemy tiles: 9
2026-06-02 10:30:04 [self-0003-0-attack] Tiles: 24 / 53
2026-06-02 10:30:04 [self-0003-0-attack] Map: 18 x 19 Turn: 763
2026-06-02 10:30:04 [self-0003-0-attack] Route planned: Target = 60 Mode = defense city-free reachable tiles = 267 Fallback-Tiles = 269
2026-06-02 10:30:04 [self-0003-0-attack] Move #745: 59 -> 60 | Army: 4 | Target-Terrain: 1 | Target: 60 | Half: False
2026-06-02 10:30:04 [self-0003-0-attack] My general index: 25
2026-06-02 10:30:04 [self-0003-0-attack] Enemy general index: None
2026-06-02 10:30:04 [self-0003-0-attack] Visible enemy tiles: 9
2026-06-02 10:30:04 [self-0003-0-attack] Tiles: 23 / 54
2026-06-02 10:30:04 [self-0003-0-attack] Map: 18 x 19 Turn: 764
2026-06-02 10:30:04 [self-0003-0-attack] Route planned: Target = 60 Mode = defense city-free reachable tiles = 267 Fallback-Tiles = 269
2026-06-02 10:30:04 [self-0003-0-attack] Move #746: 78 -> 60 | Army: 4 | Target-Terrain: 1 | Target: 60 | Half: False
2026-06-02 10:30:05 [self-0003-0-attack] My general index: 25
2026-06-02 10:30:05 [self-0003-0-attack] Enemy general index: None
2026-06-02 10:30:05 [self-0003-0-attack] Visible enemy tiles: 9
2026-06-02 10:30:05 [self-0003-0-attack] Tiles: 23 / 54
2026-06-02 10:30:05 [self-0003-0-attack] Map: 18 x 19 Turn: 765
2026-06-02 10:30:05 [self-0003-0-attack] Route planned: Target = 60 Mode = defense city-free reachable tiles = 267 Fallback-Tiles = 269
2026-06-02 10:30:05 [self-0003-0-attack] Move #747: 42 -> 60 | Army: 2 | Target-Terrain: 1 | Target: 60 | Half: False
2026-06-02 10:30:05 [self-0003-0-attack] My general index: 25
2026-06-02 10:30:05 [self-0003-0-attack] Enemy general index: None
2026-06-02 10:30:05 [self-0003-0-attack] Visible enemy tiles: 9
2026-06-02 10:30:05 [self-0003-0-attack] Tiles: 23 / 54
2026-06-02 10:30:05 [self-0003-0-attack] Map: 18 x 19 Turn: 766
2026-06-02 10:30:05 [self-0003-0-attack] Route planned: Target = 60 Mode = defense city-free reachable tiles = 267 Fallback-Tiles = 269
2026-06-02 10:30:05 [self-0003-0-attack] Move #748: 61 -> 60 | Army: 97 | Target-Terrain: 1 | Target: 60 | Half: False
2026-06-02 10:30:06 [self-0003-0-attack] My general index: 25
2026-06-02 10:30:06 [self-0003-0-attack] Enemy general index: None
2026-06-02 10:30:06 [self-0003-0-attack] Visible enemy tiles: 9
2026-06-02 10:30:06 [self-0003-0-attack] Tiles: 23 / 54
2026-06-02 10:30:06 [self-0003-0-attack] Map: 18 x 19 Turn: 767
2026-06-02 10:30:06 [self-0003-0-attack] Route planned: Target = 61 Mode = defense city-free reachable tiles = 268 Fallback-Tiles = 269
2026-06-02 10:30:06 [self-0003-0-attack] Priority agent: edge reuse -18000 base = 237430 final = 219430
2026-06-02 10:30:06 [self-0003-0-attack] Move #749: 62 -> 61 | Army: 106 | Target-Terrain: 1 | Target: 61 | Half: False
2026-06-02 10:30:06 [self-0003-0-attack] My general index: 25
2026-06-02 10:30:06 [self-0003-0-attack] Enemy general index: None
2026-06-02 10:30:06 [self-0003-0-attack] Visible enemy tiles: 9
2026-06-02 10:30:06 [self-0003-0-attack] Tiles: 23 / 54
2026-06-02 10:30:06 [self-0003-0-attack] Map: 18 x 19 Turn: 768
2026-06-02 10:30:06 [self-0003-0-attack] Route planned: Target = 62 Mode = defense city-free reachable tiles = 267 Fallback-Tiles = 269
2026-06-02 10:30:06 [self-0003-0-attack] Priority agent: edge reuse -18000 base = 234880 final = 216880
2026-06-02 10:30:06 [self-0003-0-attack] Move #750: 80 -> 62 | Army: 182 | Target-Terrain: 1 | Target: 62 | Half: False
2026-06-02 10:30:07 [self-0003-0-attack] My general index: 25
2026-06-02 10:30:07 [self-0003-0-attack] Enemy general index: None
2026-06-02 10:30:07 [self-0003-0-attack] Visible enemy tiles: 9
2026-06-02 10:30:07 [self-0003-0-attack] Tiles: 23 / 54
2026-06-02 10:30:07 [self-0003-0-attack] Map: 18 x 19 Turn: 769
2026-06-02 10:30:07 [self-0003-0-attack] Route planned: Target = 80 Mode = defense city-free reachable tiles = 267 Fallback-Tiles = 269
2026-06-02 10:30:07 [self-0003-0-attack] Priority agent: edge reuse -9000 base = 257309 final = 248309
2026-06-02 10:30:07 [self-0003-0-attack] Move #751: 98 -> 80 | Army: 9 | Target-Terrain: 1 | Target: 80 | Half: False
2026-06-02 10:30:07 [self-0003-0-attack] My general index: 25
2026-06-02 10:30:07 [self-0003-0-attack] Enemy general index: None
2026-06-02 10:30:07 [self-0003-0-attack] Visible enemy tiles: 9
2026-06-02 10:30:07 [self-0003-0-attack] Tiles: 23 / 54
2026-06-02 10:30:07 [self-0003-0-attack] Map: 18 x 19 Turn: 770
2026-06-02 10:30:07 [self-0003-0-attack] Route planned: Target = 80 Mode = defense city-free reachable tiles = 267 Fallback-Tiles = 269
2026-06-02 10:30:07 [self-0003-0-attack] Priority agent: edge reuse -27000 base = 223280 final = 196280
2026-06-02 10:30:07 [self-0003-0-attack] Move #752: 62 -> 80 | Army: 182 | Target-Terrain: 1 | Target: 80 | Half: False
2026-06-02 10:30:08 [self-0003-0-attack] My general index: 25
2026-06-02 10:30:08 [self-0003-0-attack] Enemy general index: None
2026-06-02 10:30:08 [self-0003-0-attack] Visible enemy tiles: 9
2026-06-02 10:30:08 [self-0003-0-attack] Tiles: 22 / 55
2026-06-02 10:30:08 [self-0003-0-attack] Map: 18 x 19 Turn: 771
2026-06-02 10:30:08 [self-0003-0-attack] Route planned: Target = 62 Mode = defense city-free reachable tiles = 267 Fallback-Tiles = 269
2026-06-02 10:30:08 [self-0003-0-attack] Priority agent: edge reuse -9000 base = 192675 final = 183675
2026-06-02 10:30:08 [self-0003-0-attack] Move #753: 99 -> 98 | Army: 5 | Target-Terrain: 0 | Target: 62 | Half: False
2026-06-02 10:30:08 [self-0003-0-attack] My general index: 25
2026-06-02 10:30:08 [self-0003-0-attack] Enemy general index: None
2026-06-02 10:30:08 [self-0003-0-attack] Visible enemy tiles: 9
2026-06-02 10:30:08 [self-0003-0-attack] Tiles: 23 / 54
2026-06-02 10:30:08 [self-0003-0-attack] Map: 18 x 19 Turn: 772
2026-06-02 10:30:08 [self-0003-0-attack] Route planned: Target = 62 Mode = defense city-free reachable tiles = 267 Fallback-Tiles = 269
2026-06-02 10:30:08 [self-0003-0-attack] Priority agent: edge reuse -27000 base = 214880 final = 187880
2026-06-02 10:30:08 [self-0003-0-attack] Move #754: 80 -> 62 | Army: 190 | Target-Terrain: 1 | Target: 62 | Half: False
2026-06-02 10:30:09 [self-0003-0-attack] My general index: 25
2026-06-02 10:30:09 [self-0003-0-attack] Enemy general index: None
2026-06-02 10:30:09 [self-0003-0-attack] Visible enemy tiles: 9
2026-06-02 10:30:09 [self-0003-0-attack] Tiles: 23 / 54
2026-06-02 10:30:09 [self-0003-0-attack] Map: 18 x 19 Turn: 773
2026-06-02 10:30:09 [self-0003-0-attack] Route planned: Target = 80 Mode = defense city-free reachable tiles = 267 Fallback-Tiles = 269
2026-06-02 10:30:09 [self-0003-0-attack] Priority agent: edge reuse -18000 base = 242303 final = 224303
2026-06-02 10:30:09 [self-0003-0-attack] Move #755: 98 -> 80 | Army: 3 | Target-Terrain: 1 | Target: 80 | Half: False
2026-06-02 10:30:09 [self-0003-0-attack] My general index: 25
2026-06-02 10:30:09 [self-0003-0-attack] Enemy general index: None
2026-06-02 10:30:09 [self-0003-0-attack] Visible enemy tiles: 9
2026-06-02 10:30:09 [self-0003-0-attack] Tiles: 23 / 54
2026-06-02 10:30:09 [self-0003-0-attack] Map: 18 x 19 Turn: 774
2026-06-02 10:30:09 [self-0003-0-attack] Route planned: Target = 80 Mode = defense city-free reachable tiles = 267 Fallback-Tiles = 269
2026-06-02 10:30:09 [self-0003-0-attack] Priority agent: edge reuse -36000 base = 223280 final = 187280
2026-06-02 10:30:09 [self-0003-0-attack] Move #756: 62 -> 80 | Army: 190 | Target-Terrain: 1 | Target: 80 | Half: False
2026-06-02 10:30:10 [self-0003-0-attack] My general index: 25
2026-06-02 10:30:10 [self-0003-0-attack] Enemy general index: None
2026-06-02 10:30:10 [self-0003-0-attack] Visible enemy tiles: 10
2026-06-02 10:30:10 [self-0003-0-attack] Tiles: 22 / 55
2026-06-02 10:30:10 [self-0003-0-attack] Map: 18 x 19 Turn: 775
2026-06-02 10:30:10 [self-0003-0-attack] Route planned: Target = 62 Mode = defense city-free reachable tiles = 267 Fallback-Tiles = 269
2026-06-02 10:30:10 [self-0003-0-attack] Priority agent: edge reuse -9000 base = 213830 final = 204830
2026-06-02 10:30:10 [self-0003-0-attack] Move #757: 61 -> 62 | Army: 110 | Target-Terrain: 1 | Target: 62 | Half: False
2026-06-02 10:30:10 [self-0003-0-attack] My general index: 25
2026-06-02 10:30:10 [self-0003-0-attack] Enemy general index: None
2026-06-02 10:30:10 [self-0003-0-attack] Visible enemy tiles: 10
2026-06-02 10:30:10 [self-0003-0-attack] Tiles: 22 / 55
2026-06-02 10:30:10 [self-0003-0-attack] Map: 18 x 19 Turn: 776
2026-06-02 10:30:10 [self-0003-0-attack] Route planned: Target = 61 Mode = defense city-free reachable tiles = 268 Fallback-Tiles = 269
2026-06-02 10:30:10 [self-0003-0-attack] Priority agent: edge reuse -9000 base = 252430 final = 243430
2026-06-02 10:30:10 [self-0003-0-attack] Move #758: 60 -> 61 | Army: 106 | Target-Terrain: 1 | Target: 61 | Half: False
2026-06-02 10:30:11 [self-0003-0-attack] My general index: 25
2026-06-02 10:30:11 [self-0003-0-attack] Enemy general index: None
2026-06-02 10:30:11 [self-0003-0-attack] Visible enemy tiles: 10
2026-06-02 10:30:11 [self-0003-0-attack] Tiles: 22 / 55
2026-06-02 10:30:11 [self-0003-0-attack] Map: 18 x 19 Turn: 777
2026-06-02 10:30:11 [self-0003-0-attack] Route planned: Target = 60 Mode = defense city-free reachable tiles = 267 Fallback-Tiles = 269
2026-06-02 10:30:11 [self-0003-0-attack] Move #759: 99 -> 81 | Army: 4 | Target-Terrain: 0 | Target: 60 | Half: False
2026-06-02 10:30:11 [self-0003-0-attack] My general index: 25
2026-06-02 10:30:11 [self-0003-0-attack] Enemy general index: None
2026-06-02 10:30:11 [self-0003-0-attack] Visible enemy tiles: 9
2026-06-02 10:30:11 [self-0003-0-attack] Tiles: 23 / 54
2026-06-02 10:30:11 [self-0003-0-attack] Map: 18 x 19 Turn: 778
2026-06-02 10:30:11 [self-0003-0-attack] Route planned: Target = 60 Mode = defense city-free reachable tiles = 267 Fallback-Tiles = 269
2026-06-02 10:30:11 [self-0003-0-attack] Priority agent: edge reuse -18000 base = 162830 final = 144830
2026-06-02 10:30:11 [self-0003-0-attack] Move #760: 61 -> 60 | Army: 108 | Target-Terrain: 1 | Target: 60 | Half: False
2026-06-02 10:30:12 [self-0003-0-attack] My general index: 25
2026-06-02 10:30:12 [self-0003-0-attack] Enemy general index: None
2026-06-02 10:30:12 [self-0003-0-attack] Visible enemy tiles: 9
2026-06-02 10:30:12 [self-0003-0-attack] Tiles: 23 / 54
2026-06-02 10:30:12 [self-0003-0-attack] Map: 18 x 19 Turn: 779
2026-06-02 10:30:12 [self-0003-0-attack] Route planned: Target = 61 Mode = defense city-free reachable tiles = 268 Fallback-Tiles = 269
2026-06-02 10:30:12 [self-0003-0-attack] Priority agent: edge reuse -18000 base = 205430 final = 187430
2026-06-02 10:30:12 [self-0003-0-attack] Move #761: 62 -> 61 | Army: 110 | Target-Terrain: 1 | Target: 61 | Half: False
2026-06-02 10:30:12 [self-0003-0-attack] My general index: 25
2026-06-02 10:30:12 [self-0003-0-attack] Enemy general index: None
2026-06-02 10:30:12 [self-0003-0-attack] Visible enemy tiles: 9
2026-06-02 10:30:12 [self-0003-0-attack] Tiles: 23 / 54
2026-06-02 10:30:12 [self-0003-0-attack] Map: 18 x 19 Turn: 780
2026-06-02 10:30:12 [self-0003-0-attack] Route planned: Target = 78 Mode = defense city-free reachable tiles = 267 Fallback-Tiles = 269
2026-06-02 10:30:12 [self-0003-0-attack] Move #762: 60 -> 78 | Army: 108 | Target-Terrain: 1 | Target: 78 | Half: False
2026-06-02 10:30:13 [self-0003-0-attack] My general index: 25
2026-06-02 10:30:13 [self-0003-0-attack] Enemy general index: None
2026-06-02 10:30:13 [self-0003-0-attack] Visible enemy tiles: 9
2026-06-02 10:30:13 [self-0003-0-attack] Tiles: 23 / 54
2026-06-02 10:30:13 [self-0003-0-attack] Map: 18 x 19 Turn: 781
2026-06-02 10:30:13 [self-0003-0-attack] Route planned: Target = 60 Mode = defense city-free reachable tiles = 267 Fallback-Tiles = 269
2026-06-02 10:30:13 [self-0003-0-attack] Priority agent: reverse -35000, edge reuse -9000 base = 208980 final = 164980
2026-06-02 10:30:13 [self-0003-0-attack] Move #763: 78 -> 60 | Army: 108 | Target-Terrain: 1 | Target: 60 | Half: False
2026-06-02 10:30:13 [self-0003-0-attack] My general index: 25
2026-06-02 10:30:13 [self-0003-0-attack] Enemy general index: None
2026-06-02 10:30:13 [self-0003-0-attack] Visible enemy tiles: 9
2026-06-02 10:30:13 [self-0003-0-attack] Tiles: 23 / 54
2026-06-02 10:30:13 [self-0003-0-attack] Map: 18 x 19 Turn: 782
2026-06-02 10:30:13 [self-0003-0-attack] Route planned: Target = 78 Mode = defense city-free reachable tiles = 267 Fallback-Tiles = 269
2026-06-02 10:30:13 [self-0003-0-attack] Move #764: 77 -> 78 | Army: 5 | Target-Terrain: 1 | Target: 78 | Half: False
2026-06-02 10:30:14 [self-0003-0-attack] My general index: 25
2026-06-02 10:30:14 [self-0003-0-attack] Enemy general index: None
2026-06-02 10:30:14 [self-0003-0-attack] Visible enemy tiles: 9
2026-06-02 10:30:14 [self-0003-0-attack] Tiles: 23 / 54
2026-06-02 10:30:14 [self-0003-0-attack] Map: 18 x 19 Turn: 783
2026-06-02 10:30:14 [self-0003-0-attack] Route planned: Target = 78 Mode = defense city-free reachable tiles = 267 Fallback-Tiles = 269
2026-06-02 10:30:14 [self-0003-0-attack] Priority agent: edge reuse -18000 base = 180080 final = 162080
2026-06-02 10:30:14 [self-0003-0-attack] Move #765: 60 -> 78 | Army: 108 | Target-Terrain: 1 | Target: 78 | Half: False
2026-06-02 10:30:14 [self-0003-0-attack] My general index: 25
2026-06-02 10:30:14 [self-0003-0-attack] Enemy general index: None
2026-06-02 10:30:14 [self-0003-0-attack] Visible enemy tiles: 9
2026-06-02 10:30:14 [self-0003-0-attack] Tiles: 23 / 54
2026-06-02 10:30:14 [self-0003-0-attack] Map: 18 x 19 Turn: 784
2026-06-02 10:30:14 [self-0003-0-attack] Route planned: Target = 60 Mode = defense city-free reachable tiles = 267 Fallback-Tiles = 269
2026-06-02 10:30:14 [self-0003-0-attack] Priority agent: edge reuse -18000 base = 162830 final = 144830
2026-06-02 10:30:14 [self-0003-0-attack] Move #766: 61 -> 60 | Army: 113 | Target-Terrain: 1 | Target: 60 | Half: False
2026-06-02 10:30:15 [self-0003-0-attack] My general index: 25
2026-06-02 10:30:15 [self-0003-0-attack] Enemy general index: None
2026-06-02 10:30:15 [self-0003-0-attack] Visible enemy tiles: 9
2026-06-02 10:30:15 [self-0003-0-attack] Tiles: 23 / 54
2026-06-02 10:30:15 [self-0003-0-attack] Map: 18 x 19 Turn: 785
2026-06-02 10:30:15 [self-0003-0-attack] Route planned: Target = 61 Mode = defense city-free reachable tiles = 268 Fallback-Tiles = 269
2026-06-02 10:30:15 [self-0003-0-attack] Priority agent: reverse -35000, edge reuse -27000 base = 208530 final = 146530
2026-06-02 10:30:15 [self-0003-0-attack] Move #767: 60 -> 61 | Army: 113 | Target-Terrain: 1 | Target: 61 | Half: False
2026-06-02 10:30:15 [self-0003-0-attack] My general index: 25
2026-06-02 10:30:15 [self-0003-0-attack] Enemy general index: None
2026-06-02 10:30:15 [self-0003-0-attack] Visible enemy tiles: 9
2026-06-02 10:30:15 [self-0003-0-attack] Tiles: 23 / 54
2026-06-02 10:30:15 [self-0003-0-attack] Map: 18 x 19 Turn: 786
2026-06-02 10:30:15 [self-0003-0-attack] Route planned: Target = 60 Mode = defense city-free reachable tiles = 267 Fallback-Tiles = 269
2026-06-02 10:30:15 [self-0003-0-attack] Priority agent: edge reuse -27000 base = 178880 final = 151880
2026-06-02 10:30:15 [self-0003-0-attack] Move #768: 78 -> 60 | Army: 112 | Target-Terrain: 1 | Target: 60 | Half: False
2026-06-02 10:30:16 [self-0003-0-attack] My general index: 25
2026-06-02 10:30:16 [self-0003-0-attack] Enemy general index: None
2026-06-02 10:30:16 [self-0003-0-attack] Visible enemy tiles: 9
2026-06-02 10:30:16 [self-0003-0-attack] Tiles: 23 / 54
2026-06-02 10:30:16 [self-0003-0-attack] Map: 18 x 19 Turn: 787
2026-06-02 10:30:16 [self-0003-0-attack] Route planned: Target = 78 Mode = defense city-free reachable tiles = 267 Fallback-Tiles = 269
2026-06-02 10:30:16 [self-0003-0-attack] Move #769: 99 -> 98 | Army: 6 | Target-Terrain: 1 | Target: 78 | Half: False
2026-06-02 10:30:16 [self-0003-0-attack] My general index: 25
2026-06-02 10:30:16 [self-0003-0-attack] Enemy general index: None
2026-06-02 10:30:16 [self-0003-0-attack] Visible enemy tiles: 9
2026-06-02 10:30:16 [self-0003-0-attack] Tiles: 23 / 54
2026-06-02 10:30:16 [self-0003-0-attack] Map: 18 x 19 Turn: 788
2026-06-02 10:30:16 [self-0003-0-attack] Route planned: Target = 78 Mode = defense city-free reachable tiles = 267 Fallback-Tiles = 269
2026-06-02 10:30:16 [self-0003-0-attack] Priority agent: flow +6000 base = 163776 final = 169776
2026-06-02 10:30:16 [self-0003-0-attack] Move #770: 98 -> 97 | Army: 6 | Target-Terrain: 0 | Target: 78 | Half: False
2026-06-02 10:30:17 [self-0003-0-attack] My general index: 25
2026-06-02 10:30:17 [self-0003-0-attack] Enemy general index: None
2026-06-02 10:30:17 [self-0003-0-attack] Visible enemy tiles: 9
2026-06-02 10:30:17 [self-0003-0-attack] Tiles: 24 / 53
2026-06-02 10:30:17 [self-0003-0-attack] Map: 18 x 19 Turn: 789
2026-06-02 10:30:17 [self-0003-0-attack] Route planned: Target = 78 Mode = defense city-free reachable tiles = 267 Fallback-Tiles = 269
2026-06-02 10:30:17 [self-0003-0-attack] Priority agent: flow +6000 base = 163813 final = 169813
2026-06-02 10:30:17 [self-0003-0-attack] Move #771: 97 -> 96 | Army: 3 | Target-Terrain: 0 | Target: 78 | Half: False
2026-06-02 10:30:17 [self-0003-0-attack] My general index: 25
2026-06-02 10:30:17 [self-0003-0-attack] Enemy general index: None
2026-06-02 10:30:17 [self-0003-0-attack] Visible enemy tiles: 8
2026-06-02 10:30:17 [self-0003-0-attack] Tiles: 25 / 52
2026-06-02 10:30:17 [self-0003-0-attack] Map: 18 x 19 Turn: 790
2026-06-02 10:30:17 [self-0003-0-attack] Route planned: Target = 78 Mode = defense city-free reachable tiles = 267 Fallback-Tiles = 269
2026-06-02 10:30:17 [self-0003-0-attack] Priority agent: edge reuse -36000 base = 180080 final = 144080
2026-06-02 10:30:17 [self-0003-0-attack] Move #772: 60 -> 78 | Army: 112 | Target-Terrain: 1 | Target: 78 | Half: False
2026-06-02 10:30:18 [self-0003-0-attack] My general index: 25
2026-06-02 10:30:18 [self-0003-0-attack] Enemy general index: None
2026-06-02 10:30:18 [self-0003-0-attack] Visible enemy tiles: 8
2026-06-02 10:30:18 [self-0003-0-attack] Tiles: 25 / 52
2026-06-02 10:30:18 [self-0003-0-attack] Map: 18 x 19 Turn: 791
2026-06-02 10:30:18 [self-0003-0-attack] Route planned: Target = 60 Mode = defense city-free reachable tiles = 267 Fallback-Tiles = 269
2026-06-02 10:30:18 [self-0003-0-attack] Priority agent: edge reuse -27000 base = 162830 final = 135830
2026-06-02 10:30:18 [self-0003-0-attack] Move #773: 61 -> 60 | Army: 116 | Target-Terrain: 1 | Target: 60 | Half: False
2026-06-02 10:30:18 [self-0003-0-attack] My general index: 25
2026-06-02 10:30:18 [self-0003-0-attack] Enemy general index: None
2026-06-02 10:30:18 [self-0003-0-attack] Visible enemy tiles: 8
2026-06-02 10:30:18 [self-0003-0-attack] Tiles: 25 / 52
2026-06-02 10:30:18 [self-0003-0-attack] Map: 18 x 19 Turn: 792
2026-06-02 10:30:18 [self-0003-0-attack] Route planned: Target = 98 Mode = defense city-free reachable tiles = 267 Fallback-Tiles = 269
2026-06-02 10:30:18 [self-0003-0-attack] Move #774: 80 -> 98 | Army: 192 | Target-Terrain: 1 | Target: 98 | Half: False
2026-06-02 10:30:19 [self-0003-0-attack] My general index: 25
2026-06-02 10:30:19 [self-0003-0-attack] Enemy general index: None
2026-06-02 10:30:19 [self-0003-0-attack] Visible enemy tiles: 8
2026-06-02 10:30:19 [self-0003-0-attack] Tiles: 25 / 52
2026-06-02 10:30:19 [self-0003-0-attack] Map: 18 x 19 Turn: 793
2026-06-02 10:30:19 [self-0003-0-attack] Route planned: Target = 99 Mode = defense city-free reachable tiles = 268 Fallback-Tiles = 269
2026-06-02 10:30:19 [self-0003-0-attack] Priority agent: edge reuse -9000, flow +6000 base = 236730 final = 233730
2026-06-02 10:30:19 [self-0003-0-attack] Move #775: 98 -> 99 | Army: 188 | Target-Terrain: 1 | Target: 99 | Half: False
2026-06-02 10:30:19 [self-0003-0-attack] My general index: 25
2026-06-02 10:30:19 [self-0003-0-attack] Enemy general index: None
2026-06-02 10:30:19 [self-0003-0-attack] Visible enemy tiles: 8
2026-06-02 10:30:19 [self-0003-0-attack] Tiles: 25 / 52
2026-06-02 10:30:19 [self-0003-0-attack] Map: 18 x 19 Turn: 794
2026-06-02 10:30:19 [self-0003-0-attack] Route planned: Target = 98 Mode = defense city-free reachable tiles = 267 Fallback-Tiles = 269
2026-06-02 10:30:19 [self-0003-0-attack] Priority agent: reverse -35000, edge reuse -18000 base = 202230 final = 149230
2026-06-02 10:30:19 [self-0003-0-attack] Move #776: 99 -> 98 | Army: 192 | Target-Terrain: 1 | Target: 98 | Half: False
2026-06-02 10:30:20 [self-0003-0-attack] My general index: 25
2026-06-02 10:30:20 [self-0003-0-attack] Enemy general index: None
2026-06-02 10:30:20 [self-0003-0-attack] Visible enemy tiles: 8
2026-06-02 10:30:20 [self-0003-0-attack] Tiles: 25 / 52
2026-06-02 10:30:20 [self-0003-0-attack] Map: 18 x 19 Turn: 795
2026-06-02 10:30:20 [self-0003-0-attack] Route planned: Target = 99 Mode = defense city-free reachable tiles = 268 Fallback-Tiles = 269
2026-06-02 10:30:20 [self-0003-0-attack] Priority agent: reverse -35000, edge reuse -27000, flow +3000 base = 221730 final = 162730
2026-06-02 10:30:20 [self-0003-0-attack] Move #777: 98 -> 99 | Army: 192 | Target-Terrain: 1 | Target: 99 | Half: False
2026-06-02 10:30:20 [self-0003-0-attack] My general index: 25
2026-06-02 10:30:20 [self-0003-0-attack] Enemy general index: None
2026-06-02 10:30:20 [self-0003-0-attack] Visible enemy tiles: 8
2026-06-02 10:30:20 [self-0003-0-attack] Tiles: 25 / 52
2026-06-02 10:30:20 [self-0003-0-attack] Map: 18 x 19 Turn: 796
2026-06-02 10:30:20 [self-0003-0-attack] Route planned: Target = 98 Mode = defense city-free reachable tiles = 267 Fallback-Tiles = 269
2026-06-02 10:30:20 [self-0003-0-attack] Priority agent: reverse -35000, edge reuse -36000 base = 202230 final = 131230
2026-06-02 10:30:20 [self-0003-0-attack] Move #778: 99 -> 98 | Army: 193 | Target-Terrain: 1 | Target: 98 | Half: False
2026-06-02 10:30:21 [self-0003-0-attack] Coach: catch_up_expand tiles 25/52 army 769/899 cities 2/0 enemy_city_suspect False bias {'expansion_bias': 1.4, 'city_bias': 0.1, 'attack_bias': 0.8, 'defense_bias': 0.0, 'route_bias': 1.0}
2026-06-02 10:30:21 [self-0003-0-attack] My general index: 25
2026-06-02 10:30:21 [self-0003-0-attack] Enemy general index: None
2026-06-02 10:30:21 [self-0003-0-attack] Visible enemy tiles: 8
2026-06-02 10:30:21 [self-0003-0-attack] Tiles: 25 / 52
2026-06-02 10:30:21 [self-0003-0-attack] Map: 18 x 19 Turn: 797
2026-06-02 10:30:21 [self-0003-0-attack] Route planned: Target = 99 Mode = defense city-free reachable tiles = 268 Fallback-Tiles = 269
2026-06-02 10:30:21 [self-0003-0-attack] Priority agent: reverse -35000, edge reuse -45000 base = 209730 final = 129730
2026-06-02 10:30:21 [self-0003-0-attack] Move #779: 98 -> 99 | Army: 193 | Target-Terrain: 1 | Target: 99 | Half: False
2026-06-02 10:30:21 [self-0003-0-attack] My general index: 25
2026-06-02 10:30:21 [self-0003-0-attack] Enemy general index: None
2026-06-02 10:30:21 [self-0003-0-attack] Visible enemy tiles: 8
2026-06-02 10:30:21 [self-0003-0-attack] Tiles: 25 / 52
2026-06-02 10:30:21 [self-0003-0-attack] Map: 18 x 19 Turn: 798
2026-06-02 10:30:21 [self-0003-0-attack] Route planned: Target = 98 Mode = defense city-free reachable tiles = 267 Fallback-Tiles = 269
2026-06-02 10:30:21 [self-0003-0-attack] Move #780: 78 -> 79 | Army: 112 | Target-Terrain: 1 | Target: 98 | Half: False
2026-06-02 10:30:22 [self-0003-0-attack] My general index: 25
2026-06-02 10:30:22 [self-0003-0-attack] Enemy general index: None
2026-06-02 10:30:22 [self-0003-0-attack] Visible enemy tiles: 8
2026-06-02 10:30:22 [self-0003-0-attack] Tiles: 25 / 52
2026-06-02 10:30:22 [self-0003-0-attack] Map: 18 x 19 Turn: 799
2026-06-02 10:30:22 [self-0003-0-attack] Route planned: Target = 78 Mode = defense city-free reachable tiles = 267 Fallback-Tiles = 269
2026-06-02 10:30:22 [self-0003-0-attack] Priority agent: edge reuse -18000 base = 212080 final = 194080
2026-06-02 10:30:22 [self-0003-0-attack] Move #781: 60 -> 78 | Army: 116 | Target-Terrain: 1 | Target: 78 | Half: False
2026-06-02 10:30:22 [self-0003-0-attack] My general index: 25
2026-06-02 10:30:22 [self-0003-0-attack] Enemy general index: None
2026-06-02 10:30:22 [self-0003-0-attack] Visible enemy tiles: 8
2026-06-02 10:30:22 [self-0003-0-attack] Tiles: 25 / 52
2026-06-02 10:30:22 [self-0003-0-attack] Map: 18 x 19 Turn: 800
2026-06-02 10:30:22 [self-0003-0-attack] Route planned: Target = 60 Mode = defense city-free reachable tiles = 267 Fallback-Tiles = 269
2026-06-02 10:30:22 [self-0003-0-attack] Move #782: 42 -> 60 | Army: 2 | Target-Terrain: 1 | Target: 60 | Half: False
2026-06-02 10:30:23 [self-0003-0-attack] My general index: 25
2026-06-02 10:30:23 [self-0003-0-attack] Enemy general index: None
2026-06-02 10:30:23 [self-0003-0-attack] Visible enemy tiles: 8
2026-06-02 10:30:23 [self-0003-0-attack] Tiles: 25 / 52
2026-06-02 10:30:23 [self-0003-0-attack] Map: 18 x 19 Turn: 801
2026-06-02 10:30:23 [self-0003-0-attack] Route planned: Target = 60 Mode = defense city-free reachable tiles = 267 Fallback-Tiles = 269
2026-06-02 10:30:23 [self-0003-0-attack] Move #783: 59 -> 60 | Army: 2 | Target-Terrain: 1 | Target: 60 | Half: False
2026-06-02 10:30:23 [self-0003-0-attack] My general index: 25
2026-06-02 10:30:23 [self-0003-0-attack] Enemy general index: None
2026-06-02 10:30:23 [self-0003-0-attack] Visible enemy tiles: 8
2026-06-02 10:30:23 [self-0003-0-attack] Tiles: 25 / 52
2026-06-02 10:30:23 [self-0003-0-attack] Map: 18 x 19 Turn: 802
2026-06-02 10:30:23 [self-0003-0-attack] Route planned: Target = 60 Mode = defense city-free reachable tiles = 267 Fallback-Tiles = 269
2026-06-02 10:30:23 [self-0003-0-attack] Priority agent: edge reuse -9000 base = 194408 final = 185408
2026-06-02 10:30:23 [self-0003-0-attack] Move #784: 61 -> 60 | Army: 8 | Target-Terrain: 1 | Target: 60 | Half: False
2026-06-02 10:30:24 [self-0003-0-attack] My general index: 25
2026-06-02 10:30:24 [self-0003-0-attack] Enemy general index: None
2026-06-02 10:30:24 [self-0003-0-attack] Visible enemy tiles: 8
2026-06-02 10:30:24 [self-0003-0-attack] Tiles: 25 / 52
2026-06-02 10:30:24 [self-0003-0-attack] Map: 18 x 19 Turn: 803
2026-06-02 10:30:24 [self-0003-0-attack] Route planned: Target = 60 Mode = defense city-free reachable tiles = 267 Fallback-Tiles = 269
2026-06-02 10:30:24 [self-0003-0-attack] Priority agent: edge reuse -18000 base = 178880 final = 160880
2026-06-02 10:30:24 [self-0003-0-attack] Move #785: 78 -> 60 | Army: 117 | Target-Terrain: 1 | Target: 60 | Half: False
2026-06-02 10:30:24 [self-0003-0-attack] My general index: 25
2026-06-02 10:30:24 [self-0003-0-attack] Enemy general index: None
2026-06-02 10:30:24 [self-0003-0-attack] Visible enemy tiles: 8
2026-06-02 10:30:24 [self-0003-0-attack] Tiles: 25 / 52
2026-06-02 10:30:24 [self-0003-0-attack] Map: 18 x 19 Turn: 804
2026-06-02 10:30:24 [self-0003-0-attack] Route planned: Target = 78 Mode = defense city-free reachable tiles = 267 Fallback-Tiles = 269
2026-06-02 10:30:24 [self-0003-0-attack] Move #786: 77 -> 78 | Army: 2 | Target-Terrain: 1 | Target: 78 | Half: False
2026-06-02 10:30:25 [self-0003-0-attack] My general index: 25
2026-06-02 10:30:25 [self-0003-0-attack] Enemy general index: None
2026-06-02 10:30:25 [self-0003-0-attack] Visible enemy tiles: 8
2026-06-02 10:30:25 [self-0003-0-attack] Tiles: 25 / 52
2026-06-02 10:30:25 [self-0003-0-attack] Map: 18 x 19 Turn: 805
2026-06-02 10:30:25 [self-0003-0-attack] Route planned: Target = 78 Mode = defense city-free reachable tiles = 267 Fallback-Tiles = 269
2026-06-02 10:30:25 [self-0003-0-attack] Move #787: 96 -> 78 | Army: 2 | Target-Terrain: 1 | Target: 78 | Half: False
2026-06-02 10:30:25 [self-0003-0-attack] My general index: 25
2026-06-02 10:30:25 [self-0003-0-attack] Enemy general index: None
2026-06-02 10:30:25 [self-0003-0-attack] Visible enemy tiles: 8
2026-06-02 10:30:25 [self-0003-0-attack] Tiles: 25 / 52
2026-06-02 10:30:25 [self-0003-0-attack] Map: 18 x 19 Turn: 806
2026-06-02 10:30:25 [self-0003-0-attack] Route planned: Target = 78 Mode = defense city-free reachable tiles = 267 Fallback-Tiles = 269
2026-06-02 10:30:25 [self-0003-0-attack] Priority agent: edge reuse -9000 base = 195080 final = 186080
2026-06-02 10:30:25 [self-0003-0-attack] Move #788: 79 -> 78 | Army: 113 | Target-Terrain: 1 | Target: 78 | Half: False
2026-06-02 10:30:26 [self-0003-0-attack] My general index: 25
2026-06-02 10:30:26 [self-0003-0-attack] Enemy general index: None
2026-06-02 10:30:26 [self-0003-0-attack] Visible enemy tiles: 9
2026-06-02 10:30:26 [self-0003-0-attack] Tiles: 24 / 53
2026-06-02 10:30:26 [self-0003-0-attack] Map: 18 x 19 Turn: 807
2026-06-02 10:30:26 [self-0003-0-attack] Route planned: Target = 98 Mode = defense city-free reachable tiles = 267 Fallback-Tiles = 269
2026-06-02 10:30:26 [self-0003-0-attack] Move #789: 80 -> 98 | Army: 2 | Target-Terrain: 1 | Target: 98 | Half: False
2026-06-02 10:30:26 [self-0003-0-attack] My general index: 25
2026-06-02 10:30:26 [self-0003-0-attack] Enemy general index: None
2026-06-02 10:30:26 [self-0003-0-attack] Visible enemy tiles: 9
2026-06-02 10:30:26 [self-0003-0-attack] Tiles: 24 / 53
2026-06-02 10:30:26 [self-0003-0-attack] Map: 18 x 19 Turn: 808
2026-06-02 10:30:26 [self-0003-0-attack] Route planned: Target = 98 Mode = defense city-free reachable tiles = 267 Fallback-Tiles = 269
2026-06-02 10:30:26 [self-0003-0-attack] Move #790: 97 -> 98 | Army: 2 | Target-Terrain: 1 | Target: 98 | Half: False
2026-06-02 10:30:27 [self-0003-0-attack] My general index: 25
2026-06-02 10:30:27 [self-0003-0-attack] Enemy general index: None
2026-06-02 10:30:27 [self-0003-0-attack] Visible enemy tiles: 10
2026-06-02 10:30:27 [self-0003-0-attack] Tiles: 23 / 54
2026-06-02 10:30:27 [self-0003-0-attack] Map: 18 x 19 Turn: 809
2026-06-02 10:30:27 [self-0003-0-attack] Route planned: Target = 98 Mode = defense city-free reachable tiles = 267 Fallback-Tiles = 269
2026-06-02 10:30:27 [self-0003-0-attack] Priority agent: edge reuse -27000 base = 281480 final = 254480
2026-06-02 10:30:27 [self-0003-0-attack] Move #791: 99 -> 98 | Army: 200 | Target-Terrain: 0 | Target: 98 | Half: False
2026-06-02 10:30:27 [self-0003-0-attack] My general index: 25
2026-06-02 10:30:27 [self-0003-0-attack] Enemy general index: None
2026-06-02 10:30:27 [self-0003-0-attack] Visible enemy tiles: 9
2026-06-02 10:30:27 [self-0003-0-attack] Tiles: 23 / 54
2026-06-02 10:30:27 [self-0003-0-attack] Map: 18 x 19 Turn: 810
2026-06-02 10:30:27 [self-0003-0-attack] Route planned: Target = 99 Mode = defense city-free reachable tiles = 268 Fallback-Tiles = 269
2026-06-02 10:30:27 [self-0003-0-attack] Priority agent: reverse -35000, edge reuse -27000 base = 221730 final = 159730
2026-06-02 10:30:27 [self-0003-0-attack] Move #792: 98 -> 99 | Army: 197 | Target-Terrain: 1 | Target: 99 | Half: False
2026-06-02 10:30:28 [self-0003-0-attack] My general index: 25
2026-06-02 10:30:28 [self-0003-0-attack] Enemy general index: None
2026-06-02 10:30:28 [self-0003-0-attack] Visible enemy tiles: 9
2026-06-02 10:30:28 [self-0003-0-attack] Tiles: 23 / 54
2026-06-02 10:30:28 [self-0003-0-attack] Map: 18 x 19 Turn: 811
2026-06-02 10:30:28 [self-0003-0-attack] Route planned: Target = 98 Mode = defense city-free reachable tiles = 267 Fallback-Tiles = 269
2026-06-02 10:30:28 [self-0003-0-attack] Priority agent: reverse -35000, edge reuse -27000 base = 202230 final = 140230
2026-06-02 10:30:28 [self-0003-0-attack] Move #793: 99 -> 98 | Army: 198 | Target-Terrain: 1 | Target: 98 | Half: False
2026-06-02 10:30:28 [self-0003-0-attack] My general index: 25
2026-06-02 10:30:28 [self-0003-0-attack] Enemy general index: None
2026-06-02 10:30:28 [self-0003-0-attack] Visible enemy tiles: 9
2026-06-02 10:30:28 [self-0003-0-attack] Tiles: 23 / 54
2026-06-02 10:30:28 [self-0003-0-attack] Map: 18 x 19 Turn: 812
2026-06-02 10:30:28 [self-0003-0-attack] Route planned: Target = 99 Mode = defense city-free reachable tiles = 268 Fallback-Tiles = 269
2026-06-02 10:30:28 [self-0003-0-attack] Priority agent: reverse -35000, edge reuse -27000 base = 221730 final = 159730
2026-06-02 10:30:28 [self-0003-0-attack] Move #794: 98 -> 99 | Army: 198 | Target-Terrain: 1 | Target: 99 | Half: False
2026-06-02 10:30:29 [self-0003-0-attack] My general index: 25
2026-06-02 10:30:29 [self-0003-0-attack] Enemy general index: None
2026-06-02 10:30:29 [self-0003-0-attack] Visible enemy tiles: 9
2026-06-02 10:30:29 [self-0003-0-attack] Tiles: 23 / 54
2026-06-02 10:30:29 [self-0003-0-attack] Map: 18 x 19 Turn: 813
2026-06-02 10:30:29 [self-0003-0-attack] Route planned: Target = 98 Mode = defense city-free reachable tiles = 267 Fallback-Tiles = 269
2026-06-02 10:30:29 [self-0003-0-attack] Priority agent: edge reuse -9000 base = 142550 final = 133550
2026-06-02 10:30:29 [self-0003-0-attack] Move #795: 78 -> 96 | Army: 115 | Target-Terrain: 0 | Target: 98 | Half: False
2026-06-02 10:30:29 [self-0003-0-attack] My general index: 25
2026-06-02 10:30:29 [self-0003-0-attack] Enemy general index: None
2026-06-02 10:30:29 [self-0003-0-attack] Visible enemy tiles: 9
2026-06-02 10:30:29 [self-0003-0-attack] Tiles: 24 / 53
2026-06-02 10:30:29 [self-0003-0-attack] Map: 18 x 19 Turn: 814
2026-06-02 10:30:29 [self-0003-0-attack] Route planned: Target = 78 Mode = defense city-free reachable tiles = 267 Fallback-Tiles = 269
2026-06-02 10:30:29 [self-0003-0-attack] Priority agent: edge reuse -9000 base = 215080 final = 206080
2026-06-02 10:30:29 [self-0003-0-attack] Move #796: 60 -> 78 | Army: 127 | Target-Terrain: 1 | Target: 78 | Half: False
2026-06-02 10:30:30 [self-0003-0-attack] My general index: 25
2026-06-02 10:30:30 [self-0003-0-attack] Enemy general index: None
2026-06-02 10:30:30 [self-0003-0-attack] Visible enemy tiles: 9
2026-06-02 10:30:30 [self-0003-0-attack] Tiles: 24 / 53
2026-06-02 10:30:30 [self-0003-0-attack] Map: 18 x 19 Turn: 815
2026-06-02 10:30:30 [self-0003-0-attack] Route planned: Target = 60 Mode = defense city-free reachable tiles = 267 Fallback-Tiles = 269
2026-06-02 10:30:30 [self-0003-0-attack] Priority agent: edge reuse -9000 base = 194407 final = 185407
2026-06-02 10:30:30 [self-0003-0-attack] Move #797: 61 -> 60 | Army: 7 | Target-Terrain: 1 | Target: 60 | Half: False
2026-06-02 10:30:30 [self-0003-0-attack] My general index: 25
2026-06-02 10:30:30 [self-0003-0-attack] Enemy general index: None
2026-06-02 10:30:30 [self-0003-0-attack] Visible enemy tiles: 9
2026-06-02 10:30:30 [self-0003-0-attack] Tiles: 24 / 53
2026-06-02 10:30:30 [self-0003-0-attack] Map: 18 x 19 Turn: 816
2026-06-02 10:30:30 [self-0003-0-attack] Route planned: Target = 60 Mode = defense city-free reachable tiles = 267 Fallback-Tiles = 269
2026-06-02 10:30:30 [self-0003-0-attack] Priority agent: edge reuse -18000 base = 179402 final = 161402
2026-06-02 10:30:30 [self-0003-0-attack] Move #798: 61 -> 60 | Army: 2 | Target-Terrain: 1 | Target: 60 | Half: False
2026-06-02 10:30:31 [self-0003-0-attack] My general index: 25
2026-06-02 10:30:31 [self-0003-0-attack] Enemy general index: None
2026-06-02 10:30:31 [self-0003-0-attack] Visible enemy tiles: 9
2026-06-02 10:30:31 [self-0003-0-attack] Tiles: 24 / 53
2026-06-02 10:30:31 [self-0003-0-attack] Map: 18 x 19 Turn: 817
2026-06-02 10:30:31 [self-0003-0-attack] Route planned: Target = 60 Mode = defense city-free reachable tiles = 267 Fallback-Tiles = 269
2026-06-02 10:30:31 [self-0003-0-attack] Priority agent: edge reuse -18000 base = 178880 final = 160880
2026-06-02 10:30:31 [self-0003-0-attack] Move #799: 78 -> 60 | Army: 127 | Target-Terrain: 1 | Target: 60 | Half: False
2026-06-02 10:30:31 [self-0003-0-attack] My general index: 25
2026-06-02 10:30:31 [self-0003-0-attack] Enemy general index: None
2026-06-02 10:30:31 [self-0003-0-attack] Visible enemy tiles: 9
2026-06-02 10:30:31 [self-0003-0-attack] Tiles: 24 / 53
2026-06-02 10:30:31 [self-0003-0-attack] Map: 18 x 19 Turn: 818
2026-06-02 10:30:31 [self-0003-0-attack] Route planned: Target = 78 Mode = defense city-free reachable tiles = 267 Fallback-Tiles = 269
2026-06-02 10:30:31 [self-0003-0-attack] Priority agent: edge reuse -18000 base = 180080 final = 162080
2026-06-02 10:30:31 [self-0003-0-attack] Move #800: 96 -> 78 | Army: 113 | Target-Terrain: 1 | Target: 78 | Half: False
2026-06-02 10:30:32 [self-0003-0-attack] My general index: 25
2026-06-02 10:30:32 [self-0003-0-attack] Enemy general index: None
2026-06-02 10:30:32 [self-0003-0-attack] Visible enemy tiles: 9
2026-06-02 10:30:32 [self-0003-0-attack] Tiles: 24 / 53
2026-06-02 10:30:32 [self-0003-0-attack] Map: 18 x 19 Turn: 819
2026-06-02 10:30:32 [self-0003-0-attack] Route planned: Target = 98 Mode = defense city-free reachable tiles = 267 Fallback-Tiles = 269
2026-06-02 10:30:32 [self-0003-0-attack] Priority agent: edge reuse -36000 base = 200030 final = 164030
2026-06-02 10:30:32 [self-0003-0-attack] Move #801: 99 -> 98 | Army: 202 | Target-Terrain: 1 | Target: 98 | Half: False
2026-06-02 10:30:32 [self-0003-0-attack] My general index: 25
2026-06-02 10:30:32 [self-0003-0-attack] Enemy general index: None
2026-06-02 10:30:32 [self-0003-0-attack] Visible enemy tiles: 9
2026-06-02 10:30:32 [self-0003-0-attack] Tiles: 24 / 53
2026-06-02 10:30:32 [self-0003-0-attack] Map: 18 x 19 Turn: 820
2026-06-02 10:30:32 [self-0003-0-attack] Route planned: Target = 99 Mode = defense city-free reachable tiles = 268 Fallback-Tiles = 269
2026-06-02 10:30:32 [self-0003-0-attack] Priority agent: reverse -35000, edge reuse -45000 base = 209730 final = 129730
2026-06-02 10:30:32 [self-0003-0-attack] Move #802: 98 -> 99 | Army: 202 | Target-Terrain: 1 | Target: 99 | Half: False
2026-06-02 10:30:33 [self-0003-0-attack] My general index: 25
2026-06-02 10:30:33 [self-0003-0-attack] Enemy general index: None
2026-06-02 10:30:33 [self-0003-0-attack] Visible enemy tiles: 9
2026-06-02 10:30:33 [self-0003-0-attack] Tiles: 24 / 53
2026-06-02 10:30:33 [self-0003-0-attack] Map: 18 x 19 Turn: 821
2026-06-02 10:30:33 [self-0003-0-attack] Route planned: Target = 98 Mode = defense city-free reachable tiles = 267 Fallback-Tiles = 269
2026-06-02 10:30:33 [self-0003-0-attack] Move #803: 78 -> 79 | Army: 113 | Target-Terrain: 1 | Target: 98 | Half: False
2026-06-02 10:30:33 [self-0003-0-attack] My general index: 25
2026-06-02 10:30:33 [self-0003-0-attack] Enemy general index: None
2026-06-02 10:30:33 [self-0003-0-attack] Visible enemy tiles: 9
2026-06-02 10:30:33 [self-0003-0-attack] Tiles: 24 / 53
2026-06-02 10:30:33 [self-0003-0-attack] Map: 18 x 19 Turn: 822
2026-06-02 10:30:33 [self-0003-0-attack] Route planned: Target = 78 Mode = defense city-free reachable tiles = 267 Fallback-Tiles = 269
2026-06-02 10:30:33 [self-0003-0-attack] Priority agent: edge reuse -18000 base = 180080 final = 162080
2026-06-02 10:30:33 [self-0003-0-attack] Move #804: 60 -> 78 | Army: 134 | Target-Terrain: 1 | Target: 78 | Half: False
2026-06-02 10:30:34 [self-0003-0-attack] My general index: 25
2026-06-02 10:30:34 [self-0003-0-attack] Enemy general index: None
2026-06-02 10:30:34 [self-0003-0-attack] Visible enemy tiles: 9
2026-06-02 10:30:34 [self-0003-0-attack] Tiles: 24 / 53
2026-06-02 10:30:34 [self-0003-0-attack] Map: 18 x 19 Turn: 823
2026-06-02 10:30:34 [self-0003-0-attack] Route planned: Target = 60 Mode = defense city-free reachable tiles = 267 Fallback-Tiles = 269
2026-06-02 10:30:34 [self-0003-0-attack] Priority agent: edge reuse -18000 base = 179404 final = 161404
2026-06-02 10:30:34 [self-0003-0-attack] Move #805: 61 -> 60 | Army: 4 | Target-Terrain: 1 | Target: 60 | Half: False
2026-06-02 10:30:34 [self-0003-0-attack] My general index: 25
2026-06-02 10:30:34 [self-0003-0-attack] Enemy general index: None
2026-06-02 10:30:34 [self-0003-0-attack] Visible enemy tiles: 10
2026-06-02 10:30:34 [self-0003-0-attack] Tiles: 23 / 54
2026-06-02 10:30:34 [self-0003-0-attack] Map: 18 x 19 Turn: 824
2026-06-02 10:30:34 [self-0003-0-attack] Route planned: Target = 98 Mode = defense city-free reachable tiles = 267 Fallback-Tiles = 269
2026-06-02 10:30:34 [self-0003-0-attack] Priority agent: edge reuse -45000 base = 261780 final = 216780
2026-06-02 10:30:34 [self-0003-0-attack] Move #806: 99 -> 98 | Army: 205 | Target-Terrain: 0 | Target: 98 | Half: False
2026-06-02 10:30:35 [self-0003-0-attack] My general index: 25
2026-06-02 10:30:35 [self-0003-0-attack] Enemy general index: None
2026-06-02 10:30:35 [self-0003-0-attack] Visible enemy tiles: 9
2026-06-02 10:30:35 [self-0003-0-attack] Tiles: 24 / 53
2026-06-02 10:30:35 [self-0003-0-attack] Map: 18 x 19 Turn: 825
2026-06-02 10:30:35 [self-0003-0-attack] Route planned: Target = 116 Mode = strategy city-free reachable tiles = 267 Fallback-Tiles = 269
2026-06-02 10:30:35 [self-0003-0-attack] Priority agent: flow +6000 base = 89130 final = 95130
2026-06-02 10:30:35 [self-0003-0-attack] Move #807: 98 -> 116 | Army: 203 | Target-Terrain: 0 | Target: 116 | Half: False
2026-06-02 10:30:35 [self-0003-0-attack] My general index: 25
2026-06-02 10:30:35 [self-0003-0-attack] Enemy general index: None
2026-06-02 10:30:35 [self-0003-0-attack] Visible enemy tiles: 11
2026-06-02 10:30:35 [self-0003-0-attack] Tiles: 25 / 52
2026-06-02 10:30:35 [self-0003-0-attack] Map: 18 x 19 Turn: 826
2026-06-02 10:30:35 [self-0003-0-attack] Route planned: Target = 134 Mode = strategy city-free reachable tiles = 267 Fallback-Tiles = 269
2026-06-02 10:30:35 [self-0003-0-attack] Priority agent: flow +6000 base = 89130 final = 95130
2026-06-02 10:30:35 [self-0003-0-attack] Move #808: 116 -> 134 | Army: 201 | Target-Terrain: 0 | Target: 134 | Half: False
2026-06-02 10:30:36 [self-0003-0-attack] My general index: 25
2026-06-02 10:30:36 [self-0003-0-attack] Enemy general index: None
2026-06-02 10:30:36 [self-0003-0-attack] Visible enemy tiles: 12
2026-06-02 10:30:36 [self-0003-0-attack] Tiles: 26 / 51
2026-06-02 10:30:36 [self-0003-0-attack] Map: 18 x 19 Turn: 827
2026-06-02 10:30:36 [self-0003-0-attack] Route planned: Target = 152 Mode = strategy city-free reachable tiles = 267 Fallback-Tiles = 269
2026-06-02 10:30:36 [self-0003-0-attack] Priority agent: flow +6000 base = 88830 final = 94830
2026-06-02 10:30:36 [self-0003-0-attack] Move #809: 134 -> 152 | Army: 199 | Target-Terrain: 0 | Target: 152 | Half: False
2026-06-02 10:30:36 [self-0003-0-attack] My general index: 25
2026-06-02 10:30:36 [self-0003-0-attack] Enemy general index: None
2026-06-02 10:30:36 [self-0003-0-attack] Visible enemy tiles: 15
2026-06-02 10:30:36 [self-0003-0-attack] Tiles: 26 / 51
2026-06-02 10:30:36 [self-0003-0-attack] Map: 18 x 19 Turn: 828
2026-06-02 10:30:36 [self-0003-0-attack] Route planned: Target = 115 Mode = defense city-free reachable tiles = 267 Fallback-Tiles = 269
2026-06-02 10:30:36 [self-0003-0-attack] Move #810: 99 -> 117 | Army: 3 | Target-Terrain: 0 | Target: 115 | Half: False
2026-06-02 10:30:37 [self-0003-0-attack] My general index: 25
2026-06-02 10:30:37 [self-0003-0-attack] Enemy general index: None
2026-06-02 10:30:37 [self-0003-0-attack] Visible enemy tiles: 16
2026-06-02 10:30:37 [self-0003-0-attack] Tiles: 26 / 51
2026-06-02 10:30:37 [self-0003-0-attack] Map: 18 x 19 Turn: 829
2026-06-02 10:30:37 [self-0003-0-attack] Route planned: Target = 115 Mode = defense city-free reachable tiles = 267 Fallback-Tiles = 269
2026-06-02 10:30:37 [self-0003-0-attack] Move #811: 79 -> 97 | Army: 113 | Target-Terrain: 0 | Target: 115 | Half: False
2026-06-02 10:30:37 [self-0003-0-attack] My general index: 25
2026-06-02 10:30:37 [self-0003-0-attack] Enemy general index: None
2026-06-02 10:30:37 [self-0003-0-attack] Visible enemy tiles: 15
2026-06-02 10:30:37 [self-0003-0-attack] Tiles: 26 / 51
2026-06-02 10:30:37 [self-0003-0-attack] Map: 18 x 19 Turn: 830
2026-06-02 10:30:37 [self-0003-0-attack] Route planned: Target = 115 Mode = defense city-free reachable tiles = 267 Fallback-Tiles = 269
2026-06-02 10:30:37 [self-0003-0-attack] Priority agent: flow +6000 base = 272630 final = 278630
2026-06-02 10:30:37 [self-0003-0-attack] Move #812: 97 -> 115 | Army: 111 | Target-Terrain: 0 | Target: 115 | Half: False
2026-06-02 10:30:38 [self-0003-0-attack] My general index: 25
2026-06-02 10:30:38 [self-0003-0-attack] Enemy general index: None
2026-06-02 10:30:38 [self-0003-0-attack] Visible enemy tiles: 15
2026-06-02 10:30:38 [self-0003-0-attack] Tiles: 27 / 50
2026-06-02 10:30:38 [self-0003-0-attack] Map: 18 x 19 Turn: 831
2026-06-02 10:30:38 [self-0003-0-attack] Route planned: Target = 114 Mode = defense city-free reachable tiles = 267 Fallback-Tiles = 269
2026-06-02 10:30:38 [self-0003-0-attack] Priority agent: flow +6000 base = 269930 final = 275930
2026-06-02 10:30:38 [self-0003-0-attack] Move #813: 115 -> 114 | Army: 108 | Target-Terrain: 0 | Target: 114 | Half: False
2026-06-02 10:30:38 [self-0003-0-attack] My general index: 25
2026-06-02 10:30:38 [self-0003-0-attack] Enemy general index: None
2026-06-02 10:30:38 [self-0003-0-attack] Visible enemy tiles: 14
2026-06-02 10:30:38 [self-0003-0-attack] Tiles: 28 / 49
2026-06-02 10:30:38 [self-0003-0-attack] Map: 18 x 19 Turn: 832
2026-06-02 10:30:38 [self-0003-0-attack] Route planned: Target = 115 Mode = defense city-free reachable tiles = 267 Fallback-Tiles = 269
2026-06-02 10:30:38 [self-0003-0-attack] Priority agent: reverse -35000, edge reuse -9000 base = 212580 final = 168580
2026-06-02 10:30:38 [self-0003-0-attack] Move #814: 114 -> 115 | Army: 106 | Target-Terrain: 1 | Target: 115 | Half: False
2026-06-02 10:30:39 [self-0003-0-attack] My general index: 25
2026-06-02 10:30:39 [self-0003-0-attack] Enemy general index: None
2026-06-02 10:30:39 [self-0003-0-attack] Visible enemy tiles: 14
2026-06-02 10:30:39 [self-0003-0-attack] Tiles: 28 / 49
2026-06-02 10:30:39 [self-0003-0-attack] Map: 18 x 19 Turn: 833
2026-06-02 10:30:39 [self-0003-0-attack] Route planned: Target = 114 Mode = defense city-free reachable tiles = 267 Fallback-Tiles = 269
2026-06-02 10:30:39 [self-0003-0-attack] Priority agent: reverse -35000, edge reuse -18000, flow +3000 base = 195180 final = 145180
2026-06-02 10:30:39 [self-0003-0-attack] Move #815: 115 -> 114 | Army: 106 | Target-Terrain: 1 | Target: 114 | Half: False
2026-06-02 10:30:39 [self-0003-0-attack] My general index: 25
2026-06-02 10:30:39 [self-0003-0-attack] Enemy general index: None
2026-06-02 10:30:39 [self-0003-0-attack] Visible enemy tiles: 14
2026-06-02 10:30:39 [self-0003-0-attack] Tiles: 28 / 49
2026-06-02 10:30:39 [self-0003-0-attack] Map: 18 x 19 Turn: 834
2026-06-02 10:30:39 [self-0003-0-attack] Route planned: Target = 115 Mode = defense city-free reachable tiles = 267 Fallback-Tiles = 269
2026-06-02 10:30:39 [self-0003-0-attack] Priority agent: edge reuse -9000 base = 142850 final = 133850
2026-06-02 10:30:39 [self-0003-0-attack] Move #816: 152 -> 134 | Army: 197 | Target-Terrain: 0 | Target: 115 | Half: False
2026-06-02 10:30:40 [self-0003-0-attack] My general index: 25
2026-06-02 10:30:40 [self-0003-0-attack] Enemy general index: None
2026-06-02 10:30:40 [self-0003-0-attack] Visible enemy tiles: 13
2026-06-02 10:30:40 [self-0003-0-attack] Tiles: 29 / 48
2026-06-02 10:30:40 [self-0003-0-attack] Map: 18 x 19 Turn: 835
2026-06-02 10:30:40 [self-0003-0-attack] Route planned: Target = 115 Mode = defense city-free reachable tiles = 267 Fallback-Tiles = 269
2026-06-02 10:30:40 [self-0003-0-attack] Priority agent: flow +6000 base = 165690 final = 171690
2026-06-02 10:30:40 [self-0003-0-attack] Move #817: 134 -> 133 | Army: 155 | Target-Terrain: 0 | Target: 115 | Half: False
2026-06-02 10:30:40 [self-0003-0-attack] My general index: 25
2026-06-02 10:30:40 [self-0003-0-attack] Enemy general index: None
2026-06-02 10:30:40 [self-0003-0-attack] Visible enemy tiles: 11
2026-06-02 10:30:40 [self-0003-0-attack] Tiles: 29 / 48
2026-06-02 10:30:40 [self-0003-0-attack] Map: 18 x 19 Turn: 836
2026-06-02 10:30:40 [self-0003-0-attack] Route planned: Target = 115 Mode = defense city-free reachable tiles = 267 Fallback-Tiles = 269
2026-06-02 10:30:40 [self-0003-0-attack] Priority agent: flow +6000 base = 220580 final = 226580
2026-06-02 10:30:40 [self-0003-0-attack] Move #818: 133 -> 115 | Army: 153 | Target-Terrain: 1 | Target: 115 | Half: False
2026-06-02 10:30:41 [self-0003-0-attack] My general index: 25
2026-06-02 10:30:41 [self-0003-0-attack] Enemy general index: None
2026-06-02 10:30:41 [self-0003-0-attack] Visible enemy tiles: 10
2026-06-02 10:30:41 [self-0003-0-attack] Tiles: 28 / 49
2026-06-02 10:30:41 [self-0003-0-attack] Map: 18 x 19 Turn: 837
2026-06-02 10:30:41 [self-0003-0-attack] Route planned: Target = 116 Mode = defense city-free reachable tiles = 267 Fallback-Tiles = 269
2026-06-02 10:30:41 [self-0003-0-attack] Priority agent: flow +6000 base = 269930 final = 275930
2026-06-02 10:30:41 [self-0003-0-attack] Move #819: 115 -> 116 | Army: 153 | Target-Terrain: 0 | Target: 116 | Half: False
2026-06-02 10:30:41 [self-0003-0-attack] My general index: 25
2026-06-02 10:30:41 [self-0003-0-attack] Enemy general index: None
2026-06-02 10:30:41 [self-0003-0-attack] Visible enemy tiles: 10
2026-06-02 10:30:41 [self-0003-0-attack] Tiles: 29 / 48
2026-06-02 10:30:41 [self-0003-0-attack] Map: 18 x 19 Turn: 838
2026-06-02 10:30:41 [self-0003-0-attack] Route planned: Target = 115 Mode = defense city-free reachable tiles = 267 Fallback-Tiles = 269
2026-06-02 10:30:41 [self-0003-0-attack] Priority agent: reverse -35000, edge reuse -9000 base = 200580 final = 156580
2026-06-02 10:30:41 [self-0003-0-attack] Move #820: 116 -> 115 | Army: 151 | Target-Terrain: 1 | Target: 115 | Half: False
2026-06-02 10:30:42 [self-0003-0-attack] My general index: 25
2026-06-02 10:30:42 [self-0003-0-attack] Enemy general index: None
2026-06-02 10:30:42 [self-0003-0-attack] Visible enemy tiles: 10
2026-06-02 10:30:42 [self-0003-0-attack] Tiles: 29 / 48
2026-06-02 10:30:42 [self-0003-0-attack] Map: 18 x 19 Turn: 839
2026-06-02 10:30:42 [self-0003-0-attack] Route planned: Target = 116 Mode = defense city-free reachable tiles = 267 Fallback-Tiles = 269
2026-06-02 10:30:42 [self-0003-0-attack] Priority agent: reverse -35000, edge reuse -18000, flow +3000 base = 183180 final = 133180
2026-06-02 10:30:42 [self-0003-0-attack] Move #821: 115 -> 116 | Army: 151 | Target-Terrain: 1 | Target: 116 | Half: False
2026-06-02 10:30:42 [self-0003-0-attack] My general index: 25
2026-06-02 10:30:42 [self-0003-0-attack] Enemy general index: None
2026-06-02 10:30:42 [self-0003-0-attack] Visible enemy tiles: 10
2026-06-02 10:30:42 [self-0003-0-attack] Tiles: 29 / 48
2026-06-02 10:30:42 [self-0003-0-attack] Map: 18 x 19 Turn: 840
2026-06-02 10:30:42 [self-0003-0-attack] Route planned: Target = 115 Mode = defense city-free reachable tiles = 267 Fallback-Tiles = 269
2026-06-02 10:30:42 [self-0003-0-attack] Priority agent: edge reuse -9000 base = 165077 final = 156077
2026-06-02 10:30:42 [self-0003-0-attack] Move #822: 99 -> 117 | Army: 7 | Target-Terrain: 0 | Target: 115 | Half: False
2026-06-02 10:30:43 [self-0003-0-attack] My general index: 25
2026-06-02 10:30:43 [self-0003-0-attack] Enemy general index: None
2026-06-02 10:30:43 [self-0003-0-attack] Visible enemy tiles: 10
2026-06-02 10:30:43 [self-0003-0-attack] Tiles: 30 / 47
2026-06-02 10:30:43 [self-0003-0-attack] Map: 18 x 19 Turn: 841
2026-06-02 10:30:43 [self-0003-0-attack] Route planned: Target = 115 Mode = defense city-free reachable tiles = 267 Fallback-Tiles = 269
2026-06-02 10:30:43 [self-0003-0-attack] Priority agent: edge reuse -27000 base = 182480 final = 155480
2026-06-02 10:30:43 [self-0003-0-attack] Move #823: 116 -> 115 | Army: 124 | Target-Terrain: 1 | Target: 115 | Half: False
2026-06-02 10:30:43 [self-0003-0-attack] My general index: 25
2026-06-02 10:30:43 [self-0003-0-attack] Enemy general index: None
2026-06-02 10:30:43 [self-0003-0-attack] Visible enemy tiles: 10
2026-06-02 10:30:43 [self-0003-0-attack] Tiles: 30 / 47
2026-06-02 10:30:43 [self-0003-0-attack] Map: 18 x 19 Turn: 842
2026-06-02 10:30:43 [self-0003-0-attack] Route planned: Target = 116 Mode = defense city-free reachable tiles = 267 Fallback-Tiles = 269
2026-06-02 10:30:43 [self-0003-0-attack] Move #824: 117 -> 116 | Army: 5 | Target-Terrain: 1 | Target: 116 | Half: False
2026-06-02 10:30:44 [self-0003-0-attack] My general index: 25
2026-06-02 10:30:44 [self-0003-0-attack] Enemy general index: None
2026-06-02 10:30:44 [self-0003-0-attack] Visible enemy tiles: 10
2026-06-02 10:30:44 [self-0003-0-attack] Tiles: 30 / 47
2026-06-02 10:30:44 [self-0003-0-attack] Map: 18 x 19 Turn: 843
2026-06-02 10:30:44 [self-0003-0-attack] Route planned: Target = 116 Mode = defense city-free reachable tiles = 267 Fallback-Tiles = 269
2026-06-02 10:30:44 [self-0003-0-attack] Priority agent: edge reuse -36000 base = 180080 final = 144080
2026-06-02 10:30:44 [self-0003-0-attack] Move #825: 115 -> 116 | Army: 124 | Target-Terrain: 1 | Target: 116 | Half: False
2026-06-02 10:30:44 [self-0003-0-attack] My general index: 25
2026-06-02 10:30:44 [self-0003-0-attack] Enemy general index: None
2026-06-02 10:30:44 [self-0003-0-attack] Visible enemy tiles: 10
2026-06-02 10:30:44 [self-0003-0-attack] Tiles: 29 / 48
2026-06-02 10:30:44 [self-0003-0-attack] Map: 18 x 19 Turn: 844
2026-06-02 10:30:44 [self-0003-0-attack] Route planned: Target = 115 Mode = defense city-free reachable tiles = 267 Fallback-Tiles = 269
2026-06-02 10:30:44 [self-0003-0-attack] Priority agent: edge reuse -27000 base = 202480 final = 175480
2026-06-02 10:30:44 [self-0003-0-attack] Move #826: 114 -> 115 | Army: 106 | Target-Terrain: 1 | Target: 115 | Half: False
2026-06-02 10:30:45 [self-0003-0-attack] My general index: 25
2026-06-02 10:30:45 [self-0003-0-attack] Enemy general index: None
2026-06-02 10:30:45 [self-0003-0-attack] Visible enemy tiles: 10
2026-06-02 10:30:45 [self-0003-0-attack] Tiles: 29 / 48
2026-06-02 10:30:45 [self-0003-0-attack] Map: 18 x 19 Turn: 845
2026-06-02 10:30:45 [self-0003-0-attack] Route planned: Target = 114 Mode = defense city-free reachable tiles = 267 Fallback-Tiles = 269
2026-06-02 10:30:45 [self-0003-0-attack] Priority agent: edge reuse -9000 base = 164733 final = 155733
2026-06-02 10:30:45 [self-0003-0-attack] Move #827: 99 -> 117 | Army: 3 | Target-Terrain: 0 | Target: 114 | Half: False
2026-06-02 10:30:45 [self-0003-0-attack] My general index: 25
2026-06-02 10:30:45 [self-0003-0-attack] Enemy general index: None
2026-06-02 10:30:45 [self-0003-0-attack] Visible enemy tiles: 10
2026-06-02 10:30:45 [self-0003-0-attack] Tiles: 30 / 47
2026-06-02 10:30:45 [self-0003-0-attack] Map: 18 x 19 Turn: 846
2026-06-02 10:30:45 [self-0003-0-attack] Route planned: Target = 114 Mode = defense city-free reachable tiles = 267 Fallback-Tiles = 269
2026-06-02 10:30:45 [self-0003-0-attack] Priority agent: edge reuse -27000 base = 192080 final = 165080
2026-06-02 10:30:45 [self-0003-0-attack] Move #828: 115 -> 114 | Army: 106 | Target-Terrain: 1 | Target: 114 | Half: False
2026-06-02 10:30:46 [self-0003-0-attack] Coach: catch_up_expand tiles 29/48 army 771/903 cities 2/0 enemy_city_suspect False bias {'expansion_bias': 1.4, 'city_bias': 0.1, 'attack_bias': 0.8, 'defense_bias': 0.0, 'route_bias': 1.0}
2026-06-02 10:30:46 [self-0003-0-attack] My general index: 25
2026-06-02 10:30:46 [self-0003-0-attack] Enemy general index: None
2026-06-02 10:30:46 [self-0003-0-attack] Visible enemy tiles: 10
2026-06-02 10:30:46 [self-0003-0-attack] Tiles: 29 / 48
2026-06-02 10:30:46 [self-0003-0-attack] Map: 18 x 19 Turn: 847
2026-06-02 10:30:46 [self-0003-0-attack] Route planned: Target = 115 Mode = defense city-free reachable tiles = 267 Fallback-Tiles = 269
2026-06-02 10:30:46 [self-0003-0-attack] Priority agent: edge reuse -45000 base = 182480 final = 137480
2026-06-02 10:30:46 [self-0003-0-attack] Move #829: 116 -> 115 | Army: 128 | Target-Terrain: 1 | Target: 115 | Half: False
2026-06-02 10:30:46 [self-0003-0-attack] My general index: 25
2026-06-02 10:30:46 [self-0003-0-attack] Enemy general index: None
2026-06-02 10:30:46 [self-0003-0-attack] Visible enemy tiles: 10
2026-06-02 10:30:46 [self-0003-0-attack] Tiles: 29 / 48
2026-06-02 10:30:46 [self-0003-0-attack] Map: 18 x 19 Turn: 848
2026-06-02 10:30:46 [self-0003-0-attack] Route planned: Target = 116 Mode = defense city-free reachable tiles = 267 Fallback-Tiles = 269
2026-06-02 10:30:46 [self-0003-0-attack] Move #830: 78 -> 79 | Army: 134 | Target-Terrain: 1 | Target: 116 | Half: False
2026-06-02 10:30:47 [self-0003-0-attack] My general index: 25
2026-06-02 10:30:47 [self-0003-0-attack] Enemy general index: None
2026-06-02 10:30:47 [self-0003-0-attack] Visible enemy tiles: 10
2026-06-02 10:30:47 [self-0003-0-attack] Tiles: 29 / 48
2026-06-02 10:30:47 [self-0003-0-attack] Map: 18 x 19 Turn: 849
2026-06-02 10:30:47 [self-0003-0-attack] Route planned: Target = 116 Mode = defense city-free reachable tiles = 267 Fallback-Tiles = 269
2026-06-02 10:30:47 [self-0003-0-attack] Priority agent: flow +6000 base = 126400 final = 132400
2026-06-02 10:30:47 [self-0003-0-attack] Move #831: 79 -> 80 | Army: 134 | Target-Terrain: 1 | Target: 116 | Half: False
2026-06-02 10:30:47 [self-0003-0-attack] My general index: 25
2026-06-02 10:30:47 [self-0003-0-attack] Enemy general index: None
2026-06-02 10:30:47 [self-0003-0-attack] Visible enemy tiles: 10
2026-06-02 10:30:47 [self-0003-0-attack] Tiles: 29 / 48
2026-06-02 10:30:47 [self-0003-0-attack] Map: 18 x 19 Turn: 850
2026-06-02 10:30:47 [self-0003-0-attack] Route planned: Target = 116 Mode = defense city-free reachable tiles = 267 Fallback-Tiles = 269
2026-06-02 10:30:47 [self-0003-0-attack] Move #832: 98 -> 116 | Army: 2 | Target-Terrain: 1 | Target: 116 | Half: False
2026-06-02 10:30:48 [self-0003-0-attack] My general index: 25
2026-06-02 10:30:48 [self-0003-0-attack] Enemy general index: None
2026-06-02 10:30:48 [self-0003-0-attack] Visible enemy tiles: 10
2026-06-02 10:30:48 [self-0003-0-attack] Tiles: 29 / 48
2026-06-02 10:30:48 [self-0003-0-attack] Map: 18 x 19 Turn: 851
2026-06-02 10:30:48 [self-0003-0-attack] Route planned: Target = 116 Mode = defense city-free reachable tiles = 267 Fallback-Tiles = 269
2026-06-02 10:30:48 [self-0003-0-attack] Priority agent: edge reuse -54000 base = 180080 final = 126080
2026-06-02 10:30:48 [self-0003-0-attack] Move #833: 115 -> 116 | Army: 129 | Target-Terrain: 1 | Target: 116 | Half: False
2026-06-02 10:30:48 [self-0003-0-attack] My general index: 25
2026-06-02 10:30:48 [self-0003-0-attack] Enemy general index: None
2026-06-02 10:30:48 [self-0003-0-attack] Visible enemy tiles: 10
2026-06-02 10:30:48 [self-0003-0-attack] Tiles: 29 / 48
2026-06-02 10:30:48 [self-0003-0-attack] Map: 18 x 19 Turn: 852
2026-06-02 10:30:48 [self-0003-0-attack] Route planned: Target = 115 Mode = defense city-free reachable tiles = 267 Fallback-Tiles = 269
2026-06-02 10:30:48 [self-0003-0-attack] Move #834: 97 -> 115 | Army: 2 | Target-Terrain: 1 | Target: 115 | Half: False
2026-06-02 10:30:49 [self-0003-0-attack] My general index: 25
2026-06-02 10:30:49 [self-0003-0-attack] Enemy general index: None
2026-06-02 10:30:49 [self-0003-0-attack] Visible enemy tiles: 10
2026-06-02 10:30:49 [self-0003-0-attack] Tiles: 29 / 48
2026-06-02 10:30:49 [self-0003-0-attack] Map: 18 x 19 Turn: 853
2026-06-02 10:30:49 [self-0003-0-attack] Route planned: Target = 115 Mode = defense city-free reachable tiles = 267 Fallback-Tiles = 269
2026-06-02 10:30:49 [self-0003-0-attack] Move #835: 133 -> 115 | Army: 2 | Target-Terrain: 1 | Target: 115 | Half: False
2026-06-02 10:30:49 [self-0003-0-attack] My general index: 25
2026-06-02 10:30:49 [self-0003-0-attack] Enemy general index: None
2026-06-02 10:30:49 [self-0003-0-attack] Visible enemy tiles: 10
2026-06-02 10:30:49 [self-0003-0-attack] Tiles: 29 / 48
2026-06-02 10:30:49 [self-0003-0-attack] Map: 18 x 19 Turn: 854
2026-06-02 10:30:49 [self-0003-0-attack] Route planned: Target = 115 Mode = defense city-free reachable tiles = 267 Fallback-Tiles = 269
2026-06-02 10:30:49 [self-0003-0-attack] Priority agent: edge reuse -18000 base = 182480 final = 164480
2026-06-02 10:30:49 [self-0003-0-attack] Move #836: 114 -> 115 | Army: 107 | Target-Terrain: 1 | Target: 115 | Half: False
2026-06-02 10:30:50 [self-0003-0-attack] My general index: 25
2026-06-02 10:30:50 [self-0003-0-attack] Enemy general index: None
2026-06-02 10:30:50 [self-0003-0-attack] Visible enemy tiles: 10
2026-06-02 10:30:50 [self-0003-0-attack] Tiles: 29 / 48
2026-06-02 10:30:50 [self-0003-0-attack] Map: 18 x 19 Turn: 855
2026-06-02 10:30:50 [self-0003-0-attack] Route planned: Target = 114 Mode = defense city-free reachable tiles = 267 Fallback-Tiles = 269
2026-06-02 10:30:50 [self-0003-0-attack] Move #837: 96 -> 114 | Army: 2 | Target-Terrain: 1 | Target: 114 | Half: False
2026-06-02 10:30:50 [self-0003-0-attack] My general index: 25
2026-06-02 10:30:50 [self-0003-0-attack] Enemy general index: None
2026-06-02 10:30:50 [self-0003-0-attack] Visible enemy tiles: 10
2026-06-02 10:30:50 [self-0003-0-attack] Tiles: 29 / 48
2026-06-02 10:30:50 [self-0003-0-attack] Map: 18 x 19 Turn: 856
2026-06-02 10:30:50 [self-0003-0-attack] Route planned: Target = 114 Mode = defense city-free reachable tiles = 267 Fallback-Tiles = 269
2026-06-02 10:30:50 [self-0003-0-attack] Priority agent: edge reuse -9000 base = 164738 final = 155738
2026-06-02 10:30:50 [self-0003-0-attack] Move #838: 99 -> 117 | Army: 8 | Target-Terrain: 0 | Target: 114 | Half: False
2026-06-02 10:30:51 [self-0003-0-attack] My general index: 25
2026-06-02 10:30:51 [self-0003-0-attack] Enemy general index: None
2026-06-02 10:30:51 [self-0003-0-attack] Visible enemy tiles: 9
2026-06-02 10:30:51 [self-0003-0-attack] Tiles: 29 / 48
2026-06-02 10:30:51 [self-0003-0-attack] Map: 18 x 19 Turn: 857
2026-06-02 10:30:51 [self-0003-0-attack] Route planned: Target = 114 Mode = defense city-free reachable tiles = 267 Fallback-Tiles = 269
2026-06-02 10:30:51 [self-0003-0-attack] Priority agent: edge reuse -27000 base = 180080 final = 153080
2026-06-02 10:30:51 [self-0003-0-attack] Move #839: 115 -> 114 | Army: 109 | Target-Terrain: 1 | Target: 114 | Half: False
2026-06-02 10:30:51 [self-0003-0-attack] My general index: 25
2026-06-02 10:30:51 [self-0003-0-attack] Enemy general index: None
2026-06-02 10:30:51 [self-0003-0-attack] Visible enemy tiles: 9
2026-06-02 10:30:51 [self-0003-0-attack] Tiles: 29 / 48
2026-06-02 10:30:51 [self-0003-0-attack] Map: 18 x 19 Turn: 858
2026-06-02 10:30:51 [self-0003-0-attack] Route planned: Target = 115 Mode = defense city-free reachable tiles = 267 Fallback-Tiles = 269
2026-06-02 10:30:51 [self-0003-0-attack] Priority agent: edge reuse -18000 base = 182480 final = 164480
2026-06-02 10:30:51 [self-0003-0-attack] Move #840: 116 -> 115 | Army: 131 | Target-Terrain: 1 | Target: 115 | Half: False
2026-06-02 10:30:52 [self-0003-0-attack] My general index: 25
2026-06-02 10:30:52 [self-0003-0-attack] Enemy general index: None
2026-06-02 10:30:52 [self-0003-0-attack] Visible enemy tiles: 9
2026-06-02 10:30:52 [self-0003-0-attack] Tiles: 28 / 49
2026-06-02 10:30:52 [self-0003-0-attack] Map: 18 x 19 Turn: 859
2026-06-02 10:30:52 [self-0003-0-attack] Route planned: Target = 64 Mode = defense city-free reachable tiles = 267 Fallback-Tiles = 269
2026-06-02 10:30:52 [self-0003-0-attack] Move #841: 81 -> 82 | Army: 4 | Target-Terrain: 0 | Target: 64 | Half: False
2026-06-02 10:30:52 [self-0003-0-attack] My general index: 25
2026-06-02 10:30:52 [self-0003-0-attack] Enemy general index: None
2026-06-02 10:30:52 [self-0003-0-attack] Visible enemy tiles: 8
2026-06-02 10:30:52 [self-0003-0-attack] Tiles: 28 / 49
2026-06-02 10:30:52 [self-0003-0-attack] Map: 18 x 19 Turn: 860
2026-06-02 10:30:52 [self-0003-0-attack] Route planned: Target = 64 Mode = defense city-free reachable tiles = 267 Fallback-Tiles = 269
2026-06-02 10:30:52 [self-0003-0-attack] Move #842: 45 -> 63 | Army: 108 | Target-Terrain: 1 | Target: 64 | Half: False
2026-06-02 10:30:53 [self-0003-0-attack] My general index: 25
2026-06-02 10:30:53 [self-0003-0-attack] Enemy general index: None
2026-06-02 10:30:53 [self-0003-0-attack] Visible enemy tiles: 9
2026-06-02 10:30:53 [self-0003-0-attack] Tiles: 27 / 50
2026-06-02 10:30:53 [self-0003-0-attack] Map: 18 x 19 Turn: 861
2026-06-02 10:30:53 [self-0003-0-attack] Route planned: Target = 64 Mode = defense city-free reachable tiles = 267 Fallback-Tiles = 269
2026-06-02 10:30:53 [self-0003-0-attack] Priority agent: flow +6000 base = 272330 final = 278330
2026-06-02 10:30:53 [self-0003-0-attack] Move #843: 63 -> 64 | Army: 110 | Target-Terrain: 0 | Target: 64 | Half: False
2026-06-02 10:30:53 [self-0003-0-attack] My general index: 25
2026-06-02 10:30:53 [self-0003-0-attack] Enemy general index: None
2026-06-02 10:30:53 [self-0003-0-attack] Visible enemy tiles: 9
2026-06-02 10:30:53 [self-0003-0-attack] Tiles: 27 / 50
2026-06-02 10:30:53 [self-0003-0-attack] Map: 18 x 19 Turn: 862
2026-06-02 10:30:53 [self-0003-0-attack] Route planned: Target = 79 Mode = defense city-free reachable tiles = 267 Fallback-Tiles = 269
2026-06-02 10:30:53 [self-0003-0-attack] Priority agent: edge reuse -9000 base = 225880 final = 216880
2026-06-02 10:30:53 [self-0003-0-attack] Move #844: 80 -> 79 | Army: 135 | Target-Terrain: 1 | Target: 79 | Half: False
2026-06-02 10:30:54 [self-0003-0-attack] My general index: 25
2026-06-02 10:30:54 [self-0003-0-attack] Enemy general index: None
2026-06-02 10:30:54 [self-0003-0-attack] Visible enemy tiles: 10
2026-06-02 10:30:54 [self-0003-0-attack] Tiles: 26 / 51
2026-06-02 10:30:54 [self-0003-0-attack] Map: 18 x 19 Turn: 863
2026-06-02 10:30:54 [self-0003-0-attack] Route planned: Target = 45 Mode = defense city-free reachable tiles = 267 Fallback-Tiles = 269
2026-06-02 10:30:54 [self-0003-0-attack] Move #845: 27 -> 45 | Army: 75 | Target-Terrain: 1 | Target: 45 | Half: False
2026-06-02 10:30:54 [self-0003-0-attack] My general index: 25
2026-06-02 10:30:54 [self-0003-0-attack] Enemy general index: None
2026-06-02 10:30:54 [self-0003-0-attack] Visible enemy tiles: 11
2026-06-02 10:30:54 [self-0003-0-attack] Tiles: 25 / 52
2026-06-02 10:30:54 [self-0003-0-attack] Map: 18 x 19 Turn: 864
2026-06-02 10:30:54 [self-0003-0-attack] Route planned: Target = 61 Mode = defense city-free reachable tiles = 268 Fallback-Tiles = 269
2026-06-02 10:30:54 [self-0003-0-attack] Move #846: 79 -> 61 | Army: 136 | Target-Terrain: 1 | Target: 61 | Half: False
2026-06-02 10:30:55 [self-0003-0-attack] My general index: 25
2026-06-02 10:30:55 [self-0003-0-attack] Enemy general index: None
2026-06-02 10:30:55 [self-0003-0-attack] Visible enemy tiles: 12
2026-06-02 10:30:55 [self-0003-0-attack] Tiles: 24 / 53
2026-06-02 10:30:55 [self-0003-0-attack] Map: 18 x 19 Turn: 865
2026-06-02 10:30:55 [self-0003-0-attack] Route planned: Target = 27 Mode = defense city-free reachable tiles = 267 Fallback-Tiles = 269
2026-06-02 10:30:55 [self-0003-0-attack] Move #847: 9 -> 27 | Army: 7 | Target-Terrain: 1 | Target: 27 | Half: False
2026-06-02 10:30:55 [self-0003-0-attack] My general index: 25
2026-06-02 10:30:55 [self-0003-0-attack] Enemy general index: None
2026-06-02 10:30:55 [self-0003-0-attack] Visible enemy tiles: 13
2026-06-02 10:30:55 [self-0003-0-attack] Tiles: 23 / 54
2026-06-02 10:30:55 [self-0003-0-attack] Map: 18 x 19 Turn: 866
2026-06-02 10:30:55 [self-0003-0-attack] Route planned: Target = 27 Mode = defense city-free reachable tiles = 267 Fallback-Tiles = 269
2026-06-02 10:30:55 [self-0003-0-attack] Move #848: 26 -> 27 | Army: 7 | Target-Terrain: 1 | Target: 27 | Half: False
2026-06-02 10:30:56 [self-0003-0-attack] My general index: 25
2026-06-02 10:30:56 [self-0003-0-attack] Enemy general index: None
2026-06-02 10:30:56 [self-0003-0-attack] Visible enemy tiles: 14
2026-06-02 10:30:56 [self-0003-0-attack] Tiles: 22 / 55
2026-06-02 10:30:56 [self-0003-0-attack] Map: 18 x 19 Turn: 867
2026-06-02 10:30:56 [self-0003-0-attack] Route planned: Target = 27 Mode = defense city-free reachable tiles = 267 Fallback-Tiles = 269
2026-06-02 10:30:56 [self-0003-0-attack] Priority agent: edge reuse -9000 base = 193875 final = 184875
2026-06-02 10:30:56 [self-0003-0-attack] Move #849: 45 -> 27 | Army: 75 | Target-Terrain: 1 | Target: 27 | Half: False
2026-06-02 10:30:56 [self-0003-0-attack] My general index: 25
2026-06-02 10:30:56 [self-0003-0-attack] Enemy general index: None
2026-06-02 10:30:56 [self-0003-0-attack] Visible enemy tiles: 14
2026-06-02 10:30:56 [self-0003-0-attack] Tiles: 22 / 55
2026-06-02 10:30:56 [self-0003-0-attack] Map: 18 x 19 Turn: 868
2026-06-02 10:30:56 [self-0003-0-attack] Route planned: Target = 45 Mode = defense city-free reachable tiles = 267 Fallback-Tiles = 269
2026-06-02 10:30:56 [self-0003-0-attack] Move #850: 61 -> 62 | Army: 160 | Target-Terrain: 0 | Target: 45 | Half: False
2026-06-02 10:30:57 [self-0003-0-attack] My general index: 25
2026-06-02 10:30:57 [self-0003-0-attack] Enemy general index: None
2026-06-02 10:30:57 [self-0003-0-attack] Visible enemy tiles: 13
2026-06-02 10:30:57 [self-0003-0-attack] Tiles: 23 / 54
2026-06-02 10:30:57 [self-0003-0-attack] Map: 18 x 19 Turn: 869
2026-06-02 10:30:57 [self-0003-0-attack] Route planned: Target = 61 Mode = defense city-free reachable tiles = 268 Fallback-Tiles = 269
2026-06-02 10:30:57 [self-0003-0-attack] Priority agent: reverse -35000, edge reuse -9000 base = 235530 final = 191530
2026-06-02 10:30:57 [self-0003-0-attack] Move #851: 62 -> 61 | Army: 158 | Target-Terrain: 1 | Target: 61 | Half: False
2026-06-02 10:30:57 [self-0003-0-attack] My general index: 25
2026-06-02 10:30:57 [self-0003-0-attack] Enemy general index: None
2026-06-02 10:30:57 [self-0003-0-attack] Visible enemy tiles: 13
2026-06-02 10:30:57 [self-0003-0-attack] Tiles: 23 / 54
2026-06-02 10:30:57 [self-0003-0-attack] Map: 18 x 19 Turn: 870
2026-06-02 10:30:57 [self-0003-0-attack] Route planned: Target = 45 Mode = defense city-free reachable tiles = 267 Fallback-Tiles = 269
2026-06-02 10:30:57 [self-0003-0-attack] Priority agent: edge reuse -18000 base = 192080 final = 174080
2026-06-02 10:30:57 [self-0003-0-attack] Move #852: 27 -> 45 | Army: 87 | Target-Terrain: 1 | Target: 45 | Half: False
2026-06-02 10:30:58 [self-0003-0-attack] My general index: 25
2026-06-02 10:30:58 [self-0003-0-attack] Enemy general index: None
2026-06-02 10:30:58 [self-0003-0-attack] Visible enemy tiles: 13
2026-06-02 10:30:58 [self-0003-0-attack] Tiles: 23 / 54
2026-06-02 10:30:58 [self-0003-0-attack] Map: 18 x 19 Turn: 871
2026-06-02 10:30:58 [self-0003-0-attack] Route planned: Target = 27 Mode = defense city-free reachable tiles = 267 Fallback-Tiles = 269
2026-06-02 10:30:58 [self-0003-0-attack] Move #853: 99 -> 81 | Army: 8 | Target-Terrain: 0 | Target: 27 | Half: False
2026-06-02 10:30:58 [self-0003-0-attack] My general index: 25
2026-06-02 10:30:58 [self-0003-0-attack] Enemy general index: None
2026-06-02 10:30:58 [self-0003-0-attack] Visible enemy tiles: 12
2026-06-02 10:30:58 [self-0003-0-attack] Tiles: 24 / 53
2026-06-02 10:30:58 [self-0003-0-attack] Map: 18 x 19 Turn: 872
2026-06-02 10:30:58 [self-0003-0-attack] Route planned: Target = 27 Mode = defense city-free reachable tiles = 267 Fallback-Tiles = 269
2026-06-02 10:30:58 [self-0003-0-attack] Priority agent: flow +6000 base = 163176 final = 169176
2026-06-02 10:30:58 [self-0003-0-attack] Move #854: 81 -> 63 | Army: 6 | Target-Terrain: 0 | Target: 27 | Half: False
2026-06-02 10:30:59 [self-0003-0-attack] My general index: 25
2026-06-02 10:30:59 [self-0003-0-attack] Enemy general index: None
2026-06-02 10:30:59 [self-0003-0-attack] Visible enemy tiles: 11
2026-06-02 10:30:59 [self-0003-0-attack] Tiles: 25 / 52
2026-06-02 10:30:59 [self-0003-0-attack] Map: 18 x 19 Turn: 873
2026-06-02 10:30:59 [self-0003-0-attack] Route planned: Target = 27 Mode = defense city-free reachable tiles = 267 Fallback-Tiles = 269
2026-06-02 10:30:59 [self-0003-0-attack] Move #855: 115 -> 116 | Army: 131 | Target-Terrain: 0 | Target: 27 | Half: False
2026-06-02 10:30:59 [self-0003-0-attack] My general index: 25
2026-06-02 10:30:59 [self-0003-0-attack] Enemy general index: None
2026-06-02 10:30:59 [self-0003-0-attack] Visible enemy tiles: 11
2026-06-02 10:30:59 [self-0003-0-attack] Tiles: 26 / 51
2026-06-02 10:30:59 [self-0003-0-attack] Map: 18 x 19 Turn: 874
2026-06-02 10:30:59 [self-0003-0-attack] Route planned: Target = 27 Mode = defense city-free reachable tiles = 267 Fallback-Tiles = 269
2026-06-02 10:30:59 [self-0003-0-attack] Priority agent: flow +6000 base = 168230 final = 174230
2026-06-02 10:30:59 [self-0003-0-attack] Move #856: 116 -> 98 | Army: 129 | Target-Terrain: 0 | Target: 27 | Half: False
2026-06-02 10:31:00 [self-0003-0-attack] My general index: 25
2026-06-02 10:31:00 [self-0003-0-attack] Enemy general index: None
2026-06-02 10:31:00 [self-0003-0-attack] Visible enemy tiles: 10
2026-06-02 10:31:00 [self-0003-0-attack] Tiles: 27 / 50
2026-06-02 10:31:00 [self-0003-0-attack] Map: 18 x 19 Turn: 875
2026-06-02 10:31:00 [self-0003-0-attack] Route planned: Target = 27 Mode = defense city-free reachable tiles = 267 Fallback-Tiles = 269
2026-06-02 10:31:00 [self-0003-0-attack] Priority agent: flow +6000 base = 167970 final = 173970
2026-06-02 10:31:00 [self-0003-0-attack] Move #857: 98 -> 80 | Army: 127 | Target-Terrain: 0 | Target: 27 | Half: False
2026-06-02 10:31:00 [self-0003-0-attack] My general index: 25
2026-06-02 10:31:00 [self-0003-0-attack] Enemy general index: None
2026-06-02 10:31:00 [self-0003-0-attack] Visible enemy tiles: 9
2026-06-02 10:31:00 [self-0003-0-attack] Tiles: 27 / 50
2026-06-02 10:31:00 [self-0003-0-attack] Map: 18 x 19 Turn: 876
2026-06-02 10:31:00 [self-0003-0-attack] Route planned: Target = 27 Mode = defense city-free reachable tiles = 267 Fallback-Tiles = 269
2026-06-02 10:31:00 [self-0003-0-attack] Priority agent: edge reuse -27000 base = 178880 final = 151880
2026-06-02 10:31:00 [self-0003-0-attack] Move #858: 45 -> 27 | Army: 87 | Target-Terrain: 1 | Target: 27 | Half: False
2026-06-02 10:31:01 [self-0003-0-attack] My general index: 25
2026-06-02 10:31:01 [self-0003-0-attack] Enemy general index: None
2026-06-02 10:31:01 [self-0003-0-attack] Visible enemy tiles: 10
2026-06-02 10:31:01 [self-0003-0-attack] Tiles: 26 / 51
2026-06-02 10:31:01 [self-0003-0-attack] Map: 18 x 19 Turn: 877
2026-06-02 10:31:01 [self-0003-0-attack] Route planned: Target = 45 Mode = defense city-free reachable tiles = 267 Fallback-Tiles = 269
2026-06-02 10:31:01 [self-0003-0-attack] Move #859: 63 -> 45 | Army: 4 | Target-Terrain: 1 | Target: 45 | Half: False
2026-06-02 10:31:01 [self-0003-0-attack] My general index: 25
2026-06-02 10:31:01 [self-0003-0-attack] Enemy general index: None
2026-06-02 10:31:01 [self-0003-0-attack] Visible enemy tiles: 10
2026-06-02 10:31:01 [self-0003-0-attack] Tiles: 26 / 51
2026-06-02 10:31:01 [self-0003-0-attack] Map: 18 x 19 Turn: 878
2026-06-02 10:31:01 [self-0003-0-attack] Route planned: Target = 45 Mode = defense city-free reachable tiles = 267 Fallback-Tiles = 269
2026-06-02 10:31:01 [self-0003-0-attack] Priority agent: edge reuse -27000 base = 180080 final = 153080
2026-06-02 10:31:01 [self-0003-0-attack] Move #860: 27 -> 45 | Army: 87 | Target-Terrain: 1 | Target: 45 | Half: False
2026-06-02 10:31:02 [self-0003-0-attack] My general index: 25
2026-06-02 10:31:02 [self-0003-0-attack] Enemy general index: None
2026-06-02 10:31:02 [self-0003-0-attack] Visible enemy tiles: 10
2026-06-02 10:31:02 [self-0003-0-attack] Tiles: 26 / 51
2026-06-02 10:31:02 [self-0003-0-attack] Map: 18 x 19 Turn: 879
2026-06-02 10:31:02 [self-0003-0-attack] Route planned: Target = 27 Mode = defense city-free reachable tiles = 267 Fallback-Tiles = 269
2026-06-02 10:31:02 [self-0003-0-attack] Move #861: 59 -> 41 | Army: 2 | Target-Terrain: -1 | Target: 27 | Half: False
2026-06-02 10:31:02 [self-0003-0-attack] My general index: 25
2026-06-02 10:31:02 [self-0003-0-attack] Enemy general index: None
2026-06-02 10:31:02 [self-0003-0-attack] Visible enemy tiles: 10
2026-06-02 10:31:02 [self-0003-0-attack] Tiles: 27 / 51
2026-06-02 10:31:02 [self-0003-0-attack] Map: 18 x 19 Turn: 880
2026-06-02 10:31:02 [self-0003-0-attack] Route planned: Target = 27 Mode = defense city-free reachable tiles = 267 Fallback-Tiles = 269
2026-06-02 10:31:02 [self-0003-0-attack] Priority agent: edge reuse -36000 base = 178880 final = 142880
2026-06-02 10:31:02 [self-0003-0-attack] Move #862: 45 -> 27 | Army: 90 | Target-Terrain: 1 | Target: 27 | Half: False
2026-06-02 10:31:03 [self-0003-0-attack] My general index: 25
2026-06-02 10:31:03 [self-0003-0-attack] Enemy general index: None
2026-06-02 10:31:03 [self-0003-0-attack] Visible enemy tiles: 10
2026-06-02 10:31:03 [self-0003-0-attack] Tiles: 27 / 51
2026-06-02 10:31:03 [self-0003-0-attack] Map: 18 x 19 Turn: 881
2026-06-02 10:31:03 [self-0003-0-attack] Route planned: Target = 45 Mode = defense city-free reachable tiles = 267 Fallback-Tiles = 269
2026-06-02 10:31:03 [self-0003-0-attack] Move #863: 114 -> 115 | Army: 110 | Target-Terrain: 1 | Target: 45 | Half: False
2026-06-02 10:31:03 [self-0003-0-attack] My general index: 25
2026-06-02 10:31:03 [self-0003-0-attack] Enemy general index: None
2026-06-02 10:31:03 [self-0003-0-attack] Visible enemy tiles: 10
2026-06-02 10:31:03 [self-0003-0-attack] Tiles: 27 / 51
2026-06-02 10:31:03 [self-0003-0-attack] Map: 18 x 19 Turn: 882
2026-06-02 10:31:03 [self-0003-0-attack] Route planned: Target = 45 Mode = defense city-free reachable tiles = 267 Fallback-Tiles = 269
2026-06-02 10:31:03 [self-0003-0-attack] Priority agent: edge reuse -9000, flow +6000 base = 174530 final = 171530
2026-06-02 10:31:03 [self-0003-0-attack] Move #864: 115 -> 116 | Army: 110 | Target-Terrain: 0 | Target: 45 | Half: False
2026-06-02 10:31:04 [self-0003-0-attack] My general index: 25
2026-06-02 10:31:04 [self-0003-0-attack] Enemy general index: None
2026-06-02 10:31:04 [self-0003-0-attack] Visible enemy tiles: 11
2026-06-02 10:31:04 [self-0003-0-attack] Tiles: 27 / 51
2026-06-02 10:31:04 [self-0003-0-attack] Map: 18 x 19 Turn: 883
2026-06-02 10:31:04 [self-0003-0-attack] Route planned: Target = 60 Mode = defense city-free reachable tiles = 267 Fallback-Tiles = 269
2026-06-02 10:31:04 [self-0003-0-attack] Move #865: 42 -> 60 | Army: 2 | Target-Terrain: 1 | Target: 60 | Half: False
2026-06-02 10:31:04 [self-0003-0-attack] My general index: 25
2026-06-02 10:31:04 [self-0003-0-attack] Enemy general index: None
2026-06-02 10:31:04 [self-0003-0-attack] Visible enemy tiles: 11
2026-06-02 10:31:04 [self-0003-0-attack] Tiles: 26 / 52
2026-06-02 10:31:04 [self-0003-0-attack] Map: 18 x 19 Turn: 884
2026-06-02 10:31:04 [self-0003-0-attack] Route planned: Target = 60 Mode = defense city-free reachable tiles = 267 Fallback-Tiles = 269
2026-06-02 10:31:04 [self-0003-0-attack] Move #866: 78 -> 60 | Army: 2 | Target-Terrain: 1 | Target: 60 | Half: False
2026-06-02 10:31:05 [self-0003-0-attack] My general index: 25
2026-06-02 10:31:05 [self-0003-0-attack] Enemy general index: None
2026-06-02 10:31:05 [self-0003-0-attack] Visible enemy tiles: 11
2026-06-02 10:31:05 [self-0003-0-attack] Tiles: 26 / 52
2026-06-02 10:31:05 [self-0003-0-attack] Map: 18 x 19 Turn: 885
2026-06-02 10:31:05 [self-0003-0-attack] Route planned: Target = 60 Mode = defense city-free reachable tiles = 267 Fallback-Tiles = 269
2026-06-02 10:31:05 [self-0003-0-attack] Move #867: 61 -> 60 | Army: 166 | Target-Terrain: 1 | Target: 60 | Half: False
2026-06-02 10:31:05 [self-0003-0-attack] My general index: 25
2026-06-02 10:31:05 [self-0003-0-attack] Enemy general index: None
2026-06-02 10:31:05 [self-0003-0-attack] Visible enemy tiles: 11
2026-06-02 10:31:05 [self-0003-0-attack] Tiles: 26 / 52
2026-06-02 10:31:05 [self-0003-0-attack] Map: 18 x 19 Turn: 886
2026-06-02 10:31:05 [self-0003-0-attack] Route planned: Target = 61 Mode = defense city-free reachable tiles = 268 Fallback-Tiles = 269
2026-06-02 10:31:05 [self-0003-0-attack] Priority agent: reverse -35000, edge reuse -9000 base = 235530 final = 191530
2026-06-02 10:31:05 [self-0003-0-attack] Move #868: 60 -> 61 | Army: 172 | Target-Terrain: 1 | Target: 61 | Half: False
2026-06-02 10:31:06 [self-0003-0-attack] My general index: 25
2026-06-02 10:31:06 [self-0003-0-attack] Enemy general index: None
2026-06-02 10:31:06 [self-0003-0-attack] Visible enemy tiles: 11
2026-06-02 10:31:06 [self-0003-0-attack] Tiles: 26 / 52
2026-06-02 10:31:06 [self-0003-0-attack] Map: 18 x 19 Turn: 887
2026-06-02 10:31:06 [self-0003-0-attack] Route planned: Target = 45 Mode = defense city-free reachable tiles = 267 Fallback-Tiles = 269
2026-06-02 10:31:06 [self-0003-0-attack] Priority agent: edge reuse -9000 base = 168770 final = 159770
2026-06-02 10:31:06 [self-0003-0-attack] Move #869: 116 -> 98 | Army: 108 | Target-Terrain: 0 | Target: 45 | Half: False
2026-06-02 10:31:06 [self-0003-0-attack] My general index: 25
2026-06-02 10:31:06 [self-0003-0-attack] Enemy general index: None
2026-06-02 10:31:06 [self-0003-0-attack] Visible enemy tiles: 10
2026-06-02 10:31:06 [self-0003-0-attack] Tiles: 27 / 51
2026-06-02 10:31:06 [self-0003-0-attack] Map: 18 x 19 Turn: 888
2026-06-02 10:31:06 [self-0003-0-attack] Route planned: Target = 45 Mode = defense city-free reachable tiles = 267 Fallback-Tiles = 269
2026-06-02 10:31:06 [self-0003-0-attack] Priority agent: edge reuse -27000 base = 180080 final = 153080
2026-06-02 10:31:06 [self-0003-0-attack] Move #870: 27 -> 45 | Army: 90 | Target-Terrain: 1 | Target: 45 | Half: False
2026-06-02 10:31:07 [self-0003-0-attack] My general index: 25
2026-06-02 10:31:07 [self-0003-0-attack] Enemy general index: None
2026-06-02 10:31:07 [self-0003-0-attack] Visible enemy tiles: 8
2026-06-02 10:31:07 [self-0003-0-attack] Tiles: 26 / 52
2026-06-02 10:31:07 [self-0003-0-attack] Map: 18 x 19 Turn: 889
2026-06-02 10:31:07 [self-0003-0-attack] Route planned: Target = 27 Mode = defense city-free reachable tiles = 267 Fallback-Tiles = 269
2026-06-02 10:31:07 [self-0003-0-attack] Move #871: 98 -> 99 | Army: 105 | Target-Terrain: 1 | Target: 27 | Half: False
2026-06-02 10:31:07 [self-0003-0-attack] My general index: 25
2026-06-02 10:31:07 [self-0003-0-attack] Enemy general index: None
2026-06-02 10:31:07 [self-0003-0-attack] Visible enemy tiles: 8
2026-06-02 10:31:07 [self-0003-0-attack] Tiles: 26 / 52
2026-06-02 10:31:07 [self-0003-0-attack] Map: 18 x 19 Turn: 890
2026-06-02 10:31:07 [self-0003-0-attack] Route planned: Target = 27 Mode = defense city-free reachable tiles = 267 Fallback-Tiles = 269
2026-06-02 10:31:07 [self-0003-0-attack] Priority agent: edge reuse -36000 base = 178880 final = 142880
2026-06-02 10:31:07 [self-0003-0-attack] Move #872: 45 -> 27 | Army: 90 | Target-Terrain: 1 | Target: 27 | Half: False
2026-06-02 10:31:08 [self-0003-0-attack] My general index: 25
2026-06-02 10:31:08 [self-0003-0-attack] Enemy general index: None
2026-06-02 10:31:08 [self-0003-0-attack] Visible enemy tiles: 9
2026-06-02 10:31:08 [self-0003-0-attack] Tiles: 25 / 53
2026-06-02 10:31:08 [self-0003-0-attack] Map: 18 x 19 Turn: 891
2026-06-02 10:31:08 [self-0003-0-attack] Route planned: Target = 45 Mode = defense city-free reachable tiles = 267 Fallback-Tiles = 269
2026-06-02 10:31:08 [self-0003-0-attack] Move #873: 80 -> 62 | Army: 125 | Target-Terrain: 1 | Target: 45 | Half: False
2026-06-02 10:31:08 [self-0003-0-attack] My general index: 25
2026-06-02 10:31:08 [self-0003-0-attack] Enemy general index: None
2026-06-02 10:31:08 [self-0003-0-attack] Visible enemy tiles: 9
2026-06-02 10:31:08 [self-0003-0-attack] Tiles: 25 / 53
2026-06-02 10:31:08 [self-0003-0-attack] Map: 18 x 19 Turn: 892
2026-06-02 10:31:08 [self-0003-0-attack] Route planned: Target = 45 Mode = defense city-free reachable tiles = 267 Fallback-Tiles = 269
2026-06-02 10:31:08 [self-0003-0-attack] Priority agent: edge reuse -36000 base = 180080 final = 144080
2026-06-02 10:31:08 [self-0003-0-attack] Move #874: 27 -> 45 | Army: 90 | Target-Terrain: 1 | Target: 45 | Half: False
2026-06-02 10:31:09 [self-0003-0-attack] My general index: 25
2026-06-02 10:31:09 [self-0003-0-attack] Enemy general index: None
2026-06-02 10:31:09 [self-0003-0-attack] Visible enemy tiles: 9
2026-06-02 10:31:09 [self-0003-0-attack] Tiles: 25 / 53
2026-06-02 10:31:09 [self-0003-0-attack] Map: 18 x 19 Turn: 893
2026-06-02 10:31:09 [self-0003-0-attack] Route planned: Target = 27 Mode = defense city-free reachable tiles = 267 Fallback-Tiles = 269
2026-06-02 10:31:09 [self-0003-0-attack] Move #875: 77 -> 78 | Army: 2 | Target-Terrain: 1 | Target: 27 | Half: False
2026-06-02 10:31:09 [self-0003-0-attack] My general index: 25
2026-06-02 10:31:09 [self-0003-0-attack] Enemy general index: None
2026-06-02 10:31:09 [self-0003-0-attack] Visible enemy tiles: 9
2026-06-02 10:31:09 [self-0003-0-attack] Tiles: 25 / 53
2026-06-02 10:31:09 [self-0003-0-attack] Map: 18 x 19 Turn: 894
2026-06-02 10:31:09 [self-0003-0-attack] Route planned: Target = 27 Mode = defense city-free reachable tiles = 267 Fallback-Tiles = 269
2026-06-02 10:31:09 [self-0003-0-attack] Priority agent: edge reuse -36000 base = 178880 final = 142880
2026-06-02 10:31:09 [self-0003-0-attack] Move #876: 45 -> 27 | Army: 90 | Target-Terrain: 1 | Target: 27 | Half: False
2026-06-02 10:31:10 [self-0003-0-attack] My general index: 25
2026-06-02 10:31:10 [self-0003-0-attack] Enemy general index: None
2026-06-02 10:31:10 [self-0003-0-attack] Visible enemy tiles: 9
2026-06-02 10:31:10 [self-0003-0-attack] Tiles: 25 / 53
2026-06-02 10:31:10 [self-0003-0-attack] Map: 18 x 19 Turn: 895
2026-06-02 10:31:10 [self-0003-0-attack] Route planned: Target = 45 Mode = defense city-free reachable tiles = 267 Fallback-Tiles = 269
2026-06-02 10:31:10 [self-0003-0-attack] Move #877: 62 -> 63 | Army: 125 | Target-Terrain: 1 | Target: 45 | Half: False
2026-06-02 10:31:10 [self-0003-0-attack] My general index: 25
2026-06-02 10:31:10 [self-0003-0-attack] Enemy general index: None
2026-06-02 10:31:10 [self-0003-0-attack] Visible enemy tiles: 9
2026-06-02 10:31:10 [self-0003-0-attack] Tiles: 25 / 53
2026-06-02 10:31:10 [self-0003-0-attack] Map: 18 x 19 Turn: 896
2026-06-02 10:31:10 [self-0003-0-attack] Route planned: Target = 45 Mode = defense city-free reachable tiles = 267 Fallback-Tiles = 269
2026-06-02 10:31:11 [self-0003-0-attack] Priority agent: flow +6000 base = 218180 final = 224180
2026-06-02 10:31:11 [self-0003-0-attack] Move #878: 63 -> 45 | Army: 125 | Target-Terrain: 1 | Target: 45 | Half: False
2026-06-02 10:31:11 [self-0003-0-attack] Coach: catch_up_expand tiles 25/53 army 838/964 cities 2/0 enemy_city_suspect False bias {'expansion_bias': 1.4, 'city_bias': 0.1, 'attack_bias': 0.8, 'defense_bias': 0.0, 'route_bias': 1.0}
2026-06-02 10:31:11 [self-0003-0-attack] My general index: 25
2026-06-02 10:31:11 [self-0003-0-attack] Enemy general index: None
2026-06-02 10:31:11 [self-0003-0-attack] Visible enemy tiles: 9
2026-06-02 10:31:11 [self-0003-0-attack] Tiles: 25 / 53
2026-06-02 10:31:11 [self-0003-0-attack] Map: 18 x 19 Turn: 897
2026-06-02 10:31:11 [self-0003-0-attack] Route planned: Target = 60 Mode = defense city-free reachable tiles = 267 Fallback-Tiles = 269
2026-06-02 10:31:11 [self-0003-0-attack] Priority agent: edge reuse -9000 base = 214102 final = 205102
2026-06-02 10:31:11 [self-0003-0-attack] Move #879: 78 -> 60 | Army: 2 | Target-Terrain: 1 | Target: 60 | Half: False
2026-06-02 10:31:11 [self-0003-0-attack] My general index: 25
2026-06-02 10:31:11 [self-0003-0-attack] Enemy general index: None
2026-06-02 10:31:11 [self-0003-0-attack] Visible enemy tiles: 9
2026-06-02 10:31:11 [self-0003-0-attack] Tiles: 25 / 53
2026-06-02 10:31:11 [self-0003-0-attack] Map: 18 x 19 Turn: 898
2026-06-02 10:31:11 [self-0003-0-attack] Route planned: Target = 60 Mode = defense city-free reachable tiles = 267 Fallback-Tiles = 269
2026-06-02 10:31:11 [self-0003-0-attack] Priority agent: edge reuse -18000 base = 184030 final = 166030
2026-06-02 10:31:11 [self-0003-0-attack] Move #880: 61 -> 60 | Army: 179 | Target-Terrain: 1 | Target: 60 | Half: False
2026-06-02 10:31:12 [self-0003-0-attack] My general index: 25
2026-06-02 10:31:12 [self-0003-0-attack] Enemy general index: None
2026-06-02 10:31:12 [self-0003-0-attack] Visible enemy tiles: 9
2026-06-02 10:31:12 [self-0003-0-attack] Tiles: 25 / 53
2026-06-02 10:31:12 [self-0003-0-attack] Map: 18 x 19 Turn: 899
2026-06-02 10:31:12 [self-0003-0-attack] Route planned: Target = 61 Mode = defense city-free reachable tiles = 268 Fallback-Tiles = 269
2026-06-02 10:31:12 [self-0003-0-attack] Priority agent: edge reuse -9000 base = 175360 final = 166360
2026-06-02 10:31:12 [self-0003-0-attack] Move #881: 99 -> 98 | Army: 119 | Target-Terrain: 0 | Target: 61 | Half: False
2026-06-02 10:31:12 [self-0003-0-attack] My general index: 25
2026-06-02 10:31:12 [self-0003-0-attack] Enemy general index: None
2026-06-02 10:31:12 [self-0003-0-attack] Visible enemy tiles: 8
2026-06-02 10:31:12 [self-0003-0-attack] Tiles: 26 / 52
2026-06-02 10:31:12 [self-0003-0-attack] Map: 18 x 19 Turn: 900
2026-06-02 10:31:12 [self-0003-0-attack] Route planned: Target = 61 Mode = defense city-free reachable tiles = 268 Fallback-Tiles = 269
2026-06-02 10:31:12 [self-0003-0-attack] Priority agent: edge reuse -18000 base = 222930 final = 204930
2026-06-02 10:31:12 [self-0003-0-attack] Move #882: 60 -> 61 | Army: 181 | Target-Terrain: 1 | Target: 61 | Half: False
2026-06-02 10:31:13 [self-0003-0-attack] My general index: 25
2026-06-02 10:31:13 [self-0003-0-attack] Enemy general index: None
2026-06-02 10:31:13 [self-0003-0-attack] Visible enemy tiles: 8
2026-06-02 10:31:13 [self-0003-0-attack] Tiles: 26 / 52
2026-06-02 10:31:13 [self-0003-0-attack] Map: 18 x 19 Turn: 901
2026-06-02 10:31:13 [self-0003-0-attack] Route planned: Target = 62 Mode = defense city-free reachable tiles = 267 Fallback-Tiles = 269
2026-06-02 10:31:13 [self-0003-0-attack] Priority agent: flow +6000 base = 213230 final = 219230
2026-06-02 10:31:13 [self-0003-0-attack] Move #883: 61 -> 62 | Army: 183 | Target-Terrain: 1 | Target: 62 | Half: False
2026-06-02 10:31:13 [self-0003-0-attack] My general index: 25
2026-06-02 10:31:13 [self-0003-0-attack] Enemy general index: None
2026-06-02 10:31:13 [self-0003-0-attack] Visible enemy tiles: 8
2026-06-02 10:31:13 [self-0003-0-attack] Tiles: 26 / 52
2026-06-02 10:31:13 [self-0003-0-attack] Map: 18 x 19 Turn: 902
2026-06-02 10:31:13 [self-0003-0-attack] Route planned: Target = 61 Mode = defense city-free reachable tiles = 268 Fallback-Tiles = 269
2026-06-02 10:31:13 [self-0003-0-attack] Priority agent: reverse -35000, edge reuse -9000 base = 235530 final = 191530
2026-06-02 10:31:13 [self-0003-0-attack] Move #884: 62 -> 61 | Army: 184 | Target-Terrain: 1 | Target: 61 | Half: False
2026-06-02 10:31:14 [self-0003-0-attack] My general index: 25
2026-06-02 10:31:14 [self-0003-0-attack] Enemy general index: None
2026-06-02 10:31:14 [self-0003-0-attack] Visible enemy tiles: 8
2026-06-02 10:31:14 [self-0003-0-attack] Tiles: 26 / 52
2026-06-02 10:31:14 [self-0003-0-attack] Map: 18 x 19 Turn: 903
2026-06-02 10:31:14 [self-0003-0-attack] Route planned: Target = 60 Mode = defense city-free reachable tiles = 267 Fallback-Tiles = 269
2026-06-02 10:31:14 [self-0003-0-attack] Move #885: 42 -> 60 | Army: 2 | Target-Terrain: 1 | Target: 60 | Half: False
